"name","Escape","p_adj"
"S2C",0.0722428281957018,1.69844648086238e-48
"S2F",0.214896942879658,1
"S2H",0.42262543870862,1.21413967182079e-19
"S2I",1,1e-300
"S2N",0.509636558442748,3.05532810814505e-94
"S2P",0.0813075637462456,6.05245313062025e-32
"S2T",0.14182074183853,2.78936615726141e-07
"S2Y",0.169264498586853,1
"D3A",0.457563948876223,3.52292199271631e-137
"D3C",0.233123204452968,0.000220847814263362
"D3E",0.161969458293269,1.39641557837145e-05
"D3F",0.143102606993539,2.21563267557471e-12
"D3G",0.258660399123726,0.577834998468432
"D3H",0.143509054727662,6.21333661711777e-12
"D3I",0.149762189490178,0.323709488119686
"D3K",0.118263674464659,5.69919918337895e-22
"D3L",0.1414273546151,2.63324241028661e-09
"D3M",0.274098066209143,4.18596454795885e-41
"D3N",0.453660518610234,2.16065065457012e-118
"D3P",0.0885897832406524,2.09076612723299e-06
"D3Q",0.13524924841119,0.00271673960120394
"D3R",0.0862256101095916,2.51975923198727e-143
"D3S",0.414557692465428,6.50685399847758e-119
"D3T",0.100913568082244,2.29733120507534e-45
"D3V",0.0958137996366534,2.91463574101405e-18
"D3W",0.258414872428632,2.28421700169762e-25
"D3Y",0.300430707536333,1.89043826637737e-14
"N4A",0.871824987610182,1e-300
"N4C",0.113408822817417,9.95905692141739e-58
"N4D",0.0739591289127109,7.82974290270176e-253
"N4E",0.850914420499273,1e-300
"N4F",0.0738195928313259,3.957344123135e-127
"N4G",0.048889376080658,4.0677944939647e-30
"N4H",0.0532591630417061,6.60615060884929e-64
"N4I",0.0288181314428876,1e-300
"N4K",0.319093381605416,4.72028086563501e-99
"N4L",0.00849661375470669,1e-300
"N4M",0.170696559355265,1
"N4P",0.0580041962409811,5.83603889102644e-22
"N4Q",0.0896470357765125,9.71966558294459e-43
"N4R",0.130025548695108,9.78203756131019e-13
"N4S",0.181011725651957,1
"N4T",0.207885059885812,1
"N4V",0.0842471108855685,6.4898912861349e-164
"N4W",0.131170723016794,8.0521045989658e-09
"N4Y",0.023914802035346,4.73487102009741e-139
"G5A",0.0351552075288588,3.48100806811237e-219
"G5C",0.173615912355757,1
"G5D",0.164086428426893,1
"G5E",0.136495174454963,1.36000171722839e-10
"G5F",0.0336685454719459,2.97292396904427e-190
"G5H",0.170634507788729,1
"G5I",0.107012690046958,2.2951431896129e-146
"G5K",0.312649602033462,6.71155035702369e-34
"G5L",0.228425921399058,0.0190142192855365
"G5M",0.213156057930106,9.87599850981896e-08
"G5N",0.152557584014543,1
"G5P",0.15807575321258,1
"G5Q",0.154670740436477,1
"G5R",0.263499726763846,1.66178811697295e-17
"G5S",0.0859180068946043,1.55995899365186e-219
"G5T",0.05757047293463,1e-300
"G5V",0.601748252602461,1e-300
"G5W",0.105690389482925,2.93411773614818e-19
"G5Y",0.16971760320664,0.651247635311558
"P6A",0.0978455736704218,2.61034962297207e-39
"P6C",0.116146392644538,8.33946146289319e-56
"P6D",0.0840450533067701,1.41941680482271e-38
"P6E",0.0500854903989242,1e-300
"P6F",0.0718650175762371,1.18341683473268e-65
"P6G",0.0585656269949331,4.95291144450626e-252
"P6H",0.130729480211447,4.77719607638729e-14
"P6I",0.176075546148265,0.522951790600419
"P6K",0.212179591031198,1
"P6L",0.0557026124039984,1.43418521487266e-111
"P6M",0.0970090762183771,7.77709457134405e-33
"P6N",0.18069703338828,1
"P6Q",0.0602744993176341,1.59484589739067e-249
"P6R",0.293229945410821,8.76601603770467e-13
"P6S",0.0864616779699609,1.82506388501666e-219
"P6T",0.117942803586288,1.23958817739408e-18
"P6V",0.117708808333775,3.41106174336819e-46
"P6W",0.115969983492557,2.78022968658929e-21
"P6Y",0.0285085918999994,6.92771824067847e-47
"Q7A",0.0496310715225898,6.3342352192118e-235
"Q7C",0.112127930443013,5.68048771757379e-207
"Q7D",0.0915956678671884,7.45801270451343e-33
"Q7E",0.040820515316671,7.61614825752667e-261
"Q7F",0.0941344873952273,8.47810706831192e-37
"Q7G",0.191651748208849,1
"Q7H",0.1671947113725,0.128999952682636
"Q7I",0.0985894137531727,7.00596979607379e-109
"Q7K",0.242352421450923,0.208723274391073
"Q7L",0.0773749327994588,1.06290596534826e-121
"Q7M",0.0912500224212984,2.4441081938729e-70
"Q7N",0.0724911875172286,6.42700406227533e-61
"Q7P",0.00433684625145416,2.45036412968915e-107
"Q7R",0.475055004700222,7.54789630104931e-35
"Q7S",0.265021675067551,9.71702832035617e-59
"Q7T",0.10893471001355,8.30125150922214e-104
"Q7V",0.292947270660861,6.05631579037088e-09
"Q7W",0.181966973263623,1
"Q7Y",0.255065917305423,5.6097639854941e-12
"N8A",0.0751998431163733,1.23746637532349e-71
"N8C",0.11919890669653,3.32482461244276e-29
"N8D",0.0999535632771868,9.38422372613813e-45
"N8E",0.0990487386685377,7.08694100787077e-41
"N8F",0.114849131006163,2.10630387936763e-22
"N8G",0.10160814515302,3.40534947433627e-16
"N8H",0.173211457387099,0.0981897259067966
"N8I",0.0434521065552738,1e-300
"N8K",0.145446612378701,0.623153494179236
"N8L",0.07402597691317,1e-300
"N8M",0.0322656286300289,1.9620128324254e-228
"N8P",0.0511128308207097,8.11839488957305e-22
"N8Q",0.151497477804469,1.31114105615847e-15
"N8R",0.120026950228943,1.72266360208139e-37
"N8S",0.153754768259347,0.757871439284618
"N8T",0.12151111406952,8.0986349961643e-11
"N8V",0.404940375651968,5.74808028753885e-209
"N8W",0.102869580676377,5.30949455617339e-22
"N8Y",0.183846397653758,1
"Q9A",0.140344739530696,3.40274970482872e-08
"Q9C",0.220979177667902,1
"Q9D",0.0654160582256714,1.90772046664026e-118
"Q9E",0.0833522955878842,1.11666340863086e-72
"Q9F",0.206466725155288,1
"Q9G",0.127012187828331,1.12834576616023e-24
"Q9H",0.133819516629872,6.87342748405974e-11
"Q9I",0.241218252807384,5.74086773621397e-09
"Q9K",0.0709449172424148,1.65900401946306e-66
"Q9L",0.331885947027945,1.31278921277524e-62
"Q9M",0.125227446133959,3.09641915994055e-45
"Q9N",0.0364148270551735,1e-300
"Q9P",0.0788076080380432,6.86456204695216e-207
"Q9R",0.170422074219305,1
"Q9S",0.0441209335005082,1e-300
"Q9T",0.11489826432424,2.0022099376907e-10
"Q9V",0.0961994757181493,2.39316692625808e-118
"Q9W",0.874563084801485,1e-300
"Q9Y",0.297095356860118,2.53335654707972e-17
"R10A",0.128330862433539,5.07765158004369e-38
"R10C",0.284722444127505,2.32954051859182e-39
"R10D",0.154815659009417,0.0054561899858102
"R10E",0.136665011117762,3.45204812048005e-24
"R10F",0.0527589621647218,1e-300
"R10G",0.0415975231074683,9.65824147496999e-57
"R10H",0.162171608781215,1
"R10I",0.0292684334842843,1e-300
"R10K",0.069458498572358,7.85015576737003e-88
"R10L",0.0609890564156137,2.50146300098804e-122
"R10M",0.342034341121508,1.62841544826719e-27
"R10N",0.0756032738318912,8.88552659561993e-42
"R10P",0.166606554789082,1
"R10Q",0.195710696671989,1
"R10S",0.0231621424722048,1.78683286181952e-58
"R10T",0.00618864446920958,1e-300
"R10V",0.189935112893471,1
"R10W",0.0553696749221237,2.77975002609385e-141
"R10Y",0.0954539426693687,0.000798080319397702
"N11A",0.0710700971942635,9.98840171576986e-34
"N11C",0.219620280550019,0.711577387281369
"N11D",0.145487001676312,0.420075941920873
"N11E",0.046040869974873,5.44038909343893e-129
"N11F",0.382708340177028,7.13859446341063e-106
"N11G",0.772442950614333,1e-300
"N11H",0.34485154367439,1.36308828474582e-08
"N11I",0.295711168474535,0.00031715209409844
"N11K",0.177573713743118,1
"N11L",0.0587962752007174,1.00851700412302e-48
"N11M",0.565774357523824,1e-300
"N11P",0.0381736846671474,8.460924008891e-41
"N11Q",0.206738500432797,1
"N11R",0.0521394741717297,1.44841054077441e-218
"N11S",0.125981379217458,3.36305680937774e-45
"N11T",0.166198406805399,1
"N11V",0.192723204944871,1
"N11W",0.0577101880250672,1.26607649084411e-266
"N11Y",0.123831872931782,9.65310257606265e-40
"A12C",0.210993377097886,0.496868387049377
"A12D",0.141750179135927,0.366987132227693
"A12E",0.107480522415507,2.89872449463279e-12
"A12F",0.226461049184142,5.03806672093168e-11
"A12G",0.0860660752904597,3.99552815872955e-115
"A12H",0.087295077699798,7.2492519569556e-12
"A12I",0.0775295148514727,1.46772888881795e-176
"A12K",0.0769991172338586,2.61925502820409e-50
"A12L",0.175020965633519,1
"A12M",0.0594588122980687,1.05903283295109e-76
"A12N",0.107978620954573,2.95213449950592e-25
"A12P",0.0693154058993101,1.06323301054882e-19
"A12Q",0.0927421143777569,4.96996457694336e-42
"A12R",0.140074243949938,0.0905360261338079
"A12S",0.281790587895448,1.02113228737453e-23
"A12T",0.182472879655208,1
"A12V",0.0928379921519103,3.20086695518793e-42
"A12W",0.598059177291998,1.84875910564967e-222
"A12Y",0.0455076270423195,1e-300
"P13A",0.0852353825966966,0.00520054754469904
"P13C",0.123062088368331,1.06970966521674e-11
"P13D",0.156967567209691,0.000359633605058178
"P13E",0.40930767890324,4.29642971816075e-88
"P13F",0.227515292427615,1
"P13G",0.0755529898888263,1e-300
"P13H",0.350631507743051,9.53748628499362e-18
"P13I",0.143040575687441,0.729853121478935
"P13K",0.111871439658164,1
"P13L",0.104047865948753,3.30748071358025e-47
"P13M",0.108795609259399,1.10455629868659e-93
"P13N",0.14581909073323,0.00099007962232847
"P13Q",0.12840819227675,2.18417585437112e-22
"P13R",0.130546984986805,3.05548205369711e-26
"P13S",0.020817950527269,1.44998451600772e-103
"P13T",0.0705524449055953,9.25923718010848e-33
"P13V",0.0284588712252229,1e-300
"P13W",0.197294559837744,1
"P13Y",0.0900515146641231,3.88334453481949e-78
"R14A",0.258508803515984,6.20227515468459e-21
"R14C",0.152929589815564,8.27160707958604e-06
"R14D",0.00699876767604212,1.44206585778944e-263
"R14E",0.144637242886482,1.40063594859195e-05
"R14F",0.0617169339265358,2.97223488599448e-234
"R14G",0.097221608274357,4.97279532634907e-50
"R14H",0.190003873705136,1.31585651684564e-07
"R14I",0.0489590059387266,3.33075745004937e-244
"R14K",0.0752717958335605,9.60961974219834e-162
"R14L",0,6.29288810605628e-64
"R14M",0.10337721553738,4.04611187780673e-51
"R14N",0.0564516955353904,6.12526006863479e-142
"R14P",0.00576709434832093,1e-300
"R14Q",0.524443109687795,1.01609825914957e-76
"R14S",0.0879077271667086,8.03158503051637e-22
"R14T",0.131297577012844,3.31237476374343e-32
"R14V",0.112606126506783,4.39177751116659e-31
"R14W",0.0528882507272705,7.04495793755485e-53
"R14Y",0.0396609224120611,9.51849544040126e-236
"I15A",0.0967749546375682,8.50475149588257e-09
"I15C",0.0956241212461728,1.27100023223902e-115
"I15D",0.122262019065295,2.99536030641793e-22
"I15E",0.134208430242735,7.22144286102582e-15
"I15F",0.0778805765087545,3.34551849903165e-47
"I15G",0.157023743587133,1
"I15H",0.0256992708588371,1e-300
"I15K",0.327633997191684,2.53788183688827e-84
"I15L",0.0304997746970172,1.44658906414021e-163
"I15M",0.177514778744329,1
"I15N",0.28113643602458,3.130919880773e-09
"I15P",0.108291025507439,2.11179285103371e-47
"I15Q",0.0872923982517494,1.02075050797891e-88
"I15R",0.399874718115531,1.39165651730239e-62
"I15S",0.158204842393599,1
"I15T",0.215110856453395,1
"I15V",0.0657004508392422,1.41137934289774e-141
"I15W",0.0362656540508532,1e-300
"I15Y",0.529364364447766,1e-300
"T16A",0.3018753133633,3.45416651451958e-11
"T16C",0.0245727144363576,1e-300
"T16D",0.10244889703571,1.97086056756951e-70
"T16E",0.0847398128890521,4.78887274953566e-206
"T16F",0.211075542794655,1
"T16G",0.120446083948536,2.53141374070646e-22
"T16I",0.122731368476707,3.8191871989743e-10
"T16K",0.0726610568498423,1e-300
"T16L",0.0557623392494836,2.24446517969268e-129
"T16M",0.0417479838170724,1e-300
"T16N",0.056271838407151,8.63066306395223e-164
"T16R",0.359398947608533,9.81164342875581e-66
"T16S",0.0386323664960078,8.60509359454652e-98
"T16V",0.12294493693583,1.0683932303646e-27
"T16W",0.259882231126737,5.82507393804753e-30
"T16Y",0.403476306099037,6.77863187329916e-227
"F17A",0.13495602244477,2.72938852937579e-20
"F17C",0.171333349672484,1
"F17D",0.0852961123209589,5.96896288372845e-96
"F17E",0.313416099894622,1.62664327812846e-35
"F17G",0.119058602516015,4.56849060697572e-30
"F17H",0.264943096233043,7.93005327322216e-24
"F17I",0.126803439208793,1.85636383526518e-16
"F17K",0.170580933374981,1
"F17L",0.116142304387717,4.99904845137333e-16
"F17M",0.178098560968313,1
"F17N",0.0763566969095407,1.93850775505968e-05
"F17P",0,1.27531841329626e-06
"F17Q",0.17715174087212,1
"F17R",0.0426943737052359,3.27814971379104e-256
"F17S",0.118220152918648,0.00404091413970219
"F17T",0.0824017855254651,1.68685910611934e-10
"F17V",0.0835155127880322,8.03457912235598e-151
"F17W",0.113104480437383,1.25837143393101e-17
"F17Y",0.419377420487783,4.13020067200854e-134
"G18A",0,1
"G18C",0.231599750745523,0.00221970489470576
"G18D",0.107143570632109,7.74632629489992e-26
"G18E",0.0549513438072452,5.6038798221628e-34
"G18F",0.0842587271711094,9.83458928040142e-68
"G18H",0.146594337241272,0.00956277834187671
"G18I",0.178946101305732,1
"G18K",0.462995290166121,8.7478093858653e-233
"G18L",0.218148238162748,0.00181259804861547
"G18M",0.241123217717827,7.20544077348773e-19
"G18N",0.0954855081266006,2.01938575959346e-10
"G18P",0.226738810280427,0.000463026125194297
"G18Q",0.137270822641778,4.17747714535383e-05
"G18R",0.205401353261158,1
"G18S",0.124017174191243,0.00470023327030439
"G18T",0.0242044957522472,5.26089140336392e-270
"G18V",0.0876933847400965,1.94152097244122e-34
"G18W",0.0716550034078461,1.2949126379614e-184
"G18Y",0.210782456574218,1
"G19A",0.120018678436149,1.71952650191733e-08
"G19C",0.18544348328906,1
"G19D",0.35010177011739,2.93416347174981e-27
"G19E",0.020061601707407,4.26075150709906e-42
"G19F",0.175466806377516,1
"G19H",0.108344221366472,1.95926645365618e-37
"G19I",0.132918431065536,0.000684291268795811
"G19K",0.118793120742011,8.62205971762113e-10
"G19L",0.511928625960074,1e-300
"G19M",0.0310524462071745,1.95342217304039e-85
"G19N",0.176371953352182,0.000301227846990918
"G19P",0.00750409854910815,1e-300
"G19Q",0.157548556485126,0.00244474487884503
"G19R",0.0318843526109508,8.34073628833209e-106
"G19S",0.18781395099509,1
"G19T",0.0504236962255555,1.10834016245505e-23
"G19V",0.0219997512794741,1e-300
"G19W",0,1.76516242539719e-32
"G19Y",0.130552514223621,1.36444654969023e-25
"P20A",0.103163780704375,3.86253309287607e-16
"P20C",0.145868843191553,0.000245733387726313
"P20D",0.0468868121222229,1.88624815745845e-160
"P20E",0.0261683484744039,1.95463268837562e-174
"P20F",0,5.03343022330035e-37
"P20G",0.0207593965494038,9.62669912013514e-38
"P20H",0.0591577606662104,4.82025657991e-37
"P20I",0.0356524938664779,1.05724225393747e-123
"P20K",0.316463673367805,5.8862839408674e-57
"P20L",0.104209222310255,1.81656169366901e-20
"P20M",0.958578244207699,1e-300
"P20N",0.653765712783686,9.30539270789215e-120
"P20Q",0.073532062641946,7.82392113847556e-115
"P20R",0.169588539857106,1
"P20S",0.0850669961375251,2.86911663758016e-69
"P20T",0.0632661729370551,2.32797788366591e-106
"P20V",0.176576683993643,1
"P20W",0.190582695285244,1
"P20Y",0.0727111682405923,9.82939760064906e-104
"S21A",0.0727778761638642,1.95094143929633e-41
"S21C",0.0311428560386031,1.36496054222973e-185
"S21D",0.108326133362352,6.19922746390682e-33
"S21E",0.137855006268984,1.13234703368978e-09
"S21F",0,1.15461943098292e-36
"S21G",0.278082887832844,1.01373368160279e-20
"S21H",0.244455962372607,0.000182625296408529
"S21I",0.0436800473473563,1e-300
"S21K",0.0623597851731015,4.84053052408108e-242
"S21L",0.00876680398312121,5.60815417846492e-167
"S21M",0.275003814761565,1.28309996676844e-17
"S21N",0.320292946608093,3.99112127324479e-31
"S21P",0.10356067408583,3.62607961349728e-39
"S21Q",0.107934301600572,1.34249427492759e-49
"S21R",0.123396156549906,4.17310595744383e-28
"S21T",0.112710056750955,2.71796050355761e-16
"S21V",0.188991537580058,1
"S21W",0.0318542188340582,1e-300
"S21Y",0.0891161515375847,9.97648408586295e-89
"D22A",0.394506179240454,9.04835290461286e-40
"D22C",0.0415793718938373,1.58761897750327e-48
"D22E",0.039992763871853,4.41939888351281e-124
"D22F",0.169985769963163,1
"D22G",0.280961214766837,1.09575631680727e-13
"D22H",0.0473221846475453,9.77584661360026e-158
"D22I",0.0957464929438196,2.36451033624722e-79
"D22K",0.0812231157735134,9.18227633718594e-23
"D22L",0.2107845856308,1
"D22M",0.141010021665693,1.90744264122844e-12
"D22N",0.250404661046592,0.0254080254552507
"D22P",0.0668884664927576,3.89504238357829e-78
"D22Q",0.0440506189352184,1.51360338543164e-222
"D22R",0.54264902037039,1.19941991554881e-277
"D22S",0.0493153085449637,5.31733533028329e-39
"D22T",0.246270912136147,1
"D22V",0.344889535793609,7.43102871406836e-33
"D22W",0.464135011028483,1e-300
"D22Y",0.246918707827168,4.40952445310911e-10
"S23A",0.0531196323470037,1.07099869814983e-86
"S23C",0.14161164433811,3.72439811840612e-19
"S23D",0.265696897111128,3.34415468857205e-19
"S23E",0.383746317856337,1.15631893903675e-41
"S23F",0.10785117077902,7.70699317215863e-39
"S23G",0.088941306879073,8.23261629063825e-92
"S23H",0.193037189762383,1
"S23I",0.070987206041594,4.59354882232441e-122
"S23K",0.33454673150623,1.42770922435712e-46
"S23L",0.212170143416972,0.0323778709173357
"S23M",0.0442235474460974,5.29732838255147e-89
"S23N",0.0272082884849203,9.69747424291371e-115
"S23P",0.115337765881764,6.15221362519299e-36
"S23Q",0.173569718447256,1
"S23R",0.0212486528128016,1e-300
"S23T",0.0889612954659503,6.26126694202875e-130
"S23V",0.0121696872603093,4.47881433088023e-292
"S23W",0.0565505688129176,5.78029970620144e-155
"S23Y",0.0339919070494696,1e-300
"T24A",0.160395584571821,0.140290185956062
"T24C",0.0480139648548356,2.33139667700728e-161
"T24D",0.261274981224662,2.17660592327369e-08
"T24E",0.058938486837205,2.59256568672092e-241
"T24F",0.20233181195694,1
"T24G",0.1360386993425,1
"T24H",0.0400653890006716,5.26466783582649e-26
"T24I",0.0517434185053818,3.22007449106045e-143
"T24K",0.26779683746064,1.64619154260568e-22
"T24L",0.322843111518948,3.6683834159249e-56
"T24M",0.260605785146004,1.05125627818321e-28
"T24N",0.0361045154339263,1e-300
"T24P",0.0718899453043297,7.53156995180828e-194
"T24Q",0.0754226059696447,3.04256110842141e-53
"T24R",0.200121055632819,1
"T24S",0.0726482726396573,5.69829541451931e-35
"T24V",0.152316047086569,1
"T24W",0.370357694198618,1.54928409688884e-292
"T24Y",0.14089164215497,1.71416227808694e-34
"G25A",0.097571866255788,5.81848226956998e-14
"G25C",0,4.50571283602411e-66
"G25D",0.10004240423274,7.68263707917409e-54
"G25E",0.101528414817785,1.75018723393436e-46
"G25F",0.0447082809751371,6.43650571966304e-98
"G25H",0.506526452358114,1.45003239281879e-77
"G25I",0.0694279898904413,3.64494646717847e-147
"G25K",0.161875702861799,0.00104101051949302
"G25L",0.0276490128898233,1e-300
"G25M",0.197666032292615,1
"G25N",0.0286670786239265,5.62896318349961e-48
"G25P",0.0600427341747504,2.01501969012075e-125
"G25Q",0.292923693355015,4.3765890444335e-57
"G25R",0.00974089331457912,4.12294383693597e-47
"G25S",0.0411826363139692,2.44250536850368e-21
"G25T",0.00686891797590566,1e-300
"G25V",0.15737144662623,6.04436296846645e-06
"G25W",0.186506247755778,1
"G25Y",0.160681480759953,1
"S26A",0.144290843569976,0.00149010422782692
"S26C",0.249149324261421,1.02328561385687e-05
"S26D",0.041270402365588,8.43507651974986e-166
"S26E",0.181089655728422,1
"S26F",0.10956348178852,1.50103261734406e-43
"S26G",0.0260710859856796,7.63569974322791e-37
"S26H",0.0370777890689168,1e-300
"S26I",0.0755200495151782,4.90435885872846e-115
"S26K",0.197926078667038,1
"S26L",0.168346544145117,1
"S26M",0.188437065873368,1
"S26N",0.577239457783853,1.05723909786705e-310
"S26P",0.0300510848388304,1e-300
"S26Q",0.302372675187351,3.33990893106724e-43
"S26R",0,3.51230883784346e-74
"S26T",0.412151193317919,1.8023628449945e-45
"S26V",0.263142397158985,0.00157220523816985
"S26W",0.138595244016689,3.8775356059576e-110
"S26Y",0.0806127142144806,2.69498942101671e-47
"N27A",0.074982096056435,9.44020553609948e-47
"N27C",0.230183491714857,0.0341962671264541
"N27D",0.218558435502526,1
"N27E",0.25666285822139,1.81250145379962e-14
"N27F",0.144619851221403,1.57828671476316e-14
"N27G",0.183578528309378,1
"N27H",0.151876046406075,9.27152861839365e-08
"N27I",0.290816218924788,2.55453218930279e-62
"N27K",0.170133244936589,1
"N27L",0.0546908710766605,2.51719027452317e-134
"N27M",0.235505759173908,0.5826101172819
"N27P",0.00532270860888733,1e-300
"N27Q",0.203184372631041,1
"N27R",0.0886211449790271,8.77491334045792e-84
"N27S",0.0849667837019591,1.47392369101311e-05
"N27T",0.0541784180068754,8.52029029636014e-281
"N27V",0.12068450785136,3.51399831456581e-11
"N27W",0.0476484796763825,1.39843103532136e-299
"N27Y",0.236845164082701,0.00025458694289002
"Q28A",0.0667481686437801,1.07648183563778e-21
"Q28C",0.136137103083722,1.10750747053353e-10
"Q28D",0.0530299681496493,1.64700648230852e-259
"Q28E",0.0570445608088657,5.03257770135504e-60
"Q28F",0.103995005607585,2.4972487755648e-45
"Q28G",0.24322322786091,6.69075049546114e-06
"Q28H",0.279090421229227,5.52593835711509e-08
"Q28I",0.131295530247897,8.11083681126901e-16
"Q28K",0.111896568013883,1.52709870253666e-17
"Q28L",0.0629463874604548,6.49333821834266e-107
"Q28M",0.122291905570093,1.31103072286784e-24
"Q28N",0.129000764467396,1.63533231100017e-18
"Q28P",0.0131646194648814,1e-300
"Q28R",0.59878618514286,4.49916106106529e-96
"Q28S",0.308397955658962,3.24823891909175e-77
"Q28T",0.00455726288786048,1.00663953947656e-41
"Q28V",0.0690115477507056,9.05896759955579e-68
"Q28W",0.118301001508075,9.46987733376032e-20
"Q28Y",0.101970131109754,1.64516809082723e-18
"N29A",0.193842408857131,1
"N29C",0,2.05087929477584e-18
"N29D",0.0823934576383138,5.5639614087292e-76
"N29E",0,1e-300
"N29F",0.0410898872706716,1e-300
"N29G",0.139847391755055,1.67847787759766e-11
"N29H",0.0711173430283954,1.73328286871184e-201
"N29I",0.0472016700318326,9.37897360073267e-133
"N29K",0.252143845849755,6.74008956291902e-11
"N29L",0.0432066958979713,9.65447794886095e-94
"N29M",0.100105694261443,8.32513459565451e-105
"N29P",0.276513092512721,1.99034925036019e-18
"N29Q",0.240702833061361,0.000794917318179363
"N29R",0.588447979448356,2.88453809437991e-270
"N29S",0.075169593336325,4.87792101587797e-141
"N29T",0.157930352574618,0.0156870809784119
"N29V",0.761791231957975,8.73237636889698e-94
"N29W",0.107772790567698,3.19190484536629e-35
"N29Y",0.185725222567305,1
"G30A",0.0116578441417845,9.36683829293489e-203
"G30C",0.0560413938010879,1.81325021603512e-32
"G30D",0.100028101657307,1.37567868292984e-30
"G30E",0.0561005609846055,2.33155070016731e-45
"G30F",0.146270115626754,0.000866488187009503
"G30H",0.0854856846843523,1.34169295483818e-79
"G30I",0.0747762337595697,3.4212531538985e-63
"G30K",0.0461691655732106,2.82727578640255e-08
"G30L",0.0981290278759221,1.49932861402109e-117
"G30M",0.111125122169525,1.00081290756751e-08
"G30N",0.104232948821097,1.70607433202717e-37
"G30P",0.105273845006727,4.35694768450092e-27
"G30Q",0.0769863326883484,1e-300
"G30R",0.344551110274524,3.28361582463635e-33
"G30S",0.203045406038638,1
"G30T",0.179161022234264,1
"G30V",0.160666256901683,1
"G30W",0.0354323333686662,5.03698931284202e-194
"G30Y",0.178663793216227,1
"E31A",0.219205542488817,1
"E31C",0.122167036987013,7.92619135691174e-11
"E31D",0.135410067969349,1.66853721164414e-18
"E31F",0.169666711927467,1
"E31G",0.0743459357392142,1.99196038881675e-15
"E31H",0.0243775249233922,1.55168201886388e-46
"E31I",0.111859699506074,1.81767332071198e-30
"E31K",0.28815724717362,1.70837667652742e-36
"E31L",0.848825493905304,1e-300
"E31M",0.0369837924606014,4.6490159011148e-43
"E31N",0.0700263455824584,2.4363330340865e-49
"E31P",0.280341101539144,1.09737898128014e-09
"E31Q",0.165715501419664,1
"E31R",0.114533838474548,2.06301384121339e-09
"E31S",0.0791026935177262,4.64197663995302e-163
"E31T",0.0431689594130995,1e-300
"E31V",0.0852810233500692,2.19247463545706e-50
"E31W",0.266558752561385,1.73367584211883e-08
"E31Y",0.238548629082934,7.47475935499009e-07
"R32A",0.0728052226346783,1
"R32C",0.254336966243413,3.89382159568156e-08
"R32D",0.00989907892377722,1e-300
"R32E",0.199726621789222,1
"R32F",0.0987073187670003,1.07038023449261e-113
"R32G",0.0343089428002122,6.56194511339662e-226
"R32H",0.144264321955497,0.00200106185655844
"R32I",0.153222252424692,0.462057114494278
"R32K",0.243257413171822,0.594268691389381
"R32L",0.517274150961754,1e-300
"R32M",0.0866629489736213,2.39890457953634e-121
"R32N",0.173698621270496,1
"R32Q",0.0117548447504338,1.59280612535488e-121
"R32S",0.0356889448095741,2.15434544879767e-271
"R32T",0.0748114984797907,8.0633334286554e-92
"R32V",0.0764474318472805,6.29929017875884e-135
"R32W",0.0899658093501497,7.24217100955074e-30
"R32Y",0.108859000430872,1.09432311251066e-68
"S33A",0.143886657353091,5.32454328432891e-14
"S33C",0.199523553614756,1
"S33D",0.0513705673253524,6.01254778907316e-236
"S33E",0.130575099655634,5.9621739604921e-22
"S33F",0.0318021981611736,3.79873819850821e-115
"S33G",0.0280367947805276,3.4433743236278e-94
"S33H",0.189737658806149,1
"S33I",0.0659044278599781,1.17325709504074e-166
"S33K",0.377543912132086,4.79422550257263e-14
"S33L",0.128918262258942,0.000120783155711248
"S33M",0.0151066366176202,1e-300
"S33N",0.129517369482414,0.0272497724003727
"S33P",0.211836912944315,1
"S33Q",0.0873428679899641,3.13818147875068e-34
"S33R",0.0679858168036495,1.55619323379162e-22
"S33T",0.184380851966351,1
"S33V",0.0727133943307993,1.89992650005198e-64
"S33W",0.0663443592945183,3.88370772655945e-149
"S33Y",0.204056749880871,1
"G34A",0.0488780922830941,1.02588549620974e-124
"G34C",0.1257726892192,2.25779127946366e-22
"G34D",0.0642173706848575,8.66594662379983e-146
"G34E",0.562878286919937,1.78485857244736e-291
"G34F",0.0282982409971668,1e-300
"G34H",0.02231836789032,1.82045451378859e-228
"G34I",0.268728438323665,7.21484057614257e-27
"G34K",0.27880293775225,2.31216593797085e-15
"G34L",0.144178011094262,2.62112591505886e-06
"G34M",0.189246592531217,1
"G34N",0,1.58593355122211e-41
"G34P",0.253559376498652,1.47529376538154e-12
"G34Q",0.210646817927773,1
"G34R",0.0703816716963578,5.81550317763633e-212
"G34S",0.0743905879528713,3.43075807123751e-21
"G34T",0.101167835811204,1.85201481741051e-146
"G34V",0.102741286679611,2.53067757314888e-26
"G34W",0.179109620716563,1
"G34Y",0.143224769811419,4.17514479667162e-06
"A35C",0.39258161873302,6.12570020055539e-143
"A35D",0.125789095065874,1.66075862806094e-05
"A35E",0.080246406829628,3.87978934559546e-78
"A35F",0.124766257117572,3.46674053351931e-36
"A35G",0.306337436637341,1.37417179213723e-73
"A35H",0.141136011008069,0.00031551654985076
"A35I",0.121138745134183,1.43227471495297e-19
"A35K",0.048693125566708,4.53043952675185e-108
"A35L",0.166147597142664,0.039487112202459
"A35M",0.0762890155780735,1.57756870300366e-19
"A35N",0.12821245774433,3.40763096917159e-06
"A35P",0.0350033931649497,5.94752003289273e-159
"A35Q",0.0200788652820543,1e-300
"A35R",0.264706272323069,2.23009840808126e-39
"A35S",0.0645097038113262,4.07204661423382e-49
"A35T",0.0855074067619184,6.88993972725531e-15
"A35V",0.0222981991950571,4.08105657368257e-98
"A35W",0.0144429053190254,7.64401277019717e-216
"A35Y",0.0473325917574758,6.11051877278722e-148
"R36A",0.109923992089991,8.15126746810981e-45
"R36C",0.126480337356032,4.66636442415664e-88
"R36D",0.0493688530132011,2.83110493169659e-302
"R36E",0.192472064319678,1
"R36F",0.106215795772632,1.79709834656128e-95
"R36G",0.0896713203834434,4.59078578514927e-08
"R36H",0.223526065606088,8.82646788996166e-07
"R36I",0.0717434046313978,6.43969519950623e-247
"R36K",0.166453753644505,0.0868621147702917
"R36L",0.128464030411604,2.12068291530992e-15
"R36M",0.221049129924207,1
"R36N",0.381102739919634,7.28628383318462e-68
"R36P",0.0535855940342582,1.9261288223181e-41
"R36Q",0.0582828976569823,4.92297936341661e-81
"R36S",0.0268960022402901,1e-300
"R36T",0.142156585930231,1.7540860262446e-13
"R36V",0.00919520485679622,7.75691840482507e-131
"R36W",0.0477222388473741,1e-300
"R36Y",0.148364910326666,0.0617157852054012
"S37A",0,4.35077132475e-154
"S37C",0.189265374002774,1
"S37D",0.311337232362457,1.81452531242274e-07
"S37E",0.207019145977238,1
"S37F",0.0212135488019136,7.80966266542283e-85
"S37G",0.0266870794744758,1e-300
"S37H",0.0303214796740324,1.17952159524253e-280
"S37I",0.0473119224466666,2.8368476428032e-183
"S37K",0.275882738434108,1.73210118722473e-32
"S37L",0.103604095535116,3.82568827140522e-59
"S37M",0.268388312085629,1.88747900995226e-28
"S37N",0.317466298041715,6.64261259265237e-42
"S37P",0.0840070207419201,5.42387265255847e-13
"S37Q",0.0891393614078913,2.46832069686847e-74
"S37R",0.0389130785238865,1.40160544407791e-86
"S37T",0.130750712373024,6.27589667521957e-29
"S37V",0.163731859754964,0.0504542940469387
"S37W",0.253930410652658,1.24213602137551e-05
"S37Y",0.141765763426121,8.79090054255289e-12
"K38A",0.0714132488011517,1.14934475217761e-310
"K38C",0.0322071320199564,9.33151155650442e-238
"K38D",0.0316649802348924,1e-300
"K38E",0.153900427443478,1
"K38F",0.0534839189140265,1e-300
"K38G",0,1.38288114094751e-46
"K38H",0,1.40766072511024e-267
"K38I",0.0187018476813575,1e-300
"K38L",0.0380726355337406,1e-300
"K38M",0.0712265258480583,4.10643725510255e-71
"K38N",0.0538801993925813,1.35022571030752e-282
"K38P",0.194250825503316,1
"K38Q",0.644990306812706,1e-300
"K38R",0.111493871307226,3.05590933528779e-06
"K38S",0.0839417788615437,6.31702639814164e-96
"K38T",0.00704335084837402,1e-300
"K38V",0.221705775868982,0.367899024570017
"K38W",0.0431335062557612,1e-300
"K38Y",0.0834359767650176,2.19611135987629e-192
"Q39A",0.166759858374588,1
"Q39C",0.149322382411734,7.10057783702336e-27
"Q39D",0.0851469507581549,4.70869790784079e-183
"Q39E",0.120389915509328,1.60803666559923e-37
"Q39F",0.174473664623462,1
"Q39G",0.213291805596379,1
"Q39H",0.388589549369171,9.30415161962587e-141
"Q39I",0.195665117120362,1
"Q39K",0.179562358139374,1
"Q39L",0.0276057690212356,4.27899412662386e-222
"Q39M",0.0481360892530264,1e-300
"Q39N",0.082730130502646,1.95044351106969e-94
"Q39P",0.371200795006869,1.38715754468743e-55
"Q39R",0.23352295884278,1
"Q39S",0.0585245346360908,7.95816344537437e-57
"Q39T",0.0796563597205866,7.16195398296936e-34
"Q39V",0.160457648713231,0.00207672975630164
"Q39W",0.13945338348084,3.27031850181613e-10
"Q39Y",0.144252469419927,5.65830369139276e-17
"R40A",0.0543330609876329,1.09677909657775e-195
"R40C",0.0611241287848976,1e-300
"R40D",0.026616866818628,1e-300
"R40E",0.132163092916938,2.91999669968894e-14
"R40F",0.0361098139448664,1e-300
"R40G",0.131630688373846,7.25192216760356e-08
"R40H",0.0394620231330434,1.99335484174242e-29
"R40I",0.356474557346842,1e-300
"R40K",0.0552878787212004,7.92529983508226e-45
"R40L",0.000626614232804482,8.80830595330261e-117
"R40M",0.102398993270654,6.87899324186639e-86
"R40N",0.23650303678071,1
"R40P",0.0830343771395613,8.09166638533239e-74
"R40Q",0.0474562921873509,1e-300
"R40S",0.0515054093000009,1e-300
"R40T",0.0144697946264785,1e-300
"R40V",0.0809580408114537,3.82510956740162e-310
"R40W",0.0213854637490125,2.53224895030186e-247
"R40Y",0.073001773287458,1.21067262687911e-241
"R41A",0.045113559304672,1e-300
"R41C",0.571319118722216,8.97548091126207e-295
"R41D",0.127496758219442,4.93730953339207e-34
"R41E",0,9.23916020134558e-32
"R41F",0.0440854052132602,1.29761215561981e-105
"R41G",0.0597252467485749,2.33760153692719e-129
"R41H",0.0550388924166036,1e-300
"R41I",0.45281297004495,1.12887117799573e-24
"R41K",0.262887228773861,2.9638031066149e-10
"R41L",0.132411123826006,1.89830048970378e-05
"R41M",0.0984359854533901,1.16238562039058e-53
"R41N",0.0602731173821215,4.0444789826729e-100
"R41P",0.0834596454592654,0.00106692597257923
"R41Q",0.15312901364729,0.0507094556201233
"R41S",0.112525009576802,1.39946763008197e-13
"R41T",0.179704044520359,1
"R41V",0.0515530370191656,1.66815471603778e-115
"R41W",0.356710530777924,1.58244119714582e-106
"R41Y",0.0325765193869493,1.31604397612077e-87
"P42A",0.127352885342593,0.000145112533789963
"P42C",0.0785787947542002,1.22306425268037e-54
"P42D",0.0600476377893688,3.26693749377867e-105
"P42E",0.150767519430538,1.24975050692711e-10
"P42F",0.0907590365452998,1.84167148872958e-38
"P42G",0.478023297104759,1e-300
"P42H",0.0939044169206082,1.95469447271867e-26
"P42I",0.0425434113849213,4.18990909767253e-104
"P42K",0.0487924136171431,8.05471160378946e-54
"P42L",0.137890907382907,4.67922204709192e-06
"P42M",0.0162165954459232,4.33426514464934e-103
"P42N",0.0326958165231404,1.97319870982536e-71
"P42Q",0.108469010261469,3.89597455901324e-16
"P42R",0.0517983978510918,1.16028617337491e-102
"P42S",0.0308948666294068,3.26845919369897e-41
"P42T",0.162476262582781,1
"P42V",0.154163773452324,1
"P42W",0.115468306535916,1.23166576806971e-40
"P42Y",0.125182628409022,4.87511908272329e-08
"Q43A",0.0530081630640614,7.75195700961983e-24
"Q43C",0.153546655437101,0.0577417832006547
"Q43D",0.0325651765877199,1.3104932492102e-42
"Q43E",0.0224900372219772,3.50213492398109e-319
"Q43F",0.0390304204781463,1.21230148788287e-257
"Q43G",0.274480523800336,3.52868510743979e-21
"Q43H",0.053688534374349,1.59423809627278e-211
"Q43I",0.0500115213018456,4.52495913203754e-110
"Q43K",0.0781602943295907,2.99901883641573e-26
"Q43L",0.0532016787858597,1.85722039226556e-37
"Q43M",0.0390535754534376,9.66898424551882e-90
"Q43N",0.321850638337405,6.11842420028317e-58
"Q43P",0.4208231795341,3.47456529812528e-158
"Q43R",0.499302003161749,1.8425145870632e-83
"Q43S",0.108157284648044,1.81516435305051e-46
"Q43T",0.0429219267412077,4.45374634278471e-104
"Q43V",0.12257167856206,2.32681062463368e-47
"Q43W",0.158642993156788,3.60107087309695e-10
"Q43Y",0.0989694124680533,9.9053922175168e-45
"G44A",0.357913177364004,7.25313040799645e-27
"G44C",0.532799997977233,1e-300
"G44D",0.0609278274076805,3.16220205132062e-29
"G44E",0.0997120716011686,6.25536133911863e-64
"G44F",0.476492852593418,1e-300
"G44H",0.152943566381682,0.342884749460808
"G44I",0.505449941559268,2.65379715469991e-123
"G44K",0.335985422758819,3.14414393536737e-35
"G44L",0.0211371377021583,1e-300
"G44M",0.0421814394367111,1.24412814493317e-210
"G44N",0.0320474456292602,1e-300
"G44P",0.326378479135987,8.97118813093005e-47
"G44Q",0.159379806989188,5.45764345665157e-08
"G44R",0,2.15402264243806e-129
"G44S",0.24621711891917,0.00259559267012833
"G44T",0.341925479174448,5.9417884426534e-56
"G44V",0.355826804741159,4.92835476115082e-104
"G44W",0.0907715647599462,1.3238930405341e-44
"G44Y",0.0671066222966903,3.56700324445101e-85
"L45A",0.140491834102487,1.33850580214319e-07
"L45C",0.044481245533292,3.07428697826895e-18
"L45D",0.349516815738968,5.68144957071587e-54
"L45E",0.23910140448064,2.10850208904732e-08
"L45F",0.149920275348842,0.00391591349534996
"L45G",0.0616527271983727,1.40810376372982e-90
"L45H",0.267536834448413,0.00251925409702117
"L45I",0.518929204749077,2.59071354714493e-117
"L45K",0.0215835790471559,1e-300
"L45M",0.341953968086141,1.43503466364868e-20
"L45N",0.279823376803314,2.68494375343357e-36
"L45P",0.0234469522630986,2.35259947398761e-101
"L45Q",0.0883642152098996,4.78508319665684e-80
"L45R",0,5.21627182297765e-89
"L45S",0,4.00463689996461e-36
"L45T",0.034771579905194,1.33112744594966e-170
"L45V",0.0347183344920577,1.19658692551637e-54
"L45W",0.441383100898659,1.20313116082779e-221
"L45Y",0.0845904544434366,3.50963132024685e-06
"P46A",0.073688363383398,2.95859922120734e-77
"P46C",0.0791289305895028,8.61314343879537e-250
"P46D",0.0669036631221797,4.21542337657802e-189
"P46E",0.10499582537024,5.14906398922752e-67
"P46F",0.0318084662509498,5.21505641625862e-216
"P46G",0.263560492287621,3.3013130637013e-26
"P46H",0.0543106719107584,8.84762559867131e-61
"P46I",0.024267562833402,9.60392437397818e-68
"P46K",0.0108164824893767,1e-300
"P46L",0.50327434002904,1e-300
"P46M",0.121635447445865,1.9848005173607e-31
"P46N",0.0677511143813643,1.0565214784209e-124
"P46Q",0.267754317786498,6.46281219438265e-11
"P46R",0.0125676895919291,1e-300
"P46S",0.0505552363026656,6.30854303740499e-167
"P46T",0.0965250196464345,1.02566832727702e-50
"P46V",0.0611388899598252,1e-300
"P46W",0.408050307805354,5.37783570615104e-71
"P46Y",0.0755348458823532,3.91236123186568e-116
"N47A",0.156760422643924,0.329840879120865
"N47C",0.389943189709106,1.20149717410685e-25
"N47D",0.106853246189061,4.94786212016387e-51
"N47E",0.2257905107933,0.000831539692799367
"N47F",0.0544515469990415,1e-300
"N47G",0.0944712835432692,4.7058667266891e-72
"N47H",0.396197707681942,7.39255773198395e-89
"N47I",0.179763030683925,1
"N47K",0.0874408244524049,4.20879074529858e-132
"N47L",0.396893526233733,1.90643758644897e-183
"N47M",0.158477278908278,1
"N47P",0.145594557225627,7.28570858435013e-10
"N47Q",0.00127407349553089,1.00350022718314e-54
"N47R",0.133180848914132,0.000219407217235438
"N47S",0.226719414950054,1
"N47T",0.558325605158032,8.16955102422074e-85
"N47V",0.260970080825261,1.37973033912103e-05
"N47W",0.298614013555161,1.02257824535023e-31
"N47Y",0.17477452341746,1
"N48A",0.127643601591995,4.46260687246971e-06
"N48C",0.186587259794189,1
"N48D",0.13506862291523,2.40499350463711e-27
"N48E",0.0760017472256109,1.37362824315906e-34
"N48F",0.0735105881466387,3.93533167382871e-63
"N48G",0.314018698258416,4.08407475320872e-33
"N48H",0.143741791653804,0.0020574568791809
"N48I",0.195699005466442,1
"N48K",0.10218303209111,8.73281780697014e-24
"N48L",0.127418281114612,3.19080976084471e-14
"N48M",0.257934879095233,4.00594893411842e-05
"N48P",0.0922129762691339,2.156393950799e-66
"N48Q",0.145302968397133,0.0827249531615889
"N48R",0.217527413933879,0.00655838636834972
"N48S",0.204619937582317,1
"N48T",0.14829081450883,3.15522696525537e-13
"N48V",0.082977285770272,6.10144346940023e-186
"N48W",0.352781072410251,1.60746376387491e-38
"N48Y",0.0691251542963524,6.50984918440094e-21
"T49A",0.140786734007423,0.875062933757313
"T49C",0.0990924881344859,2.72799252917533e-71
"T49D",0.293774716950099,7.61226651837905e-23
"T49E",0.185813816515822,1
"T49F",0.365986215849265,1.67958191187908e-71
"T49G",0.444603417687974,1.45345646183348e-58
"T49H",0,9.94305096446769e-134
"T49I",0.249002515702561,6.12055316126967e-19
"T49K",0.245813824630724,1.21691696888116e-05
"T49L",0.354685946392219,4.42391167619949e-27
"T49M",0.0197151339341872,9.91820393044078e-140
"T49N",0.0447599948625651,1.61981536447631e-24
"T49P",0.417633166249851,1e-300
"T49Q",0.315630693013634,5.23140062499506e-45
"T49R",0.182442517721328,1
"T49S",0.198329642338017,1
"T49V",0.153109190650918,9.75997402092002e-12
"T49W",0.196283443113542,1
"T49Y",0.304896503986579,1.64425310471472e-12
"A50C",0.0117093772559735,6.62710899402802e-157
"A50D",0.139090768042146,0.149376224914158
"A50E",0.0609736187978329,1.885646373101e-130
"A50F",0.0572010360653757,6.02224000170863e-113
"A50G",0.0789184731759613,4.16037433830863e-258
"A50H",0.0351005448107888,1e-300
"A50I",0.101553748358452,1.26252747930356e-50
"A50K",0.12185952724421,0.000422864287450429
"A50L",0.413890149367709,1.94519432586589e-99
"A50M",0.0826015963795445,5.89543381275428e-37
"A50N",0.270611970476556,0.00373255735429345
"A50P",0.252497007917351,2.00374613347494e-20
"A50Q",0.192825815072046,1
"A50R",0.290625021526019,7.26755434897713e-27
"A50S",0.0340245017622632,1.62802656121679e-191
"A50T",0.171205077371289,1
"A50V",0.041635979009062,4.17343698737118e-313
"A50W",0.0180955101663203,1e-300
"A50Y",0.159291912381603,0.410882416393536
"S51A",0.304691196710404,1.27789527856731e-49
"S51C",0.414514198037182,4.06186560469474e-35
"S51D",0.339440919117362,2.62639277918966e-287
"S51E",0.121173381257475,6.08567646791766e-38
"S51F",0.231970851595266,1.04832150385323e-64
"S51G",0.590264703802994,5.31740112187681e-54
"S51H",0.466507345527232,1e-300
"S51I",0.400164927674342,7.5765877158028e-248
"S51K",0.226092869045509,0.170439533861281
"S51L",0.486065876519449,1e-300
"S51M",0.261292763386485,7.65870256929343e-87
"S51N",0.288872415141195,2.39988527737915e-78
"S51P",0.323528383918892,2.1612435746683e-34
"S51Q",0.131314508272717,1.06501624077649e-20
"S51R",0.0710242845197298,3.59680505750132e-74
"S51T",0.731161011012851,4.037468210344e-259
"S51V",0.385694550371521,1.43348803406838e-122
"S51W",0.873752234686286,1e-300
"S51Y",0.512118958366059,5.07053904755805e-174
"W52A",0.197216707248948,1
"W52C",0,1.24587800166837e-62
"W52D",0.136720073497183,3.41415495913513e-22
"W52E",0.275208544658684,2.88539457191615e-15
"W52F",0.276645603631734,1.46897431551032e-62
"W52G",0.26273780443011,0.250089723637866
"W52H",0.181057632800795,1
"W52I",0.0358361806433142,5.22965949070106e-254
"W52K",0.0765201371479645,2.36921677333424e-83
"W52L",0.127756914844281,2.75979412015115e-47
"W52M",0.0763566969095407,0.00144275091833296
"W52N",0.437264879674036,1.71917061460935e-201
"W52P",0.214659138269255,1
"W52Q",0.0998475009051404,4.31727376344837e-119
"W52R",0.15705213049241,0.346237845875626
"W52S",0.199397015117462,1
"W52T",0.208596147071787,1
"W52V",0.142972953344643,2.18349229450772e-37
"W52Y",0.158923315772,1
"F53A",0.225807681199459,0.00282706389025899
"F53C",0.204209770804585,1
"F53D",0.239112604134229,0.191605954640524
"F53E",0.425558435608078,1e-300
"F53G",0.0545078946774342,4.9166434169981e-156
"F53H",0.239004544207681,0.0141313061838033
"F53I",0.376921690149156,3.36511699802854e-215
"F53K",0.0562723342966018,2.41837356115088e-117
"F53L",0.0593682515012491,3.9399967703158e-165
"F53M",0.264444452187153,1.06547384602668e-15
"F53N",0.0668285823110376,4.83364060272036e-51
"F53P",0.156503076734331,1
"F53Q",0.118384623268115,0.540804136982605
"F53R",0.256557814032301,2.21447218986833e-08
"F53S",0.175371035021209,1
"F53T",0.112223833580744,4.47781848457572e-81
"F53V",0.399010336107816,2.08769324305845e-210
"F53W",0.728648515983183,1e-300
"F53Y",0.291259022855318,5.62845500932725e-29
"T54A",0.205985507942017,1.311158713443e-07
"T54C",0.109085507694919,1.65480926782478e-40
"T54D",0.869879944030802,1e-300
"T54E",0.237741058889951,4.07052666064787e-41
"T54F",0.20824847606952,0.384103094378952
"T54G",0.225211314082586,4.78058043699069e-08
"T54H",0.0600211705242813,1.16840747894404e-309
"T54I",0.486274659380824,4.6732438353243e-211
"T54K",0.152492788438511,0.0336454780402955
"T54L",0.229937768063753,1
"T54M",0.189867002887409,1
"T54N",0.239528922762477,1
"T54P",0.539402891127645,1.1664812510029e-156
"T54Q",0.313872528749812,1.26816340814829e-85
"T54R",0.14059380598065,9.42294859231815e-22
"T54S",0.131307728361459,1.00083367465362e-141
"T54V",0.513379254685827,1.45306878390554e-286
"T54W",0.164570021475416,0.000509904482092845
"T54Y",0.267638037618574,1.08384974342725e-31
"A55C",0.162715206662771,0.00382217277880962
"A55D",0.187494861287648,1
"A55E",0.240468422715556,8.31638494562056e-44
"A55F",0.160585408354936,6.2426708044247e-06
"A55G",0.0835598988651879,7.694888008413e-47
"A55H",0.122553095918401,2.09393605811707e-29
"A55I",0.70379765734848,2.84135988904639e-315
"A55K",0.241468393337522,6.13949380135417e-06
"A55L",0.139949923526042,4.67584773437788e-33
"A55M",0.472177152913425,3.07069560132647e-95
"A55N",0.276332384808477,0.075444522188032
"A55P",0.222648787786449,1
"A55Q",0.0186056367962114,3.04086435453551e-272
"A55R",0.173357004038288,1
"A55S",0.277932452162457,2.44851878864674e-26
"A55T",0.316054105369731,2.82920780749588e-36
"A55V",0.432202449393039,4.49834230835733e-228
"A55W",0.179055149758636,1
"A55Y",0.412894639925412,1.56742306293458e-103
"L56A",0.214342376137033,1
"L56C",0.205539290380664,1
"L56D",0.238133207862176,4.62359416859408e-15
"L56E",0.325658949017404,1.0523188575281e-97
"L56F",0.17458134416765,1
"L56G",0.383792119027496,1.29285668374786e-67
"L56H",0.270193621582268,0.01166649574256
"L56I",0.0656751048966499,6.99971471245432e-27
"L56K",0.0654325265497716,1.95625672372498e-184
"L56M",0.0945107396025752,3.10784666168274e-26
"L56N",0.127480783183955,5.22319660733648e-26
"L56P",0.281507949742173,5.63257099548935e-25
"L56Q",0.40410761283062,1e-300
"L56R",0.0664393195533562,4.95700139904218e-258
"L56S",0.545016044734721,1e-300
"L56T",0.203051752380709,1
"L56V",0.147014231598327,1.39005005871674e-20
"L56W",0.2905269314678,3.23145593321567e-12
"L56Y",0.310810290429453,2.46793569185745e-27
"T57A",0.164729832000775,1
"T57C",0.229366600624816,2.09988776936811e-17
"T57D",0.122805329759996,3.72290830873796e-44
"T57E",0.115438750083507,3.23032610429598e-24
"T57F",0.116410083591664,2.51317143215752e-15
"T57G",0.152021253025132,1.42333333199204e-09
"T57H",0.244429798161473,0.38258477329161
"T57I",0.11078019310467,3.15205734563162e-31
"T57K",0.0342890108192758,2.66131382953759e-125
"T57L",0.050326361891994,8.28066081551458e-218
"T57M",0.153686198794243,1
"T57N",0.0187313136797501,1.17215753482778e-261
"T57P",0.136411245986456,2.20516015445447e-116
"T57Q",0.13662284785376,1.06330387775033e-17
"T57R",0.185710044121928,1
"T57S",0.18707443592157,1
"T57V",0.218276174079821,0.0653124939790016
"T57W",0.183081011060707,1
"T57Y",0.323079690633259,1.88514676800333e-64
"Q58A",0.12569301418055,1.27980228366368e-30
"Q58C",0.379801358419599,1.26842611834832e-52
"Q58D",0.107205245309866,2.72584478331216e-102
"Q58E",0.514898116511279,2.11661393324393e-303
"Q58F",0.646297866602406,1e-300
"Q58G",0.519761675005216,7.62872684198937e-109
"Q58H",0.383301223804446,1.92742067389479e-63
"Q58I",0.362023130943241,1.07819219378129e-159
"Q58K",0.51458372841379,1.65141464479932e-261
"Q58L",0.174929136186999,1
"Q58M",0.117057845896799,8.880964959709e-38
"Q58N",0.0578357346665758,7.70310332611819e-71
"Q58P",0.254144835222045,2.28084138256083e-13
"Q58R",0.0281604884994078,1.76675564025421e-87
"Q58S",0.13534144809198,1.14221647445771e-05
"Q58T",0.04922256162878,1e-300
"Q58V",0.461087285238206,2.22752749786631e-55
"Q58W",0.338468778649732,1.5445659659363e-28
"Q58Y",0.436552504292011,1.00861875727067e-35
"H59A",0.23397464735118,0.00890835503082546
"H59C",0.0451043300346485,2.44059861525904e-63
"H59D",0.0784159687176383,2.13584625410164e-65
"H59E",0.195034229364971,1
"H59F",0.290938205927149,5.05989430492058e-16
"H59G",0.0381027339703876,9.11714698178447e-296
"H59I",0.125052686502609,1.14480044528085e-40
"H59K",0.0213036006788958,7.34282887617112e-242
"H59L",0.106404264928168,5.53680088899035e-33
"H59M",0.252982698001493,0.51539489152354
"H59N",0.424676583506055,2.29803894636734e-219
"H59P",0.139673931797756,2.75657750122284e-61
"H59Q",0.0687314175329284,1.91747036751006e-80
"H59R",0.004629600394017,5.97641645293442e-85
"H59S",0.0257773012211584,1.33191612472419e-110
"H59T",0.238330638860969,5.00158153783977e-08
"H59V",0.190698886441626,1
"H59W",0.122597350591146,9.31000350599898e-33
"H59Y",0.161951342012402,0.00254257957881191
"G60A",0.204082752779883,1
"G60C",0.261965111581096,3.23704105962242e-26
"G60D",0.287671520217805,1.75919495419323e-50
"G60E",0.239728743896928,1.31574112648774e-13
"G60F",0.121114676607716,2.5507345040652e-26
"G60H",0.266427856821539,1.0428101299468e-11
"G60I",0.20345510035225,1
"G60K",0.0301346078942958,9.88393581552941e-68
"G60L",0.205115126280511,1
"G60M",0.173165628860184,0.0414185793959753
"G60N",0.115025787370105,1.15107092339135e-54
"G60P",0.0952142424785137,1.24127336410261e-29
"G60Q",0.167113519624506,1
"G60R",0.215140871692006,1
"G60S",0.0472912151767415,2.69587647089403e-226
"G60T",0.13930584359543,6.43739318282816e-15
"G60V",0.154807141052222,1.41369555925795e-10
"G60W",0.494689739663133,1.91030632779487e-80
"G60Y",0.0518798276468403,4.51282401247762e-174
"K61A",0.085054559304957,2.52837603529683e-26
"K61C",0.263846014290259,8.48440234901639e-30
"K61D",0.0756427971746651,4.77021494489866e-181
"K61E",0.0314881015830611,1.42222789844537e-201
"K61F",0.2957653280292,3.88085264457781e-14
"K61G",0.159315072309574,0.46182720381161
"K61H",0.03215766621194,5.78610500768297e-92
"K61I",0.169496045864235,7.50303001191076e-05
"K61L",0.0145262998593015,1e-300
"K61M",0.184081419886249,1
"K61N",0.64846263674147,1e-300
"K61P",0.0541920446121879,1.10521666494468e-145
"K61Q",0.0354583801932629,9.33053028177837e-123
"K61R",0.143074257180945,1.46360930330585e-11
"K61S",0,1
"K61T",0.132165616267799,1.18488552074072e-07
"K61V",0.0785615762887292,2.54480040604481e-64
"K61W",0.107121257966829,2.35021137366482e-97
"K61Y",0.12032134656752,7.8117763511129e-37
"E62A",0.143986432507592,1
"E62C",0.188355067292698,1
"E62D",0.0567563983439489,1.47411165999969e-142
"E62F",0.0674262523650875,1e-300
"E62G",0.240471858878228,2.32342781940924e-17
"E62H",0.114384752528378,4.74138312028938e-12
"E62I",0.197294377200719,1
"E62K",0.0229851881299004,2.61427301322757e-307
"E62L",0.182176938869239,1
"E62M",0.0820857705175391,3.33468342973308e-301
"E62N",0.0879475480679316,5.79667924685051e-162
"E62P",0.143813554643047,5.89665892000393e-12
"E62Q",0.169716013761438,1
"E62R",0.126930528914418,2.78939044795677e-10
"E62S",0.276075639954553,6.3489364686641e-23
"E62T",0.437660438975115,3.81125848498188e-68
"E62V",0.27279417104311,2.99539624887063e-37
"E62W",0.0744634123871091,2.22135315828729e-60
"E62Y",0.272402712340334,3.0289792465587e-15
"D63A",0.123032654718877,6.47386232816411e-06
"D63C",0.254551112741629,5.57231786058415e-15
"D63E",0.0472082557735694,2.11993501692553e-212
"D63F",0.212066908835152,1
"D63G",0.440391730105308,5.48492234807929e-138
"D63H",0.220953341729627,1
"D63I",0.1342221738097,1.00099527656344e-10
"D63K",0.0636504067854732,2.98902010258808e-90
"D63L",0.217199708971736,1
"D63M",0.191600479464668,1
"D63N",0.263248474856146,1.39035747506142e-07
"D63P",0.0463315251708146,3.32022743362888e-112
"D63Q",0.463071921411222,3.29018156043026e-141
"D63R",0.224879711031001,0.909890286267376
"D63S",0.656221909642975,1e-300
"D63T",0.0621312735931855,1.50561781076398e-25
"D63V",0.0926899360964009,2.59330063497891e-72
"D63W",0.142445117914755,2.17688393598817e-08
"D63Y",0.16723106156098,1
"L64A",0.298361366407404,4.4871878649685e-10
"L64C",0.295638674453063,3.48354827246079e-198
"L64D",0.48733906565503,1e-300
"L64E",0.202214756541755,1
"L64F",0.0655208635643467,1.84025573838265e-217
"L64G",0.389781453656916,4.76987486362449e-18
"L64H",0.276600723861973,6.99322876676607e-33
"L64I",0.148297488238637,2.02620888488727e-21
"L64K",0.237985494253639,0.236835919918304
"L64M",0.193843263818544,1
"L64N",0.251006682705742,6.17888467251759e-08
"L64P",0,1
"L64Q",0.0806044069504514,1.68595501553682e-162
"L64R",0.151960557751395,0.00499761749528594
"L64S",0.51704218945908,6.00885116180262e-42
"L64T",0.330283955898923,1.53959022125799e-34
"L64V",0.253688224355314,1.43103109992002e-49
"L64W",0.173875445198228,1
"L64Y",0.255564154103549,0.0148360113228077
"K65A",0.0866369976961004,5.13436907888461e-92
"K65C",0.29780282940409,4.794492019984e-25
"K65D",0.0722956281588761,4.28397203147976e-207
"K65E",0.0902361539281322,8.86056869080482e-42
"K65F",0.133550082566208,3.92585733837712e-06
"K65G",0.0498276438741753,1e-300
"K65H",0.223778249956469,0.0319192315273929
"K65I",0.0841272782987676,8.57768695329373e-20
"K65L",0.153211381249809,0.000523556535217871
"K65M",0.197422448003147,1
"K65N",0.0385258761146892,1e-300
"K65P",0.0922318865986883,1.62356870789163e-09
"K65Q",0.107397713765344,3.34679774332046e-27
"K65R",0.0807864920613359,7.31180403922515e-80
"K65S",0.0990502278657242,9.07944998412502e-78
"K65T",0.0419897650665234,1.60961696566684e-300
"K65V",0.3550548992711,6.9528169820467e-290
"K65W",0.0369158143639757,1.62109783374627e-148
"K65Y",0.0335263704209369,1e-300
"F66A",0.122280358857307,2.59986415977794e-31
"F66C",0.218124461766599,1
"F66D",0.212572626885755,1
"F66E",0.490453883318853,1.94239929062006e-237
"F66G",0.207187515345968,1
"F66H",0.168940285546088,1
"F66I",0.0251537841371193,7.90044657945508e-232
"F66K",0.118974388207889,1
"F66L",0.538545238123778,2.88362684856819e-147
"F66M",0.451639388859174,1.61362269061573e-37
"F66N",0.0762074333637525,2.06797688168062e-104
"F66P",0.301928379333442,3.445126092262e-43
"F66Q",0.0660299469458794,1.05017377952331e-22
"F66R",0.103948930485754,2.99360350420733e-21
"F66S",0.39481232160177,2.26416137550674e-23
"F66T",0.339738201903888,3.99041643058389e-62
"F66V",0.215397159320188,1
"F66W",0.205270049392622,1
"F66Y",0.00543838600501997,2.33584974765923e-58
"P67A",0.257511211003178,1.9505244536905e-78
"P67C",0.153500837223496,3.32221515263683e-20
"P67D",0,1e-300
"P67E",0.138400670277008,1.97122703595323e-35
"P67F",0.103047871435192,1.30320144183995e-72
"P67G",0.0598953004476619,6.56172825638647e-104
"P67H",0.274342709726337,1.25015981959727e-45
"P67I",0.182117108552293,1
"P67K",0.180473720655885,1
"P67L",0.277977267083753,3.51367979568339e-22
"P67M",0.0597649111329962,4.1861275720517e-71
"P67N",0.16847059186882,1
"P67Q",0.1541238873647,0.091743537800488
"P67R",0.254354936290302,4.04885995954174e-06
"P67S",0.0993501742165284,3.88183859285177e-28
"P67T",0.282923799491982,3.29537951489021e-23
"P67V",0.123998844724174,2.703006927773e-14
"P67W",0.125304629673025,1.22989392807444e-38
"P67Y",0.0981207530167667,2.36608829890453e-61
"R68A",0.113258945787023,1.8631388881954e-54
"R68C",0.125785924098745,0.000129129823903537
"R68D",0.0966645337874835,3.07510374725813e-32
"R68E",0.0289858017551859,2.36631510769434e-251
"R68F",0.0291094385401547,1e-300
"R68G",0.0827147190815864,1.2103165684615e-169
"R68H",0.144108042670183,0.0761626264555568
"R68I",0.0729987840157403,8.11494143615022e-88
"R68K",0.156503957179421,7.45251976847139e-08
"R68L",0.28249790498354,1.17405645685791e-23
"R68M",0.276879971951855,2.94384129048191e-12
"R68N",0.264963604550578,1.08014944119394e-19
"R68P",0.17099786290301,1
"R68Q",0.209951478917138,1
"R68S",0.159010724413409,4.31519677631479e-10
"R68T",0.0594659855170696,5.2483661898762e-103
"R68V",0.105125209097564,4.86893224282248e-16
"R68W",0.0356939996255301,1e-300
"R68Y",0.0677717690956079,3.78847755025852e-112
"G69A",0.122926090652571,6.75834954742432e-29
"G69C",0.17057044638155,1
"G69D",0.203648346711894,1
"G69E",0.229592669301378,3.45350982448675e-06
"G69F",0.168481104589341,0.00775601980352975
"G69H",0.212729552618713,1
"G69I",0.170777669731088,1
"G69K",0.302507836272216,5.81255350449149e-11
"G69L",0.249453762407034,2.96606639134374e-21
"G69M",0.210749479469617,0.0241152957981973
"G69N",0.321704166061614,5.00263607115542e-21
"G69P",0.44661313588663,3.000133487693e-77
"G69Q",0.37703385756888,2.22023077100949e-103
"G69R",0.116372645473831,3.93318326420785e-20
"G69S",0.11882417312803,4.54253759331669e-43
"G69T",0.301175144408555,7.2174082342553e-33
"G69V",0.283297144606269,8.48422975760781e-17
"G69W",0.260355529635028,1.54347305125558e-24
"G69Y",0.118263740323664,8.81353249886151e-34
"Q70A",0.198762837499114,1
"Q70C",0.305204111967507,2.26368898082203e-114
"Q70D",0.145087133697282,6.0464813598757e-16
"Q70E",0.118677667931769,4.63561955395275e-47
"Q70F",0.245927565758041,1.32201175747541e-09
"Q70G",0.1645511996763,1
"Q70H",0.0653549760376411,2.05948836571668e-38
"Q70I",0.228036510801605,6.87214214754274e-07
"Q70K",0.369602418653096,2.67536411681115e-77
"Q70L",0.108893128558165,1.83799719368596e-17
"Q70M",0.110142863856267,1.6351488773605e-65
"Q70N",0.434173652515944,4.29608820032533e-57
"Q70P",0.0952557301658682,5.27598663790472e-17
"Q70R",0.238985439903166,2.44335342031511e-11
"Q70S",0.244194274116271,2.40341426136302e-18
"Q70T",0.123129965968093,6.70622157100548e-36
"Q70V",0.199390881091938,1
"Q70W",0.199296025129623,1
"Q70Y",0.0555059536601825,5.83798187029066e-299
"G71A",0.28723170216506,4.64988001982257e-76
"G71C",0.14422665011271,1
"G71D",0.540330294040235,1e-300
"G71E",0.407783417709458,2.46733971801639e-300
"G71F",0.648488080669366,7.06746381138473e-263
"G71H",0.425762172510782,8.32139848640152e-71
"G71I",0.585143758812336,1e-300
"G71K",0.225246102338609,1
"G71L",0.686803834045865,1e-300
"G71M",0.707891783849679,1e-300
"G71N",0.0262317799725568,4.01982332175162e-287
"G71P",0.118648778290401,3.2327713364198e-36
"G71Q",0.148279792388881,1
"G71R",0.337304835607361,8.45255152375632e-53
"G71S",0.271917904226996,1.44763740714918e-26
"G71T",0.18498472172736,1
"G71V",0.643771614994489,1e-300
"G71W",0.884845833447179,1e-300
"G71Y",0.175470520939782,1
"V72A",0.19467359950671,1
"V72C",0.43374506899561,3.568758397573e-112
"V72D",0.283346586136781,1.90383715965575e-30
"V72E",0.460933727213355,4.02045134427811e-156
"V72F",0.0252927938276294,1e-300
"V72G",0.48648946878001,6.30431031591722e-103
"V72H",0.461624360070419,1.8061850450345e-207
"V72I",0.0884749123024544,2.31568902798699e-119
"V72K",0.0754304405876437,4.03635393470119e-195
"V72L",0.389606254618322,8.11367062450302e-195
"V72M",0.286742211745888,0.000391574839608351
"V72N",0.316273364301534,8.93185886225793e-126
"V72P",0.340149833903333,1.01056800813142e-35
"V72Q",0.245478631138926,4.32657398857056e-14
"V72R",0.258406413755483,2.04263376469957e-13
"V72S",0.0970601776254996,3.59149924347175e-59
"V72T",0.196075547110741,1
"V72W",0.226235561282913,1.4447230678463e-07
"V72Y",0.256230981260663,8.29045789172028e-06
"P73A",0.258651456038047,7.77185887116773e-76
"P73C",0.144776803201173,0.00040311577677134
"P73D",0.387925584797389,8.06207631217381e-162
"P73E",0.730148039261102,1e-300
"P73F",0.616180786688619,2.53517224679533e-70
"P73G",0.650182998341092,1e-300
"P73H",0.639382194286897,1e-300
"P73I",0.400553908319101,6.05508604961686e-222
"P73K",0.317445059754988,4.6149017658859e-127
"P73L",0.302912058723571,1.26518976229906e-166
"P73M",0.170727433398231,1
"P73N",0.178456667238428,1
"P73Q",0.4661112140667,1e-300
"P73R",0.17655357890761,1
"P73S",0.498315108799016,9.88654623507882e-162
"P73T",0.190478505572987,1
"P73V",0.235318465780958,6.39057807643835e-11
"P73W",0.625398074270246,1e-300
"P73Y",0.312157364762327,1.48515933321814e-144
"I74A",0.232354817067314,1.7581596118051e-06
"I74C",0.128480683322156,1.63959466815143e-74
"I74D",0.156103159116381,9.85029913287302e-15
"I74E",0.234805067415079,1
"I74F",0.248526566933699,4.50695394713541e-14
"I74G",0.124920767456383,6.5302789244778e-10
"I74H",0.168102987223611,0.13446126399216
"I74K",0.431310407617147,6.01794181765322e-21
"I74L",0.124998099756541,5.08184683641447e-94
"I74M",0.049100409358704,2.25618966798799e-239
"I74N",0.134137729708357,4.801205018773e-41
"I74P",0.237997315927507,0.0505047280497811
"I74Q",0.179813915006653,1
"I74R",0.164107789379881,0.000135654828449867
"I74S",0.205140969826207,1
"I74T",0.167067076771557,1
"I74V",0.252856635897477,1.94165221598182e-59
"I74W",0.158676800725146,1.29202267365334e-11
"I74Y",0.14387640386896,9.38034389108733e-16
"N75A",0.243290353978568,2.92731798292893e-11
"N75C",0.170272381694319,1
"N75D",0.575221136611385,9.6730102677259e-254
"N75E",0.174602072002927,1
"N75F",0.174713648121399,1
"N75G",0.232407616411756,2.20087828144779e-12
"N75H",0.287589667590014,3.81725759571818e-19
"N75I",0.455598080498762,1.31960429676409e-125
"N75K",0.168681898637854,1
"N75L",0.223314910030411,5.96288456281753e-06
"N75M",0.0488745155520276,4.70779670795143e-165
"N75P",0.409513600359906,4.77903981371167e-126
"N75Q",0.35720657404211,1.17027596112665e-38
"N75R",0.0142676220809304,1e-300
"N75S",0.182041842120946,1
"N75T",0.285759907392614,2.5124710949706e-29
"N75V",0.592973616150569,4.01833767138744e-83
"N75W",0.142274581082482,1.04517996312451e-12
"N75Y",0.104599937730144,3.38233387054921e-61
"T76A",0.0941140682838524,1
"T76C",0.0802968842045798,3.64290013322885e-77
"T76D",0.0999431776110115,1.82374276362496e-36
"T76E",0.107091427819396,4.48272881962753e-14
"T76F",0.100074996302891,5.71404625294694e-61
"T76G",0.142051288859526,3.91434167120574e-09
"T76H",0.119151655155591,2.06960720371097e-35
"T76I",0.223599211263138,1
"T76K",0.0128639278123831,6.28864240655791e-104
"T76L",0.0174385670557815,1e-300
"T76M",0.181691169293421,1
"T76N",0.14548269439616,1
"T76P",0.041759616976905,2.18984624092537e-100
"T76Q",0.164449316123646,1
"T76R",0.0248652793480733,1e-300
"T76S",0.067345055249302,3.49899041833236e-33
"T76V",0.205397052994994,1
"T76W",0.061089839785713,4.75125621663824e-32
"T76Y",0.0971782734812773,9.0604044251452e-36
"N77A",0.225423967466035,0.118509958489948
"N77C",0.192455015349636,1
"N77D",0.00548189309306013,2.22938004271283e-106
"N77E",0.0956429485811765,1.70522983762111e-26
"N77F",0.0730714339836848,6.00458704568002e-41
"N77G",0.143102457831368,0.000662728743004207
"N77H",0.118446043883548,3.54412349240763e-15
"N77I",0.189299599419445,1
"N77K",0.0924296216216778,3.07581269577075e-39
"N77L",0.145638103201339,5.1209228761294e-10
"N77M",0.189062733022298,1
"N77P",0.230785197489531,2.43775208978881e-22
"N77Q",0.115400003469761,4.19467974958131e-37
"N77R",0.297761773138581,2.10949224071468e-20
"N77S",0.15839394738081,1
"N77T",0.312307428489234,5.24126611560735e-111
"N77V",0.043765026180167,2.37849370476496e-46
"N77W",0.272415433711106,0.257962732197165
"N77Y",0.0856341987573676,4.68287180532099e-61
"S78A",0.0086373067895638,1e-300
"S78C",0.1165122873525,6.80916879852141e-38
"S78D",0.234645129301269,2.44216975980866e-11
"S78E",0.215607349334565,1
"S78F",0.197669272931875,1
"S78G",0.199651516991983,1
"S78H",0.110589579412081,3.84852832788391e-08
"S78I",0.143878912807614,3.8234076119538e-11
"S78K",0.265236979193563,6.17524514851664e-23
"S78L",0.0978459354056229,4.68182267345751e-21
"S78M",0.0867652796956504,1.15944988620026e-87
"S78N",0.0721139913903017,3.43004308794532e-82
"S78P",0.150468390341329,5.1648030589871e-23
"S78Q",0.0864539218305656,1.1309064306834e-187
"S78R",0.262507503079193,4.15489290725323e-25
"S78T",0.182587574122508,1
"S78V",0.211268194971808,1
"S78W",0.119806776785276,3.66326171775234e-19
"S78Y",0.158800871346583,0.266881921009384
"S79A",0.428042812333572,1e-300
"S79C",0.241918425412153,1
"S79D",0.0306868203894781,2.60250711530934e-155
"S79E",0.303791209917491,2.16667449124122e-17
"S79F",0.205463115473175,1
"S79G",0.0983180084597295,1.36994137971892e-33
"S79H",0.0674108064634954,1.52318834977894e-69
"S79I",0.0857039883575778,1.21974011248237e-191
"S79K",0.207994588086867,1
"S79L",0.409555414673901,9.30617443410305e-115
"S79M",0.137304960572689,1
"S79N",0.0759176786759828,1.28127431521276e-38
"S79P",0.0217764584104791,1e-300
"S79Q",0.178070507375376,1
"S79R",0.0785747516453032,3.33252721125136e-147
"S79T",0.094818314709656,6.13685963638154e-29
"S79V",0.274958946203811,9.70659085876721e-33
"S79W",0.016457911026089,1e-300
"S79Y",0.614797073839713,1.07301611808923e-263
"P80A",0.231450856863722,0.00299888587301003
"P80C",0.199592919869479,1
"P80D",0.00847885961192205,1e-300
"P80E",0.0971827739990327,3.79697455058819e-40
"P80F",0.0943530005648754,1.81181302814877e-125
"P80G",0.0327071560892765,1e-300
"P80H",0.0651735278872278,4.27108914648044e-113
"P80I",0.174748807155516,1
"P80K",0,1.09569659610025e-247
"P80L",0.0164193687244773,1e-300
"P80M",0.0677899759513017,7.74705164190399e-87
"P80N",0,1.83314785921655e-73
"P80Q",0.00567781180398311,1e-300
"P80R",0.338145878197595,2.5372405991493e-129
"P80S",0.0938174903375798,1.07610152157759e-10
"P80T",0.506762542231986,1.207947081248e-168
"P80V",0.0919324713223986,1.59117491079296e-77
"P80W",0.212510949059878,1
"P80Y",0.144656088178,1
"D81A",0.0857089074190005,6.04037336449019e-256
"D81C",0.0861531953409095,1.61094153455782e-28
"D81E",0.033469126719711,1.87250653019081e-159
"D81F",0,4.40536627437462e-38
"D81G",0.244556759078042,4.70536924512722e-07
"D81H",0.192616505746064,1
"D81I",0.145188086583502,0.000116001473232145
"D81K",0.131127523991854,1.1224527287549e-38
"D81L",0.357545256745826,1.78259291623833e-44
"D81M",0.0502788620083281,3.16848748808166e-267
"D81N",0.148555568072103,7.68884455952749e-05
"D81P",0.092270804557024,1.78381047190707e-113
"D81Q",0.0376575316965852,2.30143475511916e-74
"D81R",0.247899470615965,0.00133633031398897
"D81S",0.0893147641046179,2.09467640289438e-165
"D81T",0.109796603939187,0.00078878826415324
"D81V",0.100522621020417,4.17273912057729e-48
"D81W",0.301543290486961,5.53482890886065e-36
"D81Y",0.324666655154733,5.12745009190882e-09
"D82A",0.473814659025428,1e-300
"D82C",0.017582973871414,4.68388338374795e-122
"D82E",0.127296076758719,2.58411142950841e-48
"D82F",0.0896277313690629,3.60521029734153e-37
"D82G",0.178268243440642,1
"D82H",0.127084443873781,1
"D82I",0.22241198544029,0.000137081902954932
"D82K",0.115201826449271,1.56850344134626e-13
"D82L",0.0754788845128348,2.93583310156713e-31
"D82M",0.181909752035538,1
"D82N",0.518515244129904,1.5419487226787e-55
"D82P",0.667677163674123,1.3969857727004e-70
"D82Q",0.105759152414825,7.91731246489124e-49
"D82R",0.169913375677753,1
"D82S",0.082915264018795,1.24590611377303e-94
"D82T",0.333884099827617,4.19784732387028e-30
"D82V",0.190766634848105,1
"D82W",0.198605872034308,1
"D82Y",0.279323887769734,1.64796712926224e-26
"Q83A",0.081425192739265,1.07013186552243e-96
"Q83C",0.463085964532417,1.17546521598127e-221
"Q83D",0.0726368337681978,1.34905804622814e-112
"Q83E",0.178370289374324,1
"Q83F",0.228398314297105,0.399924188425054
"Q83G",0.171443485925388,1
"Q83H",0.0495273109804303,2.21667166573699e-184
"Q83I",0.187016173485324,1
"Q83K",0.0789417968226947,7.65217721220119e-98
"Q83L",0.0884356239337044,8.10705948531234e-188
"Q83M",0.287370459794298,2.19581258443504e-15
"Q83N",0.117686427623305,7.00277403146324e-15
"Q83P",0.628231693784082,1e-300
"Q83R",0.409824154401312,9.86453364999396e-122
"Q83S",0.179944777498233,1
"Q83T",0.472165511751892,4.46198950955528e-150
"Q83V",0.0899586962894495,1.92555355685514e-63
"Q83W",0.0616681275465488,2.01685583712405e-107
"Q83Y",0.122355907443195,0.32533977771879
"I84A",0.186452399430274,0.0487952258439067
"I84C",0.185079716117897,1
"I84D",0.149643713423666,6.8399549087767e-11
"I84E",0.533876336610173,2.47652695801039e-143
"I84F",0.742383750682952,8.12431733434596e-216
"I84G",0.115505228213961,3.55370183893974e-27
"I84H",0.60125157148859,1e-300
"I84K",0.425123577999688,8.72762145854143e-66
"I84L",0.453407339418875,3.39795617974915e-295
"I84M",0.187127583282975,1
"I84N",0.297827060153181,1.41945542949299e-32
"I84P",0.617115608147847,3.37219572203864e-208
"I84Q",0.354495383565186,2.00454777135056e-160
"I84R",0.479465571241239,6.64389089243196e-90
"I84S",0.587950731916159,5.22430026607454e-241
"I84T",0.0914178645831941,6.47911481896099e-51
"I84V",0.0752565228549196,1.61059204204897e-71
"I84W",0.484414285130071,1e-300
"I84Y",0.321150066676769,5.0280250834423e-42
"G85A",0.53850441058472,1.06036388061046e-278
"G85C",0.380191817723298,2.24637096929526e-84
"G85D",0.254079151521129,5.27542187509765e-09
"G85E",0.478621567316903,1e-300
"G85F",0.311813367382948,7.63567269879753e-60
"G85H",0.647218135083577,2.40275746108132e-210
"G85I",0.801356705926382,1e-300
"G85K",0.466185580659827,1e-300
"G85L",0.617897332588136,1.65273828198122e-239
"G85M",0.923612002092441,1e-300
"G85N",0.173716068541536,1
"G85P",0.425807496239713,5.77483901175752e-24
"G85Q",0.501066940928246,1e-300
"G85R",0.0921707672929255,3.32460404562886e-96
"G85S",0.448076612296895,1e-300
"G85T",0.552228980289975,1e-300
"G85V",0.593837104465327,1e-300
"G85W",0.294235495578636,4.27885464146623e-34
"G85Y",0.41818216144007,3.01520393024592e-156
"Y86A",0.873055648547355,1e-300
"Y86C",0,1.07018772864559e-09
"Y86D",0.767049639111324,1e-300
"Y86E",0.119515703114867,1.33959214365953e-59
"Y86F",0.409573146444708,2.27166246184894e-87
"Y86G",0.0985730939029879,8.99558766099197e-54
"Y86H",0.11903923973237,2.97838371742719e-07
"Y86I",0.616173297578917,1e-300
"Y86K",0.0944754923103029,8.40210749408403e-56
"Y86L",0.597841800956888,1.63182896213951e-305
"Y86M",0.729255634346681,1e-300
"Y86N",0.497398292655259,4.82365089241338e-126
"Y86P",0.4316650411525,7.434655873736e-226
"Y86Q",0.459852714391478,1.95589080412431e-101
"Y86R",0.0991714023736171,6.40230542531189e-30
"Y86S",0.367133896016349,1.40654058997257e-66
"Y86T",0.426622251012613,1.76399600678346e-155
"Y86V",0.50842674101042,1e-300
"Y86W",0.561036846528056,1e-300
"Y87A",0.240104881925899,9.52803264794695e-05
"Y87C",0.0947395791657775,3.81438794330345e-14
"Y87D",0.309004117907869,9.98718112758881e-26
"Y87E",0.945957836256614,1e-300
"Y87F",0.0723756857742943,2.27986225017226e-236
"Y87G",0.413232276766797,5.517979547056e-167
"Y87H",0.685168413152166,1.22095570810154e-234
"Y87I",0.242504680028415,5.68642198216814e-06
"Y87K",0.215460532273558,3.74695058516292e-07
"Y87L",0.37474649543257,1e-300
"Y87M",0.399566148026095,2.63335198962131e-133
"Y87N",0.282176092864894,4.5508361764648e-53
"Y87P",0.464714454662863,2.00253904259144e-240
"Y87Q",0.356742731354343,1.97408263590896e-157
"Y87R",0.0744926518339501,4.67755551486498e-105
"Y87S",0,1
"Y87T",0.291340406749545,3.89027792310733e-49
"Y87V",0.272465823737625,7.11276722323089e-32
"Y87W",0.186563417956819,1
"R88A",0.0473686200450871,1.20603410656778e-25
"R88C",0.161577891071826,1
"R88D",0.533863613013933,1e-300
"R88E",0.490461247712428,1.02166460079171e-132
"R88F",0.118017334132551,3.48222727547462e-27
"R88G",0.222378478238047,1
"R88H",0.213324198043491,1
"R88I",0.11531760105535,2.08147991051138e-13
"R88K",0.415465980650209,3.97801087812061e-182
"R88L",0.180072541542034,1
"R88M",0.0143169761539668,1e-300
"R88N",0.130202512179735,6.29079624477278e-28
"R88P",0.231211283002517,1
"R88Q",0.303077087393007,9.15190240159374e-28
"R88S",0.152316258843097,0.0204453099159376
"R88T",0.150733337746677,0.000510460559203593
"R88V",0.262162236908829,4.25032682428103e-09
"R88W",0.159518949498702,0.197731415841036
"R88Y",0.167283691756595,1
"R89A",0.228321447767655,1
"R89C",0.204625332307319,1
"R89D",0.117652400052748,7.18764622972666e-144
"R89E",0.276881531658886,3.14742077348555e-39
"R89F",0.122407233064315,1.18685327945223e-93
"R89G",0.144848598285428,1.51882766103164e-27
"R89H",0.135647732039502,2.01494771710504e-11
"R89I",0.751612428229914,1e-300
"R89K",0.134133546685576,4.04434473162241e-15
"R89L",0.141192555122521,9.02517696536307e-38
"R89M",0.129601730882147,2.66573373027985e-25
"R89N",0.529515854240458,2.2803752908204e-54
"R89P",0.355742703003897,1.72670440913538e-131
"R89Q",0.113003770693782,1.4810229805702e-78
"R89S",0.223843896182901,5.70409605611577e-16
"R89T",0.551417740905652,1e-300
"R89V",0.254620855106858,4.02741044410656e-11
"R89W",0.244692297803407,2.58624976118666e-30
"R89Y",0.517516453070765,3.00384752595074e-96
"A90C",0.338813457015226,5.29944016760756e-24
"A90D",0.200225462584678,1
"A90E",0.158594467187586,0.000494410359259857
"A90F",0.109202174733095,3.38153505620591e-15
"A90G",0.0610726341610071,1e-300
"A90H",0.0591477149453179,5.49165936121734e-307
"A90I",0.184023846160091,1
"A90K",0.0427275492754104,2.53996474712311e-113
"A90L",0.110984329201205,1.72082935170097e-63
"A90M",0.0847942019955852,7.52148992739745e-295
"A90N",0.0977829339572343,3.89332847866114e-12
"A90P",0.163443631679398,0.4717833638494
"A90Q",0.119111539915935,5.53882995590468e-24
"A90R",0.179897491914943,1
"A90S",0.0201160563943364,3.04997039268487e-316
"A90T",0.154755337594846,2.90814500653514e-12
"A90V",0.0923852784895379,2.92407093280214e-160
"A90W",0.134515041160086,0.00108954930649411
"A90Y",0.0655105791663434,9.16045101196584e-84
"T91A",0.17941378918263,1
"T91C",0.142312518674623,2.27043485425846e-09
"T91D",0.136367729114596,1.60185769793221e-18
"T91E",0.0334731380901887,6.91274746436919e-70
"T91F",0.0680349970946846,5.09583623184337e-60
"T91G",0.0572294635142874,1.56404707444509e-96
"T91H",0.145738622413768,1.18511036492134e-12
"T91I",0.143063329485676,4.37999395099222e-08
"T91K",0.0645047955338851,3.17996937875189e-135
"T91L",0.227012108843046,1
"T91M",0.146700462485414,1
"T91N",0.131953475434869,5.23954690079162e-36
"T91P",0.0497013077929347,2.13749343423171e-171
"T91Q",0.0951613149052918,1.85732043670376e-33
"T91R",0.124109517582302,2.13209845447338e-18
"T91S",0.0649867842543131,1.04759680830907e-55
"T91V",0.0706855465651933,3.59202345868211e-196
"T91W",0.0794893652557636,4.20827227253555e-34
"T91Y",0.217192080104085,0.219464196915408
"R92A",0.155806008432784,1
"R92C",0.0298425434843187,2.56386720571348e-251
"R92D",0.191035336795245,1
"R92E",0.0764852938482079,1.31905812720246e-230
"R92F",0.19595885953485,1
"R92G",0.40208678077261,3.22588504199325e-153
"R92H",0.142509611030172,1.52387708335369e-10
"R92I",0.30509879031628,2.19113808185289e-60
"R92K",0.169049217481939,0.51132954625664
"R92L",0.417261266619404,1e-300
"R92M",0.0425047617663975,8.56287818020088e-89
"R92N",0.0328173999913491,1e-300
"R92P",0.143635682560146,3.49363184374555e-10
"R92Q",0.0845012251682811,3.51520765356493e-49
"R92S",0.247863570211832,1
"R92T",0.289760714983596,1.02849244016437e-26
"R92V",0.16467901025142,0.00468265432317726
"R92W",0.213947617767295,1
"R92Y",0.201505173936448,1
"R93A",0.0678758429815796,1.03631341353337e-47
"R93C",0.537650925758507,4.48785478368492e-92
"R93D",0.193368896378222,1
"R93E",0.10106200162134,6.2080928797547e-38
"R93F",0.188250177333111,1
"R93G",0.10145195472299,3.03551765782115e-46
"R93H",0.111275471609675,3.56590940059431e-70
"R93I",0.106358196834954,6.03900722134736e-92
"R93K",0.22017355843707,1
"R93L",0.0959162923103058,1.57360876978447e-119
"R93M",0.0542557571767738,3.14449265168923e-74
"R93N",0.388277602127737,8.59795053000361e-126
"R93P",0.0244181009962643,1.47327676883976e-91
"R93Q",0.0240484739283293,2.20917668086069e-49
"R93S",0,1.77469882031732e-75
"R93T",0,4.09994769924451e-23
"R93V",0.353310273437287,4.58365917897391e-72
"R93W",0.156391603656031,0.00804645740658612
"R93Y",0.620853779155543,6.14379080385031e-148
"I94A",0.0821439110333933,3.27863262171824e-43
"I94C",0.149161919544219,1
"I94D",0.287081520432994,1.58587347496525e-06
"I94E",0.193504014829436,1
"I94F",0.0453140886946139,1e-300
"I94G",0.0949677038405056,3.33497060139351e-52
"I94H",0.141510508602658,1.98037597901531e-09
"I94K",0.056272004665962,3.59730805401719e-129
"I94L",0.231098803117811,8.13328864480044e-07
"I94M",0.073753564663561,3.79609245571698e-314
"I94N",0.0712361471477902,2.34638699502209e-176
"I94P",0.124294362195615,1.12660219374224e-12
"I94Q",0.207803732041632,1
"I94R",0.112517288584472,4.6720589867499e-88
"I94S",0.112398737167865,2.4426740202409e-30
"I94T",0.0967606805441713,1.4306839787849e-46
"I94V",0.128132619377294,3.3343423096912e-12
"I94W",0.666461169764795,1.48774381251566e-87
"I94Y",0.0572332861049557,2.87575390135386e-98
"R95A",0,2.55549458329453e-19
"R95C",0.0970380012127531,3.10243377941443e-245
"R95D",0.080260082803524,6.41275629310919e-236
"R95E",0.381592588743817,3.87633490397282e-45
"R95F",0.0833133277077589,4.03646170304841e-81
"R95G",0.09216633124297,5.63663434637477e-43
"R95H",0.023313989201671,2.41824465971222e-140
"R95I",0.437292128356391,2.1080679305855e-109
"R95K",0.206583129753088,1
"R95L",0.208866202391613,1
"R95M",0.0392075731710814,1e-300
"R95N",0.0267960616445224,1.41917414257073e-135
"R95P",0.0747652322811699,7.82750217333099e-110
"R95Q",0.0542111699940219,3.55392054086347e-218
"R95S",0,3.60846154406401e-63
"R95T",0.010893719077319,1e-300
"R95V",0.248545617805992,0.000105384111255199
"R95W",0.0644911416483266,8.79553053933195e-88
"R95Y",0,1.27377706794159e-38
"G96A",0.0248603199240365,1
"G96C",0.0268705179185933,1e-300
"G96D",0.0832701319967191,1.09603764926845e-36
"G96E",0.0895085547652033,1.3548263450707e-125
"G96F",0.152605935048104,0.111582227753849
"G96H",0,1
"G96I",0,9.05390336285425e-71
"G96K",0.0934334164387402,1.85589500653263e-32
"G96L",0,1.39116142708126e-16
"G96M",0.072491922379134,2.2372618363791e-09
"G96N",0.138364626932065,9.10241831114022e-15
"G96P",0.330246508237337,4.09203765265578e-66
"G96Q",0.0816839083218342,0.225509213329775
"G96R",0.0698936029272084,2.51925252283722e-55
"G96S",0.244554103882786,0.00927084613673972
"G96T",0.128288663549997,0.0436184674997807
"G96V",0.0908955447222584,1.07368551627425e-20
"G96W",0.552073487138889,1e-300
"G96Y",0.132943362550635,0.00157804581390296
"G97A",0.141589591238254,7.94040125720331e-27
"G97C",0.0666752468411695,1.91612841062328e-125
"G97D",0.204411712021789,1
"G97E",0.143539570793471,5.85895669395266e-12
"G97F",0.135697341278687,2.41174145155422e-15
"G97H",0.280684465770383,5.03528442896362e-33
"G97I",0.332179146905703,7.58187260178945e-268
"G97K",0.0679668113282658,2.40573821223958e-308
"G97L",0.236783966008071,0.878900048366311
"G97M",0.305062665897057,4.21215528088749e-29
"G97N",0.00160492813659256,4.77532941012722e-179
"G97P",0.057452270944405,1e-300
"G97Q",0.693039668928117,9.90838838397242e-313
"G97R",0.104543235564154,5.18666913217065e-09
"G97S",0.170657291265599,1
"G97T",0.140608748250145,0.766552357316816
"G97V",0.182716970877464,1
"G97W",0.124851250742083,9.79919830305244e-34
"G97Y",0.0461865335955135,1.73172100978779e-111
"D98A",0.33415556369118,3.28487682737456e-12
"D98C",0.162498973829997,1
"D98E",0.0189668349020915,6.27930591600706e-27
"D98F",0.45017094140397,1.2488151554718e-291
"D98G",0.324210789445861,1.24333791051809e-56
"D98H",0.0599381460848348,2.60145250246514e-62
"D98I",0.333775109315328,4.23196711273044e-44
"D98K",0.0894691936194449,2.64797010184473e-35
"D98L",0.221182860009905,0.000689649246510575
"D98M",0.201638894792704,1
"D98N",0.173526848301493,1
"D98P",0.198882559392292,1
"D98Q",0.284428540494419,1.63420458581045e-11
"D98R",0.385582117865769,1.01066205646838e-218
"D98S",0.111590774008569,7.5825089649316e-52
"D98T",0.189073093191787,1
"D98V",0.466509136807675,1.23934723302709e-69
"D98W",0.122373256293027,9.92090179077701e-75
"D98Y",0.358116732705499,6.43564723242588e-229
"G99A",0.0727709810983509,1.3659607900376e-24
"G99C",0.0701056732445822,6.93964638340002e-67
"G99D",0.0916378010374184,1.66421735833474e-21
"G99E",0.262583517717224,1
"G99F",0.108221367608061,1.11887884768688e-55
"G99H",0.172861482680205,1
"G99I",0.196918863889321,1
"G99K",0.14195117330474,1.50420466348661e-10
"G99L",0.36225037603596,6.02396109841753e-32
"G99M",0.177931837266365,1
"G99N",0.0592088353094282,2.50059593228252e-125
"G99Q",0.201122563682067,1
"G99R",0.119467335183532,6.00082245936983e-34
"G99S",0.159046711642473,7.70190659494541e-07
"G99T",0.186774785071045,1
"G99V",0.351149751642621,1.35248056004391e-106
"G99W",0.365784814647359,7.02114868277857e-96
"G99Y",0.301148094133526,1.34907897015886e-08
"K100A",0.0708508360138327,4.39892269197539e-186
"K100C",0.0719176938982804,3.65559492136969e-56
"K100D",0.280015565520139,9.58907064142413e-19
"K100E",0.0558254176679651,1e-300
"K100F",0.165933488288498,0.712123625610745
"K100G",0.280251853416951,9.39917777456566e-12
"K100H",0.11472634672176,3.08475897999464e-08
"K100I",0.133683503171635,6.04550779619682e-25
"K100L",0.180496987117501,1
"K100M",0.131909654641424,3.81520029900289e-73
"K100N",0.0219021156255177,9.08193669854193e-35
"K100P",0.0837670798761426,3.15885755335879e-180
"K100Q",0.205445661929557,1
"K100R",0.163122108007389,0.0975772396876241
"K100S",0.175988292126129,1
"K100T",0.202559373648207,1
"K100V",0.0371651600628712,5.33727699414476e-135
"K100W",0.090688493367538,5.18218863746238e-15
"K100Y",0.0592706634078147,1.69335599382209e-98
"M101A",0.0294970660034873,4.72913719895076e-212
"M101C",0.124364532265563,2.10037129584218e-09
"M101D",0.104523631593596,9.90770629197406e-49
"M101E",0.189079750324954,1
"M101F",0.164242645754098,1
"M101G",0.074658420076639,1.26602967756946e-121
"M101H",0.834596454592654,2.32693835943895e-116
"M101I",0.254006663620834,0.100544771210605
"M101K",0.113441324622466,7.01738768904052e-20
"M101L",0.25184342807601,0.000263517253139095
"M101N",0.199691051462595,1
"M101P",0.032044357238203,1e-300
"M101Q",0.0389274019241526,1e-300
"M101R",0.0279978116260686,2.40324539822812e-300
"M101S",0.0728052226346783,1
"M101T",0.386044269145859,4.09328038014587e-20
"M101V",0.0490485357726437,1e-300
"M101W",0.064678469263058,1.09056546680786e-38
"M101Y",0.11950736375272,8.5889970813585e-22
"K102A",0.0894601245782839,1.23220935571427e-41
"K102C",0.0128096037929051,2.03985594382081e-251
"K102D",0.142982187645797,7.88529323399505e-17
"K102E",0.176568602458955,1
"K102F",0.116505151034369,4.86616191880155e-47
"K102G",0.0359796503062581,6.21660835043751e-95
"K102H",0.099759760185031,7.37010383458892e-50
"K102I",0.215921229644275,0.172176512841585
"K102L",0.0948128141257838,1.07189819955711e-10
"K102M",0.0649843362276636,1.20266656263466e-232
"K102N",0.251756922716903,0.666087241766812
"K102P",0.114635539634474,0.00017935772393421
"K102Q",0.0285622803969862,1e-300
"K102R",0.0568191068184872,9.60857827109331e-274
"K102S",0.0472043894988067,4.65783944889485e-317
"K102T",0.0482403319917052,1e-300
"K102V",0.194543652094452,1
"K102W",0.239915933070117,3.23544069751759e-63
"K102Y",0.0427829926397735,1.89330189728012e-108
"D103A",0.0140707108242521,3.46965845007656e-132
"D103C",0.0957131164164346,1.70049530349729e-59
"D103E",0.11449682292156,4.62347164460334e-19
"D103F",0.107446086682104,2.09230367581828e-15
"D103G",0.105826910701654,1.1094224692809e-44
"D103H",0.306060424841982,5.92421218526156e-27
"D103I",0.218280125902026,1
"D103K",0.168066789811056,1
"D103L",0.124066645469685,2.11218645329401e-30
"D103M",0.263010998655582,1.36974822639987e-13
"D103N",0.0905625940089901,0.174051394924925
"D103P",0.0780292328604405,8.75156650955167e-15
"D103Q",0,1.63739837883671e-308
"D103R",0.119103141335191,9.11303637423465e-08
"D103S",0.0336344970283855,1.23525371961257e-27
"D103T",0.148165248947958,4.21957308447298e-06
"D103V",0.086822044680731,7.55895249581195e-42
"D103W",0.0948571706254252,4.45590801732279e-32
"D103Y",0.0637442186944448,3.49220726520426e-56
"L104A",0.0851867992468623,8.37822195517608e-109
"L104C",0.149312899581262,1.40042451812374e-09
"L104D",0.0873075626937482,2.63533647763052e-69
"L104E",0.0996241874306897,2.36005183920032e-16
"L104F",0.306413905004059,2.59218498718046e-34
"L104G",0.143213749897644,1
"L104H",0.415230793079107,2.15981613842455e-79
"L104I",0.153708132032261,1.16539025012127e-05
"L104K",0.0687935177536273,9.0883602837385e-23
"L104M",0.0399281939206958,1.92357501624415e-65
"L104N",0.104426062701662,2.60923074306826e-33
"L104P",0.0424261266475975,5.05966360055146e-299
"L104Q",0.335586334578344,1.26286302194053e-11
"L104R",0.282988474124483,7.73990051139222e-20
"L104S",0.214120458671449,1
"L104T",0.299798522365709,4.80192919296505e-22
"L104V",0.041692622246791,1e-300
"L104W",0.230456389462977,1
"L104Y",0.113449028309718,7.92638121483805e-114
"S105A",0.0235716220084698,1e-300
"S105C",0.0837353810396118,1.11344250432189e-08
"S105D",0.175797976605687,1
"S105E",0.163145224111441,0.00255405744392654
"S105F",0.0428512865845728,4.06034533046773e-210
"S105G",0.129850778174655,1.37302946009861e-19
"S105H",0.262464122768043,4.35982005030651e-07
"S105I",0.229936116517059,2.00406779974109e-05
"S105K",0.150259935761966,5.53807097174517e-12
"S105L",0.0550445870376874,6.50438626612341e-291
"S105M",0.0987913062039532,1.52193796954275e-29
"S105N",0.180381470524358,1
"S105P",0,1.54657676373596e-28
"S105Q",0.0335543603778754,6.34800459197702e-109
"S105R",0.0745269239517251,6.7207094745359e-50
"S105T",0.174942677122524,1
"S105V",0.251565438759938,6.1608182924329e-13
"S105W",0.170617684214944,1
"S105Y",0.198396696902678,1
"P106A",0.0129554990525054,1e-300
"P106C",0.235673322675536,2.85387541067965e-05
"P106D",0.227364819350613,1
"P106E",0.232561118318591,2.63032382764789e-07
"P106F",0.621692770748996,2.02083012041676e-92
"P106G",0.509126241461664,7.41254328093062e-214
"P106H",0.3197041452548,1.63877967167472e-31
"P106I",0.22998129824722,3.06159246850109e-07
"P106K",0.401316593059446,7.13081817504189e-42
"P106L",0.0579236653614341,4.54495781135065e-145
"P106M",0.185959547546429,1
"P106N",0.13178500029245,0.00111727463005104
"P106Q",0.192822856410808,1
"P106R",0.0949315918053678,1.6333272853583e-106
"P106S",0.204209770804585,1
"P106T",0.370346498496271,1.46444510594557e-14
"P106V",0.0909389894019981,5.10849382644846e-85
"P106W",0.130590886321631,2.43930748798502e-33
"P106Y",0.235046536651654,6.09280550429286e-08
"R107A",0.0260124163268181,1e-300
"R107C",0.28635973113313,1.46317817226496e-13
"R107D",0.212089045204633,1
"R107E",0.330977091698279,1.50424066261583e-26
"R107F",0.370153945954007,2.83234982407652e-98
"R107G",0.153524909648697,1
"R107H",0.148225961406652,1.06710366631486e-07
"R107I",0.150345030988723,2.88705575322709e-06
"R107K",0.110095702520733,1
"R107L",0.153901023071401,1.9230135473317e-05
"R107M",0.283609436572869,3.9184536970206e-40
"R107N",0.167479315636817,0.829158514925579
"R107P",0.202473160912838,1
"R107Q",0.026422982584712,1e-300
"R107S",0.330974151686459,2.59738928156881e-42
"R107T",0.310790387106551,4.51219841269414e-37
"R107V",0.121374784442725,5.47204577429887e-31
"R107W",0.0477549267816937,1.20073793413404e-302
"R107Y",0.101296182272831,1.29345644349923e-43
"W108A",0.290951804743373,7.42383849369434e-48
"W108C",0.172296209258416,1
"W108D",0.232857081749237,0.017875613843159
"W108E",0.268831081912601,6.09160644296487e-50
"W108F",0.202057237921124,1
"W108G",0.38526363645434,6.83365276713291e-71
"W108H",0.125709800466378,9.8212986365545e-19
"W108I",0.135582785398641,3.82867177556764e-06
"W108K",0.210248619784243,1
"W108L",0.492740239263092,1.00844585825257e-270
"W108M",0.306484607570152,2.42020795618536e-96
"W108N",0.266195978791233,1.27513228577537e-25
"W108P",0.138852319430707,5.10128275608233e-12
"W108Q",0.174001229457409,1
"W108R",0,2.705495198379e-23
"W108S",0.229989230140009,1
"W108T",0.248051393073827,1
"W108V",0.356521454707723,5.60953787396075e-127
"W108Y",0.198255828637904,1
"Y109A",0.298038452762779,1.77074150230541e-21
"Y109C",0.415872578041229,4.80216825796434e-76
"Y109D",0.242328099344111,4.565854052737e-05
"Y109E",0.0425851788660003,1e-300
"Y109F",0.087265632873104,1.39555355193179e-80
"Y109G",0.193845656635078,1
"Y109H",0.0912705195675417,4.07386405302102e-152
"Y109I",0.364797099479231,8.26574216906107e-95
"Y109K",0.113355172475489,1.69005463589652e-33
"Y109L",0.0563849584752934,1e-300
"Y109M",0.228873956150128,1.34289700970623e-09
"Y109N",0.111664224046154,5.8636292067879e-20
"Y109P",0.1508538409639,9.70104493334101e-10
"Y109Q",0.175339359669901,1
"Y109R",0.213857897469355,1
"Y109S",0.0588403350997798,1.89491018065105e-100
"Y109T",0.270438201168748,1.74520401806112e-28
"Y109V",0.161082860768297,0.210242143598327
"Y109W",0.204132227698147,1
"F110A",0.378278533628571,1e-300
"F110C",0.13122060354987,1.83995668500704e-40
"F110D",0.312703822065075,2.81322529149161e-54
"F110E",0.216078418784039,1.85512124855274e-12
"F110G",0.448665024119437,2.74923550812151e-106
"F110H",0.265387771330397,1.01365998929891e-08
"F110I",0.289160631882671,1.68414113016038e-136
"F110K",0.192477820155028,1
"F110L",0.535941232247515,7.61507289918978e-170
"F110M",0.447371306824971,7.31223126474076e-58
"F110N",0.436046705224594,1.04283870653903e-267
"F110P",0.14421205227363,1
"F110Q",0.613736407789562,1.6938586915943e-178
"F110R",0.263422262592183,0.000121291827917788
"F110S",0.251755092808831,5.34106821764105e-28
"F110T",0.164185158821354,1
"F110V",0.426858669205889,4.07981943828825e-189
"F110W",0.449363207379384,2.23340816935995e-243
"F110Y",0.479413276096123,5.41588730130185e-186
"Y111A",1,1e-300
"Y111C",0.209108433252959,1.702994169052e-10
"Y111D",0.0300577229981799,1.05622684896027e-310
"Y111E",0.606757167673603,1e-300
"Y111F",0.00888725353914305,1e-300
"Y111G",0.130117055141826,0.0131907132550914
"Y111H",0.0618487477576155,1.69097072484793e-63
"Y111I",0.52902428474768,1e-300
"Y111K",0.207948878387812,1
"Y111L",0.436800141572983,7.28583748809599e-208
"Y111M",0.706703632227302,1e-300
"Y111N",0.209243841975828,1
"Y111P",0.10248771418694,6.542535707242e-91
"Y111Q",0.0656107735766433,8.69826287419233e-108
"Y111R",0.320584912335954,1.47571127794455e-48
"Y111S",0.260989516184133,5.85030490200126e-06
"Y111T",0.226467413860588,1
"Y111V",0.576071002756861,1e-300
"Y111W",0.175331115125981,1
"Y112A",0.0960549489750647,2.7669310378127e-06
"Y112C",0.330287107562199,9.41750621483048e-58
"Y112D",0.330356175128424,1.26016646163802e-140
"Y112E",0.143502821158955,5.40217065284678e-13
"Y112F",0.331618641201031,3.24844095751594e-60
"Y112G",0.0931509587739107,2.49551075604446e-30
"Y112H",0.103791600900507,2.1072158321952e-95
"Y112I",0.477181857203454,1.44628772829744e-237
"Y112K",0.577742200894742,3.05265141870828e-240
"Y112L",0.171081597012775,0.00175263053957524
"Y112M",0.150387588067149,2.08444039888177e-07
"Y112N",0.340488567401401,8.75691796913536e-43
"Y112P",0.325397635008736,5.5535103361921e-22
"Y112Q",0.0667749836190423,1.72365579316596e-118
"Y112R",0.297374057136482,4.76473688120085e-231
"Y112S",0.153863762660287,1
"Y112T",0.375214644433847,3.99631372719939e-25
"Y112V",0.706307728769302,1e-300
"Y112W",0.534776784488865,2.74163372210145e-47
"L113A",0.2542435848891,2.5813616036706e-09
"L113C",0.500023706772757,1e-300
"L113D",0.280853275290541,1.41754149728572e-83
"L113E",0.443630680978089,1e-300
"L113F",0.049749763934207,6.2268126083901e-71
"L113G",0.210646817927773,1
"L113H",0.360012235438053,2.0529768085829e-55
"L113I",0.185780953575082,1
"L113K",0.10974675304069,2.80739155029566e-19
"L113M",0.221059018053481,0.0880934648680783
"L113N",0.081473314702643,8.36880047854513e-20
"L113P",0.312132531828199,3.40789327106543e-31
"L113Q",0.471768434232512,5.74252356767147e-86
"L113R",0.906487754588574,3.16981879809746e-245
"L113S",0.164212263902819,1
"L113T",0.0214645109177152,6.25936518568406e-36
"L113V",0.504253349713577,8.65668101951553e-214
"L113W",0.363281276907524,1.82751068792166e-92
"L113Y",0.176528023684831,0.247056907216692
"G114A",0.283325190106437,3.29960645305371e-13
"G114C",0.724994630543781,1e-300
"G114D",0.691737998615202,1e-300
"G114E",0.329327249650074,1.73618434976101e-15
"G114F",0.404132998957154,8.98272279948185e-101
"G114H",0.248734249951614,6.83746960742884e-66
"G114I",0.125897580701981,1
"G114K",0.382514766575765,5.29267698536559e-57
"G114L",0.211471267313009,1
"G114M",0.717731157812086,1.4039708377916e-191
"G114N",0.360226205535997,2.70952802456705e-80
"G114P",0.433171518099932,5.40182198149522e-35
"G114Q",0.365414152113157,1.60262996920767e-47
"G114R",0.454486467771439,5.09904714260382e-296
"G114S",0.228673462906965,5.28583217522291e-14
"G114T",0.40420528245111,9.65394488046698e-166
"G114V",0.421293635855547,1.37437430244619e-59
"G114W",0.378675944557199,1.05232550572774e-57
"G114Y",0.536889537785015,1e-300
"T115A",0.156053755090747,1
"T115C",0.314167625760249,6.17312440018951e-10
"T115D",0.403570503058819,2.62624174171469e-176
"T115E",0.440335156120204,1e-300
"T115F",0.214027425409736,0.000524099891185593
"T115G",0.223239834216934,1
"T115H",0.389311772710716,1.14726233194271e-282
"T115I",0.524148771515326,2.58206069556914e-186
"T115K",0.416313270466604,2.22158176473815e-212
"T115L",0.217811173235976,0.695762651616056
"T115M",0.036099162566006,2.63760985214749e-269
"T115N",0.430530555144358,6.55598582402693e-58
"T115P",0.0856554381424843,1.34056223307924e-194
"T115Q",0.688203539345964,1e-300
"T115R",0.493736448031042,4.17539346155559e-169
"T115S",0.253201730640455,8.54550450690828e-08
"T115V",0.715164307522455,1e-300
"T115W",0.245766943766907,0.000525849746222139
"T115Y",0.289678690433864,5.56712045681441e-193
"G116A",0.43694522894425,9.58247060337366e-237
"G116C",0.325884340734365,6.14161440780885e-162
"G116D",1,7.84151913693872e-294
"G116E",0.673115403157735,1e-300
"G116F",0.424997316170761,6.68108562124088e-166
"G116H",0.290575975435099,2.22790386369698e-158
"G116I",0.463363745765173,5.1816625846033e-168
"G116K",0.466307003776923,8.18652170131194e-237
"G116L",0.494524190251545,3.67993983319871e-275
"G116M",0.52714783233761,1e-300
"G116N",0.324945914687265,5.7504652679421e-54
"G116P",0.533618089535076,3.52730434473105e-158
"G116Q",0.51318803271761,2.60488496750653e-73
"G116R",0.337070148637249,1.78512130094229e-94
"G116S",0.877184786864929,1e-300
"G116T",0.328455475897916,2.36681000016151e-222
"G116V",0.409832506395961,1.45275963187427e-235
"G116W",0.563566568619879,3.24784425325914e-305
"G116Y",0.541884423415669,4.8698074110108e-147
"P117A",0.226533908373764,1.08285468123992e-08
"P117C",0.030439199278225,1e-300
"P117D",0.234934218852155,4.39626136612154e-35
"P117E",0.0944852385050456,1.10615915535968e-281
"P117F",0.334600812105227,7.02127403874092e-218
"P117G",0.532870622226664,6.99095124928848e-222
"P117H",0.039703650056498,1e-300
"P117I",0.307349572114515,2.21122038162199e-107
"P117K",0.405847334138039,8.67221265508273e-64
"P117L",0.143002487663643,1.81766033154958e-26
"P117M",0.658073329691653,1e-300
"P117N",0.54542741042313,3.57723548731667e-87
"P117Q",0.449620755110328,1.0423704979179e-210
"P117R",0.272363148352279,4.07830198168644e-18
"P117S",0.329179729895887,6.19833312246358e-140
"P117T",0.225838784344524,2.10031520804552e-08
"P117V",0.373719699560692,7.75237398142749e-46
"P117W",0.444068553067191,1e-300
"P117Y",0.644614775451099,1e-300
"E118A",0.0877611205126701,2.73199379335359e-64
"E118C",0.019797304672465,1e-300
"E118D",0.221577999222763,0.264692778285182
"E118F",0.125150966262574,1.60523486585961e-14
"E118G",0.0738684409688917,5.85362846763534e-20
"E118H",0.118391338749584,2.42721571725638e-34
"E118I",0.616129860107326,1e-300
"E118K",0.332623004078969,4.21549373999208e-35
"E118L",0.887613683496815,1e-300
"E118M",0.183723987795336,1
"E118N",0.128918928728448,1.23663432305513e-58
"E118P",0.433744942895784,2.92490636089193e-92
"E118Q",0.339000126810877,1.00301653314001e-54
"E118R",0.170899692479816,1
"E118S",0.193559556504782,1
"E118T",0.146338214447056,4.74879569997643e-05
"E118V",0.30679021092761,3.3709561157768e-07
"E118W",0.500235846780678,1.15935742046259e-49
"E118Y",0.091385923774008,2.98194531321968e-61
"A119C",0.290772371735068,2.75437434975407e-33
"A119D",0.260734488550622,3.35646748538561e-22
"A119E",0.0945688118207087,1.41214110362868e-114
"A119F",0.229155355298457,3.50849831096318e-20
"A119G",0.269014899056367,0.00312258694111031
"A119H",0.186755446273272,1
"A119I",0.839787978449595,1e-300
"A119K",0.107356679407205,4.04147955276827e-45
"A119L",0.166790705854311,0.694773578273689
"A119M",0.126264905483022,5.17188551263862e-28
"A119N",0.0699233287997589,1.59294624113376e-202
"A119P",0.141766950217273,1.10394437705051e-61
"A119Q",0.233891600440708,0.110202212889258
"A119R",0.224214166960352,0.0264149378723646
"A119S",0.0899490187292254,8.68970434376369e-70
"A119T",0.278797259022053,3.25680969076174e-07
"A119V",0.254601507525252,1.50317794355754e-21
"A119W",0.18679837209404,1
"A119Y",0.153460010570047,0.391294687139327
"G120A",0.0952299771802001,3.79439227409253e-61
"G120C",0.435191420738233,1.35601958324e-304
"G120D",0.192981392281988,1
"G120E",0.0309774732246726,4.49581872353492e-149
"G120F",0.256308957062189,5.32232491376893e-30
"G120H",0.146026775202102,8.47934101024021e-10
"G120I",0.0264145941608657,6.94267635324931e-152
"G120K",0.136009503803505,0.000488609914728655
"G120L",0.106099748587699,3.71581427191976e-14
"G120M",0.186109935839483,1
"G120N",0.0181984291946241,3.51817263877459e-54
"G120P",0.0154331686357284,1e-300
"G120Q",0.57682860114793,1e-300
"G120R",0.144990993454881,2.00455071529257e-12
"G120S",0.0354022662825282,9.08772737092462e-186
"G120T",0.366772131401193,9.62825626407772e-159
"G120V",0.159664845416844,0.00024644917728659
"G120W",1,1e-300
"G120Y",0.168083689980978,1
"L121A",0.332506361310899,4.39832952452067e-106
"L121C",0.189926352338595,1
"L121D",0.175678080778078,1
"L121E",0.422066651701153,4.46430241283852e-80
"L121F",0.198040726950826,1
"L121G",0.195892122782311,1
"L121H",0.336899607637194,1.99406507247723e-31
"L121I",0.132721465975126,1.56238864793665e-05
"L121K",0.387336804130186,2.70932369102972e-123
"L121M",0.180388870364799,1
"L121N",0.319126177331383,3.27926652363656e-150
"L121P",0.4487832054182,7.32511819226657e-46
"L121Q",0.183419145883375,1
"L121R",0.276280655161386,9.51948000493772e-23
"L121S",0.0605523027580072,2.10579494489751e-37
"L121T",0,1.29680049782551e-14
"L121V",0.0659799897620996,1e-300
"L121W",0.326781118693946,1.23775479730557e-125
"L121Y",0.321214159754735,1.62331560822616e-109
"P122A",0.119847028975757,1.2829038666369e-50
"P122C",0.187369513214443,1
"P122D",0.177112082502117,1
"P122E",0.300759076788677,1.69835514435293e-65
"P122F",0.232970513850807,8.79973447124503e-06
"P122G",0.190003873705136,1
"P122H",0.0294716624185943,1e-300
"P122I",0.147616236474967,1.98227642197745e-09
"P122K",0.105517484699752,4.33006263018669e-46
"P122L",0.111667180305549,6.69372576236137e-56
"P122M",0.15721595515252,4.96933804728451e-05
"P122N",0.122149645235248,4.68829430544655e-34
"P122Q",0.0662093101394603,6.07496588325937e-148
"P122R",0.244526260501415,3.15670073103725e-13
"P122S",0.121531588493647,1.51910061337728e-43
"P122T",0.0538681260550513,1.67183749607504e-37
"P122V",0.161221968141745,2.31703937765139e-22
"P122W",0.316745804277256,8.29782156976622e-40
"P122Y",0.442119637628011,3.25817480977036e-310
"Y123A",0.663369459773795,2.4625841515866e-313
"Y123C",0.228902012351754,0.00436783417590515
"Y123D",0.504978523795071,2.70020929050586e-176
"Y123E",0.301541518960134,3.60886429025652e-151
"Y123F",0.291220890538713,9.97501731296494e-10
"Y123G",0.613296523564931,1e-300
"Y123H",0.233779590949194,0.00337603406220799
"Y123I",0.715908633619357,1e-300
"Y123K",0.195495998126973,1
"Y123L",0.318269090306602,9.3827553433462e-173
"Y123M",0.125808400740797,1.92999785439264e-88
"Y123N",0.504597589914236,2.64002264704004e-265
"Y123P",0.168979507683541,1
"Y123Q",0.293167695358357,1.36993580640105e-80
"Y123R",0.290751945872138,4.47743923423112e-67
"Y123S",0.303432562003328,4.31230669828956e-23
"Y123T",0.15742288884282,1
"Y123V",0.234407503184045,6.87494490540491e-20
"Y123W",0.837591695001344,1e-300
"G124A",0.122919909061456,8.64649296869914e-20
"G124C",0.279259993061924,4.00275526272941e-08
"G124D",0.164015079607885,1
"G124E",0.0695641737928892,1.67094109014491e-147
"G124F",0.331546505976802,4.05421594524012e-97
"G124H",0.331445263392988,1.29005408064549e-74
"G124I",0.30435661905914,3.21866450237413e-11
"G124K",0.268430005226757,1.44539438136898e-46
"G124L",0.513022047027871,4.08436027577603e-255
"G124M",0.197284332685028,1
"G124N",0.260377326382202,4.51473476235235e-38
"G124P",0.0970678131177101,3.43809231339375e-105
"G124Q",0.215606626915513,2.85968435700533e-05
"G124R",0.356565522984118,2.73180743412249e-124
"G124S",0.0752310064027762,5.72525267560576e-14
"G124T",0.475085229663775,2.52494238255751e-201
"G124V",0.11800912320144,9.32374041282525e-36
"G124W",0.326446354420819,1.07774309214402e-70
"G124Y",0.438484574701986,6.86770736370998e-183
"A125C",0.180488471460393,1
"A125D",0.21680037655623,0.000944272254565793
"A125E",0.0710925362858184,3.92057763082616e-154
"A125F",0.0309774732246726,7.49656375276051e-136
"A125G",0.0502773214604221,1.32794063677588e-224
"A125H",0.035335480050141,1.35910624260328e-204
"A125I",0.257985776133423,1.88327286116449e-27
"A125K",0.10771935188431,8.43667653942952e-289
"A125L",0.109602072421948,2.16314170996563e-58
"A125M",0.245594152884784,9.64551396384076e-16
"A125N",0.246386028856798,2.0390083560536e-29
"A125P",0.515959945211128,1e-300
"A125Q",0.295130835813244,4.27379551827237e-10
"A125R",0.0808778858179967,6.255396688535e-176
"A125S",0.130042168210513,6.97526510725796e-13
"A125T",0.131724138014183,2.71758374801783e-10
"A125V",0.281227749637183,8.45315401683803e-63
"A125W",0.203004618068916,1
"A125Y",0.110914303059021,7.50946389735941e-31
"N126A",0.173107924712539,1
"N126C",0.134913425714955,1.1359578110254e-13
"N126D",0.0730087187444272,8.13566609334779e-193
"N126E",0.12295493352196,1.08798086906046e-10
"N126F",0.0343559060541179,3.3405688395038e-108
"N126G",0.0412601898222605,1e-300
"N126H",0.0783836442324091,7.24751870302552e-35
"N126I",0.0513325578936263,2.47715350106605e-74
"N126K",0.181677421405571,1
"N126L",0.124651148523145,2.78681121533931e-36
"N126M",0.0506073640596369,7.76220800993233e-129
"N126P",0.101523581998492,4.42727208610389e-47
"N126Q",0.0306578559744556,1.27502812916549e-92
"N126R",0.136385586216908,4.6119921306011e-08
"N126S",0.0628258786039046,1.15612850865449e-187
"N126T",0.149862059344208,1
"N126V",0.116945800220354,9.17919672163467e-05
"N126W",0.128327727117961,8.20524221258363e-23
"N126Y",0.0408662257002735,2.46354755862177e-135
"K127A",0.158200978568461,5.53206737035759e-12
"K127C",0.118912177488406,1.09399435699731e-56
"K127D",0.467183224493952,5.83014295862617e-137
"K127E",0.314536790995198,3.59576085254135e-13
"K127F",0.238248814759689,9.0971808358729e-06
"K127G",0.0937561800421013,1.18816867266207e-134
"K127H",0.211892381720738,0.0829000269551101
"K127I",0.338814020322341,2.3452608863781e-79
"K127L",0.304512805288014,2.16041624089515e-08
"K127M",0.134576222109279,2.05212338324737e-32
"K127N",0.469388219063835,3.15793641028566e-138
"K127P",0.179263203814577,1
"K127Q",0.104237600624053,0.00621269596932961
"K127R",0.108869724944286,4.31416262437375e-28
"K127S",0.265002357160889,3.831149212987e-30
"K127T",0.312712801872159,8.20323317531759e-48
"K127V",0.221486779351039,1
"K127W",0.34559503615514,5.82219725336779e-224
"K127Y",0.712433924673384,1e-300
"D128A",0.186340277166185,1
"D128C",0.168100987930679,1
"D128E",0.0698987076897662,3.4496202639737e-214
"D128F",0.270147056546235,4.41722301916317e-07
"D128G",0.158727281178209,2.70651946366944e-27
"D128H",0.0372904798860547,0.00020277374124712
"D128I",0.218194423781863,1
"D128K",0.176457702066691,1
"D128L",0.191594102847476,1
"D128M",0.25345660192117,0.000520392270034177
"D128N",0.107054599673261,1.94390516329785e-47
"D128P",0.322657427460796,1.16281049916833e-48
"D128Q",0.501077905885416,2.08155687802525e-202
"D128R",0.150758392344894,0.00146659825630242
"D128S",0.0276115180450341,8.24870202053545e-296
"D128T",0.531796884604543,5.0969247105385e-136
"D128V",0.192859486892649,1
"D128W",0.271326971240301,4.91229686055484e-11
"D128Y",0.0711082146862541,4.71508395693257e-118
"G129A",0.424960247133663,5.73268508979163e-104
"G129C",0.226012157466219,0.00323213122066778
"G129D",0.22981271150261,5.17667643027818e-06
"G129E",0.175848020653314,1
"G129F",0.300924025611105,9.68062682995033e-29
"G129H",0.19657133931048,1
"G129I",0.25767761533898,9.81328396448695e-102
"G129K",0.209806248023832,1
"G129L",0.666999698260926,1e-300
"G129M",0.327160183725115,1.88653597001336e-81
"G129N",0.0904363606990545,9.93935733954434e-94
"G129P",0.24569313614693,8.9937627270527e-12
"G129Q",0.136800290882372,1.66711842872681e-07
"G129R",0.0570538036996777,1.03128225106778e-287
"G129S",0.0906588756977762,5.18684472996805e-68
"G129T",0.325560377548116,5.66239332253079e-27
"G129V",0.397231635524411,6.55673976069667e-73
"G129W",0.410756476136116,8.59396791933789e-179
"G129Y",0.323643413285195,1.39840093095281e-201
"I130A",0.405968294427553,4.94330347657929e-144
"I130C",0.485565596562347,3.81430221314341e-283
"I130D",0.261697135544585,6.03565139916173e-17
"I130E",0.508793083302468,1.15419736207802e-259
"I130F",0.0881968010043159,1e-300
"I130G",0.338164175816795,1.04020949039108e-221
"I130H",0.162312835257454,0.0755006075196668
"I130K",0.155413262761828,0.00014615722236215
"I130L",0.300946470065747,3.61736003960456e-41
"I130M",0.206111182243483,1
"I130N",0.241775543350996,3.20975159159131e-14
"I130P",0.335712518237275,1.03556549375031e-42
"I130Q",0.259300517105002,0.0101299836526379
"I130R",0.281005349822598,2.13497296900524e-58
"I130S",0.210266931871997,0.000114779335206147
"I130T",0.207627224780873,1
"I130V",0.0646790596978362,9.87616521337003e-307
"I130W",0.498852050299542,1.16358736146302e-267
"I130Y",0.101774993960509,5.22286866829447e-57
"I131A",0.136793770754206,0.00590789204266843
"I131C",0.221967142178897,2.33850789790293e-16
"I131D",0.311792305493395,5.47425453811544e-74
"I131E",0.0845649260513806,5.98664954966138e-51
"I131F",0.11881371633999,1.10382435067018e-21
"I131G",0.542856526626702,1e-300
"I131H",0.579107212804693,4.00634619380657e-64
"I131K",0.228073565731939,3.29884700420109e-23
"I131L",0.0539733811965025,1e-300
"I131M",0.191803801792828,1
"I131N",0.245517406030682,0.000348483344105522
"I131P",0.303801190627175,1.81260643810088e-142
"I131Q",0.181311051158571,1
"I131R",0.263223501898768,2.41313106963697e-09
"I131S",0.00889316828710615,1e-300
"I131T",0.251813071756808,6.4766614934337e-15
"I131V",0.254018664109516,0.00603206198616587
"I131W",0.108219527762406,1.09981838820803e-52
"I131Y",0.0726775837450663,1.99119911966414e-60
"W132A",0.390518658705177,1.29387644256809e-128
"W132C",0.204735595879262,1
"W132D",0.114839424039635,4.65354558898967e-70
"W132E",0.163097696022383,1
"W132F",0.145161025002808,8.63024914906809e-05
"W132G",0.162664157742334,0.159208791771295
"W132H",0.162120849399909,1
"W132I",0.293595989445352,8.62314920230065e-92
"W132K",0.255944867169414,1.39035425249128e-21
"W132L",0.502754881794623,1.93144225929098e-237
"W132M",0.590376585010995,1e-300
"W132N",0.147944597912209,3.13756679342574e-12
"W132P",0.291955025649694,7.17068774822571e-153
"W132Q",0.181316930814206,1
"W132R",1,1e-300
"W132S",0.38234720400968,3.69022889927227e-275
"W132T",0.285742272967662,4.11781152775584e-12
"W132V",0.418141153787496,1e-300
"W132Y",0.0621284483550306,2.21887237775423e-301
"V133A",0.108599782080366,5.1565587480986e-31
"V133C",0.353457161841466,1.47029852175361e-162
"V133D",0.724542850035276,1e-300
"V133E",0.64641405295993,1e-300
"V133F",0.223745653080081,1
"V133G",0.166934068865178,0.944471091040167
"V133H",0.347336873083373,6.00185312394659e-25
"V133I",0.0384318308500267,1e-300
"V133K",0.676509934172294,1e-300
"V133L",0.264976091392135,5.28615014008104e-31
"V133M",0.740033836193964,1e-300
"V133N",0.338247151209134,1e-300
"V133P",0.338341436636476,1.04084034624454e-44
"V133Q",0.221225556801679,1
"V133R",0.857681037379259,3.63959322527583e-123
"V133S",0.105506580109911,1.82885511725312e-13
"V133T",0.259964922125149,2.41681828436844e-13
"V133W",0.306101384442424,4.30970432074555e-31
"V133Y",0.29327152256521,7.95852216898763e-19
"A134C",0.195131226986464,1
"A134D",0.151799896661952,6.50242420839299e-09
"A134E",0.04301055545338,7.40990798675566e-154
"A134F",0.0875259962203441,3.29084650418955e-95
"A134G",0.146073285553771,3.84290015165781e-10
"A134H",0.115574484521837,4.20498727637369e-68
"A134I",0.275300791747189,9.02824765257575e-10
"A134K",0.177451845781569,1
"A134L",0.280095222508237,5.81228258984257e-21
"A134M",0.145961765269804,1.86587944875014e-13
"A134N",0.047395534033749,3.03129747767065e-95
"A134P",0.478535158615557,1e-300
"A134Q",0.0320608471273021,3.47453829587164e-243
"A134R",0.123804763024268,5.47960022565955e-08
"A134S",0.0478687261609781,1.77663967706863e-120
"A134T",0.041740899014435,1e-300
"A134V",0.241156613109097,3.85378591917542e-19
"A134W",0.319443668477832,1.68794080681204e-117
"A134Y",0.0823483264357262,7.73912833260379e-48
"T135A",0.326778061614312,1.57574262430746e-09
"T135C",0.152506436750042,6.97003829260488e-13
"T135D",0.110126182550183,4.35460920103424e-173
"T135E",0.0974662217056675,1.21018559798486e-64
"T135F",0.235352308919302,1.82063280004432e-06
"T135G",0.068489281493827,3.07257857981516e-93
"T135H",0.0715202878437204,1.47969359674687e-86
"T135I",0.0969178770357833,6.18199816485052e-118
"T135K",0.0860141173205075,2.39378597947601e-37
"T135L",0.054150852937731,1.54699718913357e-194
"T135M",0.153314809378624,1.82858423255254e-05
"T135N",0.234469969955319,5.77195284297863e-05
"T135P",0.880216871915556,1e-300
"T135Q",0.0503733326016043,1.4363075153489e-79
"T135R",0.12898214507094,1.98705955176401e-09
"T135S",0.273493616404019,2.30026553945675e-18
"T135V",0.153837532901906,0.336176226338598
"T135W",0.136353354617494,1.53284472780214e-73
"T135Y",0.137607727267103,2.33881090276263e-18
"E136A",0.0962281596624571,4.57286124677762e-41
"E136C",0.150656216299417,3.75724889743097e-15
"E136D",0,0.00155812881256074
"E136F",0.511147532952582,1.19353986629365e-250
"E136G",0.233356234903511,6.15662999425835e-21
"E136H",0.199268553724096,1
"E136I",0.246782229821274,3.04886908842257e-10
"E136K",0.145778390929486,1.19832007019353e-55
"E136L",0.325619105099794,2.98529229040757e-118
"E136M",0.195316046405139,1
"E136N",0.187496453112982,1
"E136P",0.157836211359642,0.00412749652847341
"E136Q",0.492130618875506,9.40377727464455e-121
"E136R",0.198502170373289,1
"E136S",0.313096927673813,1.84740730690825e-64
"E136T",0.250556600047828,3.08606403781219e-13
"E136V",0.275500448711434,3.33772574990253e-43
"E136W",0.243952372302391,4.24222499379308e-14
"E136Y",0.155778677285163,6.68215397574661e-05
"G137A",0.211034087192513,0.0085089033778442
"G137C",0.399032413353272,4.88665707684161e-74
"G137D",0.0733610002483388,4.83884286694202e-255
"G137E",0.333306646420229,1.80427180499098e-41
"G137F",0.0753629443305258,3.02384993763001e-37
"G137H",0.176922138779236,1
"G137I",0.366047567758641,5.66523077819863e-21
"G137K",0.0480458962301284,1e-300
"G137L",0.189460545353264,1
"G137M",0.0429181292033459,4.05797186735682e-139
"G137N",0,1.37894679880795e-107
"G137P",1,1e-300
"G137Q",0.0473883756688444,6.74390709328541e-209
"G137R",0.102270556530151,7.36869907229879e-35
"G137S",0.139650052239348,2.02569474545637e-06
"G137T",0.205748054720151,1
"G137V",0.146278383091693,4.36584053262652e-14
"G137W",0.175378914209573,1
"G137Y",0.0731684195532845,8.18420679378738e-51
"A138C",0.239598999129624,1.48948558222947e-12
"A138D",0.131172011163815,3.22813767336851e-05
"A138E",0.331813821635922,7.14348465431661e-29
"A138F",0.306748361590675,4.37430086591249e-15
"A138G",0.156490255654372,0.000138478699142719
"A138H",0.29920952723336,1.14121476809826e-05
"A138I",0.314131663642914,2.60800775821912e-93
"A138K",0.298817962443975,9.66540847258839e-85
"A138L",0.528298550622921,3.1531004807412e-155
"A138M",0.0283241963433901,2.8210643011838e-245
"A138N",0.22404054623532,1
"A138P",0.349001683347223,4.31542601091857e-35
"A138Q",0.258335295466403,4.01591191204315e-18
"A138R",0.170862627663085,1
"A138S",0.146417974516708,3.62922261621768e-15
"A138T",0.751136809133388,1.08045158439474e-140
"A138V",0.238536287959389,0.00118790359891452
"A138W",0.522116044436362,1.04287927963359e-172
"A138Y",0.0333671070252622,1.79368880810374e-237
"L139A",0.0956913902879492,4.01284203134651e-30
"L139C",0.289964627370945,5.93861633662247e-46
"L139D",0.090676757402871,2.95195194720737e-40
"L139E",0.103318914400645,1.76485636301882e-111
"L139F",0.19010416933128,1
"L139G",0.201654896378722,1
"L139H",0.134801567927299,6.1904762978346e-05
"L139I",0.0289077137335833,1e-300
"L139K",0.0878712102595579,6.58099576802091e-16
"L139M",0.237454159035251,3.89271375516227e-20
"L139N",0.144635597590416,5.89291969600628e-72
"L139P",0.263676786077423,2.80113575450041e-17
"L139Q",0.176103800561309,1
"L139R",0.112127287709927,1.31529720356624e-149
"L139S",0,6.84852500218905e-81
"L139T",0.0396706963309863,1e-300
"L139V",0.154189421985573,0.145175828617448
"L139W",0.572954444575863,1e-300
"L139Y",0.179976143033634,1
"N140A",0.108945763908661,5.05100371771651e-12
"N140C",0.439237624049394,3.57746554302861e-53
"N140D",0.0308982487676613,1e-300
"N140E",0.125925808054555,2.98475191378191e-23
"N140F",0.167555086664964,1
"N140G",0.23364717318259,3.27280736349615e-17
"N140H",0.520226973611775,4.9960166574292e-228
"N140I",0.214499173778684,1
"N140K",0.199261450253314,1
"N140L",0.173285086347548,1
"N140M",0.412110123357333,6.95551209389077e-121
"N140P",0.39274165188264,6.39489966436204e-31
"N140Q",0.182671588353176,1
"N140R",0.0206571595966529,2.13895302396865e-114
"N140S",0.0795123813920577,7.11895832145932e-239
"N140T",0.0820657847145498,1.40291678695372e-42
"N140V",0.236338372180217,8.82617218154334e-09
"N140W",0.115599499092075,1.77186437462748e-60
"N140Y",0.060628973425706,2.48772455431949e-53
"T141A",0.151312646067173,2.86739779545772e-05
"T141C",0.0954979107818774,4.4071822576876e-167
"T141D",0.66868117784049,2.25293556329989e-274
"T141E",0.159815306540315,2.35540023954306e-16
"T141F",0.339488526248296,1e-300
"T141G",0.278315743894208,8.60915566669976e-39
"T141H",0.294807276006881,1.02576884816843e-19
"T141I",0.49174726083478,4.06687260509607e-123
"T141K",0.036736526982644,1e-300
"T141L",0.0541119124927212,7.54788605134346e-201
"T141M",0.240718714592761,1.19610424059484e-08
"T141N",0.0891581528213564,9.34855685586382e-89
"T141P",0.273406276424458,1.71937303012215e-13
"T141Q",0.126533896348649,1.1461837950765e-70
"T141R",0.260145277306284,2.62236037453573e-19
"T141S",0.488122996983689,1.0947988176416e-113
"T141V",0.549289479279611,5.77230020004797e-168
"T141W",0.210512960598016,0.0358755203686001
"T141Y",0.19872191813536,1
"P142A",0.124759071039272,3.46388103907992e-47
"P142C",0.180554415366663,1
"P142D",0.106829086945325,1.54223660338036e-82
"P142E",0.171853116216179,0.0179385093020285
"P142F",0.411496109440302,1.95697293023411e-80
"P142G",0.200494869322498,1
"P142H",0.184207608270172,1
"P142I",0.312787949492476,9.64247369718976e-111
"P142K",0.107023097703286,4.14197763941856e-34
"P142L",0.114965867445165,1.63373603257989e-42
"P142M",0.0626391708335467,1.54124083772701e-89
"P142N",0.14221598556934,5.26204238556969e-17
"P142Q",0.0881305131561571,4.97403990479635e-161
"P142R",0.0666066060591398,1.31831089704848e-99
"P142S",0.022094243478689,7.19237164026884e-104
"P142T",0.0112623051169305,1.48441649132472e-138
"P142V",0.362961370906113,2.0774812430924e-164
"P142W",0.2831126297198,1.09620176764293e-15
"P142Y",0.64886161938411,2.37478914878872e-180
"K143A",0.384255735641706,4.49338262749257e-91
"K143C",0.196367613892539,1
"K143D",0.325718854581603,9.06982681386928e-88
"K143E",0.155037138581275,7.86616263124545e-14
"K143F",0.393927553526469,3.90918178382648e-40
"K143G",0.38741818840104,1.2034692547191e-53
"K143H",0.187980272637912,1
"K143I",0.203412186758182,1
"K143L",0.344865518476917,2.48569233468823e-107
"K143M",0.923383311464212,1e-300
"K143N",0.231236356522217,1
"K143P",0.302495026038928,1.58602516174602e-65
"K143Q",0.238975536389364,1.62632993253599e-26
"K143R",0.329662270056965,4.18659710790792e-42
"K143S",0.567545830686229,1e-300
"K143T",0.178547732622291,1
"K143V",0.201209400682641,1
"K143W",0.387444753815926,3.30681384746481e-82
"K143Y",0.48032212560288,3.93540412006434e-92
"D144A",0.098109974334189,6.73039094506616e-190
"D144C",0.281993565361224,1.7541943049746e-40
"D144E",0.252203919782865,3.30359049661049e-06
"D144F",0.318430009266613,1.05627162623288e-12
"D144G",0.155131714787944,7.92383804602117e-09
"D144H",0.390053259086147,2.08229725140647e-106
"D144I",0.388407384716408,1.44741558291801e-174
"D144K",0.217212893971015,1
"D144L",0.189478998266577,1
"D144M",0.125810496656821,6.76822980299713e-43
"D144N",0.0311245054447897,1e-300
"D144P",0.185486969280746,1
"D144Q",0.325673009583948,1e-300
"D144R",0.0844917209236097,2.11673621628472e-302
"D144S",0.240112703324307,1
"D144T",0.090182478189435,4.7058447582889e-07
"D144V",0.174153180611339,1
"D144W",0.0757265715465647,1.50711123358571e-115
"D144Y",0.0829071986289824,4.46480221456942e-47
"H145A",0.271048914146793,3.86413385973783e-54
"H145C",0.330098301213486,7.5285590942061e-45
"H145D",0.254195105861911,4.37897418730487e-19
"H145E",0.260041667292971,2.13098574261983e-14
"H145F",0.114567313715377,3.23585009386825e-29
"H145G",0.106747107618273,6.04411967980595e-67
"H145I",0.366264394234075,1.78003610266675e-28
"H145K",0.252067202941519,4.08688120939384e-25
"H145L",0.1108949678662,3.52482087552213e-72
"H145M",0.0715881011615934,9.40414369683486e-133
"H145N",0.166672473981047,1
"H145P",0.254540696667216,1.17369010569982e-17
"H145Q",0.269723404258792,4.622269774086e-21
"H145R",0.0940617298975691,4.10584397183464e-86
"H145S",0.127968782684701,7.32625473110783e-24
"H145T",0.301462351238316,6.92004806034443e-39
"H145V",0.243215811561992,0.000210828805857561
"H145W",0.160818057017814,1
"H145Y",0.337600178867163,1.30393472253044e-304
"I146A",0.160224675604844,1
"I146C",0.1323353022569,8.95785755428109e-17
"I146D",0.51318803271761,6.30609011559336e-45
"I146E",0.358748430962236,4.7249795668116e-94
"I146F",0.127623153532788,1.23343677099822e-10
"I146G",0.353211426015265,1.89713664800311e-205
"I146H",0.314537255341131,1.85415618737179e-15
"I146K",0.159069679442026,1
"I146L",0.0912568434929169,1.51094922285642e-44
"I146M",0.273447440204024,1.51255230619739e-52
"I146N",0.407206979740802,4.34197036015112e-119
"I146P",0.228358346292313,0.145237040848375
"I146Q",0.195337619568717,1
"I146R",0.305913342199664,5.70015232707803e-82
"I146S",0.133443736599876,2.07316089980118e-09
"I146T",0.240531527526422,3.03615471786921e-12
"I146V",0.23995545674843,5.68630056003536e-11
"I146W",0.0840511933603431,3.42548849998015e-49
"I146Y",0.146990480947867,7.52298055474474e-20
"G147A",0.390217975374713,5.67402356522991e-117
"G147C",0.15613780403594,1
"G147D",0.531425822251423,1.40435072453782e-270
"G147E",0.43018637750949,2.67851206053026e-34
"G147F",0.296086449851327,5.49271314215329e-38
"G147H",0.395999958226354,6.72632195428878e-229
"G147I",0.286852380811597,9.29005405559066e-22
"G147K",0.12754850915031,1.53392918710959e-43
"G147L",0.215327858326168,1
"G147M",0.295801914536873,1.33258363605184e-30
"G147N",0.184469827308779,1
"G147P",0.287160189200582,1.2571472470699e-27
"G147Q",0.202322009038424,1
"G147R",0.0881777377372075,2.56225182828123e-80
"G147S",0.097929601343643,3.03824558098799e-26
"G147T",0.112096618543558,1.69914981683701e-40
"G147V",0.344372045039225,7.75369357200359e-134
"G147W",0.381440005159188,5.47795032615605e-238
"G147Y",0.124115552471966,5.35514865859601e-12
"T148A",0.172141485618396,1
"T148C",0.122761059454596,0.00357928343763696
"T148D",0.101098840907432,5.74802695791186e-98
"T148E",0.196683693797916,1
"T148F",0.813583392463162,1e-300
"T148G",0.12298807901595,4.84045409458889e-10
"T148H",0.0552975665461406,1e-300
"T148I",0.212907251487233,1
"T148K",0.120369610244442,0.298970211962815
"T148L",0.131036776395455,2.68345229604096e-10
"T148M",0.22376852832864,0.000456022023375561
"T148N",0.307645109442143,2.9635950365036e-42
"T148P",0.058968303742091,2.02898934065984e-124
"T148Q",0.131688555099416,2.54635724139538e-09
"T148R",0.200643237700539,1
"T148S",0.19671626684237,1
"T148V",0.108289148683243,5.17755391323606e-40
"T148W",0.471416532481158,1.90257578367005e-146
"T148Y",0.224563357436682,1.31677686063386e-14
"R149A",0.481684553324077,1e-300
"R149C",0.180301891708808,1
"R149D",0.325069096717276,4.25945293643569e-74
"R149E",0.132217012827556,1.26254242891616e-29
"R149F",0.263006026979272,2.52383575890185e-26
"R149G",0.858417263152293,1e-300
"R149H",0.152842883914544,9.13471504691923e-12
"R149I",0.333265122699628,7.15796817970934e-52
"R149K",0.199184394583558,1
"R149L",0.274867015212904,1.47309519154132e-88
"R149M",0.279602366618239,3.13361628805035e-68
"R149N",0.696814267553927,4.809875786922e-238
"R149P",0.284708430448641,2.72213018670911e-22
"R149Q",0.113268017717647,1.25908079315949e-81
"R149S",0.515869758190466,8.50730478172367e-119
"R149T",0.25956795972739,1.63566356976468e-83
"R149V",0.487367446891878,1.37337030543458e-196
"R149W",0.460348469948665,9.91896597424561e-236
"R149Y",0.412681931626117,4.08109693125279e-102
"N150A",0.246720397235831,5.7004759085685e-31
"N150C",0.193928816504934,1
"N150D",0.0454524421325812,1.70318136590138e-204
"N150E",0.108028465145999,1.67665267696845e-292
"N150F",0.274694514662435,1.72732914422756e-19
"N150G",0.228981968286985,0.0024193819132151
"N150H",0.0956254545124361,3.70333950582755e-289
"N150I",0.164877081482058,1
"N150K",0.190651878595946,1
"N150L",0.196927151958027,1
"N150M",0.346547990784402,2.27184490833383e-48
"N150P",0.607067547330208,1.23813282140515e-118
"N150Q",0.28167661228468,2.37380766096938e-22
"N150R",0.248378458188789,1.23657052557729e-07
"N150S",0.0532711064387399,1e-300
"N150T",0.204476072262779,1
"N150V",0.223892228411081,9.63407690046749e-15
"N150W",0.108523192734776,2.42794953166523e-37
"N150Y",0.290293271296057,1.92466824499839e-55
"P151A",0.108729076080084,1.10187950287851e-123
"P151C",0.0828047157926082,1.3718024981877e-78
"P151D",0.132928283710935,5.48656658459378e-22
"P151E",0.110457030974911,8.38501691417533e-58
"P151F",0.157336747727174,1
"P151G",0.506837938012102,1e-300
"P151H",0.312691453373942,2.15422768188879e-33
"P151I",0.153380353912433,3.30500979738038e-06
"P151K",0.224163893866461,0.00558470904031422
"P151L",0.27219618003051,2.43872683733611e-42
"P151M",0.168444692056233,1
"P151N",0.130218032900805,5.1766040320403e-05
"P151Q",0.179191798308439,1
"P151R",0.179459593242156,1
"P151S",0.201280853208548,1
"P151T",0.11513981638659,1.31275805307643e-12
"P151V",0.21564549707452,1
"P151W",0.287814464099334,1.93973304404613e-33
"P151Y",0.106895400142452,3.48612773856014e-08
"A152C",0.322719345984584,4.44985130093827e-55
"A152D",0.452886587288085,1.64471839597645e-94
"A152E",0.070465865264026,3.58468904396821e-118
"A152F",0.0640480189645257,2.33896459526831e-178
"A152G",0.14148564426002,1.0915840007264e-06
"A152H",0.0582285240099366,1e-300
"A152I",0.461981954811415,8.00017711402647e-57
"A152K",0.125789095065874,0.000116614485604175
"A152L",0.017894655684043,1e-300
"A152M",0.0657022740849536,1
"A152N",0.0555188129865124,4.14120660210273e-131
"A152P",0.138792687172727,4.06434202690951e-38
"A152Q",0.0621156486995209,2.27146068732158e-77
"A152R",0.181872330807296,1
"A152S",0.100145045547535,4.65911422958531e-53
"A152T",0.100737008573546,1.17381070812158e-17
"A152V",0.159960793890414,2.65469289652499e-25
"A152W",0.107731034352833,4.21126043874729e-31
"A152Y",0.136583388129837,1.86873043746422e-22
"N153A",0.23152508660734,1
"N153C",0.250306365384299,1.50464339207379e-11
"N153D",0.200997738882456,1
"N153E",0.0820994505973651,1.3883291654565e-105
"N153F",0.22625579173329,0.101358466957428
"N153G",0.423277750310126,4.51054170870023e-114
"N153H",0.144770081349005,1
"N153I",0.0737776207335635,5.08408964307551e-39
"N153K",0.194786877235438,1
"N153L",0.302440392241225,7.0692498558936e-68
"N153M",0.160777663987759,1.77142437225831e-07
"N153P",0,1
"N153Q",0.431336709465554,1e-300
"N153R",0.353125709828121,2.71215758287154e-101
"N153S",0.0922113458907914,4.51410790373273e-14
"N153T",0.227958663416598,2.05835126410757e-05
"N153V",0.154246984983226,0.000155414027239711
"N153W",0.0729126292518209,5.74689492190676e-196
"N153Y",0.0448697296229282,3.60387427827936e-313
"N154A",0.113136149321179,9.26600004818871e-120
"N154C",0.39215023073024,3.3992371520222e-21
"N154D",0.179206994356464,1
"N154E",0.375971516608376,1e-300
"N154F",0.0994063635164774,6.74380996576289e-30
"N154G",0.12428480936737,2.3993605721093e-05
"N154H",0.148326634894557,1
"N154I",0.230736723249327,2.20848809537981e-06
"N154K",0.207181119880005,1
"N154L",0.170892134121576,1
"N154M",0.136331209784723,2.68548357708317e-12
"N154P",0.36773804266284,2.84655238811689e-100
"N154Q",0.171520027153154,1
"N154R",0.212313630211285,1
"N154S",0.087295077699798,1.73090920817288e-65
"N154T",0.0493399661992362,9.64863452733062e-118
"N154V",0.147131867652914,0.00442554824599393
"N154W",0.290933468692622,6.05796798607701e-25
"N154Y",0.280706735198652,7.55712209289894e-13
"A155C",0.208466209046534,1
"A155D",0.161418049392103,1
"A155E",0.0795500094405858,9.66340682882592e-131
"A155F",0.281516528438049,2.70596973096487e-45
"A155G",0.243593595706588,6.6692115871222e-06
"A155H",0.455301360351876,1.97590063733742e-180
"A155I",0.288123929917395,1.5402712124465e-26
"A155K",0.0404218873112022,2.42745822567398e-293
"A155L",0.169066134269663,0.0410572883118198
"A155M",0.203193161293406,1
"A155N",0.362057868396226,4.35471998974353e-25
"A155P",0.252342044662296,1.30940676451319e-10
"A155Q",0.0655541371346503,4.37204995504161e-297
"A155R",0.0483027752792795,3.05233059697994e-235
"A155S",0.154135248102041,1.83399558328724e-07
"A155T",0,2.88090671816202e-154
"A155V",0.0810891198794062,3.40276852416048e-115
"A155W",0.368288378781457,4.66668091515179e-59
"A155Y",0.161148145221879,0.000358360707645833
"A156C",0.192106831905929,1
"A156D",0.442282996974453,1.10066419474765e-143
"A156E",0.245549680889313,1.42900607344897e-12
"A156F",0.485360453466654,1e-300
"A156G",0.267407936531066,9.56477397880309e-23
"A156H",0.398546837912348,4.86628465814369e-53
"A156I",0.178331900975782,1
"A156K",0.171835219973771,1
"A156L",0.278474000293102,3.16028086331975e-53
"A156M",0.136232860437265,2.62674443193888e-32
"A156N",0.193984999952339,1
"A156P",0.165498587597764,1
"A156Q",0.389475416992466,1.10145739470884e-169
"A156R",0.882840745266865,4.70290295937734e-191
"A156S",0.0578487782989,2.54918926980439e-246
"A156T",0.0852023361051732,7.39835262068896e-49
"A156V",0.254882649692606,1.5175155864748e-33
"A156W",0.578307131137504,1e-300
"A156Y",0.261469182919482,4.67867159185339e-31
"I157A",0.211782247225252,1
"I157C",0.102868633236521,8.15077701217184e-158
"I157D",0.304352735721098,3.16145275121238e-61
"I157E",0.243158092084396,9.08348200604938e-19
"I157F",0.228165113130692,1
"I157G",0.484952606298915,8.58444468433768e-105
"I157H",0.112121088483027,5.89518930195091e-20
"I157K",0.218117129885387,1
"I157L",0.202849649685531,1
"I157M",0.0911452577572097,1.46685594349031e-99
"I157N",0.30969632537581,2.1003864185434e-40
"I157P",0.99815211664666,1e-300
"I157Q",0.194658308602418,1
"I157R",0.098970765656671,9.7671844347098e-53
"I157S",0.211727440202655,1
"I157T",0.0435190474538282,2.54534651690704e-175
"I157V",0.235507989025342,2.19933970161451e-08
"I157W",0.077422043773561,2.40156223985392e-121
"I157Y",0.0483266688962403,2.8408892410343e-94
"V158A",0.0621580774213102,1.30155873583772e-39
"V158C",0.130046788712073,6.09634402197757e-09
"V158D",0.101654077296758,5.58108774183168e-33
"V158E",0.0639430930396537,4.14875736090665e-58
"V158F",0.0663704924962729,1.78151809997891e-101
"V158G",0.0369212646629063,2.00238191883043e-147
"V158H",0.159509552432978,0.0127610690184944
"V158I",0.232352388431812,6.70651993259728e-07
"V158K",0.185394295450952,1
"V158L",0.0639288598594754,1.08899053811298e-27
"V158M",0,4.31019144954712e-125
"V158N",0.163104881063667,6.43520919998926e-05
"V158P",0.139490896748292,2.43367825315483e-07
"V158Q",0.121749995683025,1.18511564017701e-11
"V158R",0.192881423644708,1
"V158S",0.159191106678241,1
"V158T",0.0578090891305544,6.33627751599978e-92
"V158W",0.132984734656578,3.55434068584068e-22
"V158Y",0.0380690626195777,1e-300
"L159A",0.480033688996866,5.31824886308014e-132
"L159C",0.210856517482197,1.84428131427655e-07
"L159D",0.339039423112626,1.51325856554864e-31
"L159E",0.369881260100163,4.86876554566466e-201
"L159F",0.117251470119651,1.86167172736265e-54
"L159G",0.171208830510556,1
"L159H",0,1.47511880704916e-70
"L159I",0.177724714736727,1
"L159K",0.24993263654663,1.0163484174594e-10
"L159M",0.249987605857438,1.44952784386755e-17
"L159N",0.468794604281831,2.09643465570448e-32
"L159P",0.46896633675499,1.00418014679307e-107
"L159Q",0.0915273574378566,2.90751598374732e-83
"L159R",0.261144769254828,1.06456835140648e-09
"L159S",0.29451903717608,1.40703088952244e-13
"L159T",0.240768543171038,2.40847305271107e-05
"L159V",0.181917588010688,1
"L159W",0.122630072408657,5.22793854410803e-19
"L159Y",0.0257709477220113,2.303568730725e-119
"Q160A",0.0986249786381858,1.5818365436441e-226
"Q160C",0.367965327519402,4.74995532193255e-92
"Q160D",0.0763611582926834,1e-300
"Q160E",0.154726604785271,1.57215068491257e-05
"Q160F",0.3748060622439,6.12674761953597e-127
"Q160G",0.154326893502672,4.27723934527084e-05
"Q160H",0.0153997673680879,2.45185813386154e-96
"Q160I",0.226885606280512,9.58380715456052e-12
"Q160K",0.0931545688843938,8.65597977959606e-26
"Q160L",0.241500451225608,8.71937403825251e-15
"Q160M",0.00742367640274091,2.72937138390108e-203
"Q160N",0.103307813398246,2.58143671955464e-87
"Q160P",0.29818061929988,1.20475497822805e-128
"Q160R",0.126892777941659,0.000696728550890039
"Q160S",0.128868524750761,1.20642919816104e-12
"Q160T",0.316731600932363,3.18654066202177e-19
"Q160V",0.282015796614693,2.28837165098513e-72
"Q160W",0.103532748224161,7.12939331001389e-54
"Q160Y",0.154874259299867,0.000527958681380529
"L161A",0.228806026369823,0.666981649318097
"L161C",0.468794604281831,3.1693274967364e-47
"L161D",0.279654309554491,1.25193255549549e-13
"L161E",0.368581246383727,1.14623175396609e-17
"L161F",0.282288121486965,3.55837955439026e-34
"L161G",0.209171183476441,1
"L161H",0.244058519275018,2.24476166056369e-27
"L161I",0.383943197500551,1.4947674101986e-151
"L161K",0.264510844429853,6.6492553373505e-08
"L161M",0.0653339386211449,1e-300
"L161N",0.144165221055771,0.0310902241586022
"L161P",0.20107196256742,1
"L161Q",0.372144109554263,7.34644456997583e-196
"L161R",0.980687675165817,3.36672560997653e-156
"L161S",0.267579955684991,4.2814401019031e-28
"L161T",0.969631823678532,1.26863095900466e-231
"L161V",0.246695723094723,4.0408722719183e-27
"L161W",0.0522657518166656,1.6282481394843e-32
"L161Y",0.142357705112199,1
"P162A",0.0693015566673622,1.52529597041066e-37
"P162C",0.295143180509921,2.78610195757069e-43
"P162D",0.0503440027247993,1e-300
"P162E",0.131396476637464,6.95455383598459e-11
"P162F",0.269193354715722,5.93771198951365e-16
"P162G",0.148305100714467,3.15075331126627e-13
"P162H",0.271248929094756,1.03070032732765e-59
"P162I",0.432337431208872,1e-300
"P162K",0.169386101014086,1
"P162L",0.483391518607903,1e-300
"P162M",0.0235850443783017,5.4389951400838e-31
"P162N",0.277063445222165,0.00400322898829414
"P162Q",0.161273491372757,1
"P162R",0.27655538415569,1.33198060284722e-17
"P162S",0.0628939786861272,1.40142530810709e-91
"P162T",0.111188507195687,4.25872210184726e-30
"P162V",0.791916737186156,1e-300
"P162W",0.238485204972038,1.13431230831574e-09
"P162Y",0.13717198473548,5.5333054405659e-27
"Q163A",0.332106637431304,5.60236107889537e-85
"Q163C",0.274649001476257,2.56881762116407e-15
"Q163D",0.0344391808976553,1.81863963071369e-204
"Q163E",0.130309918099465,4.49122729996989e-30
"Q163F",0.107158855838675,6.99818043183036e-51
"Q163G",0.31252640970483,1.4108000211057e-40
"Q163H",0.0386228182448994,1.93750002831718e-67
"Q163I",0.223590005254868,1
"Q163K",0.243551742229959,1.40452495170654e-05
"Q163L",0.0800314261975954,3.86314485805793e-75
"Q163M",0.309341480872954,5.97216148850928e-07
"Q163N",0,3.20169501434067e-35
"Q163P",0.00928641372201793,2.16610381854067e-63
"Q163R",0.447502968564301,7.64505461168352e-193
"Q163S",0.0815172948995135,2.75256759781876e-61
"Q163T",0,6.84852500218905e-81
"Q163V",0.0319941919687784,5.03226755470296e-179
"Q163W",0.186375117193167,1
"Q163Y",0.0691145168592936,6.16016367486488e-37
"G164A",0.127621067189993,1.56926983753648e-25
"G164C",0.166680385576457,1
"G164D",0.198944216931786,1
"G164E",0.203592825179615,1
"G164F",0.0699651859204979,1.17852074725101e-97
"G164H",0.163887853948202,1
"G164I",0.184295249044598,1
"G164K",0.141917096077446,5.52078532752244e-07
"G164L",0.626825409639379,1e-300
"G164M",0.2261449947801,1
"G164N",0.0309155508689368,4.23918473566035e-243
"G164P",0.163906784364726,0.0032832924050308
"G164Q",0.0877132810077212,2.48753684899012e-47
"G164R",0.172709005237025,1
"G164S",0.0680297113982519,2.63299320174316e-133
"G164T",0.338214530864833,1.97069277307902e-134
"G164V",0.136164781114331,9.51647846219854e-31
"G164W",0.367127311245548,1.69771493977142e-29
"G164Y",0.230308752730171,0.0691603011695098
"T165A",0.24779653816269,1
"T165C",0.192121506500371,1
"T165D",0.0761492232074206,9.98237171136875e-279
"T165E",0.0387030900337313,1.56528249400092e-194
"T165F",0.314980520133265,8.30940214138424e-123
"T165G",0.221504901326112,1
"T165H",0.129545183857729,1.1786847958558e-29
"T165I",0.132053342164331,1.11129037935451e-25
"T165K",0.18488537595373,1
"T165L",0.335547162129758,1e-300
"T165M",0.33776127702212,1.0798595339241e-35
"T165N",0.241803127314719,2.18668065939213e-06
"T165P",0.586103380249714,5.96078731463943e-151
"T165Q",0.0989269288268872,8.37389592850658e-41
"T165R",0.205265011365608,1
"T165S",0,5.00635897696732e-14
"T165V",0.0661283102260236,1.59889094829139e-145
"T165W",0.110747925114751,1.04499214462003e-57
"T165Y",0.174217151266365,1
"T166A",0.331269837877993,1.23463701045324e-09
"T166C",0.356885937960917,6.83666024963489e-146
"T166D",0.132680527707565,5.99640270121174e-08
"T166E",0.673408366008232,1e-300
"T166F",0.0325971629149661,8.58028495503494e-265
"T166G",0.0947267156791291,5.14945182268751e-64
"T166H",0.368710180563027,1.79911112667846e-36
"T166I",0.0890416434767613,1.4807482063257e-43
"T166K",0.1582155244037,0.563170208433437
"T166L",0.0110972555350383,1e-300
"T166M",0.11117470946188,7.07267693651382e-55
"T166N",0.166865773808231,0.000472365341756875
"T166P",0.310364388012966,1.75208174369006e-54
"T166Q",0.122989118747638,5.80195187447211e-21
"T166R",0.0887868568715589,0.181113493551562
"T166S",0.108301234793662,2.9843045322009e-56
"T166V",0.06643165555791,6.02204988104898e-223
"T166W",0.0711092960722336,2.3069167594862e-102
"T166Y",0.0748319476463626,1e-300
"L167A",0.554348155424822,1e-300
"L167C",0.346156120412184,2.76880327555108e-152
"L167D",0.24482808411542,1.74865441157991e-26
"L167E",0.0689094786036975,2.90115785773257e-22
"L167F",0.257911062393562,2.41070507634277e-15
"L167G",0.135326309997221,1.25793848287162e-05
"L167H",0.534741298536279,1.33090365156708e-252
"L167I",0.138660222412728,2.85814737824657e-33
"L167K",0.369739538924849,2.33685243263873e-58
"L167M",0.0607079118456072,2.19882269410721e-38
"L167N",0.313581187571614,5.47559611936246e-194
"L167P",0.183764671671786,1
"L167Q",0.0920769748067255,1.46145675344289e-114
"L167R",0.578386178038971,6.91607088993803e-222
"L167S",0.389976941631304,4.45815783010659e-120
"L167T",0.112336449542553,2.82687770704275e-35
"L167V",0.101583453765722,1.66977003448717e-33
"L167W",0.143600322517758,1.37667102118113e-09
"L167Y",0.0245672401236607,2.34352208103445e-152
"P168A",0.544377753311849,1e-300
"P168C",0.323893832514787,2.32532070392297e-134
"P168D",0.331256469091847,8.29517682249793e-119
"P168E",0.220644500165369,1
"P168F",0.283272087367227,4.83591553468892e-31
"P168G",0.13534144809198,1.44608405365525e-10
"P168H",0.284304198329113,1.46095093454718e-22
"P168I",0.141336343836811,0.000561151516092047
"P168K",0.153206396118494,7.18430141856727e-13
"P168L",0.22397039150777,8.62235888543121e-06
"P168M",0.317259091952718,5.8873902646308e-31
"P168N",0.21272948420672,1
"P168Q",0.0465073409053748,1e-300
"P168R",0.22300466441462,7.45292664293549e-07
"P168S",0.210104512769445,1
"P168T",0.324801692860682,1.34020266561363e-12
"P168V",0.56371993424993,1e-300
"P168W",0.802487490345711,1e-300
"P168Y",0.904637978861277,1e-300
"K169A",0.382949235645559,3.05499866364339e-72
"K169C",0.0451111806315554,4.73150238087644e-162
"K169D",0.117368629568174,2.44240461416299e-08
"K169E",0.16992712271462,0.26002475678754
"K169F",0.0902976833484899,8.3270579910107e-42
"K169G",0.0574592684555086,1e-300
"K169H",0.249290246148601,1.7266445634303e-25
"K169I",0.163431145156354,0.348038421068351
"K169L",0.133521059927707,7.46738664622364e-12
"K169M",0.0486514826343644,2.49185950114878e-165
"K169N",0.0422121324727562,2.91927122572874e-24
"K169P",0.265682732877941,9.42787360737234e-20
"K169Q",0.0431760558485498,1e-300
"K169R",0.339996883386788,5.84272957136577e-54
"K169S",0.0939862137508472,5.8498598429568e-20
"K169T",0.0860748110975635,2.7216562627788e-71
"K169V",0.0972801613990705,5.79728537689421e-68
"K169W",0.216156694453047,1
"K169Y",0.125378849245708,7.37577304955932e-35
"G170A",0.293448240069194,2.28511476831815e-11
"G170C",0.0171272310554309,7.69465706637083e-191
"G170D",0.0442319855052233,4.51494691164169e-81
"G170E",0.254103787508671,1.33682183295757e-11
"G170F",0.054918180654676,4.25303596294475e-32
"G170H",0.165115763837239,0.0488584882765063
"G170I",0.124683780093515,0.00575587870840819
"G170K",0.378071579842701,2.67198237146607e-70
"G170L",0.400779594130136,6.31992628576717e-147
"G170M",0.249741933720463,1
"G170N",0.207438998365422,1
"G170P",0.271157690498887,1.33315792719174e-16
"G170Q",0.326437952199728,1.94406245876292e-55
"G170R",0.283728367004756,7.00977362730286e-08
"G170S",0.191597210242721,1
"G170T",0.0489838724728437,2.97590942176145e-179
"G170V",0.433264701107959,3.59898255699527e-123
"G170W",1,1e-300
"G170Y",0.269556521246558,0.000852122780504606
"F171A",0.11471148849494,2.54984366909627e-17
"F171C",0.163840817556616,1.10534477719675e-06
"F171D",0.00647360536492607,1e-300
"F171E",0.363793654753648,1.35838111312664e-134
"F171G",0.633594129737146,8.95507070983763e-236
"F171H",0.0994751832428231,6.8494897571315e-135
"F171I",0.0527226093445546,1e-300
"F171K",0.0792962759930775,1e-300
"F171L",0.368206230481453,5.36438764780672e-237
"F171M",0.238321588903161,9.06550923588024e-16
"F171N",0.198067706330872,1
"F171P",0.633841979722488,2.1380209427828e-175
"F171Q",0.499530205983883,6.73059239568178e-159
"F171R",0.130828324810851,0.0160622565520959
"F171S",0.400198436595486,1.18104736163111e-277
"F171T",0.0391379045187386,1e-300
"F171V",0.127010317818527,2.16102009822446e-93
"F171W",0.191892142084546,1
"F171Y",0.17687741001212,1
"Y172A",0.161130299471551,0.00514317768832977
"Y172C",0.166816579414852,1
"Y172D",0.308978261913025,2.05603517140083e-08
"Y172E",0.175155978195294,1
"Y172F",0.161803912069856,1
"Y172G",0.362820066767762,3.04523185998168e-83
"Y172H",0.191272090346896,1
"Y172I",0.189808098156611,1
"Y172K",0.602964790555255,1e-300
"Y172L",0.0545496188138561,1.20715363341019e-146
"Y172M",0.125511072393665,2.69960944429581e-22
"Y172N",0.168262511143517,1
"Y172P",0.354802995713889,1.24348217142623e-72
"Y172Q",0.16967875379787,1
"Y172R",0.00786718832856096,8.95359630980865e-182
"Y172S",0.27578498712523,1.45520048050144e-29
"Y172T",0.0191686520765135,4.92471083076844e-119
"Y172V",0.485158727486523,1e-300
"Y172W",0.191095435246486,1
"A173C",0.312173521895632,6.59260714723693e-05
"A173D",0.0546305175656174,9.17502954471517e-202
"A173E",0.0783204930657169,2.13472855252708e-100
"A173F",0.227294353591191,1
"A173G",0.186970054491367,1
"A173H",0.0538801479997438,4.25262552289996e-114
"A173I",0.184868663415417,1
"A173K",0.117099439269908,7.37478412166349e-72
"A173L",0.0692158218820723,1.10048316499326e-155
"A173M",0.0723024608574436,7.90952902177482e-64
"A173N",0.066785571622035,1.81550649259018e-171
"A173P",0.140670294670643,1.21239240567929e-07
"A173Q",0.297349910904188,2.6950089680915e-31
"A173R",0.228580017206845,0.0102051916915293
"A173S",0.0443325894004286,1e-300
"A173T",0.196248392299166,1
"A173V",0.0968101753150918,7.26728914304525e-18
"A173W",0.315187476536024,1.68117361707495e-34
"A173Y",0.122022688117067,9.9621935873177e-34
"E174A",0.860658848584254,1e-300
"E174C",0.27386999841232,4.53148618926e-50
"E174D",0.0276792073648406,1e-300
"E174F",0.444109964961583,2.35573157217667e-245
"E174G",0.0739271104989237,6.25453317566785e-117
"E174H",0.427181279834895,2.09071290901155e-58
"E174I",0.0464461206844637,1.11967166818196e-166
"E174K",0.0912154234675693,1.51248022455699e-31
"E174L",0.129208375085951,1.67935243710268e-10
"E174M",0.0345851244364535,8.87824672634901e-286
"E174N",0.202271198924681,1
"E174P",0.318280326032217,9.27469647367142e-11
"E174Q",0.0515014252787165,3.08875472344959e-91
"E174R",0.160119406482474,1
"E174S",0.0649458748986239,5.53678338557523e-23
"E174T",0.0799384301377734,8.66807949109076e-80
"E174V",0.249113673762198,1.0710412140653e-07
"E174W",0.100608476051229,7.68198741412931e-92
"E174Y",0.109146160978846,1.88270400541348e-42
"G175A",0.0394962783614575,4.00982444194449e-40
"G175C",0.148992406780772,7.0810615644332e-11
"G175D",0.0451319706890072,1.77495357554393e-167
"G175E",0.12643398330959,6.80034551324779e-18
"G175F",0.573209928338774,2.57658627741903e-205
"G175H",0.283381369409561,0.00713491382724096
"G175I",0.0105220251854226,5.9482795323418e-94
"G175K",0.106415052742015,1.42307640177679e-154
"G175L",0.144667583557585,5.95831509864947e-06
"G175M",0.0268414227830404,6.07322307068736e-73
"G175N",0.111691801133796,5.1570568804912e-05
"G175P",0.126138311921177,0.326167201095846
"G175Q",0.116685442545039,1.05538345708142e-27
"G175R",0.155287520565909,1
"G175S",0,4.18192301609338e-19
"G175T",0.36713949440448,1.43130320395414e-53
"G175V",0.12341577369388,1.61350988040654e-13
"G175W",0.0180333598715175,9.36221817723354e-98
"G175Y",0.0668537096569678,4.36862822139321e-70
"S176A",0.185944099407459,1
"S176C",0.478307026097076,1.93439342648684e-34
"S176D",0.357441623035465,2.64012923196685e-108
"S176E",0.0732812541585967,4.03257374127824e-39
"S176F",0.0911581477667921,5.17330781186536e-67
"S176G",0.0179273887598105,5.30675126408209e-90
"S176H",0.378749885087184,5.35366947430658e-30
"S176I",0.150151433824666,8.21719529194282e-10
"S176K",0,1.37894679880795e-107
"S176L",0,1
"S176M",0.125829880565615,4.31027982126419e-18
"S176N",0.0292377397306987,5.42107815207257e-143
"S176P",0.118974388207889,1
"S176Q",0.268664970065594,3.98142399352199e-05
"S176R",0.291049143941656,1.28036002453924e-09
"S176T",0.14306864294292,6.52490022589067e-09
"S176V",0.0407929424384302,1.39085974711185e-192
"S176W",0.150856991018003,3.27978457677638e-07
"S176Y",0.237716645342421,0.666652363334277
"R177A",0.105731112482457,1.94230252215799e-29
"R177C",0.112272922766121,1.48561117821009e-117
"R177D",0.108831077262925,3.06804323206083e-47
"R177E",0.130635002408434,2.65184386933852e-21
"R177F",0.257630081601472,4.76722508664083e-13
"R177G",0.0785186319583688,8.34253199229151e-65
"R177H",0.123468947514209,1.96618274651524e-21
"R177I",0.27457211205815,0.0618452834465918
"R177K",0.119024568094055,7.69489647840717e-34
"R177L",0.0886401809840071,1.2932730408957e-36
"R177M",0.0599712891838717,2.61001796855005e-40
"R177N",0.0763566969095407,1
"R177P",0.0294134127336832,1e-300
"R177Q",0.100861432032412,3.54135899091777e-29
"R177S",0.0106190632462329,1e-300
"R177T",0.182375367577498,1
"R177V",0.14374611180479,5.017431474565e-08
"R177W",0.21889457947527,1
"R177Y",0.171927101052161,1
"G178A",0.0337345111085436,2.82737253814837e-64
"G178C",0.0691533426479982,3.2591003129751e-60
"G178D",0.0306888822947301,1.4644730221556e-128
"G178E",0.0958696010796441,0.000196531731950175
"G178F",0.0391651028593381,6.0586721057104e-74
"G178H",0.080888378084265,2.64128373473277e-08
"G178I",0.0340668708238987,1.53119746733726e-133
"G178K",0.238541879212763,5.60187397637162e-06
"G178L",0.0688786049428964,2.15238438194703e-118
"G178M",0.285378514879912,1.07804263274191e-15
"G178N",0.338254786844102,4.77875891363513e-64
"G178P",0.19914640423303,1
"G178Q",0.023463304490174,1e-300
"G178R",0.0108268736152611,1e-300
"G178S",0.0276939348871017,1e-300
"G178T",0,3.16676918092467e-46
"G178V",0.314757289360406,1.22620395734111e-39
"G178W",0.0250917533119848,3.18956385308009e-95
"G178Y",0.0382146882081359,6.12410768598787e-36
"G179A",0.20345170242285,1
"G179C",0.136316666888292,0.00150221605296986
"G179D",0.185970315949206,1
"G179E",0.298693132773275,9.12399045674941e-112
"G179F",0.150232022600942,0.000245788155071462
"G179H",0.373080759060683,1.74035887710801e-38
"G179I",0.437722914134036,3.30397904435723e-34
"G179K",0.163535714320916,5.1582300161331e-25
"G179L",0,5.31947747082801e-50
"G179M",0.0584101468481322,5.40002359427594e-135
"G179N",0.00867200205416482,1e-300
"G179P",0.565703069109148,8.56619051417516e-118
"G179Q",0.0517933737581868,1.26494801001468e-88
"G179R",0.157884421850262,1
"G179S",0.0691473478620736,1e-300
"G179T",0.254373503355435,5.13460639683072e-07
"G179V",0.150139962264445,0.000650123372450301
"G179W",0.222915828652033,1
"G179Y",0,2.63833502475425e-47
"S180A",0.199104526534471,1
"S180C",0,2.84409871623292e-47
"S180D",0.285899411419905,1.04007727805689e-10
"S180E",0.237111288210257,2.95447632728151e-08
"S180F",0.122844499427038,0.0744310133051514
"S180G",0.0299304412986718,4.1810029900928e-28
"S180H",0.253139539704291,0.00159438485465962
"S180I",0.368117694114648,4.47078100768555e-155
"S180K",0.195153746106931,1
"S180L",0.0608156129891523,9.77750388767612e-76
"S180M",0.113214395638166,7.97415962536872e-35
"S180N",0.202125075609583,1
"S180P",0.287620532798607,3.66925734462867e-29
"S180Q",0.362906883002538,6.11347558682259e-63
"S180R",0.058268933169922,2.51445116590266e-15
"S180T",0.0101622348136686,2.2025656999361e-157
"S180V",0.642385750540069,1.0038782484405e-308
"S180W",0.0983859389123732,3.33632129152699e-07
"S180Y",0.141942240459737,1.30057694746702e-06
"Q181A",0.0933627572292888,5.48411704699626e-06
"Q181C",0.0108895330257804,2.12030877326924e-253
"Q181D",0.149021851509691,4.77174035658033e-05
"Q181E",0.0486811933699285,2.00927687747514e-78
"Q181F",0.0815474314948113,2.00059721341894e-71
"Q181G",0.106743866170784,9.72594300962822e-28
"Q181H",0.0937920506268424,5.48178269490671e-33
"Q181I",0.115449335136347,1.6497618762237e-21
"Q181K",0.29943481114989,1.34586452712791e-25
"Q181L",0.0544608578206617,6.48646686292422e-66
"Q181M",0.0432296715187803,6.68170119312623e-234
"Q181N",0,1.81997629751649e-303
"Q181P",0.136259987834467,1
"Q181R",0.114747518766218,7.37032568491197e-18
"Q181S",0.112139079513623,2.77121189286835e-20
"Q181T",0.0911492295165716,1.32648598454327e-132
"Q181V",0.254625763329279,7.128088713037e-10
"Q181W",0.120469253961532,1.45765779781223e-16
"Q181Y",0.27889749221045,1.03274849176548e-34
"A182C",0.0297008021234864,8.2436472701401e-259
"A182D",0.0783514990037931,1.82694644500298e-55
"A182E",0.19910762596825,1
"A182F",0,9.78420463948249e-97
"A182G",0.163594351400565,0.00551072162131494
"A182H",0.232858707187828,0.506601598722275
"A182I",0.358572954113008,5.62924197458121e-10
"A182K",0.243603380732648,8.45929839143218e-38
"A182L",0.121846537977503,4.6753048559023e-22
"A182M",0.124895174674548,4.72990028056926e-11
"A182N",0.0155167596560908,1e-300
"A182P",0.200658296529723,1
"A182Q",0.193191533857916,1
"A182R",0.140370524306235,1.29622848725261e-07
"A182S",0,6.97891303479969e-31
"A182T",0.518232823249039,1e-300
"A182V",0.348867853420332,1.5235199583581e-10
"A182W",0.00212416959254898,7.96278040533397e-99
"A182Y",0.144216839157346,0.0198824927926815
"S183A",0.531887535341827,7.46851621491027e-69
"S183C",0,1.1235835052047e-60
"S183D",0.0679323250506123,7.88486027879401e-58
"S183E",0.682312518939962,1e-300
"S183F",0.273731719877127,4.93600213058302e-21
"S183G",0.132713696869117,1
"S183H",0.15074788110094,0.000805022671232983
"S183I",0.15891443764257,1
"S183K",0,5.87490731782359e-05
"S183L",0.178508413229915,1
"S183M",0.0105277234738124,1e-300
"S183N",0.102354561194435,2.5256735146069e-14
"S183P",0.0890056977159606,9.24814907041096e-22
"S183Q",0.150782144747692,0.641669281526787
"S183R",0.690761746460728,4.90366947491012e-82
"S183T",0.0462563008808663,6.11025531509134e-200
"S183V",0.120311740239517,1.27126516065241e-11
"S183W",0.463882156933978,1e-300
"S183Y",0.190003873705136,1
"S184A",0.126238695850332,3.90482802353513e-10
"S184C",0.161592079506237,5.64068686995624e-53
"S184D",0.0532474853994288,4.81548967816732e-152
"S184E",0.216720094924174,1
"S184F",0.667311615939686,2.37506779465608e-171
"S184G",0.0580677516757107,5.91954690495916e-25
"S184H",0.150036176920254,1.33164883714899e-11
"S184I",0.00937271888871859,1e-300
"S184K",0.186057695212469,1
"S184L",0,1e-300
"S184M",0.177860082383292,1
"S184N",0.0746237141727317,5.7636850196389e-284
"S184P",0.0634255253980329,6.60936335043228e-46
"S184Q",0.0901601166227824,1.26147118241484e-28
"S184R",0.0621507998100912,1
"S184T",0.0859997340025751,1.26403612490372e-28
"S184V",0.164706708784183,0.0448961481816467
"S184W",0.181625601746558,1
"S184Y",0.0554215157328687,1.07956726216956e-74
"R185A",0.00613162356612076,1.28343689578578e-82
"R185C",0.479491206846374,1.69552550553689e-193
"R185D",0.104549975723115,2.77318303992009e-30
"R185E",0.0744093708379678,1.87135386442725e-47
"R185F",0.0568235883977977,1.05558764573564e-17
"R185G",0.245055869680179,6.08954714534624e-28
"R185H",0.349365454124112,3.16585358005382e-11
"R185I",0.183397508612421,1
"R185K",0.597672550388372,1e-300
"R185L",0.0298675148829119,1e-300
"R185M",0.0740455481200658,5.39134713277092e-40
"R185N",0.0489350343258273,1.21899036741037e-140
"R185P",0.161592079506237,1
"R185Q",0.157576128314868,7.02004882745775e-17
"R185S",0.0565983340130336,9.66920066623569e-55
"R185T",0.0671820191157996,2.5992390327119e-65
"R185V",0,2.03425507614254e-46
"R185W",0.105421021020387,6.83062908761746e-05
"R185Y",0,9.11247045331448e-108
"S186A",0.163676884816323,1
"S186C",0.0464123520191834,1e-300
"S186D",0.251621198960722,0.0988376291981903
"S186E",0.0395807659937872,1e-300
"S186F",0,6.67111620331993e-55
"S186G",0.198756345035942,1
"S186H",0.196626494007256,1
"S186I",0,0.392486573854594
"S186K",0.0945184187825484,5.96084440966389e-07
"S186L",0.128440490344646,0.000480841862055277
"S186M",0,2.9323808000574e-68
"S186N",0.331667465727624,2.56635619718716e-29
"S186P",0.187926396954778,1
"S186Q",0.344923048774705,1.74605982417699e-57
"S186R",0.130390380297292,7.65467190033735e-17
"S186T",0.103457634529215,5.71581469283314e-84
"S186V",0.203033077520746,1
"S186W",0.537192847920347,1.1580206705607e-84
"S186Y",0.0658757858028235,1.03198049369769e-129
"S187A",0.037922965669356,1.12208550251393e-52
"S187C",0.169990846041403,1
"S187D",0,2.33715685551867e-137
"S187E",0.017671039063531,3.96733635701181e-127
"S187F",0.100877677963876,1.11959672701919e-07
"S187G",0.264469969361712,4.48383986943027e-12
"S187H",0.0781324340469718,1
"S187I",0.200523085508546,1
"S187K",0.0521956716989173,1.18348939459433e-34
"S187L",0.0745733927104443,3.33435535666777e-62
"S187M",0.108104910107198,7.81802231824575e-14
"S187N",0.246065309437753,5.47682161953157e-11
"S187P",0.0494032737118491,3.55952180676284e-122
"S187Q",0.139645582794076,1
"S187R",0.066439476003382,2.54872064461987e-66
"S187T",0.266022094955075,0.0342384956402256
"S187V",0.101941842975226,3.64782394235559e-07
"S187W",0.136945845781379,2.15643962458684e-19
"S187Y",0.142186602101247,1
"S188A",0.182004867379427,1
"S188C",0.0239107515657625,7.94232450058065e-244
"S188D",0.0258388723457277,1e-300
"S188E",0.227565494389757,1
"S188F",0.633653029538831,5.40238269114131e-162
"S188G",0.447201002298887,7.01346437789414e-112
"S188H",0,5.2793877286982e-124
"S188I",0.106372446901774,4.06565056878274e-11
"S188K",0.398748016308188,1.41342531093656e-69
"S188L",0.0521084695290112,2.34584638270297e-108
"S188M",0.137913738939462,0.00110563303778097
"S188N",0.0459982048458447,9.37617928227781e-56
"S188P",0.00824542926507807,1e-300
"S188Q",0.214685768713999,1
"S188R",0.424589702847261,4.66951323197479e-319
"S188T",0.150611997594031,1
"S188V",0.474895727917525,5.60112843543902e-113
"S188W",0.204098212189086,1
"S188Y",0.190782565762264,1
"R189A",0.207803313366113,1
"R189C",0.302977575392178,6.62024732613078e-17
"R189D",0.0629591232765539,1.40251531370332e-21
"R189E",0.173018755292929,1
"R189F",0.262195286807985,7.48115329561327e-08
"R189G",0.0509995891587018,9.16254590651482e-54
"R189H",0.131404548169907,0.294668790869173
"R189I",0.0784624053355129,1.34494189477073e-28
"R189K",0.12266126243948,3.34212581377249e-30
"R189L",0.230413471514962,0.0259885346334841
"R189M",0.140683041972001,2.40112567282719e-14
"R189N",0.169422381006348,1
"R189P",0.106713730427171,2.37434452515108e-24
"R189Q",0.0786361429072572,3.45715919899497e-52
"R189S",0.129111972022972,2.67865786572813e-05
"R189T",0.372275193947826,2.15665654603867e-54
"R189V",0.0889268456501918,3.0139413049024e-158
"R189W",0.141086490399578,2.49616081096421e-09
"R189Y",0.0678509304895001,2.82416504021175e-176
"S190A",0,2.82185305641977e-136
"S190C",0.164521843018817,0.163801344164911
"S190D",0.349568369737116,2.67290893398041e-131
"S190E",0.225891549653054,1
"S190F",0.00177573713743118,4.74924246015853e-14
"S190G",0.333021483629206,2.02111714986718e-44
"S190H",0.128932817416194,1
"S190I",0.0724897956431609,1.885442720802e-19
"S190K",0.274208575955855,0.177453860992221
"S190L",0,4.01256535935417e-36
"S190M",0,2.40440116820112e-07
"S190N",0.053242227208516,3.38344800964289e-52
"S190P",0.133180285307338,1
"S190Q",0.118285734578571,1.38685138298512e-11
"S190R",0.00483319658725293,5.67280407616095e-53
"S190T",0.148030303507685,0.000735055224378751
"S190V",0.523500967631153,3.79783305897427e-186
"S190W",0.0254472665953015,2.4095129771284e-61
"S190Y",0.296681346761646,4.01371964093194e-08
"R191A",0.00245891227153043,3.82698649532347e-113
"R191C",0.171393579477283,1
"R191D",0.0471075403373634,1.55914212190333e-145
"R191E",0.097389957379594,9.87249673007855e-37
"R191F",0.163002666405054,0.00321875094315271
"R191G",0.125889518406539,3.70499828573274e-05
"R191H",0.320802833681087,7.29478153663865e-132
"R191I",0.11800362281949,2.32082442492215e-11
"R191K",0.0505203946511821,1.93423958713613e-30
"R191L",0.108240057212117,4.61511450414397e-10
"R191M",0.0811666637886834,8.70464424825697e-34
"R191N",0.245314531189643,0.00445651552850097
"R191P",0.161888319654734,0.00475793616475995
"R191Q",0.116367059667907,5.67076682650007e-31
"R191S",0.0307462507762675,1e-300
"R191T",0.0836605236372155,2.40849565840187e-53
"R191V",0.164562843377337,1
"R191W",0.0385387211787942,1e-300
"R191Y",0.102167376500161,5.72793734651959e-30
"N192A",0.266454399746838,7.01930049613398e-13
"N192C",0.0830224253051676,7.79438490559915e-50
"N192D",0.0854581396575309,9.98412531174518e-23
"N192E",0.152197191162851,0.254943957069026
"N192F",0.0592296101396514,7.29163507855093e-151
"N192G",0.223532251429604,2.92594966958395e-09
"N192H",0.0745809597721095,1
"N192I",0.0653683747941546,9.70419215556729e-153
"N192K",0.306223625246816,1.49191732789085e-62
"N192L",0.0958372131209346,1.1214336246411e-222
"N192M",0.118113293181995,2.51715452791736e-15
"N192P",0.496267317744651,1e-300
"N192Q",0.0127023206790617,1.54060634566186e-123
"N192R",0.336257614153339,4.19644590635417e-34
"N192S",0.000813569943718469,1.3883569034706e-180
"N192T",0.0721864671407284,7.68426050206237e-104
"N192V",0.123474244283888,9.70481717513767e-12
"N192W",0.146985760934432,8.49345474346482e-06
"N192Y",0.0899961891380137,1.63015131120705e-23
"S193A",0.0527592927375912,1.36956087434101e-219
"S193C",0,1.07840453772392e-82
"S193D",0.0467345976617084,3.71509104282856e-177
"S193E",0.118825955906278,2.80538379743507e-109
"S193F",0.193555347979998,6.46909816470494e-08
"S193G",0.0764472906216114,9.66081741865306e-46
"S193H",0.597299199672275,1.67638442250082e-277
"S193I",0.394919907249428,5.60947236308976e-132
"S193K",0.221487924518193,1
"S193L",0.271386916219342,2.95122791097432e-22
"S193M",0.188177824015478,1
"S193N",0.568457851120156,2.47545889849706e-118
"S193P",0.214204182766119,1
"S193Q",0.180931355691019,1
"S193R",0.035374690225604,8.13580115659434e-84
"S193T",0.0835058864392725,2.5272174653863e-47
"S193V",0.0779268179651855,1.87462720129152e-192
"S193W",0.0597617809328635,5.19528616116637e-57
"S193Y",0.524276524620236,1e-300
"S194A",0.0601921924801592,6.54201070619193e-151
"S194C",0.248911102285296,8.17991799859191e-06
"S194D",0.166645038182861,1
"S194E",0.209069064869191,1
"S194F",0.170750855438472,0.908676770901472
"S194H",0.0404091353343726,3.62293435035229e-68
"S194I",0.156810838731824,1
"S194K",0.282037580489069,0.12036642785112
"S194L",0.12832170549703,1
"S194M",0.288926187970272,0.00111088719559986
"S194N",0.0741325662375411,4.87488611046693e-77
"S194P",0.243986602060227,1
"S194Q",0.0661795908292769,5.57346675444978e-210
"S194R",0.0653479404908978,1.32115072523552e-188
"S194T",0.185485799617391,1
"S194V",0.148545629165688,0.00140366349460172
"S194W",0.209435333712517,1
"S194Y",0.244480195446754,5.71629987139469e-15
"R195A",0.0851763174764766,8.34350525535453e-69
"R195C",0.275932310044719,6.20108677563497e-07
"R195D",0.142504692933688,2.33454352417397e-12
"R195E",0.0252397585135625,1.04635676643455e-212
"R195F",0.0325209122414808,1e-300
"R195G",0.510519580567311,8.46927063497581e-46
"R195H",0.0215998656292233,1e-300
"R195I",0.126325553354014,5.12114709289081e-05
"R195K",0.188959193738057,1
"R195L",0.168093234518528,2.26659240555188e-08
"R195N",0.299908962137505,8.64456119664744e-32
"R195P",0.0564710512640854,1.10422622161558e-240
"R195Q",0.364471758187169,9.45982379455796e-112
"R195S",0.0679019801188683,5.7164332413392e-210
"R195T",0.112431123679241,1.92924885268746e-25
"R195V",0.110874751097001,5.08080742838775e-47
"R195Y",0.0614524771986142,7.34949889627739e-91
"N196A",0.0102996452083482,1.17675698984803e-259
"N196C",0.203085137284212,1
"N196D",0.105948749291049,5.08208941489797e-113
"N196E",0.043525002244481,5.45105541291609e-135
"N196F",0.0655942831123307,2.20650691541762e-114
"N196G",0.0564204087362662,7.61856850646865e-78
"N196H",0.147857314720739,5.70705653197174e-09
"N196I",0.0554669284495045,1.06711764334848e-65
"N196K",0.0404801714167251,2.42035543837977e-20
"N196L",0.148029466413524,5.25721810523051e-07
"N196M",0.196306003172805,1
"N196P",0.0270611970476556,1e-300
"N196Q",0.203890448174539,1
"N196R",0.042366450779699,5.33890787389577e-105
"N196S",0.220987124558169,1
"N196T",0.0508603986948346,3.29292169506517e-109
"N196V",0.0933747101052278,4.61950423361546e-132
"N196W",0.0703679174856337,1.59582493763327e-61
"N196Y",0.153162962808771,0.268260426608566
"S197A",0.187543618542147,1
"S197C",0.190869749524647,1
"S197D",0.116193084622081,4.15376924002659e-06
"S197E",0.0304336710692604,3.10499393727013e-207
"S197F",0.0924644464443053,1.05716953126982e-17
"S197G",0.160600609079409,1.31346173613938e-07
"S197H",0.163898103985974,1
"S197I",0.143367567664381,0.451039983011331
"S197K",0.201733535326652,1
"S197L",0.0946431880861135,8.14554020094115e-21
"S197M",0.0648861995504739,8.34186431106679e-176
"S197N",0,0.000429394076316085
"S197P",0.182707623926882,1
"S197Q",0.142449242892831,0.000144573305149022
"S197R",0,1e-300
"S197T",0.572285274946175,2.40620331477011e-85
"S197V",0.0798043596921978,1.28660861150542e-142
"S197W",0.0153164133929086,2.55916178678628e-292
"S197Y",0.0384748228865922,1e-300
"T198A",0.212220882061739,1
"T198C",0.0673072672668625,1.11086837700547e-44
"T198D",0.0729362436353379,5.18595952444422e-33
"T198E",0.0662274089799315,1.55515237206677e-168
"T198F",0.124725089562497,0.620743507901789
"T198G",0.0879301986223588,1.46730126045826e-26
"T198H",0.110839098710125,3.06174760429528e-26
"T198I",0,1.61172508931958e-39
"T198K",0.318222652233061,1.06228935264295e-71
"T198L",0.0562738791576001,2.03897256821151e-14
"T198M",0.395185297858865,2.6424361384161e-58
"T198N",0.142993825308635,1
"T198P",0.43644808318848,4.68142670056389e-35
"T198Q",0.0692537483598159,0.00387594794957472
"T198R",0.000834795843835298,2.21905920040361e-86
"T198S",0.0341775775347276,1e-300
"T198V",0.12031288564018,0.0295673384518726
"T198W",0.0143698781135287,3.50386927517099e-163
"T198Y",0.109663491399427,8.06349854843014e-19
"P199A",0.0476277191646768,2.90208959497454e-187
"P199C",0.211538056331151,1
"P199D",0.0177179566481305,8.02314064437541e-68
"P199E",0.00999785124977298,1e-300
"P199F",0.474863880925997,7.75479396587504e-65
"P199G",0.0502870387625984,1.89209675030059e-134
"P199H",0,1.76516242539719e-32
"P199I",0.230544814272861,7.36333595506833e-19
"P199K",0.0958220649690639,6.58730674108276e-16
"P199L",0,1.25073540318512e-176
"P199M",0.140065028869836,1
"P199N",0.0259924094101109,7.71086649622786e-94
"P199Q",0.232481200994112,0.00587660097270486
"P199R",0.0183650233590038,2.58537523770316e-137
"P199S",0.103532748224161,2.49806043059245e-16
"P199T",0.0306457697684995,5.98588953849172e-197
"P199V",0.0359522410828951,1e-300
"P199W",0.134908636200934,0.002615598083795
"P199Y",0.462921187855351,9.70125192688752e-145
"G200A",0.308126281093586,2.38753153206712e-26
"G200C",0.395955788394676,3.17664916799414e-97
"G200D",0.105715779300634,1.32095914615335e-74
"G200E",0.0913495562344321,3.67420594993243e-46
"G200F",0.0705092762113877,7.62730454459362e-225
"G200H",0.267223638385383,6.93507794067784e-46
"G200I",0.133099461930267,0.000507346753760124
"G200K",0.0239781911196941,1e-300
"G200L",0.145011913180474,1.38315313786183e-48
"G200M",0.0324032082797808,1.10841539135468e-252
"G200N",0.158914793593897,5.18602483863663e-21
"G200P",0.0357598341519871,1.49257455085116e-201
"G200Q",0.116707685809661,1.20329926273837e-11
"G200R",0.0758727875000511,7.44514505730439e-50
"G200S",0.185750545387054,1
"G200T",0.0266360570614677,1
"G200V",0.172821349305672,1
"G200W",0.815565522472546,8.06959399864056e-313
"G200Y",0.130963939235994,0.0169760423722383
"S201A",0.0710294854972471,0.00751632555196593
"S201C",0.0686980428790255,2.97516113145727e-96
"S201D",0.0125655102657827,1e-300
"S201E",0.229234547188134,8.72258981311105e-15
"S201F",0.293567611100228,1.94832913179881e-36
"S201G",0.0574340707799225,2.13406407839827e-224
"S201H",0.133357709749298,2.52235402128862e-40
"S201I",0.122525862482751,1
"S201K",0.122525862482751,1
"S201L",0.143740042666523,7.88480035908586e-12
"S201M",0.0927672676509021,1.34851275842716e-99
"S201N",0.0596438181098864,7.64086505560296e-74
"S201P",0.0494171444901649,4.97751631570258e-95
"S201Q",0.223002638846905,1
"S201R",0.0541180049627108,5.19873141549959e-45
"S201T",0.0460789914217004,6.59840091163542e-40
"S201V",0.242025382257681,4.83911324627948e-07
"S201W",0.111719494356212,2.48581248686543e-65
"S201Y",0.11363841493472,1.14300712218312e-12
"S202A",0.115206302566396,2.44193018850089e-09
"S202C",0,1
"S202D",0.0885046358449797,2.57794083793485e-149
"S202E",0.0866292475205899,1.07044595375405e-97
"S202F",0.259095586051161,4.45084564513352e-07
"S202G",0.571953855109584,7.89572790561306e-178
"S202H",0.160640325436516,1
"S202I",0.140077480939376,0.676491599737467
"S202K",0.807047106617369,2.80399395754178e-241
"S202L",0.378163838833924,4.16350183749963e-77
"S202M",0.140533941441207,0.00206793426676456
"S202N",0.18392424351389,1
"S202P",0.447160296780416,4.06114804231367e-116
"S202Q",0.133550449866676,5.11920409918923e-14
"S202R",0.205984350578312,5.46928043571349e-17
"S202T",0.0247481234177439,5.9537452434236e-77
"S202V",0.0773267412856445,7.17949261982254e-49
"S202W",0.100049482741836,3.68758473476065e-19
"S202Y",0.088406177472278,8.83789039100137e-14
"R203A",0.055263973364016,7.59767216267859e-125
"R203C",0.108944698085647,1.50233111639224e-23
"R203D",0.395429581389038,3.62699663138006e-72
"R203E",0.0966969975532774,2.53527973756114e-42
"R203F",0.260993508433599,3.05140903462709e-07
"R203G",0.0617762302576643,7.70884104832398e-248
"R203H",0.208431510743348,1
"R203I",0.0202990171122284,2.89169626487309e-90
"R203K",0.224169081560797,1
"R203L",0.338689938050128,4.41523497133066e-37
"R203M",0.187990454937584,1
"R203N",0.168808001677292,1
"R203P",0.105140872726514,1.68716670981398e-05
"R203Q",0.607671656235919,1e-300
"R203S",0.31170302042003,6.83772196862098e-44
"R203T",0.635523080802833,1e-300
"R203V",0.0230963008489335,3.27447945594712e-34
"R203W",0.0478431896090383,4.66951323197479e-319
"R203Y",0.118974388207889,1
"G204A",0.241765501987676,3.25976348973754e-09
"G204C",0.192134840404056,1
"G204D",0.370086674591337,4.75511442775467e-225
"G204E",0.0594018070838959,1e-300
"G204F",0.182613971435484,1
"G204H",0.0442339414254553,1.6777427311253e-82
"G204I",0.118974388207889,1
"G204K",0.26727875048588,1.97867657273237e-06
"G204L",0.388838606647077,1.56450148157695e-231
"G204M",0.156204999491511,1
"G204N",0.099441279696146,1
"G204P",0.0192816477040186,4.76800863100447e-241
"G204Q",0.0980211054074794,2.21893405638311e-56
"G204R",0.152913513801597,2.53798026248698e-05
"G204S",0.217630161223746,1
"G204T",0.109189666961785,9.88098219214954e-54
"G204V",0.220334738702575,1
"G204W",0.159375011804591,1
"G204Y",0.0296082741541155,8.91820282145945e-115
"T205A",0.110673488160881,1.81545471528364e-41
"T205C",0.262709798137307,1.0218027461875e-12
"T205D",0.0890977558681981,1.85630827280031e-35
"T205E",0.204486232160634,1
"T205F",0,1e-300
"T205G",0.197420907460639,1
"T205H",0.0449025929085883,1.73791918960709e-184
"T205I",0.0785647656222258,8.47060172380196e-53
"T205K",0.145130050982937,1
"T205L",0.26076856881734,0.000328320938791003
"T205M",0,0.23432743680754
"T205N",0.205203321458223,1
"T205P",0.0878773621624705,4.29989968467382e-166
"T205Q",0.00630082898069672,1e-300
"T205R",0.152537350913215,1
"T205S",0.0818812065631076,7.41240736138629e-200
"T205V",0.114833690552608,5.52313283647651e-26
"T205W",0.347708307717831,4.8154445824658e-80
"T205Y",0.0564589144287885,1e-300
"S206A",0.31597022689166,8.10366301219917e-15
"S206C",0.119778369743386,2.07302185196777e-13
"S206D",0,2.18202697334308e-267
"S206E",0.293150154949485,0.0097168858084809
"S206F",0.329708062843472,2.22069609591214e-13
"S206G",0.00532721141229353,3.08251484532916e-06
"S206H",0.0283615092261366,1e-300
"S206I",0.0552472490478924,5.33959106011603e-63
"S206K",0.0372531396191461,1.34506055941791e-37
"S206L",0.199481792242556,1
"S206M",0.0679712715383379,1.63600764840753e-29
"S206N",0.271060753018734,0.420217431462864
"S206P",0.0268820044485815,1.37142383792902e-100
"S206Q",0.182780131250618,1
"S206R",0.2727800519928,1.55694819454038e-07
"S206T",0.145610445269357,1.7499658900435e-05
"S206V",0.459141812272614,5.47144417954359e-77
"S206W",0.118974388207889,1
"S206Y",0,7.19754975787664e-77
"P207A",0.169446337892114,1
"P207C",0.190675787785637,1
"P207D",0.40698339007241,4.30847626221747e-57
"P207E",0.110057045321814,0.0901221900032261
"P207F",0.25195011556067,1
"P207G",0,3.93108333516956e-253
"P207H",0.371729678696071,1.05503970646271e-32
"P207I",0.351595953211373,5.45401634553035e-67
"P207K",0.0284117941988988,0.165070935524859
"P207L",0,2.03236445931865e-14
"P207M",0.263404796092499,2.90064230537107e-16
"P207N",0.0230845827866053,1
"P207Q",0.13495602244477,1
"P207R",0.627570187851209,5.74694569781939e-61
"P207S",0.298330361139628,1.23041989631447e-05
"P207T",0.449759422062003,6.50908561533403e-71
"P207V",0.07371224890439,1.77614785389841e-211
"P207W",0.0233007928559323,1e-300
"P207Y",0.331839442662947,2.85115304846157e-23
"A208C",0.101119023896993,3.62851113243078e-43
"A208D",0.0830719845348966,7.39106545541205e-48
"A208E",0.0465395389424855,2.47111856520404e-136
"A208F",0.158589494139961,1
"A208G",0.218036913473858,0.0687256665696059
"A208H",0.0426176912983483,1
"A208I",0.016527004297155,1.78717992547372e-58
"A208K",0.10681471386957,1.28313863708271e-12
"A208L",0.234714106824003,1.17970752488674e-05
"A208M",0.19779327914539,1
"A208N",0.134522603093991,3.66289699278481e-25
"A208P",0.262809096339814,1.72374978079089e-06
"A208Q",0.111229514246985,3.69594396601274e-94
"A208R",0.0834596454592654,1
"A208S",0.0805896068588371,1.21024676482974e-29
"A208T",0.184239199353738,1
"A208V",0.268814705988258,2.736928706224e-07
"A208W",0.169933567403918,1
"A208Y",0.0936581070945798,3.63065327805779e-09
"R209A",0.0670273063631529,1.25258359906236e-92
"R209C",0.288563490365574,6.57265475972926e-16
"R209D",0.200427645227052,1
"R209E",0.283311805507509,4.93609666228788e-16
"R209F",0.209223528617451,1
"R209G",0.0735916540797515,2.37826773059332e-30
"R209H",0.65009270733895,3.9883089753032e-244
"R209I",0.228800780570562,1
"R209K",0.0551879117080144,1e-300
"R209L",0.21362046625411,1
"R209M",0.135913663773251,0.00339711350041841
"R209N",0.194884130871954,1
"R209P",0.0821993796553283,1.38431922175212e-26
"R209Q",0.134956667536429,1.80137503652534e-51
"R209S",0,1.54648113717056e-67
"R209T",0.406171765877101,1.32150276477621e-267
"R209V",0.323784019210465,3.11298170756002e-27
"R209W",0.227419323179703,1
"R209Y",0.207534305365447,1
"M210A",0.0736925660149554,9.70232185018778e-83
"M210C",0.116631423590888,1.1548250353125e-14
"M210D",0.105478524441006,1.32481946340334e-11
"M210E",0.1253829356194,2.17373469042147e-80
"M210F",0.320450802996193,3.59475283419546e-36
"M210G",0.220677618781477,1
"M210H",0.11311398396285,2.77197438063171e-11
"M210I",0.0830347641484852,9.93672774647857e-105
"M210K",0.492391664168691,1.03072260185994e-50
"M210L",0.111391051612709,3.3958190907298e-11
"M210N",0.101373781127741,7.4401755852813e-05
"M210P",0.0870592339990509,5.0012755135569e-20
"M210Q",0,3.32354080996591e-37
"M210R",0.363382693949358,1.95467284458443e-65
"M210S",0.0375038844975264,1.72584394743738e-26
"M210T",0.0615078488976488,1.19533170517524e-118
"M210V",0.08137491441466,1.09792073997739e-33
"M210W",0.116730276360698,1.19696367186051e-47
"M210Y",0.110542878891675,4.23394951120736e-32
"A211C",0.109706769213532,4.89134823137433e-87
"A211D",0.250182070315639,7.59777835376773e-11
"A211E",0.0993560770112586,6.93912645322872e-09
"A211F",0.223590945896331,1
"A211G",0.16276808148215,1
"A211H",0.0660366840977726,4.22961457342897e-143
"A211I",0.0491246377858428,4.11180755110589e-208
"A211K",0.0367702894804284,1.34724256012371e-91
"A211L",0.255060303635437,0.0152881818801818
"A211M",0.093956676684997,1.18398815562944e-121
"A211N",0.174577657422983,1
"A211P",0.170023838386016,1
"A211Q",0.128311514497674,6.26721364268344e-50
"A211R",0.157585825037795,1
"A211S",0.233898354252177,0.000144346359896787
"A211T",0.037303582654813,1.79830938737167e-79
"A211V",0.522741913050907,1.29325399024098e-216
"A211W",0.0955392671475694,3.63679736224523e-46
"A211Y",0.16176174347772,0.0544251136461367
"G212A",0.254445621108839,1.12124980218327e-10
"G212C",0.151396559468941,1
"G212D",0.216370916241028,1
"G212E",0.0915793926275617,1.08699743928002e-112
"G212F",0.151188136083287,3.37631552863676e-10
"G212H",0.0390729876617882,6.40073522430706e-133
"G212I",0.0739317522532018,1.31401634291269e-69
"G212K",0.325902493355838,1.17099958656467e-21
"G212L",0.194228383746179,1
"G212M",0.373490320159185,3.9250365236015e-232
"G212N",0.368848646206863,3.34718717961816e-109
"G212P",0.283183962965909,3.34438044923863e-54
"G212Q",0.194864884244622,1
"G212R",0.0242008177223389,3.33005194483144e-167
"G212S",0.152127336688292,0.065291413458698
"G212T",0.126891183554899,9.36136594624116e-06
"G212V",0.520698642251509,1.52916741212344e-189
"G212W",0.130798746150098,1.01353444650386e-10
"G212Y",0.249001004986119,2.14803104556135e-13
"N213A",0.223543561882535,1
"N213C",0.260721006792641,2.2453604811676e-15
"N213D",0.0905584450904447,2.20968186020746e-26
"N213E",0.0749833323076231,1.89950033491718e-38
"N213F",0.187228892259804,1
"N213G",0.319579023899306,1.78305321207384e-65
"N213H",0.0625154075801456,1e-300
"N213I",0.0581304785371987,2.56821264509063e-65
"N213K",0.121297819803345,2.65768823116729e-101
"N213L",0.0921061912378915,4.34483486964193e-95
"N213M",0.111622305466595,2.49388466330318e-14
"N213P",0.0707369097324562,2.47008910807501e-24
"N213Q",0.0393035061201173,1.21774150563016e-196
"N213R",0.117258072869143,1.37207288601583e-18
"N213S",0.0806545966447151,2.24927118281749e-51
"N213T",0.0420585203332204,1.0544090446721e-295
"N213V",0.135496129325427,0.00172685279903568
"N213W",0.310295516280942,1.93556218207842e-48
"N213Y",0.103749087471036,5.75151725751046e-114
"G214A",0.15144039514936,4.357857876318e-15
"G214C",0.131873524988438,1.49427857383027e-76
"G214D",0.0535380717274825,1.37080022779612e-110
"G214E",0.0211440962387445,2.8680245912613e-161
"G214F",0.296600917370253,7.78465853670297e-122
"G214H",0.121168939687471,7.67257777694457e-37
"G214I",0.328513352466608,2.0938459675541e-122
"G214K",0.172185019063629,1
"G214L",0.311754996530187,1.63964610074025e-173
"G214M",0.133208981248205,1.02053598656424e-125
"G214N",0.0537804810577019,1e-300
"G214P",0.149689512389748,0.0258483311173023
"G214Q",0.0827590447949123,4.42546344840545e-304
"G214R",0.160091581625108,1
"G214S",0.028918073809105,1e-300
"G214T",0.0845515463793495,3.30837004189453e-63
"G214V",0.2120998082898,0.0749549526472402
"G214W",0.413017747696155,1e-300
"G214Y",0.274908981002996,3.49080211224589e-51
"G215A",0.0852687983359707,3.9902538246176e-78
"G215C",0.0923711976106129,4.00271289600944e-158
"G215D",0.0942786839157819,6.76417732197213e-23
"G215E",0.159229090717057,0.0106226789963888
"G215F",0.212891065886815,1
"G215H",0.136104240355229,9.95423139715385e-23
"G215I",0.184105611535519,1
"G215K",0.0109774463063216,1e-300
"G215L",0.35170533681626,5.05044903799546e-155
"G215M",0.0575917776070692,1e-300
"G215N",0.0856512826360476,1.56518755452036e-151
"G215P",0.204234795285102,1
"G215Q",0.140804983238413,0.00390562989822301
"G215R",0.113323846642109,2.24007928002983e-53
"G215S",0.0788646574530934,3.93706977338515e-101
"G215T",0.604637449102973,9.13135617917481e-201
"G215V",0.177349583234356,1
"G215W",0.238285603137999,3.25876448258598e-22
"G215Y",0.279335473561999,3.34112605975705e-45
"D216A",0.249346200069353,1.06082778799505e-16
"D216C",0.128167783432092,6.1376448601039e-27
"D216E",0.202238962044698,1
"D216F",0.229670714509842,3.87696509622552e-20
"D216G",0.089725615783026,1.56382769097527e-32
"D216H",0.106800595625372,1.86242309476645e-54
"D216I",0.121044677083604,8.88931358610116e-08
"D216K",0.158091072609778,2.78862400440496e-05
"D216L",0.189894246054983,1
"D216M",0.0465278524608308,1e-300
"D216N",0.143758965789571,0.558223256019287
"D216P",0.145360968306439,8.84047348142674e-27
"D216Q",0.0600683935068975,4.72890986187934e-134
"D216R",0.12050061765655,2.01183867574049e-28
"D216S",0.161768684550174,1
"D216T",0.133609890155379,7.39750955083105e-25
"D216V",0.131302775655501,3.03164109679759e-08
"D216W",0.0865564550890076,8.76684106799674e-33
"D216Y",0.167456374237723,1
"A217C",0.0850014015326231,5.56095714761342e-243
"A217D",0.148169395648285,4.46176847138735e-07
"A217E",0.258828112323395,2.57299331569769e-13
"A217F",0.264064432043429,0.0208029254810382
"A217G",0.142157905629614,5.31184082849409e-12
"A217H",0.0739887828806748,1.90009758491227e-125
"A217I",0.0684193182031279,1.47334083506122e-207
"A217K",0.0371002223356157,6.47789943739857e-160
"A217L",0.331852766575854,3.22092562382148e-166
"A217M",0.0758679254761525,1e-300
"A217N",0.200547312958634,1
"A217Q",0.331260195236236,2.1075922374019e-115
"A217R",0.143967985404939,4.02171905966647e-28
"A217S",0.346119239474242,1.22812574303731e-240
"A217T",0.10214584740739,1.08348982947628e-31
"A217V",0.128188805407436,5.08691537968498e-61
"A217W",0.166811046657722,2.60207504104437e-05
"A217Y",0.0532084351980622,4.89399159887727e-223
"A218C",0.780246931626908,1.29429172768365e-294
"A218D",0.125144419506906,4.50673480158146e-10
"A218E",0.0368935695793793,1e-300
"A218F",0.186309700947638,1
"A218G",0.187423534053143,1
"A218H",0.0560991525551773,1.31346554606068e-36
"A218I",0.435538512550696,1e-300
"A218K",0.121862198991244,1.39742470544636e-34
"A218L",0.329902684213428,1.74940293039531e-67
"A218M",0.0900584068891402,1.96747073412167e-18
"A218N",0,4.05217134571854e-178
"A218P",0.0381306853638054,2.00511781667835e-293
"A218Q",0.0996715190103787,9.89411939337214e-103
"A218R",0.187547423521321,1
"A218S",0.0379543816086078,7.07383294937964e-225
"A218T",0.164663495592969,8.36109556452624e-05
"A218V",0.351474728218469,4.35259204380236e-74
"A218W",0.164310734810557,9.07810395939346e-09
"A218Y",0.272438402619836,0.000104299803700667
"L219A",0.0995255847509969,4.81273233227454e-73
"L219C",0.182613971435484,1
"L219D",0.0539986270105871,2.3113184700677e-134
"L219E",0.0126626109759972,1e-300
"L219F",0.0848217575967153,1.02889650955225e-36
"L219G",0.0732483444477982,1.60180478087976e-116
"L219H",0,1.70127072230564e-60
"L219I",0.0382892879789338,1e-300
"L219K",0.0664227511666474,1e-300
"L219M",0.129926514994821,5.13709832329226e-05
"L219N",0.0429430208221856,2.20909252248335e-215
"L219P",0.0274942670600884,1e-300
"L219Q",0.0341016647315999,1.38776991673471e-197
"L219R",0.0697596604825743,1.17297801007988e-93
"L219S",0.0422115271420355,1.43488862338184e-105
"L219T",0.065373150391378,2.34752724300071e-14
"L219V",0.0778727058642478,4.27488524855758e-70
"L219W",0.149190065893176,2.77406406597482e-28
"L219Y",0.0119738950548192,1e-300
"A220C",0.192452034901065,1
"A220D",0.0754509801057083,1.37858803907858e-54
"A220E",0.0475917400862153,1.39495164819126e-237
"A220F",0.153362193347684,0.0902254376957125
"A220G",0.191359887942348,1
"A220H",0.068610967398173,3.14897507387669e-196
"A220I",0.353167926408775,2.65544909589343e-229
"A220K",0.0219909235682005,1e-300
"A220L",0.0142058970994494,0.000811580667772051
"A220M",0.115014656285399,3.14455152365898e-91
"A220N",0.0993049284516646,1.42742517263124e-23
"A220P",0.00587769978531026,1e-300
"A220Q",0.221526767315428,1.09885078874354e-05
"A220R",0.0395400173186684,1e-300
"A220S",0.0231282828959978,2.20391980742602e-233
"A220T",0.0525761313514885,1.48488146048825e-64
"A220V",0.115729322868906,3.5354434718845e-31
"A220W",0.241790084423453,1.58183683913125e-79
"A220Y",0.118807720838156,6.17737834371369e-14
"L221A",0.14532908528423,0.000642192211612935
"L221C",0.232621565003484,1
"L221D",0.0244795451745054,1e-300
"L221E",0.0641657459700455,6.29054425458808e-129
"L221F",0.0817530953885086,1.51741639565905e-53
"L221G",0.084070017815743,4.47274862640116e-49
"L221H",0.178720958890524,1
"L221I",0.0926585420682838,1.02796973913727e-49
"L221K",0.0694487461154366,1.55597396935759e-89
"L221M",0.1981017522004,1
"L221N",0.490088843270418,1.85924626468416e-189
"L221P",0.0315744694966684,2.6919502032044e-42
"L221Q",0.131922573386879,1.09141002207771e-19
"L221R",0.143761479937276,1.78652325501922e-06
"L221S",0.074593637571758,5.65202482816087e-57
"L221T",0.0524282453740437,1.7960835640847e-66
"L221V",0.0645499585105797,1e-300
"L221W",0.0620976025608387,2.09259275693404e-109
"L221Y",0.0286431933726151,4.19761331988694e-152
"L222A",0.0154982330786835,1.64458185619493e-137
"L222C",0.0746344977298848,1.45022420502095e-48
"L222D",0.150151781851314,1
"L222E",0.0578038375287739,9.95035317265865e-84
"L222F",0.306135714436789,2.13261635927e-26
"L222G",0.0985356303410287,2.85619980286511e-97
"L222H",0.0244059761461144,4.91682461995075e-103
"L222I",0.45230911824982,1e-300
"L222K",0.0607336272689705,1e-300
"L222M",0.100507987748798,7.7097259449538e-138
"L222N",0.264549608458727,1.39232350534931e-25
"L222P",0.0120590471914615,1.74791784733161e-122
"L222Q",0.297958894739855,1.04734285714528e-16
"L222R",0.106899125791816,2.2825524831126e-42
"L222S",0.0829528304561933,3.23011838172707e-85
"L222T",0.00218115625717494,1e-300
"L222V",0.0176286142689158,1e-300
"L222W",0.1514788627337,1.09393693246683e-09
"L222Y",0.179946449419113,1
"L223A",0.0885164820015644,1.16381828296462e-44
"L223C",0.0382686884760455,1e-300
"L223D",0.0611392013591423,5.8810843095465e-113
"L223E",0.137018864745542,1.40136368414908e-09
"L223F",0.29635963085644,3.32603363239974e-46
"L223G",0.0194274355744069,1e-300
"L223H",0.163845650408698,1
"L223I",0.637503770038193,1e-300
"L223K",0.0940230579407543,5.46451959319175e-35
"L223M",0.750145142980201,1.49090617603504e-105
"L223N",0.209890863081451,0.62907723064564
"L223P",0,1.99092577029172e-151
"L223Q",0.0336987109094495,3.39363017371441e-214
"L223R",0.0792880684459073,2.16786315762023e-86
"L223S",0.126963329141122,7.2286078045484e-20
"L223T",0.0755000889890157,1e-300
"L223V",0.087547958375617,5.11059888252428e-34
"L223W",0.0428376121057023,1e-300
"L223Y",0.182848147985087,1
"L224A",0.0485656128101219,9.46049923988338e-149
"L224C",0.0092989998620532,1e-300
"L224D",0.0460113744295409,4.09155595768493e-160
"L224E",0.245051724965503,1
"L224F",0.18622922350484,1
"L224G",0.0251060858875051,1.79233510343057e-288
"L224H",0.0371880543013723,1.16315952137971e-139
"L224I",0.302103194990459,8.03386286606011e-19
"L224K",0.0859795841909729,3.93775640189219e-71
"L224M",0.0567955991062263,1e-300
"L224N",0.0833372099457478,1.49308733061973e-71
"L224P",0.0425596834428063,1e-300
"L224Q",0.143180273197236,3.58195692646882e-08
"L224R",0.03119173533855,1e-300
"L224S",0.0212512783834614,1e-300
"L224T",0.215702899470486,1
"L224V",0.458996067478447,1e-300
"L224W",0.134487079715662,5.53181342908869e-42
"L224Y",0.0328430943131966,1e-300
"D225A",0.456177822263968,1.90614785530967e-141
"D225C",0.380458233576768,2.45149444678676e-318
"D225E",0,0.000205755171067067
"D225F",0.528868786666248,1e-300
"D225G",0.0600818371066141,8.63611642276308e-152
"D225H",0.28283024980366,1.71565639679515e-11
"D225I",0.458135736187374,1.51392962258169e-113
"D225K",0.138079698907117,5.08569754210496e-21
"D225L",0.667965562787595,4.24414359579297e-251
"D225M",0.533402001789357,1e-300
"D225N",0.207901918414687,1
"D225P",0.041220052319041,1e-300
"D225Q",0.184350451534501,1
"D225R",0.0475637535725721,4.31953802039423e-291
"D225S",0.359836424705372,2.23699678119467e-47
"D225T",0.288467982771496,8.67103396182657e-35
"D225V",0.244462641387532,1.29631300584011e-36
"D225W",0.763939187404678,1e-300
"D225Y",0.368067117600756,4.06767653703942e-102
"R226A",0.148943998433034,2.28006085775969e-11
"R226C",0.120738020292491,1.62611830122954e-21
"R226D",0,1.25390150910792e-90
"R226E",0.0121789487687099,8.44518170571689e-273
"R226F",0.288431537391928,4.26622579857219e-26
"R226G",0,5.57718819236589e-207
"R226H",0.000135123847497369,1e-300
"R226I",0.174709201292398,1
"R226K",0.0753398653613962,4.8838371646233e-174
"R226L",0.12315386313599,9.9822434164337e-43
"R226M",0.218484478126965,0.00025968265174783
"R226N",0.616149208349213,1e-300
"R226P",0.0638602130686162,3.23423914082188e-142
"R226Q",0.0501814358114173,5.11389705144494e-222
"R226S",0.13509281614867,1.07374871322995e-15
"R226T",0.0700435413429957,9.04899618091843e-80
"R226V",0.223145882451306,3.25630220290551e-35
"R226W",0.158588365894287,2.07816957999279e-05
"R226Y",0.208348141251989,1
"L227A",0.0306644442306063,2.65555716793752e-127
"L227C",0.00936141402940892,1e-300
"L227D",0.207573084150442,0.00059851889449233
"L227E",0.079927607256525,2.32216970555937e-75
"L227F",0.688666138688636,1e-300
"L227G",0.299603987134447,1.24322514156424e-61
"L227H",0.0566727925383076,5.86099113850959e-96
"L227I",0.0085905244354572,1.06437714744139e-286
"L227K",0.288080311031157,6.85589275081123e-45
"L227M",0.124187303106672,3.43145399507807e-23
"L227N",0,1.28057626815182e-294
"L227P",0.504924477665828,1e-300
"L227Q",0.0866088573215707,1.48118150856947e-74
"L227R",0,5.08650915402788e-70
"L227S",0.1487891192688,0.000272199706670672
"L227T",0.0169284879127597,2.15806681887625e-153
"L227V",0.137352451293782,5.08002088640718e-08
"L227W",0.0141117198332633,7.38197271481039e-187
"L227Y",0.0917261789162112,2.25367858298243e-25
"N228A",0.0752799299067922,9.58240227898858e-92
"N228C",0.0929751472232931,7.09322776423069e-10
"N228D",0.0771132249820015,1.96478265613905e-67
"N228E",0.0379726830537455,3.0172286403881e-74
"N228F",0.369199906615624,6.27606870546412e-124
"N228G",0.0466831421750498,3.18973219747233e-256
"N228H",0.197034745686883,1
"N228I",0.366667070649432,1.5785797241504e-169
"N228K",0.246743661839674,1.23146323230225e-10
"N228L",0.388848745434316,6.20990123112564e-176
"N228M",0.232950029472262,1.49653028150257e-09
"N228P",0.0690345615164565,1e-300
"N228Q",0.255769926196545,0.00135110068421086
"N228R",0.0223980251563512,1e-300
"N228S",0.117166432112332,3.48004539842013e-23
"N228T",0.111636168491691,1.22033129764139e-08
"N228V",0.549742402004983,1e-300
"N228W",0.436675170774229,1e-300
"N228Y",0.0408315006584057,1e-300
"Q229A",0.160766980095205,0.00531238923545527
"Q229C",0.118929782370705,4.51440019027197e-27
"Q229D",0.0944402898480624,3.42020887097159e-40
"Q229E",0.250174769327211,4.18746693954673e-17
"Q229F",0.239614830474993,5.95491254950275e-14
"Q229G",0.179053774211368,1
"Q229H",0.0525366172979007,8.28158829836472e-126
"Q229I",0.186790768471324,1
"Q229K",0.0240528498898779,1e-300
"Q229L",0.23372994800108,4.86416007412106e-06
"Q229M",0.030842368980079,6.39898114592566e-60
"Q229N",0.104610492620112,8.62100088495568e-257
"Q229P",0.18852581101766,1
"Q229R",0.23813932541467,0.302167170474853
"Q229S",0.117909813677919,2.59305004030831e-30
"Q229T",0.213907112202986,0.524655451788892
"Q229V",0.13591244653059,3.86565708145958e-57
"Q229W",0.165558111045434,1.77394290772094e-07
"Q229Y",0.0746826328818761,6.03073918176153e-63
"L230A",0.172383152147882,1
"L230C",0.139074984268381,2.76711203636934e-13
"L230D",0.098608387212353,1.2056621561848e-35
"L230E",0.126880146727352,1.21695530288162e-10
"L230F",0.145598331492737,1.59462999832736e-11
"L230G",0.142465727743378,7.80979447821410e-09
"L230H",0.205154642010413,1
"L230I",0.0425074056385022,1e-300
"L230K",0.0466449961960205,1.84499424297416e-59
"L230M",0.124694853177149,2.00981377862021e-38
"L230N",0.0634264985142481,6.44024875618673e-65
"L230P",0,5.29918109821534e-120
"L230Q",0.104182722224206,5.79905665903506e-45
"L230R",0.0718549889409342,9.32064058846442e-111
"L230S",0.0360206058656493,2.2975838677356e-174
"L230T",0.0214372083196593,1e-300
"L230V",0.0711605027616794,7.05558136836791e-291
"L230W",0.189967342058059,1
"L230Y",0.180061734928351,1
"E231A",0.10886522499097,1.07770839673134e-138
"E231C",0.212547059851915,6.82229681448529e-06
"E231D",0.0514931471980589,1.42488873814154e-119
"E231F",0.149628446146677,3.09635242701197e-17
"E231G",0.162477128165706,0.108498611273333
"E231H",0.0714609287649361,1.61857389176163e-110
"E231I",0.0721166192463201,1e-300
"E231K",0.186015705976191,1
"E231L",0.117178575588037,1.78325310551889e-82
"E231M",0.093159621721752,6.28456483265229e-49
"E231N",0.47151867014272,1e-300
"E231P",0.0170043485623455,1.29434982191783e-158
"E231Q",0.133902568932024,6.60472627752988e-37
"E231R",0.222828086665487,8.7813027136314e-10
"E231S",0.221116341681639,1
"E231T",0.138551864867072,8.69240976353397e-06
"E231V",0.215105781523947,0.0437028399405704
"E231W",0.0838454809614421,1.56119768380687e-42
"E231Y",0.0517207748917761,1e-300
"S232A",0.433577368290515,6.45538546983481e-285
"S232C",0.162907068721174,1.21890583694086e-08
"S232D",0.20700970165889,1
"S232E",0.0754555765711427,1.22831170550756e-36
"S232F",0.366835829583633,7.99173018248523e-53
"S232G",0.174037926783887,0.927429552977987
"S232H",0.128764365083464,1.45345481411466e-26
"S232I",0.455937830400691,2.28730371323864e-61
"S232K",0.179938064952761,1
"S232L",0.122328197494888,1.04842868902405e-47
"S232M",0,3.85014598462353e-65
"S232N",0.0539055698192817,1.68599871733184e-311
"S232P",0.0700748933386982,8.53334227925449e-21
"S232Q",0.625419492252723,5.99132987226552e-182
"S232R",0.150430731721809,1
"S232T",0.132568250944584,3.09323446101347e-17
"S232V",0.412861017043386,3.85731940007088e-208
"S232W",0.086256811215864,7.85225551021478e-172
"S232Y",0.276676197212376,8.16009886827332e-26
"K233A",0.0905033330009411,3.4739412917945e-65
"K233C",0.288708002356545,1.58381776136475e-17
"K233D",0.0755257987476147,3.0418066259978e-68
"K233E",0.0635619084156522,3.57027189830095e-182
"K233F",0.0963755022761135,3.43768582342899e-81
"K233G",0.0176495029683933,1.86184771255494e-292
"K233H",0.0892867432693586,6.67921551804493e-36
"K233I",0.107944278271719,1.06839676576025e-58
"K233L",0.164049916356521,1
"K233M",0.00138280186823484,2.4521272718441e-156
"K233N",0.00820964065185445,1e-300
"K233P",0.0138003374802545,1.11884715996587e-289
"K233Q",0.0774474700388483,1.39531501457516e-84
"K233R",0.0451216408188015,1.49666891070894e-130
"K233S",0.303418732559176,4.56716340565641e-66
"K233T",0.098745609598389,1.55978528306074e-30
"K233V",0.262742726679422,1.24742825093163e-70
"K233W",0.17586674238894,1
"K233Y",0.0377596888957339,1e-300
"M234A",0.0963376311097782,1.34706277225424e-156
"M234C",0.0977020539206122,1.21879073227344e-92
"M234D",0.0854562026218616,4.03350763161523e-153
"M234E",0.117391031825002,1.67031061329444e-68
"M234F",0.0367244390772873,1e-300
"M234G",0.298360566542226,2.00366808087017e-158
"M234H",0.262281502852424,1.16250019631483e-31
"M234I",0.106275898923212,5.17301984684395e-75
"M234K",0.112571045444056,1.00576883200997e-126
"M234L",0.0818842075500758,3.34533446039205e-39
"M234N",0.342104306455974,8.85281540640018e-111
"M234P",0.0607270105737725,1.69713177706506e-84
"M234Q",0.454628569702581,6.85088020083318e-210
"M234R",0.114048977881065,2.83184597024372e-89
"M234S",0.13350153051705,9.31632237267151e-16
"M234T",0.146527627279508,8.32198821829032e-14
"M234V",0.919957315771449,1e-300
"M234W",0.230751361870011,0.018226482979562
"M234Y",0.085608216294971,1e-300
"S235A",0.0501317097889316,9.98425031970703e-131
"S235C",0.100752690855559,7.3942170627919e-56
"S235D",0,5.27502484461643e-37
"S235E",0.20351495112361,1
"S235F",0.0214553816436965,1.13632598454102e-119
"S235G",0.316063296177932,1.65804775350144e-32
"S235H",0.0332507398571266,1e-300
"S235I",0.16626841300686,1
"S235K",0.11489826432424,2.11161361040149e-25
"S235L",0.246124176736662,0.0746525836396714
"S235M",0.180587321219655,1
"S235N",0.116369895065947,1.2513270601413e-18
"S235P",0.0429009149237177,2.47844375723279e-162
"S235Q",0.0881383955082613,3.27443222446757e-76
"S235R",0.197429762685247,1
"S235T",0.163482326167848,0.000926323534979302
"S235V",0.131457468587213,2.0605904102154e-22
"S235W",0.0621826409769005,3.73666889127632e-28
"S235Y",0.065995465811228,1.03238343103829e-216
"G236A",0.0351078029879622,3.89866808882141e-33
"G236C",0.0798929900119845,1e-300
"G236D",0.109966637015142,1.81591813587248e-86
"G236E",0.0629048277793465,1.02488841144774e-184
"G236F",0.214786889034844,0.399120452863122
"G236H",0.0493232324186709,3.65892177063311e-133
"G236I",0.283789816648376,1.0610553306515e-07
"G236K",0.361776177648439,3.62109056532639e-41
"G236L",0.15223162573228,9.21576947732394e-06
"G236M",0.0781025757151116,4.52041783083059e-36
"G236N",0.0557099358627098,3.06115427889901e-82
"G236P",0.0485371141864905,9.15532681383691e-137
"G236Q",0.122315110708409,5.00823048171261e-40
"G236R",0.152607986407966,1
"G236S",0.141449046359515,2.74753621288446e-07
"G236T",0.0852500063142989,8.07147245246929e-12
"G236V",0.203188509541814,1
"G236W",0.0573221467697027,3.14390732798409e-240
"G236Y",0,1.50753051653535e-05
"K237A",0.433531919291491,1.93473884098068e-109
"K237C",0.261607205134943,3.01367929080414e-07
"K237D",0.15783934699109,9.69140743556607e-14
"K237E",0.129718706185758,0.000117926146647859
"K237F",0.0942692205963398,5.00687760522714e-49
"K237G",0.0656101657685385,8.29999490750778e-203
"K237H",0.322114990771846,1.17883693454498e-08
"K237I",0.0744783613335248,6.9325728894074e-93
"K237L",0.0992616300307134,1.44617796543469e-24
"K237M",0.117806648025122,6.3934148471812e-14
"K237N",0.139213979150559,9.83760451715371e-15
"K237P",0.108767511085788,1.29830229909124e-193
"K237Q",0.330287107562199,2.69454788588034e-16
"K237R",0.173629385488583,1
"K237S",0.0579240560973254,2.58473122935548e-268
"K237T",0.0280133348122798,4.34283553274817e-168
"K237V",0.864627880978914,1e-300
"K237W",0.100903721105516,3.68952534578246e-41
"K237Y",0.168592484375319,1
"G238A",0.156202117715914,0.0093236229347092
"G238C",0.455982927889757,1e-300
"G238D",0.12131353755188,1.73794336420068e-11
"G238E",0.147328021436701,1.65015706455455e-08
"G238F",0.0332509090508078,1.21078805822332e-110
"G238H",0.07080778578536,5.38071715174028e-23
"G238I",0.229307599864122,0.00152155162119164
"G238K",0.0494540910246777,1e-300
"G238L",0.0880412396911747,3.66277424771065e-52
"G238M",0.438832623244605,8.65523097547673e-118
"G238N",0.0417933900963013,1e-300
"G238P",0.104323640740127,4.99837855950973e-32
"G238Q",0.077186588467114,5.91940972000709e-83
"G238R",0.157937020565025,0.00301962459035543
"G238S",0.101087576212078,1.10527537257366e-82
"G238T",0.0517223036674701,7.86722941697538e-61
"G238V",0.16231004150655,0.00133664530927422
"G238W",0.14069921044794,1.53478448656575e-24
"G238Y",0.135382919659191,1.47083810244266e-08
"Q239A",0.0600323420313477,1.99988705990973e-27
"Q239C",0.0774033100420415,8.83996298868072e-103
"Q239D",0.212379517957732,1
"Q239E",0.0926871853048258,1.90325428755834e-28
"Q239F",0.0570628267585323,3.01951515653682e-39
"Q239G",0.433175503609812,9.18945527523032e-226
"Q239H",0.0143092595983425,7.08164422553475e-176
"Q239I",0.336261892838831,9.31962092350958e-17
"Q239K",0.0517770250963051,1.37975092072901e-72
"Q239L",0.334810018955047,2.02690463322774e-59
"Q239M",0.380479102863039,1.50279552160053e-63
"Q239N",0.24187316811472,3.47898688691627e-14
"Q239P",0.0775863049457729,1.7778455654237e-62
"Q239R",0.322674883103912,3.79647033975614e-31
"Q239S",0.222018497044697,0.374336917363049
"Q239T",0,4.77962432392452e-107
"Q239V",0.11477832876649,0.0164579293673595
"Q239W",0.112434661028967,6.6096057888117e-60
"Q239Y",0.333873971674502,5.18522730632445e-31
"Q240A",0.35252029638075,1.03581516604726e-12
"Q240C",0.0965494184026456,8.37613148980735e-49
"Q240D",0.0983276155611478,1.17690778435252e-42
"Q240E",0.0758744294838526,6.66348565301439e-198
"Q240F",0.110880192820684,4.47408491932694e-27
"Q240G",0.36837200193391,6.95544005294884e-152
"Q240H",0.198210950009546,1
"Q240I",0.0319256692847443,2.87423697908506e-40
"Q240K",0.165334231177841,4.53624789644112e-09
"Q240L",0.185737097190408,1
"Q240M",0.142608699732591,8.16610445049585e-39
"Q240N",0.0656755357932473,2.91242386132191e-169
"Q240P",0.199908415801392,1
"Q240R",0.162429139140509,0.423339932639772
"Q240S",0.0604941391671794,4.15354258819904e-114
"Q240T",0.414332159429489,2.67995541964549e-190
"Q240V",0.366537154969604,6.07821496631505e-119
"Q240W",0.23147326362585,0.520924676210492
"Q240Y",0.0406014579498116,1e-300
"Q241A",0.13054408405772,2.03026731780828e-13
"Q241C",0.12996419329156,1.07184976825721e-56
"Q241D",0.141980962168635,0.000102307948124723
"Q241E",0.147643847132999,2.76218080006047e-10
"Q241F",0.0787254171288069,6.09846243332408e-162
"Q241G",0.122465304782783,1.78348139076809e-57
"Q241H",0.0567400133140002,2.99780586694929e-217
"Q241I",0.136467720987905,1.90171287044416e-07
"Q241K",0.0686065696615079,8.70595815701833e-96
"Q241L",0.29487713689687,1.92473303059494e-19
"Q241M",0.233992251783916,0.00335849287403821
"Q241N",0.0140319846993917,1.07065808892144e-108
"Q241P",0.260025373751242,1.43214397557683e-11
"Q241R",0.491747059294557,3.06351049032086e-109
"Q241S",0.165611980991491,1
"Q241T",0.178330161075252,1
"Q241V",0.132064656301116,2.45900108980186e-30
"Q241W",0.121142448833491,9.2758856617311e-17
"Q241Y",0.0921944521678344,6.5916566053925e-08
"Q242A",0.0194207337191801,1.26116221538555e-194
"Q242C",0.333879470521147,6.3433912449374e-62
"Q242D",0.0963149994736436,3.74975040677679e-84
"Q242E",0.0872167000403068,5.35041620764643e-60
"Q242F",0.0869494711957342,7.49240104161414e-57
"Q242G",0.122649824312573,2.42266987176787e-52
"Q242H",0.0788346768627094,1.97087416235525e-152
"Q242I",0.12592657973147,5.85023457698421e-12
"Q242K",0.249107813033722,4.80662185858033e-05
"Q242L",0.0691861977067102,6.79951977345273e-131
"Q242M",0.223226470563284,0.0172410571455732
"Q242N",0.320996632036947,9.6055389310869e-18
"Q242P",0.238621234796168,0.000231156891167873
"Q242R",0.192787461650298,1
"Q242S",0.273432201049103,7.6203912392188e-06
"Q242T",0.0695063574307131,1.75013078073029e-39
"Q242V",0.0551422944227917,2.21782962671844e-51
"Q242W",0.0409645910694218,1e-300
"Q242Y",0.0980494176163335,5.29192373127598e-24
"G243A",0.088107082498636,8.38850963401935e-46
"G243C",0.311093888051323,2.22471667844972e-70
"G243D",0.428922695659772,2.58340572623387e-92
"G243E",0.113201275506285,2.58623650070242e-50
"G243F",0.101272508619122,1.43582128152701e-21
"G243H",0.233824436072334,0.00408075087202304
"G243I",0.289451821351976,1.6898250898343e-40
"G243K",0.0508142895434755,1.09591977829232e-54
"G243L",0.0404988888400463,7.49076488699466e-63
"G243M",0.0230885661836902,1e-300
"G243N",0.122447731239276,3.67436609928735e-10
"G243P",0.121479333995224,8.9992760091102e-53
"G243Q",0.21444527553029,5.00929516044129e-08
"G243R",0.0173463384695591,9.56936687841719e-194
"G243S",0.0127637306952368,7.26271804458834e-208
"G243T",0.147924873208618,0.0854957143664841
"G243V",0.224703619708633,4.85332041134285e-05
"G243W",0.168699438634165,1
"G243Y",0.33230127232651,4.14635661364497e-09
"Q244A",0.0486108041371785,2.07185090050497e-139
"Q244C",0.111548460699627,1.26721716835821e-19
"Q244D",0.898683014092364,1e-300
"Q244E",0.202232823790621,1
"Q244F",0.0590040918870285,5.518599801657e-181
"Q244G",0.104422756070332,7.5304349580102e-54
"Q244H",0.24822373233071,4.72678947405474e-19
"Q244I",0.124707435622007,1.62145182009806e-32
"Q244K",0.355884031313746,2.75409084399367e-154
"Q244L",0.069803058349744,9.72195435144276e-117
"Q244M",0.182520105447504,1
"Q244N",0.13504913675936,2.04664062044022e-36
"Q244P",0.0611922839961143,1e-300
"Q244R",0.085290638601098,1.79950912222568e-42
"Q244S",0.237007900768333,0.0855932348748754
"Q244T",0.0230793656959376,1e-300
"Q244V",0.138035620689141,8.61002927979006e-10
"Q244W",0.307161359960135,1.46637648786435e-12
"Q244Y",0.307348550535696,1.03635538548372e-27
"T245A",0.196596546467214,1
"T245C",0.105342787695987,3.71605126833741e-35
"T245D",0.0671627535421886,1.37825507227405e-48
"T245E",0.229756206393936,0.000268915983154
"T245F",0.198305551708891,1
"T245G",0.108332649219998,1.12352169365986e-15
"T245H",0.0781727181257908,6.02765025771133e-91
"T245I",0.0566772705805946,1e-300
"T245K",0.330213594985213,1.19272455913017e-212
"T245L",0.23642881755656,1
"T245M",0.0624710013808683,2.50027151979564e-76
"T245N",0.0434491198899028,3.37075846062855e-124
"T245P",0.0174559605819595,1e-300
"T245Q",0.0575278943394742,6.64699296931105e-70
"T245R",0.236734316636019,0.00836538570656917
"T245S",0.0881520049343659,1.42098331261679e-105
"T245V",0.0911817889226434,8.79909616350911e-37
"T245W",0.0940891186153774,7.36472229659724e-60
"T245Y",0.384157076377585,1.52886487064402e-65
"V246A",0.192834770823587,1
"V246C",0.0504384315138966,2.69427834222724e-105
"V246D",0.0382414798053447,3.60459275787064e-91
"V246E",0.317401575597851,1.28465632870016e-34
"V246F",0.0875588765486511,1.13264084107377e-91
"V246G",0.143933889970531,1.69435850283489e-18
"V246H",0.135039717946182,4.06460563920282e-14
"V246I",0.0528631647133204,1.62297736469858e-82
"V246K",0.207533810766279,1
"V246L",0.0823386221283361,2.98132780519959e-42
"V246M",0.695792425332545,1e-300
"V246N",0.129519327239374,0.00216045737415768
"V246P",0.346761928162961,5.25813607304242e-18
"V246Q",0.0770760500831207,1e-300
"V246R",0.222246893007651,1
"V246S",0.0885560025797408,2.44028368796711e-41
"V246T",0.137949953718445,5.40982108885749e-06
"V246W",0.136433417041915,3.96177313920916e-13
"V246Y",0.0953044760714394,5.77431618827718e-54
"T247A",0.282700420648362,2.48207462277597e-37
"T247C",0.0462010377782414,9.51297228075546e-184
"T247D",0.21207654746122,0.0144407075687106
"T247E",0.0584288482026904,6.09156237827128e-187
"T247F",0.0310854893205992,1e-300
"T247G",0.141456257294563,1.89091677270033e-21
"T247H",0.211508107487058,1
"T247I",0.0640645494697055,2.61030114413773e-191
"T247K",0.270129622990249,9.34886640432313e-18
"T247L",0.408052978728658,3.44333486512963e-64
"T247M",0.0938589076829754,8.59359028868206e-25
"T247N",0.242708991318988,3.99989870300661e-18
"T247P",0.0753859135780013,1.36384382457257e-121
"T247Q",0,1.27695020079254e-55
"T247R",0.400506952262794,1e-300
"T247S",0.191552653866155,1
"T247V",0.197208358083675,1
"T247W",0.0666529722756691,2.63080300576136e-188
"T247Y",0.125359641370696,5.35107480898977e-15
"K248A",0.131435202533968,5.16672079014247e-31
"K248C",0.100352565120505,8.80683586069239e-12
"K248D",0.0771262301906879,6.63555771263851e-90
"K248E",0.220506398571055,1.83735629680513e-05
"K248F",0.146746514913915,6.50155382002527e-18
"K248G",0.0830929018282113,4.53006701202488e-131
"K248H",0.0660995546008728,1e-300
"K248I",0.0816128317137238,3.69090599304526e-25
"K248L",0.0369700794214018,1e-300
"K248M",0.0591716995125887,6.25677239493079e-180
"K248N",0.0913101276797083,1.67701903340092e-27
"K248P",0.00715404287301872,2.17845641283783e-158
"K248Q",0.034133700022962,1e-300
"K248R",0.271518141739602,7.318272776166e-05
"K248S",0.267049517810074,0.0391322374831195
"K248T",0.2821845738481,7.76424796605739e-15
"K248V",0.0487333409415575,1.29392196716478e-247
"K248W",0.512859013592427,1e-300
"K248Y",0.00605371376695038,1.06416766940685e-94
"K249A",0.227183577466029,0.80712124986891
"K249C",0.0898265181650794,1e-300
"K249D",0.0614045415947146,1e-300
"K249E",0.082507391040532,1.56493661349276e-229
"K249F",0.342017951689181,7.79926777180354e-14
"K249G",0.0304494986285925,1e-300
"K249H",0.119568027641551,3.79989033683743e-31
"K249I",0.136388027607741,1.79139042384338e-32
"K249L",0.426597511581413,1e-300
"K249M",0.180852237082732,1
"K249N",0.0994666726193786,2.13540877387446e-118
"K249P",0.0607202571250877,2.03196056925689e-81
"K249Q",0.0648618229808491,4.33751473244241e-314
"K249R",0.0618232617473273,8.05717448992601e-248
"K249S",0.0655714912602839,9.33619645710726e-221
"K249T",0.128283183236291,1
"K249V",0.313551293145275,1.88029572677749e-127
"K249W",0.150601114820473,0.0104086398526667
"K249Y",0.132682318383988,2.16463840617973e-12
"S250A",0.083890610824378,6.40480012980154e-217
"S250C",0.327098915221772,3.86657082198617e-51
"S250D",0.122182462756403,1.53088454801925e-24
"S250E",0.131975546360046,5.317023113906e-96
"S250F",0.690372654253228,1e-300
"S250G",0.0951846889617006,2.17278652095379e-13
"S250H",0.120317524735898,5.41804143988521e-08
"S250I",0.0432761291173206,2.98870069546486e-207
"S250K",0.0785992743277163,7.5609181215227e-141
"S250L",0.0600409943572933,1e-300
"S250M",0.0788649435456567,1.51361538048409e-61
"S250N",0.0281458102427354,1.41745058252053e-61
"S250P",0.0346760135472399,2.88848011028271e-93
"S250Q",0,1
"S250R",0.0587634665510689,4.20212376572545e-50
"S250T",0.0415143363799262,2.45239942548289e-63
"S250V",0.0701749954461524,2.42253563252557e-24
"S250W",0.144305176419486,0.000113665507323831
"S250Y",0.42172617552275,7.5723082993321e-261
"A251E",0.131069131155059,0.000712675661631106
"A251S",0.03836364988589,5.17333394762798e-166
"E253A",0.0674780112223848,3.56237991844817e-06
"E253C",0.1651435537811,1.28795662801517e-42
"E253F",0,1
"E253G",0,1
"E253H",0.186409959012226,1
"E253I",0.0657022740849536,1
"E253K",0.343396893435169,2.96279162726181e-22
"E253L",0,6.55892827020429e-08
"E253M",0.248603199240365,4.10378995769447e-22
"E253N",0.0728052226346783,0.740487250225576
"E253P",0.120092005054764,0.0242860117580185
"E253Q",0,7.05940365106738e-10
"E253R",0.412853083917675,3.71498057018342e-30
"E253S",0,1
"E253T",0.172977273549763,1
"E253V",0.099441279696146,0.000685047206754452
"E253W",0.0210917224626012,3.28122983830832e-208
"E253Y",0.290903049244036,0.000139336334332478
"A254C",0.167227068205906,1
"A254D",0.0280654254304007,1e-300
"A254E",0.106037027623139,1.05598988498817e-294
"A254F",0.278994987574551,7.97073682005662e-08
"A254G",0.0171064413385965,6.93892669149278e-182
"A254H",0,7.32178470517886e-16
"A254I",0,1
"A254K",0.21131271935431,0.000970824200111832
"A254L",0.1554226890166,0.691373711523252
"A254M",0.174569186127989,1
"A254N",0,3.62037371987754e-43
"A254P",0.185951997537648,1
"A254Q",0.10476849110844,0.141100067961016
"A254R",0.00993226646417792,4.28631720696364e-46
"A254S",0.0635325384108489,5.10320307303825e-126
"A254T",0,1
"A254V",0,6.84852500218905e-81
"A254W",0,2.40440116820112e-07
"A254Y",0.00710294854972471,0.395616933840964
"S255A",0.014597277084504,1.78263452086949e-133
"S255C",0,0.043478800093226
"S255D",0,1
"S255E",0.0661008918261066,3.67322558638005e-24
"S255F",0.403092330196877,8.11656778019155e-32
"S255G",0.175797976605687,1
"S255H",0,1
"S255I",0,1
"S255K",0,1
"S255M",0.00177573713743118,1.9891019275173e-34
"S255N",0,4.43290353103911e-12
"S255P",0,1.22485155633977e-06
"S255Q",0.148367117566625,2.64562064158106e-95
"S255R",0.477610522910787,1.61409599747952e-82
"S255T",0,6.86255063955596e-14
"S255V",0,1
"S255W",0.36825307019028,1.04514346710943e-13
"S255Y",0.150095176596589,0.607244005688199
"K256A",0.343000128307171,1.43657489686649e-12
"K256C",0,0.000135470397221417
"K256D",0,2.58140424455143e-137
"K256E",0.0801362332805609,3.77239566031895e-98
"K256F",0.0461691655732106,1
"K256G",0,7.0516512030212e-40
"K256H",0.265517112555362,5.10614950276999e-08
"K256I",0.546269226083832,2.56534406304332e-83
"K256L",0.0746838718107561,4.26074402729507e-13
"K256M",0.12075012534532,1
"K256N",0.106627645473386,4.49743355368536e-81
"K256P",0.0301700603741714,3.2443567538423e-48
"K256Q",0.126388090756664,2.70523734846215e-15
"K256R",0,1
"K256S",0.580666043939995,9.79622493664073e-88
"K256T",0,1
"K256V",0.0286420716351064,1e-300
"K256W",0.0433976040697859,2.38615558160869e-271
"K256Y",0.246210566409086,1
"K257A",0,5.51285382300103e-13
"K257C",0.0705057531080564,1.0300793629248e-49
"K257D",0,1
"K257E",0.0510929082294883,1e-300
"K257F",0.193127842620609,1
"K257G",0.0412071320033523,1e-300
"K257H",0.0259647336641525,1.27872672476767e-279
"K257I",0.0255053444409845,2.17350700572389e-96
"K257L",0,1.98515986395144e-31
"K257M",0.0539141345998605,7.6672797068438e-54
"K257N",0.0818319205129553,1.21793311571485e-102
"K257P",0,2.19152421988267e-35
"K257Q",0.111871439658164,7.08383107450994e-11
"K257R",0.0831017549469484,2.89972402427817e-42
"K257S",0.265195072723809,2.8879056361977e-09
"K257T",0.0710294854972471,0.000103706443922736
"K257V",0.261324168327789,0.295657246054384
"K257W",0,1.88319839824818e-62
"K257Y",0.129628811032476,2.31031755835006e-07
"P258A",0.151083808393072,5.83286968341909e-07
"P258C",0,1.27377706794159e-38
"P258D",0.105967037715805,6.6698388830506e-81
"P258E",0.163701123758899,1
"P258F",0.0268339895449393,1.78500432261455e-161
"P258G",0.0765515011999572,6.06625601450222e-140
"P258H",0.00389322038175106,8.37324314190318e-192
"P258I",0.0338051015783904,7.4639134967723e-196
"P258K",0.135000170605645,1
"P258L",0.900031212842929,1e-300
"P258M",0.147988964449621,1
"P258N",0.141043557352802,9.98778071127512e-24
"P258Q",0.111578571294005,8.57011390658018e-16
"P258R",0.822641068597579,1e-300
"P258S",0,1e-300
"P258T",0.082658877921025,1.11228300495693e-42
"P258V",0.364290141908337,8.11513950801653e-53
"P258W",0.0120686685279659,1.08602536920251e-136
"P258Y",0.00804875118646528,1e-300
"R259A",0,1.51334082312032e-07
"R259C",0.0521169539608747,2.23586387724358e-152
"R259D",0.965099684614686,1e-300
"R259E",0.34615608411911,1.21664758095643e-48
"R259F",0.245584607341944,1.96871741771149e-12
"R259G",0.722361623380905,1e-300
"R259H",0.278954561113261,5.80850898394483e-22
"R259I",0.308299516361866,1.52175865639056e-52
"R259K",0.0830140717446831,1.08360181963398e-220
"R259L",0.142702961501417,1.83893253744472e-09
"R259M",0.0968226139859533,4.26592976438643e-10
"R259N",0.536236603327078,5.41648824157514e-201
"R259P",0.249229828226313,1
"R259Q",0.104229641124922,6.13327291496598e-21
"R259S",0.209708869088344,0.000920720756997259
"R259T",0.216275612651434,1
"R259V",0.425693569389286,3.21663463519638e-128
"R259W",0.35354872657117,4.64386995541843e-127
"R259Y",0.270504413163502,1.99362503382056e-22
"Q260A",0.0833752804904162,1.80279858578988e-24
"Q260C",0.222843248013876,1
"Q260D",0.12716789387951,4.19766730487164e-05
"Q260E",0.287903543165908,2.21112258590458e-39
"Q260F",0.175836035269659,1
"Q260G",0.475810496671988,5.4938518518567e-181
"Q260H",0.0835078886981654,2.58085239830847e-51
"Q260I",0.0727062004580173,3.9720303826613e-62
"Q260K",0.5703395355994,1.89938456135027e-80
"Q260L",0.185604888523772,1
"Q260M",0.561379468535502,2.33853927843354e-133
"Q260N",0.100419214754925,2.0620350906211e-82
"Q260P",0.221450349515026,0.418285719882573
"Q260R",0.11138880413489,1.8849409603367e-34
"Q260S",0.215624294721908,1
"Q260T",0.298826495769222,1.7058118259539e-17
"Q260V",0.0388795804704723,1e-300
"Q260W",0.0372804663307685,1.77443617448436e-246
"Q260Y",0.130859677734527,0.00134931953464293
"K261A",0.245728020064858,1.64907160101205e-12
"K261C",0.523269879929019,1e-300
"K261D",0.933851673596091,1e-300
"K261E",0.398120420943549,1e-300
"K261F",0.356779101497373,2.59298275789055e-127
"K261G",0.304787414969182,2.43708996553682e-107
"K261H",0.133346279868719,1.82626999287585e-29
"K261I",0.48335321629214,1e-300
"K261L",0.210366776957383,0.38243395286139
"K261M",0.331210581343496,1e-300
"K261N",0.170527284228645,0.0961690399431379
"K261P",0.731512091980155,1e-300
"K261Q",0.162985814574831,1.04566160145594e-12
"K261R",0.156284564836936,1.28445745053541e-08
"K261S",0.158444996368727,0.08285605750049
"K261T",0.147369788824548,2.57039114328252e-40
"K261V",0.561139169044752,1e-300
"K261W",0.100703820985352,1e-300
"K261Y",0.830752904178782,1e-300
"R262A",0.329814108607377,9.68676456273775e-170
"R262C",0.313162749250098,4.08515283790099e-201
"R262D",0.995836366096132,1e-300
"R262E",0.662337874028433,1e-300
"R262F",0.599433842427784,1.72698055134373e-163
"R262G",0.257667734766925,1.45701191023686e-09
"R262H",0.5663390162001,7.38007339254451e-141
"R262I",0.329497521296317,2.13760792139357e-71
"R262K",0.718114152026501,1e-300
"R262L",0.156107667091354,2.75797035987469e-05
"R262M",0.0993660464564295,8.2998886465579e-145
"R262N",0.524769437445477,1e-300
"R262P",0.410387664457561,3.84495942513529e-84
"R262Q",0.0865441971987021,1e-300
"R262S",0.813393823748385,1e-300
"R262T",0.600619789893185,1e-300
"R262V",0.335226365671183,2.59888614803463e-32
"R262W",0.635023806369159,1e-300
"R262Y",0.660758294609526,1e-300
"T263A",0.0572530238596938,3.15188449861075e-213
"T263C",0.0766405633854862,1.3063323128782e-183
"T263D",0,1e-300
"T263E",0.0650274772939213,1e-300
"T263F",0.0468399746750324,1.79449475934064e-112
"T263G",0.196664820219836,1
"T263H",0.130149051953808,1.2148962507025e-30
"T263I",0.0370174324391903,5.5139848820256e-39
"T263K",0.133656824934615,7.42889688998795e-37
"T263L",0.270911190481409,2.05243395544264e-23
"T263M",0.120997844118369,2.33865043963588e-12
"T263N",0.12505166079398,3.4692670177105e-23
"T263P",0.591214607445057,1e-300
"T263Q",0.0420462213399672,2.38639150750642e-91
"T263R",0.109712447034571,1.71464005512256e-45
"T263S",0.0423056370733604,7.11817490131453e-136
"T263V",0.197867852456617,1
"T263W",0.188248707788163,1
"T263Y",0.106099793471903,1.38736375237542e-75
"A264C",0.234676575009594,6.38412279710563e-11
"A264D",1,1e-300
"A264E",0.20507727872407,1
"A264F",0.307777086848246,8.00888425096439e-30
"A264G",0.761069237083498,2.56939965589413e-316
"A264H",0.0763566969095407,1
"A264I",0.0655917261231706,1.92901091619291e-36
"A264K",0.587866439654901,1e-300
"A264L",0.0923383311464213,1
"A264M",0.620692694162767,2.72593331122704e-231
"A264N",0.236109620094867,2.59980187423856e-08
"A264P",0.124462700908358,1.45223384680195e-26
"A264Q",0.313040701609221,4.32820466386359e-05
"A264R",0.645091070650577,1e-300
"A264S",0.259457604803354,9.33902416416713e-31
"A264T",0.161575684205963,1
"A264V",0.195699474737104,1
"A264W",0.713723437567758,1e-300
"A264Y",0.132331516172865,4.58714590637889e-09
"T265A",0.182702925377637,1
"T265C",0.158292676937289,9.32513576296136e-07
"T265D",0.190531402911066,1
"T265E",0.217910501304593,1
"T265F",0.109324034877897,4.15757078309039e-14
"T265G",0.0342605477381531,1e-300
"T265H",0.015184434931896,1.70756492952413e-58
"T265I",0.121633679819109,3.58441723554764e-25
"T265K",0.287330561005914,1.32819185752321e-23
"T265L",0.0947619999693479,1.93843506142854e-95
"T265M",0.0310712350761093,1e-300
"T265N",0.0514073152703604,6.47777560862183e-256
"T265P",0.12075012534532,1
"T265Q",0.0133757117116313,1e-300
"T265R",0.16367582936755,1
"T265S",0.080455158002712,4.81864864829493e-79
"T265V",0.185748187775223,1
"T265W",0.0594632244423201,3.7232895936854e-228
"T265Y",0.12829802905325,4.23789924255689e-50
"K266A",0.0924892982027244,2.22023537866968e-26
"K266C",0.0761158684462644,1.55535391848592e-113
"K266D",0.310426889577771,1.42889760770223e-24
"K266E",0.026962792694755,9.58897449494783e-76
"K266F",0.0924685813322655,5.51546975494609e-137
"K266G",0.0986006381789578,3.80394134980131e-09
"K266H",0.0873564744935766,6.00993140262221e-85
"K266I",0.319943888974273,1.93285358901395e-24
"K266L",0.168634156180406,1
"K266M",0.0396817068983658,1.40946025838701e-91
"K266N",0.198849029612507,1
"K266P",0.028529924456815,1e-300
"K266Q",0.166906559930025,1
"K266R",0.0989393045336213,1.3406906731861e-27
"K266S",0.114926125203077,2.61285630604514e-41
"K266T",0.0709862097858604,3.69182739419829e-21
"K266V",0.0329708062843471,2.40122618414225e-119
"K266W",0.0483627898303562,1.19337684701538e-172
"K266Y",0.1436228304053,0.00218652300774857
"A267C",0.363895460880017,4.41385078581781e-32
"A267D",0.0268761137102236,1.18431492199589e-309
"A267E",0.0870699910945816,3.72441277326824e-112
"A267F",0.076876684667837,4.70462615987415e-118
"A267G",0.149360037500498,3.32049141042471e-08
"A267H",0.0995670484398144,3.71298341174314e-35
"A267I",0.152380580768392,2.8235450754088e-12
"A267K",0.12527006180747,1.16732311136113e-16
"A267L",0.337175000280399,3.77150206751242e-87
"A267M",0.145166878108821,1.05442963220176e-16
"A267N",0.0254963224978152,1e-300
"A267P",0.366917735088423,1.88391191454616e-47
"A267Q",0.212385345311564,1
"A267R",0.204291848884284,1
"A267S",0.124782512657701,2.76632940277924e-43
"A267T",0.117561469126458,6.60206716618137e-14
"A267V",0.338102897888074,7.57983356698071e-39
"A267W",0.0716679111972174,7.84115289851485e-233
"A267Y",0.129053792034759,1.26538896361925e-07
"Y268A",0.0198208239624789,1.3792331580736e-244
"Y268C",0.106970601192393,0.000104130758105304
"Y268D",0.568372479142395,6.0754301928202e-56
"Y268E",0.0872707256676018,8.3078011661805e-33
"Y268F",0.174615125387496,1
"Y268G",0.236761646768409,0.467649807668466
"Y268H",0.438764715365822,1.54761317801631e-134
"Y268I",0.0920467123834723,4.1868929399121e-51
"Y268K",0.504365620390444,5.37258251674017e-41
"Y268L",0.143355774194059,0.0122250216212356
"Y268M",0.125570044861799,1.88144306736429e-44
"Y268N",0.835775505152667,1e-300
"Y268P",0.252980472608301,3.44870081496321e-08
"Y268Q",0.159450652531598,1
"Y268R",0.118472343945182,1.95387150749261e-20
"Y268S",0.246680599140738,1
"Y268T",0.0509655248042343,2.83333952430246e-174
"Y268V",0.106172958396804,5.34148957622354e-32
"Y268W",0.161592079506237,0.00672127745199698
"N269A",0.352280866812829,5.39134444655635e-43
"N269C",0.243335920501116,1.57623355799712e-06
"N269D",0.425235209994534,1.13708550904918e-83
"N269E",0.0225864128396508,1e-300
"N269F",0.278197695024156,6.33658728481473e-23
"N269G",0.639650527101056,6.15696805738178e-199
"N269H",0.228077863791702,1.67635750665707e-05
"N269I",0.0468752266277952,1e-300
"N269K",0.333970954969124,2.16214863968773e-08
"N269L",0.613041300025315,3.60084395226609e-174
"N269M",0.25649731493666,3.1568797759197e-55
"N269P",0.115786829128651,3.14413001867625e-06
"N269Q",0.172449196484285,1
"N269R",0.305426787638163,1.16373328715362e-55
"N269S",0.184006998711354,1
"N269T",0.374917163774114,6.50851746766731e-68
"N269V",0.441948631778773,1.75914147329374e-83
"N269W",1,1e-300
"N269Y",0.603702744754482,5.38506121100226e-307
"V270A",0.206365378538998,1
"V270C",0.676527626164442,1e-300
"V270D",0.0814158425273917,1.87496265942314e-232
"V270E",0.0430075967933468,2.67468588225871e-82
"V270F",0,6.6168441283832e-79
"V270G",0.212017196854813,1
"V270H",0.0858734414548763,7.68153529697569e-55
"V270I",0.260153673754117,0.0442210774070471
"V270K",0.292047210696323,0.000103333969593639
"V270L",0.0334249496215971,2.23984486018727e-128
"V270M",0.113598589674287,1.37475758941167e-15
"V270N",0.135661130024137,0.00254454308496252
"V270P",0.268066624346064,0.00427773258884893
"V270Q",0.24150025069064,1
"V270R",0.129026538679792,8.49907918332908e-11
"V270S",0.132802712333529,6.1527761644749e-05
"V270T",0.110484021429823,2.37940885361517e-08
"V270W",0.0872845930639945,5.93431742574538e-21
"V270Y",0,1.67931015392662e-05
"T271A",0.393526555310522,2.68320784986287e-82
"T271C",0.214938725383515,0.502657633328375
"T271D",0.173370133863223,0.44665377385588
"T271E",0.1470895883806,0.000331499700604275
"T271F",0.711432612059648,1e-300
"T271G",0.23406295182166,0.00094041252874289
"T271H",0.25274573022053,3.20397349911795e-44
"T271I",0.298192750295184,3.20751824940048e-60
"T271K",0.228264401582288,8.63073954010366e-09
"T271L",0.521670792524275,3.8208329885604e-126
"T271M",0.376684644407484,2.37416294052702e-69
"T271N",0.0638179640209954,7.47229638099763e-60
"T271P",0.289579285987428,2.82122556481197e-12
"T271Q",0.250443285158428,0.0223584307607799
"T271R",0.126619594331877,2.21862562253123e-69
"T271S",0.318023193516473,1.90470488093039e-33
"T271V",0.26883005429146,7.20753432611288e-28
"T271W",0.147987123622956,4.97759481287493e-09
"T271Y",0.505903510728699,4.30739526738872e-254
"Q272A",0.348298483967055,2.16521269129083e-48
"Q272C",0.0618494912213463,1.65277920557472e-40
"Q272D",0.0188005995645189,1e-300
"Q272E",0.0866728613188383,9.13029998023155e-149
"Q272F",0.614662877167869,7.49177946668115e-298
"Q272G",0.0810564952596183,8.35412299865327e-08
"Q272H",0.0782975517041404,6.74522169039816e-106
"Q272I",0.121334474151532,9.64195402430597e-21
"Q272K",0.280989510973338,1.2632863995299e-53
"Q272L",0.0553272079919733,2.63887116758232e-118
"Q272M",0.0589856160391492,1.38865194652556e-141
"Q272N",0.0893522362931334,1.51352066245494e-17
"Q272P",0.199882187640986,1
"Q272R",0.364632416656891,2.23809630668646e-110
"Q272S",0.10660471564228,2.63929283790918e-22
"Q272T",0.0845058645846964,5.81248097181839e-188
"Q272V",0.0397426988653349,4.83184639610568e-108
"Q272W",0.0671561365796574,1e-300
"Q272Y",0.0392686181037857,4.80287407160322e-195
"A273C",0.704037970241758,1e-300
"A273D",0.355349305614063,1.42687025546764e-154
"A273E",0.0946105136521314,2.87172741427426e-29
"A273F",0.117198651070458,1
"A273G",0.164374920649863,1
"A273H",0.701416169285315,6.59432818109029e-78
"A273I",0.285941096833832,1.64675357578309e-12
"A273K",0.0585993255352289,1
"A273L",0.350551676011737,5.166591875258e-40
"A273M",0.367775643495848,9.20238827061745e-54
"A273N",0.198113130104816,1
"A273P",0.294328430529218,1.22140000203134e-05
"A273Q",0.146873010665237,1
"A273R",0.166919290918531,1
"A273S",0.183462263548029,1
"A273T",0.111871439658164,0.243551054873838
"A273V",0.229597742724044,1
"A273W",1,1e-300
"A273Y",0.149723351910242,1
"F274A",0.132807100619962,6.4880207078131e-06
"F274C",0,2.31863515466349e-09
"F274D",0.172967739228017,1
"F274E",1,1e-300
"F274G",0.386637089975399,1.82347822813236e-15
"F274H",0.250607463082804,1
"F274I",0.316211979169313,3.90584536257009e-11
"F274K",0.604934451484888,2.05029184585629e-63
"F274L",0.159408402756153,1
"F274M",0.06037506267266,1
"F274N",0.692401335993258,6.74076042934163e-81
"F274P",0.199547625413702,1
"F274Q",0.0962080992238631,7.4552312029102e-166
"F274R",0.255992845541069,1
"F274S",0.456859765253274,9.22506123690902e-130
"F274T",0.431878903088098,1.31670127332107e-23
"F274V",0.265505375397641,5.06121931242343e-11
"F274W",0.121968525366899,2.16568643241013e-16
"F274Y",0.232924389741522,0.000139176370293983
"G275A",0.0367953811368677,1e-300
"G275C",0.420059979528005,1.66171578870058e-38
"G275D",0.14132853598988,1
"G275E",0.144926723310064,4.57114933024156e-08
"G275F",0.0774477218456742,5.72641765067649e-18
"G275H",0.517727856850615,6.2060192715692e-125
"G275I",1,1e-300
"G275K",0.0680272531400892,7.29375929653218e-172
"G275L",0.257319544252947,1.78864727499359e-07
"G275M",0.459051084352035,1.31380321231684e-129
"G275N",0.245271470513726,1.93044918900941e-43
"G275P",0.247031268297116,5.33324492702046e-08
"G275Q",0.118974388207889,1
"G275R",0.150085857773539,0.00110359181742219
"G275S",0.234307256582692,1
"G275T",0.256758999499357,1.05351628898082e-12
"G275V",0.0852648015253913,2.19783343439011e-16
"G275W",0.0896828442091911,1.82172410874017e-11
"G275Y",0.216665298439996,1
"R276A",0.0948892883029151,2.13947410345791e-130
"R276C",0.0706868516536153,1.96990643857181e-45
"R276D",0.0645983574978505,3.45948381359634e-114
"R276E",0.130390165132003,3.90065848620565e-10
"R276F",0.0306794620898529,1.77045235507145e-215
"R276G",0.071716926498436,1.24121831332855e-88
"R276H",0.546640751935092,1.13525767688461e-302
"R276I",0.175469218114785,1
"R276K",0.147415881688158,1.43677875520124e-15
"R276L",0.0702220756714903,5.70656654385058e-165
"R276M",0.348512877710843,1.48470665555918e-72
"R276N",0.18928316962818,1
"R276P",0.0678708610110245,2.06446389252407e-69
"R276Q",0.33026670336614,2.39191194287661e-84
"R276S",0.0168477340689674,4.23461530738304e-173
"R276T",0.00147027006842128,1e-300
"R276V",0.107223226069601,4.44787950074011e-54
"R276W",0.0471882881735275,2.6946177280733e-45
"R276Y",0.0763435134065506,4.96157315968736e-65
"R277A",0.334683235563937,4.41123732063901e-17
"R277C",0.411608724686454,1.10793425173834e-19
"R277D",0.163648231415245,0.639747519678548
"R277E",0.204894623452732,1
"R277F",0.126388090756664,1
"R277G",0.28908439181657,4.6271712836683e-23
"R277H",0.178370289374324,1
"R277I",0.453260082097986,4.00529670506095e-50
"R277K",0,1.27718881783436e-68
"R277L",0.0365455694052057,1e-300
"R277M",1,1e-300
"R277N",0.0834596454592654,1
"R277P",0,0.043478800093226
"R277Q",0.0619202572296087,1.21509305961869e-62
"R277S",0.285195884638953,0.000560947598397302
"R277T",0.192774680366099,1
"R277V",0.0997380766703473,3.66830634314337e-10
"R277W",0,1.39761404514021e-31
"R277Y",0.0679966026267982,2.13686396632791e-83
"G278A",0.0505158093295304,1.53336705256004e-113
"G278C",0.657022740849536,2.87971711904906e-73
"G278D",0,0.110862039408853
"G278E",0.0532721141229353,0.000197320416305551
"G278F",0.304445476974639,4.95230271389332e-09
"G278H",0.56623896009515,1.23765230796039e-268
"G278I",0.201589881234624,1
"G278K",0.0905318839714115,9.97101616394346e-79
"G278L",0.06037506267266,0.212562790672239
"G278M",0.139289767723696,4.17790382924744e-07
"G278N",0.171961400077656,1
"G278P",0.050472960630165,4.10119090449033e-178
"G278Q",0.948243631388249,3.06005413539349e-159
"G278R",0.0807223207387453,3.57961166443102e-11
"G278S",0.125382911298993,5.99026354448381e-25
"G278T",0.704923894849582,1e-300
"G278V",0.553894494096214,5.08469946398029e-261
"G278W",0.085863655307702,6.35401789801749e-50
"G278Y",0.191779610842567,1
"P279A",0.240882465173357,5.71656008485709e-08
"P279C",0.636920976599415,1e-300
"P279D",0.739076658082214,4.31287940093168e-288
"P279E",0.57954179477831,1e-300
"P279F",0.718008417427429,1e-300
"P279G",0.349148783197856,3.84812525295287e-216
"P279H",0.0345357279831446,1e-300
"P279I",0.559116585533913,5.54756551396162e-310
"P279K",0.339897294977693,2.35407790920214e-130
"P279L",0.0910403823872413,1.7617819534685e-53
"P279M",0.171706997428352,1
"P279N",0.453193936046529,5.09060020708171e-313
"P279Q",0.496532859735811,1.55947605765979e-263
"P279R",0.928677710342445,1e-300
"P279S",1,1e-300
"P279T",0.376548665549921,1.39779522968616e-50
"P279V",0.265659109770946,2.54308889839601e-22
"P279W",0.56482845174844,1e-300
"P279Y",0.715975265482023,1e-300
"E280A",1,1e-300
"E280C",0.778826873222982,3.89126102664566e-319
"E280D",0.505175474580771,1e-300
"E280F",1,1e-300
"E280G",0.707349031404986,1e-300
"E280H",0.861311433304674,1e-300
"E280I",0.888347172912639,1e-300
"E280K",1,1e-300
"E280L",1,1e-300
"E280M",1,1e-300
"E280N",0.979037583214503,1e-300
"E280P",0,7.49263182317109e-20
"E280Q",0.703307930345968,1e-300
"E280R",1,1e-300
"E280S",0.796449588807392,1e-300
"E280T",0.964078005747846,1e-300
"E280V",0.941816797787321,1e-300
"E280W",0.641661952834102,1e-300
"E280Y",1,1e-300
"Q281A",0.651533367415904,1e-300
"Q281C",1,1e-300
"Q281D",0.893198622944765,1e-300
"Q281E",0.990224283459889,1e-300
"Q281F",0.275694811020796,5.99459958470169e-11
"Q281G",0.627253375280574,2.94664718813332e-267
"Q281H",0.32493187102125,1.43381268270768e-161
"Q281I",0.352511001430152,2.38341424953659e-14
"Q281K",0.930124397614083,1e-300
"Q281L",0.412116942797307,3.73188757888032e-40
"Q281M",0.286775921381638,2.41587843014666e-59
"Q281N",0.671719475189083,1e-300
"Q281P",0.524751813255729,1.93537119729387e-140
"Q281R",1,1e-300
"Q281S",0.589761902382721,1e-300
"Q281T",0.392353814907934,7.55727704290006e-169
"Q281V",0.542599527184041,1.04706752940901e-221
"Q281W",0.531080705974801,2.99714340597995e-190
"Q281Y",1,1e-300
"T282A",0.0822368287802937,2.20778286609332e-153
"T282C",0.476879243929622,1.55979109757541e-70
"T282D",0.289594518002919,1.97518581324539e-05
"T282E",0.70968827930939,1e-300
"T282F",0.148179140887123,2.39174160059923e-45
"T282G",0.675164376656093,1e-300
"T282H",0.472597838621956,1e-300
"T282I",0.015523614013101,5.70840859155748e-165
"T282K",1,1e-300
"T282L",0.0236668588057476,2.13700160256895e-129
"T282M",0.116994436166476,4.4266357926723e-152
"T282N",0.205441488986683,1
"T282P",0.484757551154074,1e-300
"T282Q",0.613219373848989,3.00548650171419e-123
"T282R",1,1e-300
"T282S",0.309695013993952,4.30071192576814e-31
"T282V",0.0458951167552132,3.34148867742553e-68
"T282W",0.124672415316528,0.0871316953915116
"T282Y",0.694337527195946,1e-300
"Q283A",0.828491945604403,1e-300
"Q283C",1,1e-300
"Q283D",0.201364076798753,1
"Q283E",0.25904041178101,9.25960750076722e-36
"Q283F",0.186163958998932,1
"Q283G",0.284117941988988,4.79896511251332e-20
"Q283H",0.25719097866259,3.54149447093534e-53
"Q283I",0.750915753293259,3.78715417945774e-218
"Q283K",0.72441024412422,1e-300
"Q283L",0.971099007185191,1e-300
"Q283M",0.167862836040113,1
"Q283N",0.528520318435223,1e-300
"Q283P",0.319161845345111,1.93382296750738e-10
"Q283R",1,1e-300
"Q283S",1,5.16207883696667e-230
"Q283T",0.822535473366523,1e-300
"Q283V",1,1e-300
"Q283W",0.112407326374936,1.39433279440306e-84
"Q283Y",0.124046809907418,7.5166694166447e-10
"G284A",0.372320151831906,3.29781538178342e-25
"G284C",0,0.0080933570736187
"G284D",0.0657022740849536,0.16596539469721
"G284E",0.978625104965008,1e-300
"G284F",0.120340813686967,6.29983483087827e-07
"G284H",0,3.07086482556637e-55
"G284I",0.0970928379322718,0.000739594280987637
"G284K",0.188532084021459,1
"G284L",0.148204534681886,1
"G284M",0.141807988539612,0.358997762700308
"G284N",0.660406239989776,6.83855577331562e-150
"G284P",0.62459733162726,6.84420766213968e-124
"G284Q",0.66444024854932,4.6756497797235e-154
"G284R",0.213546007321195,0.927527457536713
"G284S",0.317144377940153,7.39436021759878e-51
"G284T",0.0737406771036168,1.3375306866189e-50
"G284V",0.345608133706617,2.20360618913173e-35
"G284W",0.0456604374120896,3.85242378367839e-83
"G284Y",0.431488011052472,2.63692853124878e-59
"N285A",0.171638147941149,1
"N285C",0.279472015864571,1.34411132866492e-07
"N285D",0.195300982187636,1
"N285E",0.0142058970994494,2.01472632517434e-17
"N285F",0.171084778197083,1
"N285G",0.186636774536837,1
"N285H",0.551860114676321,1e-300
"N285I",0.03018753133633,0.0027440115732709
"N285K",0.357128673280353,1.46777424882811e-242
"N285L",0.205481958189824,1
"N285M",0.2347572290189,1.17490894329423e-05
"N285P",0.0418072377129647,1e-300
"N285Q",0.199008872185908,1
"N285R",0.269479453419495,0.0145059421995363
"N285S",0.898801864801264,1e-300
"N285T",0.0665728163274829,2.65073722677644e-102
"N285V",0.175346114923394,1
"N285W",0.0394330843160792,4.37314227004946e-32
"N285Y",0.343813521131133,1.34330899555959e-83
"F286A",0.184105577807802,1
"F286C",0.0061193489006951,1e-300
"F286D",0.201744249936551,1
"F286E",0.284117941988988,2.33634537532756e-14
"F286G",0.0783603837457378,3.52479636624678e-139
"F286H",0.22271172855212,1
"F286I",0.0969878002964344,9.29216008605246e-37
"F286K",0.112105073930024,3.09615335082981e-06
"F286L",0.148622486564066,1
"F286M",0.179637895491705,1
"F286N",0.0590397577857889,6.75441577316269e-122
"F286P",0,3.52397034196477e-54
"F286Q",0.0674780112223848,1
"F286R",0.199075160925514,1
"F286S",0.217325288470056,1
"F286T",0.266080191066661,0.248535460292056
"F286V",0.0128439555885389,2.56044975553284e-317
"F286W",0.236581607210246,1
"F286Y",0.150645992065606,4.29469487729618e-23
"G287A",0.206583245319156,1
"G287C",0,0.000291720726482641
"G287D",0.390186489487143,5.39813378400306e-38
"G287E",0.0513772726653106,6.79766710121785e-14
"G287F",0.253930410652658,0.000486673300613859
"G287H",0.52108932804042,3.71572971001463e-310
"G287I",0.239972290828199,0.00261527293446268
"G287K",0,7.11684627912132e-33
"G287L",0.388496298232764,4.37732938493404e-55
"G287M",0.181469387066156,1
"G287N",0,9.81536362407516e-47
"G287P",0.530014574140849,1.4722744220974e-51
"G287Q",0.220444344343019,1
"G287R",0.162120849399909,0.0174463572180192
"G287S",0.54404091741346,8.64684769282181e-73
"G287T",0.191779610842567,1.32555945643871e-29
"G287V",0.301394219401122,9.47634259018158e-20
"G287W",0,2.909987721284e-53
"G287Y",0.164787691771264,1
"D288A",0.0438525223088843,2.87326206674202e-199
"D288C",0.331311229403033,2.45375353307291e-114
"D288E",0.0908021736255906,2.32397312543373e-50
"D288F",0.14771363548186,1
"D288G",0.57941769838972,3.83791229448282e-107
"D288H",0.0631940453783321,4.66226716762512e-109
"D288I",0.133939407125466,1.72168796454218e-10
"D288K",0.182223125305357,1
"D288L",0.21783530212853,1
"D288M",0.660088019847032,7.63746470286544e-110
"D288N",0.173129017332103,1
"D288P",0.282041810206833,2.72559600839631e-07
"D288Q",0.412553103991324,2.12333620604351e-38
"D288R",0.278087103509393,8.79714772568459e-10
"D288S",0.233434468416002,1
"D288T",0.348165570118673,6.30217305153163e-32
"D288V",0,2.86484958391305e-165
"D288W",0.374234240361044,2.82614587989659e-179
"D288Y",0.287021317548928,8.04802426863829e-19
"Q289A",0.178853364347058,1
"Q289C",0.092242557315267,3.23753441040736e-51
"Q289D",0.137185952852121,8.92394153257827e-12
"Q289E",0.078510062138806,2.36166103564816e-110
"Q289F",0.0827355620127163,5.89822741595928e-41
"Q289G",0.15215307422387,0.0102042324240784
"Q289H",0.0404185264856337,3.20864600695452e-51
"Q289I",0.223328931782456,0.000182754906175871
"Q289K",0.0317438379396368,5.45464641817529e-251
"Q289L",0,1.9262191877958e-38
"Q289M",0.0656561510424229,5.76981975806339e-111
"Q289N",0.240315383833094,0.000370713811366209
"Q289R",0.366393350207472,1.86927109085592e-51
"Q289S",0.152817376090125,0.156597758135356
"Q289T",0.680129193558417,1e-300
"Q289V",0.167583750449226,0.074166854082837
"Q289W",0.0367329932367474,9.71193911905557e-219
"Q289Y",0.175487157032887,1
"E290A",0.177573993439617,1
"E290C",0,4.3450901067703e-08
"E290D",0.130797846732207,2.69285201982075e-08
"E290F",0.406319970378499,1.25372402906169e-279
"E290G",0,4.26994093719171e-23
"E290H",0.141302788084521,3.96857109772878e-22
"E290I",0.166891576519394,4.02869753512747e-08
"E290K",0.115777988524699,1.62265375866689e-16
"E290L",0.108937859550836,3.24369194166941e-21
"E290M",0.0998204848017396,1.24657583397536e-10
"E290N",0.173416967169307,1
"E290P",0.506963394342919,4.31421492795623e-62
"E290Q",0.229820888704521,2.27190641024881e-14
"E290R",0.221996265560653,5.78314645968946e-16
"E290S",0.287197666548142,2.77219161880101e-05
"E290T",0.148798758606488,9.10781463631495e-07
"E290V",0.121957710418293,1.10591473020746e-52
"E290W",0.0971457977298632,5.58405891849561e-74
"E290Y",0.263664344737298,3.72832884484098e-29
"L291A",0.102716871803461,6.88056915150651e-22
"L291C",0.101217016833577,1
"L291D",0.60041848340458,8.08947066984504e-229
"L291E",0.236047303544415,1
"L291F",0.0307487804693226,7.12591555026989e-75
"L291G",0.194330255733523,1
"L291H",0.454640545903674,3.73281771975764e-94
"L291I",0.434894454020962,9.7962868844241e-124
"L291K",0.0780547154954195,1.42511493938055e-123
"L291M",0.0989410471922884,5.07242787287245e-57
"L291N",0.505069043367931,2.76745566298072e-236
"L291P",0.285392462998919,2.44455774433254e-08
"L291Q",0,5.51285382300103e-13
"L291R",0.329587062715554,6.22212108541422e-37
"L291S",0.521522427801437,1e-300
"L291T",0.0923383311464213,0.000737257458960354
"L291V",0.547681726612211,1.11975719479036e-123
"L291W",0.0984435900199497,4.48834923621986e-84
"L291Y",0.106211368082157,3.18287907847326e-47
"I292A",0.290448436715866,5.61005907145726e-71
"I292C",0.404659414849861,6.65875748156135e-102
"I292D",0.111926757488268,1.72757946874262e-34
"I292E",0.0349597906565991,2.05322293265905e-289
"I292F",0,2.05799941171922e-27
"I292G",0.186365672747476,1
"I292H",0.634287182258908,7.37446912849354e-166
"I292K",0.279317476093841,9.79763995012933e-65
"I292L",0.346342708268185,3.63305300157729e-47
"I292M",0.0517916594098467,3.3857483576049e-167
"I292N",0.218884402986401,0.822368102135011
"I292P",0.16235727478448,1
"I292Q",0.142364557798495,0.0286700647636164
"I292R",0.11116122902978,3.95532342059202e-41
"I292S",0.0726771366772242,6.244903468549e-56
"I292T",0,3.59849688039994e-157
"I292V",0.295102833466149,9.89008070797323e-165
"I292W",0.191615263200936,1
"I292Y",0.301553334409911,2.70538720676287e-06
"R293A",0.0159059842108727,1.18130077168089e-122
"R293C",0.16153426292822,0.0548965752401343
"R293D",0.0888752650443296,3.75185561827333e-92
"R293E",0.148312555479759,0.0655776485641563
"R293F",0.0157584022889832,1e-300
"R293G",0,4.4215688020487e-79
"R293H",0.205344495279706,1
"R293I",0.0509927307540212,1e-300
"R293K",0.344311242888619,5.16584195809343e-99
"R293L",0.10692908104121,8.04915965688853e-46
"R293M",0.0998783287368025,1.88242305658191e-51
"R293N",0.0511160934390103,1.02774226459133e-156
"R293P",0.207761245079448,0.131243828405972
"R293Q",0.0909981436808026,8.97965604049433e-153
"R293S",0.0722948247660889,4.62310020037586e-78
"R293T",0.0723749406241767,1.95432390879639e-25
"R293V",0.129961337728171,1.97121082342372e-27
"R293W",0.19819656186303,1
"R293Y",0.310481142940276,2.56175486522108e-36
"Q294A",0.110222172171509,2.10873496948918e-42
"Q294C",0.0457074739174785,9.91749236023363e-43
"Q294D",0.387671652824754,1e-300
"Q294E",0.0675473398456577,9.2164503693074e-279
"Q294F",0.244037254566733,1.98307644945547e-12
"Q294G",0.0260234051836072,1e-300
"Q294H",0.0251400804912462,1e-300
"Q294I",0.00806303609292913,9.34740192041068e-91
"Q294K",0.0500090320138837,1e-300
"Q294L",0.432167528508337,7.90021103475544e-145
"Q294M",0.108384153421208,2.35313978156591e-33
"Q294N",0.228103736540572,1
"Q294P",0.0436642273342746,7.52048867915177e-161
"Q294R",0.0360882572067453,1e-300
"Q294S",0.210657492777919,0.000398907287388213
"Q294T",0.0956609356948462,3.7572841726495e-111
"Q294V",0.0960505362398623,2.13418884896698e-147
"Q294W",0.0887868568715589,1
"Q294Y",0.143577924882505,0.46456166187023
"G295A",0.0851803999101018,2.10574100866862e-61
"G295C",0.237281487694602,0.000191550795425255
"G295D",0.516398347119768,1.1195269103812e-165
"G295E",0.235891328524226,1
"G295F",0.329986650137805,4.66998418619446e-27
"G295H",0.797037504349286,1e-300
"G295I",0.106935934967363,5.42617648430654e-14
"G295K",0,4.66701068761342e-14
"G295L",0.432741832482056,6.67653478073625e-28
"G295M",0.077521720507921,6.54439042860724e-22
"G295N",0.0771906661722084,6.52437063618351e-34
"G295P",0.0389057447360004,2.13405239007063e-29
"G295Q",0,1.27142687105463e-27
"G295R",0.630027415073583,4.52287587918216e-85
"G295S",0.115411203004259,1.7782931490991e-10
"G295T",0.491034812061364,1.62155754220302e-67
"G295V",0.0905922690792733,9.7520408085299e-35
"G295W",0.0463351714561938,6.23940565601185e-41
"G295Y",0.113305028153346,4.76631437980182e-32
"T296A",0.0350944489358558,2.52681686316469e-76
"T296C",0.147169459853573,1.02050849165976e-10
"T296D",0,9.07483877313069e-218
"T296E",0.0145550403243885,1e-300
"T296F",0,3.86182719116894e-47
"T296G",0.0547247403276278,2.61079695964576e-48
"T296H",0.0745809597721095,1.56104882862457e-05
"T296I",0.0919913318798504,5.42904870588478e-22
"T296K",0.0774629820431482,2.68621105159984e-155
"T296L",0.355305120296588,6.4485961125405e-59
"T296M",0.181652455597962,1
"T296N",0.120724667438587,1.26928670026039e-99
"T296P",0.180046764714273,1
"T296Q",0.116152435519329,4.32938804908791e-12
"T296R",0.169461529716685,1
"T296S",0.0382414798053447,2.09718406146237e-72
"T296V",0.413746753021464,6.58342028432159e-45
"T296W",0.160100985500908,0.152445202934273
"T296Y",0.157891398228458,6.49753575168783e-05
"D297A",0.0486135376919295,1e-300
"D297C",0.251245048255263,0.0191171015583063
"D297E",0.185236624856067,1
"D297F",0.154183785811961,0.000109315802128189
"D297G",0.0813726621841513,1.33565466067013e-83
"D297H",0.055023081853991,1e-300
"D297I",0.0825987386602655,3.22115095331187e-85
"D297K",0.0958975785896868,3.12452656548142e-83
"D297L",0.197999038795985,1
"D297M",0.0966873463633772,3.92067316180525e-57
"D297N",0.120135705791362,3.64882766569068e-66
"D297P",0.0450708017663542,1e-300
"D297Q",0.114990826241021,3.13603842706453e-102
"D297R",0.247566960062023,4.46246941941905e-21
"D297S",0.109123738153305,7.82709813870234e-22
"D297T",0.125247387411892,1.21511160281142e-102
"D297V",0.0866921922157624,1.09814380234265e-24
"D297W",0.194536782834106,1
"D297Y",0.135015646597323,8.92624021332212e-10
"Y298A",0.0634948102690803,9.66341069992733e-98
"Y298C",0.505134896170317,2.11460335227931e-59
"Y298D",0.00177573713743118,4.31611035012879e-12
"Y298E",0.104368606344303,1.53627758921101e-83
"Y298F",0.22095736223158,2.92737482453408e-05
"Y298G",0.0781324340469718,1
"Y298H",0.0698422605586579,1.53477826175273e-79
"Y298I",0.646368318024949,5.01775658248489e-99
"Y298K",0.625751414123429,1e-300
"Y298L",0.368511973049043,9.34023218248883e-40
"Y298M",0.329890777203595,1.26695557421724e-12
"Y298N",0.0337390056111924,1
"Y298P",0.0406424448707704,4.98082706637803e-32
"Y298Q",0.264559064204803,1.67317269874769e-06
"Y298R",0.144278642416283,0.0696064918063973
"Y298S",0.450933411303899,1.58388165940707e-225
"Y298T",0,5.63853999019864e-15
"Y298V",0,1.97037860001731e-66
"Y298W",0.269740318747028,2.92555630812624e-08
"K299A",0.0648476607268671,1.21047954330629e-64
"K299C",0.557831225719583,1e-300
"K299D",0.134891661070552,1.59810556811486e-13
"K299E",0.0430786447072857,1e-300
"K299F",0.0517342132717845,1e-300
"K299G",0.0686137616038984,1e-300
"K299H",0.181230427037439,1
"K299I",0.256558227998677,9.76730943339945e-12
"K299L",0.111750044030832,2.30500979581496e-82
"K299M",0.145201103266897,1.24678787200867e-11
"K299N",0.0486778288694202,9.75248911541463e-252
"K299P",0.0248795454245402,6.70636112663504e-199
"K299Q",0.229703924768307,0.00197704706966539
"K299R",0.21642698417171,1
"K299S",0.306201399104323,4.30510223127874e-114
"K299T",0.142577693344035,2.29264031045849e-21
"K299V",0.223916873331248,4.50630296338921e-11
"K299W",0.237112125584444,3.05914577956546e-28
"K299Y",0.0903047340196512,4.50390457988621e-96
"H300A",0.132933500657457,1.14098803223931e-37
"H300C",0.0957450705713907,2.44440794487329e-94
"H300D",0.0838904041948639,2.24121899799843e-198
"H300E",0.316549846972787,6.79885327553064e-82
"H300F",0.214634830383809,1
"H300G",0.211408355810534,0.00450537866393834
"H300I",0.142128161245472,1.064393099249e-05
"H300K",0.23273960517804,5.39251561747606e-20
"H300L",0.316835081689193,4.1482851797017e-216
"H300M",0.101847766586297,1.45296249714991e-129
"H300N",0.0624066714857548,1.13821496816745e-309
"H300P",0.125246856424766,6.19627252647399e-98
"H300Q",0.0973309800979424,2.14034270806537e-80
"H300R",0.424606166230394,8.92349067803597e-84
"H300S",0.0813733031979468,1e-300
"H300T",0.108014636584369,1.8020087452279e-145
"H300V",0.501576345694946,1e-300
"H300W",0.0972475825218254,1.92816473943933e-29
"H300Y",0.0875168365430269,9.14120697614698e-123
"W301A",0.220791282247241,1
"W301C",0.289200844888529,7.75241554328976e-07
"W301D",0.190284892841513,1
"W301E",0.426183869585733,2.39234367775889e-158
"W301F",0.320844942874561,3.30726041652623e-21
"W301G",0.108865869806807,3.7546213977542e-05
"W301H",0.288214843377617,7.80354694140072e-09
"W301I",0.042626674791455,4.09811755790974e-44
"W301K",0.243269112739597,1
"W301L",0.196603696732589,1
"W301M",0.182402464653937,1
"W301N",0.19564815021141,1
"W301P",0.0765887301568537,2.30504833263947e-202
"W301Q",0.45451280979552,3.37488306838054e-49
"W301R",0.18338122762254,1
"W301S",0,1.13508780421848e-19
"W301T",0.551615064269805,1.07631519996465e-54
"W301V",0,4.59853353531971e-147
"W301Y",0.248507343707313,7.41594140771797e-08
"P302A",0.706704208512494,1e-300
"P302C",0.177960242732084,1
"P302D",0.157440849039972,1.59002436718442e-20
"P302E",0.10269976884422,9.49889851797007e-146
"P302F",0.243697044367296,1.87027566921054e-20
"P302G",0.338705925334628,5.32976722258333e-238
"P302H",0.191075670649248,1
"P302I",0.26345591622474,1.57105414622828e-110
"P302K",0.199334196199347,1
"P302L",0.0614248841603207,1e-300
"P302M",0.110606601631894,1.8235763387866e-97
"P302N",0.249901284096287,5.08752926045627e-76
"P302Q",0.222447403584668,4.21334460266706e-16
"P302R",0.209885695326717,3.46242351647202e-08
"P302S",0.312770528391491,6.78475643865512e-182
"P302T",0.174795410640405,1
"P302V",0.393440958890461,1.17999618697967e-170
"P302W",0.313129589115784,6.44241861880305e-241
"P302Y",0.384147315274735,4.87245272623799e-121
"Q303A",0.310437054311087,3.22834816812223e-100
"Q303C",0.19497632717716,1
"Q303D",0.119392688181521,2.01058065202356e-32
"Q303E",0.148183782630295,1.17335585110433e-14
"Q303F",0.200121432132131,1
"Q303G",0.213624325114098,3.83057263193299e-09
"Q303H",0.210887722339859,1
"Q303I",0.109954792717069,4.34434797490837e-49
"Q303K",0.436670026353393,1e-300
"Q303L",0.133951702339949,6.67313195559895e-73
"Q303M",0.0474342943891465,1e-300
"Q303N",0.222341165200136,1.78306052199367e-05
"Q303P",0.437347550385839,3.05255963094766e-85
"Q303R",0.408706535947072,1e-300
"Q303S",0.202577087432184,1
"Q303T",0.334136862758032,5.60962606749504e-277
"Q303V",0.308591853777312,2.89910924044495e-73
"Q303W",0.388072144657092,1e-300
"Q303Y",0.452576121415982,1e-300
"I304A",0.630110510384334,8.00077353615097e-180
"I304C",0.202647571677352,1
"I304D",0.306425038008024,1.31765734163168e-20
"I304E",0,9.7400753237585e-25
"I304F",0.407237936853649,7.95988153529866e-118
"I304G",0.28333854099101,2.11140847812007e-09
"I304H",0.0515982986846785,1.47168435369149e-98
"I304K",0.338737853082448,2.01880005689535e-13
"I304L",0.27593336805952,2.07071066949527e-103
"I304M",0.13393919118385,2.36964432131452e-26
"I304N",0.0998144667108907,1.41158558458963e-143
"I304P",0.649604204473134,1.35811006196309e-223
"I304Q",0,3.65903134467262e-30
"I304R",0.112902512834737,0.0608008883848739
"I304S",0.713756414042797,5.22513292636702e-144
"I304T",0.0225809898037541,8.7767437235259e-143
"I304V",0.101619772647917,1.10005587000633e-37
"I304W",0.528590737321312,3.75383980956523e-65
"I304Y",0.00478516197848231,5.32852177432685e-110
"A305C",0.609070972467933,1e-300
"A305D",0.252434213982072,2.43462916023074e-20
"A305E",0.120929322643175,8.15052791823792e-124
"A305F",0.69891851518539,1e-300
"A305G",0.497716591613499,2.13620794470864e-40
"A305H",0.694169258014934,1e-300
"A305I",0.198882559392292,1
"A305K",0.327148136923582,1.05678590764807e-248
"A305L",0.291143256496051,7.43940805687079e-206
"A305M",0.370274809278599,1e-300
"A305N",0.376364770643181,1e-300
"A305P",0.0443934284357794,1
"A305Q",0.205662819533516,1
"A305R",0.207541556010197,0.211808456512922
"A305S",0.15704392553594,3.15524793829793e-06
"A305T",0.533112287416525,1e-300
"A305V",0.449131347983283,1e-300
"A305W",1,1e-300
"A305Y",0.857181182371993,1e-300
"Q306A",0.117712099368915,5.13096910644658e-37
"Q306C",0.287995293614614,1.87370094853081e-176
"Q306D",0.159635480252957,5.80225475895195e-14
"Q306E",0.115978107038161,3.05963957193256e-115
"Q306F",0.0515629505881323,1.17156055431153e-116
"Q306G",0.239839148627634,1.34572831890725e-08
"Q306H",0.0262966118609444,1e-300
"Q306I",0.24425452270888,0.0049686225948963
"Q306K",0.0428475235853851,2.09455609511668e-133
"Q306L",0.172882975393572,1
"Q306M",0.199279704650052,1
"Q306N",0.389351979505765,1e-300
"Q306P",0.204182926402914,1
"Q306R",0.0707380225094272,3.41190371274814e-225
"Q306S",0.691000309277089,3.6956418852928e-229
"Q306T",0.358270292922861,1.42704651243094e-103
"Q306V",0.386849298410425,1e-300
"Q306W",0.0846072965576766,6.791732500292e-28
"Q306Y",0.0179820454328587,9.52979905699587e-38
"F307A",0.0341382869610824,8.94148044945284e-149
"F307C",0.43839411553972,1.9914133300715e-25
"F307D",0.254069154308793,7.73943543502949e-15
"F307E",0.599698593896416,2.23723989041361e-59
"F307G",0.0679865391195459,6.52883765947957e-16
"F307H",0.472374272997386,1.88354387571297e-107
"F307I",0.217375094667481,1
"F307K",0.736795758707368,1.57840477686647e-165
"F307L",0.631707866203717,7.77426333322701e-238
"F307M",0.224534012725233,1
"F307N",0,1.16472735810423e-279
"F307P",0.0931876370653613,5.25481376248794e-29
"F307Q",0.0339371321266578,6.16264657803601e-172
"F307R",0.0307655220920827,7.38385790778643e-293
"F307S",0.0941140682838524,1
"F307T",0.129701108194234,2.16427492128938e-09
"F307V",0.130169700636825,1.72427834152864e-13
"F307W",0.071995099167782,3.55762766874613e-187
"F307Y",0.19412277617866,1
"A308C",0.504228612492666,1.00500068425609e-209
"A308D",0.402865460359051,7.25541720175546e-58
"A308E",0.476385880544349,1.38598749819272e-31
"A308F",0.192933475781488,1
"A308G",0.366747485214523,1.26439405066412e-26
"A308H",0.313796573048128,1.30365936183222e-13
"A308I",0.102261947618733,4.23279321674099e-32
"A308K",0.0999567863487945,1.41900551294684e-88
"A308L",0.134079816931745,5.73606715672044e-06
"A308M",0.0909266839976001,9.01502691588893e-06
"A308N",0.0407887971978979,1e-300
"A308P",0.0590598554937683,4.29624701336475e-47
"A308Q",0.227132221069947,1
"A308R",0,7.49263182317109e-20
"A308S",0.209914133343677,1
"A308T",0.236463213020165,1
"A308V",0.223680067227531,6.36807190956344e-05
"A308W",0.0782666962336514,2.61912419192319e-30
"A308Y",0.0876855175106043,2.387116568026e-06
"P309A",0.10338017263614,1.9661518686848e-09
"P309C",0.557217764991374,1.94686324781328e-75
"P309D",0.423025479014624,5.34322884495137e-138
"P309E",0.136281088275956,1
"P309F",0.164590385495313,1
"P309G",0.565670732337904,3.4380649946045e-133
"P309H",0.064383745014469,4.018710828353e-13
"P309I",0.398209053068942,7.40318573477779e-29
"P309K",0.770472414382571,1e-300
"P309L",0.175084657092541,1
"P309M",0.164545316007088,1
"P309N",0.0585993255352289,1
"P309Q",0,5.40725530185059e-35
"P309R",0.175288244918469,1
"P309S",0.00691274881075647,3.32974957620666e-53
"P309T",0.369353324585685,3.27274538752769e-17
"P309V",0.6309095558163,4.87772516914744e-106
"P309W",0,1.21588134104071e-77
"P309Y",0.104357139156879,2.51828288362625e-08
"S310A",0.247902877091864,0.00243050375074797
"S310C",0.902354126797744,1e-300
"S310D",0.0426176912983483,4.1115911929072e-12
"S310E",0.0184071391984861,1e-300
"S310F",0.692657867800428,7.47991891752513e-170
"S310G",0.182118834863153,1
"S310H",0.115541351624562,2.73352240890712e-14
"S310I",0.147954082168511,2.87974326706903e-14
"S310K",0.801540061840314,1e-300
"S310L",0.0367152016091351,1.04575237318193e-89
"S310M",0.129628811032476,1
"S310N",0.122525862482751,1
"S310P",0.115873631593546,1.18282537362675e-06
"S310Q",0.212023014209283,1
"S310R",0.256687611788196,0.838302224070306
"S310T",0.0203761449936105,1e-300
"S310V",0.530648562865898,1e-300
"S310W",0.625414925412832,1e-300
"S310Y",0.183723085570118,1
"A311C",0.205148695437,1
"A311D",0.0369417113940097,1e-300
"A311E",0.302177373575204,8.54159801089662e-142
"A311F",0.790959114700291,1e-300
"A311G",0.313801591154586,2.2342009545548e-55
"A311H",0.380567667137963,2.6245868549819e-63
"A311I",0.955900732389482,1e-300
"A311K",0.1444914247112,3.29577696453161e-45
"A311L",0.599844005024252,1e-300
"A311M",0.406610479646104,1e-300
"A311N",0.0842587271711094,3.25786786585227e-26
"A311P",0,3.23746207816525e-61
"A311Q",0.303757131429255,4.26711620794728e-59
"A311R",0.785924818717579,1e-300
"A311S",0.125661258285859,3.45704192788545e-27
"A311T",0.181138336029125,1
"A311V",0.511616466551769,1e-300
"A311W",0.108863691618135,1.82059329216601e-42
"A311Y",0.391408543710358,2.58668891798158e-216
"S312A",0.317856947600181,7.08425469120326e-06
"S312C",0,1.20772522607293e-281
"S312D",0.227325598232905,1
"S312E",0,6.41010060050897e-77
"S312F",0,1.06399213626809e-139
"S312G",0.252151871515079,1.03897633221793e-07
"S312H",0.0227863144393024,2.85771823950107e-122
"S312I",0.0906303127981294,4.27957141231059e-05
"S312K",0.110095702520733,1
"S312L",0.129300258746449,0.501329418368843
"S312M",0.203819919884819,1
"S312N",0,4.7187509123991e-18
"S312P",0.307247985543805,9.05749955385918e-08
"S312Q",0,7.62330598602038e-37
"S312R",0.0355147427486236,5.20310443289733e-13
"S312T",0,0.856852715100382
"S312V",0,3.83742641384166e-30
"S312W",0,2.38108934252806e-80
"S312Y",0.306183538448113,1.13562472326204e-05
"A313C",0.154489130956512,0.210619042032074
"A313D",0.706770352526417,4.50831748912375e-181
"A313E",0.48300050138128,1.10879280006165e-31
"A313F",0.428203995267205,1.27650101200108e-53
"A313G",0.124407722922389,3.08481988611198e-17
"A313H",0,1.86795886681505e-34
"A313I",0.519441164208707,1.05755372056894e-47
"A313K",0.93062243776007,1e-300
"A313L",0.150011486019254,2.17151773611886e-24
"A313M",0.142283866463087,0.0491059533986294
"A313N",0.170405326767043,1
"A313P",0.138425051781108,0.653299134528789
"A313Q",0.0448694579220073,1e-300
"A313R",0,3.11083097992264e-18
"A313S",0.245051724965503,2.98265935930227e-06
"A313T",0.282002387668994,6.77180848117203e-24
"A313V",0.499246096543995,6.70988562083379e-69
"A313W",0.0443934284357794,1.55074421733097e-05
"A313Y",0.255447528213601,1
"F314A",0.272139146173828,3.28843336917625e-12
"F314C",0.180182713019022,1
"F314D",0.368100216443371,7.33048677182679e-180
"F314E",0.061193489006951,2.65893815236243e-17
"F314G",0.223481928697566,1
"F314H",0.312676583108912,1.0195994729609e-11
"F314I",0.13035808704391,0.000227874558711003
"F314K",0.318583608051457,1.06185318009183e-24
"F314L",0.378232010272841,2.78848231832543e-45
"F314M",0.184423438553091,1
"F314N",0.122525862482751,2.73899721774182e-11
"F314P",0.260253065153085,1
"F314Q",0,1.38623985481797e-20
"F314R",0,1
"F314S",0.553335749221074,1.93480178235623e-76
"F314T",1,7.61055872158979e-282
"F314V",0.191356816286036,1
"F314W",0.142781525122591,1
"F314Y",0.693245799128297,1e-300
"F315A",0.193555347979998,1.35470734759848e-28
"F315C",0.026787846157335,1e-300
"F315D",0.287534443540781,3.63867222370787e-37
"F315E",0.181755520849439,1
"F315G",0.0620902192581865,3.41548076269287e-14
"F315H",0.540947706805273,7.81703227341329e-90
"F315I",0.38532954498983,4.79702754335683e-18
"F315K",0.25730014001916,1
"F315L",0.336138539246447,9.1881930005595e-08
"F315M",0.810723956183222,1e-300
"F315N",0.245888876376493,1.4220979958669e-16
"F315P",0.21270525588798,1
"F315Q",0.681830489608319,1.64081849229876e-157
"F315R",0.0710294854972471,1
"F315S",0.510905818067915,8.61272128723482e-55
"F315T",0.269764831821831,1.44809901577464e-27
"F315V",0,3.87447013154034e-84
"F315W",0.125392196058725,3.37530088301944e-08
"F315Y",0.546835176766755,8.63882105402082e-144
"G316A",0.154384428401866,4.87879773686315e-06
"G316C",0.468752012018749,2.40749478991149e-84
"G316D",0.935942111474539,1.44652946355368e-209
"G316E",0.259065636266622,0.00301683144769002
"G316F",0.320631633189454,1.71802049589333e-35
"G316H",0.353104872113979,3.6737005979119e-45
"G316I",0.0377408882120594,7.58213882451211e-80
"G316K",0.0921224417779002,1.49469356041704e-22
"G316L",0.693913139658993,1e-300
"G316M",1,1.14263746569501e-245
"G316N",0.137290577818741,8.45679368034328e-14
"G316P",0.0990161006338099,1.94421406586203e-17
"G316Q",0.253930410652658,0.0301324860608117
"G316R",0.53265312322789,1.94931766932378e-147
"G316S",0.334821214702931,8.58253446693269e-46
"G316T",0.864251167646773,4.74855574587442e-155
"G316V",0.289445153401282,3.95992644247289e-62
"G316W",0.290770147446313,1.86417190116673e-15
"G316Y",0.486904939800263,4.05772885277094e-37
"M317A",0.0766591806873819,2.78057846664679e-66
"M317C",0.420069199297113,9.70068650621919e-141
"M317D",0.276900049458584,0.000814986494525091
"M317E",0,2.30537459758836e-37
"M317F",0.719173540659627,7.88970521126215e-131
"M317G",0.19925650544151,1
"M317H",0.250273447042899,1
"M317I",0.0741288144861427,3.20734960689725e-56
"M317K",0,2.54532860363603e-15
"M317L",0.162839404641093,0.526527302933379
"M317N",0.0834596454592654,0.0179166390828379
"M317P",0.185111116531007,1
"M317Q",0.205734745877386,1
"M317R",0.0816839083218342,1
"M317S",0,0.000291720726482641
"M317T",0.246836525476228,0.0011700212164276
"M317V",0.084229366172008,3.0802997300734e-129
"M317W",0,5.41536083748177e-11
"M317Y",0.0337409808471628,3.90769270443848e-25
"S318A",0.0818169048180136,9.01537344553805e-30
"S318C",0.214725550817068,1
"S318D",0,2.05087929477584e-18
"S318E",0.579560793625305,5.66420435832937e-280
"S318F",0.45808158092345,5.79114532706559e-168
"S318G",0.584171726568203,3.201535116061e-184
"S318H",0.481224764243849,1.32946480779499e-43
"S318I",0.250378936377796,3.33104324248438e-08
"S318K",0.314132219225976,1.4025956178746e-16
"S318L",0.0976655425587148,1
"S318M",1,1e-300
"S318N",0.173695364950499,1
"S318P",0.099441279696146,1
"S318Q",0.252154673515227,2.08828368226055e-22
"S318R",0.402464870007254,8.78807824898069e-49
"S318T",0.545828885099076,4.06472257804373e-84
"S318V",0.0715304711763216,1e-300
"S318W",0.461334955181759,1.52776200947399e-65
"S318Y",1,2.77899697957288e-174
"R319A",0.0872209480482187,4.83117999918979e-14
"R319C",0.786072271779252,7.01210641105672e-103
"R319D",0.0038532954498983,2.80008364583082e-158
"R319E",0.975073440811883,1.9500095350607e-292
"R319F",0.128296083797759,7.2803992149118e-11
"R319G",0.181754742130822,1
"R319H",0.518836107523549,1.63982302352862e-69
"R319I",0.739901343773014,1e-300
"R319K",0.16886984611335,0.837871021280589
"R319L",0,1
"R319M",0.453089381957852,2.94309101991238e-67
"R319N",0.393462512099607,6.05346320117951e-27
"R319P",0,1.62247609387209e-09
"R319Q",0.311970603766449,3.47222976265703e-28
"R319S",0.556370451511138,1.03399273803498e-110
"R319T",0.317582319886005,3.69791972050294e-14
"R319V",0.618202617831509,1.54797223417763e-98
"R319W",0.369262502587038,5.8157420495381e-54
"R319Y",0.578890306802564,7.63888185210765e-51
"I320A",0.108984103416455,1.74069214131055e-35
"I320C",0.0703996573677356,4.97379964583876e-21
"I320D",0.0638455303822324,1.67620076237107e-14
"I320E",0.300099576225869,2.94289970230264e-34
"I320F",0.10060501744522,3.42125282524045e-38
"I320G",0.0857252215267878,4.59213214083458e-41
"I320H",0,4.81298337245131e-12
"I320K",0.230500885824414,1
"I320L",0.061785901574995,6.53317885510488e-78
"I320M",0.0766291970904284,6.50368507031585e-66
"I320N",0.183346650400069,1
"I320P",0.393434394689493,9.79189490006387e-96
"I320Q",0.385019891070936,1.69570467278484e-160
"I320R",0.401753114711969,1.52392843990617e-39
"I320S",0.235337141963689,2.66317518627554e-08
"I320T",0.790203026156874,1.98060435187342e-130
"I320V",0.0614146474795053,9.03249801636333e-112
"I320W",0.0514889017205313,1.9544774561464e-38
"I320Y",0.298323839088438,2.96927948693201e-07
"G321A",0.0662045830003651,2.88639386539459e-75
"G321C",0.287599480425213,3.03476684944357e-37
"G321D",0.470020159842323,3.35982258133476e-236
"G321E",0.210825181025087,1
"G321F",0.158040605231375,1
"G321I",0.411383379016194,1.5822461974608e-106
"G321K",0.273025221919867,5.08638886444202e-28
"G321L",0.239556507995198,1.34150400780555e-31
"G321M",0.126966424153298,6.1759322600701e-49
"G321N",0.0788099823356037,9.22800072283769e-260
"G321R",0.0750543330094916,1.00717335898712e-142
"G321S",0.099890058501464,1.0363708003727e-45
"G321T",0.146497840308169,7.83341895299134e-07
"G321V",0.22277293326695,2.85221667043183e-06
"G321W",0.848257441776445,1e-300
"G321Y",0,1.30007239132787e-12
"M322A",0.0857894806493627,3.53756976494262e-53
"M322C",0.44205611445576,5.84387414993614e-259
"M322D",0.179349450880549,1
"M322E",0.0694733691262847,2.78338297950779e-27
"M322F",0.290538630838667,1.35283703829937e-31
"M322G",0.189899694151973,1
"M322H",0.291220890538713,8.11555356677602e-07
"M322I",0.0452053177107785,2.9595305166217e-166
"M322K",0.438535190347856,3.57805686385503e-55
"M322L",0.0714520253582624,8.37898079212609e-14
"M322N",0,4.36157089096295e-40
"M322P",0.292873828747623,5.00630524471737e-21
"M322Q",0.375525827233058,3.03342469079017e-132
"M322R",0.220509033893179,1
"M322S",0.913767032276539,1.94563051332283e-318
"M322T",0.404723273925793,6.52797546654181e-69
"M322V",0.260450159424956,2.97780875606326e-05
"M322W",0.394947661563004,1e-300
"M322Y",0.487729052518183,3.65697186402377e-227
"E323A",0.0817142087713926,1.09691122736851e-145
"E323C",0.825422222465397,1e-300
"E323D",0.159164106829754,0.0115910954886498
"E323F",0.915040657071699,1e-300
"E323G",0.739129591705996,1e-300
"E323H",0.646368318024949,7.15075614464125e-77
"E323I",0.0476079191855929,8.6007127916747e-177
"E323K",1,1e-300
"E323L",0.311916269263616,1.76810679301328e-10
"E323M",0.0722049425107227,1e-300
"E323N",1,1e-300
"E323P",0.301081577456975,3.57526858185052e-41
"E323Q",0.163740035221652,1
"E323R",1,1e-300
"E323S",0.188076536564076,1
"E323T",0.113088975982416,1.59425102064981e-35
"E323V",0.369676323371481,4.47390825312856e-156
"E323W",1,1e-300
"E323Y",1,1e-300
"V324A",0.337433059787431,8.08088230319663e-21
"V324C",0.953655593891193,1e-300
"V324D",0.0544646810799319,7.31548534023514e-192
"V324E",0.0120383852640495,1e-300
"V324F",0.0198598944873391,1e-300
"V324G",0.252195150448116,6.51184321128209e-23
"V324H",0.148691871478428,1
"V324I",0.0270012602435952,5.38432285305796e-116
"V324K",0.335350189470533,9.93580140720449e-47
"V324L",0.154461203475822,1.20013263758669e-05
"V324M",0.537236842876291,1e-300
"V324N",0.213314701635008,1
"V324P",0.0391593096641662,1.6086865521635e-59
"V324Q",0.0862919063340486,8.99023075951481e-115
"V324R",0.152661612992757,5.92420534291313e-23
"V324S",0.0690885008040767,7.99860124132908e-107
"V324T",0.126869438218741,6.49202423624598e-11
"V324W",0.278901094127834,7.77029611044524e-23
"V324Y",0.0264379504197554,3.94300765459996e-118
"T325A",0.211222041351935,1
"T325C",0.973490646333597,1e-300
"T325D",0.206860437631925,0.0003582035648887
"T325E",1,1e-300
"T325F",1,1e-300
"T325G",1,1e-300
"T325H",1,1e-300
"T325I",0.0852606378928922,8.16297263510949e-142
"T325K",0.925500756692182,1e-300
"T325L",0.0314034398408321,1.17741305233506e-91
"T325M",0.22899584387967,4.81947324973383e-09
"T325N",1,1e-300
"T325P",0.419841900377065,6.17307220715614e-84
"T325Q",1,1e-300
"T325R",1,1e-300
"T325S",0.953684830090766,1e-300
"T325V",0.99023267448672,1e-300
"T325W",1,1e-300
"T325Y",0.676506940124231,1e-300
"P326A",1,1e-300
"P326C",0.912479303465931,1.82132373330969e-246
"P326D",1,1e-300
"P326E",1,1e-300
"P326F",1,1e-300
"P326G",0.641915655548065,1e-300
"P326H",0.506319714566894,1e-300
"P326I",1,1e-300
"P326K",0.873953161484887,1e-300
"P326L",0.78827887996454,1e-300
"P326M",0.400828296154028,1.11004074872383e-34
"P326N",1,1e-300
"P326Q",0.94044914386973,1e-300
"P326R",0.451066190028054,1e-300
"P326S",0.398484744742349,1.0096510558134e-162
"P326T",0.729811071458708,3.77449611788927e-180
"P326V",0.690799236463681,1e-300
"P326W",1,1e-300
"P326Y",1,1e-300
"S327A",0.108265947057775,2.80217102893041e-25
"S327C",0.235535083355322,1.03196083896399e-19
"S327D",0.392603388252481,5.24048193660244e-157
"S327E",0.703884443906345,1e-300
"S327F",1,1e-300
"S327G",0.245493596358204,1.81676309969366e-14
"S327H",0.162363061415418,2.69166332915195e-05
"S327I",0.0889998401511225,8.59251463615678e-123
"S327K",0.207797696746155,0.21317424956541
"S327L",0.226419259121623,0.000501810312471869
"S327M",0.464342009668571,7.33247265750675e-33
"S327N",0.428854041127099,6.47498881752265e-132
"S327P",0.85160741252916,1e-300
"S327Q",0.210371822081915,1
"S327R",0.338823776947516,3.57114553028855e-36
"S327T",0.17970697608968,1
"S327V",0.0332315843588493,1e-300
"S327W",0.293391724277015,1.39216451158596e-119
"S327Y",0.293862514568778,0.000232600670756819
"G328A",0.186718281413319,1
"G328C",0.846750558930143,1e-300
"G328D",0.120843967233451,7.04333990472621e-215
"G328E",0.561999311310764,1e-300
"G328F",0.223714238394757,1
"G328H",0.322248362565623,5.47127045156926e-78
"G328I",0.879942418794418,1e-300
"G328K",1,1e-300
"G328L",0.191853049785519,1
"G328M",0.664622410274022,1e-300
"G328N",0.209919712160307,0.043099197493513
"G328P",1,1e-300
"G328Q",0.85627975562159,1e-300
"G328R",0.282468186202524,1.77959109070532e-14
"G328S",0.507255080722092,1e-300
"G328T",0.192294672719446,1
"G328V",0.825859339319768,1e-300
"G328W",0,3.12378391557068e-219
"G328Y",0.801133058183,1e-300
"T329A",0.244660712783386,8.09786116682235e-23
"T329C",0.417378267492577,8.46736970909153e-92
"T329D",0.555258621904954,1.35288925764828e-117
"T329E",0.494908108236445,8.26716709579894e-120
"T329F",0.504829702920227,1.34002585930044e-245
"T329G",0.762988527069427,1e-300
"T329H",0.131943611229485,2.55179802346432e-37
"T329I",0.34359907889099,3.91939662140859e-97
"T329K",0.538140233117225,8.9564126036014e-84
"T329L",0.823142950056223,1e-300
"T329M",0.150509598407462,1.30581995203186e-08
"T329N",0.153133768173128,0.000170475497282231
"T329P",0.289056378443217,2.96026193509485e-48
"T329Q",0.12835267247827,1.33567064171959e-27
"T329R",0.405328824391547,1.24451323619064e-35
"T329S",0.251982535731497,6.87780994278646e-10
"T329V",0.10431244788018,1.56394306767818e-188
"T329W",0.866362962103492,1e-300
"T329Y",0.310537790980738,4.70054734798132e-58
"W330A",1,1e-300
"W330C",0.789948075437363,1e-300
"W330D",0.358904825662997,1.04367713194984e-51
"W330E",0.81723129397843,1e-300
"W330F",0.294055520108506,3.47776949987716e-09
"W330G",0.621422137308898,1e-300
"W330H",0.237230143669776,2.76589818576432e-176
"W330I",0.376634021683791,1.09310241348485e-60
"W330K",1,1e-300
"W330L",0.060184805122221,4.19638476802354e-271
"W330M",0.152845569444056,5.28004348248823e-16
"W330N",0.579278749301377,9.44861085363836e-176
"W330P",0.776118996274245,1e-300
"W330Q",0.370720092387825,1.00198813036354e-33
"W330R",0.807532198976944,1e-300
"W330S",1,1e-300
"W330T",0.952059833971102,1e-300
"W330V",0.700025746597417,1e-300
"W330Y",0.100222140000779,6.195435334246e-207
"L331A",0.570703466753368,1.90128165098045e-67
"L331C",0.396657433620396,4.65671959623097e-69
"L331D",0.266896952102014,3.44202062775529e-48
"L331E",0.269912044889539,1.66094859610308e-06
"L331F",0.694891043840987,9.78314886701223e-197
"L331G",0.97890629590447,1e-300
"L331H",0.94458329115188,1e-300
"L331I",0.0908010092944909,1e-300
"L331K",0.00710294854972471,2.52507114096387e-16
"L331M",0.0289560328009422,1e-300
"L331N",0.382362210759985,1.40348885735451e-17
"L331P",0.0242682783909807,1e-300
"L331Q",0.253240843611698,0.000809750550596848
"L331R",0.261086016001105,1.15832613813264e-05
"L331S",0.115422913933027,1
"L331T",0.721575404764592,8.68030465627737e-265
"L331V",0.104167867147585,7.88887342890613e-51
"L331W",0.296548101951007,1.11806273682647e-20
"L331Y",0.150552380380811,1
"T332A",0.0848392059486528,8.52706415415559e-62
"T332C",0.182645725059576,1
"T332D",0.104997330298364,6.46325304974887e-119
"T332E",0.273422359694328,4.50480938985259e-15
"T332F",0.727453242278353,1e-300
"T332G",0.43390721776739,3.49493419131721e-47
"T332H",0.032775703926578,1e-300
"T332I",0.282821661165234,2.12231822692879e-40
"T332K",0.331830900019285,1.12118361268251e-103
"T332L",0.253006886881305,6.0111999659991e-07
"T332M",0.175485521410956,0.054007664353815
"T332N",1,1e-300
"T332P",0,3.87949063916857e-176
"T332Q",0.178087212175317,1
"T332R",0.480763111672573,1e-300
"T332S",0.0692687571186109,6.50996953597332e-161
"T332V",0.232716660884936,2.82423279980229e-13
"T332W",0.444547161678188,8.36361255176935e-156
"T332Y",0.991447020025857,1e-300
"Y333A",0,6.63956446206045e-21
"Y333C",0.0279850046474591,8.62663757612317e-64
"Y333D",0.270755482588074,9.16327840597883e-14
"Y333E",0.169168534301708,0.163730447488754
"Y333F",0.584869546695008,9.51516936880516e-170
"Y333G",0.279983630337041,0.058827432624953
"Y333H",0.486680392290178,5.18548721467541e-169
"Y333I",0.221829585076702,1
"Y333K",0.32850872795879,6.63746939194882e-10
"Y333L",0.303995370262746,1.72112350765558e-20
"Y333M",0.0606506317872537,2.93603545506343e-166
"Y333N",0.986529263961739,2.71638697827254e-157
"Y333P",0.104452967567491,0.0136235744469058
"Y333Q",0.521524662037603,1.92245871510726e-213
"Y333R",0.323174759752382,1.62997839530979e-32
"Y333S",0.0146019617048778,1.94919856947858e-65
"Y333T",0.0236726709890855,1e-300
"Y333V",0.0141263284847874,1e-300
"Y333W",0.541471600176819,1e-300
"T334A",0.0963976963398285,9.34156801698272e-09
"T334C",0.178383952360872,1
"T334D",0.241036576245417,0.233486953940276
"T334E",0.0990672113708083,3.65018473108994e-24
"T334F",0.447226160128345,1.61883628456334e-204
"T334G",0.200046434026614,1
"T334H",0.340978934211596,2.3190072201679e-14
"T334I",0.129765987753311,4.07784154942143e-64
"T334K",0.192920939792144,1
"T334L",0.102710891899002,1.30553218334858e-51
"T334M",0.1136209160659,1.78665133505314e-117
"T334N",0.124929065177944,2.79946828524762e-08
"T334P",0,0.000185762291566078
"T334Q",0.180143129682456,1
"T334R",0.117675572414441,7.43968713363195e-25
"T334S",0.0369104041193735,5.36043445959061e-211
"T334V",0.359106241708994,3.74401630951122e-124
"T334W",0.609392915895198,1e-300
"T334Y",0.0918882351832984,7.28272487363367e-27
"G335A",0.129958375806287,0.00294686265467056
"G335C",0.699692354286405,5.25556119978177e-112
"G335D",0.142760883191841,1.50632755850384e-05
"G335E",0.32237950871483,9.34707913304381e-46
"G335F",0.208307337497656,1
"G335H",0.16020065441109,1
"G335I",0.111453342818928,8.12388173371742e-11
"G335K",1,1e-300
"G335L",0.736930912033939,5.94325695319087e-87
"G335M",0.76593829869549,6.49855944633303e-101
"G335N",0.392313850070127,1.86483994651877e-25
"G335P",0.348212086778564,4.36834780319877e-43
"G335Q",0,2.94941842410151e-75
"G335R",0.245180808419537,1.59468068570558e-28
"G335S",0.332922429824745,3.09207525706093e-32
"G335T",0.832481525825452,1e-300
"G335V",0.697259975667404,1e-300
"G335W",0.577179221709181,3.82244132091901e-214
"G335Y",0.931453898024373,1e-300
"A336C",0.329633804270759,2.99136647163489e-34
"A336D",0.340455497672037,1.44868193335014e-130
"A336E",1,1e-300
"A336F",0.451534786591793,1e-300
"A336G",0.0402037952150733,1e-300
"A336H",0.562107162701956,1e-300
"A336I",0.340722081510402,4.56918240521324e-50
"A336K",0.933389848869669,1e-300
"A336L",0.51543247749127,5.24436758683299e-225
"A336M",0.828350005983256,2.97522039206798e-306
"A336N",0.808634330663525,1e-300
"A336P",0.207085366573118,1
"A336Q",0.230590756282058,0.00196165438308064
"A336R",0.445353528812332,2.14718010538336e-89
"A336S",0.45829477182437,2.50276215538824e-298
"A336T",0.70303685136694,4.59735408397949e-284
"A336V",0.096544836159837,4.69639598838983e-277
"A336W",0.356304841804288,4.1097857005054e-110
"A336Y",1,1e-300
"I337A",1,1e-300
"I337C",0.435642874134006,2.74992555681855e-22
"I337D",0.364467160534566,5.92435632322041e-259
"I337E",0.0696814213150764,1.12675109322587e-163
"I337F",0.149542554258797,7.70806379251498e-09
"I337G",1,1e-300
"I337H",0.894203920797796,9.39106749345578e-211
"I337K",0.893817951614724,6.49701164326975e-268
"I337L",0.123427648991193,7.19193987206068e-09
"I337M",0.0220795489531814,1e-300
"I337N",0.534864125856056,1.42268815654782e-96
"I337P",0.422932145640299,1.19188390528453e-192
"I337Q",0.270185632297341,0.0148209806407351
"I337R",0.431163480341251,3.50020453357667e-98
"I337S",0.42262543870862,1.83794218521631e-20
"I337T",0.0660520675311209,3.28971523469686e-14
"I337V",0.145468654167012,3.97232001363738e-12
"I337W",0.296603746944132,2.0575225592692e-11
"I337Y",0.049031609431088,3.84879687026773e-70
"K338A",0.280949378214504,6.12768727324243e-25
"K338C",0.212695247275531,1
"K338D",1,1.10511813156737e-317
"K338E",0.497964707727419,5.97168623375882e-308
"K338F",0.443179019536355,6.96613192909648e-60
"K338G",0.526029349432628,1e-300
"K338H",0.195582582846243,1
"K338I",0.178293650963595,1
"K338L",0.0510316136391764,1e-300
"K338M",0.162833527465882,1
"K338N",0.106040249391187,2.00736077773109e-52
"K338P",0.186365507272814,1
"K338Q",0.365043150401645,5.02295431618895e-84
"K338R",0.194629069240827,1
"K338S",0.172394888191096,1
"K338T",0.316799001257278,8.41677304147521e-61
"K338V",0.242464798817563,3.16303355168705e-06
"K338W",0.65402074682006,1e-300
"K338Y",0.462299897993998,2.95091156280806e-253
"L339A",0.110552230685498,0.0151716275651927
"L339C",0.307555960059835,1.77095950754282e-07
"L339D",0.699281736707599,1e-300
"L339E",0.158343681565317,0.339189315916685
"L339F",0.282235628730208,1.23278670494976e-26
"L339G",0.289487002722469,2.8094853077135e-33
"L339H",0.0388852442499307,2.07793338822878e-317
"L339I",0.0520241535802249,3.05895351409114e-70
"L339K",0.393580828458471,1.77653533374849e-66
"L339M",0.0703142511093551,6.37046218987549e-162
"L339N",1,1e-300
"L339P",0.66536285369863,3.72795250003205e-242
"L339Q",0.538878576012244,1.47793444241752e-118
"L339R",0.11209358740827,4.60556429409618e-61
"L339S",0.101368863826851,1.44067819590376e-36
"L339T",0.251539103952904,0.833304534941384
"L339V",0.276654932533974,1.96761518784159e-41
"L339W",0.0351316048882931,1.00444015348142e-41
"L339Y",0.476993515596064,4.71511353843475e-70
"D340A",0.247490578701856,1.12281917441064e-26
"D340C",0.300515867253309,6.21363847904771e-76
"D340E",0.0796663022660063,6.33131365041015e-241
"D340F",0.283103560372579,2.36848030685358e-18
"D340G",0.60066137774618,1e-300
"D340H",0.416757499803266,2.36469978329763e-19
"D340I",0.543755203885801,1e-300
"D340K",0.0473604150818875,4.96131933833432e-73
"D340L",0.382250958191021,1e-300
"D340M",0.265785071067696,1.16580469828978e-06
"D340N",0.0282319968071068,5.84200205150021e-148
"D340P",0.665200477666653,7.02298003816101e-200
"D340Q",0.297152055483985,8.99148706364453e-20
"D340R",0.152266195312044,1
"D340S",0.375587250833483,1.83213291598613e-71
"D340T",0.292695836432745,8.15250776160871e-47
"D340V",0.0976655425587148,1.88551583854744e-45
"D340W",0.713634173830372,9.16135849483559e-276
"D340Y",0.69353082533631,5.66041054656797e-294
"D341A",0.374033355578131,4.31558399340922e-119
"D341C",0.593816717761363,1e-300
"D341E",0.0567606783386531,2.78026706555903e-170
"D341F",1,1e-300
"D341G",0.576725301316415,1e-300
"D341H",0.110170661250856,1.40102143816186e-215
"D341I",0.813116441772424,1e-300
"D341K",0.329997872355049,1.99128135886049e-154
"D341L",0.304637004980195,2.69270316031628e-129
"D341M",0.298472433162805,4.18332809630307e-102
"D341N",0.624454431978883,1e-300
"D341Q",0.329408041138777,1.54075500323432e-40
"D341R",0.993651368679305,1e-300
"D341S",0.104007267614445,4.08893627563351e-138
"D341T",0.466397410527582,2.27321437447156e-208
"D341V",0.368036077824884,1e-300
"D341W",0.782289124206345,1e-300
"D341Y",0.510727799675711,1e-300
"K342A",0.22192602525531,1
"K342C",0.337120363782988,8.11647238359647e-38
"K342D",0.125030615502635,9.38802571935128e-32
"K342E",0.0328334731002186,1e-300
"K342F",0.465816080860096,1.23898357423547e-28
"K342G",0.294634732306052,2.87504904056887e-125
"K342H",0.334228847058757,2.23717349614905e-83
"K342I",0.048238347564126,1e-300
"K342L",0.165636814097053,1
"K342M",0.135985039960886,2.91476459930935e-07
"K342N",0.0709297494438961,1.8123248902031e-81
"K342P",0.199104526534471,1
"K342Q",0.234970930852459,0.209554973356379
"K342R",0.147483546372367,3.68386036907664e-06
"K342S",0.286800318700816,1.28824072520902e-15
"K342T",0.138120318590616,1.42856842250579e-14
"K342V",0.192254623415147,1
"K342W",0.43899315440768,6.78662106183864e-125
"K342Y",0.140910788208012,2.97733687243532e-29
"D343A",0.276055487553268,0.000700818368090291
"D343C",0.46255250876979,4.24111673992198e-138
"D343E",0.175236772866059,1
"D343F",0.122525862482751,1
"D343G",0.0494129149234468,9.763503040137e-153
"D343H",0.0510514371874785,6.43242226991412e-57
"D343I",0.190003873705136,1.56818722263619e-20
"D343K",0.334994875787017,3.61272802740782e-39
"D343L",0.0337390056111924,0.266713576266975
"D343M",0.142706238949596,0.198787454608928
"D343N",0.203732070501802,1
"D343P",0.0060746325780698,8.73372534623807e-181
"D343Q",0.241265296608661,3.1335648867613e-11
"D343R",0.00767948105013309,5.22627749020247e-154
"D343S",0.212825622416062,1
"D343T",0.219015710947727,1
"D343V",0.0140900881557039,7.77255993466424e-37
"D343W",0.162036013790595,1
"D343Y",0.119773721084816,8.63817227678454e-14
"P344A",0.157770751012389,1
"P344C",0.391282459119915,1e-300
"P344D",0.149387144549376,1.93816062224404e-30
"P344E",0.228226420595245,0.0524178000118814
"P344F",0.193243104437503,1
"P344G",0.2097770953104,0.809513565882405
"P344H",0.0684659213199697,1.04665032125596e-56
"P344I",0.099844619814618,4.01131746996903e-206
"P344K",0.0871362498402526,8.78000988504412e-65
"P344L",0.441316320779816,8.4661809489389e-105
"P344M",0.236723816765835,1.26690844532725e-20
"P344N",0.148608933129768,1.65986141516138e-17
"P344Q",0.0189268957284813,1e-300
"P344R",0.0176929973853756,2.87777256267899e-153
"P344S",0.193189782550193,1
"P344T",0.125071548144616,2.05755696617125e-77
"P344V",0.13794531325908,1.41065173522711e-20
"P344W",0.632709424887948,1e-300
"P344Y",0.270455468017981,8.80659723401291e-28
"N345A",0.0265493311115774,1e-300
"N345C",0.141364309705682,0.00376537746883405
"N345D",0.561509152368092,1e-300
"N345E",0.25887640709193,2.65731147018939e-25
"N345F",0.129658232006383,4.1008876982626e-12
"N345G",0.0861883163429669,2.1810678575014e-62
"N345H",0.165224043754811,1
"N345I",0.272842366110902,2.91364221679728e-14
"N345K",0.0842587271711094,1.72848166212125e-66
"N345L",0.128263644042187,9.24060145428511e-05
"N345M",0.504309347030454,5.47109400579846e-126
"N345P",0.114577767073684,3.38793194741327e-05
"N345Q",0.0294950748278696,3.57405339370003e-121
"N345R",0.220273589622381,1
"N345S",0.26194422954749,0.0161895263477603
"N345T",0.104281445095679,5.78089424895005e-103
"N345V",0.156148724314547,1.20197787009221e-08
"N345W",0.202918882769232,1
"N345Y",0.0621507998100912,0.15392086300484
"F346A",0.194402302668325,1
"F346C",0.626440971986155,6.54147015362514e-217
"F346D",0.171589242317279,1
"F346E",0.283538126159695,2.50053828945267e-07
"F346G",0.124301599620182,1
"F346H",0.274995845858712,1.50149990512763e-20
"F346I",0.519312490154312,2.77654969838836e-206
"F346K",0.415543265244649,7.09266439916046e-189
"F346L",0.261130004937503,4.33995153039055e-13
"F346M",0.117536901135688,3.41328746150915e-19
"F346N",0.591851959021979,9.66508557960635e-64
"F346P",0.108831029244412,1.37087636466959e-18
"F346Q",0.329383256405062,1.3890044189263e-20
"F346R",0.527517244896048,1.29886026232508e-117
"F346S",0.153163971486216,1.9042440761887e-09
"F346T",0.323331799103389,1.34769257510734e-22
"F346V",0.27427633286593,3.49498446233902e-86
"F346W",0.053140447249961,4.42626472490282e-149
"F346Y",0.296694346773819,3.14527024078669e-13
"K347A",0.148597118015641,6.7744359297069e-07
"K347C",0.172428107760848,0.0149793806165858
"K347D",0.0611191882179829,1e-300
"K347E",0.0163612312048075,1e-300
"K347F",0.243085821552134,2.60616495659768e-13
"K347G",0.183664368231367,1
"K347H",0,1.11155064282252e-91
"K347I",0.639021019091817,3.91883522278022e-192
"K347L",0.264872312992246,1.05409525534977e-36
"K347M",0.082325055209663,1e-300
"K347N",0.0405299949330446,1e-300
"K347P",0.0466543321440413,1.99841313153126e-201
"K347Q",0.0409151623212663,4.21169663309438e-263
"K347R",0.0916124202153568,1.83622735829954e-70
"K347S",0.442297921937545,4.23608497294216e-216
"K347T",0.0158419801926727,5.3196791813547e-137
"K347V",0.201756859231251,1
"K347W",0.386664930147332,3.77029467971628e-140
"K347Y",0.363577247690774,1.73594859563209e-61
"D348A",0.159692350748237,1
"D348C",0.260829318789625,4.07724984181245e-15
"D348E",0.0754203257411762,6.20874083069097e-109
"D348F",0.191779610842567,1
"D348G",0.0220159900027737,8.78121574043552e-292
"D348H",0.329482720484567,1.04020278301765e-39
"D348I",1,1e-300
"D348K",0.0552025180552215,4.01160838377431e-79
"D348L",0.54666937591607,1e-300
"D348M",0.094432729584699,3.39034818733333e-11
"D348N",0.024369195774806,1e-300
"D348P",0.235299777460345,0.381113645128288
"D348Q",0.281265021895318,2.69695740736414e-29
"D348R",0.0949585011930273,4.29953062342868e-45
"D348S",0.0510465109949478,2.19683492421087e-71
"D348T",1,1e-300
"D348V",0.19414572080736,1
"D348W",0.00283487306370088,1.1874578381261e-146
"D348Y",0.131670936855423,3.31467091191905e-07
"Q349A",0.111739842496605,4.90272196331903e-21
"Q349C",0.145610445269357,1
"Q349D",0.0627050609580172,2.0269827627409e-76
"Q349E",0.143292529766482,5.12678077026765e-26
"Q349F",0.0178274164426326,8.70035050793621e-248
"Q349G",0.250589221038808,2.92527106671801e-12
"Q349H",0.031013190045242,1e-300
"Q349I",0.207898731250327,1
"Q349K",0.0727582323761669,2.57905433007276e-13
"Q349L",0.0775561203150724,1.78098158777773e-180
"Q349M",0.0236957923675106,1e-300
"Q349N",0.342269007449025,3.28078618882996e-33
"Q349P",0.1651435537811,1
"Q349R",0.0740579127436143,4.71806660967885e-27
"Q349S",0.0658603263314269,1e-300
"Q349T",0.167992310914162,1
"Q349V",0.200583802539012,1
"Q349W",0.159234481150472,6.36747833187688e-05
"Q349Y",0.0969077370612033,3.98076023425527e-08
"V350A",0.0751076768840832,1.98902470079894e-79
"V350C",0.624478023309497,1e-300
"V350D",0.0527227261557347,3.03945201000136e-16
"V350E",0.169160447278205,1.2307371173182e-06
"V350F",0.273763864469265,7.38622114889478e-44
"V350G",0.0942859646852556,9.4218986450754e-08
"V350H",0.444184735144808,2.13673899677864e-89
"V350I",0.109539620049499,1.7785942494937e-13
"V350K",0.137099442957806,1.96902332847076e-40
"V350L",0.498814192385007,1e-300
"V350M",0.0847063624196686,2.14589363533242e-25
"V350N",0.345269505337559,1.48303002236058e-36
"V350P",0,0.00349523780078388
"V350Q",0.162435508492648,1.84222044218668e-10
"V350R",0.1488701021059,1.01328350183201e-06
"V350S",0.406619988254768,9.06332526561914e-160
"V350T",0.143740323739795,1.18929593259889e-18
"V350W",0.45664403965389,4.34690834818675e-114
"V350Y",0.142662721621221,0.522407748949244
"I351A",0.0622303017668978,1.16478073488099e-80
"I351C",0.392238902348268,1.83476416616205e-71
"I351D",0.158881886206633,0.00201399745505568
"I351E",0,1e-300
"I351F",0.105778637843495,2.09469099645774e-32
"I351G",0.171108448161525,0.0146239473138049
"I351H",0.29807456802346,4.50007109461247e-50
"I351K",0.197062247628758,1
"I351L",0.592618338334775,4.20126171694278e-153
"I351M",0.288012928018108,3.44400753836315e-13
"I351N",0.191055225490413,1
"I351P",0.407488030452247,2.19136222771462e-74
"I351Q",0.0553906942019138,2.12475573215446e-206
"I351R",0.092650148305849,1.83685635233828e-62
"I351S",0.0833476139165939,1.53628742935883e-74
"I351T",0.0389272808093054,2.51496026995607e-166
"I351V",0.182148507841985,1
"I351W",0.198295597274065,1
"I351Y",0.1440097284559,9.53734148681632e-08
"L352A",0.0816839083218342,1
"L352C",0.420123839960668,8.97986537374961e-73
"L352D",0.275733552878954,2.59757906001835e-13
"L352E",0.319504569474341,9.60485793581943e-22
"L352F",0.205142205091886,1
"L352G",0.145051366591428,1
"L352H",0.037734573859004,4.8622505280787e-77
"L352I",0.184290327077025,1
"L352K",0.318215700585307,4.45823546234307e-08
"L352M",0.114769355255508,2.53454456589335e-73
"L352N",0.301450807275194,6.22723110058027e-09
"L352P",0.526947212245653,2.63216316886708e-52
"L352Q",0.183167412409271,1
"L352R",0.814410719859662,1e-300
"L352S",0.0480350707312759,2.21241129717334e-131
"L352T",0.339725806158964,9.81220157885014e-40
"L352V",0.23640937839376,3.08289272467296e-06
"L352W",0.376028011128167,6.63967271394753e-78
"L352Y",0.539824089779078,1.36371510825551e-80
"L353A",0.457503997945611,2.16295672190699e-44
"L353C",0.454615350297222,6.61815644113088e-93
"L353D",0.541794320085736,1.20350096681854e-165
"L353E",0.117702056630957,2.47448600375632e-07
"L353F",0.150581317847728,9.58358859393311e-11
"L353G",0.0455960278773535,1.08181482607318e-58
"L353H",0.261712713182991,1.43775697296457e-10
"L353I",0.271607644892545,2.18008875110356e-23
"L353K",0.10476849110844,1
"L353M",0.103415739974074,2.42662203159408e-43
"L353N",0.189696411081431,1
"L353P",0.131238709734771,5.82019472790547e-15
"L353Q",0.043283592724885,6.92630980360814e-24
"L353R",0.0582691607918336,1.39899770714054e-116
"L353S",0.459342005007832,2.15357864411258e-51
"L353T",0.417298227296327,2.26698349776945e-34
"L353V",0.367762042989531,2.68019181991409e-161
"L353W",0.256693593788005,2.25985991230752e-05
"L353Y",0.0452823573570851,6.75589689661086e-29
"N354A",0.0448626205301338,7.98197945153045e-293
"N354C",0.0812469854684014,4.97284192246729e-86
"N354D",0.0332737484124584,1e-300
"N354E",0.0341077306389798,1.08673876376657e-58
"N354F",0.277031740815052,1.54024704676304e-24
"N354G",0.0202285676627183,1e-300
"N354H",0.290335731309352,2.34640924332499e-80
"N354I",0.445024894568185,1e-300
"N354K",0.0537299874269819,2.65143011438668e-118
"N354L",0.663459149693386,1e-300
"N354M",0.0990335335561901,1.02608437946977e-97
"N354P",0,6.68290793707723e-27
"N354Q",0.0779025030422861,6.30570505483268e-55
"N354R",0.101925879642471,3.69578999849715e-27
"N354S",0.17694332705933,1
"N354T",0.025519728395081,1e-300
"N354V",0.503044705705563,1e-300
"N354W",1,1e-300
"N354Y",0.578740415581477,1e-300
"K355A",0.397297999126684,1.97985397797682e-123
"K355C",0.289006339216695,8.96708519137462e-119
"K355D",0.331945513953733,9.11549047347813e-120
"K355E",0.0749894216356022,1.88489169454645e-220
"K355F",0.0834461430069963,2.49124340963973e-13
"K355G",0.0859711608630979,2.59195924770483e-24
"K355H",0.172338474428251,1
"K355I",0.996094907942781,1e-300
"K355L",0.594725788810102,6.00230014441891e-271
"K355M",0.210055306586371,0.0243176259516296
"K355N",0.361311019328361,1.62074487089856e-108
"K355P",0,4.1595229514744e-15
"K355Q",0.238958165836685,0.0785177636514816
"K355R",0.46089789562998,4.08163231844021e-60
"K355S",0.195830680886982,1
"K355T",0.0370677256912566,1e-300
"K355V",0.511008846207516,1e-300
"K355W",0.655153584950039,1e-300
"K355Y",0.396094764178206,1.42874399386825e-76
"H356A",0.367577587448254,1.69787838455909e-31
"H356C",0.55048561854419,2.9341906172139e-73
"H356D",0.0852353825966966,0.287070719117297
"H356E",0.0930249920898523,1.32627684603794e-14
"H356F",0.22968720584703,1
"H356G",0.153583379838578,0.825298711387957
"H356I",0.79716521092066,1e-300
"H356K",0.0957216956642337,4.9337535261426e-29
"H356L",0.455491554462892,1.42578103832341e-75
"H356M",0.246869924049331,5.80423385474565e-18
"H356N",0.360654891285515,7.14637496263539e-26
"H356P",0.175788512016883,1
"H356Q",0.308827282932673,1.68898252083057e-135
"H356R",0.200658296529723,0.466235676736315
"H356S",0.0486482258493703,1.7835113293649e-58
"H356T",0.0808665713683904,8.57983088286711e-15
"H356V",0.389583362189,9.37833454679027e-24
"H356W",1,1e-300
"H356Y",0.159816342368806,1
"I357A",0.10479269091597,6.07352512544293e-13
"I357C",0.12196710815818,2.33526150727573e-18
"I357D",0.03704843531393,3.35184817438997e-170
"I357E",0,1
"I357F",0.120867005328097,5.16013369628618e-05
"I357G",0.0923383311464213,1
"I357H",0.372099099494775,1.31710431860703e-29
"I357K",0.566510183994484,5.61580731934198e-50
"I357L",0.509486407061607,2.0092499595863e-234
"I357M",0.191910160230621,1
"I357N",0.0602462809190772,7.00898328204027e-53
"I357P",0.158123333142633,1
"I357Q",0.232409866194791,0.575426503963656
"I357R",0.0631282867463046,1.17197993220452e-14
"I357S",0.29726066933345,1.53908977985376e-57
"I357T",0.177472803932942,1
"I357V",0.118608533284026,5.98585895182309e-43
"I357W",0.597899725156413,8.9835053085195e-256
"I357Y",0.239724513553209,2.09512766143824e-24
"D358A",0.419037108614757,6.61916845017289e-53
"D358C",0.33206284469963,7.19901001715738e-15
"D358E",0.273950006735084,6.92600064149734e-09
"D358F",0.154489130956512,1
"D358G",0.177573713743118,1
"D358H",0.342717267524217,7.93850203257396e-40
"D358I",0.271700601519674,0.0658449164562974
"D358K",0.337678105075057,5.54543717830208e-21
"D358L",0.129526094066523,0.000888279212665714
"D358M",0.3854487629706,1.36257400471887e-58
"D358N",0.130468647838647,3.02167284747976e-27
"D358P",0,1
"D358Q",0.118376735902647,1.18466252906911e-07
"D358R",0.498982135618161,1.06222254732705e-36
"D358S",0,3.9861069123457e-34
"D358T",0.190003873705136,1
"D358V",0.0854063054353571,6.27365316730874e-19
"D358W",0.00355147427486236,2.65926820230611e-12
"D358Y",0.0137499540076347,3.98471604571521e-299
"A359C",0.270770028412048,1.52402427973311e-17
"A359D",0.392414636623514,2.15667370611025e-27
"A359E",0.101217016833577,1
"A359F",0.118312174414385,1.34284372052659e-12
"A359G",0.121791445864364,1.94375768042246e-11
"A359H",0.532721141229353,2.22792080236673e-45
"A359I",0.149804066144262,1
"A359K",0.768297722726327,1e-300
"A359L",0.850578088829534,1.21177925151623e-181
"A359M",0.229485151238387,1
"A359N",0.312539910797541,9.57633377496106e-06
"A359P",0,0.0126953213077208
"A359Q",0.076288911242083,2.81447016213499e-100
"A359R",0.246147265067934,0.0017563824999481
"A359S",0.245491565331388,7.27375769739351e-21
"A359T",0.370627350159575,3.70218143242997e-45
"A359V",0,5.02301162060811e-63
"A359W",0.146231389093625,1.7986546618285e-16
"A359Y",0.0797640843242658,2.73047927986827e-31
"Y360A",0.199299535865063,1
"Y360C",0.287856479787142,9.1427575603641e-21
"Y360D",0.115422913933027,1.67621278916493e-11
"Y360E",0.0334275806787147,5.35616985414178e-22
"Y360F",0.117709757433797,4.16201377654839e-17
"Y360G",0.384839685818426,2.99941597812625e-106
"Y360H",0.622912733014987,7.74507057981726e-94
"Y360I",0.0404441890421325,8.23655822305646e-18
"Y360K",0.359585329608423,3.30123200483143e-78
"Y360L",0.776675202875629,1.38811717225837e-255
"Y360M",0.191011234789443,1
"Y360N",0.423721841249527,2.32224159689785e-61
"Y360P",0.276552993783761,2.54219178034667e-05
"Y360Q",0.287108288423794,5.26705330247743e-11
"Y360R",0.262498342340764,1.22824239180235e-09
"Y360S",0.0981293284498915,1.55828933700179e-14
"Y360T",0,4.96928606135756e-22
"Y360V",0.161592079506237,3.67872535450772e-08
"Y360W",0.0783157807772966,6.46541481345023e-279
"K361A",0.057153172122361,1.65293478135677e-32
"K361C",0.64494037168972,4.24000520073321e-160
"K361D",0.245230623856214,1
"K361E",0.222018859076139,0.0329963864483082
"K361F",0.664855913390452,1e-300
"K361G",0.208774208217024,1
"K361H",0.0994414166706243,1.0575663201877e-49
"K361I",0.352729261230248,1.48000980606516e-101
"K361L",0.280660654921009,9.82604268818997e-33
"K361M",0.0218632324827501,4.23802685691486e-101
"K361N",0.174806799509766,1
"K361P",0.172488030836818,1
"K361Q",0.0340790172290949,3.02162866002702e-271
"K361R",0.13810012172928,2.12494876766699e-12
"K361S",0.223845506873223,0.64985162298864
"K361T",0,1.46915071530419e-111
"K361V",0.20832938328441,1
"K361W",0.453997722341923,6.34152594789699e-76
"K361Y",0.0949351389652888,1.15179780934778e-109
"T362A",0.145564048939238,1.34792967904158e-06
"T362C",0.0934982275319348,5.04695866077332e-26
"T362D",0.0585993255352289,4.94192784614464e-06
"T362E",0.0904018655232698,8.90344758135862e-34
"T362F",0.0512807395643232,1e-300
"T362G",0.0863856464977588,8.88738288907273e-26
"T362H",0.108101343638895,1.10667910258496e-14
"T362I",0.122222379885146,5.74671551573367e-23
"T362K",0.0951645335333995,8.89396336670406e-59
"T362L",0.131860014432507,5.12847735438867e-12
"T362M",0.238278581673565,2.87825766490912e-33
"T362N",0.173270356481824,1
"T362P",0.0886714865980548,1.32465546651939e-18
"T362Q",0.207877691308729,1
"T362R",0.130289517822376,4.67769542088391e-20
"T362S",0.112496340784553,2.05065423024771e-32
"T362V",0.0782331129403821,7.93590368313961e-97
"T362W",0.203635418778224,1
"T362Y",0.138272130363335,2.90493127788666e-12
"F363A",0.0612653222698372,2.73735618680739e-59
"F363C",0.246070556704129,9.93468856632176e-51
"F363D",0.129029156299673,8.14787374800751e-40
"F363E",0,2.88090671816202e-154
"F363G",0.115908676196438,6.72004636292925e-10
"F363H",0.0309905411315381,1e-300
"F363I",0.0815975133078324,8.60367122538109e-24
"F363K",0.0647695201938583,2.57677820176831e-134
"F363L",0.0720029123098571,9.86278562646774e-10
"F363M",0.00899955202603657,1e-300
"F363N",0.235097986578705,0.00948536385781574
"F363P",0.0643871004753758,1.67124595942321e-55
"F363Q",0.0385221371466071,2.49144833004476e-278
"F363R",0.0811666637886834,7.9766110802103e-42
"F363S",0.0104153713934351,1e-300
"F363T",0.0157081892563589,1e-300
"F363V",0.0528050406400325,2.15365732780731e-315
"F363W",0.130421753227621,9.98262190707046e-22
"F363Y",0.777209692244486,1e-300
"P364A",0.0729737201718553,1.65629154263485e-28
"P364C",0.230787743006418,1
"P364D",0.417115071558148,3.39132535338795e-179
"P364E",0.064565753606708,1e-300
"P364F",0.103253169967054,1.97794576531897e-09
"P364G",0.261555017749201,1.0763240816254e-07
"P364H",0.0883575350468959,1.97450519523926e-69
"P364I",0.19346393680883,1
"P364K",0.141731931083391,3.63537610123673e-16
"P364L",0.036897067563796,7.50406646922128e-232
"P364M",0.104744541515141,4.23798583035846e-46
"P364N",0.0628120233278502,1e-300
"P364Q",0.103609761508905,4.51248230595989e-09
"P364R",0.331236723944991,4.48697399663043e-32
"P364S",0.218193019184142,1
"P364T",0.103869000554719,2.24083586099932e-72
"P364V",0.0847076659866593,1.19504202887646e-78
"P364W",0.154365802262832,1.98043710853552e-05
"P364Y",0.247577063186413,1
"P365A",0.208596014415264,1
"P365C",1,1.78331528809565e-294
"P365D",0.0689005310813921,4.08720121263921e-45
"P365E",0.351056004909116,7.18505157170627e-200
"P365F",0.196742894149256,1
"P365G",0.0357211972847715,8.36157464784106e-113
"P365H",0.187158618765614,1
"P365I",0.165208849018209,0.000238100422723822
"P365K",0.505689716503298,2.22405896014267e-278
"P365L",0.161872967599315,0.00131461338498709
"P365M",0,1.7125503109472e-41
"P365N",0.158632214554151,0.00329049318658397
"P365Q",0.170316793876801,1
"P365R",0.0276602115458702,1e-300
"P365S",0.0468517194331853,6.2802934204096e-25
"P365T",0.107749725935142,3.89585772124557e-36
"P365V",0.103897770215944,2.11141275802494e-19
"P365W",0.228169204338282,1.48500523632555e-08
"P365Y",0.220227807084001,1
"T366A",0.228028107307876,1
"T366C",0.158232222590949,1.11179550697005e-10
"T366D",0.0388753525909083,1.69105048034106e-38
"T366E",0.124100209793982,8.5150964120846e-05
"T366F",0.0488194341978531,8.81939323907927e-74
"T366G",0.703963622749498,1e-300
"T366H",0.153583379838578,0.825298711387957
"T366I",0.0884342090411298,3.82809595369333e-61
"T366K",0.151559084426491,5.51322594665505e-06
"T366L",0.142730364817293,1.08720385952756e-18
"T366M",0.0369821415458411,5.27128497500612e-54
"T366N",0.182982757978398,1
"T366P",0.0475590181586695,1e-300
"T366Q",0.0486878266036268,1.79195595695189e-233
"T366R",0.177968910612009,1
"T366S",0.0815407037139768,2.41891587641788e-32
"T366V",0.134721371465895,0.0201436894585445
"T366W",0.0335263704209369,3.93679417583604e-59
"T366Y",0.0525277052338977,3.06319572305364e-23
"E367A",0,1.27531841329626e-06
"E367C",0.726126416503732,9.05707975873566e-287
"E367D",0.184219750635982,1
"E367F",0.0701886766187196,1e-300
"E367G",0.209667065286249,1
"E367I",0.23606504756219,1
"E367K",0.582881918555405,4.94214911074623e-109
"E367M",0.268367363312707,6.18222893905748e-14
"E367N",0.19890798596895,1
"E367Q",0,1
"E367R",0.146586903828299,3.42210042427971e-07
"E367S",0.149063866868117,0.16912956104426
"E367T",0,2.10794247748303e-162
"E367V",0.159946072760052,7.04418171730227e-09
"E367W",0.203115883444413,1
"E367Y",0.128176601474919,2.29510267161565e-09
"P368A",0.122448169676292,3.76528246455034e-30
"P368C",0.41368384735364,1.0869543123637e-88
"P368D",0.257086615790048,1
"P368E",0.0880664303176957,2.14170376178526e-39
"P368F",0.200002430851636,1
"P368G",0.169250138926315,1
"P368H",0.0650559927572463,6.54774928810465e-46
"P368I",0,1
"P368K",0.0974634530710594,3.74980256213756e-28
"P368L",0,1
"P368M",0.0407486250507763,3.45450710747926e-99
"P368N",0.083742506242219,9.51201710175715e-49
"P368Q",0.0802167956093957,1.35120895205335e-48
"P368R",0.263455817034354,2.27171778728674e-23
"P368S",0.357878677713194,1.49573541506186e-25
"P368T",0.0931136529951588,3.34954700245587e-32
"P368V",0.0419238544948934,6.59949537420912e-52
"P368W",0.152307001546086,1
"P368Y",0.116268431019759,1.69579168016061e-18
"K369A",0.243170686615822,0.0100872472064966
"K369C",0.245578199795193,1
"K369D",0.0673915779476423,2.48956041466107e-158
"K369E",0.144510486959103,1
"K369F",0.452738545013569,1e-300
"K369G",0.246827462102934,2.05591418315362e-07
"K369H",0.115422913933027,0.832286388703367
"K369I",0.0588806923351739,3.29835147391557e-33
"K369L",0.102943085780769,1.80993691335874e-30
"K369M",0.0715923825636877,3.39580723446922e-25
"K369N",0.135342515783352,8.2679020894852e-29
"K369P",0.361387894744712,1.27052690949358e-66
"K369Q",0.205409645247774,1
"K369R",0.161592079506237,0.0312991294073698
"K369S",0.0363527605407269,6.77204543009804e-72
"K369T",0.0124301599620182,1.83412896137193e-24
"K369V",0.140611830873974,0.894238254018502
"K369W",0.173766655390473,1
"K369Y",0.112232624591918,0.000124948908618343
"K370A",0.00949840043262858,7.75389507929161e-203
"K370C",0.0819361282598078,6.53906364685319e-45
"K370D",0.0141470259052233,1.50308160210668e-229
"K370E",0.267126676086246,0.00110303916531466
"K370F",0.106847510083699,5.26508570202053e-15
"K370G",0,4.99623827452094e-37
"K370H",0.0271969822748723,1e-300
"K370I",0,4.07301655417949e-167
"K370L",0.146060156938987,0.000527733384169845
"K370M",0.0673136401558714,5.37582874258821e-36
"K370N",0.0708231051825572,4.98928826057412e-149
"K370P",0.0162389940584176,1e-300
"K370Q",0.0784780589587623,1.43713270294577e-57
"K370R",0.167688305007993,1
"K370S",0,1e-300
"K370T",0.176207217794448,1
"K370V",0.0161540134000417,9.11632202337508e-233
"K370W",0.0657040892368172,1.78386520978693e-84
"K370Y",0.0568325426607501,4.08739877621846e-106
"D371A",0.421354411048255,2.51101859464454e-205
"D371C",0.540573731162947,1.64856898024069e-248
"D371E",0.0444110312458942,4.909392776306e-76
"D371F",0.120597496670501,3.37540134041932e-21
"D371G",0.257481884927521,1
"D371H",0.27340048668326,3.48396023324887e-14
"D371I",0.275393614537006,2.78398405069676e-19
"D371K",0.321991725699024,3.72360719189624e-42
"D371L",0.164128469569377,0.256258493940819
"D371M",0.165948464381752,0.216580211348409
"D371N",0.281253053144176,4.5505648547078e-18
"D371P",0.116713044412283,1.82752995630601e-53
"D371Q",0.134821241273574,3.25674958435057e-10
"D371R",0.296927754550989,3.78929940153833e-26
"D371S",0.649377440614639,1e-300
"D371T",0.203833379773229,1
"D371V",0.422700627960026,2.22585567750587e-61
"D371W",0.127853073895045,2.21349182226807e-15
"D371Y",0.256981989383967,5.9792145657071e-09
"K372A",0.0839579182509524,3.2832208856211e-88
"K372C",0.280142725187737,4.83141815375792e-58
"K372D",0.552656916894795,4.05281672425811e-293
"K372E",0.0714057009924656,5.89988008957677e-35
"K372F",0.221851435902655,0.103415641827766
"K372G",0.336800204709031,7.144562838193e-27
"K372H",0.0389673652597625,2.22832391411488e-87
"K372I",0.0903681212862351,1.88301782527024e-17
"K372L",0.0298285022033396,4.65515242759411e-253
"K372M",0,6.53389843379102e-165
"K372N",0.141783679482685,4.5690843176321e-09
"K372P",0.0209878033920738,1.07273423719432e-209
"K372Q",0.0179092436294868,2.63728953445475e-139
"K372R",0.142733362967453,4.75475674108041e-05
"K372S",0.195679392570153,1
"K372T",0.0604113971205531,5.12932210786685e-112
"K372V",0.210468303675292,1
"K372W",0,3.28619116564899e-81
"K372Y",0.137555207025977,4.03269881216777e-10
"K373A",0.366933166712896,1.78460040234126e-55
"K373C",0.344912163171663,1.02363417471939e-91
"K373D",0.118800812006659,0.00195556889259306
"K373E",0.089505607617662,4.74847277195757e-31
"K373F",0.0186644604574365,2.39122697173976e-238
"K373G",0.0177573713743118,8.47165224527829e-16
"K373H",0.0826669207679721,3.42436380268547e-147
"K373I",0.0224478309740038,1.23666692026451e-137
"K373L",0,5.3838285245414e-179
"K373M",0.129604554144184,0.0787800834479669
"K373N",0,1e-300
"K373P",0.0820116369441917,1.41847706422786e-68
"K373Q",0.163756113553539,1
"K373R",0.125965564753299,1.48095745282971e-15
"K373S",0.222501400754878,1
"K373T",0.00231268235602313,4.95641222687301e-121
"K373V",0.0847543667427041,1.56202484134284e-26
"K373W",0.0310523026737752,1.29441903018528e-309
"K373Y",0,7.59556829697788e-35
"K374A",0.034602708978902,6.02705913955525e-279
"K374C",0.217963484059339,0.599366738284287
"K374D",0.0207438998365422,1e-300
"K374E",0,1.26358883217524e-55
"K374F",0.217772291684315,1
"K374G",0.0977261314101866,9.98126823008562e-14
"K374H",0.0691517331581075,2.96109388603444e-16
"K374I",0.0318839784956267,4.97848597694774e-29
"K374L",0.137151911672754,1
"K374M",0.53790169577985,2.34296586355724e-78
"K374N",0.162618197953564,0.000531651760572111
"K374P",0.163557652948958,1
"K374Q",0.0216985276728258,1e-300
"K374R",0.141540886378716,4.16650949372745e-05
"K374S",0.555365533087528,2.02842278652819e-205
"K374T",0.0598581978916613,5.68572528153785e-36
"K374V",0.0406662396203771,1.00922263931195e-103
"K374W",0.0333451890107888,1e-300
"K374Y",0.12779153117406,1.45842753161672e-48
"K375A",0.175983417509279,1
"K375C",0.82014723268786,1e-300
"K375D",0.146388271846524,0.0580085898799975
"K375E",0.195329075656499,1
"K375F",0.0113863144825823,1.98937647443468e-291
"K375G",0.0432260884903851,1e-300
"K375H",0.336599565331275,2.27921805887969e-26
"K375I",0.109878188575789,2.70731399104719e-11
"K375L",0,1.51032157433273e-135
"K375M",0.270632335615815,7.73874358567044e-08
"K375N",0.0855436419577171,4.37583128293119e-51
"K375P",0.0578761498686609,7.63391674654196e-146
"K375Q",0.0258163950923914,2.67890151144887e-37
"K375R",0.0499047918249472,3.27826216047168e-152
"K375S",0.0120226483478396,3.69276869257773e-113
"K375T",0.302392726425759,2.24821028973129e-13
"K375V",0.173447245679659,1
"K375W",0,7.4208645874948e-61
"K375Y",0.230788056645755,0.431991955757803
"A376C",0.14647008345877,1.51526254783712e-16
"A376D",0.250022628337802,0.00168097846034966
"A376E",0.142094730508246,1.13717617298721e-25
"A376F",0.243896315654327,1.69624503135475e-06
"A376G",0.0714353222321824,8.50785399303671e-56
"A376H",0.14485308715284,1.68668962796209e-09
"A376I",0.302368859508907,8.92347616407065e-18
"A376K",0.0952159669056164,6.0247273493999e-56
"A376L",0.0527152769178355,6.42884287661809e-19
"A376M",0.0722097010337105,4.88353560333514e-42
"A376N",0.0589211383954555,8.35382939506886e-52
"A376P",0.104294189983784,3.20587235968093e-17
"A376Q",0.0550882089225809,3.8951157143921e-164
"A376R",0,3.03898511038079e-70
"A376S",0.0376256833105089,4.30524641503343e-61
"A376T",0.179692991629227,1
"A376V",0.179346945922205,1
"A376W",0.173332238751996,1
"A376Y",0.206071801714635,1
"D377A",0.0406247434574992,2.22548141132514e-202
"D377C",0.689087789378735,4.77013805190105e-284
"D377E",0.0837229006072231,2.49215696634674e-63
"D377F",0.1920731877163,1
"D377G",0.213100479173292,1
"D377H",0.209585090014831,1
"D377I",0.176535396660672,1
"D377K",0.485162782666921,5.51501382448596e-124
"D377L",0.315531074387294,2.38240582559656e-114
"D377M",0.225991950359598,1
"D377N",0.0580824745085128,8.54882767643639e-156
"D377P",0.314540497358214,1.64584497867647e-26
"D377Q",0.140463931246339,7.4173524907773e-07
"D377R",0.275687847239523,1.88787028488324e-16
"D377S",0.0639577196427228,1.19558682689438e-182
"D377T",0.602614843587294,1e-300
"D377V",0.109493175969909,7.75226982834561e-11
"D377W",0.177265628201514,1
"D377Y",0.290029198842681,1.09716304754067e-07
"E378A",0.203534068231511,1
"E378C",0.229198579314527,1
"E378D",0.190738124769966,1
"E378F",0.0526356987019523,1.46386879402033e-129
"E378G",0.803438966110781,1e-300
"E378H",0.0770405166062038,3.09681592542716e-30
"E378I",0.297423778463448,6.0918080344889e-12
"E378K",0.662231049994669,1.3942776101213e-266
"E378L",0.0800574609963726,1.26275872586102e-133
"E378M",0.310118926393667,4.08628712046907e-24
"E378N",0.0956415719793954,8.58197373761653e-50
"E378P",0.0437015536244843,4.54164849208875e-119
"E378Q",0.065500397399439,2.14367792740009e-67
"E378R",0.300774498144963,2.99788360356337e-43
"E378S",0.17586712524811,1
"E378T",0.0782750355635822,2.49687734588174e-29
"E378V",0.21721521036497,1
"E378W",0.155892287391941,0.857764941900767
"E378Y",0.11583000148649,6.92893124772882e-84
"T379A",0.0607754312765117,1.86494986786985e-16
"T379C",0.614451580906772,1e-300
"T379D",0.16266473485571,0.444548120098617
"T379E",0.173498063031864,1
"T379F",0,2.18803393379475e-74
"T379G",0.0206257240752778,7.75082360359506e-153
"T379H",0.632637959802949,1e-300
"T379I",0,5.60737849452659e-273
"T379K",0.161579574315129,1.72577809859548e-09
"T379L",0,0.00253350549035069
"T379M",0.200905924613194,1
"T379N",0.158535584224387,1
"T379P",0.0493541697930174,3.78502172317216e-82
"T379Q",0.0295003879725458,4.79266274718609e-97
"T379R",0.199598068070672,1
"T379S",0.116747571587681,6.73644734545894e-12
"T379V",0.292724460880557,0.00938547574897165
"T379W",0.0660588421021498,1.24117452451179e-60
"T379Y",0.217258027581351,1
"Q380A",0.283895495436135,0.00369091843136798
"Q380C",0.149161919544219,1
"Q380D",0.0418230364130228,2.80249212615932e-176
"Q380E",0.14423220305808,1
"Q380F",0.408221054771172,1.35034518879268e-55
"Q380G",0.0572310497732183,1.75268238167411e-144
"Q380H",0.220060208610886,1
"Q380I",0.0964647638031063,9.73777419855244e-49
"Q380K",0.0871160080040405,5.02387691093938e-56
"Q380L",0.139541220948819,0.000281188221371162
"Q380M",0.229895578876346,1
"Q380N",0.277177256204868,0.00377795845308261
"Q380P",0.208761763740342,1
"Q380R",0.168731308979709,1
"Q380S",0.0728478019446268,3.51928841700701e-257
"Q380T",0,1.36295809284506e-153
"Q380V",0.146717114700309,0.000359799123751412
"Q380W",0.250731589155409,0.000810082206733274
"Q380Y",0.295808696651158,2.93065863121692e-27
"A381C",0.263752879249346,3.43442538409923e-16
"A381D",0.398015843781873,1.80996518595103e-89
"A381E",0.101870182440481,3.62023823733437e-14
"A381F",0.574066646311583,2.80677696442653e-169
"A381G",0.150130825073381,0.457600860405591
"A381H",0.094020223745193,6.01053188101031e-74
"A381I",0.124645731074971,0.455763682778035
"A381K",0.107339910166435,6.40711106027927e-11
"A381L",0.293539386945802,7.5093268075741e-06
"A381M",0.0952674050929629,2.16861770343711e-22
"A381N",0.167456643028913,1
"A381P",0.0238618170088101,2.73419856506384e-114
"A381Q",0.149114025056758,0.000211334630533825
"A381R",0.254496722737469,0.00848109964637815
"A381S",0.04373879994725,1.3263361294036e-54
"A381T",0.0886756781879104,1.14181700538012e-62
"A381V",0.0822045406347252,7.97464074654251e-134
"A381W",0.360474638898529,1.45016385515839e-31
"A381Y",0.110761541997188,5.21285999325722e-19
"L382A",0.230303470030895,0.00475460361805579
"L382C",0.345282293228578,3.08951888087992e-18
"L382D",0.0212176014428157,1.90562497991131e-82
"L382E",0,1.62472245455513e-45
"L382F",0.0720767425198647,3.86106614604036e-16
"L382G",0.532721141229353,1.22602930047867e-60
"L382H",0.0410785177818334,3.46449604985781e-33
"L382I",0.423435443867014,7.84795319700413e-58
"L382K",0.0789186233231209,6.5267823499117e-94
"L382M",0.164046249774622,0.00015923049951727
"L382N",0.114330690310906,4.65464836198151e-15
"L382P",0.0350004396760724,3.26751985350965e-174
"L382Q",0.085905244354572,1.34993554211654e-10
"L382R",0.443252956643384,2.02295926689243e-52
"L382S",0.138516187476976,1.14641583508732e-25
"L382T",0.223595123077757,1
"L382V",0.18112518801798,1
"L382W",0,1
"L382Y",0.248035569937727,1.69644470591724e-08
"P383A",0.06037506267266,1
"P383C",0.349820216073942,1.94750066563283e-32
"P383D",0.141221159960783,9.28597243828154e-06
"P383E",0.0493440638269141,8.16252212536942e-128
"P383F",0.167170294460123,1
"P383G",0.0834596454592654,0.00135733605743381
"P383H",0.736198505628284,1e-300
"P383I",0.0729269446532664,1e-300
"P383K",0.328870142696878,1.31451841651461e-22
"P383L",0.0295735680341948,3.53198960393114e-78
"P383M",0.110095702520733,1
"P383N",0.335736107556357,9.7595141404375e-278
"P383Q",0.202014712093908,1
"P383R",0.321182106922863,1.00590135815357e-61
"P383S",0.0119193888217804,2.45231560223871e-270
"P383T",0.293501650805047,1.16664081272896e-45
"P383V",0.465303601497153,1.16007373223137e-85
"P383W",0.352173378224594,1.32567496082318e-57
"P383Y",0.0363103907146217,1.10614323296063e-50
"Q384A",0.191417647826483,1
"Q384C",0.689128986570697,1e-300
"Q384D",0.0108297083675277,1e-300
"Q384E",0.200006729298429,1
"Q384F",0.00887868568715589,6.43988728253e-06
"Q384G",0.604338456951405,8.99218608977025e-102
"Q384H",0.115624750089578,7.52757313337495e-24
"Q384I",0.414885342081493,4.04228277140418e-56
"Q384K",0.142058970994494,1
"Q384L",0.126959277691062,7.86342274385207e-33
"Q384M",0.0568235883977977,1
"Q384N",0.339010779896609,6.91927755837248e-41
"Q384P",0.357071344488421,4.81411319232852e-60
"Q384R",0.362361505282091,3.02742831085394e-93
"Q384S",0.330277397564422,3.5481060546069e-30
"Q384T",0.159659867298613,1
"Q384V",0.103705391656471,1.48849120643385e-37
"Q384W",0.282793353068036,5.25839567619761e-07
"Q384Y",0.0969623099780495,4.5782217566126e-52
"R385A",0.269899233906242,3.01875508146989e-12
"R385C",0.319956394598452,1.47520598253167e-10
"R385D",0.201658178201728,1
"R385E",0.0677845157486522,2.72321563872795e-69
"R385F",0.0592259094454846,4.96346821100539e-18
"R385G",0.121139352711398,9.51284343923559e-27
"R385H",0.231047165631077,0.0495152439310398
"R385I",0.315892726222813,8.73549945555582e-81
"R385K",0.0981020109366086,0.000619055499293525
"R385L",0.144338863067031,0.000822529171055252
"R385M",0.0128918108638699,1e-300
"R385N",0.0350647997995889,1e-300
"R385P",0,7.20589440666383e-243
"R385Q",0.15176367192371,1.11056078072494e-17
"R385S",0.0583329649646142,5.4618971056869e-56
"R385T",0.164542588566352,0.000510269970696931
"R385V",0.0938058293275197,1.45385675806574e-18
"R385W",0.0708983306413598,5.62292430468463e-18
"R385Y",0.0872186004330046,7.68060306368965e-58
"Q386A",0.568820666977701,1.81934302018654e-56
"Q386C",0.335724508572912,4.21582023290209e-83
"Q386D",0.0935185821515043,6.58085088719718e-142
"Q386E",0,2.24296597727822e-52
"Q386F",0.178330461048946,1
"Q386G",0.261823485190052,0.000273609821711825
"Q386H",0.376361579655536,9.0995438851117e-37
"Q386I",0.0630022992501793,1.13422770076856e-38
"Q386K",0.143351636492312,1.57690778502541e-12
"Q386L",0.0557211607373838,4.30343770748573e-97
"Q386M",0.0847122535764902,2.80634143665741e-86
"Q386N",0.129202400469869,1
"Q386P",0.12405059058353,5.6690631775754e-44
"Q386R",0.267849056156347,0.00871034619629731
"Q386S",0.265250850211389,3.10679883564948e-05
"Q386T",0.331670312622335,9.58002119266032e-81
"Q386V",0.0904655991851748,2.16857132328868e-45
"Q386W",0.100509488037683,6.21554707597964e-112
"Q386Y",0.240544931324099,5.09819819384791e-50
"K387A",0.00490442076202697,1e-300
"K387C",0.190174625469666,1
"K387D",0,6.90338899944689e-252
"K387E",0.0184290023960456,1e-300
"K387F",0.0522742961605951,2.33657709955334e-131
"K387G",0.0435284937415325,2.93433712088017e-60
"K387H",0.0917568202746326,1.82784813571784e-81
"K387I",0.0425512074525411,1e-300
"K387L",0.0238529747291533,1.60547579776919e-139
"K387M",0.11612580988326,2.36371018447798e-14
"K387N",0.0625769371743634,1.97729297965884e-102
"K387P",0.11521870570984,9.56818381956255e-28
"K387Q",0.315575757195166,1.6710663613344e-38
"K387R",0.10495674005266,9.90802028294125e-80
"K387S",0.0692537483598159,1.70247409093272e-05
"K387T",0.164797613204275,1
"K387V",0.0439914349042532,1.09565919244906e-43
"K387W",0,3.07228812023625e-10
"K387Y",0.103303507970059,1.3414936009052e-13
"K388A",0.216674322776638,0.0689108353803473
"K388C",0.141947747718068,1
"K388D",0.135622553221982,1.04164463091842e-09
"K388E",0.0359412226434628,6.80587318667989e-117
"K388F",0.099145428084733,1.88073549227114e-43
"K388G",0.0875484255871099,2.39605410966603e-65
"K388H",0.0832376783170864,3.64900421924687e-42
"K388I",0.244286068678654,4.98899609416623e-08
"K388L",0.0364800261955495,7.71262559502023e-95
"K388M",0.0448569781042881,8.99469004861553e-243
"K388N",0.142847538473288,0.00274228507400789
"K388P",0.0979447056487584,2.18238636921207e-32
"K388Q",0.3229769584278,3.64649978473184e-19
"K388R",0.214317246969439,1
"K388S",0.0727689007386854,1.47919986298162e-31
"K388T",0.0499777160285579,5.16850103873069e-283
"K388V",0,3.9861069123457e-34
"K388W",0.0506950028994445,1e-300
"K388Y",0.157039094802442,1
"Q389A",0.128474015735394,1.0669098863255e-06
"Q389C",0.175541276603342,1
"Q389D",0.0129202325313786,1e-300
"Q389E",0.063379416932033,3.27238103239819e-124
"Q389F",0.117538655317688,3.25419753589825e-11
"Q389G",0.250058158056196,1.25953208386443e-51
"Q389H",0.230212324538676,1
"Q389I",0.0103300815561846,1e-300
"Q389K",0.214963898286741,1
"Q389L",0.266360570614677,0.000974167444315121
"Q389M",0.0407119834219748,2.34755232244626e-35
"Q389N",0.093273307152298,5.66894809369198e-19
"Q389P",0.323921795515424,1.73020464141446e-49
"Q389R",0.128145922338815,1.44360563682926e-22
"Q389S",0.164421962242408,1
"Q389T",0.12711256652442,0.000205066996877317
"Q389V",0.00107747732955383,1.07366895642732e-65
"Q389W",0.0784630234076638,3.13848254860396e-42
"Q389Y",0.0948426129658491,1.19104068948103e-19
"Q390A",0.221550888502858,0.051234141433617
"Q390C",0.145825470985841,1.83698003789271e-09
"Q390D",0.0511856757102404,2.24216265599125e-185
"Q390E",0.0222006131664613,6.10761747223484e-213
"Q390F",0.194713089160163,1
"Q390G",0.246822669878078,6.64379569283304e-12
"Q390H",0.0693605805768839,1e-300
"Q390I",0.069154505103959,2.70703538697079e-209
"Q390K",0.0741144486533629,1.47052248580618e-52
"Q390L",0.174445042107267,1
"Q390M",0.476999369498296,1.0520691737303e-177
"Q390N",0.0524135343382961,1.0320028895189e-20
"Q390P",0.0680515317711627,1e-300
"Q390R",0.143845009369463,0.853362600092357
"Q390S",0.226079231861519,6.22074513099127e-05
"Q390T",0.0888512495641954,1.34392728330843e-90
"Q390V",0.056159208372141,1.23120280899859e-83
"Q390W",0.111138472794579,1.40030082270179e-221
"Q390Y",0.0254797285404332,1e-300
"T391A",0.0416147723149929,9.26233936527933e-48
"T391C",0.235566919725054,3.83403374452482e-23
"T391D",0.274430813208045,1.51706235750456e-12
"T391E",0.113917159600409,6.93338178620623e-15
"T391F",0.456801908079113,7.29912451775555e-179
"T391G",0.438203968268206,6.01423521793753e-105
"T391H",0,2.62388678433486e-21
"T391I",0.108319965383302,1
"T391K",0.0652270210112553,1e-300
"T391L",0.0697077173251041,9.95679294682367e-153
"T391M",0.0253990515730874,1e-300
"T391N",0.395833669295065,7.98058757224971e-58
"T391P",0.0611299182679845,1.84043943653254e-56
"T391Q",0.155258466817831,1
"T391R",0.12056955976312,6.13551676364244e-07
"T391S",0.168180419433534,1
"T391V",0.123534707565611,6.42616248266315e-13
"T391W",0.244737363019971,1
"T391Y",0.157677150261725,1
"V392A",0.10494859256188,2.9898697999346e-15
"V392C",0.092909578502832,6.46018271026035e-82
"V392D",0.49069011437025,2.22943337523194e-98
"V392E",0.33895916821765,4.04626727771156e-66
"V392F",0.231275801363503,0.00143428446029515
"V392G",0.209980214073572,1
"V392H",0.359051621291245,1.85422496786759e-43
"V392I",0.306039734046494,4.67492839678747e-10
"V392K",0.514461731986077,2.2336622480909e-245
"V392L",0.286728101061392,4.16692643454912e-13
"V392M",0.181833242567135,1
"V392N",0.154512174489072,4.05264929393578e-05
"V392P",0.00399435630518823,1.03720093404587e-203
"V392Q",0.295493075189904,1.09372529833791e-06
"V392R",0.283592325401858,5.00795484012231e-37
"V392S",0.113180653358347,2.11965572010997e-36
"V392T",0.0801457327334685,1.20236389560415e-52
"V392W",0.498342797896183,1e-300
"V392Y",0,1.26168502932993e-42
"T393A",0.397091473779032,4.25620849252322e-116
"T393C",0.0871099804418909,6.50615015713914e-41
"T393D",0.49980906794392,1e-300
"T393E",0.229363929761717,7.54707074366081e-07
"T393F",0.504685418749051,2.72988550453732e-204
"T393G",0.243647124689518,2.45673577495865e-23
"T393H",0.238806301960391,1.06121796035276e-16
"T393I",0.267663240280339,3.54881205964693e-15
"T393K",0.103769855926033,3.95445197941381e-38
"T393L",0.471676851156871,1e-300
"T393M",0.110177994948194,0.00157325593023615
"T393N",0.337889508730379,5.07604559101645e-140
"T393P",0.510785353283008,5.32785212587438e-114
"T393Q",0.386983737480947,1e-300
"T393R",0.213660511918847,1
"T393S",0.260154650827758,1.79305428533612e-11
"T393V",0.0817592724337248,1.69049515054237e-31
"T393W",0.108319965383302,2.03132647129843e-05
"T393Y",0.317986200266129,2.18169960403161e-96
"L394A",0.10824168981679,4.06589728215325e-05
"L394C",0.0583275265006048,1.12455834527153e-206
"L394D",0.196501192198317,1
"L394E",0.214149887068085,1
"L394F",0.377246071904377,2.32706888709264e-59
"L394G",0.562338620586906,1.44455210092085e-74
"L394H",0.403987607168284,1.04719224790286e-38
"L394I",0.150691945203345,6.2833689169128e-06
"L394K",0.11407081694124,8.17963581910158e-67
"L394M",0.153005114704451,0.00136002777090542
"L394N",0.297979513846374,4.86276057523651e-16
"L394P",0.0644324140294766,3.41738857905998e-115
"L394Q",0.606118369989197,1e-300
"L394R",0.106013365787062,2.71437657223271e-45
"L394S",0.0474044446436444,1.50510519537072e-82
"L394T",0.059164682900681,1e-300
"L394V",0.213322911803444,1.06567698691237e-05
"L394W",0.137159362746349,0.159467092394091
"L394Y",0.34343937250742,1.61249396295812e-28
"L395A",0.108143358300662,5.58784599881458e-77
"L395C",0.420396630243363,1.38315621511579e-123
"L395D",0.145421153493285,1
"L395E",0.0734258760325756,1.06211196152018e-123
"L395F",0.095517398283613,7.51699873729328e-82
"L395G",0.0702833162999128,1.46455548493164e-45
"L395H",0.160515163306054,0.0088863796736061
"L395I",0.236464509341182,0.346898072475987
"L395K",0.117488251887944,1.0813072664511e-116
"L395M",0.0770200909783476,1.0230736394742e-42
"L395N",0.00073455823989692,1e-300
"L395P",0.273556431542422,9.17230329545776e-10
"L395Q",0.230357464031674,1
"L395R",0.106592365698391,1.49974633923081e-73
"L395S",0.165964159579458,0.0188115615774564
"L395T",0.135939304498844,1.61163422165194e-11
"L395V",0.762538881924846,3.86012064035236e-214
"L395W",0.0266951845683232,1e-300
"L395Y",0.18075228321912,1
"P396A",0.403214405858358,5.00671200722482e-44
"P396C",0.542758118519522,1.00144404279195e-219
"P396D",0.129981063236369,2.34417931407114e-05
"P396E",0.135382935629992,1.21382084417448e-48
"P396F",0.378815133897736,6.42118826532333e-150
"P396G",0.1354828460386,3.01074464111735e-17
"P396H",0.283590156754739,1.98374965215029e-15
"P396I",0.786248691258073,1e-300
"P396K",0.180278970034296,1
"P396L",0.335601513177828,9.3827129148011e-16
"P396M",0.580199408470642,1e-300
"P396N",0.248192447129407,0.00450950762373913
"P396Q",0.13597224556563,0.000173443268679146
"P396R",0.306135812199249,6.43333375071244e-33
"P396S",0.260196961275332,5.35088970082385e-07
"P396T",0.171799392046022,1
"P396V",0.401112694626399,2.07067818375032e-242
"P396W",0.478296235330432,2.72042496052651e-291
"P396Y",0.058203309141952,1.8376644894454e-91
"A397C",0.156371507417702,2.36887618288367e-32
"A397D",0.0296360156878055,7.03270413524859e-305
"A397E",0.188351909697781,1
"A397F",0.406259921049083,1.59652708264311e-286
"A397G",0.236767884011973,1.74513098955929e-05
"A397H",0.390397405154145,1e-300
"A397I",1,1e-300
"A397K",0.146814448858751,1
"A397L",0.215430117328835,1
"A397M",0.233440690016973,0.000239053714815951
"A397N",0.0244527455352762,4.17322333125197e-279
"A397P",0.0539955224471558,5.318943999902e-67
"A397Q",0.361475935610385,2.92983365872542e-50
"A397R",0.129206853126253,1.48232645116087e-23
"A397S",0.0378146186383575,3.42686181368763e-47
"A397T",0.0721063959132041,3.30875001756078e-30
"A397V",0.252420301933563,1.74519662197826e-11
"A397W",0.0157597474496464,1e-300
"A397Y",0.314677915125232,2.02768600931736e-17
"A398C",0.0118826410113103,3.53245076724899e-51
"A398D",0.0863699936833695,1.24036840551601e-93
"A398E",0.290097536869825,5.97854361074157e-24
"A398F",0.1651435537811,1
"A398G",0.0570639122325573,5.06046485217509e-87
"A398H",0.0943161349236291,3.4370757162106e-49
"A398I",0.23023048490537,6.50489420063745e-06
"A398K",0.318351912018984,1.52007028017284e-14
"A398L",0.167614002978646,1
"A398M",0.0790078446185456,3.83103938402117e-64
"A398N",0.113729502637061,1.15572005008532e-25
"A398P",0.305722543857336,1.17716223117113e-10
"A398Q",0.0744130713141999,4.35691096622581e-76
"A398R",0.0322538037740818,6.69910860262659e-151
"A398S",0.0507307539338784,1e-300
"A398T",0.138108779234871,4.65284687997133e-13
"A398V",0.00861247637183401,5.40346681903807e-84
"A398W",0.27689161032437,3.03596654387153e-20
"A398Y",0.101036991157217,3.47580479959407e-08
"D399A",0.146660239967139,0.146343555054408
"D399C",0.128923095442328,2.0729577810083e-09
"D399E",0.127973604439991,2.28379774988064e-05
"D399F",0.282046498203461,6.67931928311927e-08
"D399G",0,8.18688162539012e-126
"D399H",0.0441114149534253,1.89151093981042e-196
"D399I",0.0914797447139392,2.66543465206755e-58
"D399K",0.102438000124476,4.1751426834032e-63
"D399L",0.346673095853175,2.22084636002499e-86
"D399M",0.163177112479261,1
"D399N",0.159319413534179,0.000794955994086987
"D399P",0.0487337138821524,1.80144464703499e-34
"D399Q",0.161401567406323,6.13085645572841e-06
"D399R",0.0155791056072805,1e-300
"D399S",0,3.36662707137322e-166
"D399T",0.00802268154217106,3.69402110058164e-201
"D399V",0.141559990964771,2.81418180421116e-13
"D399W",0.17250633967402,1
"D399Y",0.292650178960987,9.20543685065374e-52
"L400A",0.0442646661424252,3.19747513890997e-203
"L400C",0.0934085640142201,9.72558439307345e-39
"L400D",0.212735456267565,1
"L400E",0.36522440931889,5.60208155078171e-223
"L400F",0.0330746943970176,1.03304453621217e-309
"L400G",0.031259344584091,8.42125128507943e-208
"L400H",0.192270924849691,1
"L400I",0.243089169495825,0.00312255477320867
"L400K",0.204288628434028,1
"L400M",0.473569446069181,9.25057938121644e-85
"L400N",0.0387374294633874,7.63608141920197e-59
"L400P",0,5.77562890734923e-71
"L400Q",0.00945546813640878,3.74601717070946e-94
"L400R",0.0289305337363572,2.72420513106582e-240
"L400S",0.0384174110330382,3.41728494137502e-272
"L400T",0.151375399921845,0.000884369621772068
"L400V",0.123971693344026,4.02735947108042e-36
"L400W",0.26449703030734,3.86255786424596e-07
"L400Y",0.130712618277109,1.07390056119045e-42
"D401A",0.290589513242544,1.11776746122983e-46
"D401C",0.0405326238578223,3.71876060257065e-44
"D401E",0.0590482511121627,1.14860393852888e-173
"D401F",0.218807755848614,0.000235460592347914
"D401G",0.235501567934201,1
"D401H",0.283386491273854,1.9754962216542e-56
"D401I",0.0643263559638732,2.06177119015996e-155
"D401K",0.270831623049995,2.87168094164919e-20
"D401L",0,1.02058324856546e-28
"D401M",0.282896107613366,9.00997234064552e-21
"D401N",0.134717635406397,1.0631441368158e-05
"D401P",0.23836566901784,0.0618596284504071
"D401Q",0.0227960255017727,1.41052669805447e-161
"D401R",0.238695810659801,0.894738575496771
"D401S",0.0180059745735521,1e-300
"D401T",0.138755421833092,1
"D401V",0.0101357943948999,1e-300
"D401W",0.174507138296966,1
"D401Y",0.312972916230222,9.4587567289244e-67
"D402A",0.270987721968179,3.73598334493941e-29
"D402C",0.102902976059267,4.23550916463874e-20
"D402E",0.133875114468624,1.38320993968776e-17
"D402F",0.340396852910716,1.83640004850569e-65
"D402G",0.0373576323895753,2.40381183881116e-113
"D402H",0.246424509121096,8.74097831319277e-15
"D402I",0.0448533331319226,1e-300
"D402K",0.139039080978349,2.88140822376283e-14
"D402L",0.0748011149376175,1.73040316449921e-66
"D402M",0.246029486277207,0.000569380398324191
"D402N",0.0905625940089901,1
"D402P",0.192333034921321,1
"D402Q",0.0626119742608318,8.31676419422454e-70
"D402R",0.0261697693802034,1.08083811048112e-296
"D402S",0.271145791428831,6.32491761485131e-20
"D402T",0.192706461186409,1
"D402V",0.0857969492375086,3.13789243244875e-60
"D402W",0.23154781719616,3.41080830483651e-06
"D402Y",0.0978719859498189,6.92596851285447e-39
"F403A",0.100376013966552,8.81114725460114e-14
"F403C",0.0227863144393024,2.85771823950107e-122
"F403D",0.048703308046098,8.20724508665189e-47
"F403E",0.150644391002893,0.000403160007815898
"F403G",0.0569652489040195,1.68626556274752e-308
"F403H",0.39214002066872,9.40192277293613e-40
"F403I",0.0553283376719797,7.56840419469907e-61
"F403K",0.0753363196201384,3.25801779141168e-59
"F403L",0.378901374525309,9.16650961708776e-79
"F403M",0.0687712239020999,2.70637982899993e-117
"F403N",0.123696545552512,3.76852294896172e-42
"F403P",0.190996928195705,1
"F403Q",0.0618810236578606,4.1039695130118e-86
"F403R",0.148148465884233,0.00413576131729919
"F403S",0.12144670615109,2.4417893793033e-13
"F403T",0.0122683375662641,1e-300
"F403V",0.0929962200285719,5.0062451881423e-167
"F403W",0.109802812398556,2.44179475753043e-31
"F403Y",0.0763277177694122,1e-300
"S404A",0.164603547762098,0.0179302787408007
"S404C",0.0756647106525483,2.58269328026622e-16
"S404D",0.143672398250134,2.9440123694046e-06
"S404E",0.0320302182640487,9.61874645675118e-74
"S404F",0.111015697020866,1.05416573332863e-55
"S404G",0.120053955672123,3.55844464450316e-13
"S404H",0.139135208677409,2.68031744170577e-32
"S404I",0.152605692020255,0.00710094638524967
"S404K",0.136547202632524,0.00220686243804961
"S404L",0.222318765324537,0.194905432330479
"S404M",0.317373759270968,8.5112586906252e-73
"S404N",0.0108143273901645,1e-300
"S404P",0.0159366720091787,1.22426150388233e-206
"S404Q",1,1e-300
"S404R",0.233147391592581,0.191975407789781
"S404T",0.195721905499289,1
"S404V",0.429802946167939,1e-300
"S404W",0.208744201507781,1
"S404Y",0.300099576225869,3.56857904277759e-10
"K405A",0.551374991224443,1e-300
"K405C",0.0488088276182653,1e-300
"K405D",0.13828463670882,0.0020602710886503
"K405E",0.261379584773911,1.0435206865893e-08
"K405F",0.0939220630430435,1.7959328879189e-164
"K405G",0.289962416558619,1.12895981903483e-57
"K405H",0.101766324319528,1.87492809471612e-172
"K405I",0.0583168720023507,5.3213406324659e-186
"K405L",0.0845109988093462,1.81739342415454e-20
"K405M",0.261799730506815,5.54527446259681e-29
"K405N",0.229664961887605,5.63343070063994e-11
"K405P",0.21420138638877,1
"K405Q",0.024951331508529,6.43021836321341e-45
"K405R",0.104729394076021,5.69651930115083e-30
"K405S",0.010013100927821,1e-300
"K405T",0.00871479016740666,1e-300
"K405V",0.150385010751916,0.00865043056250588
"K405W",0.0570529312506571,1.60144777974296e-29
"K405Y",0.0173370051195005,1e-300
"Q406A",0.341308108111841,1.46478129173539e-30
"Q406C",0.118728206468381,2.72775674179723e-16
"Q406D",0,1.20166103774182e-25
"Q406E",0.282431487724389,3.45439482559667e-10
"Q406F",0.266148521881008,1.93265578351845e-13
"Q406G",0.122035012564574,4.57473845986061e-12
"Q406H",0.0958898054212836,1
"Q406I",0.244709496987778,9.27303619677603e-07
"Q406K",0.429728387258345,3.30395727512168e-67
"Q406L",0.0511707796963857,1e-300
"Q406M",0.144849272552581,1
"Q406N",0.515212599262835,8.83346716651973e-57
"Q406P",0.00862538929783872,1e-300
"Q406R",0.0726226555403059,4.51058625339064e-118
"Q406S",0.228300118637462,1
"Q406T",0.0711506806317782,1.26384873211898e-22
"Q406V",0.0337879607703697,3.52490397791155e-34
"Q406W",0.12431615484262,0.0815818283425619
"Q406Y",0.137547614170497,1
"L407A",0.10516691058504,1.15053130017421e-25
"L407C",0.0466215435644179,3.202837978146e-250
"L407D",0.158292676937289,1
"L407E",0.0989626516115045,5.38173708374767e-106
"L407F",0.0174576840992542,5.70693352365888e-186
"L407G",0.448863195511309,2.28085276628499e-256
"L407H",0.0626079888615911,1.06425989078759e-314
"L407I",0.124178140793392,7.03915153624917e-12
"L407K",0.213769350302936,0.000131055214870218
"L407M",0.0835233018716109,1.74936922632724e-72
"L407N",0.150321656450323,1
"L407P",0.0262289741633598,1.5216813986703e-97
"L407Q",0.185959361457736,1
"L407R",0.327611235250827,4.00429602952848e-25
"L407S",0.0281102682606781,4.88912383804454e-77
"L407T",0.0188438047986507,1.00838916176838e-186
"L407V",0.0779666793628772,4.6385183523604e-123
"L407W",0.0720740556047387,1.88652874918275e-59
"L407Y",0.297884388988771,9.1707437830269e-14
"Q408A",0.0769902924069622,1.77525920335059e-30
"Q408C",0.106441491861593,4.66675285646221e-07
"Q408D",0.0703907072377098,3.87694463142819e-16
"Q408E",0.429840165461208,4.42006855377492e-158
"Q408F",0.147952927887426,7.36219686356457e-06
"Q408G",0.159981282779067,0.000314386519735728
"Q408H",0.280566467714126,0.0124220931009559
"Q408I",0.0846206267067104,1.07019968851874e-42
"Q408K",0.155453520029851,1
"Q408L",0.0554476785255042,1.38464522935308e-61
"Q408M",0.129023068924848,0.0407002901567155
"Q408N",0,1.97037860001731e-66
"Q408P",0.0488857773451093,5.38846186969467e-150
"Q408R",0.0880456362574514,6.85999934293769e-07
"Q408S",0.0775575610565139,2.39736167953598e-90
"Q408T",0.0620853779155543,5.24224964731651e-39
"Q408V",0.12023645802072,5.04924432577209e-18
"Q408W",0.101335004977877,1.95276288723387e-30
"Q408Y",0.0501679747432441,5.90192376885517e-63
"Q409A",0,1.63522240338482e-32
"Q409C",0,2.79473890330081e-108
"Q409D",0.0930073651737548,8.73359490872042e-07
"Q409E",0.259863944214375,1.88100849361033e-67
"Q409F",0.0561387678030801,2.09903021118974e-14
"Q409G",0.109432124251726,4.77311351483784e-69
"Q409H",0.151569091160643,1.52773877957929e-05
"Q409I",0.0777161958422934,1.28472240896339e-56
"Q409K",0.104817363756832,3.45084897318602e-31
"Q409L",0.0892106643601761,1.75673495616437e-168
"Q409M",0.169435578164787,1
"Q409N",0.108716424795669,1.27050138198282e-35
"Q409P",0.120670869002006,1.36415179833545e-21
"Q409R",0.0588091524337131,5.16815456033941e-45
"Q409S",0.20317420789582,1
"Q409T",0.0109021204193854,1.90090338481587e-307
"Q409V",0.0184508161688561,1.34920099313117e-108
"Q409W",0.129909445694915,6.54065044066369e-41
"Q409Y",0.0690820514514054,3.47115184107076e-66
"S410A",0.0533113906493272,5.37058669728404e-180
"S410C",0.0759962107949596,7.39819281545164e-144
"S410D",0.173767354438874,1
"S410E",0.0913611535731828,1.67540845644782e-37
"S410F",0.291220890538713,0.013057126614765
"S410G",0.0283945119003996,1.26375803507794e-194
"S410H",0.206380553260882,1
"S410I",0.101265414222721,3.79773962540462e-15
"S410K",0.0748984535513867,7.97464766677624e-143
"S410L",0.486686428441021,1.00772336477771e-82
"S410M",0.199419932419428,1
"S410N",0.0165978952712498,2.64984573613231e-106
"S410P",0.049869636464569,1e-300
"S410Q",0.153154950414793,0.0102658401275046
"S410R",0.203794717869263,1
"S410T",0.0418084652775037,1.84949148010976e-119
"S410V",0.17339129349718,1
"S410W",0.673095431601224,1.50264440150668e-165
"S410Y",0.446943707096127,5.77627144359227e-41
"M411A",0.16746422025258,1
"M411C",0.0260390354642175,7.76940799758281e-246
"M411D",0.14476611090143,1.37295512328784e-15
"M411E",0.180224334168552,1
"M411F",0.191332125083935,1
"M411G",0.105191366027911,1.27720157757736e-168
"M411H",0.07206756242593,6.77246528558805e-57
"M411I",0,4.85086142181653e-35
"M411K",0.26550981552311,2.72089165429577e-16
"M411L",0.192246945277456,1
"M411N",0.0494320855161091,1e-300
"M411P",0.0195950528304906,2.25679662945506e-115
"M411Q",0.255670565271114,1
"M411R",0.154769713453192,4.97229875124148e-10
"M411S",0.122388372819953,3.91751524154041e-33
"M411T",0.0127865649371625,1.37743400114387e-198
"M411V",0.044067565023114,1e-300
"M411W",0.118988122701716,1.0488221442519e-11
"M411Y",0.0275074234505066,1e-300
"S412A",0.231294478014368,1
"S412C",0,6.36996679555414e-200
"S412D",0.238289009055054,0.0702240277910946
"S412E",0.0952392527864933,7.09748991495909e-38
"S412F",0.39473004184462,4.84957025315421e-39
"S412G",0.160564462236782,1
"S412H",0.197106822254861,0.493900037784184
"S412I",0.0461009732531372,4.65163631214481e-93
"S412K",0.0125500572893111,1e-300
"S412L",0.266360570614677,3.27920040718341e-07
"S412M",0.0799133459747187,4.31529656078506e-69
"S412N",0.44243528968898,1e-300
"S412P",0.0710294854972471,0.393818774458517
"S412Q",0.0482290964865628,1.18331541174976e-168
"S412R",0,3.396554508241e-22
"S412T",0.339375428883635,8.78001022542863e-19
"S412V",0.193741255478141,1
"S412W",0.236489631424649,1
"S412Y",0.0446270067623792,1.98511739803742e-55
"S413A",0.0933822836163888,9.04572880063987e-05
"S413C",0.041204811187813,1.1163673918667e-251
"S413D",0.129114167139422,9.55804249812713e-12
"S413E",0.162854689551405,0.235972801166091
"S413F",0.0079914648824739,1e-300
"S413G",0.240235728928523,1.32771757934501e-16
"S413H",0.128998472418572,2.0887002503315e-14
"S413I",0.563136669617393,3.13513572613117e-311
"S413K",0.0331903353293098,1.99029502260768e-219
"S413L",0.127804480619196,4.05755092970126e-11
"S413M",0.383641914789084,1e-300
"S413N",0.0286197543997168,3.44003426201803e-311
"S413P",0.394361622604507,2.39966011961714e-61
"S413Q",0.135144219444121,3.23943374098372e-13
"S413R",0.155818139967874,0.00108861276997719
"S413T",0.0496230898632456,1.29283232418412e-103
"S413V",0.132778499839866,0.0109144310320382
"S413W",0.175797976605687,1
"S413Y",0.11477969026405,5.13578501468368e-13
"A414C",0.0836283135004347,1.78788195180368e-47
"A414D",0,4.44352192534776e-68
"A414E",0.113136021006384,1.25261625983802e-17
"A414F",0.0809681984238235,6.89825081965575e-174
"A414G",0.360138108070064,1.78086093460311e-30
"A414H",0.105192572431012,0.00464899911778745
"A414I",0.0303453632551301,1e-300
"A414K",0.192712961856001,1
"A414L",0.233470246256468,8.17836144009806e-11
"A414M",0.27284385580243,4.57995871089723e-32
"A414N",0.0408409295001338,2.41283958036197e-44
"A414P",0,8.22153873426409e-98
"A414Q",0.0486108041371785,1.33434231209106e-28
"A414R",0,1e-300
"A414S",0.277661073493296,7.20464210878183e-34
"A414T",0.0612231627421133,2.32173161364572e-25
"A414V",0.0431216246253201,3.36645659671063e-115
"A414W",0.162631734429531,1
"A414Y",0.251311343083696,4.85130056026246e-05
"D415A",0.0749275711891906,3.48936791247636e-78
"D415C",0.178201537917963,1
"D415E",0.0891789448161377,1.58952898188329e-14
"D415F",0.0514963769855042,0.0195901945955619
"D415G",0.111960226515036,3.10527923698875e-10
"D415H",0.379559646902182,1.59694619671944e-38
"D415I",0.143103935018029,0.00171100331721677
"D415K",0.0496409850669011,4.1794177848454e-160
"D415L",0,2.46207346684174e-45
"D415M",0.0197881519880576,1e-300
"D415N",0.0458040378049335,8.74348387908282e-38
"D415P",0.205156024095533,1
"D415Q",0.0572525974407916,2.53535099596553e-166
"D415R",0.113294449947631,4.02000437836257e-23
"D415S",0.105745039904495,1.13668616811251e-14
"D415T",0.0432121508128184,2.43352049250966e-107
"D415V",0.0854870852898371,1.29241302054958e-82
"D415W",0.0221248298917574,1.90965060469625e-49
"D415Y",0.136937337497188,6.83581823044129e-07
"S416A",0.307266855372489,9.63320996645064e-13
"S416C",0.287554112526907,8.14853983965468e-17
"S416D",0.0168846589995231,1e-300
"S416E",0.626288666605828,1.59263526783631e-307
"S416F",0.158192171261618,1
"S416G",0.0281134051006119,2.02071869348149e-208
"S416H",0.0939759703653496,9.45890898254919e-16
"S416I",0.240696292667827,1
"S416K",0.203084670052339,1
"S416L",0,2.82817785339775e-06
"S416M",0.109198183206705,5.92251827760704e-20
"S416N",0.00460430203120816,1.50593807044165e-291
"S416P",0.0611755015028337,9.02879269552933e-92
"S416Q",0.0398521006890382,2.3548832503222e-168
"S416R",0.296177908428648,3.78433869739288e-11
"S416T",0.0768537475180441,1.44083509484811e-86
"S416V",0.0545908101135947,2.80222404863273e-74
"S416W",0.0975951065773703,1.56713346714237e-19
"S416Y",0.106811818688996,4.41296168292474e-45
"T417A",0.00494347160717069,4.95053719120223e-38
"T417C",0.0276042631917831,1.8184774205815e-173
"T417D",0.0523590510079092,7.80377486669258e-89
"T417E",0.0484526834917509,1.04762313441602e-98
"T417F",0.04087048370764,1.50744101363526e-63
"T417G",0.299293193238566,3.20425259665742e-31
"T417H",1,1e-300
"T417I",0.0992245033223254,4.33004943626018e-12
"T417K",0.0381325462904437,1e-300
"T417L",0.164093613965714,1
"T417M",0.127947964974377,9.22972945503839e-44
"T417N",0.084881301220665,2.37053279723994e-83
"T417P",0.202746042875664,1
"T417Q",0.273477679137265,0.0038335255979926
"T417R",0.259892279646506,4.22618836748701e-06
"T417S",0.13628424998817,2.58376155712495e-26
"T417V",0.355140089729469,6.12444279861841e-28
"T417W",0.362947084999673,4.35130883064462e-118
"T417Y",0.0399291840559416,3.66660138550884e-40
"Q418A",0.11552932579954,8.19540592546905e-11
"Q418C",0.0256439604433811,1.3554753106228e-46
"Q418D",0.0878266863021336,5.65112948718176e-66
"Q418E",0.227895216428564,0.282824694616968
"Q418F",0.0240665283381854,4.22443141882132e-57
"Q418G",0.168793195852363,1
"Q418H",0.252154673515227,2.48109496332673e-80
"Q418I",0.13219903745812,1
"Q418K",0.27249630914912,4.5316864398205e-57
"Q418L",0,4.00654341546326e-69
"Q418M",0.00495445279328358,1.60970630364647e-268
"Q418N",0.0985246331117321,1.1068784697233e-27
"Q418P",0.0997253976381349,3.35739869256917e-12
"Q418R",0.172950500168726,1
"Q418S",0.0627998472032467,8.0566858068774e-81
"Q418T",0.0442444648311409,4.04861832586314e-146
"Q418V",0.174868165201188,1
"Q418W",0.0722540224066682,5.95753150748642e-64
"Q418Y",0.344319920984713,7.67335477932223e-16
"A419C",0,9.76024908732243e-34
"A419D",0.277084742178677,1.39169551882843e-37
"A419E",0.321960183799559,1.38333663775645e-16
"A419F",0.104717041402893,9.6076797271124e-26
"A419G",0.11838747594401,1.02968012555014e-08
"A419H",0.210525930227384,1
"A419I",0.0580012622165373,2.221466181687e-242
"A419K",0.18002049398066,1
"A419L",0.093906879912478,7.0795203616235e-169
"A419M",0.19030141795231,1
"A419N",0.110167322065765,7.52158794286826e-23
"A419P",0,7.02243765863375e-55
"A419Q",0.168226283812195,0.985900925075706
"A419R",0.0941140682838524,0.0236786254061364
"A419S",0.388243716427478,8.52628538888407e-102
"A419T",0.0411752409029219,5.53454804331316e-219
"A419V",0.0398161703814252,1e-300
"A419W",0.291490467562895,6.31889441552491e-17
"A419Y",0.0756751977919319,8.98750640202465e-31
