Mutation,Escape_Score
S2A,-1.13449352583589
S2C,0.573266693776312
S2D,-0.767925630854821
S2E,0.72682231525958
S2F,1.49231343136324
S2G,-2.64618073399666
S2H,-1.5474513742351
S2I,6.42174119964447
S2K,0.607602865164904
S2L,8.13869759632383
S2M,0.0216360454117822
S2N,0.700612564448703
S2P,0.734546522831365
S2Q,-0.52351592557682
S2R,1.57352522171345
S2T,1.64730588061392
S2V,2.4096745693833
S2W,0.626036419572405
S2Y,0.137545799195812
D3A,1.41607208821638
D3C,2.82232342898407
D3E,2.58740690811538
D3F,0.640150840968661
D3G,-1.19558613540481
D3H,4.70744832425906
D3I,9.99579601887783
D3K,1.53575145336556
D3L,5.18655304906298
D3M,3.74514089820212
D3N,1.00866700394372
D3P,0.994827659643409
D3Q,0.277752912501892
D3R,1.00374434395225
D3S,-0.0831763581338316
D3T,1.76613104456191
D3V,3.9161844532594
D3W,1.6984094200043
D3Y,-0.320310678760229
N4A,2.20338707916748
N4C,1.18474876677331
N4D,-0.274826147638437
N4E,-0.312030236970997
N4F,1.67277279361155
N4G,0.0778617139349134
N4H,0.754744421979206
N4I,2.72204470540073
N4K,0.105700116856325
N4L,2.25477904260254
N4M,2.00804299625126
N4P,1.15135333744637
N4Q,1.09115267488744
N4R,2.29406320919744
N4S,0.216746731928602
N4T,2.76814061719445
N4V,3.78099095640322
N4W,-0.743154721857632
N4Y,0.51204054063642
G5A,1.22133019944522
G5C,9.99579601887783
G5D,9.99579601887783
G5E,-0.857102396863477
G5F,1.95293504984161
G5H,1.70287218927069
G5I,0.686346861342637
G5K,0.582804943821556
G5L,4.11627602208984
G5M,2.18942658155032
G5N,0.242215903433802
G5P,1.72920230710696
G5Q,-1.69156497420868
G5R,1.50590018159038
G5S,1.1600170246932
G5T,2.40742998738794
G5V,4.21808218141061
G5W,3.44197833454252
G5Y,1.64216742094994
P6A,-0.191336010496338
P6C,0.596255187926378
P6D,-0.0145287988050487
P6E,-2.135068739441
P6F,1.79772169020834
P6G,0.591278211396813
P6H,0.434916891164143
P6I,3.52223181064069
P6K,0.151496985105911
P6L,3.6588077777557
P6M,4.81712068821317
P6N,-0.327035595734835
P6Q,-0.157699605986249
P6R,-0.626702895367354
P6S,0.289975743496581
P6T,0.0563226185069528
P6V,2.9674612056196
P6W,-1.32782738621898
P6Y,-1.66917224342076
Q7A,-1.41892854569825
Q7C,1.18516401728794
Q7D,-0.790521599754056
Q7E,-1.23016368992185
Q7F,0.562061004241758
Q7G,1.33068139722559
Q7H,0.973265509353211
Q7I,0.338576364674466
Q7K,3.10585979677326
Q7L,0.225074716068358
Q7M,-0.0178606013106418
Q7N,0.290865956967209
Q7P,2.1603818120369
Q7R,-1.41368857490428
Q7S,0.49764917306484
Q7T,0.152830204595711
Q7V,-2.38448269372854
Q7W,2.55240262697285
Q7Y,0.642254989514134
N8A,1.42786588901233
N8C,1.52429166606243
N8D,1.7887265641539
N8E,-0.319912894662118
N8F,0.384045244862976
N8G,1.44417831361929
N8H,-0.330116798925702
N8I,2.47020931712432
N8K,-1.46617516875596
N8L,3.41083371504286
N8M,-0.0870653071450765
N8P,-2.27309496195813
N8Q,-0.101172988387539
N8R,0.48618247358782
N8S,1.2918433724396
N8T,0.82326570274362
N8V,0.539229530996245
N8W,0.915921390735383
N8Y,0.117649360388172
Q9A,0.501393962632542
Q9C,9.99579601887783
Q9D,0.91360970837547
Q9E,0.87669709564085
Q9F,-0.0613462570199656
Q9G,-0.428381720038115
Q9H,0.000511743380352035
Q9I,-0.875899245667309
Q9K,-0.0292999642785414
Q9L,-0.927780847669543
Q9M,1.43220665811485
Q9N,0.835267049462281
Q9P,0.245842720890231
Q9R,9.99579601887783
Q9S,-0.100026948403497
Q9T,-1.18404926269588
Q9V,0.461230304185666
Q9W,1.23437254670229
Q9Y,1.80863499381529
R10A,0.90485761361359
R10C,1.23572222802713
R10D,-1.41654619053823
R10E,-0.43203925622116
R10F,0.537728222501886
R10G,-1.14329856619592
R10H,-2.38367100036105
R10I,-0.066472417805107
R10K,-2.61972705655602
R10L,2.17911188758922
R10M,0.819728020191034
R10N,-1.29991095794845
R10P,-1.93033647293999
R10Q,0.992710009339364
R10S,-0.695582674670905
R10T,4.8609718264504
R10V,0.0404132362385706
R10W,0.934757017462088
R10Y,2.89924000892955
N11A,-0.419059260016852
N11C,2.21580363315274
N11D,-1.45093681249676
N11E,-1.06819157127539
N11F,0.650988125657534
N11G,-0.0215285832481753
N11H,1.71507712632804
N11I,1.02462528711527
N11K,-0.388540718005508
N11L,1.72008005951977
N11M,-0.268199791144605
N11P,-0.544573091768469
N11Q,1.49072917102032
N11R,-0.552728413539959
N11S,-0.928491860799785
N11T,0.480189644013233
N11V,0.149296290467313
N11W,1.07492537972292
N11Y,0.693181040692872
A12C,1.56034459744309
A12D,-1.14684246336132
A12E,-2.32182566196107
A12F,0.123865648923965
A12G,0.32036534059932
A12H,1.33400803985619
A12I,0.271764582955106
A12K,2.42696246141972
A12L,1.02239512193606
A12M,0.341409426050094
A12N,4.03261538021606
A12P,0.4656974359799
A12Q,-1.92222766026927
A12R,-1.92055178897613
A12S,0.606839581498706
A12T,-0.790948236115461
A12V,-1.39957132149416
A12W,8.36671471732078
A12Y,0.955031563313138
P13A,-1.02504601338503
P13C,9.99579601887783
P13D,0.0248791005473841
P13E,0.524791490068518
P13F,9.99579601887783
P13G,0.161196798533356
P13H,2.86334909932482
P13I,4.40503880903729
P13K,1.34634893151999
P13L,9.99579601887783
P13M,2.05322547194046
P13N,0.200866251822324
P13Q,6.33040559898065
P13R,-0.032662752677134
P13S,-0.0858681996445042
P13T,2.46850408819848
P13V,0.658451439986404
P13W,9.99579601887783
P13Y,5.7231672030091
R14A,5.21402428826667
R14C,9.99579601887783
R14D,9.99579601887783
R14E,9.99579601887783
R14F,2.82516506902507
R14G,9.99579601887783
R14I,8.42712141741693
R14K,-0.553428741989687
R14L,9.99579601887783
R14M,6.20358186951738
R14N,9.99579601887783
R14P,6.74016246505108
R14Q,2.85187982654527
R14S,8.24415552756503
R14T,9.99579601887783
R14V,2.60882878278954
R14W,9.99579601887783
R14Y,9.99579601887783
I15A,9.99579601887783
I15C,9.99579601887783
I15D,9.99579601887783
I15E,5.98802305490772
I15F,0.345178507338026
I15G,9.99579601887783
I15H,1.42498616696091
I15K,9.99579601887783
I15L,-2.1433606482819
I15M,-0.646031616467603
I15N,9.99579601887783
I15P,9.99579601887783
I15Q,9.99579601887783
I15R,9.27219915377764
I15S,9.99579601887783
I15T,-1.22392018880589
I15V,-0.717857582384974
I15W,4.30209703941077
I15Y,7.53246644204803
T16A,0.540858938688962
T16C,9.99579601887783
T16D,9.99579601887783
T16E,9.99579601887783
T16F,9.99579601887783
T16G,9.99579601887783
T16I,-1.33532848263466
T16K,8.33307615693619
T16L,9.99579601887783
T16M,9.99579601887783
T16N,9.99579601887783
T16R,9.99579601887783
T16S,0.804217465000193
T16V,-0.615802516623551
T16W,9.99579601887783
T16Y,9.99579601887783
F17C,9.99579601887783
F17D,9.99579601887783
F17E,9.99579601887783
F17G,9.99579601887783
F17H,9.99579601887783
F17I,9.99579601887783
F17K,9.99579601887783
F17L,0.0409700853653927
F17M,-0.282445976535023
F17N,9.99579601887783
F17P,2.55749525587506
F17Q,6.95465836325828
F17R,9.99579601887783
F17S,9.99579601887783
F17T,9.99579601887783
F17V,9.99579601887783
F17W,1.84866017075701
F17Y,9.99579601887783
G18A,-1.42193881635366
G18C,9.99579601887783
G18D,1.8193801476726
G18E,0.759442593916934
G18F,-1.06851427100925
G18H,0.0773937471051823
G18I,0.217204954896151
G18K,0.51582246117242
G18L,0.192684372988034
G18M,0.983324382678742
G18N,-1.13053975440091
G18P,-0.961293696513612
G18Q,-0.560339537760018
G18R,0.694434143150684
G18S,0.156108400341609
G18T,0.102038105772285
G18V,4.652096592817
G18W,0.27023049319602
G18Y,0.913592374701678
G19A,0.473257202129577
G19C,5.65635266936837
G19D,-1.47720855276653
G19E,-0.48302407237716
G19F,0.735324112059935
G19H,1.23746822733698
G19I,1.04869920225396
G19K,1.64256982624374
G19L,0.833738275233674
G19M,1.90434069046827
G19N,7.6433435070324
G19P,2.92422563542773
G19Q,-0.674616215754684
G19R,-0.396061478629948
G19S,0.973093909967899
G19T,0.543372737198248
G19V,-0.656874033555513
G19W,-3.00770089256689
G19Y,1.10301130728781
P20A,1.29825046430174
P20C,6.91892920459175
P20D,1.64962383134264
P20E,2.39040108634997
P20F,0.748596354945267
P20G,-2.48275770855648
P20H,-0.906337638011173
P20I,0.205307330638854
P20K,5.99114635346883
P20L,1.70224709210342
P20M,-0.314225890782493
P20N,0.829318133484944
P20Q,-0.447051651196411
P20R,0.117826075988692
P20S,0.546232222006938
P20T,-0.186873775409923
P20V,-0.429954523512362
P20W,2.90023959763406
P20Y,-0.529323860942668
S21A,-0.750701159804169
S21C,1.06377718028704
S21D,3.22523387639178
S21E,0.622206933166839
S21F,1.68330557831297
S21G,-0.30702067468463
S21H,2.46950512710811
S21I,0.169010130324094
S21K,1.3348838663527
S21L,0.919531926894166
S21M,1.60484911873161
S21N,-1.10803956938244
S21P,0.377933157404641
S21Q,1.80751454147294
S21R,0.878071653342101
S21T,0.981590331322808
S21V,2.54981790070688
S21W,0.625262614541032
S21Y,0.694805067231755
D22A,-0.110140399370395
D22C,0.637765271736477
D22E,0.242148847734004
D22F,1.37396809472876
D22G,0.554350625741761
D22H,-0.616165130866776
D22I,-0.642199069426411
D22K,0.521237362005735
D22L,-0.133265518726259
D22M,1.37062750963395
D22N,1.78023202628316
D22P,-0.854672693534459
D22Q,-1.13244360455345
D22R,1.99225937236222
D22S,0.815791146805547
D22T,2.21626927834384
D22V,0.32863555996972
D22W,1.80362269077864
D22Y,-0.659159851461681
S23A,-0.610503103828717
S23C,1.13754809937537
S23D,-0.0153713648940648
S23E,1.71944759915992
S23F,0.698539039188233
S23G,0.847588651638575
S23H,-0.923801681676267
S23I,0.910611685454307
S23K,2.47419569331672
S23L,0.695903382845816
S23M,0.540500026010387
S23N,2.84463161490653
S23P,0.1171107359391
S23Q,0.495641966021211
S23R,0.942581506620029
S23T,0.906627334712363
S23V,-0.114836059601233
S23W,0.553282017359514
S23Y,2.97947645229832
T24A,-0.484515230505963
T24C,-0.779585031400219
T24D,-1.02806249987159
T24E,-0.656953093561639
T24F,-0.442141605999944
T24G,-0.083856172694347
T24H,-1.34366438411675
T24I,2.23970147399766
T24K,-1.07788386736391
T24L,0.00975184636282382
T24M,0.650933971849521
T24N,-0.321565196735885
T24P,-0.821717552766891
T24Q,1.56970120899941
T24R,-0.587592908583393
T24S,1.27467862243864
T24V,-1.31867866253062
T24W,2.9605958593666
T24Y,-0.067310526321546
G25A,0.207687547391657
G25C,1.04738419215939
G25D,-2.86758188427856
G25E,-1.66148643569333
G25F,1.68997319302526
G25H,1.24044520559338
G25I,2.86489306652936
G25K,-0.209072183451769
G25L,-0.270124335766833
G25M,0.250055259107831
G25N,3.8407500010037
G25P,0.699939782641925
G25Q,0.630540501721663
G25R,-0.857227403311548
G25S,-2.7160193791772
G25T,-0.690330137545275
G25V,-1.24099855051301
G25W,0.419122286087096
G25Y,0.232983921571729
S26A,0.844631121811172
S26C,1.94170895426515
S26D,-0.149992301265981
S26E,-0.923291818944278
S26F,1.14701442214373
S26G,0.427257958303721
S26H,0.180319214449365
S26I,-0.133506696404062
S26K,2.93191866251462
S26L,-1.48884553997102
S26M,-0.5600294939847
S26N,1.5853388779783
S26P,-0.60609728649413
S26Q,1.03220830940979
S26R,2.01436119778044
S26T,-1.19441978774824
S26V,-1.56893921401012
S26W,1.92330684326945
S26Y,1.01184943932595
N27A,0.25407535568334
N27C,0.480311616104113
N27D,-0.669671953581586
N27E,3.05716247856065
N27F,-0.767614145697295
N27G,0.430563767614196
N27H,-1.07287169198951
N27I,-0.748515635185304
N27K,1.25971960760536
N27L,-0.130571206988401
N27M,-0.24375739327851
N27P,-0.703654867885484
N27Q,0.367207002646893
N27R,0.986036022607697
N27S,0.284123357067902
N27T,-1.26323395535524
N27V,-0.840078444128567
N27W,3.86029404011969
N27Y,0.0579430877729248
Q28A,-1.3512504762749
Q28C,0.729822210059714
Q28D,-0.048259274126594
Q28E,1.41787690916163
Q28F,1.30697403637194
Q28G,-0.0767442588396531
Q28H,1.03882634721006
Q28I,0.35845818239939
Q28K,1.5260063188239
Q28L,0.353171218135401
Q28M,-0.00914626866665904
Q28N,0.329951633038091
Q28P,0.850089430779809
Q28R,1.53784371658691
Q28S,0.59599682068839
Q28T,-0.542091210471461
Q28V,-1.48392049821874
Q28W,2.11421262321633
Q28Y,-1.362135566635
N29A,-1.22194531143125
N29C,0.948683885961892
N29D,0.493513066235998
N29E,-0.901042424148474
N29F,0.112550178998637
N29G,0.196914646255083
N29H,-0.437031733306585
N29I,-0.613093009262163
N29K,0.939201804517972
N29L,0.919196227723358
N29M,1.28330251989569
N29P,0.497268389195424
N29Q,0.386071366987347
N29R,5.76696718026104
N29S,0.036506693995618
N29T,1.09488948113792
N29V,2.22809459319703
N29W,2.77896815398869
N29Y,0.501796939340497
G30A,0.166285926899181
G30C,0.291051166502034
G30D,-0.760912523002356
G30E,1.02419648965146
G30F,0.747770548194856
G30H,2.68383448676891
G30I,2.27108225689622
G30K,-1.21566901791733
G30L,1.47246170308594
G30M,1.74655371700264
G30N,0.877944781060381
G30P,-0.298104660406656
G30Q,-0.300238669975001
G30R,0.376791366983945
G30S,1.56306596720328
G30T,-0.54572398183339
G30V,-0.691041576118776
G30W,3.40175047535509
G30Y,-0.616724041431184
E31A,0.24938048186314
E31C,-0.38977184220258
E31D,-0.50875483448511
E31F,0.779567963915204
E31G,0.165999857346277
E31H,2.03666268106698
E31I,0.623062965011341
E31K,-0.766661338870141
E31L,0.0119698674951405
E31M,0.180931273602367
E31N,-0.311489208540159
E31P,-0.579097728029607
E31Q,-1.14675589584892
E31R,1.34545278831331
E31S,2.95415522064823
E31T,-0.894411443908444
E31V,1.19632957474056
E31W,3.11422904553379
E31Y,-0.0335326472136832
R32A,0.719832315789625
R32C,1.47920840215316
R32D,-0.38951742828204
R32E,-0.0358675795379602
R32F,1.1488398942837
R32G,-1.55459562820364
R32H,-0.116818000137137
R32I,-0.307949308046959
R32K,0.0637875112820935
R32L,0.308932457050329
R32M,-0.206394581381609
R32N,-0.21867182533539
R32P,-3.31330094515661
R32Q,-0.0426514556527936
R32S,0.767463898545766
R32T,0.359061085131577
R32V,1.6774188605969
R32W,3.04634398861777
R32Y,0.688666065518866
S33A,-0.448310668235734
S33C,-1.4273278625309
S33D,0.883662324808694
S33E,1.46745763760604
S33F,0.45425509076862
S33G,-1.77184942391494
S33H,-1.31472216778841
S33I,1.47023190539094
S33K,-2.70509004716567
S33L,0.57406185026057
S33M,-0.920117570764043
S33N,0.541525783980939
S33P,-0.632748180439498
S33Q,0.980759535087266
S33R,-0.594342166684801
S33T,0.131300216626604
S33V,-0.350869450851585
S33W,2.2598164610709
S33Y,-0.750485110017706
G34A,0.484948383145596
G34C,0.526949048704466
G34D,2.50842065234266
G34E,1.76074143281683
G34F,-1.19184551921169
G34H,0.166448704152342
G34I,0.706967020844552
G34K,-1.36688278844816
G34L,-0.70198447415732
G34M,1.85112215770997
G34N,-3.11207573465316
G34P,-0.242129284341758
G34Q,0.450098369632194
G34R,3.28547169526892
G34S,1.10526033148597
G34T,1.969351922357
G34V,0.184332700866454
G34W,3.35114852873481
G34Y,2.02863381221188
A35C,-1.38267124325179
A35D,0.669987841154509
A35E,-0.541123830850759
A35F,0.481949679053319
A35G,1.04926481461371
A35H,0.454630907684866
A35I,0.194642771353566
A35K,0.43781366732795
A35L,0.337841192473012
A35M,3.27851800798148
A35N,-0.456662543038724
A35P,0.522540128263068
A35Q,-1.0503872887946
A35R,0.29690333395815
A35S,-1.24309632087853
A35T,-0.108529732558792
A35V,-1.18189939412704
A35W,1.38659008423354
A35Y,-0.34010946062558
R36A,1.5321187529203
R36C,3.40996000767286
R36D,1.72677366882332
R36E,0.814415616809757
R36F,4.30781696863127
R36G,1.37025261463668
R36H,4.20876682804404
R36I,4.55646213571329
R36K,-0.0173839778900753
R36L,3.52519638645184
R36M,2.01212481935588
R36N,0.689473433372033
R36P,3.36821362590026
R36Q,0.650072251232972
R36S,1.70690524044367
R36T,2.06984325321888
R36V,1.89652807072433
R36W,5.13254950784097
R36Y,3.97573975706054
S37A,-0.486831157225564
S37C,0.292339314761842
S37D,-0.83468261641562
S37E,2.35441412346686
S37F,4.01827462180071
S37G,-0.433621702029635
S37H,0.0225840276612423
S37I,0.906683735353056
S37K,1.05819273437707
S37L,1.34761432637347
S37M,1.70349238128548
S37N,-0.837734153958647
S37P,-0.515483872621234
S37Q,-0.406824429151025
S37R,-0.413266861376567
S37T,0.512053907482021
S37V,0.177497325796099
S37W,6.46376762342296
S37Y,3.99630028579152
K38A,3.81889521149719
K38C,9.99579601887783
K38D,4.0548896978146
K38E,3.64198903537672
K38F,5.97129032680905
K38G,9.99579601887783
K38H,5.76087457036096
K38I,5.89878728000664
K38L,6.50574198563917
K38M,5.59013690761245
K38N,1.65049983805372
K38P,9.99579601887783
K38Q,3.60615395533067
K38R,-1.21980886687428
K38S,4.47856881084833
K38T,6.0978037705087
K38V,5.5640848496646
K38W,9.99579601887783
K38Y,9.99579601887783
Q39A,0.254634213495896
Q39C,3.29878719459199
Q39D,2.83694602229293
Q39E,1.61554827745322
Q39F,3.4936288941091
Q39G,-0.569110941483333
Q39H,-0.81376491443284
Q39I,2.55705632567645
Q39K,0.281518623095308
Q39L,-0.924078622015188
Q39M,0.144277981335144
Q39N,-1.59937877009906
Q39P,0.866273870394451
Q39R,1.04906946878485
Q39S,1.82133718793008
Q39T,0.657148969814924
Q39V,1.07143676976884
Q39W,3.12623280508235
Q39Y,-0.02558294782606
R40A,2.21690141161168
R40C,4.42695828917605
R40D,4.04076362338681
R40E,2.02485085989238
R40F,4.43737329589904
R40G,5.31981193475382
R40H,6.95512700814733
R40I,3.7014541055323
R40K,1.77949860189959
R40L,4.66441481310561
R40M,3.59225111747105
R40N,3.07747159912642
R40P,2.20738088092912
R40Q,1.7496181807693
R40S,3.7104030943111
R40T,5.14522686611972
R40V,3.26477207326539
R40W,6.46765752136993
R40Y,3.79066546983904
R41A,3.0794545411089
R41C,4.15839336188056
R41D,3.00896735567177
R41E,0.583218275368843
R41F,3.8506141624505
R41G,1.22176504678794
R41H,1.78048374395468
R41I,-0.473227376735978
R41K,1.07905108803558
R41L,3.3750388986863
R41M,2.9562114353307
R41N,1.05232140776078
R41P,0.43058170192269
R41Q,1.89000086825248
R41S,1.37455364539076
R41T,0.75625875655974
R41V,1.96471514426262
R41W,3.49897889397908
R41Y,0.770397034459129
P42A,0.460704202714086
P42C,0.0831934658122637
P42D,-0.0337922781599923
P42E,0.861005368477485
P42F,0.236885180796233
P42G,0.869521347401685
P42H,-0.178763139686344
P42I,0.399283665172763
P42K,0.303351577455037
P42L,1.36794531468176
P42M,0.13723424138518
P42N,-1.92097801540944
P42Q,-0.416295389802187
P42R,-1.5474513742351
P42S,0.405077789697813
P42T,-0.535694527810872
P42V,0.123605655918021
P42W,0.0237540961918268
P42Y,1.36390210674034
Q43A,-0.295749096580794
Q43C,-0.106465769939005
Q43D,0.274266638723872
Q43E,4.21197029256022
Q43F,1.41865983972941
Q43G,-0.883769023306033
Q43H,1.89574123995678
Q43I,-1.76996548135768
Q43K,1.47345814777185
Q43L,0.590655178254821
Q43M,-1.0829657601781
Q43N,-0.239431387118713
Q43P,-0.192223115114847
Q43R,3.95318314579014
Q43S,-0.119025884799847
Q43T,2.22196591520452
Q43V,2.76811805120865
Q43W,1.55010353726442
Q43Y,0.704023400961654
G44A,-0.73860541199496
G44C,0.463419370772446
G44D,1.32002519097492
G44E,0.403865865028842
G44F,1.31330803610978
G44H,0.474864838315782
G44I,1.35548673736638
G44K,-0.813891221860939
G44L,-0.439683896520916
G44M,-0.63318727023946
G44N,-0.788585147482251
G44P,0.0291721504106968
G44Q,0.00166471526523316
G44R,-0.946065536424509
G44S,0.222767362361301
G44T,-0.230827140224594
G44V,-1.2185337053293
G44W,1.63724243214149
G44Y,-0.0930945658859866
L45A,0.3316527169445
L45C,-1.42257843874257
L45D,1.95505042324686
L45E,0.800423545819742
L45F,0.036535585058028
L45G,-0.294182364639127
L45H,-0.678680773403775
L45I,-0.026680789006886
L45K,-0.40244041187977
L45M,-0.609251550637544
L45N,-0.943436924681693
L45P,0.998039874192488
L45Q,0.176163348405657
L45R,2.33751853656558
L45S,-1.30035947297604
L45T,9.99579601887783
L45V,0.726374417492864
L45W,0.0653295395351156
L45Y,-0.533615348861553
P46A,-0.0871587217431787
P46C,0.277915839045311
P46D,0.258692153692625
P46E,-0.45825502042421
P46F,1.35319102864655
P46G,-1.07246710021557
P46H,-0.967302447644041
P46I,-0.364044196769521
P46K,-0.759380130044714
P46L,-0.177597241479786
P46M,0.480175745456097
P46N,0.635515069735659
P46Q,-0.506808019442691
P46R,-0.846338961658755
P46S,1.03374629591138
P46T,0.0166934291696289
P46V,1.01436337107318
P46W,0.155137869282818
P46Y,-1.48438987301766
N47A,1.0105787471878
N47C,-0.907941445588761
N47D,0.0387079374353551
N47E,-0.0620487039823916
N47F,0.918885668440697
N47G,0.29673539217689
N47H,-0.66671711470893
N47I,-0.252757216285529
N47K,-0.0362258504609348
N47L,1.87451627320035
N47M,1.8164419164734
N47P,1.05548301657569
N47Q,-0.866467448365129
N47R,-1.19410529891981
N47S,0.115111113826053
N47T,0.767729402740939
N47V,-0.526665115016
N47W,0.699743519870251
N47Y,1.34672240013713
N48A,-0.979974479562879
N48C,-0.159912531358727
N48D,4.76835373578475
N48E,0.634955675464611
N48F,0.692906282373158
N48G,0.859521315617619
N48H,1.28343575237102
N48I,0.445613673670941
N48K,-0.54992168542718
N48L,1.7194789489095
N48M,2.86779343613632
N48P,0.549858039790566
N48Q,2.79460010746485
N48R,0.171236557228894
N48S,-1.03248827247249
N48T,-1.33184784004705
N48V,-0.959536552678778
N48W,0.269847428275506
N48Y,0.802051170932315
T49A,0.171382944835384
T49C,1.35373563496637
T49D,1.13017094030493
T49E,1.14809608739698
T49F,0.761699767147389
T49G,2.08927224640806
T49H,-1.22055779486902
T49I,1.7389152475921
T49K,1.47529153609143
T49L,-0.189892005724302
T49M,-1.86680706428139
T49N,-0.949665263927967
T49P,-0.427705654769648
T49Q,1.67543730043585
T49R,-1.27849329048897
T49S,-0.597813199492002
T49V,-1.00568668970028
T49W,-0.0926515551619048
T49Y,1.91018722781178
A50C,0.99397583569
A50D,2.47809820971825
A50E,-0.303179873462513
A50F,0.391309610359414
A50G,0.540479018046494
A50H,-1.30342502135352
A50I,-1.16519661097619
A50K,1.07602410842809
A50L,-0.57971276302688
A50M,0.262967109103828
A50N,-0.827281432365083
A50P,-0.225845430796461
A50Q,0.177547449703364
A50R,0.577274681718024
A50S,0.378517979792151
A50T,-0.431568220931064
A50V,-0.0157668863379086
A50W,-0.376788705847036
A50Y,-0.282779444642886
S51A,-0.20876269897508
S51C,0.820318400644439
S51D,1.62438791659089
S51E,1.50546146162337
S51F,1.63619279063536
S51G,-0.396544681867207
S51H,1.2132544843037
S51I,1.16181602246329
S51K,-0.263700131057445
S51L,1.30929123415034
S51M,2.04397479121664
S51N,0.564130711810044
S51P,0.995503007919762
S51Q,2.61806386783653
S51R,2.13969654104121
S51T,1.31761697672094
S51V,1.60286090291717
S51W,2.329412169708
S51Y,0.30019382134697
W52A,0.497648251941075
W52C,1.67717240388807
W52D,0.51261287906477
W52E,0.215102334130764
W52F,0.061467427239527
W52G,1.30967992703901
W52H,0.132801210386704
W52I,-0.595561818347457
W52K,-0.489886597482273
W52L,-0.882993562573947
W52M,1.69387487167439
W52N,1.00158897955497
W52P,2.2834266764067
W52Q,0.323392126589794
W52R,2.07158205767045
W52S,0.657781448179695
W52T,-0.985358364749907
W52V,1.04383598400996
W52Y,-0.604090829584495
F53A,0.186843610971529
F53C,6.01373988691203
F53D,1.56885800298239
F53E,0.0852965173772382
F53G,0.692596838313907
F53H,1.51730307791537
F53I,0.663118891539644
F53K,0.698768101818501
F53L,-0.026960486758832
F53M,0.630843434723875
F53N,1.39775873577842
F53P,0.0610730700009065
F53Q,0.0842186902436605
F53R,0.309937120207258
F53S,0.0882082894088056
F53T,0.541856676696519
F53V,-0.174036924174258
F53W,1.45103698827413
F53Y,0.611052134583027
T54A,4.34695490541787
T54C,-0.253313829500991
T54D,0.182533601035013
T54E,-0.305160290229146
T54F,-0.714164069500062
T54G,0.903769254978794
T54H,1.25727425912488
T54I,0.919298890977472
T54K,0.308816556546858
T54L,2.25657265369325
T54M,0.31380331745674
T54N,-1.36570252597357
T54P,-0.256371832246003
T54Q,0.751497391460424
T54R,0.643412960092894
T54S,1.38864967010079
T54V,-0.284621801456361
T54W,-0.689645102134555
T54Y,-0.95028834844076
A55C,0.596402706928685
A55D,-0.945644542972347
A55E,-0.58591032559114
A55F,-0.35671943762363
A55G,0.15473355730212
A55H,1.29450993039864
A55I,-0.285684140302504
A55K,0.839535799048074
A55L,1.94495199766541
A55M,-0.648728063198206
A55N,-0.316749066653143
A55P,-0.0967670384365239
A55Q,-0.427181937064734
A55R,-1.04211372091541
A55S,0.287249430580007
A55T,-0.747816702258942
A55V,-0.0877056525726083
A55W,-0.615942653007055
A55Y,-1.0756898479134
L56A,-0.488704403838037
L56C,2.36921649524443
L56D,2.04586767308451
L56E,1.38723575958571
L56F,-0.467604949892179
L56G,0.638504372922859
L56H,0.400018726032326
L56I,-0.158949910478865
L56K,2.14346704991987
L56M,-1.87781153068445
L56N,0.474368849906376
L56P,1.05645036780935
L56Q,0.254697468462157
L56R,-1.06827211726598
L56S,-0.0373372443348457
L56T,0.5300594540345
L56V,-0.810199051454008
L56W,-0.156390951337239
L56Y,0.154626370412975
T57A,0.678275186663097
T57C,0.0581511507486673
T57D,0.0158087214479957
T57E,0.919956161636864
T57F,-1.98990940448497
T57G,0.711987192515492
T57H,0.357312387835242
T57I,0.51272981111168
T57K,1.10819048097109
T57L,2.0303480981416
T57M,2.30058914380222
T57N,-0.449820689951551
T57P,0.0403809182066334
T57Q,1.0120345215308
T57R,0.850166927027934
T57S,0.811040094877673
T57V,0.261823118864252
T57W,-1.55499441229068
T57Y,-0.172563282598255
Q58A,-0.00898927076429744
Q58C,0.538357455071002
Q58D,-0.863539419870408
Q58E,-0.591507245461994
Q58F,-0.344783160193722
Q58G,0.556679123032754
Q58H,1.79568189294245
Q58I,-1.90895215416216
Q58K,-0.29344747346324
Q58L,1.40062559669619
Q58M,0.469849086268459
Q58N,0.525135017788494
Q58P,3.92410654436373
Q58R,0.267468343922427
Q58S,0.33643900945231
Q58T,-0.157463787127893
Q58V,-1.24079513201483
Q58W,0.354900522286818
Q58Y,0.477930827206486
H59A,0.419842657514363
H59C,-1.35621659790805
H59D,0.00814151344316453
H59E,0.784209433925933
H59F,-0.45903207573569
H59G,-0.105323006971202
H59I,0.465928109465193
H59K,-1.39212820172789
H59L,-1.16910629250698
H59M,-0.892429807529217
H59N,-0.216614242820211
H59P,0.278653799322314
H59Q,0.40927974166098
H59R,-0.402415428224314
H59S,-1.5910964767934
H59T,-0.997819431628738
H59V,-0.44922847773666
H59W,0.867445358231321
H59Y,-0.212997531368416
G60A,-1.82218523845653
G60C,-0.977646331772254
G60D,-0.581595224003285
G60E,-1.18327128060896
G60F,2.53706213548347
G60H,0.399355207649489
G60I,0.281858115389717
G60K,-1.00883509827604
G60L,-0.44643260934331
G60M,-0.990866561757255
G60N,-0.594070846499312
G60P,1.54325863282484
G60Q,1.57639001733632
G60R,1.92028545942096
G60S,0.513093186379848
G60T,-0.339942154009587
G60V,0.690401141762206
G60W,1.54336548201438
G60Y,0.507928031173996
K61A,-0.169336520451911
K61C,-0.560760471031659
K61D,1.33645671568342
K61E,-0.644441865139358
K61F,1.28684715347629
K61G,-0.892781703755047
K61H,7.77139303771568
K61I,-0.357725920091905
K61L,-1.06051896307018
K61M,-0.447582111440382
K61N,1.16579034098755
K61P,0.755905884458522
K61Q,-0.887372455714545
K61R,-0.759810232550518
K61S,-1.92153066970305
K61T,2.64115284824941
K61V,-0.80272493220767
K61W,-0.929546007208824
K61Y,0.130734378944995
E62A,-0.238346904343988
E62C,0.0244930366383714
E62D,-0.201954384199482
E62F,0.388178670571605
E62G,0.583784225203625
E62H,-0.896980025399512
E62I,-1.23463440577152
E62K,-0.455875287644639
E62L,0.0178253672516673
E62M,-0.989776750843245
E62N,1.40934680208138
E62P,-0.891982840820756
E62Q,0.255870821758919
E62R,1.1295707328295
E62S,-0.728488199123516
E62T,1.01639582334842
E62V,-1.6662326497536
E62W,-0.490097500481385
E62Y,0.47847420013691
D63A,1.34470306766218
D63C,-0.982054327724951
D63E,-0.299490019768862
D63F,-0.349415126893972
D63G,0.300617157892719
D63H,-0.14875586252821
D63I,0.185970374131635
D63K,0.112881441854
D63L,0.224572222307145
D63M,-0.289336396386345
D63N,-0.733014640011591
D63P,3.11524904975887
D63Q,0.440602903807137
D63R,2.14636833937843
D63S,-1.12549396032152
D63T,-1.56166116082224
D63V,-1.11249582061009
D63W,-0.342218846967793
D63Y,-1.15259791683747
L64A,-0.63860562174189
L64C,0.284316118020443
L64D,0.319724689563076
L64E,0.592155811633842
L64F,-0.0845321701548366
L64G,1.11805884648528
L64H,0.218601548833969
L64I,-0.368499056230013
L64K,0.837954652291973
L64M,4.01833963642337
L64N,-0.188888126131245
L64Q,3.47041797818621
L64R,1.35022964557419
L64S,2.1473854748686
L64T,0.0979774399909066
L64V,0.0906213536759726
L64W,1.00806969280286
L64Y,-1.75746911300096
K65A,0.518593396011622
K65C,0.681056755046946
K65D,-0.148411928553214
K65E,-0.630025559969672
K65F,-0.185723701662735
K65G,-0.479436029819888
K65H,0.0392585614512878
K65I,-0.952900360933288
K65L,-0.595933723797804
K65M,0.834162563436013
K65N,0.0836901852405157
K65P,1.11031461183944
K65Q,-0.741777817190299
K65R,0.1164445301756
K65S,0.545297024211085
K65T,-1.0573960453894
K65V,-0.161397637345235
K65W,-0.382514025147605
K65Y,0.47586751860749
F66A,-0.726748704789886
F66C,4.89844534158011
F66D,1.73718138947545
F66E,-0.0715417958843205
F66G,0.359956396235136
F66H,-1.95349523857982
F66I,2.98715855692149
F66K,1.58898223083601
F66L,1.55130709769345
F66M,0.356113418557345
F66N,0.806200215078031
F66P,2.03238706669931
F66Q,2.36932239093798
F66R,2.96540304062303
F66S,0.647032463140222
F66T,-0.934446947152963
F66V,1.61248924980942
F66W,-0.0385533427992565
F66Y,1.23324838770654
P67A,0.603078151719144
P67C,0.311787523068327
P67D,-0.604090829584495
P67E,-0.936884961860101
P67F,-0.769248712495604
P67G,2.17820301485202
P67H,0.783192606451024
P67I,-0.00689857901463957
P67K,0.48290246392733
P67L,0.55811113932393
P67M,-0.321467804961331
P67N,-0.606290783091729
P67Q,-0.322291002940441
P67R,1.37647620204694
P67S,1.72371563174643
P67T,-0.0358670932239522
P67V,0.100542007121868
P67W,-1.41230364568945
P67Y,0.191181153476882
R68A,-0.507235277560153
R68C,-3.28281154174528
R68D,0.488046361995402
R68E,0.68168897067432
R68F,-0.153219024508221
R68G,0.812331713072003
R68H,-1.03326773713978
R68I,-1.41226958378121
R68K,0.733632687370329
R68L,2.34210617538851
R68M,-1.7520544225861
R68N,-0.782969437810506
R68P,-0.633048408959759
R68Q,-0.422628140657475
R68S,-0.271722890858393
R68T,-0.646113882480202
R68V,3.50710434779265
R68W,-0.371467594061406
R68Y,2.59171988505405
G69A,1.44584791867615
G69C,0.683057327880993
G69D,0.755097739440262
G69E,-0.439836954748794
G69F,-0.404927546576784
G69H,1.44608052516306
G69I,-0.706905023238312
G69K,-0.083461633862332
G69L,3.85958018278985
G69M,-0.448888209646346
G69N,-0.292676984340198
G69P,0.808478465061774
G69Q,0.00389759538445964
G69R,0.092267422897044
G69S,-1.94142972252046
G69T,-0.729520110630446
G69V,0.459895110521312
G69W,0.0736005000746568
G69Y,0.509733643325699
Q70A,0.63743367383613
Q70C,0.308544628855179
Q70D,0.652044281648598
Q70E,0.212798316656138
Q70F,1.13252388001869
Q70G,-0.74681254864357
Q70H,2.98525992006999
Q70I,0.205481006277893
Q70K,-0.113205385770844
Q70L,0.852859789198439
Q70M,2.69114995733386
Q70N,-1.11898039139822
Q70P,2.54546386496678
Q70R,-0.182376912712169
Q70S,0.544766187337835
Q70T,-0.139590154189561
Q70V,-1.07904833480389
Q70W,0.236970761281545
Q70Y,-0.338467296061946
G71A,1.01995984780204
G71C,2.32652872060629
G71D,2.42028871742353
G71E,1.23232982670176
G71F,0.700994238179598
G71H,1.11821541349659
G71I,1.6041851504342
G71K,0.410938337665873
G71L,0.985728140240134
G71M,0.41031956631131
G71N,1.98471056886676
G71P,-0.786281111443736
G71Q,2.13509378930783
G71R,0.063190382598534
G71S,1.43758390305258
G71T,1.97451745257735
G71V,0.0282846588642433
G71W,0.314343780460976
G71Y,1.59398181060118
V72A,0.508449744340542
V72C,1.10551417625558
V72D,1.58963097232137
V72E,1.55584827593489
V72F,0.65378658026721
V72G,1.37506411720605
V72H,1.95593594332513
V72I,0.402748416575724
V72K,0.913555364698706
V72L,0.866710179062658
V72M,-0.268234346916565
V72N,0.0914771940617105
V72P,-1.7230906998852
V72Q,1.37777988718228
V72R,2.75243106565716
V72S,-0.368658763886286
V72T,0.928041716133598
V72W,1.73301846282172
V72Y,1.21897323782158
P73A,0.560277635466272
P73C,-0.336205545835544
P73D,2.46265496531494
P73E,2.96387641785826
P73F,1.07147705533507
P73G,0.922524210899035
P73H,1.67280998292412
P73I,0.461730812447772
P73K,2.82759344071552
P73L,0.551931778884609
P73M,5.11818642979969
P73N,1.30710200095147
P73Q,1.24906444947618
P73R,2.95302420524935
P73S,0.592023708688822
P73T,1.56667036279564
P73V,0.596475543084508
P73W,1.00449001719247
P73Y,3.52706248147302
I74A,-1.29490319469764
I74C,0.202209102889382
I74D,-0.927439198726816
I74E,-0.11067601394931
I74F,0.0751948147913352
I74G,-0.0280975437732659
I74H,1.47768194831914
I74K,1.25288666667147
I74L,0.278078211022165
I74M,0.410881775972493
I74N,0.0540601356459338
I74P,-1.32876762961773
I74Q,0.386712473122316
I74R,0.890243462728437
I74S,-0.288024888721955
I74T,0.754854768265614
I74V,-0.190180503017294
I74W,0.619797452037547
I74Y,-1.23003047099766
N75A,-0.812890894287327
N75C,-0.0843651609895085
N75D,0.301701781000253
N75E,1.74293189225539
N75F,-0.949030926885895
N75G,0.738144437041091
N75H,-0.21698482712335
N75I,0.587999486819125
N75K,-0.535080271782825
N75L,-1.16889583649117
N75M,-1.05667439256839
N75P,-0.345300562732338
N75Q,0.818582029901627
N75R,1.644203966642
N75S,-1.27676707271106
N75T,0.411715104737085
N75V,-1.49965984870685
N75W,-0.269926708426738
N75Y,-0.2032640040907
T76A,0.417647456990265
T76C,1.39793425443987
T76D,0.117433262107294
T76E,-0.00323690574466061
T76F,0.527116621466137
T76G,-0.174488341151586
T76H,-0.282802457493257
T76I,0.212880003838581
T76K,-1.84319100445383
T76L,0.171176142381407
T76M,0.228042082894111
T76N,-1.1007701347943
T76P,1.73579940741389
T76Q,0.897733800689268
T76R,-0.000841323674756284
T76S,-0.0992541350071054
T76V,0.32221327922204
T76W,-0.759357966828587
T76Y,-0.713411464182535
N77A,0.37229514476161
N77C,0.860759983467878
N77D,3.27427526565278
N77E,3.58164471262439
N77F,0.864609702065256
N77G,0.525369952780064
N77H,-0.199748824979751
N77I,0.281073550799675
N77K,-1.08674954865609
N77L,-0.332254313050281
N77M,1.53773788446755
N77P,0.881323713992682
N77Q,-0.425452198530891
N77R,-0.360774216192778
N77S,-1.50139870013746
N77T,0.357528426172002
N77V,0.527030482333258
N77W,0.182784970795972
N77Y,-0.737580948919572
S78A,-1.35306042424524
S78C,1.42052274431661
S78D,0.298101615838642
S78E,-1.435018816518
S78F,-0.424288445821124
S78G,2.81764814880531
S78H,-0.234030041444334
S78I,-0.340916510247851
S78K,0.768373817053809
S78L,-0.247720624540059
S78M,1.02360509787456
S78N,-0.625586474012109
S78P,0.376032104284163
S78Q,0.122006827566121
S78R,1.48500231910938
S78T,-1.33237479301393
S78V,0.138151821681416
S78W,-0.249933759808661
S78Y,-0.797750778677209
S79A,-1.12288429816732
S79C,-1.6007725239114
S79D,-0.396789946863587
S79E,0.53390771425182
S79F,-0.0371967951478026
S79G,1.92564862832462
S79H,0.310354574151262
S79I,-0.268968378157873
S79K,0.409238990995035
S79L,-0.135757349680897
S79M,2.12197584076332
S79N,-0.896431005113729
S79P,0.664955912647681
S79Q,-1.2212795200144
S79R,2.69307392200468
S79T,-1.36690925335478
S79V,0.704351062992698
S79W,1.05299194025652
S79Y,-0.854815711888764
P80A,1.04087155340672
P80C,0.73966118925695
P80D,-1.18213503670325
P80E,-2.15350286174361
P80F,-1.53407940360028
P80G,-1.22736973107617
P80H,0.0171308138388623
P80I,-0.851145165419398
P80K,-0.504689651170995
P80L,-1.29451538404667
P80M,-0.57223669314103
P80N,2.27365041632753
P80Q,-2.57694013566106
P80R,-0.913229339171018
P80S,-0.780940163204393
P80T,-0.0362004381287585
P80V,-0.388873216333802
P80W,0.211138256835854
P80Y,-0.272023890471729
D81A,-0.72910328219472
D81C,3.02546527492966
D81E,-0.672871959996178
D81F,2.82768861252671
D81G,0.803318864198872
D81H,-0.0658906633681611
D81I,-0.0818504836114024
D81K,0.725631729237309
D81L,0.291289818232491
D81M,-1.87911714094603
D81N,1.7406492886048
D81P,-0.345975617999612
D81Q,-0.57164723091564
D81R,1.68483249247308
D81S,0.356753483603941
D81T,-0.326134772191482
D81V,-0.138739035033256
D81W,1.53807023806197
D81Y,0.0222508739690298
D82A,-0.794420037887256
D82C,0.588318185788419
D82E,0.211408670636883
D82F,0.540272290145273
D82G,0.532545146872694
D82H,-0.421842058985573
D82I,9.99579601887783
D82K,1.82393209795705
D82L,1.12414694545884
D82M,0.626379349162411
D82N,-0.0780013629996704
D82P,2.74180756897828
D82Q,-0.930024268640738
D82R,1.13770204201407
D82S,2.13352348372203
D82T,-0.0322393839946256
D82V,0.589209293500592
D82W,1.30796026522448
D82Y,2.68029419729756
Q83A,-1.06518322270726
Q83C,0.383160464962149
Q83D,-0.255737660354769
Q83E,0.436817579376804
Q83F,0.126227145951866
Q83G,0.510922073013883
Q83H,-0.91402860432947
Q83I,1.02289158354567
Q83K,1.23232787488642
Q83L,-0.258965398174797
Q83M,-0.516006932804204
Q83N,-0.307732620652395
Q83P,-0.0489110289554404
Q83R,0.563304612956015
Q83S,0.936739374194026
Q83T,1.10127064414687
Q83V,-1.25382335902663
Q83W,-0.508602166240449
Q83Y,-0.603128197258895
I84A,2.30851792409315
I84C,0.643872428722295
I84D,1.97445395444029
I84E,0.0999501447192274
I84F,2.27004525839671
I84G,-0.582737792296666
I84H,0.746981962616588
I84K,1.1546846662366
I84L,-0.250638711841048
I84M,1.38936118229464
I84N,0.501927533790189
I84P,0.785316123567281
I84Q,0.483356485917285
I84R,-0.466496739540287
I84S,-1.00714873019012
I84T,0.396800035566867
I84V,2.58146172941686
I84W,1.08907239035214
I84Y,5.79651889826481
G85A,3.14244127104964
G85C,2.26547145211208
G85D,2.16518372527355
G85E,1.75046807304689
G85F,1.24175967276988
G85H,3.26416201543311
G85I,0.83157140658564
G85K,2.43353918952846
G85L,1.65127452698844
G85M,1.12564253961002
G85N,2.1774573096858
G85P,2.38861783401055
G85Q,1.9668991991841
G85R,0.855833824070498
G85S,1.75701412982569
G85T,0.451471926110021
G85V,0.748938602882185
G85W,0.110892493194197
G85Y,4.49212686442807
Y86A,0.0120206339700481
Y86C,-0.895198639910556
Y86D,0.660596450827433
Y86E,1.50156774051844
Y86F,0.81050287106974
Y86G,1.54719855092444
Y86H,0.364353684661389
Y86I,1.4242565287384
Y86K,2.26097213420971
Y86L,2.01024352049576
Y86M,0.198736393440606
Y86N,0.1336238701267
Y86P,1.67019502869679
Y86Q,-0.421473964139319
Y86R,1.98430678331605
Y86S,0.194800214459073
Y86T,0.0462037220923663
Y86V,1.67225201013411
Y86W,1.65568200190654
Y87A,1.16696547277619
Y87C,2.85585645184878
Y87D,0.776573374894215
Y87E,0.997070268868961
Y87F,-0.141712960530425
Y87G,1.01166166770345
Y87H,-0.796536601750702
Y87I,1.93481188672788
Y87K,1.15754599466339
Y87L,1.57841406635974
Y87M,-1.26397264990208
Y87N,0.741374090565688
Y87P,0.704784558992495
Y87Q,0.738764971054204
Y87R,1.23151594219035
Y87S,0.649618246809619
Y87T,0.356720062236639
Y87V,0.59623431182743
Y87W,-1.25901711179315
R88A,0.563240416038055
R88C,-1.07712112861607
R88D,-0.673257304882184
R88E,-1.42959855341145
R88F,0.224024096120456
R88G,-0.923950160959505
R88H,-0.627664672842223
R88I,1.08065788258438
R88K,0.312562595559318
R88L,0.656382781147752
R88M,-0.782971338345435
R88N,-0.205790518221702
R88P,1.59339286479421
R88Q,1.88337401053846
R88S,-0.527070208479464
R88T,-1.25045813035498
R88V,-1.55009714589014
R88W,-1.22048075060404
R88Y,0.409970321855864
R89A,0.906979261965566
R89C,1.19016421836466
R89D,0.951740047402273
R89E,0.160239869234711
R89F,-0.187614000679407
R89G,0.343348171515248
R89H,0.717965774619871
R89I,-1.26620472124641
R89K,1.44195977900813
R89L,-0.968406936636169
R89M,-0.417599229662609
R89N,2.03238706669931
R89P,0.45034199500902
R89Q,-0.372827969756384
R89S,-0.462708967478876
R89T,0.185504800267059
R89V,-1.39993795579346
R89W,1.04166434914527
R89Y,0.00972555709914211
A90C,0.217204954896151
A90D,0.607370481087754
A90E,-0.171408379267865
A90F,-1.28707433958769
A90G,-1.10709578082906
A90H,-0.238961953507302
A90I,-0.357985355004731
A90K,0.0992010962117039
A90L,-0.0740153978012484
A90M,-0.0753374390583383
A90N,1.06882081832851
A90P,0.2955056416997
A90Q,1.66998792193897
A90R,1.97388321493376
A90S,1.37290068865259
A90T,-0.298385860222534
A90V,-0.497333432853589
A90W,-0.49737967546801
A90Y,-0.732626357291017
T91A,-0.240789997024981
T91C,-1.07937891298754
T91D,0.102399738858348
T91E,0.793795461772663
T91F,0.121959138951526
T91G,2.56212770576366
T91H,-0.0822854201563995
T91I,-0.436150746739264
T91K,1.59972557651976
T91L,0.66006479527504
T91M,0.515532813828308
T91N,-0.34631432577793
T91P,0.836993348421357
T91Q,-0.687082044917542
T91R,0.653652270014889
T91S,1.27440982592771
T91V,-0.852943462560741
T91W,1.29891725527049
T91Y,0.838022265384075
R92A,-0.868611445724471
R92C,0.353824918989028
R92D,-1.00552193906726
R92E,-0.0370504741631507
R92F,0.610410958596189
R92G,1.26209674924967
R92H,-0.116510481397536
R92I,0.00487086369240225
R92K,-1.164126113499
R92L,-2.40427146797246
R92M,-0.576285925445701
R92N,1.34885868617839
R92P,0.332084047176671
R92Q,-0.66156575538056
R92S,-2.90929128395032
R92T,1.42454902568194
R92V,-0.405022463939098
R92W,0.0741723892525336
R92Y,-0.901422731583494
R93A,-1.0664606405315
R93C,0.613888252847147
R93D,-0.502147227116926
R93E,3.66909156901654
R93F,2.5793784640331
R93G,-0.725368459777029
R93H,0.211201143517118
R93I,-0.107549617506892
R93K,-0.0239368415270995
R93L,0.189455141132745
R93M,-0.461276212573167
R93N,0.469952332047767
R93P,-2.29255886602538
R93Q,9.99579601887783
R93S,0.205384468541709
R93T,0.815415258019247
R93V,1.29397665146279
R93W,2.5582545514684
R93Y,-1.12968393206402
I94A,3.63576323314217
I94C,-0.955302183895035
I94D,-0.480379506655516
I94E,-0.0807341039743804
I94F,1.00753631194757
I94G,-0.848567992094104
I94H,-0.907702378008688
I94K,-1.01061547190775
I94L,0.771365919495071
I94M,-0.869593560598962
I94N,-0.0399673905220318
I94P,-0.152279779080705
I94Q,1.59054201857211
I94R,1.33090481886211
I94S,1.7756174989552
I94T,1.71444242059199
I94V,0.410630479296675
I94W,1.34447216836026
I94Y,-0.755934792275019
R95A,0.786828656396661
R95C,1.62622747328947
R95D,0.0364306901510551
R95E,-1.24000445969866
R95F,0.470349942173632
R95G,-1.58017923480191
R95H,-0.0221928546792211
R95I,0.501476519141456
R95K,0.100181067413176
R95L,0.0113049095400643
R95M,0.184054501585515
R95N,-0.942589244302875
R95P,-0.824357658350615
R95Q,-0.708757178727207
R95S,0.498301437419039
R95T,-1.20130473401871
R95V,2.06379600914876
R95W,0.597887519889459
R95Y,1.51291754992094
G96A,-2.79323348022112
G96C,1.75327630983161
G96D,0.12532586750866
G96E,2.58404760043353
G96F,3.87108345482133
G96I,-1.72051384038018
G96K,-2.4292160658067
G96L,-0.144974730074611
G96M,-0.676809498977414
G96N,0.237574986311476
G96P,1.77147949998368
G96Q,-1.41261523961193
G96R,1.65911090109784
G96S,0.231409356040338
G96T,2.37417200984641
G96V,-1.07779886840952
G96W,1.33970155263046
G96Y,-0.0440057314370177
G97A,0.273074613064685
G97C,1.52443124396272
G97D,-1.02191500992224
G97E,0.397293776020412
G97F,3.96992517990014
G97H,-0.660608867038536
G97I,0.965139218171386
G97K,0.348251696328074
G97L,-1.46644870232826
G97M,-0.544244834644207
G97N,0.0219403464279558
G97P,0.199297262865829
G97Q,1.00061854004172
G97R,0.245820458263394
G97S,0.938784646069791
G97T,-1.77859240189383
G97V,1.56771784545012
G97W,-0.265479390371637
G97Y,1.28462187442496
D98A,0.191172335340005
D98C,0.639836498714206
D98E,0.49384822210061
D98F,-1.59556120019484
D98G,1.00290656439801
D98H,-0.391429979580418
D98I,-0.482293333909321
D98K,0.800460059004567
D98L,-0.298236035731614
D98M,-0.121069484288324
D98N,2.9099232789204
D98P,-2.71299720956467
D98Q,-1.32838940252241
D98R,-0.947594863819546
D98S,0.0253285043012966
D98T,-0.138778022619106
D98V,0.841570528452296
D98W,0.189487745813752
D98Y,-1.49431125821406
G99A,-0.445127568669807
G99C,-1.70944613059052
G99D,-0.0986566244607753
G99E,-0.646819577566999
G99F,1.60874375721254
G99H,-1.18655242912395
G99I,-1.04682517125794
G99K,1.01690192620502
G99L,0.380149947652449
G99M,0.274038458085542
G99N,1.45865181785684
G99Q,0.832488911510851
G99R,-1.4395164609855
G99S,0.610556173893204
G99T,-0.656006450509006
G99V,0.0708680597191746
G99W,0.654491871254186
G99Y,3.77184601335382
K100A,-1.15316740926593
K100C,2.07659136598975
K100D,1.18704704256766
K100E,0.520923831296325
K100F,0.00838952986015221
K100G,0.964203284430885
K100H,-0.185640993602497
K100I,0.0661737955043746
K100L,1.51412356065894
K100M,-1.49418246513424E-05
K100N,0.364470513895714
K100P,-0.954265614527371
K100Q,0.611709250918415
K100R,1.23805212272311
K100S,0.0352508169781216
K100T,0.79508430268079
K100V,1.64289313629355
K100W,1.00926304761374
K100Y,0.572633629632736
M101A,3.49824931125315
M101C,-1.35659007256307
M101D,-0.171696690456612
M101E,0.935307904349555
M101F,1.30723919257528
M101G,0.299831756562581
M101H,-3.19381958657462
M101I,0.512549010634018
M101K,1.26384214275953
M101L,0.18213720489642
M101N,1.66708780644181
M101P,-0.67555241428247
M101Q,-0.271959135025007
M101R,-0.175595058816898
M101S,-0.99235930523376
M101T,1.66507786541178
M101V,1.19694097218177
M101W,0.763021879637165
M101Y,0.44155577691876
K102A,1.22132511673345
K102C,-1.75067139207368
K102D,-0.45928227668101
K102E,-0.62745431021563
K102F,-0.181440964297769
K102G,-0.102632757502036
K102H,-0.750183254730282
K102I,-0.819598645507443
K102L,0.985335746593966
K102M,0.260586740304955
K102N,-1.40294814523545
K102P,-1.77685668840732
K102Q,-1.35679325252166
K102R,-0.477805462423884
K102S,0.215461561045667
K102T,-0.937442584522467
K102V,0.00562881175353397
K102W,-0.143127806450125
K102Y,-0.795881844316324
D103A,0.110959078857606
D103C,0.209441278377569
D103E,0.520999032259279
D103F,-0.904988503540081
D103G,-0.490049679809014
D103H,1.77122247142801
D103I,1.47426463306588
D103K,0.363808750906018
D103L,0.665448101421785
D103M,-0.301073740221657
D103N,-1.34047658161217
D103P,0.429593731940105
D103Q,5.53951122861237
D103R,-0.298855322558649
D103S,-1.78194666677477
D103T,-0.495877257504148
D103V,1.39094645655644
D103W,0.510577012242777
D103Y,-0.0708226882315963
L104A,-1.34881713878242
L104C,-0.551153301520806
L104D,-0.90019974589252
L104E,-0.0373267713798121
L104F,1.12832038141239
L104G,-2.31875711372951
L104H,0.35128065986735
L104I,0.811089733555474
L104K,0.225578665364832
L104M,-2.88550315281614
L104N,-1.63856856361693
L104P,-0.6317097219796
L104Q,2.27206461264568
L104R,-0.208980328992554
L104S,0.387748053057645
L104T,7.57996575708365
L104V,0.905073011973142
L104W,1.1818528104895
L104Y,-0.184295425721947
S105A,-0.866211074456949
S105C,0.951201316743962
S105D,-1.35393800603271
S105E,1.07541848186848
S105F,0.619490003102152
S105G,0.11105806095747
S105H,-0.276029989238103
S105I,0.684625382647755
S105K,-0.160333981775096
S105L,-0.0247671133248905
S105M,-0.0641758937300327
S105N,-0.0546086938501439
S105P,0.301498867468183
S105Q,0.786828656396661
S105R,0.753264471502523
S105T,0.205950666735827
S105V,0.249460396096015
S105W,-0.508268762099395
S105Y,-2.13480406017447
P106A,-1.23312498339543
P106C,-0.763873768930645
P106D,0.166324020142719
P106E,-0.294849358729428
P106F,-1.47513662706265
P106G,0.916286398784844
P106H,0.563860868658589
P106I,0.563736676024575
P106K,-0.833716748384694
P106L,-0.472462968240305
P106M,1.05200896951242
P106N,-1.46048918352278
P106Q,2.48234095971462
P106R,0.70533591982856
P106S,-1.00034262329006
P106T,0.00193796892236421
P106V,0.42177529900327
P106W,1.38653308845699
P106Y,0.513359766169323
R107A,-0.821186465843789
R107C,1.08336000670826
R107D,-0.0722415974830233
R107E,0.380400045269519
R107F,0.602049621701766
R107G,-1.25627795015094
R107H,-0.054851595323623
R107I,-0.184925947723536
R107K,-0.614812598288438
R107L,0.303621969896088
R107M,-0.0157575341498665
R107N,0.693547385933612
R107P,2.23661656200524
R107Q,0.848770130109077
R107S,2.35913423419467
R107T,0.204599492558309
R107V,-1.03459418630827
R107W,0.0113691874058208
R107Y,0.376302224290259
W108A,1.27182026751866
W108C,2.49268758702121
W108D,-0.145605574384655
W108E,0.505690632786881
W108F,0.836645706339073
W108G,0.37624514820361
W108H,0.241058226887555
W108I,3.95711321782611
W108K,-1.06869385818225
W108L,1.1285598764176
W108M,0.691199035915968
W108N,0.167723388322385
W108P,1.85696409488297
W108Q,1.91031789187428
W108R,-2.86821325896385
W108S,0.328991264903264
W108T,0.239185077722465
W108V,0.46479303842507
W108Y,-0.910870735201959
Y109A,0.712904415059996
Y109C,1.600242654381
Y109D,1.02525317677544
Y109E,0.243368366301282
Y109F,-0.271784432566835
Y109G,2.45144986768368
Y109H,-0.856768573688239
Y109I,-0.19391541182242
Y109K,-0.981734073343367
Y109L,-0.496503468529603
Y109M,1.04552398518953
Y109N,-1.08924630183677
Y109P,2.5033731474159
Y109Q,-0.898265884571116
Y109R,-0.714828887636736
Y109S,0.160782346483739
Y109T,-0.0992852232970983
Y109V,-0.945644542972347
Y109W,0.0742024439398236
F110A,2.93698794238879
F110C,1.93283759907362
F110D,9.99579601887783
F110E,9.99579601887783
F110G,1.08172505218107
F110H,4.28804300477548
F110I,0.918406298741954
F110K,9.99579601887783
F110L,1.45433415520322
F110M,-0.836128346061975
F110N,4.36516113016878
F110P,7.93260912916305
F110Q,6.61313447235668
F110R,1.52817177297598
F110S,5.89907453245
F110T,2.54527281068672
F110V,0.426655156393175
F110W,-0.458332404095588
F110Y,-0.0250556893319715
Y111A,2.02008179276962
Y111C,2.85830631054141
Y111D,2.24827195152377
Y111E,0.283699275366509
Y111F,-1.59580766089683
Y111G,0.457185516531375
Y111H,-0.387761162633472
Y111I,1.32840645892876
Y111K,5.75445246985313
Y111L,1.05218392721654
Y111M,0.315657453937458
Y111N,1.09958562341124
Y111P,6.63778532387684
Y111Q,1.59440153446731
Y111R,3.14866259607202
Y111S,0.601892257407312
Y111T,1.63398737991258
Y111V,0.228191704167507
Y111W,0.951599120100095
Y112A,0.710205163043512
Y112C,-2.81589028648565
Y112D,1.01711114743066
Y112E,-0.0680963062186802
Y112F,0.0428462957458403
Y112G,1.98689023818393
Y112H,0.606323286458072
Y112I,1.3254850482654
Y112K,6.64863210399295
Y112L,1.09448004162898
Y112M,-0.176986873565538
Y112N,1.72418722226178
Y112P,4.73884653844358
Y112Q,2.83410382451235
Y112R,2.38583312883165
Y112S,1.3189040583681
Y112T,1.79897008215068
Y112V,0.793181114747211
Y112W,-2.70509004716567
L113A,-0.0118425550185052
L113C,0.654152658919545
L113D,0.688760028351043
L113E,-0.422703538766673
L113F,0.436110677854593
L113G,0.211199130332028
L113H,-0.0364123828583856
L113I,0.952315645172895
L113K,-0.013331290124091
L113M,-0.533675191808174
L113N,1.05180151591592
L113P,3.23820204167307
L113Q,-1.67689837453016
L113R,1.48341074698243
L113S,0.080059151853426
L113T,-0.26683019855025
L113V,0.174363755885015
L113W,2.17190072932226
L113Y,1.37321737619958
G114A,1.86502272073104
G114C,0.421541933701904
G114D,-1.22807995961722
G114E,1.34545278831331
G114F,1.46308402775414
G114H,0.0207798864761149
G114I,-0.484893614864861
G114K,0.453230022006776
G114L,1.38068102768139
G114M,0.090943720941577
G114N,-0.284375258354462
G114P,-0.016668378573076
G114Q,0.681581221049077
G114R,1.89771850241695
G114S,1.21023534788803
G114T,3.02273139558554
G114V,2.74413524499171
G114W,1.64095429035561
G114Y,1.83979187499187
T115A,1.45163581911989
T115C,2.26325792835244
T115D,0.888054246812544
T115E,1.10265018315064
T115F,0.263558661798593
T115G,7.44842491228192
T115H,0.22499648734422
T115I,0.416393844003037
T115K,-0.148192793394441
T115L,1.61632396281853
T115M,0.348576998402966
T115N,0.37215530526621
T115P,1.3345986336031
T115Q,-0.165087104827063
T115R,2.11446242900873
T115S,2.19255428083056
T115V,0.167621874126339
T115W,2.1947967690245
T115Y,1.84166434689437
G116A,1.00553039734468
G116C,0.327771058420372
G116D,0.307783468643511
G116E,-0.0950438700650984
G116F,1.67999052237744
G116H,2.1571823873499
G116I,1.10051280193786
G116K,0.722561676584806
G116L,0.815469321194423
G116M,6.13505390361664
G116N,0.838416910914848
G116P,0.20499959663048
G116Q,0.608765878530563
G116R,0.733684772248289
G116S,0.912205068139442
G116T,3.19162083332157
G116V,1.73978390356075
G116W,0.476434134764434
G116Y,2.39041329942516
P117A,-0.0269798905388815
P117C,4.99512196734539
P117D,0.55993731830813
P117E,-0.31363969959257
P117F,1.20208407904662
P117G,-0.945365732826512
P117H,0.998723931900981
P117I,3.82208891822819
P117K,-0.624451335057541
P117L,-0.111508897092566
P117M,1.28277401153755
P117N,0.184824094271945
P117Q,3.94668932662972
P117R,0.881142968655856
P117S,0.0663634102033133
P117T,0.950113231399053
P117V,-0.438664910031221
P117W,-0.551263362425843
P117Y,0.298691984824743
E118A,-0.209167361884712
E118C,1.97900516980959
E118D,0.802686054607379
E118F,-0.985588527643784
E118G,1.14121862931667
E118H,-0.568889260372425
E118I,0.0732680900124198
E118K,5.30474328589538
E118L,-0.092191204211593
E118M,-0.296150562242436
E118N,-0.509988574107795
E118P,0.53547575184512
E118Q,-0.0150719492595862
E118R,-0.174207572644659
E118S,0.00545474921171811
E118T,-0.199904382197601
E118V,3.62895411031738
E118W,2.08696934325692
E118Y,-0.681344633009248
A119C,0.743173258413035
A119D,-0.180273948494726
A119E,0.536738612525026
A119F,-0.853735642866251
A119G,-0.314422914288276
A119H,0.831225669886126
A119I,2.21080689234306
A119K,0.370064351587366
A119L,1.75617465548893
A119M,-0.570177376847996
A119N,-0.737894585902053
A119P,0.449159842765526
A119Q,1.29038250220706
A119R,0.208328068703321
A119S,-0.540585889305622
A119T,0.615358159407673
A119V,1.16644512213384
A119W,0.94977439829892
A119Y,-0.416148976140168
G120A,0.485670736731051
G120C,-0.803044795712924
G120D,-1.29753268418794
G120E,2.06917763744024
G120F,-0.649350359698901
G120H,-0.211729127350203
G120I,-1.07471788645252
G120K,0.661758890112015
G120L,-0.394822142477754
G120M,-0.313885729027713
G120N,0.863435237537287
G120P,0.108886173009023
G120Q,-0.703993684330019
G120R,-1.08506054545556
G120S,-0.429585066444019
G120T,1.31490025644734
G120V,-0.508084874205761
G120W,0.523389164711884
G120Y,-0.620502304781623
L121A,-1.57259201008441
L121C,-0.550568927228947
L121D,0.771917606985889
L121E,0.00801664041292494
L121F,0.8465586401386
L121G,0.219461039613898
L121H,1.97595869087033
L121I,0.375386796734093
L121K,1.45642592578341
L121M,-0.993646428413515
L121N,-0.0288028167822925
L121P,2.65432532801579
L121Q,-1.25731236109493
L121R,0.0345436900328548
L121S,-0.995400912515557
L121T,-1.92142745129608
L121V,-0.212487890881726
L121W,1.35406319086373
L121Y,1.95471814424245
P122A,0.0922856012885109
P122C,0.753080031976166
P122D,1.37452988452605
P122E,-0.513401140087585
P122F,-0.756231680410961
P122G,-0.424565048502085
P122H,0.983344868879642
P122I,-0.109426561892694
P122K,-0.241814290972931
P122L,4.57682854997986
P122M,-0.191556121959841
P122N,-0.404844555836313
P122Q,0.800971929543233
P122R,-0.22025709908081
P122S,0.717598352019797
P122T,-0.0614869600044177
P122V,-0.0542983092246306
P122W,2.59641255034468
P122Y,-0.0705922445947666
Y123A,2.4552369647681
Y123C,0.660432144831904
Y123D,-0.0418144554905973
Y123E,0.742344208990181
Y123F,-2.29255886602538
Y123G,0.668446978013641
Y123H,-0.525152278754282
Y123I,-0.224799704358756
Y123K,0.40423964945233
Y123L,-0.0358966179697009
Y123M,1.19465555877203
Y123N,0.320388509264919
Y123P,-0.229872402404837
Y123Q,-2.08624411212993
Y123R,-0.346706059223218
Y123S,2.08267831232864
Y123T,-0.415071481493624
Y123V,-0.242027362149724
Y123W,1.60099379500037
G124A,-0.48695680049978
G124C,0.0251588810129109
G124D,-0.622477738343282
G124E,-0.0893348198643054
G124F,1.11046051477225
G124H,-1.11780821761367
G124I,-0.350844971265463
G124K,0.233477172087047
G124L,-0.46798320822696
G124M,0.899236615359567
G124N,0.997099002577196
G124P,-1.36188297149262
G124Q,1.4087303693575
G124R,-1.2009278553742
G124S,-0.967053770344643
G124T,1.31627987748501
G124V,1.92984908833757
G124W,0.428502216014458
G124Y,0.764412322135395
A125C,0.420638045299087
A125D,0.555279559458368
A125E,0.329932836976048
A125F,2.87466964063385
A125G,-1.1527363931991
A125H,0.640509329323543
A125I,-0.570022314375237
A125K,-0.556529035418155
A125L,-0.770045694212218
A125M,0.108227965501035
A125N,0.269678701483656
A125P,1.14501175243315
A125Q,-0.21060697746963
A125R,1.83847517709946
A125S,-1.49473774669371
A125T,3.40925843632922
A125V,0.165276361280087
A125W,3.66324450696638
A125Y,0.557514172879486
N126A,-0.317335135320368
N126C,0.134911472121744
N126D,0.117130109120999
N126E,-0.166736051315989
N126F,-1.21905245139406
N126G,2.98612741309483
N126H,1.20597894440911
N126I,0.187427793956365
N126K,0.726680106425023
N126L,-0.910070417017127
N126M,-1.39098338692812
N126P,1.19149543320571
N126Q,1.97050001982055
N126R,0.657286870045536
N126S,-0.0800539490316363
N126T,2.45329076399573
N126V,2.29408172971037
N126W,0.571567094157416
N126Y,0.0061526027049708
K127A,1.39497310988804
K127C,0.613874093582412
K127D,1.49644879029798
K127E,1.0420398944505
K127F,0.315951180400522
K127G,-1.05096461672949
K127H,-0.563103974503636
K127I,0.207100408793431
K127L,2.66571504322621
K127M,0.377050661836958
K127N,-1.00483303136321
K127P,1.85500485530011
K127Q,2.35314045609046
K127R,0.559603557117657
K127S,0.688653681828927
K127T,0.0748159478168995
K127V,-1.18588169416989
K127W,0.633005337471427
K127Y,0.0634513927011241
D128A,3.47892086724541
D128C,1.38672684778291
D128E,-0.475565162626903
D128F,0.460702091912687
D128G,0.532290341739519
D128H,-0.833802699391353
D128I,2.19063869650469
D128K,0.231906444713338
D128L,0.0549886190114707
D128M,-0.426917152206967
D128N,0.703984877416753
D128P,-0.733354678458926
D128Q,1.21138597336573
D128R,-0.933231914849169
D128S,0.374626994315731
D128T,0.407259463711461
D128V,0.498383752097791
D128W,0.777893683258623
D128Y,-0.641816857314148
G129A,2.14305425341811
G129C,0.100574500985894
G129D,0.236714332810658
G129E,0.301344483633354
G129F,-0.706765820448563
G129H,1.61656724261107
G129I,1.20367507612176
G129K,2.40112386620617
G129L,0.955865224970248
G129M,0.47508443419304
G129N,-0.531422306956814
G129P,2.4318490960597
G129Q,-0.23100361702329
G129R,0.402567391779036
G129S,-0.794242390595539
G129T,1.52703595387496
G129V,1.19679432788022
G129W,2.45699251434479
G129Y,0.651431140605958
I130A,2.13370980036424
I130C,1.30441765614503
I130D,2.63407807151822
I130E,3.5555458104956
I130F,-0.316818970411862
I130G,2.65395595622807
I130H,-0.380266178584268
I130K,2.18681272630295
I130L,0.659155837166849
I130M,1.19489891162458
I130N,-0.032826010417979
I130P,1.87315050360077
I130Q,1.75996532065144
I130R,1.40633912092049
I130S,-0.437232183714201
I130T,-0.934659221341147
I130V,1.32498995895205
I130W,2.36579195714225
I130Y,0.957175322577174
I131A,-1.95517428504023
I131C,3.68025616586043
I131D,-0.229498206920975
I131E,-0.734656330799701
I131F,-1.84992178118704
I131G,0.350960121935519
I131H,2.09178511224757
I131K,0.152301102589804
I131L,-1.21543180800305
I131M,-1.11455059369848
I131N,0.0293351391182589
I131P,1.27971857084146
I131Q,-0.142264515701615
I131R,0.917949093609002
I131S,-1.51484489952705
I131T,-0.381312548076126
I131V,-0.673566102001669
I131W,0.480836116148345
I131Y,-1.54480271232727
W132A,3.29478810273658
W132C,0.907762929207695
W132D,1.50419782103773
W132E,2.74552178300375
W132F,2.68081762245041
W132G,2.21602918400011
W132H,0.394626617814001
W132I,1.59159323942423
W132K,2.2477609483721
W132L,1.70400208821299
W132M,-0.355646590804918
W132N,0.918895325573441
W132P,2.99514566161643
W132Q,2.24779027570206
W132R,2.88693746927628
W132S,1.32755168786237
W132T,2.17366787206016
W132V,0.924168454219403
W132Y,0.315257350611954
V133A,1.39374008199126
V133C,3.17528622982841
V133D,1.32696264235508
V133E,-0.505947300391091
V133F,2.60313452964319
V133G,1.76778074546919
V133H,-0.584420713564185
V133I,-1.11260985353792
V133K,1.03283208653763
V133L,0.850823698121578
V133M,0.868393312679275
V133N,0.527605379139969
V133P,5.66095041662435
V133Q,0.691238887025993
V133R,0.641683405119666
V133S,-0.891082450460737
V133T,0.805574130430648
V133W,0.9595193614702
V133Y,1.76326589775951
A134C,-0.190813694384071
A134D,-0.387499797168427
A134E,0.194457318226998
A134F,1.60090381834505
A134G,0.555431692143851
A134H,0.798601667066515
A134I,0.576951043129112
A134K,-0.613415092521387
A134L,-0.361680018910033
A134M,0.138710461338753
A134N,2.07494076126132
A134P,4.75978970303289
A134Q,0.45801729067152
A134R,-1.18857100450842
A134S,-1.30075969328835
A134T,-1.01111155705041
A134V,1.69090314479393
A134W,0.377264324431742
A134Y,-0.299396221415591
T135A,-3.31330094515661
T135C,-0.567422871225638
T135D,-0.24278815520997
T135E,0.122996185725596
T135F,1.57753895344402
T135G,-0.849936714231955
T135H,-1.41695104850441
T135I,1.24627776093494
T135K,-0.0269491508906206
T135L,-0.563795916269397
T135M,-0.988160482086726
T135N,-0.808493813627091
T135P,1.93360627557086
T135Q,1.51822900742705
T135R,0.896433252839663
T135S,0.00175632358862133
T135V,-1.01393429539015
T135W,0.189872869772689
T135Y,0.477798339643044
E136A,1.12111689272268
E136C,0.556195408294832
E136D,-3.15772354775671
E136F,0.818710871967607
E136G,-0.529796013940984
E136H,0.517853009667883
E136I,-0.585723860730264
E136K,1.75902835905989
E136L,-0.269576823059534
E136M,-0.295556185825821
E136N,0.190182231053579
E136P,-0.24762891244678
E136Q,-1.7281223565196
E136R,1.56180439326829
E136S,1.34988712498639
E136T,0.131638753464273
E136V,0.964432987960366
E136W,0.652718015255017
E136Y,1.04731148026088
G137A,0.049252057181867
G137C,0.0437542594873887
G137D,-0.0478759505586144
G137E,-0.27274254433748
G137F,0.173121106864576
G137H,-0.18701890585951
G137I,-0.763329352330658
G137K,-2.25466883231633
G137L,0.780473463547719
G137M,-0.468031817138686
G137N,-0.496345170122096
G137P,0.842126434178488
G137Q,-0.419004529194533
G137R,0.983296285563523
G137S,0.883954057536133
G137T,1.99151667546025
G137V,-1.11663811819691
G137W,4.33008636312428
G137Y,-0.176350630655432
A138C,1.00386221467563
A138D,-0.0641961124511994
A138E,0.787491223924306
A138F,-0.990868656690699
A138G,-0.294662185435476
A138H,-1.27101390641122
A138I,0.112845126246462
A138K,0.0995387820627263
A138L,0.470104103779233
A138M,0.710882970909847
A138N,-0.308905014473681
A138P,4.6619025267382
A138Q,0.142425377842852
A138R,1.00026709528165
A138S,-0.872289642538873
A138T,-1.0172280469726
A138V,0.492135849529354
A138W,1.7171688314542
A138Y,0.637540394054807
L139A,-1.01561599020126
L139C,-0.184845589172004
L139D,1.82209450716422
L139E,0.374074067293072
L139F,-0.204070699041387
L139G,0.995942987086106
L139H,0.00935718390142447
L139I,-0.105181082173835
L139K,-0.142344273304436
L139M,-1.23995906073507
L139N,-0.0920067517523713
L139P,-0.873709922398774
L139Q,-0.1711361932515
L139R,-0.477328035926042
L139S,-0.777069064236713
L139T,1.22264606703117
L139V,0.151596520692259
L139W,0.146078619934068
L139Y,-0.553733982741722
N140A,-0.84774095501474
N140C,0.574792758144944
N140D,-0.364926527505546
N140E,-0.679371017594655
N140F,-0.938638512663183
N140G,1.53575453742616
N140H,-0.783668729325959
N140I,-2.0911988069828
N140K,0.811704436199967
N140L,-0.320740028147669
N140M,2.10548927554201
N140P,0.336389913562876
N140Q,-0.879716348572345
N140R,-0.485584837845255
N140S,-1.37882696179798
N140T,-0.846967797945414
N140V,1.17253984988647
N140W,-0.275539607421282
N140Y,0.244509891588076
T141A,0.737167005849487
T141C,1.37440444255723
T141D,-0.124233299744548
T141E,-1.3691905270774
T141F,-1.80585401802885
T141G,1.33136810370269
T141H,1.14962926679966
T141I,0.804715802318819
T141K,2.41509544863117
T141L,-0.731726815961425
T141M,-1.20308824140064
T141N,0.201865713864123
T141P,0.685149325033747
T141Q,-0.638665303332184
T141R,0.762770529900296
T141S,1.08951143460801
T141V,1.77464155429682
T141W,0.418861648741704
T141Y,-0.505497890551226
P142A,1.29314491921307
P142C,0.804223409236704
P142D,-0.033919645056917
P142E,-0.248713259665553
P142F,0.646545776611552
P142G,-0.0199111762655225
P142H,-0.969919501268223
P142I,0.754703128406035
P142K,-0.292775789244266
P142L,0.489262830916955
P142M,-0.652637328710776
P142N,1.23724768957903
P142Q,1.18315656787929
P142R,0.213495455588555
P142S,-1.10423684902662
P142T,-0.85469103773759
P142V,-0.0144682854411235
P142W,1.39792150845879
P142Y,-0.575556286852127
K143A,0.443520508979894
K143C,-0.294412700315316
K143D,0.18891079250164
K143E,-0.491730745842836
K143F,-2.20928337534056
K143G,1.16886729674717
K143H,2.16568047802619
K143I,-0.183277835260677
K143L,-0.1315761301693
K143M,0.0251488516247963
K143N,2.1102611038096
K143P,0.783950141584454
K143Q,-0.386145455691348
K143R,0.281255726169199
K143S,0.70039598610035
K143T,0.300122441957419
K143V,0.537170172959692
K143W,0.444680042741467
K143Y,1.64426795623548
D144A,-0.0373276779048102
D144C,-0.280123657991762
D144E,-0.179728305709887
D144F,-0.932074730756766
D144G,0.832088058529525
D144H,-0.928500285217403
D144I,-0.716577563299272
D144K,0.706797327638712
D144L,-0.287137085842257
D144M,0.558745505544152
D144N,0.883349314832924
D144P,2.18314990834553
D144Q,-0.348589892235665
D144R,1.3677799931752
D144S,-1.3203290755269
D144T,-1.60056538099131
D144V,0.256465158562582
D144W,-0.439553018621431
D144Y,-1.01336765910157
H145A,0.135689664492243
H145C,0.894353866976086
H145D,-0.328774914364673
H145E,-0.788523079633803
H145F,1.02635862159181
H145G,-0.555977247443388
H145I,0.535069130546593
H145K,0.348229724234306
H145L,-0.464759264256477
H145M,0.363227347708698
H145N,-0.960206448724023
H145P,1.44446262642124
H145Q,-0.498484681067719
H145R,0.706390739453209
H145S,0.047956398771439
H145T,-0.400429738472021
H145V,-0.467349643378319
H145W,-1.64798777354832
H145Y,0.895913887533267
I146A,0.312625860580293
I146C,1.12004184778501
I146D,-0.622187707656498
I146E,0.712579424586628
I146F,-0.682384646994979
I146G,0.965970907724291
I146H,-0.590228226772033
I146K,0.689073661491467
I146L,-0.689500808576636
I146M,0.780648708755504
I146N,0.657960129072789
I146P,-0.033214189624885
I146Q,1.49517145491934
I146R,1.98082877888311
I146S,0.852710498242308
I146T,0.285076025663975
I146V,-0.310341585396276
I146W,-0.299572088395878
I146Y,4.78465643699145
G147A,-0.305524203653949
G147C,-0.0568090346117471
G147D,0.297839433413289
G147E,0.782638701739047
G147F,0.356116086427123
G147H,0.976005192746733
G147I,-0.44487808023316
G147K,-0.435860627215255
G147L,0.290471148566825
G147M,2.65703825226202
G147N,0.764032743322371
G147P,0.541441972444511
G147Q,0.136637389021543
G147R,2.70844680877391
G147S,-0.99235930523376
G147T,0.579315391705573
G147V,1.43526837210237
G147W,1.02866991383084
G147Y,0.746541112083992
T148A,0.988815016133748
T148C,-0.139876035026318
T148D,-1.52082278833526
T148E,-0.294235785979462
T148F,3.30093574236445
T148G,0.0644569812532157
T148H,0.428827788357386
T148I,0.0588962658613755
T148K,1.89210879365144
T148L,2.19677856502199
T148M,0.136602751022433
T148N,-0.120086942403293
T148P,0.582309235440723
T148Q,0.828053763172757
T148R,0.77375964580146
T148S,0.0601035832893853
T148V,-0.840073628148176
T148W,1.61034931011303
T148Y,-0.300018603791623
R149A,0.982408299452615
R149C,-0.601462297864988
R149D,0.362970701558685
R149E,0.848955547984597
R149F,0.943189269400525
R149G,1.08245333171594
R149H,0.498839092836256
R149I,0.286959901870956
R149K,1.02032693743974
R149L,0.692226412997156
R149M,-1.00866675132994
R149N,-0.0425125139738664
R149P,0.143484811947629
R149Q,1.80078253920535
R149S,-0.171952005655561
R149T,0.330339742915627
R149V,0.524867629124873
R149W,0.208119070992117
R149Y,1.26630362162351
N150A,0.124200103723473
N150C,-3.34447655258339
N150D,-0.223334667833529
N150E,-1.24886505544473
N150F,0.11544148896258
N150G,1.34669994169677
N150H,1.83239050469508
N150I,0.847398184789133
N150K,-1.32577398554975
N150L,-0.112936240797796
N150M,-0.733347579791622
N150P,-3.34447655258339
N150Q,-0.913662897729345
N150R,-0.0687600701100151
N150S,0.621890304806194
N150T,-0.183867659272145
N150V,-0.807773325508682
N150W,0.385993945622621
N150Y,-1.03845337533698
P151A,-0.698330257561959
P151C,0.373583335072497
P151D,1.79613095905769
P151E,0.723417645241198
P151F,1.61472749263172
P151G,-1.11403827447189
P151H,-0.180416968286306
P151I,-0.478685184385685
P151K,-1.02409845592913
P151L,0.219297609564752
P151M,0.384290349101434
P151N,0.360603497638403
P151Q,-0.730774634423593
P151R,-1.03311730102903
P151S,-0.536013024822433
P151T,-1.62216922899949
P151V,2.01597521638964
P151W,1.52200660818413
P151Y,0.942668981596867
A152C,0.51209398903453
A152D,-0.92691836069791
A152E,0.56105079941662
A152F,-0.622056847443053
A152G,-1.866834427244
A152H,-1.08996187721735
A152I,-0.662564599036357
A152K,1.44599603420198
A152L,-0.212187566027837
A152M,-0.966285320687244
A152N,1.6407471811568
A152P,-0.13265054918117
A152Q,0.217399288394573
A152R,-0.418416609911728
A152S,-0.256209212623502
A152T,-0.457142157482212
A152V,-0.449721901264949
A152W,-0.121253009492518
A152Y,-0.915985230562955
N153A,0.386164200507156
N153C,-0.165082797320813
N153D,-0.344393766389694
N153E,3.44196366149199
N153F,-0.137573476470189
N153G,-1.52395065728249
N153H,1.2730550791055
N153I,-0.622771920163497
N153K,0.18388534237381
N153L,-0.0121160061762542
N153M,-0.168904100786912
N153Q,0.595663385313657
N153R,-0.489715868978289
N153S,0.316500481433324
N153T,-0.278422955164105
N153V,-0.167421792871353
N153W,1.34278436855751
N153Y,-1.04030060357331
N154A,3.35651113129587
N154C,-0.531533245670122
N154D,-0.152094055020024
N154E,1.61504890430119
N154F,-0.841332207704517
N154G,-2.30095362913184
N154H,0.223368180028672
N154I,-0.660781642073726
N154K,-0.822645872898424
N154L,-0.858532351523564
N154M,-0.640689681084004
N154P,-0.198372137063905
N154Q,-0.54423713730457
N154R,1.67792390008671
N154S,-0.238323743806698
N154T,0.360914460819993
N154V,1.79391172388483
N154W,-0.219617382214909
N154Y,-2.33148257372661
A155C,-1.01160522171784
A155D,1.43114401129232
A155E,-0.200343065803518
A155F,2.23097449740914
A155G,0.749345833990983
A155H,2.85106392516829
A155I,1.42386975085295
A155K,-0.428750717130183
A155L,-0.223291203526516
A155M,1.32598845078456
A155N,-0.548955995949515
A155P,0.25499486775546
A155Q,0.00966672586021628
A155R,0.333743046458932
A155S,-0.67529896551203
A155T,-0.286417427337073
A155V,-1.09501583903253
A155W,-0.435488188391916
A155Y,-1.06855782375344
A156C,-0.164992728459554
A156D,1.56802118989785
A156E,1.10670909897457
A156F,-0.560203185646806
A156G,-0.928600131292458
A156H,-0.0384258996105703
A156I,1.56138112716861
A156K,-0.874440829706228
A156L,-1.23057902932953
A156M,-0.720961236071499
A156N,0.596079133160524
A156P,0.0620238522298469
A156Q,-0.378318935133329
A156R,-0.462523728004949
A156S,0.0300188926668444
A156T,0.0414349993962463
A156V,-0.720256114981172
A156W,0.345228113069738
A156Y,0.126732511439511
I157A,0.332736600351683
I157C,0.117266023867056
I157D,0.440378978182226
I157E,0.607495712399924
I157F,-0.300290668629152
I157G,0.187212327834656
I157H,0.177367203680542
I157K,0.614801374950571
I157L,-0.600135844662801
I157M,0.114997273201673
I157N,0.76794602575638
I157P,1.02920140220767
I157Q,-0.675144880014657
I157R,-0.406332213614194
I157S,-0.295871854514455
I157T,-0.76202027650892
I157V,-1.25290623157148
I157W,-1.19600345552148
I157Y,-0.0102397288838082
V158A,1.22201716395471
V158C,1.81377990875517
V158D,-0.739156805969777
V158E,-0.389501024389137
V158F,1.43770211004815
V158G,-1.04816206987565
V158H,-0.89105893065594
V158I,1.00578566827594
V158K,-0.342173691707274
V158L,-2.30724515404506
V158M,-0.975943190054427
V158N,-0.762749186825215
V158P,0.0595509153571736
V158Q,1.41107230034051
V158R,0.872851480790732
V158S,-0.813516916083923
V158T,-0.0244180449789612
V158W,0.491398308241972
V158Y,-0.791094742120581
L159A,1.94153233774436
L159C,0.770526514415376
L159D,0.368377206373322
L159E,2.62332591069507
L159F,-0.690217821332353
L159G,-0.331563580971548
L159H,0.772569215626368
L159I,0.446959492928669
L159K,1.13156795081115
L159M,-0.00946245167751463
L159N,5.08470742132777
L159P,1.94911225994932
L159Q,-0.206854306198035
L159R,0.345615200251661
L159S,0.121791602879031
L159T,-0.938273618660886
L159V,0.713421658033049
L159W,-0.0286953357088259
L159Y,-1.09162986933263
Q160A,0.506114727415974
Q160C,3.63979289363145
Q160D,-1.790618787476
Q160E,0.151349795888332
Q160F,0.583308195012551
Q160G,2.3679711279605
Q160H,-1.86991168477558
Q160I,0.848173852732044
Q160K,0.549543101862534
Q160L,-0.869770164684827
Q160M,0.26211229572205
Q160N,-0.499022143475399
Q160P,1.40356761339157
Q160R,-0.657981603468821
Q160S,-0.85942667950638
Q160T,-1.16603262760795
Q160V,-0.765969738576984
Q160W,0.707995107153444
Q160Y,0.34196551839342
L161A,1.08713281285149
L161C,-0.711419948313836
L161D,0.341354854991521
L161E,-0.296805574222839
L161F,-0.359102603101457
L161G,-1.01399423271186
L161H,1.30238513709056
L161I,-0.132572183733158
L161K,1.05693639928607
L161M,-0.542697683073447
L161N,0.654545477064845
L161P,2.02471137596243
L161Q,-0.0924643104748119
L161R,2.53823850205103
L161S,0.761479118900144
L161T,-0.648259522025922
L161V,0.243969267396478
L161W,0.0918069313198096
L161Y,1.21506969067665
P162A,3.30681897672304
P162C,-0.148181835581002
P162D,0.788276475707398
P162E,0.301156759033682
P162F,0.278860097155645
P162G,3.05539888558629
P162H,-0.815540650549767
P162I,-1.01114114127094
P162K,-0.260719958367798
P162L,0.113003368781136
P162M,0.565047752395547
P162N,0.776302251000788
P162Q,-0.770259959333917
P162R,0.204157240297361
P162S,-0.73560658191336
P162T,0.0593423522978198
P162V,0.494296740590048
P162W,0.327616102996553
P162Y,0.783311655148789
Q163A,2.8997972038151
Q163C,0.14990741514244
Q163D,0.914735261756957
Q163E,-0.741514861193076
Q163F,-0.0373480531842296
Q163G,0.534428894002107
Q163H,-0.954543566990925
Q163I,-0.814340719006356
Q163K,-0.584085932482904
Q163L,0.152156812697907
Q163M,1.12469447837064
Q163N,-0.0453508369630803
Q163P,0.168595251537498
Q163R,0.683432748200628
Q163S,0.0287034628925773
Q163T,0.0292088323305687
Q163V,0.613242249663138
Q163W,1.21866932637145
Q163Y,-1.15973383569288
G164A,-0.465130447031165
G164C,1.45683066868201
G164D,-0.172667863771714
G164E,-1.1710043322285
G164F,-0.0568015599111259
G164H,0.307647071214529
G164I,-0.793017598477794
G164K,0.253589318371691
G164L,0.343898451750304
G164M,-1.81397423079248
G164N,-0.954669340705877
G164P,-0.056428734614203
G164Q,0.624729745498728
G164R,-0.36695804069371
G164S,0.73608844783505
G164T,-0.597781303589334
G164V,-0.861144179504207
G164W,-0.979178761302012
G164Y,0.733049953841734
T165A,-0.564604165825101
T165C,-0.61342721458977
T165D,0.04901956299522
T165E,-0.743380841512501
T165F,-1.12104900612214
T165G,-0.98446909182613
T165H,-0.313485528162931
T165I,1.39615112361229
T165K,1.17500790064522
T165L,-0.159849014918576
T165M,-0.243946658059937
T165N,-0.157810161476153
T165P,-1.05063485647826
T165Q,0.374828662958098
T165R,0.471800382739218
T165S,-2.40327906739833
T165V,1.11245198864079
T165W,-0.0475247559014551
T165Y,-0.0737951607420204
T166A,2.18806247813894
T166C,1.62556805331922
T166D,-0.164577650544195
T166E,-0.0440799297686452
T166F,0.671561382410499
T166G,0.362579791356962
T166H,2.86248954426579
T166I,-0.259705645524046
T166K,-0.0624329091364436
T166L,0.808328818199225
T166M,0.784607072696511
T166N,0.668284972316123
T166P,0.763956896413965
T166Q,-0.611495227228876
T166R,-1.00560559943535
T166S,-0.327762189481969
T166V,0.00155222596643118
T166W,-1.08073580700568
T166Y,-0.571856772519549
L167A,0.413023097607834
L167C,-0.144467700929648
L167D,1.2891679572713
L167E,0.472790274896191
L167F,-0.499969860309461
L167G,-0.194350011603913
L167H,-0.655448612902794
L167I,0.402504001048569
L167K,3.20462029339429
L167M,0.601631946796903
L167N,0.418932993099362
L167P,0.175885156573578
L167Q,0.148494917278534
L167R,-0.698995900043202
L167S,0.728520488792289
L167T,0.699022388895388
L167V,0.950786268793911
L167W,0.0681029226395838
L167Y,-0.451063375604367
P168A,0.307055088496279
P168C,0.855027190528621
P168D,-0.632428033073743
P168E,0.257640596642326
P168F,-0.190498093556423
P168G,2.22510325318207
P168H,-0.250596046476749
P168I,0.563133077637333
P168K,-1.1392213398089
P168L,0.274703825821375
P168M,-0.466380829433184
P168N,-0.186726421546373
P168Q,-0.2393979068535
P168R,-0.794701979207072
P168S,-0.367552281829274
P168T,-1.48325523751435
P168V,-0.193603651332654
P168W,0.334340940732459
P168Y,0.473755008220552
K169A,-0.422075187429522
K169C,0.723319604070598
K169D,-1.13562284942577
K169E,-1.23867246805699
K169F,-0.159459172369419
K169G,0.0193705183977516
K169H,-1.89284686682206
K169I,-0.929118316735325
K169L,0.699019408534944
K169M,-0.22445139236353
K169N,1.21146056700219
K169P,-1.36696459968001
K169Q,1.03571062616864
K169R,-0.75536721492674
K169S,-0.771773226992483
K169T,-0.677826806042554
K169V,-0.0621059059421156
K169W,0.0772740908652094
K169Y,1.05769427701041
G170A,1.39963436713438
G170C,-0.325431238394415
G170D,-0.787774144175479
G170E,-0.321762869954697
G170F,-2.26059001840564
G170H,-0.425920584214297
G170I,0.0415629930848522
G170K,1.66580648493633
G170L,2.6744932051122
G170M,-0.94780906534914
G170N,0.447275928466898
G170P,0.220527623950982
G170Q,-0.404277855666089
G170R,-2.08062611509219
G170S,0.0526830056023726
G170T,1.5342455774501
G170V,-0.619329907282384
G170W,0.54779871754506
G170Y,-0.480879806338591
F171A,-0.711622417482915
F171C,-0.236306551560031
F171D,-0.260466074995252
F171E,0.504497830543571
F171G,3.18645460020688
F171H,0.934876790370973
F171I,0.382075200292651
F171K,1.42440862546992
F171L,-0.385723613369464
F171M,2.550501194311
F171N,0.2567797582785
F171P,-0.724144508717876
F171Q,9.70306274603151
F171R,0.405325080083528
F171S,-0.107567065735473
F171T,-0.596756857690646
F171V,-0.150997880646418
F171W,0.674126405785695
F171Y,-0.240230764335031
Y172A,-0.410645091239392
Y172C,-0.411794487873845
Y172D,-1.11365364511885
Y172E,-0.0949614846394193
Y172F,-0.370021817183438
Y172G,0.938732925865849
Y172H,-0.76249693782676
Y172I,5.85878818577179
Y172K,-1.34639556998925
Y172L,0.558213593556835
Y172M,-0.445580794967935
Y172N,-0.564078539226697
Y172P,-0.307137056261307
Y172Q,-2.08299850121481
Y172R,1.50001280987572
Y172S,-0.263463658440456
Y172T,-0.928738588164639
Y172V,0.594575831342995
Y172W,-0.181894042529608
A173C,-0.698509937746508
A173D,-1.61228041902896
A173E,0.33944873264253
A173F,3.38338458750428
A173G,-0.0951189679190611
A173H,-0.0591750388271394
A173I,0.146735184756419
A173K,-0.530685787922896
A173L,-0.435547817680124
A173M,0.144621763101329
A173N,0.237007144681108
A173P,0.980544789473876
A173Q,0.670255788008397
A173R,1.29048208602796
A173S,-0.41110299503496
A173T,-0.40485850254611
A173V,-0.178453672008638
A173W,0.109587709541644
A173Y,0.621583106140826
E174A,-1.12902560719176
E174C,1.22651974880347
E174D,-0.3259941537896
E174F,1.42761582795993
E174G,-1.05026905661478
E174H,1.34620586367125
E174I,1.22970036118029
E174K,-1.00862641063654
E174L,-1.62448798621284
E174M,3.99067896123862
E174N,-0.127919355499606
E174P,-0.90112369290165
E174Q,0.797666483912237
E174R,-0.690456210885718
E174S,-0.222312416001182
E174T,-0.661409986563996
E174V,-0.676939589491525
E174W,-0.749639629449931
E174Y,2.2261724679045
G175A,2.85083271809257
G175C,-0.184923218635802
G175D,-0.0134264699250151
G175E,0.999452911586867
G175F,-1.80750329301729
G175H,0.257678974840916
G175I,-0.224914393066488
G175K,-0.0564700963325576
G175L,-0.549937621988967
G175M,0.376131025762062
G175N,-0.671340812761685
G175P,-3.90222784057357
G175Q,-1.157970333679
G175R,0.381930168918091
G175S,-2.59990663283923
G175T,-0.281027149528383
G175V,-0.839237910471424
G175W,1.65939913018074
G175Y,-1.47549711733145
S176A,-1.02687776897902
S176C,-0.538891237732599
S176D,0.683321567495512
S176E,0.417012111651135
S176F,-1.23113157451761
S176G,-0.994842638018124
S176H,0.0501153541937009
S176I,0.219470055598557
S176K,-0.713315940031947
S176L,-2.29255886602538
S176M,0.457364840502954
S176N,-1.24577584067029
S176P,-1.30035947297604
S176Q,2.2968039082356
S176R,-0.638015242594241
S176T,-0.875691985877367
S176V,1.59012904746047
S176W,-0.3321523963877
S176Y,1.97811921610102
R177A,1.15362464781824
R177C,-1.10076153556681
R177D,0.174741196410244
R177E,-0.916538304651466
R177F,0.0491077821663848
R177G,-1.10490614816681
R177H,-0.635925885908588
R177I,-1.61469429758958
R177K,0.200051125972405
R177L,-0.640694777949548
R177M,-0.651531093634714
R177N,5.2292053876232
R177P,-1.08325713798659
R177Q,0.718985068284517
R177S,-1.2307037910286
R177T,0.379554806494936
R177V,-0.499255098743401
R177W,6.28922268275271
R177Y,0.275567256165719
G178A,4.50061386957581
G178C,0.795090766229223
G178D,0.784263500222788
G178E,3.34324437471612
G178F,-0.107936157888151
G178H,1.80514140598452
G178I,0.139682987991364
G178K,-2.13050497848011
G178L,-1.12876607990886
G178M,-0.520776491662835
G178N,-1.64756116751766
G178P,-0.0225385273237959
G178Q,1.49667607573752
G178R,-0.494587613808364
G178S,-1.2777656057315
G178T,-0.869936618746893
G178V,-0.333280291024155
G178W,-1.74416848186646
G178Y,-1.85236897928759
G179A,1.17442752659829
G179C,-0.947306965039984
G179D,1.22054236818835
G179E,0.0752127174503923
G179F,0.616697719413472
G179H,-0.753153173958403
G179I,2.84557842186067
G179K,-0.0207661783139186
G179L,-0.13772365869446
G179M,-0.476001510673988
G179N,-2.44483842391473
G179P,-1.11396579127098
G179Q,-1.2212795200144
G179R,-1.04256046544117
G179S,-0.402410895189882
G179T,-0.398880454078955
G179V,1.35958220023061
G179W,0.898665631913182
G179Y,2.23839731747623
S180A,4.27734570453812
S180C,1.32915333943278
S180D,0.779312149547162
S180E,-1.06749595127358
S180F,-1.70694849939687
S180G,1.72219882343843
S180H,-1.14082296990016
S180I,2.19730877613897
S180K,0.238504132854659
S180L,0.532351971335211
S180M,-0.268071566423024
S180N,-0.72692606064703
S180P,1.19251487567633
S180Q,1.21148583741214
S180R,0.0299722212095046
S180T,-0.374483476099478
S180V,1.08218885698081
S180W,-1.37423607044997
S180Y,-0.362909927226761
Q181A,-0.906337638011173
Q181C,-0.508109520961499
Q181D,-0.408375452469346
Q181E,1.20302187755345
Q181F,2.25552115727459
Q181G,-0.30673044994668
Q181H,1.20262228796861
Q181I,1.22806951707227
Q181K,-0.409637994820333
Q181L,0.356628612363678
Q181M,0.912220588327341
Q181N,-1.11952383877005
Q181P,0.248101655400844
Q181R,-1.2714577010944
Q181S,0.167435385655804
Q181T,0.115111113826053
Q181V,-0.957450263827368
Q181W,-0.622084944319705
Q181Y,-0.645784892267216
A182C,1.13772546665074
A182D,-0.670924875586287
A182E,3.85862118224871
A182F,-0.648636981892781
A182G,-1.53885469766028
A182H,1.16599005514807
A182I,-0.820158788193051
A182K,-0.578315373546134
A182L,-0.0220767619426131
A182M,-0.140004105645098
A182N,5.17545588326866
A182P,2.73798410616916
A182Q,-1.3768242172642
A182R,-0.405384286229861
A182S,-1.13767141667373
A182T,0.902112172424273
A182V,-0.348711624168281
A182W,-0.696457511704706
A182Y,1.4094997719196
S183A,-1.47883217010405
S183C,1.33255982878054
S183D,-0.575384780172452
S183E,0.707352857115235
S183F,0.19724390456602
S183G,1.31255946385282
S183H,0.166832111953034
S183I,-1.71960418933553
S183K,-2.25669073797872
S183L,1.18262662921844
S183M,0.128153038612745
S183N,0.533759202362049
S183P,-0.412498350236783
S183Q,0.74063407724916
S183R,-0.195355893654337
S183T,3.3394355213457
S183V,0.339164462852526
S183W,0.176674663145594
S183Y,-0.308229180021073
S184A,-0.3583468965255
S184C,-3.54926181601923
S184D,-0.412214253329811
S184E,7.13211638485824
S184F,-0.72692606064703
S184G,2.47713106698849
S184H,-1.13802641457276
S184I,-1.09265310960479
S184K,0.242181407244977
S184L,-2.18950378666517
S184M,-0.100148517269793
S184N,0.746378173938055
S184P,1.17168878731645
S184Q,-0.0578083055592788
S184R,-2.79323348022112
S184T,-1.02409446941437
S184V,3.36279110251861
S184W,2.18598283677612
S184Y,-0.275539607421282
R185A,0.147088752923662
R185C,-0.94717764474342
R185D,1.91709771772301
R185E,-0.959247424919893
R185F,-2.00168792840672
R185G,-0.279980917788871
R185H,-0.0415268483117844
R185I,-0.215699410443213
R185K,0.82358264802837
R185L,-2.87815590395502
R185M,0.987248820533688
R185N,-0.107047048907296
R185P,-1.60074074275001
R185Q,-0.242957255710809
R185S,-0.797664939862495
R185T,-1.86383908284771
R185V,-0.89394988609116
R185W,0.28127702551915
R185Y,-3.16733275822059
S186A,1.62986044863302
S186C,1.07108589129036
S186D,-1.16569846233773
S186E,-0.414169805523796
S186F,0.349093078071476
S186G,1.18220179280181
S186H,1.59028772388722
S186I,-3.47714411229402
S186K,1.0896943344131
S186L,-0.715836526404072
S186M,-1.30488242191134
S186N,0.650360828735412
S186P,0.901572460304054
S186Q,-0.449545728321608
S186R,-0.421319785318211
S186T,0.473284723583857
S186V,-0.125125201024268
S186W,0.971564953202836
S186Y,-0.132763391730288
S187A,0.590452648193665
S187C,4.34519332798537
S187D,0.501659392564244
S187E,-1.78688212834418
S187F,1.52293336601447
S187G,-0.852723128555337
S187H,-0.430598187083245
S187I,0.607981546119571
S187K,-0.487735477916038
S187L,0.868626180851487
S187M,-1.12542886025012
S187N,4.2685028614145
S187P,-0.347630587738426
S187Q,-1.15978357136165
S187R,0.00820832958993125
S187T,0.447317240899327
S187V,0.356688466628547
S187W,0.764829821100078
S187Y,2.35991915075277
S188A,-0.98196872981578
S188C,0.430399798021184
S188D,3.54942839549416
S188E,0.332621235396267
S188F,-1.00235457808571
S188G,2.25858510628506
S188H,-0.145258217896724
S188I,0.828264194251716
S188K,4.15224262450878
S188L,0.759247274733647
S188M,-1.11071467902141
S188N,4.11129350982373
S188P,-1.61609747028801
S188Q,0.754730402878205
S188R,2.29274768579653
S188T,0.0854769368129878
S188V,2.72476103338528
S188W,-0.374494622163142
S188Y,1.22757609523588
R189A,-0.623952024902555
R189C,-0.895015216896555
R189D,4.731133944744E-05
R189E,2.79663795322616
R189F,-1.15956444604274
R189G,1.13188799036044
R189H,-0.907303194168964
R189I,1.59338301164297
R189K,-0.831799592520422
R189L,1.5356471925547
R189M,0.153993248888275
R189N,0.607213836309138
R189P,-1.89638679431603
R189Q,-1.32419736781582
R189S,1.26777607505464
R189T,-1.04772046305603
R189V,-0.73216764510565
R189W,-0.277187511451917
R189Y,0.825010724756182
S190A,-1.17962469029435
S190C,0.826775224101936
S190D,0.225755146255336
S190E,-0.0567122365211904
S190F,-0.0680963062186802
S190G,2.38951846342765
S190H,2.36094329004015
S190I,1.00965410404835
S190K,3.14104864246026
S190L,-0.553463661796649
S190M,-0.157071694979174
S190N,0.0846761090883019
S190P,1.03226128792682
S190Q,-0.74086262741679
S190R,-0.33628247782851
S190T,0.996429672799628
S190V,0.490972405110171
S190W,-0.754149628690493
S190Y,0.438442595652331
R191A,-1.60059049141612
R191C,1.70083403976055
R191D,1.45534146390257
R191E,-0.275441250302211
R191F,0.0134498858212411
R191G,-1.09498558931885
R191H,2.94386777801805
R191I,-0.954016924242048
R191K,0.277159371321005
R191L,-0.538827553648613
R191M,-0.00334668473362186
R191N,-1.34499539682197
R191P,1.13772067535725
R191Q,-0.590396423213959
R191S,0.048133621552297
R191T,-0.541753680708518
R191V,0.637739295846485
R191W,-0.376993037263969
R191Y,1.47152441505527
N192A,0.950224275402801
N192C,2.5651956302677
N192D,-1.02967885842919
N192E,-1.03351456185198
N192F,0.0965837977656846
N192G,-0.895690499186293
N192H,1.30058081952371
N192I,-1.25086022478774
N192K,-0.697602886308987
N192L,-0.101406057217864
N192M,-0.474007323667602
N192P,1.03557630848142
N192Q,-1.04189626941156
N192R,-0.537079885508169
N192S,-1.37774638295377
N192T,0.82105826836311
N192V,-0.604574479419014
N192W,0.377572777392764
N192Y,1.76940980087445
S193A,0.0812539907076113
S193C,1.05058241296433
S193D,-0.428502744188578
S193E,0.782672146603846
S193F,1.28599503146353
S193G,0.0845006337123474
S193H,4.97959860505686
S193I,-0.368454120665094
S193K,-0.808313639568387
S193L,0.114809879243481
S193M,-1.45222188712018
S193N,-0.864016782172537
S193P,5.42100337943508
S193Q,1.26494582474251
S193R,0.692393786589317
S193T,0.707126896206718
S193V,-0.412791065745757
S193W,-2.53779332402644
S193Y,0.5725658384513
S194A,0.593972199199089
S194C,1.69708746849733
S194D,1.25467680109297
S194E,-0.768410406126355
S194F,-1.37927171973232
S194H,0.918281435654899
S194I,-2.70509004716567
S194K,-2.39125725504437
S194L,-2.08713600424948
S194M,-0.394297539322533
S194N,0.843810316394991
S194P,-1.84895734340564
S194Q,0.600822731145517
S194R,-0.98150966838385
S194T,-2.18581013321712
S194V,1.89377479224225
S194W,2.45345229978861
S194Y,-0.854932149852256
R195A,-0.807346193998058
R195C,-0.173437211353363
R195D,0.50000052922604
R195E,-0.371146926287016
R195F,1.55209250260315
R195G,-0.275770997919787
R195H,-0.170241470123378
R195I,-1.7057794914274
R195K,-0.0542946692247007
R195L,0.461690419960546
R195N,-0.19947581918798
R195P,-0.738345630857955
R195Q,2.38117528840926
R195S,0.660324504357806
R195T,1.15676376265472
R195V,-0.192668869159968
R195Y,0.217429517965688
N196A,-0.0124000337189595
N196C,1.27594466447064
N196D,0.487351971177525
N196E,-1.82256921827249
N196F,0.372948356460675
N196G,-0.574033095685447
N196H,0.546549972692418
N196I,-1.04839919624096
N196K,1.6092922564046
N196L,0.813016462949799
N196M,-1.46712036508267
N196P,0.951984061443377
N196Q,0.312757055567112
N196R,0.0108417769419677
N196S,-1.75845200272851
N196T,0.158404541791627
N196V,5.42022531933004
N196W,-0.485333208544751
N196Y,-0.187109149066351
S197A,-0.0956127521644494
S197C,-0.000935477336448278
S197D,-0.745804578618859
S197E,1.33724676726821
S197F,-1.78194666677477
S197G,0.942702780596426
S197H,-0.185824904644444
S197I,0.523831219970709
S197K,2.40993204787814
S197L,0.67771352167025
S197M,-0.565153102307801
S197N,-1.30035947297604
S197P,-1.00742318822126
S197Q,0.468818013868436
S197R,-0.00672828239577412
S197T,0.961634084372174
S197V,1.40255795757885
S197W,-1.25997713276646
S197Y,-0.851959679469998
T198A,0.893839793109351
T198C,-0.797154042048514
T198D,-0.906923770611447
T198E,-2.34731150208135
T198F,4.12977607673368
T198G,2.28370537047793
T198H,-0.0102450837050568
T198I,-1.91244900643943
T198K,2.08831289492814
T198L,1.38192288189118
T198M,0.30018080966115
T198N,0.0474216756695025
T198P,1.32928681643882
T198Q,-2.03312450228596
T198R,-0.371953233036136
T198S,0.40406322979847
T198V,0.11101279914932
T198W,0.348968482725778
T198Y,0.628165127817125
P199A,-0.361036062155772
P199C,0.932520215303222
P199D,-1.19569042751288
P199E,-1.03941893632164
P199F,-0.774151709652524
P199G,-0.0706802377619056
P199H,-0.607958209649298
P199I,1.34117845058941
P199K,0.416436439174576
P199L,0.303371407168459
P199M,-1.09930778177822
P199N,2.31653590905479
P199Q,-0.757219966936184
P199R,0.658285046395785
P199S,2.35209529954789
P199T,-0.775046855207773
P199V,-0.302013762649323
P199W,0.0498801753644035
P199Y,-0.927224299896287
G200A,1.9604981339912
G200C,-0.96822802935033
G200D,-1.48975652139341
G200E,-2.91151558470473
G200F,0.675872636049872
G200H,2.37794635222557
G200I,-0.899684005853599
G200K,-0.316838620173605
G200L,0.0312648195292898
G200M,-1.23007970503275
G200N,-1.11185751467814
G200P,1.82925455841296
G200Q,-0.0156287269412362
G200R,-1.35932449317058
G200S,-0.397735919045311
G200T,0.496552464811918
G200V,0.289177174626894
G200W,0.945429917263544
G200Y,0.902945667606728
S201A,0.10553757244958
S201C,-0.729584542879993
S201D,-0.37066969109596
S201E,-0.214213370785928
S201F,-0.7252437726199
S201G,0.94448561060471
S201H,-0.436410404635227
S201I,0.623337379230065
S201K,1.12747162676678
S201L,-0.315733576581685
S201M,1.52593000981333
S201N,0.74334404430772
S201P,-0.967622219607577
S201Q,2.10139523943834
S201R,2.98367573642733
S201T,-0.882115718364666
S201V,-0.650159486358236
S201W,0.197929465950697
S201Y,1.03733763817599
S202A,0.690161355542343
S202C,-3.03319157244674
S202D,1.56560354104084
S202E,-1.55672095632879
S202F,1.52718733216672
S202G,0.0352508169781216
S202H,1.20702828156944
S202I,-0.456641506350527
S202K,-0.797927963673407
S202L,-0.396846628961422
S202M,-1.14069784636867
S202N,-0.948257462166717
S202P,2.43724389352907
S202Q,-0.884486038747741
S202R,0.907524075428707
S202T,3.38440139287276
S202V,1.23354624858872
S202W,0.816908711820109
S202Y,0.857697842099412
R203A,-0.667333503741251
R203C,0.435751550131246
R203D,-1.29892792053344
R203E,0.617367222502363
R203F,-0.775208973425767
R203G,0.481146830659322
R203H,0.16525287421781
R203I,-1.34118857381917
R203K,1.69946868608084
R203L,-1.66138225139851
R203M,-1.6801254269764
R203N,-0.919149163035165
R203P,-0.346155157510385
R203Q,-1.55989453369904
R203S,-1.95997492472118
R203T,0.108332575093129
R203V,2.53787101609552
R203W,-0.46382359209337
R203Y,-1.40905868137403
G204A,-0.758955563492342
G204C,-0.827315241289044
G204D,-0.0792928290083979
G204E,0.164144706621927
G204F,4.31435093998357
G204H,-0.589817819007112
G204I,1.41530310831121
G204K,-0.224053119859681
G204L,-1.3312228813141
G204M,1.30021981078298
G204N,-0.0195708927585161
G204P,0.302324582187932
G204Q,0.197055792492581
G204R,-0.392824826407451
G204S,-0.495021032952037
G204T,0.0979655735747993
G204V,3.33826304895665
G204W,1.56514315843764
G204Y,-0.0155779528736914
T205A,0.729824887159509
T205C,0.890794143956816
T205D,1.68417631598951
T205E,4.98860806383606
T205F,-0.0429633177750129
T205G,0.889315979337946
T205H,-1.25278413338521
T205I,-1.34918116443696
T205K,-0.0703026917586338
T205L,-1.62795352735248
T205N,2.71035504079156
T205P,6.36871314255063
T205Q,2.65422494300224
T205R,-1.60863478976105
T205S,1.02865683110071
T205V,1.22003824389292
T205W,0.499957125771115
T205Y,0.849407419691665
S206A,-2.51924442065775
S206C,1.12274834935888
S206D,-0.432703984223646
S206E,-4.66015161636653
S206F,0.061467427239527
S206G,-1.5474513742351
S206H,0.776015454149046
S206I,-0.291373399683908
S206K,0.269587401144123
S206L,0.716971263923738
S206M,4.33695695179342
S206N,1.08736152162588
S206P,0.607409095994287
S206Q,1.88207965731746
S206R,1.7702901301488
S206T,-2.0841639496783
S206V,0.0500672551836913
S206W,0.137472393368522
S206Y,0.58794478040373
P207A,2.34527922856986
P207C,-0.396864403026862
P207D,1.08475134026812
P207E,-1.3570995826532
P207F,1.25527000041712
P207G,-1.09023399133436
P207H,-1.05667511206101
P207I,0.301327691874222
P207K,1.58045041912027
P207L,8.26563923797408
P207M,0.625772658221145
P207N,0.14504036352717
P207Q,-0.845818157281776
P207R,-1.23264514647768
P207S,1.49175394852004
P207T,-0.837176072966685
P207V,2.77252202609007
P207W,-0.296681994099279
P207Y,0.682620304009247
A208C,9.99579601887783
A208D,0.419283862550363
A208E,-0.837666219934965
A208F,1.55957015377209
A208G,-0.44279467030533
A208I,-1.23604875205456
A208K,-0.302215219130313
A208L,-1.60806333844126
A208M,-1.28525536748654
A208N,0.747607880737269
A208P,0.113338221334583
A208Q,-0.470188702752413
A208R,1.58236264556178
A208S,-0.764215169176936
A208T,0.977205281948065
A208V,0.447317240899327
A208W,0.253453653710986
A208Y,-1.1492904554335
R209A,-1.22725306261748
R209C,3.18020425487426
R209D,-1.28187456001647
R209E,-0.42771763600265
R209F,3.37012543559851
R209G,-1.1117212131558
R209H,0.337126884623574
R209I,0.226751130488546
R209K,-0.0764593154395402
R209L,-0.449668408670271
R209M,2.41481471474717
R209N,-0.645556992026617
R209P,1.92690064510872
R209Q,0.0297809226357178
R209S,-1.33638856354547
R209T,0.520679447279131
R209V,0.364551582556963
R209W,0.0834634155296612
R209Y,-0.0853478369999147
M210A,0.762414434339041
M210C,2.41833470954613
M210D,0.27506664584925
M210E,-0.174976273143626
M210F,0.189260773125668
M210G,-0.79833291297076
M210H,-0.0604787671477972
M210I,1.15007810233893
M210K,-0.920350918107016
M210L,0.55529288475719
M210N,0.713865228720269
M210P,-1.63310841329611
M210Q,-1.28707433958769
M210R,0.934113749031406
M210S,0.521965795996749
M210T,-0.420584119728973
M210V,-0.0514718594897616
M210W,0.049169098052949
M210Y,0.00577412427975652
A211C,0.322379124504343
A211D,-1.41429145020941
A211E,1.30108492013962
A211F,0.396336884138825
A211G,-0.404715186345641
A211H,0.535723674651655
A211I,-1.0145542913533
A211K,1.05207635516235
A211L,-0.488269694902656
A211M,-0.439117472886855
A211N,-1.15191561215462
A211P,0.264655411984827
A211Q,3.07956596076612
A211R,1.99140779744084
A211S,0.0088804313030653
A211T,1.18810780783686
A211V,-1.24219019775403
A211W,-0.960756473458932
A211Y,0.123025399009233
G212A,0.135278191929476
G212C,-1.21778757000281
G212D,0.569769515122904
G212E,9.99579601887783
G212F,0.621360784173233
G212H,-0.423294948947969
G212I,-0.0743463045442389
G212K,-1.08978783526245
G212L,0.49663224323096
G212M,-1.56385919787838
G212N,-1.17294717432948
G212P,-0.299944700065106
G212Q,-0.610295001123729
G212R,4.07616833870056
G212S,-4.66015161636653
G212T,-2.12066111070979
G212V,-0.818779775426805
G212W,-0.706469862117854
G212Y,0.617767208869069
N213A,-0.385520627195253
N213C,-0.168270486597487
N213D,0.157849738290149
N213E,-0.388135255590364
N213F,2.79458417754709
N213G,-1.84868588327928
N213H,0.919205456394774
N213I,0.572994713436752
N213K,-0.0994529057594347
N213L,-0.522704458119786
N213M,1.17898541381235
N213P,-0.291922684022926
N213Q,-0.49961768375809
N213R,-0.412576525253096
N213S,-1.3350887783018
N213T,1.538503031881
N213V,0.463767271551685
N213W,1.32327506366658
N213Y,0.0261552317166689
G214A,0.0900403466493742
G214C,1.59196090549013
G214D,-0.204548648095651
G214E,0.780999456452222
G214F,0.597174547788079
G214H,0.688386801070466
G214I,-1.04690574369375
G214K,1.7446967455997
G214L,-0.634391034295305
G214M,-0.623934138947619
G214N,-0.619148777641839
G214P,-0.954155782218915
G214Q,3.01751515899157
G214R,-1.00688025925544
G214S,0.541030130149872
G214T,-0.385806992894928
G214V,-0.0259677634765788
G214W,-0.0381076014611115
G214Y,-0.497820358533443
G215A,-0.236854012406842
G215C,0.108287093136368
G215D,-0.561549368441076
G215E,-0.472390528260341
G215F,0.11185558718655
G215H,0.836667124463822
G215I,0.874506320963182
G215K,0.131142794515315
G215L,1.06931095539173
G215M,0.043246916226236
G215N,-0.197896244539788
G215P,-0.442414623484889
G215Q,0.731104034918905
G215R,-0.208423071022333
G215S,0.194097000546721
G215T,-2.2824923259895
G215V,1.84280097402669
G215W,-0.589956963262491
G215Y,0.693232810227553
D216A,0.604841188166168
D216C,-0.092437838022339
D216E,0.287197164866241
D216F,0.0306265380233722
D216G,0.507088328748362
D216H,0.0156012808042913
D216I,-0.481528830299991
D216K,-1.29970409930492
D216L,0.657691172038009
D216M,-0.171604279989583
D216N,-0.307236845951147
D216P,-0.774821950732796
D216Q,-0.6697220928969
D216R,0.134403913595102
D216S,-0.360271964073921
D216T,0.101142283844138
D216V,-0.536542585007387
D216W,0.00182976149215664
D216Y,0.602745441722912
A217C,-0.0889676427301092
A217D,0.570329459432847
A217E,0.769622462989612
A217F,-1.04266215972262
A217G,-0.0734463566110478
A217H,-0.684901740423854
A217I,0.797068948733633
A217K,-0.422027901355541
A217L,-0.271608700808555
A217M,0.392075544526738
A217N,1.0893739195726
A217Q,-1.10606700822379
A217R,-0.339755698817589
A217S,0.396555670562864
A217T,-1.45955680459798
A217V,-0.142144616545182
A217W,0.527169603506996
A217Y,0.509769233355504
A218C,-0.513219824400522
A218D,-1.22869829438461
A218E,-0.552466620564461
A218F,0.916226520361523
A218G,-1.092907336754
A218H,-1.13962751805662
A218I,0.493866518268836
A218K,-1.21692177269102
A218L,0.817835643612671
A218M,-0.421498330045487
A218N,-1.39869112903175
A218P,-1.75751132769362
A218Q,2.16393329820805
A218R,-0.703480885327132
A218S,-1.31325063158863
A218T,2.02564317180108
A218V,-1.23474196074349
A218W,0.285982981169337
A218Y,-0.489998483525175
L219A,-1.73950969754245
L219C,-0.576448602673482
L219D,0.0288625034327485
L219E,-0.57916454045128
L219F,1.01500691204108
L219G,-0.78322640342312
L219H,-0.174524014761565
L219I,0.0563595682525709
L219K,-0.233749098015679
L219M,-0.20820903856063
L219N,-0.316344432167697
L219P,-1.67113011779784
L219Q,1.09434506700228
L219R,-0.37919137931257
L219S,-0.930985986545613
L219T,6.12986490036575
L219V,0.274539629847492
L219W,-0.212606592224362
L219Y,-1.32538611657145
A220C,-0.734477562991844
A220D,-0.881507615967913
A220E,-0.536966454130613
A220F,1.91869946945012
A220G,-0.093513570046931
A220H,0.0425395590539504
A220I,0.0511229354406252
A220K,-0.191668876669039
A220L,-3.47714411229402
A220M,0.474881516036516
A220N,-1.16152974790925
A220P,0.291439178407843
A220Q,-0.125196977502971
A220R,0.123672187439367
A220S,0.444934111101964
A220T,0.705942061675322
A220V,1.18713714830682
A220W,0.966710846487643
A220Y,0.781821785519902
L221A,0.405581452130904
L221C,-2.35310779678063
L221D,-1.41958446742101
L221E,-0.131211700775358
L221F,1.15055244895368
L221G,-1.4178545217764
L221H,0.550211562402513
L221I,0.430770908896035
L221K,0.675653820297101
L221M,0.103944654274714
L221N,-0.905358709567299
L221P,0.775704129260765
L221Q,-0.552072321330072
L221R,-0.208487156081124
L221S,-0.30134457593317
L221T,0.13215002185706
L221V,1.39851397422922
L221W,0.273588476918628
L221Y,-1.10399262365323
L222A,-0.909830114410722
L222C,-0.136930506603555
L222D,-1.21574207595928
L222E,-1.10319061658728
L222F,-0.190994820925021
L222G,-1.15442078854399
L222H,1.85862964206816
L222I,-0.37374308631298
L222K,-0.688318965938902
L222M,-0.0130106861775501
L222N,-0.0598910803684692
L222P,-0.871141397639362
L222Q,-0.570039988344358
L222R,0.462281336096553
L222S,-0.993716971264249
L222T,-0.16898579903042
L222V,0.696614784043516
L222W,4.59215813874273
L222Y,0.779605693643256
L223A,-0.654862725459068
L223C,-1.21618981083229
L223D,-1.23961069779609
L223E,1.45552969282425
L223F,-0.210020796710345
L223G,-1.56559391566338
L223H,-1.64887588813876
L223I,-0.0574328979335093
L223K,-0.374408626557355
L223M,-1.81107286314514
L223N,0.560183192218991
L223P,-1.65307556097962
L223Q,-0.418377479496658
L223R,1.59094858544141
L223S,-0.914460495761029
L223T,-0.664172965839318
L223V,0.566421011512519
L223W,-0.851370218603046
L223Y,-0.663092246930089
L224A,-0.244451017144995
L224C,-0.396232402034129
L224D,-0.211732991832969
L224E,0.956231533198983
L224F,0.224487959896567
L224G,0.551173067348043
L224H,-0.846904875986184
L224I,1.44248325266698
L224K,0.427701029706313
L224M,-1.36523574681783
L224N,-0.658965694773235
L224P,1.5430065981114
L224Q,-1.32111274093181
L224R,-0.99341633446979
L224S,-1.35285457348412
L224T,-1.43974812627209
L224V,0.463601743997554
L224W,1.8213295387856
L224Y,-0.557025941185201
D225A,-0.223455626243567
D225C,0.439159937532126
D225F,-0.95577734341948
D225G,-0.0960579086681024
D225H,0.763320258523847
D225I,-0.877256847894447
D225K,-0.410036631144985
D225L,0.208810845559994
D225M,-1.09408107878208
D225N,0.451114002083134
D225P,-0.276408759599115
D225Q,-0.278079647587022
D225R,0.735614901947991
D225S,-0.0219528232048385
D225T,1.7037574068914
D225V,0.0300786573299891
D225W,0.373620983861708
D225Y,-0.11910198748659
R226A,-1.08829399913145
R226C,-1.03718902451887
R226D,-1.26226650098222
R226E,-0.0313259714214044
R226F,0.435925830643021
R226G,-0.144084033297128
R226H,0.27354539711389
R226I,-1.1504064043317
R226K,-0.767419842909707
R226L,-0.969023937692148
R226M,0.949060619531096
R226N,-0.819630336451581
R226P,-0.874759201725215
R226Q,-0.940193545321461
R226S,-0.312580772333767
R226T,-0.653626367610893
R226V,-0.729853935311822
R226W,-0.24470900609924
R226Y,1.33116314831635
L227A,-1.28504087460486
L227C,-0.842706018979312
L227D,0.861664097166732
L227E,-0.159934767655171
L227F,1.88223265039307
L227G,1.31667845011154
L227H,-1.41515920378681
L227I,-0.685031877329802
L227K,-0.0313581095953029
L227M,-1.46379010955075
L227N,-0.713054310779945
L227P,-2.34540099049025
L227Q,0.0119571591215842
L227R,-0.584303251466998
L227S,1.47595051973765
L227T,-1.10586272807334
L227V,0.758540187274421
L227W,0.950124899228895
L227Y,0.723216479135974
N228A,0.419137976453514
N228C,-0.830341049771072
N228D,1.40495804164007
N228E,-0.832458157768605
N228F,-1.13608562422249
N228G,0.281033008890703
N228H,2.49939911743385
N228I,2.42334222962814
N228K,0.577648426941903
N228L,0.417208789610044
N228M,0.99200730805653
N228P,0.617486174127716
N228Q,-0.943448314118657
N228R,1.37317624740447
N228S,-0.714867483076612
N228T,2.40162642077818
N228V,-0.756013570259025
N228W,-0.56766614022918
N228Y,3.11867512720586
Q229A,-0.408309653002034
Q229C,1.02863199230282
Q229D,-0.194991734696318
Q229E,-0.8249514094753
Q229F,0.265515334700131
Q229G,0.206478537152401
Q229H,0.0203172366439357
Q229I,0.0698036163303107
Q229K,2.27602621876557
Q229L,1.36041101990611
Q229M,-0.231543391585125
Q229N,-0.568478113522009
Q229P,-0.870127832233118
Q229R,-0.149792026741571
Q229S,2.59183984436875
Q229T,1.2587833461302
Q229V,0.0730663389686755
Q229W,-0.485748410855722
Q229Y,1.5094834598648
L230A,-0.51673796736161
L230C,0.372470450928369
L230D,-1.71910425878586
L230E,-1.64080977175443
L230F,-0.159080090950473
L230G,0.190342135472442
L230H,-0.516630325001456
L230I,0.613232724314206
L230K,-1.13441827047279
L230M,-0.265501782656228
L230N,0.401598630762726
L230P,0.816512457498529
L230Q,-0.128451227353049
L230R,1.79714884010476
L230S,-1.15664618391904
L230T,-0.173503415281862
L230V,-0.616643627342102
L230W,-0.621045092656626
L230Y,-0.107720884186316
E231A,0.49750777330603
E231C,0.139168346460445
E231D,-0.237398664231518
E231F,-0.11967514229958
E231G,-0.371113827795854
E231H,0.301819658371978
E231I,0.437494557745408
E231K,0.340045340282184
E231L,1.20453774461555
E231M,-1.00558931976587
E231N,-0.726065750963058
E231P,-1.03033300041517
E231Q,-0.484698772068628
E231R,-1.53500759110118
E231S,-0.863572570772963
E231T,0.966698163546072
E231V,-0.43200145410077
E231W,0.11585504990974
E231Y,-0.307875093827901
S232A,-0.801012503377568
S232C,-0.099455399218191
S232D,0.945144550899828
S232E,-0.599185067305215
S232F,1.57596983613271
S232G,0.2742044127081
S232H,0.249228094468621
S232I,-0.0266534643662472
S232K,-0.445204917207967
S232L,0.411998672684403
S232M,1.39598016632232
S232N,0.843215691015188
S232P,-0.604832302711163
S232Q,0.356750002146006
S232R,-0.924564056102012
S232T,1.79077949845586
S232V,0.497714358283467
S232W,-0.731207963698923
S232Y,-0.807733769903758
K233A,-0.49639574748387
K233C,0.631519454586886
K233D,0.602207754660029
K233E,-0.866392323386278
K233F,-0.899205726966163
K233G,-1.00429746752364
K233H,-0.359871652094512
K233I,-0.096502206256202
K233L,1.4396139804678
K233M,-0.517518059126206
K233N,-0.854007035796706
K233P,-0.148090376591985
K233Q,1.08279669115483
K233R,-0.478191104643751
K233S,-1.07204580119755
K233T,0.219250156688959
K233V,1.14974177156425
K233W,-0.063194702315228
K233Y,0.365529397361945
M234A,0.404944182922186
M234C,0.204121278057708
M234D,1.59033703075796
M234E,-1.39419940487915
M234F,0.920379735638653
M234G,0.113905956132594
M234H,0.154341137508941
M234I,-0.86539621331258
M234K,0.00266888938891331
M234L,0.862117932430953
M234N,0.967932044422934
M234P,-0.154399011082808
M234Q,-1.57596651250964
M234R,-0.338122208713375
M234S,-0.254926468383452
M234T,-0.0300198460137354
M234V,0.0633839453655807
M234W,0.0500089213291088
M234Y,-1.20127884546965
S235A,-0.627106274717244
S235C,2.0057730595032
S235D,-1.56616945357371
S235E,-0.431294605649878
S235F,0.11606847775944
S235G,-0.25932151590963
S235H,0.750819983451468
S235I,0.470925585980029
S235K,0.157414899839354
S235L,-0.272261609376088
S235M,0.213535484471474
S235N,-0.817783488819804
S235P,-0.446556482321532
S235Q,1.37751175471364
S235R,1.18976131193295
S235T,0.113069310219074
S235V,-0.398780185372137
S235W,1.06175574545668
S235Y,0.584393337520876
G236A,-0.263253762926597
G236C,3.42482342060106
G236D,0.729450396993552
G236E,2.26897532066534
G236F,0.826305955638235
G236H,2.53613915588389
G236I,1.18521668972587
G236K,-0.0614746910435452
G236L,1.7926245757351
G236M,1.94601949528452
G236N,0.280059005115734
G236P,2.99422842286881
G236Q,0.36628842726406
G236R,0.424904069683559
G236S,-0.103216185329316
G236T,0.638717362867262
G236V,-0.546786551817904
G236W,0.146276653491977
G236Y,-1.9076822070252
K237A,0.222355533020784
K237C,-0.650179419494527
K237D,-0.37248829055806
K237E,0.549537997519937
K237F,0.846528793880055
K237G,-0.0636247573693514
K237H,0.186715528852119
K237I,-2.23893822823327
K237L,-1.11025705103403
K237M,0.93318570185845
K237N,-0.259367229606146
K237P,-0.289605150620842
K237Q,0.542482881691453
K237R,0.482286720182202
K237S,2.45320102354402
K237T,0.618427238138593
K237V,0.809896517666064
K237W,0.491664875623376
K237Y,0.178876662632539
G238A,1.31514995095824
G238C,0.479371208833564
G238D,-0.62263844061029
G238E,0.295786236292936
G238F,-0.0622915397074439
G238H,-0.809368526392742
G238I,0.242125341347722
G238K,0.604648237016176
G238L,0.771039555927221
G238M,0.306093058781426
G238N,0.239782837739302
G238P,-0.545112824196878
G238Q,-0.387510543167693
G238R,-0.384924049855344
G238S,1.69685119953898
G238T,-1.06285862497133
G238V,-1.94433183275447
G238W,0.323920839768384
G238Y,-1.16730432113904
Q239A,-0.669320925990818
Q239C,0.727441241550196
Q239D,-0.212529568033491
Q239E,-0.138682413847831
Q239F,0.481835042412092
Q239G,0.119769506504523
Q239H,-1.76129417939812
Q239I,1.45779940797674
Q239K,-0.867634950235615
Q239L,-1.36940358151845
Q239M,0.350087207207522
Q239N,0.649553281965443
Q239P,0.65148025453527
Q239R,0.692137415125573
Q239S,-0.238815641317333
Q239T,-0.391029969358073
Q239V,0.302635242560606
Q239W,1.84827543573445
Q239Y,-1.23133680823884
Q240A,-0.146658021468722
Q240C,1.40515810381515
Q240D,0.23131342313813
Q240E,-0.0764801333121708
Q240F,0.264410868637422
Q240G,0.212538635417032
Q240H,0.0311005561018304
Q240I,-1.58872061032684
Q240K,0.307588092020246
Q240L,-0.74086262741679
Q240M,0.217109930263321
Q240N,-0.875430372444261
Q240P,-2.51924442065775
Q240R,-0.842745348892149
Q240S,2.00732188153287
Q240T,-1.78838682894173
Q240V,1.12109668682588
Q240W,0.851231560300152
Q240Y,1.38376927076043
Q241A,2.4891150497692
Q241C,0.798292120461557
Q241D,-1.5812200169693
Q241E,-0.497013191108235
Q241F,0.807138088065701
Q241G,-0.870373560337729
Q241H,2.99975683872963
Q241I,2.39518818476645
Q241K,-1.17400623833818
Q241L,0.745834361215637
Q241M,-0.964334566702691
Q241N,-1.60120589604352
Q241P,-0.68551950072338
Q241R,2.02845171686712
Q241S,0.958414210074251
Q241T,-0.0192181191300556
Q241V,1.24408043544046
Q241W,-1.3310007490623
Q241Y,0.616592986367914
Q242A,1.40965923801671
Q242C,-0.47605990549701
Q242D,-0.678823364916149
Q242E,-0.697464481950837
Q242F,-0.720542459695829
Q242G,0.973823614700793
Q242H,-0.278379038019911
Q242I,-0.207544157907045
Q242K,-1.33785213288346
Q242L,-0.402805179571041
Q242M,-0.459646939743501
Q242N,3.06903704441945
Q242P,-0.390606491999825
Q242R,-0.132978696006838
Q242S,0.730551834598723
Q242T,3.44060682482089
Q242V,0.206766065934092
Q242W,-0.256405623851576
Q242Y,1.23114328988148
G243A,0.926951026833433
G243C,1.09076686617455
G243D,3.33797904949178
G243E,0.0520776260951204
G243F,-1.02235398463991
G243H,-0.0784163033293343
G243I,-0.431104476686371
G243K,-0.416075379182254
G243L,0.822017144326351
G243M,-0.482521256961451
G243N,-0.472642031047094
G243P,0.427572644018335
G243Q,-0.0325655532595439
G243R,0.0611976568054429
G243S,-0.510865574917416
G243T,-0.489838156882806
G243V,-1.76710010908592
G243W,0.482075704347077
G243Y,1.16345049772998
Q244A,-0.288884095542858
Q244C,0.963251717735694
Q244D,-0.942815495641052
Q244E,-0.0270455497118038
Q244F,-0.220924521848695
Q244G,3.51834011855737
Q244H,-0.821259829680844
Q244I,-0.299466032826772
Q244K,-1.22088306079042
Q244L,0.201639481501502
Q244M,0.255655707115135
Q244N,0.696271347098653
Q244P,0.569848138974921
Q244R,-0.483057117626792
Q244S,-0.175507853002275
Q244T,-0.501031367953039
Q244V,0.125770582615063
Q244W,0.809643728890479
Q244Y,-0.748760889827501
T245A,1.17427197058497
T245C,-1.60460098944583
T245D,-0.455248351804733
T245E,-0.339454188008665
T245F,-1.31028903728149
T245G,0.421099291019301
T245H,0.421446236205931
T245I,0.422408843188621
T245K,-0.594315853032645
T245L,-0.973410489131801
T245M,-1.47304288350875
T245N,0.80704378998803
T245P,4.64312236550752
T245Q,1.74788377724364
T245R,0.358656584660257
T245S,-0.174685956462678
T245V,1.04291592382424
T245W,1.14773565618195
T245Y,0.00257655969914166
V246A,-0.0359591512916156
V246C,-1.54249330848405
V246D,1.71564953595468
V246E,0.465098029579231
V246F,-0.0406719384546529
V246G,-0.68205397705408
V246H,-0.482453954254915
V246I,4.54678689392178
V246K,-0.165077600856387
V246L,-0.233134396209441
V246M,-0.570976983000532
V246N,0.280151428743843
V246P,2.3913374797352
V246Q,-0.0998550149221768
V246R,0.722795385456161
V246S,1.00162815267182
V246T,-0.754653694517344
V246W,2.03882955155313
V246Y,0.797077589172124
T247A,-0.290358438182935
T247C,-0.949293272050652
T247D,0.54780486808618
T247E,0.324379390004349
T247F,-1.0673927991032
T247G,0.168045980866328
T247H,0.450765762802538
T247I,-0.912215229944416
T247K,0.153685875062811
T247L,0.865653742618107
T247M,0.760152834320747
T247N,0.0392355663129814
T247P,-0.6643248257245
T247Q,1.22961579142892
T247R,0.514542371315165
T247S,1.19025112808498
T247V,0.404681492414694
T247W,0.551160236061386
T247Y,0.647436050437272
K248A,2.72165833229173
K248C,-0.774816502497319
K248D,-0.671578110517308
K248E,0.636113818479964
K248F,0.0195966587048169
K248G,-0.508960650410813
K248H,-0.361696076297232
K248I,1.00078290465938
K248L,-0.47241415742071
K248M,0.216176429426573
K248N,-0.122460648292074
K248P,0.677874321794726
K248Q,1.46104078153123
K248R,0.20689915295791
K248S,-0.953146979352427
K248T,0.371172997308287
K248V,2.29596270875183
K248W,-0.823307408212434
K248Y,1.82348511062932
K249A,-1.23602541126961
K249C,0.317378179453988
K249D,0.0408642901742277
K249E,-0.711437693239574
K249F,-0.866039421558663
K249G,0.0812018591736859
K249H,-0.923290035028514
K249I,2.12832151455239
K249L,-0.33702471646745
K249M,0.386660494704663
K249N,-0.707407501488815
K249P,-0.458884966463295
K249Q,0.758904972947936
K249R,2.84714784115467
K249S,0.483632843176577
K249T,1.31922026178744
K249V,-0.255487845323559
K249W,0.724845553269222
K249Y,-1.05671125908265
S250A,-0.117746371232199
S250C,0.239453141238995
S250D,0.56208728025516
S250E,-0.498484681067719
S250F,-0.245321503269842
S250G,-1.10534733439586
S250H,-0.0504423841545395
S250I,0.741055435696305
S250K,0.036553846167557
S250L,-0.363319369061471
S250M,0.269594742783403
S250N,0.31986368743104
S250P,0.456750997893135
S250Q,0.729429009429964
S250R,-0.063732740382181
S250T,-0.599185067305215
S250V,0.140668247673978
S250W,-0.227026999395812
S250Y,1.15439160659539
A251E,1.24466011102525
A251S,-2.92171102508857
E253A,-1.75174634516795
E253C,-2.05089421019376
E253F,-2.15188821366779
E253G,-0.638906799413682
E253H,-1.89291101187633
E253I,-1.51919524451732
E253K,-0.775632582229336
E253L,0.20705472682814
E253M,-1.84319100445383
E253P,-0.0933272625218957
E253Q,-3.11207573465316
E253R,-3.00663361777417
E253T,-0.8407292437512
E253V,-1.60462674006402
E253W,-0.170078687170387
E253Y,-1.93731189073783
A254C,0.189597549728325
A254D,-1.66613431912305
A254E,-1.00903652140274
A254F,0.352896839556258
A254G,-2.90170817131466
A254H,-3.70944418050405
A254I,-1.6481138250844
A254K,0.985451741890306
A254L,-0.178453672008638
A254M,-0.879277394742402
A254N,-1.37835384609945
A254P,0.392619286138443
A254R,0.174492059386172
A254S,-2.53914208390192
A254T,-1.9854651225149
A254V,0.232983921571729
A254W,1.88062125402028
A254Y,-2.93339136148909
S255A,1.05229124706477
S255C,-3.03319157244674
S255D,-1.95327865295618
S255E,1.67235433471141
S255F,-1.41264620185612
S255G,3.75559471631052
S255M,-1.31368786590468
S255P,1.16243808806303
S255Q,0.329911421257708
S255R,-0.191429785868871
S255W,-0.599185067305215
S255Y,-2.38448269372854
K256A,0.527703149778465
K256C,-2.83881390502755
K256D,-1.36606872261792
K256E,-0.116853662404169
K256F,-2.79323348022112
K256G,-1.70694849939687
K256H,9.99579601887783
K256I,-0.922357252929777
K256L,-1.95327865295618
K256M,-2.55921490553835
K256N,-0.21928336088559
K256P,-1.50383544339305
K256Q,-1.46022762556949
K256R,-3.0853589829146
K256S,-1.6114414178911
K256V,-0.125021416186338
K256W,-1.72428225922503
K256Y,-3.6262968620442
K257A,-2.11782333869292
K257C,-0.295561032381565
K257E,-1.25063477956123
K257F,-1.57680359549121
K257G,-0.265471687787256
K257H,0.363570794748858
K257I,-0.957957214740512
K257L,-2.68363349045174
K257M,-0.930710291395111
K257N,-0.460383753684373
K257P,-1.56789253267134
K257Q,-0.918532086685476
K257R,-0.984352143293092
K257S,0.877200338993279
K257T,0.287903891127051
K257V,0.731250353535701
K257W,0.119146339218638
P258A,-0.241597556861424
P258C,-0.996526052466527
P258D,-0.146496893037254
P258E,0.182589719489405
P258F,-0.271877234141661
P258G,0.839307667493894
P258H,-0.872269709837885
P258I,-0.297313899525335
P258K,0.608777683856576
P258L,-0.473808242432226
P258M,-2.2410727648349
P258N,0.578987053544097
P258Q,1.43031901091485
P258R,2.33997479393523
P258S,-0.856394598403114
P258T,2.13003090026619
P258V,2.63297575443259
P258W,1.70981534965539
P258Y,-0.118094085660244
R259A,-1.44947415098635
R259C,0.126868177130066
R259D,-0.857986218129784
R259E,0.150251029031809
R259F,-0.17253413243758
R259G,-0.413727790906542
R259H,-0.116350003448073
R259I,0.307679899369047
R259K,-0.20022470521589
R259L,-0.264395476044587
R259M,-0.19198416376157
R259N,1.87048140658695
R259P,0.0518390755771593
R259Q,2.82967881362215
R259S,0.926588715484215
R259T,-0.468306113227277
R259V,-1.65026777380572
R259W,0.453284919744663
R259Y,-1.02121205234433
Q260A,-0.648883369801873
Q260C,-0.197195314545786
Q260D,-1.58005444092583
Q260E,1.09871939003697
Q260F,1.75846824325923
Q260G,2.52899909879625
Q260H,-0.464190743150764
Q260I,-1.33176203523002
Q260K,3.36851670080794
Q260L,0.967316395787423
Q260M,1.54958359560853
Q260N,0.0765661063138051
Q260P,-0.458727249229546
Q260R,0.328951788220194
Q260S,2.65726814899565
Q260T,1.94083294790906
Q260V,-1.13978792006058
Q260W,0.848943413006435
Q260Y,1.72037000128592
K261A,-1.08366304257996
K261C,-0.205567119839152
K261D,-0.330080665250621
K261E,-0.557158318161958
K261F,-0.953162465845012
K261G,-0.0302475473728335
K261H,-0.244692716260141
K261I,-0.973440460186409
K261L,0.881457401981698
K261M,-0.118131469161639
K261N,1.43590757795336
K261P,-0.0967950654151843
K261Q,-1.16336321186239
K261R,-0.249351472324361
K261S,-0.463810627932432
K261T,-0.530881353772878
K261V,-0.0561179530437078
K261W,-1.43163702935756
K261Y,-0.790011872156556
R262A,-0.814185719889221
R262C,-0.303909489754297
R262D,0.505052115332808
R262E,-0.981464915352924
R262F,0.24491025137761
R262G,1.38548932148136
R262H,-1.17577978453964
R262I,-0.339445141235215
R262K,-0.982897005753207
R262L,0.00516207980414249
R262M,-0.843725050910469
R262N,-1.21685194948096
R262P,-1.53416638130264
R262Q,-0.710074002055705
R262S,-0.753341496961386
R262T,0.274343123376429
R262V,-0.738601234977004
R262W,-0.887228665937693
R262Y,-0.605126808342372
T263A,-0.286616624919806
T263C,-0.694257801515508
T263D,-0.103623256831684
T263E,-0.674326876922244
T263F,-0.0475358001061809
T263G,3.1728209823823
T263H,-1.10613307280144
T263I,-0.947799205177828
T263K,0.0186956069188856
T263L,-0.858044244501907
T263M,-0.749217513726587
T263N,1.20509536339248
T263P,0.156938451118559
T263Q,1.11499992064006
T263R,0.102959910598533
T263S,0.062569034943061
T263V,-0.879438266016349
T263W,1.22138283320379
T263Y,0.0142145094223872
A264C,1.31639272321848
A264D,-0.790905685528479
A264E,0.637395828572464
A264F,0.454964950256307
A264G,-0.0414043448523611
A264H,-2.01799925786347
A264I,-0.41542139672721
A264K,-0.323278997359894
A264L,-0.0827603521672613
A264M,1.15952828281719
A264N,0.665484035717025
A264P,-0.132365756593689
A264Q,-0.0468140817715814
A264R,-1.63270274209666
A264S,-0.826357347319703
A264T,1.23822325660733
A264V,0.402894896794958
A264W,0.140403550905352
A264Y,-0.774202595291656
T265A,-0.553850477449592
T265C,0.679623408653982
T265D,-0.858934606052985
T265E,1.39483346134376
T265F,0.330701445700835
T265G,-0.0373236407273426
T265H,-0.941818370109715
T265I,-0.486205678884373
T265K,-0.478367944232174
T265L,1.31573218199333
T265M,0.637863856251956
T265N,-0.448226549514915
T265P,0.254395153870485
T265Q,1.42691107292266
T265R,2.06913907009614
T265S,0.467083302589805
T265V,-0.306825546022706
T265W,0.298239106956417
T265Y,1.10730673155582
K266A,1.0509368194504
K266C,2.21124120746502
K266D,-0.502908525369486
K266E,-0.0727887377371512
K266F,0.201153448522661
K266G,1.71933636074247
K266H,1.64214721315427
K266I,2.20732107091286
K266L,0.144846686850179
K266M,-1.23126432188299
K266N,1.5830077380499
K266P,-0.0497805635691946
K266Q,-0.619743623762786
K266R,2.87442936976507
K266S,-1.32862731457571
K266T,-1.16441362981609
K266V,-0.0454178481594027
K266W,-0.228640481165526
K266Y,-1.84224827179474
A267C,2.09604772579706
A267D,-0.826422243287322
A267E,0.0252693237862615
A267F,-1.08993666116216
A267G,-0.137747903018459
A267H,3.50003787278178
A267I,-0.872947191717061
A267K,0.825111696495697
A267L,2.56312122139799
A267M,3.33006071215756
A267N,-0.153864091267975
A267P,0.0613151965549141
A267Q,0.260658670997006
A267R,2.00134540382928
A267S,0.829728859654944
A267T,0.0650453626794036
A267V,-1.15799983592146
A267W,0.19342461883808
A267Y,-0.039055537477598
Y268A,-1.07802543559878
Y268C,-1.4331376717773
Y268D,0.476654802894449
Y268E,3.2886017525926
Y268F,0.690241240893257
Y268G,7.50230703555551
Y268H,0.0105292979739921
Y268I,1.2521923495594
Y268K,2.21025284234609
Y268L,2.11547559894722
Y268M,1.59935928174595
Y268N,-1.60592972160355
Y268P,-1.83536208044706
Y268Q,-0.0165804910748907
Y268R,-0.517510419220343
Y268S,0.662959240687084
Y268T,0.921213968701848
Y268V,1.65438718595436
Y268W,-3.8497693247063
N269A,1.01164989943473
N269C,0.228479139611367
N269D,-1.13648948054664
N269E,0.782729198115188
N269F,1.34708308379111
N269G,1.42829619821762
N269H,-0.350408140686324
N269I,-0.134134499325238
N269K,3.89253881674993
N269L,2.89512958132027
N269M,-0.676004250367578
N269P,-0.076525498329723
N269Q,2.06836340810172
N269R,0.254060024991111
N269S,-0.605928095498377
N269T,-0.307758110425811
N269V,1.18819128977787
N269W,-0.846402642695613
N269Y,0.759157704099906
V270A,-0.684917726780547
V270C,-0.3094494772255
V270D,0.202059480437429
V270E,2.48391321192199
V270F,3.14045654922092
V270G,0.332313081298854
V270H,-0.406846315484414
V270I,-0.826716209447566
V270K,0.12634861824871
V270L,1.85044439107312
V270M,0.669803975263425
V270N,-0.429585066444019
V270P,0.394068974768511
V270Q,1.63095246352688
V270R,0.815922452705376
V270S,3.54560339528873
V270T,2.13462951690023
V270W,0.83594701320431
V270Y,-1.84319100445383
T271A,-0.431535955273731
T271C,1.29385322890161
T271D,4.49844126925772
T271E,0.82087977491047
T271F,0.0615491591366618
T271G,-0.258756977840009
T271H,-0.103011375422689
T271I,1.40952673139838
T271K,3.6000203536804
T271L,-0.128414334275491
T271M,-0.905099052877272
T271N,-0.517559219532285
T271P,1.33596426426044
T271Q,-0.324433109517827
T271R,3.70746517940167
T271S,-0.57161383185279
T271V,2.1088838878607
T271W,0.742096105638277
T271Y,0.0104720572001023
Q272A,-3.00770089256689
Q272C,0.0899080625123154
Q272D,3.3505561547233
Q272E,-0.67264471141281
Q272F,-1.79105264849705
Q272G,1.44276670245574
Q272H,3.27004403270821
Q272I,-1.2489007428036
Q272K,0.901482978774474
Q272L,0.754314370138167
Q272M,-0.963762322679849
Q272N,-0.941641021166917
Q272P,0.00364437113955214
Q272R,-0.368035313077183
Q272S,0.491016751139393
Q272T,0.993105832882226
Q272V,0.634542461878549
Q272W,0.0116300969975274
Q272Y,-2.00205128788566
A273C,-0.19139422200145
A273D,-0.0959919912306437
A273E,4.81345824475258
A273F,-2.38448269372854
A273G,1.0992070973683
A273H,0.588222529794891
A273I,2.25850619970483
A273K,0.116919658678797
A273L,0.839152223649828
A273M,-0.552561189812577
A273N,-1.16484477340608
A273P,9.99579601887783
A273Q,1.16478722298035
A273R,2.50315495265558
A273S,0.995788726886356
A273T,0.989060888485854
A273V,3.94208724141907
A273W,3.10218796387919
A273Y,1.59989171760881
F274A,0.565047752395547
F274C,-0.199904382197601
F274D,0.049920137917592
F274E,-0.597997386498432
F274G,-0.17541150545737
F274H,1.91440625670255
F274I,2.9649715098161
F274K,-0.40900856931196
F274L,-0.600690163613609
F274M,2.97110236605881
F274N,1.88565080156571
F274P,-0.164377900819374
F274Q,4.80431594719686
F274R,0.441856795287339
F274S,0.994827659643409
F274T,-1.6627294050066
F274V,1.54139311878542
F274W,-1.16933661673299
F274Y,-0.594151697099492
G275A,-1.15054061041345
G275C,0.349279739236574
G275D,0.271932508272752
G275E,0.0853478548291283
G275F,2.04761885865784
G275H,6.52255994684143
G275I,4.37920461134996
G275K,3.57007292548871
G275L,0.307401934306612
G275M,-0.0301326872605107
G275N,0.636574201536046
G275P,0.743549169861108
G275Q,5.75253801206602
G275R,0.923149566221149
G275S,0.938294289792728
G275T,0.648816197015142
G275V,3.37311018075323
G275W,-0.275425682385539
G275Y,-0.463109747281063
R276A,-0.85696344370765
R276C,-0.264274783354989
R276D,0.332678175052011
R276E,-1.9657149736491
R276F,-0.670668691108927
R276G,-0.621433889181587
R276H,1.34304006917821
R276I,-0.137597384024589
R276K,-0.940514020027301
R276L,-1.25491393548201
R276M,1.81217606644538
R276N,0.961680729919242
R276P,0.681952691606684
R276Q,0.735060150380196
R276S,0.145749242038631
R276T,-0.848846751522545
R276V,-1.53535786024339
R276W,-0.115916764088025
R276Y,-0.214770839713412
R277A,2.02309035964793
R277C,1.55536253879807
R277D,-1.56020105869834
R277E,-0.114267659145246
R277F,1.60039279094927
R277G,0.0906902583807599
R277H,-0.608623180259749
R277I,1.46557466128138
R277K,-0.762511405640279
R277L,2.64024806970479
R277M,3.72796527062722
R277N,0.625427114399432
R277P,-3.05907120189516
R277Q,0.231916017348139
R277S,-0.584535912655174
R277T,-1.93986392037798
R277V,0.13686887900048
R277W,1.64268056821348
R277Y,-1.38501214318063
G278A,-1.77931374507158
G278C,-0.145218112269157
G278D,-1.09265310960479
G278E,-2.46778298046036
G278F,-1.11877096065052
G278H,2.75944187876245
G278I,1.69865355792247
G278K,-2.49951705613432
G278L,2.5340079137974
G278M,2.82639748282792
G278N,1.55963636824633
G278P,2.31526743747239
G278Q,3.27665443286543
G278R,-1.25703897173928
G278S,-0.625069818595436
G278T,-1.08350805434717
G278V,0.400347658388749
G278W,2.30174885400745
G278Y,1.33113593903241
P279A,-2.55397600369694
P279C,-0.0814956408640156
P279D,0.799038720516756
P279E,0.184088311594925
P279F,1.6529161000372
P279G,-1.5659278632312
P279H,0.227625808160272
P279I,1.7409446659638
P279K,-0.677729552164363
P279L,0.104472193731653
P279M,2.13607743972281
P279N,-1.06260935950263
P279Q,-0.0551673241383039
P279R,-0.687616682535949
P279S,0.226776467491839
P279T,1.78709065276098
P279V,0.266576111229497
P279W,0.358330348572388
P279Y,0.532969462472559
E280A,-1.28385589840561
E280C,2.90627096286154
E280D,-0.243380083806952
E280F,-0.826716209447565
E280G,-0.00134686104304369
E280H,-0.0568258561840271
E280I,0.87489588324656
E280K,-0.925828497518728
E280L,-0.351857666958483
E280M,-0.246443022346736
E280N,-0.332445888228273
E280P,0.711904885366488
E280Q,2.94631293616257
E280R,0.486027196379484
E280S,0.148871124233774
E280T,-0.17750050962303
E280V,0.764307645920873
E280W,1.21423295039267
E280Y,4.51438758415575
Q281A,4.14641928272494
Q281C,-1.10591290820867
Q281D,0.769195291959913
Q281E,-2.06601131685906
Q281F,2.2028714136729
Q281G,-0.239082120166242
Q281H,-0.275061492996236
Q281I,-3.0853589829146
Q281K,-0.436612089129408
Q281L,1.95298229551487
Q281M,0.260381208891018
Q281N,0.49455288370857
Q281P,-0.318473395883054
Q281R,0.597547819023582
Q281S,-1.2695275702291
Q281T,-0.430252447465074
Q281V,0.312280047639899
Q281W,0.229705645619236
Q281Y,0.497672028606545
T282A,1.03783432946553
T282C,1.10119279007886
T282D,-1.05478425920605
T282E,-0.73817026978378
T282F,5.91120250719799
T282G,0.717287379367552
T282H,0.45904863595441
T282I,-0.850434527393551
T282K,1.08478314297833
T282L,-0.857502736884985
T282M,0.0775143238599371
T282N,1.97112540108812
T282P,-0.28926703245874
T282Q,-1.25848133859603
T282R,-0.0909649530960148
T282S,0.618974379090636
T282V,0.0372827451791211
T282W,2.47754769844263
T282Y,-1.79942144588971
Q283A,-0.836641861929377
Q283C,1.248048650401
Q283D,-0.541727423249924
Q283E,-0.103080436309682
Q283F,9.99579601887783
Q283G,1.25329337103616
Q283H,0.371528182265946
Q283I,1.09625268413481
Q283K,0.078889937335665
Q283L,-0.760472842619563
Q283M,-0.233700327882668
Q283N,-1.3187584799065
Q283P,-0.0358029430140607
Q283R,1.02206896881224
Q283S,-0.531234499870868
Q283T,-1.14356308546949
Q283V,-0.38316591370761
Q283W,1.30059402468266
Q283Y,-1.45732426428688
G284A,0.523486092192385
G284C,-2.66239355752176
G284D,2.70513455821849
G284E,-0.134370917274321
G284F,-0.565487004282387
G284H,0.77957784970155
G284I,-1.09265310960479
G284K,1.35778802609467
G284L,1.21899896461115
G284M,-1.36080352530337
G284N,1.49818832346944
G284P,0.680695621081095
G284Q,-0.630864709298127
G284R,1.99442679735918
G284S,-0.635143085852861
G284T,-0.301755929725069
G284V,1.45258978209085
G284W,-1.10534733439586
G284Y,0.308952358434037
N285A,2.52846888823858
N285C,5.84499484991818
N285D,2.02742064226071
N285E,-0.17487309047195
N285F,-0.0737877990661949
N285G,1.00625880213389
N285H,9.99579601887783
N285I,1.58236264556178
N285K,1.75467101100845
N285L,0.409007467072107
N285M,0.506755296991512
N285P,0.0372004362130312
N285Q,0.179580706069926
N285R,0.662709408393556
N285S,0.363881498014296
N285T,-0.311459292039433
N285V,3.66030365103162
N285W,3.8257510622668
N285Y,1.07002395038076
F286A,2.097654387451
F286C,2.70123036393115
F286D,0.409007467072107
F286E,-0.761136251661587
F286G,0.323079881115784
F286H,-0.504017569116246
F286I,-0.794456445149007
F286K,1.00003697837513
F286L,0.869764736551006
F286M,0.776538264943348
F286N,3.5584462160664
F286P,1.03226128792682
F286Q,-0.125125201024268
F286R,0.986059975194273
F286S,1.69815465403548
F286T,1.36461937395965
F286V,2.06515553360853
F286W,0.781405058090983
F286Y,-0.092234099904935
G287A,1.0175394609343
G287C,-1.95327865295618
G287D,3.12179706876547
G287E,-2.34560980980895
G287F,2.41340530218362
G287H,1.86734103402772
G287I,1.72867717268208
G287K,2.37523956226439
G287L,2.55312955056242
G287M,-1.32706005360636
G287N,-0.787903406812782
G287P,-0.356729854765625
G287Q,0.43743819240803
G287R,1.77792936427239
G287S,1.87622539572839
G287T,-0.565918825530597
G287V,-1.29177547784067
G287W,1.41140637919328
G287Y,0.656540157828863
D288A,0.970496656084459
D288C,2.59693104363359
D288E,-0.339942154009586
D288F,-0.195334189232675
D288G,0.493770507620748
D288H,1.23126597896038
D288I,0.0199550694527708
D288K,1.2442848507266
D288L,0.27097846926166
D288M,-1.58039931916811
D288N,-0.301386950144043
D288P,-0.385176261060659
D288Q,3.22582170680882
D288R,0.447132635539615
D288S,0.799920157763744
D288T,0.620052226781948
D288V,0.906423281355097
D288W,1.83744230374772
D288Y,4.95832944583755
Q289A,-0.145284998981204
Q289C,0.272367181724887
Q289D,-0.877250372734204
Q289E,-0.354470919781442
Q289F,0.255021930431123
Q289G,-1.06206988738931
Q289H,0.440311732793987
Q289I,-0.121555670528146
Q289K,1.35587922620793
Q289L,1.53901168674651
Q289M,0.768343616303189
Q289N,1.45457941238401
Q289R,1.19230870732233
Q289S,-1.44847807063156
Q289T,0.572048726264875
Q289V,0.758517662643856
Q289W,-0.701035012841358
Q289Y,-0.0972860029387091
E290A,-1.32957896979126
E290D,1.15439919744012
E290F,-0.225474786719546
E290G,0.166324020142719
E290H,0.556011372401818
E290I,0.643402224027652
E290K,-1.33851100300439
E290L,-0.880375353978751
E290M,0.305829511156241
E290N,-0.0839006811489044
E290P,-1.44947415098635
E290Q,-0.0665876724863726
E290R,0.257719284017719
E290S,1.07232557546568
E290T,0.633284876836035
E290V,-1.94251835802978
E290W,-1.10971432378321
E290Y,0.699802204784474
L291A,1.17079008443867
L291C,-1.58070570122382
L291D,0.543031542472204
L291E,2.29260794796361
L291F,-0.60515900293231
L291G,0.761950196344144
L291H,7.27290004896288
L291I,1.05598410233942
L291K,1.12509149524752
L291M,-1.06660449945137
L291N,0.876532383723887
L291P,0.726251850493829
L291Q,0.872060611702735
L291R,0.303300013871268
L291S,-0.261638323004074
L291T,-1.37529234562968
L291V,-0.440738890200861
L291W,1.57932122504128
L291Y,-0.473993322868524
I292A,0.0286730207341958
I292C,-0.753905163655986
I292D,-0.0897871238252922
I292E,0.0847274739827139
I292F,1.93134430684602
I292G,-0.968144964276162
I292H,-1.2622321725807
I292K,3.26916585393407
I292L,0.750511896360729
I292M,0.735404972826586
I292N,-0.610386164885375
I292P,-0.425405398483588
I292Q,1.03572460901821
I292R,-1.37106280318511
I292S,-0.804414026118439
I292T,-0.119692234838596
I292V,0.86221249374424
I292W,4.59541703604434
I292Y,1.03702918735945
R293A,-1.77772492734222
R293C,0.688231604831405
R293D,-0.495503365007838
R293E,-0.355349492408115
R293F,0.101060286072126
R293G,0.892665702047371
R293H,-0.494976366498182
R293I,1.44448306483504
R293K,-1.35731237610946
R293L,0.772392836642414
R293M,-0.0463355000148939
R293N,-1.1500841665759
R293P,-2.47995534717497
R293Q,-0.811787037928327
R293S,-0.156851744658303
R293T,-1.91463618289212
R293V,-0.228428608320989
R293W,1.51348121261075
R293Y,-1.25746241585783
Q294A,7.4440887241674
Q294C,-2.89253313275658
Q294D,-0.264594702249334
Q294E,-0.412517557781787
Q294F,0.664444723971609
Q294G,0.597980253005129
Q294H,-0.47187767293373
Q294I,0.166670970074571
Q294K,1.32740924664175
Q294L,-1.38044211362274
Q294M,0.200853824979001
Q294N,-0.658589840352055
Q294P,0.0906007427626106
Q294R,0.0188342892841617
Q294S,0.915978312118214
Q294T,0.560370988288813
Q294V,0.251539942069091
Q294W,3.86962298655243
Q294Y,-1.1626011103783
G295A,1.78570064523465
G295C,-0.276500930849481
G295D,0.209869791939974
G295E,-0.537339860782799
G295F,2.08820529434163
G295H,0.393700436980052
G295I,0.875580654271116
G295K,-2.82925081558811
G295L,1.50970514669884
G295M,-0.186849181725385
G295N,-1.04384788578188
G295P,-1.51919524451732
G295Q,-0.360045391713424
G295R,-0.796318492594269
G295S,1.16291086853557
G295T,1.15649352877848
G295V,0.0939079185228702
G295W,-0.0114219825975323
G295Y,0.137809384455081
T296A,-0.479660013622231
T296C,1.00663235632512
T296D,-2.1690779459716
T296E,-0.496507220033127
T296F,-0.297313899525335
T296G,-0.193438384397871
T296H,5.63989499551789
T296I,3.14469569524329
T296K,-0.0937105867403178
T296L,2.67612050534216
T296M,-0.728921447016197
T296N,-0.103384263232159
T296P,0.737218306472872
T296Q,-0.959828903780609
T296R,0.273361360537647
T296S,-0.859523356529458
T296V,0.983848784683393
T296W,1.63051794501568
T296Y,-1.17108597008711
D297A,0.283471534585791
D297C,-0.599830740699948
D297E,0.255079143757762
D297F,0.777952877143885
D297G,-0.185265374103574
D297H,-0.312046213537818
D297I,1.4348744774648
D297K,-1.34597265626814
D297L,0.547413914095055
D297M,-0.156697469069854
D297N,0.124086975631684
D297P,0.0324475859390297
D297Q,0.465447006100587
D297R,0.899832456520421
D297S,-0.697763863257837
D297T,0.16022510073015
D297V,0.599575554283179
D297W,-0.354920394616561
D297Y,0.822680462069434
Y298A,-1.19985791165393
Y298C,3.67101288223092
Y298D,-0.553463661796649
Y298E,1.66922555373303
Y298F,0.536751983107402
Y298G,1.85125108849704
Y298H,-0.475642969905748
Y298I,-0.118681318043633
Y298K,1.04838512459344
Y298L,0.40187483349528
Y298M,-0.841542442896442
Y298N,-0.42718792018483
Y298P,-0.377463828470208
Y298Q,0.865476711744791
Y298R,-0.525950507957383
Y298S,0.56310528931797
Y298T,-0.809857885140485
Y298V,-0.163589225758747
Y298W,-1.26666493402191
K299A,-1.28890186430728
K299C,-0.545583062189251
K299D,-0.988239683294254
K299E,-0.83143557964375
K299F,-1.29445852190032
K299G,-0.362154344296023
K299H,-0.345731422916545
K299I,0.449318551049963
K299L,-0.603583070117675
K299M,-0.263507081648337
K299N,-1.4899704258478
K299P,-0.691182802859431
K299Q,-0.209770396221272
K299R,-0.334502076863151
K299S,0.853295434042275
K299T,-1.78647155248858
K299V,-1.03097384720861
K299W,0.136983107082122
K299Y,0.709805843685932
H300A,-0.126747051746654
H300C,-0.00560147115621005
H300D,-1.38878910463797
H300E,-0.927965583534028
H300F,1.0831876600014
H300G,-0.442893519236531
H300I,0.519148551932496
H300K,-1.37896148733255
H300L,0.789094609836266
H300M,0.117454066061174
H300N,-1.23641752640959
H300P,2.56344006191032
H300Q,0.342362049219137
H300R,1.33627582020901
H300S,-0.636973412337084
H300T,0.319889197597995
H300V,-0.756926768183753
H300W,-0.670805362862819
H300Y,-1.57399731224901
W301A,0.457185516531375
W301C,1.00531191841337
W301D,0.672071671982282
W301E,1.51138976300737
W301F,4.78998013792857
W301G,0.0681090679573719
W301H,1.36062867348336
W301I,1.57677691550922
W301K,1.87667400216905
W301L,-0.0338630790447087
W301M,0.462051835971459
W301N,1.37650200748967
W301P,3.26407017934262
W301Q,-0.869936618746893
W301R,0.798318737868255
W301S,-2.05089421019376
W301T,3.74883541181434
W301V,2.27720459042905
W301Y,-0.492982593905721
P302A,0.508113687478699
P302C,-0.427747159292703
P302D,-0.487261050055105
P302E,-0.792565465744066
P302F,0.0817896673559883
P302G,-0.156798228988624
P302H,-0.330749372749049
P302I,-0.246606544861047
P302K,-0.662075934695617
P302L,-0.850413448674494
P302M,-0.469192269778551
P302N,0.131865219239761
P302Q,-1.28895375964587
P302R,-0.733109241841925
P302S,-0.403397961994322
P302T,0.731500956792039
P302V,-0.213828073375141
P302W,0.406027115812802
P302Y,-0.566349919380385
Q303A,1.60537859175825
Q303C,-1.50101949016218
Q303D,-1.54742211240015
Q303E,-0.541383488285271
Q303F,-0.971555104295982
Q303G,0.139951699518739
Q303H,-0.539831242268638
Q303I,0.775405042851649
Q303K,0.106135705216852
Q303L,-0.688946915943038
Q303M,-0.774979255609065
Q303N,-1.05109475625533
Q303P,0.254877929327101
Q303R,-0.201265240252372
Q303S,-0.681101904200533
Q303T,0.00653307666898297
Q303V,0.293542086423171
Q303W,-0.521795385681477
Q303Y,0.207438948647141
I304A,-1.64115679174616
I304C,-0.688760663260376
I304D,0.290310559114518
I304E,-0.0544151106301645
I304F,0.808867252512103
I304G,-0.194340342514588
I304H,-1.06298478005504
I304K,-0.026478187234939
I304L,-0.109334067155004
I304M,2.62492452974848
I304N,-0.578707836625465
I304P,0.923321364441654
I304Q,1.94022961350649
I304R,9.99579601887783
I304S,0.46096907993931
I304T,-0.332636156958125
I304V,-1.25989163743577
I304W,2.00067751118263
I304Y,2.34041094477006
A305C,0.324270080200671
A305D,0.545645833734028
A305E,-0.274825259759074
A305F,1.1214446711146
A305G,-3.47714411229402
A305H,1.09319907736272
A305I,-0.0579516662786596
A305K,-0.67299772096282
A305L,1.99187788274766
A305M,-0.495971441544208
A305N,-0.884358728992334
A305P,0.267766229902329
A305Q,-0.900841680714529
A305R,-1.01195381522956
A305S,0.106082443234206
A305T,-0.0659347747438248
A305V,-1.345344007562
A305W,-0.307825539675948
A305Y,-0.437694643721079
Q306A,0.104227145078842
Q306C,-1.08714252762294
Q306D,-0.878037665309814
Q306E,-0.704818019117815
Q306F,-0.869953751991469
Q306G,-1.0397147794057
Q306H,-0.562060551544299
Q306I,0.159209099036572
Q306K,-1.00633846610054
Q306L,0.337093057835269
Q306M,0.108907990246489
Q306N,-0.494397798638816
Q306P,0.914678395985915
Q306R,0.235040683016384
Q306S,0.902014986854122
Q306T,-0.0957343030875823
Q306V,1.02333098818282
Q306W,-0.897434271586272
Q306Y,-0.691193709551031
F307A,0.441952965173446
F307C,0.619013411886702
F307D,1.9263962895585
F307E,0.622054916788153
F307G,-1.07529210531022
F307H,0.730866472248634
F307I,0.101760338314167
F307K,-0.515215655114759
F307L,2.34231237593571
F307M,0.402083766897636
F307N,4.00630446124429
F307P,-1.77215233603635
F307Q,2.60348009331412
F307R,0.772705090198796
F307S,0.565047752395547
F307T,-2.52771955682467
F307V,-0.0607061017899301
F307W,1.05384010420532
F307Y,1.15932693290472
A308C,2.82866590554461
A308D,1.37684953850183
A308E,-0.144610321108207
A308F,-0.456679188669682
A308G,-0.293980677692513
A308H,-0.222838876312622
A308I,0.368506391873403
A308K,0.903683277144929
A308L,-1.29027313165548
A308M,4.21337362848274
A308N,0.43766985649315
A308P,0.610678254230911
A308Q,-1.14369787117637
A308R,-3.37638838723105
A308S,-0.314640107713951
A308T,1.94151981533037
A308V,0.67735392106696
A308W,0.582398032766234
A308Y,-1.57592645397086
P309A,-0.896105451190943
P309C,2.39018956170643
P309D,1.87954133610544
P309E,0.18878221542007
P309F,1.43115106061873
P309G,3.55064446846008
P309H,-0.9566614753545
P309I,4.50938425966476
P309K,-1.11316870128009
P309L,0.500342930230925
P309M,1.26774081322618
P309N,0.115111113826053
P309Q,2.05776325015597
P309R,-0.0146152662273884
P309S,-0.738692270753108
P309T,-1.05681930807734
P309V,2.61092962448266
P309W,1.51007360710696
P309Y,1.59515446519534
S310A,1.08786688387954
S310C,0.565702203893271
S310D,1.03928577862978
S310E,0.435076664334394
S310F,2.43454238062183
S310G,0.884061798918449
S310H,3.15358617740233
S310I,0.683400204484697
S310K,-1.1843880910318
S310L,0.239197638330471
S310M,2.1439265087776
S310N,0.755931093872412
S310P,-1.96277849465352
S310Q,2.497089400202
S310R,-1.49115207716803
S310T,0.745186703762186
S310V,0.579054871129576
S310W,0.0869745209908473
S310Y,-1.22149601560027
A311C,2.32703284617767
A311D,-0.31244264607139
A311E,0.124689094954244
A311F,-0.728003328518675
A311G,-0.442221999386335
A311H,-0.519924680132161
A311I,-0.370502281882423
A311K,-1.64233371638854
A311L,-0.580944718656831
A311M,0.000508870210532539
A311N,-0.686659929160077
A311P,-0.444600616020695
A311Q,-0.520197101823302
A311R,1.22282381622648
A311S,0.410036102091508
A311T,-0.204967284915879
A311V,0.13890862673153
A311W,1.97845396369307
A311Y,1.13784228256448
S312A,-0.923622211544807
S312C,2.68296553350285
S312D,-0.954825043036929
S312E,2.05450999682459
S312F,-0.477529993199074
S312G,9.99579601887783
S312H,-0.0140997006240112
S312I,-0.318632087814171
S312K,0.237467152832291
S312L,2.38324376242931
S312M,1.08142161048855
S312N,-2.79323348022112
S312P,3.23175961662227
S312Q,0.765321385573694
S312R,0.740533295289866
S312T,3.5366712010709
S312V,-0.00531497531481687
S312W,1.8375095496027
S312Y,-1.47074420506903
A313C,-2.70509004716567
A313D,1.12537342479437
A313E,-0.393641603500094
A313F,4.08826474401898
A313G,1.01389681776264
A313H,-0.13301995417221
A313I,4.45482834845665
A313K,0.499300283567608
A313L,9.99579601887783
A313M,2.69408039063926
A313N,1.95799228073696
A313P,-0.824385661633863
A313Q,-1.26072121318886
A313R,-1.18686148109404
A313S,1.34392710784047
A313T,-0.339233119882164
A313V,0.257611572610087
A313W,2.54428663585826
A313Y,-3.44265375187583
F314A,0.664227825695099
F314C,1.11597189328988
F314D,2.62392179942325
F314E,1.20850003012889
F314G,0.0327124045253771
F314H,-0.0636453110381843
F314I,0.776764129308966
F314K,-1.25627618385592
F314L,-1.56791327548589
F314M,3.02528523227576
F314N,0.798918943307517
F314P,-0.980134951675915
F314Q,-0.181844610632821
F314R,-1.69214580251074
F314S,-0.777273458140114
F314T,0.874851907986819
F314V,-0.750485110017706
F314W,1.09304528091909
F314Y,-0.257504778649244
F315A,-2.90929128395032
F315C,-0.945035388274152
F315D,0.23113002616993
F315E,1.07842361755854
F315G,0.225687185243409
F315H,-1.35449066965849
F315I,-0.700269105608886
F315K,2.01477777732962
F315L,-0.218979053037215
F315M,0.886561582333336
F315N,-0.444581782567762
F315P,-1.15649137487024
F315Q,-1.01869923571207
F315R,1.1718200920292
F315S,2.44823390166262
F315T,-0.349762456456221
F315V,-1.27854047108498
F315W,1.22426197946249
F315Y,1.10259792674049
G316A,3.84690497617454
G316C,0.103103949315765
G316D,-0.576285925445701
G316E,0.374753555767394
G316F,-0.290340985087514
G316H,-0.0613970192479781
G316I,5.86254615313361
G316K,-0.272261609376088
G316L,1.48670525109168
G316M,4.26475336317367
G316N,0.544983957106829
G316P,0.252844534419893
G316Q,-0.761495458473445
G316R,-1.36058714211985
G316S,0.195808136427419
G316T,0.433054894904863
G316V,0.737882033200794
G316W,0.197126274000173
G316Y,1.67332878377454
M317A,-0.0114398403969132
M317C,1.13410588921869
M317D,-0.466452708557919
M317E,-1.03576827523983
M317F,0.0707034704137329
M317G,0.183117387137154
M317H,1.76820205384939
M317I,-0.990776899485589
M317K,-2.93339136148909
M317L,-0.127648570669876
M317N,2.6874490813268
M317P,1.13731456131207
M317Q,-1.67570873124628
M317R,-0.346591754222136
M317S,0.462198002155329
M317T,0.849697018132102
M317V,0.00891536505537105
M317W,-2.29255886602538
M317Y,-0.581521010568875
S318A,0.757203023954346
S318C,-0.88460368642955
S318D,1.11499370381459
S318E,-1.09265310960479
S318F,0.526226006895356
S318G,0.600400036373672
S318H,-0.79222751424234
S318I,1.06488384860355
S318K,0.574973432832154
S318L,-0.472642031047094
S318M,2.55036328587852
S318N,1.12618024456204
S318P,-0.395395464795677
S318Q,-0.903732784626208
S318R,2.07964346486209
S318T,3.07097910374056
S318V,2.82743189982379
S318W,1.63069735587683
S318Y,-0.552851892663503
R319A,1.16796007406605
R319C,0.406557029507324
R319D,-2.14766825360956
R319E,-0.507972462939898
R319F,0.958732811946117
R319G,1.92382218142897
R319H,-1.4633161373006
R319I,-0.368742658181312
R319K,1.82973887722776
R319L,3.48314442263569
R319M,1.04693091416365
R319N,-0.152484859463574
R319P,-2.00168792840672
R319Q,-1.36552279556866
R319S,4.02159043806797
R319T,-0.401742553204755
R319V,0.766503577429952
R319W,2.68654274945752
R319Y,0.679642376047732
I320A,1.90467207857027
I320C,3.10723756223997
I320D,0.267766229902329
I320E,-0.560242762538168
I320F,0.066187972470555
I320G,-1.19816856513186
I320H,-3.58710004398538
I320K,0.795722981379139
I320L,-0.921666070282766
I320M,0.0651567936921022
I320N,1.0341089866998
I320P,-0.711218311418456
I320Q,0.311536938289114
I320R,7.10424854856236
I320S,-1.12184548167792
I320T,-1.09265310960479
I320V,0.323894449995558
I320W,-0.668485681077239
I320Y,2.97846007668845
G321A,0.394202421305461
G321C,0.465308079127333
G321D,0.36122288480587
G321E,-0.139532043341438
G321F,-0.0123561918398581
G321I,0.564271019110608
G321K,-0.896062419269161
G321L,0.124881332494148
G321M,1.11999900758392
G321N,-0.718671225081829
G321R,2.00115126835703
G321S,-0.925059837835428
G321T,0.0932173549675167
G321V,-0.510020803597056
G321W,-0.172408558933975
G321Y,-0.1880724824221
M322A,-0.293898531099585
M322C,0.566036113021905
M322D,-0.99235930523376
M322E,0.685786483217508
M322F,-0.708067789915765
M322G,-1.57592645397086
M322H,1.49551345235753
M322I,-0.340389731595837
M322K,0.0351675571405235
M322L,-1.82777157397123
M322N,-1.27268952490042
M322P,-0.343572475132064
M322Q,1.16343481570272
M322R,1.48754271387646
M322S,2.06490039172452
M322T,-0.806246957882425
M322V,-1.14311657031953
M322W,0.517668662048884
M322Y,-0.138098257044872
E323A,0.274819750706921
E323C,-0.319163426623568
E323D,0.225035726003874
E323F,-0.72811787996546
E323G,-0.306259340485902
E323H,0.156108400341609
E323I,-0.96683041335823
E323K,-0.538308222394287
E323L,0.398133709890964
E323M,0.0885322765241845
E323N,0.557979669055563
E323P,0.654955423878287
E323Q,-0.563127707848891
E323R,-0.206630212049202
E323S,0.248537337839313
E323T,0.420108458672453
E323V,0.848388773391367
E323W,-0.0666066673957424
E323Y,2.94303354769135
V324A,-0.850345301510819
V324C,0.362065685448975
V324D,-0.388618833382895
V324E,-0.395808862506871
V324F,0.116082877559352
V324G,0.465250801562792
V324H,-2.71293582588914
V324I,0.134643588735606
V324K,2.07434193468818
V324L,2.07930520045558
V324M,0.294086382805243
V324N,1.09476921743165
V324P,-2.50207460266525
V324Q,2.22855368455287
V324R,2.68233996807946
V324S,-1.12452916000094
V324T,-0.750485110017706
V324W,0.298313206497103
V324Y,-0.436852207044975
T325A,-0.421205703355054
T325C,-0.791729399732627
T325D,-0.180545642664902
T325E,0.556948768296877
T325F,0.959501676257376
T325G,2.0112191911397
T325H,0.386432514994575
T325I,-0.236650282357174
T325K,1.02294647473405
T325L,2.42314108432402
T325M,-0.527437523781081
T325N,0.00488581584823993
T325P,-0.679304197384456
T325Q,1.33939217177203
T325R,2.70560053577446
T325S,-1.52165930753537
T325V,0.443345172097942
T325W,-0.794667607784508
T325Y,1.04943627149696
P326A,-0.768237895724244
P326C,0.488196638993285
P326D,-0.542127711936953
P326E,-1.09724197996419
P326F,-1.09367367208074
P326G,-0.363305250782066
P326H,-0.530326700147702
P326I,-0.0185940776859312
P326K,0.47787292804506
P326L,-0.196555348596782
P326M,-1.82682530055014
P326N,-1.45849236284359
P326Q,-0.924904702991476
P326R,0.0239530110717234
P326S,2.83523358997187
P326T,-0.623236455399326
P326V,-1.19540276836355
P326W,0.0838755189047407
P326Y,-1.30327430979383
S327A,-0.55288540950315
S327C,0.210444373064305
S327D,-0.931674986892331
S327E,0.0221405530883237
S327F,-0.818304523417381
S327G,0.707181506447055
S327H,-0.535531568836338
S327I,-1.25509099141589
S327K,1.52974326405559
S327L,-0.38503248253186
S327M,-0.399924298635029
S327N,0.499555524605678
S327P,-0.168932452808812
S327Q,-0.501363202895937
S327R,1.33020042784987
S327T,1.0005339989019
S327V,-0.553791527412885
S327W,-0.148955501568832
S327Y,1.12723224334949
G328A,0.994535371573331
G328C,-0.412064657481493
G328D,-1.45182592594795
G328E,0.198670261004397
G328F,1.54042933997406
G328H,-0.0728557718753818
G328I,-0.599391604912294
G328K,-2.85988552670576
G328L,1.26337714136682
G328M,1.9361304885713
G328N,-0.0154316539581199
G328P,-0.644713835793173
G328Q,-0.599591658951752
G328R,-0.113781600152684
G328S,-0.850474400005465
G328T,0.67140800760062
G328V,-0.681905797094398
G328W,-1.00437248510797
G328Y,1.84646746722599
T329A,0.464613215985102
T329C,1.08793356891704
T329D,-0.96336477103197
T329E,-0.258642217005064
T329F,2.30093132177708
T329G,0.742729580421465
T329H,1.08642799725478
T329I,0.546091955606849
T329K,1.32769583102566
T329L,-0.586765162733481
T329M,-0.0643737565733381
T329N,-0.00548938355154357
T329P,-1.40760492024204
T329Q,-0.822087294250191
T329R,-0.215828412922952
T329S,0.480274480823299
T329V,1.6028002449484
T329W,-0.211315911964457
T329Y,2.74840505376736
W330A,-1.03480805788961
W330C,0.308554087766218
W330D,-0.186028104594328
W330E,-0.418734248836274
W330F,1.44210123765843
W330G,0.89303550200497
W330H,0.721228337593608
W330I,0.974095439448524
W330K,-0.620450606669428
W330L,0.183950128070109
W330M,-0.158010903331365
W330N,-0.0301631158969234
W330P,-1.13783673418706
W330Q,-1.86238662484285
W330R,0.646194813809877
W330S,1.02115395580485
W330T,-0.248601685932099
W330V,0.220402554250677
W330Y,-0.00835662973859032
L331A,1.25999210598181
L331C,2.89958453552632
L331D,1.90456176314624
L331E,0.60803328988179
L331F,-0.662829931369998
L331G,-0.541174266763054
L331H,2.46405877272696
L331I,-0.529698070684682
L331K,0.875777468456335
L331M,-0.42496362686254
L331N,0.14421758162472
L331P,0.292273079638007
L331Q,8.93549081961255
L331R,0.353826924651489
L331S,-1.59024804424402
L331T,2.39798350301591
L331V,1.45084181571534
L331W,-2.66239355752176
L331Y,-0.075577654633335
T332A,-0.248598359106244
T332C,0.032904997792527
T332D,-0.346625457816497
T332E,-0.119987687054957
T332F,1.10604695755401
T332G,-0.876754304317649
T332H,1.93233781346326
T332I,0.648816197015142
T332K,0.363885755814052
T332L,0.464928728573994
T332M,-0.926089817744057
T332N,0.615435030635888
T332P,-0.0474160931915703
T332Q,-1.0288280654753
T332R,-0.400114136283641
T332S,-0.513079590980539
T332V,0.784897671263303
T332W,1.7840978124403
T332Y,-0.65031775766758
Y333A,-1.92142745129608
Y333C,0.237467152832291
Y333D,1.86376532660341
Y333E,9.99579601887783
Y333F,1.06883726445858
Y333G,2.14914423267296
Y333H,0.508412421064559
Y333I,-1.12570334452529
Y333K,0.342941327713761
Y333L,1.44917282388222
Y333M,0.700692161637723
Y333N,-1.51919524451732
Y333P,-0.000926191714156984
Y333Q,0.546946260920742
Y333R,-0.60225190944992
Y333S,0.478047837744728
Y333T,-0.456280828687137
Y333V,1.26648024803381
Y333W,2.00992547699833
T334A,0.335729987071377
T334C,-0.481110085931333
T334D,-0.616888950478019
T334E,-0.277493716165127
T334F,0.914347373009807
T334G,-0.30053100452675
T334H,0.293992062334756
T334I,-2.42353003251421
T334K,-1.27479830890278
T334L,0.524788390819322
T334M,1.93909852547429
T334N,-1.81543445418256
T334P,1.99348679549392
T334Q,1.64846047023121
T334R,1.20816998193928
T334S,-0.583336292499317
T334V,-1.56646588561283
T334W,-0.118454631261549
T334Y,-0.789756953968032
G335A,1.21412924445187
G335C,2.68912477092741
G335D,0.880605037188155
G335E,0.322778654120319
G335F,2.35516970346466
G335H,0.693753100151539
G335I,0.0910536382909892
G335K,3.62517046295577
G335L,-1.4633161373006
G335M,3.75999911226952
G335N,0.552858388094387
G335P,0.555605694488036
G335Q,1.29141106884721
G335R,2.37381526758785
G335S,3.55578396639056
G335T,1.41819332999238
G335V,1.41182539143352
G335W,1.98609347800039
G335Y,2.34506451289894
A336C,-0.40354653249961
A336D,-0.899961054613019
A336E,-2.7486823756693
A336F,0.460286295732392
A336G,-0.510711753631587
A336H,-0.742096846484187
A336I,0.63872515771245
A336K,0.604418217785622
A336L,0.446739669255229
A336M,-0.342700308059398
A336N,-0.951005620828209
A336P,2.30567745478892
A336Q,-0.23391629476961
A336R,-0.554988038580834
A336S,-0.0119682615531525
A336T,-0.900501854535909
A336V,-0.4318519132637
A336W,1.00076876088248
A336Y,0.347372580287502
I337A,0.0918552315219254
I337C,0.0220498110920052
I337D,-1.43963328064701
I337E,1.63405106312087
I337F,-0.0660359549082563
I337G,3.21354683533765
I337H,-1.71421422956007
I337K,-1.29484182801663
I337L,-0.357325845646444
I337M,-0.171929693812699
I337N,-0.297313899525335
I337P,-0.0462683657089778
I337Q,2.63007972600201
I337R,1.17997286324048
I337S,9.99579601887783
I337T,-0.390520039987332
I337V,0.948413898931006
I337W,0.864894489429321
I337Y,0.700612564448703
K338A,0.626664158721953
K338C,1.40969808541648
K338D,-1.17195464023103
K338E,0.95974364001582
K338F,1.68262010580509
K338G,0.691056910353084
K338H,-0.509657129577417
K338I,-1.07894269330238
K338L,-0.688449332339441
K338M,-0.99791322802806
K338N,-0.450728947637002
K338P,-0.36659648015488
K338Q,1.20819960375696
K338R,0.542243990344456
K338S,1.07002996252723
K338T,-1.77612849020182
K338V,-1.14816421082104
K338W,-0.26327918060857
K338Y,-0.259808533413663
L339A,0.528749457229063
L339C,0.284436546707333
L339D,1.19049703310803
L339E,1.31516539487156
L339F,0.151004337671776
L339G,1.31472469504206
L339H,-0.354242737645349
L339I,3.27022334920359
L339K,0.255904415542078
L339M,3.32859407951622
L339N,0.308506562539092
L339P,-0.509583947604482
L339Q,1.12341987325613
L339R,0.762994793770388
L339S,-1.65537023383363
L339T,0.334456610846207
L339V,0.514618343570259
L339W,0.0976503095744594
L339Y,0.930381749310045
D340A,0.489534978890508
D340C,-0.145304149923626
D340E,0.43289732835212
D340F,0.445537775641747
D340G,1.32973029646453
D340H,3.10240825240865
D340I,1.20222505142901
D340K,3.35843222551727
D340L,0.748931070946759
D340M,-0.436624630246265
D340N,1.0989102123158
D340P,-2.07664674478657
D340Q,-0.07831591713908
D340R,-0.576467689361883
D340S,-1.30881366128752
D340T,1.15823264980556
D340V,-1.00477704354006
D340W,0.414231465653895
D340Y,0.352626909732098
D341A,0.157848945876836
D341C,-0.308163762773663
D341E,-0.247510601349848
D341F,1.02654059502723
D341G,1.79359807859441
D341H,-0.592885938333781
D341I,-0.638171086141852
D341K,0.52562489761683
D341L,-1.49856144456121
D341M,1.7822601922869
D341N,0.743572306076799
D341Q,0.311127303520538
D341R,1.39124117741694
D341S,0.740559150041244
D341T,-0.444507924765749
D341V,0.450708050468258
D341W,1.22036675450165
D341Y,0.394779472437038
K342A,-0.0883283281179558
K342C,-1.68138656208431
K342D,-0.363580955585176
K342E,0.0388512563603142
K342F,1.25497728082041
K342G,0.434166003308759
K342H,-1.75313488633781
K342I,0.564443242115982
K342L,0.814185951949501
K342M,-0.68110386189576
K342N,-1.01985246348314
K342P,-1.18419287957942
K342Q,-0.211490865047581
K342R,-0.784404098173053
K342S,-0.343137736261614
K342T,3.23603101719575
K342V,0.331411081792086
K342W,-0.639551235553004
K342Y,0.459298753068084
D343A,1.55951569683768
D343C,0.592409364859125
D343E,-0.65256686719289
D343F,-0.976203604566506
D343G,-1.78361361570029
D343H,3.61085673006735
D343I,-0.407339721221782
D343K,0.93237312042648
D343L,-1.82565700896703
D343M,2.40766051262605
D343N,-1.93229797975701
D343P,-2.32892992362997
D343Q,0.692858655805779
D343R,-3.8497693247063
D343S,-0.453140056684344
D343T,0.701775271815124
D343V,-1.15241377242083
D343W,0.550603194741489
D343Y,-0.334588213030178
P344A,0.00717255694805335
P344C,-0.678655418874179
P344D,-0.56931766177401
P344E,-0.512926059573144
P344F,-0.849885521463796
P344G,0.281830651920087
P344H,0.584112487438563
P344I,-0.531189397963486
P344K,0.509105838700925
P344L,-0.272357510570287
P344M,1.17568649484845
P344N,0.486817480832882
P344Q,-0.755161713723263
P344R,1.12167668283359
P344S,0.0524373452396142
P344T,-1.09756525142432
P344V,0.698874067847574
P344W,0.980086453659754
P344Y,-0.59987061855128
N345A,1.70142179871914
N345C,-0.233148106567851
N345D,-0.0739224323287219
N345E,0.0631348907534415
N345F,-0.232521723544771
N345G,1.42050981486145
N345H,-0.146549243303148
N345I,-1.00225916087058
N345K,0.892418049613137
N345L,-2.23893822823327
N345M,-0.341089458343899
N345P,2.21337441821899
N345Q,-0.0564305503445741
N345R,1.2577061733748
N345S,0.865130226075095
N345T,0.0614041090000982
N345V,0.394801263852937
N345W,0.152381923975701
N345Y,-0.993806404651892
F346A,0.4843269921755
F346C,-0.262431342805128
F346D,-0.287750057261535
F346E,-0.702043611810692
F346G,-1.49810029147048
F346H,-1.96575188523905
F346I,-0.0161250971013164
F346K,1.35378122442123
F346L,0.517295962428722
F346M,-0.489171073769746
F346N,-0.254054184562507
F346P,-1.85607545571328
F346Q,-0.0374788499409541
F346R,-0.695090955628918
F346S,-0.652649973900036
F346T,-1.14754116858871
F346V,-0.707826504488278
F346W,-0.583405761144008
F346Y,-1.89381731352856
K347A,0.712987214229143
K347C,-0.899083254065692
K347D,-0.775947113446755
K347E,0.31701257488248
K347F,0.219377500726576
K347G,-0.922489429432393
K347H,-0.528987531128128
K347I,1.56517454882968
K347L,0.329849916326638
K347M,-0.389040531831834
K347N,-0.350232613374816
K347P,-1.45810049658678
K347Q,0.59863435929931
K347R,1.31127307999978
K347S,-0.841120147333524
K347T,-0.188859097227088
K347V,-0.37446253993232
K347W,0.4098573935727
K347Y,-1.98391939466206
D348A,1.05242444154211
D348C,0.290659068828115
D348E,0.308977641436482
D348F,0.594474595106733
D348G,0.833070250752218
D348H,3.03178618541408
D348I,0.0513891510013999
D348K,-0.744419072066853
D348L,1.37025596836496
D348M,-1.40891046796577
D348N,-0.130612901995231
D348P,0.081761963207119
D348Q,9.99579601887783
D348R,0.345316820757143
D348S,0.181771452969682
D348T,0.0516403997231989
D348V,-0.356852472855816
D348W,-0.738280871258985
D348Y,-1.07891593330544
Q349A,-0.559033875275783
Q349C,-1.39459738376664
Q349D,4.87455671738831
Q349E,0.101018335357501
Q349F,0.546627120962465
Q349G,1.05394217388064
Q349H,-1.1211699823151
Q349I,-0.085005794495342
Q349K,0.316173698890991
Q349L,0.416606967993599
Q349M,-0.697131917276715
Q349N,-0.755535345568042
Q349P,1.63027054425999
Q349R,-0.99235930523376
Q349S,-0.396522869876293
Q349T,-0.0238988853776675
Q349V,-0.228208517615533
Q349W,0.173227775085474
Q349Y,-0.691940649123955
V350A,0.304657293906252
V350C,1.55496268104166
V350D,5.19351075407519
V350E,-0.904994250544994
V350F,-0.104181489200112
V350G,7.04214796070121
V350H,3.24826523559684
V350I,0.687910737670016
V350K,-1.1113321295976
V350L,-1.24466899839809
V350M,-1.24879327790683
V350N,4.55697789756055
V350P,-2.0841639496783
V350Q,3.9106726047288
V350R,1.08543176893451
V350S,0.483680798130423
V350T,-0.876179982651682
V350W,0.530212358943323
V350Y,0.343282831537936
I351A,-0.937933874973399
I351C,-0.0204953275594362
I351D,-1.22871970842998
I351E,-1.07141217676267
I351F,-1.02483201238441
I351G,2.20105134007602
I351H,0.502842315120077
I351K,-0.414993782791387
I351L,-1.02656175540606
I351M,-0.462697871273929
I351N,-1.92051928844195
I351P,0.211138256835854
I351Q,0.380216749777622
I351R,0.013283222623317
I351S,0.432827762659196
I351T,0.500647952859537
I351V,2.94789609993876
I351W,0.899315458188131
I351Y,1.24906444947618
L352A,2.16352309369799
L352C,0.10132178126968
L352D,1.11937323051166
L352E,0.128351125455474
L352F,0.48391494052109
L352G,0.55529288475719
L352H,9.99579601887783
L352I,-0.711170426110145
L352K,-2.31565285659609
L352M,-0.0528451792505561
L352N,2.57642449580845
L352P,-0.583484871220907
L352Q,-0.457503501411138
L352R,0.652948111836094
L352S,-0.963544158502864
L352T,-0.424909856932127
L352V,0.999320280278865
L352W,1.93378639321371
L352Y,2.2922805026543
L353A,2.16391375715377
L353C,1.93673337180871
L353D,1.51181110858927
L353E,2.48603452319793
L353F,-0.50542156794651
L353G,1.79460808728394
L353H,0.925867246198075
L353I,0.631441459773057
L353K,-1.57592645397086
L353M,-1.35938995757343
L353N,-0.646469651770363
L353P,0.443197343411872
L353Q,0.257678974840916
L353R,9.99579601887783
L353S,0.694389019899568
L353T,0.851961581564016
L353V,0.895248070789649
L353W,9.99579601887783
L353Y,-0.698682523680864
N354A,-0.705978236972125
N354C,1.96948470707671
N354D,-0.957673401397295
N354E,0.44874513533021
N354F,2.03594239971443
N354G,-0.47573791150706
N354H,1.08856722653153
N354I,0.377784633116805
N354K,-0.657928604514903
N354L,-0.0313218039773285
N354M,0.136698171960096
N354P,-2.7486823756693
N354Q,0.197092286255619
N354R,-1.14851152419733
N354S,-0.775660924147358
N354T,-0.165679405913654
N354V,0.0868344746667112
N354W,0.500121997938438
N354Y,-0.30709198391892
K355A,-0.633997459714417
K355C,0.0938853051557294
K355D,0.556128680908718
K355E,-1.55125206620061
K355F,0.66298673917884
K355G,0.921036731515539
K355H,-0.42334572485343
K355I,-0.708935428602372
K355L,-0.60153640295759
K355M,-1.76367649349915
K355N,-0.79719139787496
K355P,-0.0406513350566177
K355Q,-0.496499016541773
K355R,-0.528268301740101
K355S,-0.392893479966273
K355T,-0.818999518386041
K355V,-0.550194359751581
K355W,-1.07854929305444
K355Y,-1.43462504563873
H356A,5.34341281401548
H356C,0.116403942621558
H356D,2.19620056820624
H356E,-0.984832681253621
H356F,-0.186149609563661
H356G,1.84605172234948
H356I,1.45421608362582
H356K,-1.64019024776277
H356L,0.414857763477424
H356M,-0.0212329482690501
H356N,-0.923369252675124
H356P,-1.04657537593632
H356Q,-1.16055639472728
H356R,0.922969295140054
H356S,3.04058975664051
H356T,0.64273766773778
H356V,1.06216708893737
H356W,-0.967851520553056
H356Y,2.38163925009294
I357A,3.57324316529929
I357C,-0.625069818595436
I357D,0.229416592269487
I357E,-1.79715058119335
I357F,0.64273766773778
I357G,1.09408259412265
I357H,3.50989380204835
I357K,-0.55027632111582
I357L,-0.0301631158969234
I357M,1.08457360756645
I357N,2.4628420447845
I357P,2.07096841151447
I357Q,-0.757346843264405
I357R,-0.282216188585391
I357S,-0.833802699391353
I357T,1.90950132917666
I357V,0.347085913595417
I357W,-0.293129402995905
I357Y,-0.982693472125363
D358A,2.00070436901137
D358C,-0.829346507192894
D358E,0.915695930841159
D358F,-1.18044063253705
D358G,0.605904592476307
D358H,0.115111113826053
D358I,-0.707419061960616
D358K,2.4291279341101
D358L,0.00120980020444659
D358M,2.35572952587137
D358N,-0.588213030241189
D358P,-4.16428615337766
D358Q,-1.2205973375508
D358R,0.146448032717035
D358S,1.08820740684099
D358T,0.553140072378333
D358V,0.734641814750439
D358W,-0.898740531889898
D358Y,0.535753272135028
A359C,1.31450154380637
A359D,1.11416114525647
A359E,-0.135757349680897
A359F,3.20011193928976
A359G,-0.0985530000623022
A359H,-1.47766994622497
A359I,0.54721081289769
A359K,1.92739066380586
A359L,-1.63355877478242
A359M,-1.18228957945681
A359N,1.89225013586865
A359P,2.40231710229891
A359Q,2.09974339684484
A359R,2.42860454126868
A359S,-0.417993421746537
A359T,-0.506816959194649
A359V,1.93981680269828
A359W,4.49745308453909
A359Y,0.736482881028419
Y360A,1.42350515626637
Y360C,-3.44324099015978
Y360D,-0.797927963673407
Y360E,-1.79715058119335
Y360F,0.767661039297804
Y360G,0.300569841312892
Y360H,1.872505322976
Y360I,-3.47714411229402
Y360K,0.396662181278179
Y360L,-0.360280012808325
Y360M,2.02199241725473
Y360N,1.88964613754271
Y360P,-0.201100430865908
Y360Q,0.662065772442922
Y360R,1.41804107187152
Y360S,2.58953439482128
Y360T,0.227342398271857
Y360V,1.2844401944124
Y360W,0.197550052326655
K361A,4.49594292579852
K361C,-0.968913661853786
K361D,-0.480746765301458
K361E,0.398411468912874
K361F,-1.45138261936881
K361G,2.14300985679381
K361H,0.32721463283749
K361I,-0.118381461681375
K361L,1.25694101365311
K361M,-0.475426809190102
K361N,-0.152559037740277
K361P,0.720219164815474
K361Q,0.480333397749581
K361R,-1.35422111164278
K361S,-0.479953184886476
K361T,-0.194256344482106
K361V,-1.02926862759446
K361W,0.723272135476066
K361Y,3.28324250699319
T362A,-1.0365798435569
T362C,-1.31542857307033
T362D,-0.157071694979174
T362E,1.60589495400741
T362F,0.413932644261532
T362G,-0.6022799145625
T362H,0.627445530983954
T362I,0.495408589064062
T362K,0.653909330205064
T362L,-0.440698721359916
T362M,2.79957148034074
T362N,0.102481015090637
T362P,1.48513339747007
T362Q,0.758889974368954
T362R,0.534326938384431
T362S,-0.433203652655585
T362V,0.456131799006183
T362W,0.824924789983988
T362Y,0.275740185240613
F363A,1.76580430454358
F363C,-0.58202554537831
F363D,-0.570282174020548
F363E,-0.742998867454265
F363G,-1.76577159376206
F363H,-0.476593958629879
F363I,1.40853448559075
F363K,-0.0653716782904882
F363L,-1.15353538631983
F363M,1.41115650606665
F363N,0.129564296295994
F363P,0.362299378869751
F363Q,-0.44253798437085
F363R,-1.02086979074637
F363S,-0.793511692784962
F363T,-0.502018464812662
F363V,-0.825977517368653
F363W,0.301478347062255
F363Y,0.151994724686159
P364A,2.02806642362442
P364C,-1.24372823805646
P364D,-0.72677700784776
P364E,-1.07652292294723
P364F,-0.303378149671731
P364G,1.2089503803405
P364H,0.620020151396873
P364I,1.32309510004235
P364K,1.84094600945142
P364L,0.458522929011501
P364M,-0.257693449040746
P364N,-0.980089191412281
P364Q,-0.468693312021122
P364R,7.90067995813994
P364S,-0.31589862658464
P364T,1.86865144532881
P364V,1.40913823576707
P364W,-0.20736109159539
P364Y,-1.10815240392418
P365A,0.899007037146772
P365C,2.54708495813961
P365D,-0.78647518763747
P365E,-0.223752419716491
P365F,0.770914944997809
P365G,2.59492653931229
P365H,1.9049172822102
P365I,-0.277511639226776
P365K,-0.56970223023342
P365L,1.62416038363919
P365M,1.51108842664941
P365N,0.0124179024383134
P365Q,-0.938996194699499
P365R,-0.581591987294921
P365S,2.62006171890767
P365T,-0.923012916254021
P365V,3.29917010849229
P365W,-0.593251125327116
P365Y,-0.707088611620397
T366A,0.830573492130635
T366C,0.483852017723377
T366D,0.739584402352925
T366E,-1.131653281607
T366F,-0.115532261084627
T366G,0.688536336733972
T366H,-0.590368598058668
T366I,0.221855996866132
T366K,-2.10094397207036
T366L,0.188887565659743
T366M,1.01890216718676
T366N,-1.08737039375423
T366P,-0.268324236456861
T366Q,-0.038217643946621
T366R,1.02868347084516
T366S,0.155336495039784
T366V,-1.32854061772975
T366W,-3.15291414358186
T366Y,1.22810321317118
E367A,-1.49115207716803
E367C,-0.0480127703375865
E367D,-0.11616558160588
E367F,-0.169992726825018
E367G,-0.0985530000623033
E367I,4.90115471113221
E367K,0.969676313819517
E367M,0.2862646377518
E367N,0.545908716177925
E367R,0.0428020146776031
E367S,2.51715421103954
E367T,1.99558810103393
E367V,1.05003805255681
E367W,1.28221165273408
E367Y,0.188881425212488
P368A,-2.22755730360592
P368C,-1.20258804398319
P368D,0.506368051573545
P368E,-0.213112844427199
P368F,2.31839303451408
P368G,-1.12523312736401
P368H,-0.220874854351812
P368I,1.59137976459027
P368K,1.55762776122242
P368L,-3.31330094515661
P368M,-0.0571328569209059
P368N,1.55238968752704
P368Q,-1.11194834479403
P368R,1.04036714615053
P368S,-2.26773319407987
P368T,3.63179260594086
P368V,-0.519621059850223
P368W,-1.28158817247841
P368Y,0.0448858124352229
K369A,0.0390643184436584
K369C,0.328034361277205
K369D,-1.20534131905179
K369E,1.07165664162609
K369F,-1.84319100445383
K369G,-2.44131132737634
K369H,1.18490398844586
K369I,1.59419839664715
K369L,-0.293898531099584
K369M,-1.23137251936643
K369N,4.45185612778472
K369P,-0.902432386359641
K369Q,-0.746396371187551
K369R,0.125380862569339
K369S,-1.86055395349547
K369T,-1.5474513742351
K369V,0.0686123945325317
K369W,-2.04022167778453
K369Y,-0.771098280163894
K370A,-1.02777818746992
K370C,0.238465011328899
K370D,-0.857741077893229
K370E,-1.30105246172389
K370F,-0.300906823495796
K370G,-0.909895823800753
K370H,0.0710050899982065
K370I,-2.91255558088216
K370L,-0.609763260780943
K370M,-0.0576629120503304
K370N,0.818821554360644
K370P,1.71254339688358
K370Q,0.0704579156897074
K370R,0.983329063032067
K370S,-0.342908154612369
K370T,-0.413643305560167
K370V,-1.55390563363876
K370W,-0.298085381513546
K370Y,0.16955202698278
D371A,1.22894293337335
D371C,0.469003788186428
D371E,-0.376442104738066
D371F,-1.11920330287982
D371G,1.55723008187277
D371H,0.203425119323647
D371I,0.229656225176869
D371K,1.75394900579752
D371L,2.52690640687643
D371M,0.650679280142271
D371N,-2.6490622512958
D371P,0.150265330868969
D371Q,0.924686211503792
D371R,-0.11995373193633
D371S,-0.822034216741467
D371T,-0.367800590580647
D371V,0.684221132646167
D371W,0.58457102877932
D371Y,-0.048158521187579
K372A,0.40553269864665
K372C,0.0851115829800017
K372D,-0.593506043889794
K372E,-1.30845493150978
K372F,1.85645708518445
K372G,-2.28496485455784
K372H,0.0981274335226608
K372I,-0.715186225771899
K372L,0.8555556443099
K372M,-0.76234818138009
K372N,0.10527497164676
K372P,0.587232802678593
K372Q,0.941101848890918
K372R,-0.125165994957355
K372S,0.267766229902329
K372T,-0.615779187931549
K372V,2.0579217934338
K372W,-0.113075162424198
K372Y,0.277944392533999
K373A,-1.10631548429285
K373C,1.34719877587882
K373D,-1.19919122665312
K373E,-0.873149218704982
K373F,0.19280397718449
K373G,3.35865634820381
K373H,0.488884464226913
K373I,0.10935049055214
K373L,-1.87809383805792
K373M,0.544643661781441
K373N,0.185370029763665
K373P,-0.341357075448045
K373Q,-0.966441160758953
K373R,-0.249829882279804
K373S,1.13350283616714
K373T,-0.0623285511959887
K373V,1.58540669896293
K373W,-0.267887064712621
K373Y,-0.341089458343899
K374A,-0.497160128644739
K374C,-0.229005349582917
K374D,-1.03317540384119
K374E,-0.450673109259752
K374F,-1.11196357085502
K374G,0.862897570259232
K374H,1.28380074226857
K374I,-0.833802699391353
K374L,0.882664402772812
K374M,2.06965700840914
K374N,-1.7394274297951
K374P,0.479343527465973
K374Q,-0.197948734117064
K374R,-0.380167890674857
K374S,-1.53088273225682
K374T,2.6091264969169
K374V,-0.846431486727601
K374W,1.24978161996269
K374Y,0.196647152470562
K375A,2.00155615270374
K375C,0.402555626774771
K375D,-1.14944889988431
K375E,-1.33072699685371
K375F,1.44846321290679
K375G,0.973999673302482
K375H,0.995225190848603
K375I,1.5163985541889
K375L,-0.85223989172707
K375M,1.78741855418244
K375N,1.32682892788591
K375P,-0.393700825295607
K375Q,0.0531992455091558
K375R,0.406452241604599
K375S,-0.264680285478517
K375T,0.554421589566696
K375V,-1.99956044113944
K375W,-1.90562389290951
K375Y,-0.275539607421282
A376C,0.218406310470918
A376D,-0.177779718037215
A376E,-0.436812290073538
A376F,0.723037541824034
A376G,0.200551002362473
A376H,-0.281053082812543
A376I,-0.0842778634940416
A376K,0.182395833552112
A376L,-2.21876451488916
A376M,-0.0611521171371684
A376N,0.839139514947765
A376P,-0.85629438274593
A376Q,1.21469622070377
A376R,0.708511119868915
A376S,-0.373386465381224
A376T,-1.09793798420143
A376V,-0.22859232216003
A376W,-0.351149660235068
A376Y,-1.86840648238935
D377A,1.54360247079301
D377C,1.36858326237589
D377E,0.69817681150743
D377F,0.206944626856278
D377G,1.82826671951277
D377H,2.4784442979922
D377I,1.44459174337151
D377K,-0.805184515357529
D377L,4.83586408217224
D377M,-0.932292684748981
D377N,1.6689594749598
D377P,0.858108711521688
D377Q,0.557953430850505
D377R,0.809527827995006
D377S,-0.971406392444594
D377T,3.54338220541029
D377V,1.39754561303691
D377W,-1.19815430064293
D377Y,-0.121933175186461
E378A,0.777940395249203
E378C,-1.71788673106058
E378D,0.155427043308006
E378F,-1.85607545571328
E378G,-1.00173839996747
E378H,0.16422454209618
E378I,-0.137406531457614
E378K,0.547528292941563
E378L,0.291283728053122
E378M,-0.0533814044914664
E378N,-1.25135858979634
E378P,0.602909782584944
E378Q,-0.476618638216299
E378R,-0.309363914397795
E378S,0.426989459328936
E378T,1.12459762070704
E378V,0.510168566840033
E378W,2.27265195267769
E378Y,-0.821903640278926
T379A,-2.05788037020498
T379C,-1.81460323270504
T379D,-0.368945907053358
T379E,-0.667112833884555
T379F,0.775714912683795
T379G,1.37362014891853
T379H,0.104950958905661
T379I,-2.13794055378523
T379K,0.345204882597299
T379L,-0.297313899525335
T379M,-1.15013258323093
T379N,0.470516639247144
T379P,-1.92509633877827
T379Q,-1.2005458447194
T379R,0.841050432551889
T379S,-0.339095613958131
T379V,0.30871182235496
T379W,-1.05236538162994
T379Y,1.0250020971701
Q380A,1.68653973366691
Q380C,1.77899715543842
Q380D,0.57062544312051
Q380E,1.17752725994714
Q380F,-0.681255821607224
Q380G,1.14883222529682
Q380H,0.901177179850295
Q380I,-0.0757376097334073
Q380K,0.981907880649579
Q380L,0.224118229029049
Q380M,1.00577463750325
Q380N,-0.652898894731003
Q380P,-0.711788414094003
Q380R,-1.52758201753401
Q380S,-0.327324616050333
Q380T,-0.889953452899701
Q380V,-1.51392446426266
Q380W,-1.68323407294376
Q380Y,2.01341699488836
A381C,0.886326556043902
A381D,2.07133336001312
A381E,-1.71250907596747
A381F,-0.60214202869142
A381G,0.902455611764406
A381H,-0.0300333720584974
A381I,0.222577486489727
A381K,-1.16253936669838
A381L,-0.202430347786326
A381M,-0.94694569002007
A381N,1.16917617319087
A381P,-1.02286946239485
A381Q,-0.382248397686227
A381R,1.37103383344929
A381S,0.516851364632832
A381T,-0.169524980868962
A381V,2.72196005900697
A381W,0.625458358395507
A381Y,-0.658658812851867
L382A,0.229125272453599
L382C,1.97940154233576
L382D,6.04190206969277
L382E,-0.918532086685476
L382F,-1.06375657551125
L382G,2.44568356793019
L382H,-1.49935729572995
L382I,0.656469795607482
L382K,0.617763560607331
L382M,-0.196042613811795
L382N,1.64226667884308
L382P,-0.432312846819201
L382Q,-0.639717941978619
L382R,1.11609154667904
L382S,-1.17654062581375
L382T,1.50765998047496
L382V,-0.774151709652524
L382W,0.966678517139637
L382Y,-0.441798776597905
P383A,1.91356557416902
P383C,-0.419377516215322
P383D,-0.307668135296916
P383E,-0.942012491562434
P383F,0.0891518978614326
P383G,-0.894173783821645
P383H,1.58648722380339
P383I,1.20726792860157
P383K,-1.10774305167511
P383L,-2.38448269372854
P383M,-1.21993372162241
P383N,0.546502613101658
P383Q,1.78292026285244
P383R,0.492533549947749
P383S,-1.68947270182718
P383T,0.386928577298264
P383V,0.380744414297264
P383W,0.514495073208903
P383Y,-0.499398508984921
Q384A,-1.38768734100292
Q384C,1.05295564797417
Q384D,-1.64856494163778
Q384E,-0.508536211647234
Q384F,2.45211501226518
Q384G,1.75258770134774
Q384H,2.29575264230057
Q384I,-2.00380765239786
Q384K,0.417647456990265
Q384L,-0.769817177797847
Q384M,-1.69214580251074
Q384N,1.55719975005934
Q384P,1.04364790249501
Q384R,1.22706054501074
Q384S,6.49587982784948
Q384T,-0.806267462143295
Q384V,1.10251749170729
Q384W,-0.553463661796649
Q384Y,-0.505129589562556
R385A,-0.329160797645897
R385C,-1.42684663173709
R385D,1.55777586843855
R385E,0.384309867661763
R385F,-1.25321108569738
R385G,-0.792509065915598
R385H,2.28032816123715
R385I,0.613363564341505
R385K,-0.795814645439382
R385L,-0.921874766997419
R385M,-0.232252279507633
R385N,0.746462839369311
R385P,0.288476491493969
R385Q,0.29719548497452
R385S,2.13038245403546
R385T,-0.638005916606324
R385V,0.469229522959043
R385W,-1.65972393638551
R385Y,0.107435131703862
Q386C,-0.587481386618559
Q386D,-0.36156457976447
Q386E,0.29157087845289
Q386F,0.151751616751502
Q386G,0.406408390515862
Q386H,-0.629531815366656
Q386I,0.664581196924644
Q386K,0.715233133318083
Q386L,-0.736701581576435
Q386M,0.282390408944249
Q386N,-1.35204277413719
Q386P,0.867349152243064
Q386R,0.0851838095856814
Q386S,0.698157080167637
Q386T,0.430218682177874
Q386V,0.316647146922481
Q386W,-1.96408334238448
Q386Y,-0.0578854808379153
K387A,-0.677326068401458
K387C,0.513337254345577
K387D,-0.719558837252862
K387E,-0.974002488856921
K387F,0.975046004980152
K387G,0.818719072498255
K387H,-2.00774451957776
K387I,1.51859428987625
K387L,-0.872284617981492
K387M,-2.30874211353783
K387N,-0.619862321520927
K387P,-0.200097666783926
K387Q,-1.50828933345013
K387R,1.32580737625141
K387S,-2.00168792840672
K387T,0.427102789599537
K387V,-0.295768429531208
K387W,5.52331195216436
K387Y,-0.583332978689699
K388A,0.867280382295958
K388C,-0.475462691785404
K388D,0.0456484200479564
K388E,0.737133581903914
K388F,-0.682809288222862
K388G,-0.503555104225963
K388H,-0.579910278177605
K388I,3.08053847141602
K388L,0.357204676666134
K388M,-0.199904382197601
K388N,-0.848065261478634
K388P,0.163514656180782
K388Q,-0.332797217256537
K388R,-1.13013706332951
K388S,1.3189040583681
K388T,-0.743816199123304
K388V,-1.30035947297604
K388W,-0.530076061472703
K388Y,-1.06546373607037
Q389A,1.74974483607514
Q389C,-0.534437632422557
Q389D,-0.323573387672369
Q389E,-1.17100773729658
Q389F,-0.411504443583652
Q389G,1.98484872443409
Q389H,-0.0938153541482743
Q389I,-1.57081226423395
Q389K,0.42364883730653
Q389L,-0.723981154138986
Q389M,-1.36748898565741
Q389N,-0.32976987855679
Q389P,-0.571895731234454
Q389R,0.972965204795724
Q389S,-1.71576896381664
Q389T,-2.21260646351093
Q389V,1.47487745840548
Q389W,-0.5043576831777
Q389Y,-0.0275195844128737
Q390A,-0.092191204211593
Q390C,0.730092443633751
Q390D,-0.350972112508677
Q390E,-0.0545127589169935
Q390F,0.821259488719166
Q390G,3.81750672719424
Q390H,0.873080478898015
Q390I,0.0161891048611759
Q390K,2.30339776290889
Q390L,-0.542690321571537
Q390M,-0.373624621766399
Q390N,-0.375515310411234
Q390P,0.108959202380202
Q390R,0.795226754300275
Q390S,2.30732897649103
Q390T,-0.954580193850246
Q390V,-0.43204124976793
Q390W,0.00486563534476736
Q390Y,-0.827134823051684
T391A,1.97695840187622
T391C,0.328014222755479
T391D,0.574900171007755
T391E,-1.05466477146998
T391F,1.14450227032201
T391G,1.51867598722217
T391H,2.97433452144404
T391I,-2.97813984976094
T391K,0.788162644041504
T391L,0.706572142049083
T391M,0.442901817799881
T391N,0.0139445763055017
T391P,1.47642601859265
T391Q,-0.680122485336254
T391R,-1.28658171810746
T391S,0.171128211756478
T391V,-0.0130740163047137
T391W,-1.62114565194095
T391Y,0.391841346762048
V392A,-0.563002180479738
V392C,-1.06257448639394
V392D,1.72880284389009
V392E,-0.442960848601446
V392F,-0.858422267690091
V392G,1.0593256920637
V392H,-0.00148441780500218
V392I,-1.20008838351201
V392K,-0.269685477763384
V392L,4.24071514999098
V392M,-0.696887484614945
V392N,2.22595731720756
V392P,-1.32095499241277
V392Q,1.8363963151383
V392R,-1.06086606310396
V392S,1.31492931671296
V392T,-2.29316665384844
V392W,-0.535073189551168
V392Y,-0.662592040288434
T393A,0.697696744353921
T393C,-1.96044389661897
T393D,-0.947169407268627
T393E,1.76746011510595
T393F,5.05227682371783
T393G,0.0102663359295758
T393H,-0.566060073595131
T393I,-0.408788135498513
T393K,0.776302251000788
T393L,2.17139666191808
T393M,0.342250219482711
T393N,1.06434801695946
T393P,0.275717894496076
T393Q,-0.471556763308514
T393R,-0.808593701945952
T393S,1.51010666918802
T393V,-0.960331147500084
T393W,-1.42193881635366
T393Y,-0.171357732075728
L394A,0.805623880560269
L394C,0.0842156045725362
L394D,-0.339419463490001
L394E,-1.00623063196189
L394F,-0.283684173872514
L394G,-0.108426803658157
L394H,0.878860976502104
L394I,-1.57343644348783
L394K,2.17184715090652
L394M,-0.582743749969887
L394N,1.69422204234229
L394P,1.92040584421073
L394Q,1.8018657229057
L394R,-0.983549246492977
L394S,-0.65763323966626
L394T,-0.0911587614702138
L394V,0.215468337904749
L394W,0.377284878704573
L394Y,0.491785314415425
L395A,-0.131413703010951
L395C,-0.337889043668281
L395D,0.125277717277787
L395E,1.03378240730191
L395F,0.463951257691464
L395G,1.32077227719312
L395H,0.0129915289593758
L395I,1.47382352266151
L395K,0.270284141025952
L395M,0.919956161636864
L395N,-0.421041405264232
L395P,0.829828826033847
L395Q,0.164333858081871
L395R,-0.0966432168982656
L395S,0.395561318302854
L395T,-0.457463807597908
L395V,1.51550796454642
L395W,-0.441220309895115
L395Y,1.23565337120602
P396A,0.366794859064413
P396C,-0.0237561904410983
P396D,-0.39874664072245
P396E,1.0317829876417
P396F,0.0557632455616669
P396G,-0.693064361957001
P396H,2.52663412333575
P396I,1.53255807443689
P396K,0.996642600935983
P396L,1.51381196382685
P396M,-0.537810732750002
P396N,1.33818281573888
P396Q,1.25768629745106
P396R,1.4257956559556
P396S,0.478047837744728
P396T,0.267766229902329
P396V,-0.173455156714598
P396W,-0.74449392925998
P396Y,-1.10644941712869
A397C,-0.768660329941744
A397D,-0.632510685231006
A397E,0.20854259667761
A397F,-0.0327960178131648
A397G,-0.157538168112719
A397H,0.514414828118868
A397I,-0.884689159423824
A397K,1.53285251946421
A397L,-0.783688457897565
A397M,-1.95369263319724
A397N,-0.0915004179182204
A397P,0.929149246626032
A397Q,-1.63555550978532
A397R,0.277252937956553
A397S,-1.03835694485557
A397T,1.00267432203695
A397V,0.275192756641962
A397W,-1.379338797727
A397Y,-0.0643528432095472
A398C,-2.11726046121764
A398D,-0.00422072070812267
A398E,1.48704549866308
A398F,-0.733478913699442
A398G,1.60646488758425
A398H,-0.716454780162457
A398I,-0.0919274329655276
A398K,0.647015468133328
A398L,-0.388579842238879
A398M,-0.920404479180153
A398N,-0.765333636694745
A398P,-1.36621928920413
A398Q,0.489455872625094
A398R,5.73604438476382
A398S,-1.07683100599505
A398T,-0.0367276452908565
A398V,1.17583465536617
A398W,0.318216360112267
A398Y,-1.93461626250118
D399A,-0.282464627505928
D399C,-1.18003483985834
D399E,-0.967957337545396
D399F,0.969349918434464
D399G,-0.699335981200723
D399H,-1.293812030554
D399I,-0.00153525198725507
D399K,0.661545438167297
D399L,0.433648173128701
D399M,0.189260773125667
D399N,-0.678379806068261
D399P,1.28194546384144
D399Q,-0.599247107521775
D399R,-1.03429181811425
D399S,-0.0996056942279523
D399T,2.08325701719574
D399V,0.295877852614372
D399W,0.2255851325145
D399Y,-0.421405803241479
L400A,1.53315255061441
L400C,-0.0644005445683603
L400D,0.608569658873625
L400E,4.19111810371115
L400F,-0.0739641285025446
L400G,-1.35393800603271
L400H,1.16262928014191
L400I,-1.62304805641363
L400K,-0.611977373916397
L400M,-0.621782940401785
L400N,3.50928631062503
L400P,-1.31933936751414
L400Q,-1.24730006864778
L400R,-0.716920435746675
L400S,1.26124305344935
L400T,-0.573249563066659
L400V,0.342438870504246
L400W,1.52418573481575
L400Y,-0.569315443636584
D401A,3.90636577220841
D401C,-0.571231376145718
D401E,-0.312280923873254
D401F,-0.791952266795282
D401G,1.7440416634628
D401H,2.82500579940088
D401I,-1.05166246397137
D401K,-0.418720578850282
D401L,1.60728022160099
D401M,2.86227895846256
D401N,-0.2067420000596
D401P,-0.0154462583901995
D401Q,-0.247903914814731
D401R,1.95552428058438
D401S,1.15720512502218
D401T,1.63580315957011
D401V,-0.746686979103092
D401W,-0.204106697940478
D401Y,-0.486860785627156
D402A,1.27195047936049
D402C,0.743521375008895
D402E,0.207845837536713
D402F,0.0138708821482346
D402G,0.218001512272336
D402H,0.916399816501882
D402I,0.509959050627735
D402K,0.574455749990054
D402L,0.92936746453655
D402M,2.16139440890947
D402N,2.18804166975483
D402P,-0.396994735978239
D402Q,-0.233716043046477
D402R,0.71220240365782
D402S,1.93726814190878
D402T,-0.227013285936795
D402V,-0.805498289314119
D402W,2.34498357715099
D402Y,-0.300214622541574
F403A,1.37665596767632
F403C,-0.399708964476699
F403D,1.55411282880561
F403E,-0.533897512154775
F403G,-0.451626227189447
F403H,-0.823235350475657
F403I,-1.60483355257759
F403K,0.928676472615344
F403L,-0.174896252075239
F403M,0.644940814652609
F403N,-1.15369583425991
F403P,-0.487110604223943
F403Q,0.329157874210344
F403R,1.22469837680364
F403S,0.676625950404696
F403T,-0.358078903903456
F403V,0.954993020964466
F403W,-1.21550647016916
F403Y,-0.546854028707141
S404A,1.62635590717849
S404C,0.173611196730209
S404D,-0.329160797645897
S404E,-0.169082127358319
S404F,3.58235686488051
S404G,-0.490768342118919
S404H,0.524025874456706
S404I,2.79436651103817
S404K,0.14961980717062
S404L,-0.871186742869549
S404M,0.308169959369022
S404N,1.39000938810544
S404P,-1.05456029545541
S404Q,-1.29969168030446
S404R,-0.306227606711588
S404T,-0.240159240952155
S404V,1.17999062075198
S404W,0.0358912647339927
S404Y,0.338037322191239
K405A,-0.543176652911724
K405C,0.313016904763711
K405D,-1.97287433452905
K405E,0.930136947908823
K405F,2.44416022883981
K405G,0.290681495365121
K405H,1.47989119518829
K405I,-0.868069655499182
K405L,-1.82777157397123
K405M,0.693413171852521
K405N,0.737353040680251
K405P,0.338409146090529
K405Q,-1.444216108894
K405R,0.0127694805003979
K405S,0.871672837062119
K405T,-1.75039770120255
K405V,1.30268292038164
K405W,-1.2371496702705
K405Y,0.409238990995035
Q406A,0.125848267024323
Q406C,-0.795676032449511
Q406D,-2.46055485388041
Q406E,-1.71169419746711
Q406F,-0.05703942050031
Q406G,0.57895961205866
Q406H,-1.34047658161217
Q406I,1.16050131590206
Q406K,-2.62053647632715
Q406L,-1.45461209163483
Q406M,-2.16795641929494
Q406N,0.767729402740939
Q406P,1.28209826500823
Q406R,0.632913512431784
Q406S,-1.36580622823021
Q406T,-0.0746240087999755
Q406V,0.18308627201795
Q406W,1.40101924105829
Q406Y,4.83614631699306
L407A,-1.34778318918331
L407C,-0.976946044892636
L407D,-1.02898560480548
L407E,0.0673789253463953
L407F,-0.305455515286551
L407G,2.84571323398615
L407H,-0.524118590295092
L407I,-0.984990420295653
L407K,-0.507967674688533
L407M,-0.508071326320526
L407N,0.720891331239851
L407P,1.62907468333945
L407Q,0.299441139087236
L407R,-0.256326398433888
L407S,5.51766032029366
L407T,-1.53576330972905
L407V,-0.773595399250779
L407W,3.51292130605947
L407Y,-1.83962641114685
Q408A,0.696191167308883
Q408C,0.241566985900369
Q408D,-1.47825121418676
Q408E,-1.5127503000952
Q408F,-0.483493058526388
Q408G,1.85654024504919
Q408H,-2.23893822823327
Q408I,0.241021504419107
Q408K,-1.01543171612296
Q408L,-0.930757445822817
Q408M,0.789663406847307
Q408N,-0.64861235259116
Q408P,1.49133262220619
Q408R,1.0816194773668
Q408S,-0.188644165996247
Q408T,-1.43023834872457
Q408V,-0.745851655614324
Q408W,0.0491493935857017
Q408Y,0.685419178275938
Q409A,0.182516322378126
Q409C,-1.42376247164531
Q409D,1.71557566116765
Q409E,0.0651539365073961
Q409F,2.47992881348172
Q409G,-0.892049402842968
Q409H,-0.589183752304234
Q409I,-0.484344169462364
Q409K,-0.875474731815519
Q409L,0.0389529191082857
Q409M,-1.44012600673924
Q409N,1.66870469840437
Q409P,-0.062360383523513
Q409R,-0.342765985017858
Q409S,-2.61259510654758
Q409T,1.054558822236
Q409V,-1.33261291827449
Q409W,-0.0638958883795642
Q409Y,-0.475361714950658
S410A,0.210315405106602
S410C,-0.284182541942577
S410D,-0.329180837262146
S410E,-1.19892090921285
S410F,0.00373671122616704
S410G,-0.0542171114327926
S410H,-0.0822405886514383
S410I,3.35315939871654
S410K,-0.383150684046088
S410L,-0.857038208602546
S410M,2.0532544289569
S410N,-0.262549033008707
S410P,0.466205998430948
S410Q,0.460262634642981
S410R,1.18929018020827
S410T,-2.318794785122
S410V,1.87188126682151
S410W,-1.37618686489846
S410Y,-1.11108314457296
M411A,0.876420149217191
M411C,-0.483474655429576
M411D,0.765580235210345
M411E,0.451397755489385
M411F,1.00660357885831
M411G,1.63809265338816
M411H,-0.501844813006557
M411I,-1.8004279008556
M411K,1.29521584909468
M411L,1.18248978856491
M411N,0.133328541678434
M411P,-0.0140127008148475
M411Q,-1.42048526882859
M411R,0.904977230103395
M411S,0.069733210842676
M411T,-1.73039861684539
M411V,-1.17214795484855
M411W,5.13667105167794
M411Y,-1.50392507815302
S412A,3.15295815981289
S412C,-1.21670165745874
S412D,-0.231865759106569
S412E,1.3120997800991
S412F,0.509207958679988
S412G,1.85502747942334
S412H,0.584527974249539
S412I,-1.27964651419949
S412K,-1.02229212637337
S412L,4.23438031383982
S412M,-0.120979227794632
S412N,0.783373163840795
S412P,1.64233683652767
S412Q,2.57926551391002
S412R,-1.95327865295618
S412T,-0.628317773898709
S412V,-1.384595828907
S412W,-0.34053452363163
S412Y,-3.44528717708787
S413A,0.549204178572401
S413C,-0.224102965785118
S413D,-0.711841525865672
S413E,-0.456063261501305
S413F,-0.640864860877091
S413G,0.219530668092058
S413H,0.219676763608124
S413I,0.442303176786574
S413K,1.20814369238533
S413L,0.0551321044785207
S413M,3.22628559779872
S413N,0.186590094562737
S413P,0.76209515345772
S413Q,1.22801993618387
S413R,-0.00140679748666035
S413T,-0.467153362655262
S413V,-1.09949725063397
S413W,-0.319861525751675
S413Y,0.25305150906487
A414C,1.42895228021898
A414D,1.31499032023845
A414E,-0.436435572764681
A414F,-0.987700651227271
A414G,0.400540323782267
A414H,0.368410228304271
A414I,-0.57556453749302
A414K,1.90697465963553
A414L,0.937979760204101
A414M,-1.32091979523927
A414N,1.59969219210079
A414P,-1.38264728006655
A414Q,0.196891617342138
A414R,-2.1860439264475
A414S,1.61527924636269
A414T,7.9413774936873
A414V,-0.0230514798416421
A414W,-0.492204694747719
A414Y,-1.55089764593432
D415A,-0.830108556683537
D415C,0.837400670666172
D415E,-0.0504322767612135
D415F,-2.27456337066293
D415G,-1.67041706167829
D415H,-1.47134679283265
D415I,-0.0658060342859062
D415K,0.290797338195976
D415L,-0.850584502280051
D415M,-0.666129166989401
D415N,-0.0828751237128073
D415P,3.79556952631317
D415Q,-0.465799049831816
D415R,0.476644239379569
D415S,0.988981010686857
D415T,2.04075722346921
D415V,0.0910730028749428
D415W,1.28323201818572
D415Y,-0.955014821128228
S416A,0.246006015263659
S416C,-0.871060555916751
S416D,1.07625107818038
S416E,1.34580505289075
S416F,3.11872346115933
S416G,0.888397776319727
S416H,-0.250275315160637
S416I,0.00884443516693892
S416K,2.14731465126963
S416L,-2.10094397207036
S416M,-0.933052289848455
S416N,3.55453884713466
S416P,-1.24339042789953
S416Q,-1.19663019495951
S416R,0.339458810447998
S416T,-0.293966629195529
S416V,-0.480510283997378
S416W,2.64752894859551
S416Y,0.806770740756178
T417A,1.27146711157577
T417C,-0.0616963556152747
T417D,-1.27495001128604
T417E,1.56519086628209
T417F,1.68683682130583
T417G,1.02384412470374
T417H,-0.0209131094839721
T417I,0.38207997913418
T417K,-0.484792530344793
T417L,-0.668300231396696
T417M,0.206469280804186
T417N,0.328545549780688
T417P,-0.348091221946464
T417Q,-0.927780847669543
T417R,-0.82926289828748
T417S,3.12573153423551
T417V,-1.8473484817795
T417W,-0.381100400154718
T417Y,3.89239541582514
Q418A,-1.00238493656449
Q418C,-1.90136598225566
Q418D,-0.132140315120723
Q418E,0.188076633291698
Q418F,-1.6695651108722
Q418G,-0.830957907340457
Q418H,-1.82777157397123
Q418I,-1.18753061703566
Q418K,0.127812233535284
Q418L,1.63879292026883
Q418M,-0.823489062605787
Q418N,-1.15817615801133
Q418P,-0.462097321094235
Q418R,-0.019476470548538
Q418S,1.3319260901876
Q418T,0.433157479946748
Q418V,0.415008374678701
Q418W,-0.669938468583153
Q418Y,-4.37395342954163
A419C,-2.37679031586469
A419D,-1.87230870339693
A419E,2.93502560983011
A419F,-0.712841401726087
A419G,-0.16747043672737
A419H,-0.155066259955759
A419I,0.384192750415115
A419K,2.19782752777403
A419L,0.538168950411538
A419M,-0.318861426830245
A419N,1.94202750554392
A419P,0.599117718539414
A419Q,-0.228996345619109
A419R,9.99579601887783
A419S,0.0669494219660917
A419T,2.18905751450669
A419V,-1.50881058840498
A419W,0.43561514898729
A419Y,-0.593532653211344
