Mutation,Escape_Score
S2A,-0.454629389701103
S2C,-0.568637253120253
S2D,-1.40406106490947
S2E,0.516624670445199
S2F,1.51757370140946
S2G,9.71067919273087
S2H,-0.346911446429869
S2I,2.76451976706511
S2K,0.214376745074788
S2L,9.71067919273087
S2M,0.103932195641314
S2N,3.07640119036052
S2P,2.49486121268075
S2Q,1.46169324500249
S2R,4.04183031187123
S2T,1.00685188350323
S2V,4.47267906223003
S2W,1.1052585781036
S2Y,1.58781759554018
D3A,0.115190787672086
D3C,3.49258118794016
D3E,0.268416068253607
D3F,2.457995879084
D3G,-1.71814310620235
D3H,2.15732457585838
D3I,9.71067919273087
D3K,0.475767652722528
D3L,4.38396496574709
D3M,4.82855143722464
D3N,0.723207567875974
D3P,3.25514909787271
D3Q,2.53863212491605
D3R,-0.262942379066711
D3S,-1.03009468838657
D3T,0.624906255964957
D3V,9.71067919273087
D3W,2.09638283243414
D3Y,2.29381178022483
N4A,0.417586859927335
N4C,2.34731419634304
N4D,-0.327069391830384
N4E,0.683046236656241
N4F,0.701645003806095
N4G,-0.391923121754527
N4H,1.5709232149138
N4I,1.73088010862151
N4K,1.07728946975482
N4L,1.54370161054588
N4M,2.55407951054699
N4P,-0.430161328984651
N4Q,1.3052879788777
N4R,-0.266452681052524
N4S,-0.600583239501949
N4T,1.2937284160202
N4V,2.1822610242355
N4W,0.524012053278435
N4Y,1.85571970573653
G5A,2.1263629437292
G5C,9.71067919273087
G5D,-0.124730191883516
G5E,-0.635615654078048
G5F,2.14655300947024
G5H,0.540709277694196
G5I,3.7513244168792
G5K,1.30202195853799
G5L,4.91532427369012
G5M,3.22749267010027
G5N,0.647981441833662
G5P,0.867032065084039
G5Q,1.22403713524841
G5R,2.37877622713257
G5S,1.02982815004107
G5T,2.4373458847551
G5V,7.65441341617871
G5W,2.77786677930865
G5Y,0.636039987474434
P6A,0.364278751447354
P6C,1.79118923465616
P6D,0.0131559359015232
P6E,0.375192176382407
P6F,0.957692384848935
P6G,0.523576912223083
P6H,0.813606232850562
P6I,3.85058871470272
P6K,-1.49036291870391
P6L,6.03917490824521
P6M,2.7437643733298
P6N,1.12259564910834
P6Q,0.941417465195538
P6R,0.591050788677765
P6S,1.03044014005344
P6T,0.806114276426869
P6V,2.91636001341902
P6W,0.625054699028071
P6Y,-0.127937667630989
Q7A,0.668628686317118
Q7C,0.452792084786022
Q7D,-2.58374456011857
Q7E,0.684323113918224
Q7F,1.16534316709098
Q7G,0.677284733732691
Q7H,1.01219808170833
Q7I,0.808880391914043
Q7K,-0.929483948752349
Q7L,0.524585641206419
Q7M,0.542447913630325
Q7N,0.792341638652581
Q7P,0.884262044061084
Q7R,-0.0634808142631833
Q7S,0.563980694874094
Q7T,-1.74037264162592
Q7V,1.70502408216313
Q7W,1.49691870931366
Q7Y,6.24291325728665
N8A,-0.96886917246377
N8C,1.71297059109838
N8D,1.65899767799488
N8E,-1.27263190178262
N8F,1.08847511702218
N8G,-0.583872499323156
N8H,-1.45533968968754
N8I,2.29523844980274
N8K,-1.27744312830654
N8L,2.82294610883433
N8M,1.78231149244538
N8P,-1.58097136056474
N8Q,2.05163263526762
N8R,0.303838254580786
N8S,0.390369700237914
N8T,1.03371569416481
N8V,0.631573105103879
N8W,1.85001575931035
N8Y,0.40057131601889
Q9A,-0.431554437272714
Q9C,4.6951684049314
Q9D,0.297866407985479
Q9E,-0.789475588676271
Q9F,-0.0527604803301368
Q9G,-1.11447562556005
Q9H,2.09613573952372
Q9I,-0.231514002919097
Q9K,0.857390082030838
Q9L,0.913800470506364
Q9M,1.46142425557835
Q9N,-1.83921659807979
Q9P,0.158578678356498
Q9R,-0.186019892682758
Q9S,-0.929340066097738
Q9T,-0.279751211682793
Q9V,-0.167673582578384
Q9W,1.82328056341409
Q9Y,2.86079488550349
R10A,0.554684210019879
R10C,1.61939272539862
R10D,-0.165695206289418
R10E,-1.03796024914538
R10F,1.58605087169408
R10G,1.26398533320434
R10H,2.16746121495528
R10I,1.32587933668814
R10K,0.542626763566343
R10L,0.593277841394207
R10M,1.68038380510279
R10N,-0.192954262258578
R10P,-1.18556813340631
R10Q,1.17688041832629
R10S,0.843020757311633
R10T,-0.751505518337621
R10V,1.52104868037255
R10W,1.58680581012438
R10Y,3.35336249382947
N11A,0.262714953305523
N11C,2.31523459269631
N11D,-0.571917741464091
N11E,-0.542839838907082
N11F,4.04162920527363
N11G,6.53462461767172
N11H,-0.0732466107964362
N11I,3.4713726733278
N11K,-0.206194944414184
N11L,2.89081130165999
N11M,1.23606301542801
N11P,-0.74161217132833
N11Q,-0.315876655028395
N11R,0.0414534918413345
N11S,-0.502200988716744
N11T,0.0640010762274644
N11V,1.31543638643206
N11W,1.85644604642601
N11Y,1.24815028708106
A12C,0.623421799577866
A12D,1.08494235176952
A12E,-0.694532711476358
A12F,1.07676574816546
A12G,0.412654201252261
A12H,-0.185107368482752
A12I,-0.120865732688006
A12K,1.40677976643862
A12L,2.72599732653338
A12M,0.849222699030471
A12N,0.0990072460406674
A12P,-0.526230995112971
A12Q,0.612183380391925
A12R,0.448181995338433
A12S,-0.442179127853562
A12T,0.193146676815155
A12V,2.36100995567753
A12W,3.25211184612968
A12Y,1.08438539859327
P13A,1.50416061331229
P13C,0.819541831588215
P13D,-0.964395225469369
P13E,1.46555126023261
P13F,3.0694569210722
P13G,1.20260915762581
P13H,0.518205668212993
P13I,1.12003909878353
P13K,3.86688661789619
P13L,3.23182284420198
P13M,1.02600947193788
P13N,0.0520236365449612
P13Q,0.0391832649081207
P13R,0.041292152823039
P13S,-0.506374551817178
P13T,1.48433878567831
P13V,0.49874807606638
P13W,9.71067919273087
P13Y,3.06346447516485
R14A,1.79683644957921
R14C,3.14141936546648
R14D,0.154457390645438
R14E,0.144034387118628
R14F,-0.278195959398805
R14G,0.999798340920489
R14H,0.436467512954156
R14I,0.835846623492374
R14K,0.244255241092464
R14L,4.10444173935736
R14M,0.676735998806481
R14N,0.165578261581805
R14P,-1.82268615086077
R14Q,-0.948448253702097
R14S,-0.53540116801462
R14T,-0.0193929219138353
R14V,2.31413998656948
R14W,2.31538137762486
R14Y,0.697823941166677
I15A,1.60007714072802
I15C,0.983592656455089
I15D,2.05257731553667
I15E,-0.349506691736311
I15F,-0.244657024831858
I15G,-1.01310463917143
I15H,-0.959689831827113
I15K,-0.948202836256489
I15L,-0.797836870574009
I15M,-0.37413317292994
I15N,-0.990978433213309
I15P,-1.19725525866392
I15Q,0.757393352170941
I15R,0.673315506438741
I15S,0.219069185588326
I15T,-0.947702107385107
I15V,-1.01771867996851
I15W,0.838504083407286
I15Y,0.197314599773239
T16A,0.461888567827469
T16C,-0.580691042411584
T16D,-0.347519553213234
T16E,0.410601499760806
T16F,2.13531697788556
T16G,0.685766534887901
T16I,3.04564190676096
T16K,-0.673375625569602
T16L,-0.245394875411212
T16M,0.323208891943263
T16N,0.225033710050037
T16R,0.914923513191075
T16S,-0.502219744611071
T16V,1.16317049297514
T16W,3.14921603257523
T16Y,0.632846606374662
F17C,-1.5227137685702
F17D,-0.215182841803143
F17E,-0.275569474243914
F17G,0.581688165199143
F17H,-0.738721573621211
F17I,0.541287167603169
F17K,0.433098877210661
F17L,-0.167911626258336
F17M,-0.591219613556788
F17N,-1.42657897336373
F17P,0.630441114945372
F17Q,-0.497683679844207
F17R,0.69069773612856
F17S,0.280389702455639
F17T,-0.903453225315233
F17V,-0.78644468990445
F17W,1.29720761120177
F17Y,1.37631808279623
G18A,0.110166242912327
G18C,0.549775825323392
G18D,1.81119188129999
G18E,1.25045022796893
G18F,-0.512943606164574
G18H,-0.998549029667736
G18I,1.3766574533496
G18K,0.344318489831413
G18L,0.417483684371496
G18M,0.0129275965592481
G18N,-0.521044978942683
G18P,-0.00222990927957078
G18Q,0.66860585257811
G18R,-0.578436263861675
G18S,-1.6567143978912
G18T,-0.454845163708889
G18V,0.823408839076398
G18W,1.597622670405
G18Y,-0.507050055226247
G19A,0.781935792581
G19C,1.58965690708099
G19D,-1.70880350173951
G19E,-1.19163440789208
G19F,-0.703147846955322
G19H,-0.0452676215919146
G19I,-0.342117915366559
G19K,0.5082888432969
G19L,0.862545388501127
G19M,0.611453905666626
G19N,2.98301072938756
G19P,-0.173978926820817
G19Q,0.265238548662965
G19R,0.0349649959252703
G19S,0.672687450384118
G19T,0.621261638634571
G19V,0.0916678452234632
G19W,-3.72256656968445
G19Y,0.00642903965628604
P20A,0.0529623322376926
P20C,-1.53171963776651
P20D,0.409899394405103
P20E,-0.852337186310937
P20F,3.2225701160178
P20G,-0.336355880936642
P20H,-2.21844784102536
P20I,1.05722331625639
P20K,4.29935284901227
P20L,2.27436566850978
P20M,4.65149870455759
P20N,-0.553195351494765
P20Q,-0.735231812223831
P20R,0.265630708772157
P20S,0.187251120736627
P20T,0.549650497162975
P20V,0.0511410246091628
P20W,0.920038177794221
P20Y,-1.21000060151664
S21A,1.59772603783064
S21C,-1.41637794950932
S21D,0.438429928436742
S21E,1.2915372889046
S21F,0.313227164834091
S21G,-0.0385483449673749
S21H,1.51532973454561
S21I,0.260488936059873
S21K,-0.843271237032235
S21L,0.361990109449619
S21M,1.03550626263173
S21N,0.751440591926027
S21P,2.36763812377439
S21Q,1.80066076025302
S21R,0.863949353940884
S21T,0.963993794872586
S21V,0.337103090757942
S21W,1.4008138254353
S21Y,0.554858297999606
D22A,1.08933704752284
D22C,-0.578137184318304
D22E,0.247973766314659
D22F,-0.572667717138938
D22G,-0.222907122726324
D22H,0.526374371034592
D22I,0.48794918556792
D22K,-0.202846763296786
D22L,-0.112162269219308
D22M,-1.60364325877039
D22N,-0.161344181192183
D22P,-0.677516136681016
D22Q,0.809168441838199
D22R,4.1120486643481
D22S,-0.286062556616797
D22T,-0.758801818824289
D22V,0.227812925926445
D22W,1.43990912113925
D22Y,1.42175773278402
S23A,-0.0972507734088834
S23C,1.23443669428874
S23D,0.372579511003767
S23E,0.282372127436197
S23F,2.62478653708464
S23G,-0.30539024976892
S23H,0.40782842769109
S23I,1.08749634224799
S23K,0.659978892761093
S23L,2.58711087515278
S23M,0.13461068140824
S23N,0.303002661058289
S23P,1.88725651471154
S23Q,-0.00170840000038781
S23R,-0.0210473662014333
S23T,-1.43629763488007
S23V,1.00443205837592
S23W,3.82371455625366
S23Y,1.97752834635187
T24A,0.835457202683021
T24C,1.34460254158587
T24D,0.776295703114116
T24E,-0.468921039701361
T24F,1.13495549808024
T24G,-0.381838877233808
T24H,-0.466625183739051
T24I,0.777777321422702
T24K,0.393757895405352
T24L,3.11195043277958
T24M,0.873192709439419
T24N,0.00986071598720383
T24P,0.289427619721253
T24Q,-0.30747638371659
T24R,0.456744198143948
T24S,0.928852843657547
T24V,-1.32639757817579
T24W,1.95646649868356
T24Y,0.876367476187413
G25A,-0.70946604730426
G25C,0.91212431285845
G25D,-0.97025735545616
G25E,-0.214228914775478
G25F,2.26603061151512
G25H,-0.305521685410482
G25I,-0.867395009161452
G25K,-1.14478833086505
G25L,0.968490148519574
G25M,0.351386987929627
G25N,-0.823494652031503
G25P,2.26094874640826
G25Q,0.352509981480625
G25R,-1.60484168009719
G25S,-0.763497453134841
G25T,-0.22392663148024
G25V,0.516686026677853
G25W,2.14671006638256
G25Y,0.565049688787324
S26A,1.12278275593344
S26C,2.71920669153837
S26D,-0.29456291077996
S26E,-0.402048681037416
S26F,0.877971623641113
S26G,-0.882019254884984
S26H,0.318220611554603
S26I,-0.830591297946152
S26K,0.971703703127667
S26L,0.377956753058525
S26M,0.536623584907422
S26N,-0.30681664335825
S26P,0.242101120984529
S26Q,-0.155416219544475
S26R,-0.373977945765555
S26T,0.254912471330298
S26V,1.61202744733962
S26W,2.4320046243736
S26Y,0.660480083883487
N27A,-1.06462449916077
N27C,-0.730315222725547
N27D,-0.229738404726813
N27E,0.569725497804859
N27F,0.0550839150115803
N27G,-0.829100991911834
N27H,0.484786179382417
N27I,1.62103294525617
N27K,-0.843288062335821
N27L,0.474997606207999
N27M,1.08763773756333
N27P,0.879888262874351
N27Q,0.6010751881756
N27R,1.12620308395922
N27S,0.694894680736873
N27T,1.07967214524439
N27V,-0.085553059389692
N27W,2.24012743376191
N27Y,0.944709523627642
Q28A,0.136046808257378
Q28C,0.613651776226484
Q28D,1.43724265094824
Q28E,2.2371269254456
Q28F,0.602811766962098
Q28G,0.159338278887581
Q28H,0.948841851583411
Q28I,0.3021763438502
Q28K,0.528509962749752
Q28L,-0.276263331221217
Q28M,0.338979928829037
Q28N,1.42410125311731
Q28P,-0.0336883190396559
Q28R,-0.454805455409768
Q28S,0.10681784101306
Q28T,-1.86987986783538
Q28V,-1.21217960013859
Q28W,1.77097106090824
Q28Y,1.77150397496451
N29A,0.0735944225430004
N29C,-0.405198524676293
N29D,0.194426215865621
N29E,0.843831164208449
N29F,2.12642990037921
N29G,1.19198886196454
N29H,0.329784595211164
N29I,0.409344101042689
N29K,1.41139371868771
N29L,0.346070475656024
N29M,1.66234207098907
N29P,-1.55160452886623
N29Q,-0.53676494620689
N29R,1.60631285440071
N29S,0.324623784108373
N29T,-1.19684827463715
N29V,5.86072404401911
N29W,2.24561411079635
N29Y,2.29186270237251
G30A,-1.05684970124091
G30C,1.28839521480458
G30D,2.10471858756786
G30E,1.14490729695436
G30F,-0.0478235610416619
G30H,0.211365670980589
G30I,0.317680345231174
G30K,-1.58793089148694
G30L,1.10776945136328
G30M,1.95146329900817
G30N,0.672211036749966
G30P,-0.376560475977127
G30Q,1.11017803696668
G30R,-0.189455127462745
G30S,-0.549003007997695
G30T,0.474624023588272
G30V,-0.863453005402398
G30W,0.462651903317299
G30Y,-0.311475335798249
E31A,-1.94981531168935
E31C,-0.764518152396411
E31D,0.796282379042869
E31F,-0.597351397604276
E31G,-1.03623603726459
E31H,-0.822182568400047
E31I,0.162095012657459
E31K,-1.34365925433207
E31L,3.77256647900162
E31M,-3.00815950148034
E31N,-1.36297701513327
E31P,-0.496955121743864
E31Q,0.464485492627413
E31R,-0.448622780884793
E31S,-0.836275165871476
E31T,-2.04268572482014
E31V,-0.42443224403691
E31W,2.88167390266912
E31Y,-0.60918164426946
R32A,-2.47702738806203
R32C,2.93650832180041
R32D,0.665893090241375
R32E,0.226020199516371
R32F,2.27104922118723
R32G,-0.396793554021399
R32H,1.27507421234066
R32I,0.341105924640245
R32K,-0.175594400242469
R32L,0.28089208838033
R32M,0.869034505843353
R32N,-0.154502341832164
R32P,-2.06833169227456
R32Q,0.127403945571886
R32S,2.44194583099229
R32T,0.727539350233255
R32V,2.36136397896893
R32W,2.76372823014464
R32Y,0.847867121516989
S33A,-0.859903152520433
S33C,1.32528177261361
S33D,1.53978149265622
S33E,0.720763610134715
S33F,4.47308594769657
S33G,0.13176130074227
S33H,1.8328250923574
S33I,0.820644428033549
S33K,-3.35027474415768
S33L,3.46822271914527
S33M,0.0641623248649548
S33N,0.469513419928758
S33P,-1.84541706842879
S33Q,-0.642208871734944
S33R,-0.794344776000894
S33T,0.845348271365778
S33V,0.822679790210489
S33W,2.14673898350186
S33Y,0.820986626379395
G34A,0.0790099484307142
G34C,0.166330359857366
G34D,1.50209750041008
G34E,0.74773164723504
G34F,0.583138426481016
G34H,-1.89813210979509
G34I,1.16647413616428
G34K,2.19856363823915
G34L,2.82491354946332
G34M,3.45538989075963
G34N,-0.690914501624949
G34P,-0.0115203226614346
G34Q,1.69053008229486
G34R,-0.194507796771283
G34S,3.03594141336023
G34T,1.69168499279452
G34V,0.354970617775838
G34W,2.55835933915711
G34Y,0.157531785832616
A35C,2.85862806556732
A35D,3.65467318619127
A35E,1.04734791215798
A35F,2.21104968941546
A35G,-0.491985506866709
A35H,0.181693236817189
A35I,2.57193656050785
A35K,0.977652743726804
A35L,1.0941420979634
A35M,2.04194595494724
A35N,1.71191378937286
A35P,0.633591925132467
A35Q,0.326664968203282
A35R,0.77504277106435
A35S,2.49264614087765
A35T,-0.900806890191903
A35V,-0.24195594277733
A35W,2.90371783542495
A35Y,1.8406814364668
R36A,4.34423912917236
R36C,3.6936434388342
R36D,1.80907310852391
R36E,2.03906220798478
R36F,3.54367830154465
R36G,1.2431760311214
R36H,5.78165856856816
R36I,3.81851199971693
R36K,1.55232307581574
R36L,4.31380103689774
R36M,3.11078630694273
R36N,2.24189921390967
R36P,3.36193942989391
R36Q,1.21504140879676
R36S,1.16843917169701
R36T,2.61876044134611
R36V,2.27964636867244
R36W,3.61502112146051
R36Y,5.24839858652742
S37A,0.797032910238983
S37C,1.30254785363527
S37D,2.35825626697331
S37E,2.68316095199636
S37F,2.69605852879389
S37G,-1.00057095287193
S37H,1.17488982931033
S37I,1.36600034407358
S37K,-0.484952699498744
S37L,1.99630926255692
S37M,3.13181662562639
S37N,0.465296776620461
S37P,1.33323438518011
S37Q,0.642033850915865
S37R,-0.644781629480564
S37T,0.0863039476078558
S37V,1.8915389058891
S37W,-0.957044284862583
S37Y,3.76070104180969
K38A,3.39304938284582
K38C,8.18454693074435
K38D,7.07227908842681
K38E,4.15083917380246
K38F,5.85422169991344
K38G,9.71067919273087
K38H,2.26913404955221
K38I,7.38272518281269
K38L,5.33203417044974
K38M,4.03821417120306
K38N,1.99234861834191
K38P,7.4034803085616
K38Q,1.9889687796436
K38R,0.626146049571864
K38S,2.99996015375728
K38T,5.95959980200304
K38V,3.60959870131895
K38W,6.75446225726381
K38Y,5.82836940081432
Q39A,-0.263184305638512
Q39C,2.04520051679746
Q39D,2.03138482717038
Q39E,1.12443694200867
Q39F,3.75263794782048
Q39G,0.399905011998647
Q39H,0.0658983261533939
Q39I,0.835043560126437
Q39K,1.1256725652783
Q39L,0.0872491376654367
Q39M,2.75446031687208
Q39N,1.73452186596725
Q39P,0.474804710543862
Q39R,1.50579086909095
Q39S,0.785299843617125
Q39T,0.0762670051726004
Q39V,1.87687836327289
Q39W,2.89947003454082
Q39Y,2.3452582693012
R40A,3.22949394513899
R40C,2.34062431205394
R40D,4.31695860938918
R40E,2.27346456047023
R40F,2.9273182589534
R40G,4.2101412070905
R40H,4.54001631462701
R40I,3.80528223928386
R40K,0.641343846730601
R40L,5.03763871192897
R40M,4.43114395076984
R40N,4.89359598381128
R40P,1.04011337818881
R40Q,1.82823973586075
R40S,2.78203346554597
R40T,4.80078139198808
R40V,2.13634067401712
R40W,5.78302398054154
R40Y,4.26500378085861
R41A,3.85352383891001
R41C,6.14675528051466
R41D,2.05381494566746
R41E,4.25400128501249
R41F,4.21033483882524
R41G,3.21444236664264
R41H,3.95972036440257
R41I,1.03462080140531
R41K,-0.0317324221777225
R41L,1.96872399520599
R41M,2.25842925704933
R41N,2.6574744966544
R41P,1.84034706684124
R41Q,2.15104003220541
R41S,2.78801609922617
R41T,3.34870996605976
R41V,2.11474584335062
R41W,3.78419619551784
R41Y,0.503504256831294
P42A,-0.850550674757541
P42C,1.22843945976218
P42D,0.799723538876455
P42E,0.758759027680448
P42F,-1.99810945542552
P42G,-0.0527604803301368
P42H,-0.0190173809583976
P42I,-0.302843845897125
P42K,-0.0177461963493981
P42L,-0.464193651039668
P42M,-0.562625007776327
P42N,0.0837832712942749
P42Q,-0.49667762275575
P42R,-2.12745619242315
P42S,-0.542656224862148
P42T,0.993128024185725
P42V,-0.61296767560103
P42W,0.403563275098754
P42Y,1.38100284843931
Q43A,-0.856628749719446
Q43C,-0.0865621524902472
Q43D,1.56063629444073
Q43E,1.41960583401242
Q43F,0.370570793445133
Q43G,-0.390004944315501
Q43H,-0.0813941970241505
Q43I,-1.11607578055572
Q43K,0.702696804552646
Q43L,0.593007384170888
Q43M,1.92562188906945
Q43N,1.12360459610152
Q43P,0.425222548248561
Q43R,1.06868579655405
Q43S,0.234623479051755
Q43T,1.00070651923679
Q43V,0.712678092167233
Q43W,2.21120935612715
Q43Y,1.17066101365896
G44A,-1.01461435068076
G44C,1.17224043807255
G44D,3.36329029633024
G44E,0.574603494381707
G44F,0.33664025012073
G44H,0.292682394008967
G44I,-0.990978433213309
G44K,-0.675020588149557
G44L,0.45906071798286
G44M,0.409527073283331
G44N,-0.232128146715582
G44P,1.94944205870772
G44Q,-0.498655786645101
G44R,-2.54185785939357
G44S,0.826253991065678
G44T,-0.671416931462745
G44V,0.0942535967505068
G44W,0.381688974108213
G44Y,0.0933883127868575
L45A,0.0637960365215835
L45C,0.637497508705055
L45D,2.16719711710728
L45E,0.675310095449855
L45F,-0.907326483639934
L45G,-1.40070246979313
L45H,-0.837161892482193
L45I,-0.366693371714383
L45K,-0.400877907115584
L45M,3.56473929570896
L45N,-0.704676236350378
L45P,-0.340224129876027
L45Q,0.424531973995397
L45R,-1.12539387744685
L45S,-0.670112254465481
L45T,-1.01737376340055
L45V,0.416534482319318
L45W,0.351484557003865
L45Y,1.06550662060035
P46A,-0.542650067637158
P46C,0.633031914106897
P46D,0.280819924854942
P46E,-0.182181161136632
P46F,0.822383388914041
P46G,-0.82590571350179
P46H,-0.483650970059575
P46I,0.19756656259142
P46K,-0.678084037493586
P46L,0.141723862775986
P46M,0.344827971357366
P46N,0.56386259943439
P46Q,-1.80645889558339
P46R,1.64147110624446
P46S,-0.0245921595501398
P46T,-1.08483987105587
P46V,0.621251529697423
P46W,-0.924308812170737
P46Y,-0.136506509144387
N47A,1.10563955173196
N47C,1.01463707780882
N47D,1.95258746466029
N47E,2.58215946237408
N47F,1.44354496722436
N47G,-0.295709447955046
N47H,1.48067659995995
N47I,2.26204810398016
N47K,-0.575464389393934
N47L,1.70521390023611
N47M,1.94608157637293
N47P,1.80622194251231
N47Q,1.73714695552006
N47R,0.330145897786027
N47S,-3.19664141367232
N47T,-0.0957668561814449
N47V,-0.118943569961179
N47W,2.05857965587815
N47Y,-0.337434782281094
N48A,-1.28714640373249
N48C,0.158307063646926
N48D,1.07229948502015
N48E,1.26256388223626
N48F,1.01667027373497
N48G,1.15080506561882
N48H,-0.833687079258503
N48I,2.39979752575353
N48K,-0.35756466367037
N48L,1.33937491213318
N48M,-0.587401924930845
N48P,1.05203003206883
N48Q,-0.0548995794140663
N48R,-0.393579773316038
N48S,-2.7499378188995
N48T,1.36187986127385
N48V,0.674245259882429
N48W,0.0970755450637133
N48Y,1.68579329960899
T49A,0.268272777434524
T49C,1.18627527178503
T49D,0.684373862354527
T49E,1.74987718772679
T49F,-0.366676433790486
T49G,1.63016703395875
T49H,0.986666701864521
T49I,-0.960585624608386
T49K,0.497763438723439
T49L,-0.0624479060527318
T49M,0.885710743177793
T49N,-0.192797785322352
T49P,1.85528277137818
T49Q,2.52150894656932
T49R,-1.95198203824807
T49S,-0.703405006910453
T49V,0.775574958402179
T49W,-0.758914037154464
T49Y,1.17754863478014
A50C,0.326148737389781
A50D,0.846346789912127
A50E,0.345243404816792
A50F,-0.658671002214107
A50G,-0.644465913248783
A50H,0.366501329175548
A50I,-0.727463617801982
A50K,-1.52905304708017
A50L,-1.06723204261048
A50M,0.0657074837117101
A50N,-0.510672724966614
A50P,-0.208813909395262
A50Q,-1.12594511146148
A50R,-0.0335031245860647
A50S,0.211714573702389
A50T,-0.258451831490551
A50V,0.760699501199009
A50W,-1.03340971807196
A50Y,0.474893661450501
S51A,-0.772827712207009
S51C,-1.49306792646813
S51D,1.92107978359189
S51E,1.738292425898
S51F,1.83971151206832
S51G,-0.671542589175633
S51H,1.78567579482581
S51I,1.78009741197825
S51K,0.512323684840117
S51L,0.0957269626340836
S51M,0.934660493360846
S51N,1.48374150343983
S51P,0.813736920085781
S51Q,0.39863904854869
S51R,0.437515633220003
S51T,0.186090397283214
S51V,1.70786392714733
S51W,4.51574391831674
S51Y,1.39875618218489
W52A,0.0263044156609617
W52C,-0.908778502746421
W52D,-0.272789768277902
W52E,-0.933362421644183
W52F,-1.232330189021
W52G,1.01220654474999
W52H,1.17727714398545
W52I,0.0427822676272656
W52K,0.800258662019896
W52L,-0.130326896123145
W52M,-1.19779230592869
W52N,0.0708570452262086
W52P,0.725111763481569
W52Q,-0.699187193160663
W52R,-0.100828051828252
W52S,0.437657577394048
W52T,-0.652496828435498
W52V,-0.460691453195382
W52Y,1.44282389188973
F53A,0.447361522679286
F53C,0.0319300682061806
F53D,2.59623545532421
F53E,2.77902477461779
F53G,1.83512023694931
F53H,-0.00955094133909503
F53I,1.26175732427628
F53K,1.11177170611996
F53L,-0.444999966514053
F53M,0.268717396213549
F53N,0.911301837764277
F53P,0.174265569604663
F53Q,1.1602008208012
F53R,-0.412189895893901
F53S,0.447573188716484
F53T,0.196528659908285
F53V,-0.60666405954279
F53W,1.19805808307025
F53Y,0.188045539157597
T54A,1.31335455070118
T54C,-1.86905033580954
T54D,0.189663256987407
T54E,-0.772784148651628
T54F,-0.649438204490245
T54G,-0.0130631930593776
T54H,-0.574105001114907
T54I,0.00172725706820308
T54K,-0.582811781820674
T54L,-0.229687266937104
T54M,-0.781746555431342
T54N,-3.30092853797917
T54P,-0.18456171643755
T54Q,-0.226299932121467
T54R,0.735209085596551
T54S,-1.83771520706907
T54V,-0.750447882604348
T54W,-1.01656623670978
T54Y,-1.34503263843702
A55C,0.575420873817091
A55D,-1.31874775047928
A55E,-0.984476850551568
A55F,-0.927742379702637
A55G,-1.5679389612527
A55H,-2.03890797505156
A55I,0.0953923606692741
A55K,0.254464505591149
A55L,0.230315262374028
A55M,0.327677492867567
A55N,-2.00416753778455
A55P,-0.583012366288999
A55Q,-0.575881684357698
A55R,0.439817311952515
A55S,0.165140450802939
A55T,-0.550193279835857
A55V,0.839761630202199
A55W,-1.32653252763341
A55Y,1.12445781170744
L56A,0.707088738908243
L56C,-1.45932215406534
L56D,0.669759405337047
L56E,1.1345737310005
L56F,-0.255885153053811
L56G,-1.26485784660815
L56H,-0.853566446808379
L56I,0.211128797695141
L56K,0.210009409438302
L56M,-0.244143192565543
L56N,1.26550313923742
L56P,-0.788642761169895
L56Q,3.90550390120627
L56R,-1.69183237929238
L56S,-0.646663875455839
L56T,0.462775001036307
L56V,0.352584971740299
L56W,0.829643921484364
L56Y,-0.418800594098155
T57A,1.10307051778921
T57C,2.35932586089617
T57D,-1.07614985663372
T57E,-0.618408598436701
T57F,-0.6727560919813
T57G,0.202038136319114
T57H,-1.0134269859154
T57I,1.27524973884876
T57K,0.0603116320043644
T57L,1.09931390600652
T57M,1.41597750187235
T57N,1.26912867211739
T57P,-0.224983328564495
T57Q,0.453732400203211
T57R,0.702885528189005
T57S,0.765520166713294
T57V,2.83775239881503
T57W,-0.621670948857941
T57Y,-1.12618155123981
Q58A,-1.04432087928634
Q58C,-0.513146595951859
Q58D,-1.13852437054478
Q58E,-0.119562468985335
Q58F,-0.191234758834466
Q58G,1.40136955842755
Q58H,-1.05625833809332
Q58I,-1.0103464321007
Q58K,-2.28940407435123
Q58L,0.543568111715296
Q58M,-0.192238927821784
Q58N,0.636750705562746
Q58P,0.0630816551264321
Q58R,0.812244306040151
Q58S,0.526684935252138
Q58T,-0.708805855215167
Q58V,-0.466300126368316
Q58W,-0.204789654828825
Q58Y,-1.73151039049402
H59A,-0.000567295830555726
H59C,-1.84336636228898
H59D,0.340490564550057
H59E,0.151178062035898
H59F,-0.611262674577108
H59G,-0.306554744172447
H59I,1.1472477744271
H59K,-0.179398758238591
H59L,-0.545290300540941
H59M,-0.282502034406772
H59N,0.603755639929416
H59P,-1.43746971715612
H59Q,0.0218264427032265
H59R,0.127304068325582
H59S,-0.174290942638899
H59T,0.788672769265882
H59V,0.0658510006480643
H59W,0.686058950070601
H59Y,-0.247002658524283
G60A,-0.293279113839064
G60C,-0.167940429164707
G60D,-0.423724418305647
G60E,-0.536736954391808
G60F,-0.038058551783919
G60H,1.15592668688954
G60I,-0.381020241793004
G60K,-2.48327754806213
G60L,0.233094839240089
G60M,-0.125097831148363
G60N,0.682917745014288
G60P,-0.934215218392042
G60Q,-0.95108344391808
G60R,-0.395542763541773
G60S,-0.870225239047844
G60T,-0.48668986303819
G60V,0.460811119047764
G60W,0.0329206571698744
G60Y,-0.458355054601632
K61A,0.607109777946751
K61C,1.96480815786947
K61D,0.129220881135509
K61E,-1.09235027122023
K61F,1.20613183223987
K61G,3.10327334702353
K61H,2.33248982725167
K61I,0.463068853651528
K61L,-0.588704075051482
K61M,0.0929283212816593
K61N,1.297996341095
K61P,-0.383506052092787
K61Q,0.655261562475963
K61R,-1.26375736488293
K61S,-1.21343814648811
K61T,-0.362960444981624
K61V,-0.798386200662165
K61W,2.74804171229455
K61Y,-0.194112726618265
E62A,0.1359641047444
E62C,0.819099094265696
E62D,0.815890232755611
E62F,-0.399247026352271
E62G,1.3442354071728
E62H,-0.562584530209848
E62I,-0.128724788135321
E62K,-1.05427734257342
E62L,-0.727998757849049
E62M,-0.578148749494213
E62N,0.183117349374455
E62P,-0.289967039401261
E62Q,-1.8075323396981
E62R,0.373506215848283
E62S,0.221528459883689
E62T,0.675726701011367
E62V,0.000194865626425238
E62W,0.183320007424415
E62Y,0.795438530597341
D63A,-0.326380394096662
D63C,-1.14290081595461
D63E,-0.576019013736997
D63F,-1.80802387685756
D63G,1.05457602172485
D63H,-1.81379818168526
D63I,-0.727248104160963
D63K,-0.34906311891351
D63L,-1.19106951787302
D63M,-1.59478632121277
D63N,-0.0458383379213045
D63P,2.18405430285443
D63Q,1.69687888482727
D63R,-0.00813463861838111
D63S,1.0287901985614
D63T,-1.08010103534042
D63V,0.391824598940538
D63W,-0.302310402246323
D63Y,-1.0736673353232
L64A,1.05542493635429
L64C,-0.499816497689151
L64D,0.557257873846865
L64E,0.62615665313957
L64F,0.440186324753784
L64G,0.98465565365771
L64H,0.879822966250829
L64I,-1.04548563249545
L64K,-0.604252030734604
L64M,0.175008671327831
L64N,-0.0882793308050571
L64Q,-0.603633280935707
L64R,0.898935466495988
L64S,-0.470789778974101
L64T,-0.477584669471276
L64V,-0.16331083878305
L64W,-0.975962409961199
L64Y,0.111311051782175
K65A,0.594339979362954
K65C,0.664972353125547
K65D,-0.266877017138731
K65E,0.447297453532766
K65F,0.891177593846447
K65G,0.076391198830098
K65H,0.806436274488958
K65I,0.701937308995296
K65L,0.176616110549087
K65M,1.18773856281436
K65N,-1.27884900581081
K65P,-0.417535060909289
K65Q,-1.14579254473402
K65R,-0.389883352428294
K65S,0.340155195681636
K65T,-0.0431595204269951
K65V,1.03103968454872
K65W,-0.854645209972412
K65Y,0.53115187079714
F66A,-1.59715783569996
F66C,3.96304509700386
F66D,1.04952593402123
F66E,-0.0572227316670042
F66G,-0.637282420027868
F66H,0.105945162379642
F66I,-0.490817570644366
F66K,1.07242839743957
F66L,2.74581787158238
F66M,-0.132233585172351
F66N,-0.355348705067753
F66P,0.621821903930688
F66Q,1.25115385048907
F66R,-0.73329047846452
F66S,-0.124462058039303
F66T,0.725476785478953
F66V,-0.940235524497767
F66W,-1.25296977017677
F66Y,-1.88262682337192
P67A,0.39045220324055
P67C,0.847459392121871
P67D,0.0789227633336568
P67E,0.574366917664005
P67F,-0.495619905374406
P67G,-1.43281246876353
P67H,0.0805566637962299
P67I,0.0806433112717561
P67K,0.921496606780045
P67L,1.67170708752866
P67M,0.943370387069045
P67N,-0.452378961925387
P67Q,0.776956635795015
P67R,0.860106631251411
P67S,3.76445468180213
P67T,0.0185324136705532
P67V,0.790682478109814
P67W,-0.428207070270708
P67Y,0.653840527082506
R68A,0.659485455217704
R68C,-2.21844784102536
R68D,-0.47071565937488
R68E,0.0238023127745332
R68F,1.17273528046361
R68G,-0.504982756276105
R68H,-0.153445041985374
R68I,-0.626849080861151
R68K,-1.71831836884221
R68L,0.0970118195771598
R68M,-0.0154556149323377
R68N,0.043304829601488
R68P,0.167048901278082
R68Q,0.701397103510674
R68S,9.71067919273087
R68T,0.177658067127722
R68V,-0.941851365967625
R68W,-0.664842902949601
R68Y,1.26373703776345
G69A,0.911984019818821
G69C,-0.656461186841544
G69D,-0.031800839381631
G69E,-1.01582703145255
G69F,-0.56769128734601
G69H,0.16851309939554
G69I,-0.056328933180724
G69K,-0.124321942783068
G69L,0.00992937187316609
G69M,-0.980955932024185
G69N,0.936429693580673
G69P,0.568835973776437
G69Q,0.267506167291622
G69R,0.860305624094699
G69S,-0.430394235278051
G69T,-1.2274354573883
G69V,-0.27647170465169
G69W,2.65284387930714
G69Y,-1.2847107045348
Q70A,0.589941345577367
Q70C,0.0198748365288068
Q70D,-0.681092929651148
Q70E,-0.515788464864791
Q70F,1.32173818544643
Q70G,-1.22949932593233
Q70H,0.264846196511006
Q70I,-0.0295404437252562
Q70K,0.409035020541577
Q70L,0.543374809308124
Q70M,-0.13077232679601
Q70N,-0.156042120348947
Q70P,-2.04243362106259
Q70R,-0.0994440510226625
Q70S,-0.431063476294538
Q70T,-0.575530479591423
Q70V,0.456306257736185
Q70W,-0.299672095445281
Q70Y,-0.0704975527302073
G71A,1.06076599826299
G71C,2.7118596897986
G71D,0.176467279042082
G71E,0.282587666515817
G71F,1.12148376959895
G71H,0.969102993216721
G71I,0.76968076549561
G71K,-0.566300022619847
G71L,-0.172915749942655
G71M,1.05828644944544
G71N,1.27384949080822
G71P,0.923487662119859
G71Q,1.3766574533496
G71R,-0.590180673327294
G71S,-0.855706614541501
G71T,0.378625998271844
G71V,0.605656055451467
G71W,-0.0232737882380364
G71Y,-0.0416725802258224
V72A,-0.677616525768327
V72C,-0.73471138377564
V72D,0.421694006226064
V72E,0.26592299063842
V72F,-1.01898042914544
V72G,0.839886897605494
V72H,-0.837891257036847
V72I,0.454742820290072
V72K,0.590132795685075
V72L,-0.241278898025392
V72M,0.484119809566774
V72N,0.524641090908014
V72P,0.17831621998124
V72Q,-0.502765960146042
V72R,1.94657332141147
V72S,2.19280548655529
V72T,-0.629990667671144
V72W,0.671815425417161
V72Y,0.10681784101306
P73A,-0.52965021248127
P73C,0.485445226965767
P73D,2.5202164148274
P73E,3.2063416489463
P73F,0.0616443377011862
P73G,0.07549199008331
P73H,0.288779832237907
P73I,0.319834707364085
P73K,1.89687203473158
P73L,0.567379117968311
P73M,1.06590235539816
P73N,1.52772591321645
P73Q,1.56522714877547
P73R,1.28370542044517
P73S,0.322220989010153
P73T,0.751096019520136
P73V,0.846873092504167
P73W,1.30842849762325
P73Y,1.56252334504066
I74A,-1.04949033439036
I74C,-0.29637450745931
I74D,-0.179927483130999
I74E,-1.2543212201585
I74F,0.531229331245573
I74G,-1.36163558556626
I74H,-0.171429782880824
I74K,0.253809671602648
I74L,-0.151621851715519
I74M,0.54828672943465
I74N,-0.22802883504661
I74P,-0.380672362810037
I74Q,0.00650191116984642
I74R,2.0659417269274
I74S,1.30676516428717
I74T,-0.105513862320382
I74V,0.0464454391688907
I74W,0.384964282285622
I74Y,0.112400192676584
N75A,0.298573720167823
N75C,-1.10382725124767
N75D,-0.781975590219072
N75E,-1.13329046262562
N75F,-0.224872567132929
N75G,1.65504499683775
N75H,-1.23362190770505
N75I,-1.22021729139027
N75K,-1.1171607674649
N75L,-0.300656734109501
N75M,-0.564206392522484
N75P,0.242622313194008
N75Q,-2.00710632737526
N75R,-1.35916969846388
N75S,-0.828898051423129
N75T,-0.226429884072386
N75V,-1.30992462044748
N75W,0.224417393451078
N75Y,-0.398973481868654
T76A,-0.711794707178948
T76C,-0.414778075798569
T76D,-0.41278116604095
T76E,0.424403830727879
T76F,1.64119387519573
T76G,0.586477156108709
T76H,0.670107178161314
T76I,-0.89087223260626
T76K,-2.09774730021584
T76L,1.03005046138962
T76M,1.03054930879413
T76N,-0.334619495201444
T76P,0.0661300501668378
T76Q,-0.855663215898732
T76R,0.661808872787196
T76S,1.14578117826731
T76V,0.657296566046565
T76W,-0.232511859704293
T76Y,0.0329502508089337
N77A,-0.681808766072205
N77C,0.111571998584579
N77D,0.271886359578752
N77E,1.35610497529412
N77F,1.01525899881979
N77G,0.385635260025266
N77H,-0.242754541314289
N77I,0.20782704252343
N77K,-0.0162127768122162
N77L,1.10432991305879
N77M,0.753042390066566
N77P,-0.430916574017729
N77Q,0.577477078603001
N77R,-0.540247438613014
N77S,0.333158083827573
N77T,-0.0100157975143602
N77V,0.399105646131437
N77W,1.1569151441548
N77Y,0.440339674762052
S78A,-0.320416590873717
S78C,1.0983013699988
S78D,-0.949203447486663
S78E,-1.87537210602939
S78F,-0.35886940777108
S78G,-0.0356805827084822
S78H,-0.641864963147492
S78I,-0.784775897295667
S78K,1.16673910167598
S78L,0.482944986314304
S78M,0.277400373141083
S78N,0.0813089695458873
S78P,-1.11661497493341
S78Q,-1.39455652896251
S78R,0.791266188129978
S78T,-0.817838817574524
S78V,0.0875962086056303
S78W,0.42792778447421
S78Y,0.249465620026145
S79A,4.51492217662576
S79C,-0.857855627492262
S79D,0.0317983671795102
S79E,1.99126458116157
S79F,1.14308557307648
S79G,-0.564328193889825
S79H,1.57266177664754
S79I,-0.120215337559343
S79K,0.351870657876734
S79L,-1.76166499111294
S79M,0.264918486343822
S79N,0.280012447506896
S79P,-0.340551947458087
S79Q,-0.406229343306386
S79R,0.83099148688524
S79T,-0.628195160447348
S79V,1.37156776247781
S79W,0.981502467533561
S79Y,-1.27959576772995
P80A,-0.155596555051716
P80C,0.0472682685754891
P80D,-0.257283293510494
P80E,-1.2546116146984
P80F,-1.14140698858499
P80G,-0.905531555520096
P80H,0.563110810860966
P80I,0.258372149715503
P80K,0.0183922440424139
P80L,-1.42080524332425
P80M,-1.41852916377447
P80N,-0.51119679797633
P80Q,-0.406583865398662
P80R,0.685497799869278
P80S,-1.09075329797577
P80T,-0.732251864189794
P80V,-1.23173907139454
P80W,-0.122069403738352
P80Y,0.592778678726697
D81A,0.200931076077454
D81C,1.51798011231937
D81E,0.985347965778279
D81F,1.54901231583193
D81G,-0.661405950315744
D81H,-1.37595568574741
D81I,0.862435746274639
D81K,-0.320694143629886
D81L,0.825093611397197
D81M,-0.570332880538095
D81N,0.363885397414336
D81P,-0.760435452566966
D81Q,0.211313415019171
D81R,-0.108750293086609
D81S,-0.277653398757317
D81T,0.403231169374753
D81V,0.621381438639794
D81W,2.18486687388771
D81Y,2.8178921413306
D82A,-0.894108432757581
D82C,-1.39702125546519
D82E,-0.259614445916001
D82F,1.54207081270588
D82G,0.808869295672595
D82H,2.97649231613177
D82I,2.3247970270461
D82K,1.19348464301084
D82L,4.07113398847524
D82M,1.25492151400218
D82N,-1.3640595551815
D82P,0.595443471243296
D82Q,0.746050630865977
D82R,1.23256958154352
D82S,-0.125980787442113
D82T,0.941827769280711
D82V,1.08178438891652
D82W,0.79925897077929
D82Y,2.90907362274391
Q83A,-1.03449061014617
Q83C,0.190972697582851
Q83D,-0.385786891549394
Q83E,-0.550695463903928
Q83F,-0.869474164949118
Q83G,0.432108084888043
Q83H,0.389628922431358
Q83I,1.11126777975983
Q83K,-0.680071638050995
Q83L,0.421596625373932
Q83M,0.358542348771475
Q83N,0.40972116113809
Q83P,-0.573544437870432
Q83R,0.586883694668073
Q83S,0.123694576151126
Q83T,1.29753953839614
Q83V,0.00453871219822552
Q83W,0.760528306185965
Q83Y,-1.63156673533185
I84A,-1.11824881514977
I84C,-1.49198444943118
I84D,-3.07806701202049
I84E,1.57706300785306
I84F,0.351337339552192
I84G,-0.607342099927032
I84H,1.20188865780168
I84K,0.0595118161059822
I84L,0.112928676933179
I84M,0.446083259566608
I84N,0.29403174600139
I84P,1.34003234970079
I84Q,-0.88235717634024
I84R,0.658668487787302
I84S,-1.63129070645505
I84T,-0.427505357170163
I84V,-0.901695506897331
I84W,0.862477500632114
I84Y,0.344504552213842
G85A,0.233680339731163
G85C,-0.93352912420963
G85D,1.80600168536944
G85E,1.4568736649996
G85F,1.5446418989785
G85H,0.758701569534559
G85I,0.98761645361641
G85K,1.44372027674205
G85L,-0.587636572376006
G85M,0.0475002821227346
G85N,2.3797872342884
G85P,7.06542659659688
G85Q,0.0254734242713064
G85R,2.6198716937639
G85S,2.00488842678978
G85T,1.88791019521714
G85V,0.272248910300753
G85W,2.11329353359103
G85Y,2.14992709564563
Y86A,2.56336622434523
Y86C,-0.524057353804798
Y86D,-0.39728694132274
Y86E,-0.563147591463903
Y86F,-0.721668650821341
Y86G,0.356814893988276
Y86H,2.30778521751392
Y86I,1.849630882673
Y86K,0.896180506987919
Y86L,1.91844783787818
Y86M,-0.404720690060086
Y86N,1.9223832021586
Y86P,0.941408564364463
Y86Q,1.14157157180235
Y86R,2.91242969636972
Y86S,-0.168485453258242
Y86T,-0.794498802375647
Y86V,2.37266055366319
Y86W,1.05356244716539
Y87A,0.9937422004417
Y87C,0.786208315882679
Y87D,1.44557234588806
Y87E,0.440862241534996
Y87F,-0.95409837009231
Y87G,1.47990481381462
Y87H,-2.02064772841875
Y87I,3.05954823021207
Y87K,0.0644571251407865
Y87L,0.260529717539148
Y87M,1.62024371352275
Y87N,0.632183645392695
Y87P,1.19425522471591
Y87Q,0.504325580006808
Y87R,2.45530566271878
Y87S,1.98913298414689
Y87T,0.213112668926704
Y87V,-0.00626545502353522
Y87W,0.97159332579174
R88A,2.21665458560342
R88C,-0.279272832788485
R88D,-1.09058391854251
R88E,-0.196024373137036
R88F,0.634163840941834
R88G,0.289842168395241
R88H,-0.286502137500566
R88I,1.50284925227745
R88K,1.85342284562087
R88L,0.631882196560363
R88M,-2.27332082469017
R88N,-0.693349628728807
R88P,1.39075843519501
R88Q,1.98030571741375
R88S,2.2210283647927
R88T,-0.519309386348624
R88V,-0.0845233873868753
R88W,1.88088567742326
R88Y,0.940112960088857
R89A,-0.379384456692981
R89C,0.489804150545358
R89D,-0.61741984182992
R89E,-0.778418940262602
R89F,0.665888826167711
R89G,-0.435276796297548
R89H,-0.0228044025726683
R89I,0.0366697617510118
R89K,0.344627729751475
R89L,-0.311286080701991
R89M,-0.172009977462296
R89N,-0.964373026999625
R89P,-1.62939121685305
R89Q,-0.387442140243793
R89S,-0.711174171079335
R89T,1.39901392624335
R89V,0.728075376932834
R89W,1.34147771677022
R89Y,0.433365884973257
A90C,0.855301978763304
A90D,0.386567680045838
A90E,0.860913683919058
A90F,1.90002633142369
A90G,-0.225011808763471
A90H,-1.03269204388105
A90I,-0.210810198582413
A90K,1.12964210919764
A90L,-0.63294992864793
A90M,0.465221329168851
A90N,1.27095484267825
A90P,-1.32916713969552
A90Q,-0.0658274755814758
A90R,-0.86580822766369
A90S,0.653003462471569
A90T,0.296227613838952
A90V,0.11273812752887
A90W,0.729512059585976
A90Y,-0.360456688901843
T91A,1.07734389950825
T91C,-0.762392654280871
T91D,0.00832946288333215
T91E,1.30160697909995
T91F,0.26273602865776
T91G,-0.0568619935900524
T91H,1.63175506054486
T91I,0.955095466957002
T91K,0.121303367604424
T91L,1.06533968337508
T91M,-1.07260149763771
T91N,0.329712900298496
T91P,0.776788039638388
T91Q,-0.756728798654871
T91R,-1.60009201175313
T91S,0.919323351001822
T91V,1.75020514295212
T91W,2.63045289955069
T91Y,-0.305942533970879
R92A,-0.447909516309293
R92C,-0.87886144629531
R92D,-0.805390903417926
R92E,-0.413791902672515
R92F,1.62725501268405
R92G,-0.230293503550486
R92H,1.28944378711805
R92I,-0.530765793019463
R92K,-0.913856945973698
R92L,-0.106115572089478
R92M,0.76211026432113
R92N,1.71670873388142
R92P,-0.20894537234937
R92Q,0.179695861094698
R92S,-0.947023504457059
R92T,1.44867993597655
R92V,0.380376011045096
R92W,2.35528910897839
R92Y,0.402367291679404
R93A,-0.860364949625701
R93C,1.11251891543208
R93D,0.380829066306837
R93E,3.39877532956136
R93F,-0.279195803780003
R93G,1.00225885007719
R93H,1.31367293679948
R93I,-0.452002611909226
R93K,0.189012324482648
R93L,-0.099415551067447
R93M,0.647611894480238
R93N,0.766379513239332
R93P,-1.60535837986962
R93Q,3.76383006983221
R93S,-0.533131502861235
R93T,0.454257219935269
R93V,1.01789803676612
R93W,-0.13353829260091
R93Y,-1.2440306844827
I94A,0.65435199517288
I94C,-0.62873651556257
I94D,1.63250732282904
I94E,-0.592422173082064
I94F,1.46952195109904
I94G,0.743481148466872
I94H,-0.590909879477348
I94K,-0.0143743159590148
I94L,0.770552319034335
I94M,0.0669969149276518
I94N,0.280147989229995
I94P,0.888855657808393
I94Q,2.25793562602189
I94R,-0.400869833907293
I94S,0.800432409743503
I94T,1.42226268958697
I94V,-0.173989986698751
I94W,1.06948928324264
I94Y,1.12587828376781
R95A,0.542727951093266
R95C,0.678890728050428
R95D,-0.294145841137907
R95E,2.03301920726706
R95F,-0.0160125747986803
R95G,-0.906210902098613
R95H,0.0783245383289342
R95I,-0.905217649717683
R95K,0.532391653619664
R95L,0.402582366667863
R95M,1.13528617814686
R95N,-2.73255918967444
R95P,-0.733249421382471
R95Q,-0.0212705905304791
R95S,-1.64052994058674
R95T,-0.732379901241095
R95V,-2.5895611418669
R95W,0.032970937950962
R95Y,-0.0531988950807831
G96A,-1.26365876623152
G96C,1.02875714763496
G96D,1.44502679050612
G96E,-1.59163357653499
G96F,2.40740095152924
G96I,0.924479495354024
G96K,-1.5021390207533
G96L,0.0356356934627041
G96M,1.75759329769422
G96N,0.777143931216926
G96P,1.55191566842656
G96Q,0.934705277964211
G96R,1.65728352228541
G96S,-1.51249717945381
G96T,-0.993938638847964
G96V,-1.07300207545329
G96W,0.599712796636184
G96Y,-1.08582539264032
G97A,-0.574866058666932
G97C,2.03684962641524
G97D,1.79540582988375
G97E,-0.00816519140203058
G97F,0.183024222013442
G97H,-0.557080287801004
G97I,-0.461867468059322
G97K,-0.0556545210109274
G97L,2.02257125604569
G97M,-0.58197303623717
G97N,0.900204325877138
G97P,-0.552068326361911
G97Q,3.03267309718173
G97R,-1.19308324348281
G97S,4.51125716559128
G97T,1.37361848766478
G97V,1.63180246548869
G97W,-0.795496840896617
G97Y,2.35896878874803
D98A,0.105384648839427
D98C,-0.71432469605766
D98E,-0.351828956892484
D98F,-0.99631403404467
D98G,0.673814749097259
D98H,-0.870379960200982
D98I,0.0934199336224028
D98K,0.384847109783475
D98L,0.35356540506644
D98M,-0.617440767188683
D98N,0.320157110562446
D98P,-2.58990983155131
D98Q,-0.443528658469534
D98R,-0.678378569715878
D98S,0.270802032283057
D98T,-0.132488497675878
D98V,0.232598997841587
D98W,-0.485068119363248
D98Y,-0.127975788453124
G99A,0.748742953086289
G99C,-0.701788950416056
G99D,1.83615632244603
G99E,0.78880791648112
G99F,0.574832127848619
G99H,-0.645060977954077
G99I,0.618036286721874
G99K,0.436536173656717
G99L,0.343849300213256
G99M,-1.28038036685822
G99N,1.37877461252476
G99Q,-0.146054279435265
G99R,-1.05052107233353
G99S,-0.190248333577836
G99T,-0.431933701998221
G99V,-0.475958660276801
G99W,0.435864130825524
G99Y,-2.55071545532671
K100A,-1.25822922966784
K100C,-0.36978385387168
K100D,0.5520761673988
K100E,-0.55612290336463
K100F,-0.445707838605047
K100G,-0.117938190347847
K100H,-0.265758658265571
K100I,0.154737270858167
K100L,0.717868689806654
K100M,-0.492317100825431
K100N,1.65465588072666
K100P,0.635713810074559
K100Q,-1.13150123329863
K100R,-0.859496044477762
K100S,-0.858717721856663
K100T,-0.995872172618528
K100V,0.467253504865545
K100W,0.868145763045273
K100Y,0.585003041438728
M101A,1.34252170891248
M101C,0.552228655854102
M101D,-0.102968751889141
M101E,0.681723331744103
M101F,1.81421498328851
M101G,2.63051624649428
M101H,-0.602099732501271
M101I,0.338108927599563
M101K,1.33839476423036
M101L,0.30369781044718
M101N,0.693712517117691
M101P,0.460598949485195
M101Q,0.329050006020433
M101R,-1.63428118699256
M101S,-3.58538676505596
M101T,0.673467194606416
M101V,0.496045029133896
M101W,0.833781466655455
M101Y,1.75518494507159
K102A,0.761660286072815
K102C,-2.60693883241343
K102D,-1.20214250795602
K102E,-0.805392477079358
K102F,0.00258345533535693
K102G,0.640296142097393
K102H,-0.556343266590366
K102I,0.311948344452824
K102L,-0.493494012902622
K102M,0.757288025123831
K102N,0.759911566127682
K102P,-0.348616051954057
K102Q,0.635874696751724
K102R,0.760750531765917
K102S,-0.380186216743351
K102T,-0.437304849482398
K102V,2.24428592809821
K102W,1.20556542341263
K102Y,0.157990551416824
D103A,2.75605278340436
D103C,-0.359438086045616
D103E,1.89865604198834
D103F,1.35752472809257
D103G,0.92696746514222
D103H,-0.404898261411732
D103I,0.147902523542705
D103K,1.75665690517227
D103L,0.449153909654229
D103M,0.272024836427249
D103N,-0.567226357054363
D103P,-0.761502412723684
D103Q,-0.921315494583838
D103R,-1.69138003441678
D103S,-2.34456997796329
D103T,-0.962512530357556
D103V,0.826598191186205
D103W,-0.0870384477243742
D103Y,2.46500613285478
L104A,0.275299073665303
L104C,0.243211328201008
L104D,0.731055998330933
L104E,-0.0996849500404405
L104F,1.52740746068265
L104G,1.27814309515468
L104H,0.306633152894006
L104I,-0.0353356776667491
L104K,1.61888592749897
L104M,-2.96892305398779
L104N,1.74706704304085
L104P,0.215347778792955
L104Q,-0.494029433138382
L104R,0.430382422361103
L104S,-0.68782251549004
L104T,1.7194159532028
L104V,-0.434536964948265
L104W,0.999343009843698
L104Y,-1.66836498423848
S105A,1.44632086457297
S105C,0.233696123834675
S105D,-1.55469919708617
S105E,0.049597361832341
S105F,1.05450523308864
S105G,1.32459963135993
S105H,0.252576333908851
S105I,-1.06010685557569
S105K,0.118845908749526
S105L,0.079027011461004
S105M,1.6432750614222
S105N,-0.497658024763865
S105P,-0.39614567254422
S105Q,-1.12530022668068
S105R,-0.506966001816886
S105T,0.709794972160543
S105V,0.47226316159539
S105W,1.78015708524952
S105Y,0.855301978763304
P106A,2.04348798638185
P106C,-0.656871902473477
P106D,-0.732754189272195
P106E,-0.205132696939231
P106F,-0.697740839090648
P106G,1.90564593049104
P106H,1.08383504211325
P106I,-0.730928173660396
P106K,-0.853114743857126
P106L,0.518492456611941
P106M,1.7000108263349
P106N,-0.237910465377045
P106Q,0.132461216008713
P106R,0.423589396376918
P106S,-1.06805631312259
P106T,-0.423864059561125
P106V,0.621755713773453
P106W,-0.701522017309332
P106Y,0.191203698670505
R107A,-0.282882936959442
R107C,1.52053179258957
R107D,-0.384923063311325
R107E,0.8020368590952
R107F,-0.1893721815569
R107G,-0.916164276832083
R107H,1.25378876909554
R107I,-0.661990522438725
R107K,-3.11593458340915
R107L,0.232899454844887
R107M,-0.308778087930564
R107N,-0.120844724239815
R107P,1.05003001837552
R107Q,-0.372087243873419
R107S,1.42162540564632
R107T,-0.569430465742346
R107V,0.0358657182186774
R107W,-0.426859106021121
R107Y,0.6447057535756
W108A,-1.4694842219507
W108C,1.19011872073702
W108D,0.253595841968643
W108E,-0.170028080279487
W108F,-1.00281789961933
W108G,-1.02280659209488
W108H,0.845130299900399
W108I,0.886648490449668
W108K,0.931429064366471
W108L,-0.00690353757522152
W108M,-0.748168915070221
W108N,-1.35237790548163
W108P,1.98321835896811
W108Q,0.780456351556711
W108R,7.06422740830353
W108S,-0.917028462087535
W108T,-0.631681968549099
W108V,-0.351022316450143
W108Y,0.127568287950414
Y109A,-1.25257734958791
Y109C,1.4013829307372
Y109D,-0.728854792875023
Y109E,2.54791397044348
Y109F,-0.0319926656857343
Y109G,0.88607605766132
Y109H,-0.581749653050534
Y109I,-0.351175653891786
Y109K,-1.20341278197772
Y109L,-0.0694347343718717
Y109M,-0.0524418258955938
Y109N,-0.758378804294901
Y109P,-0.37714941483589
Y109Q,-1.63862623277775
Y109R,1.33942308224874
Y109S,0.259689853655731
Y109T,1.42138998015241
Y109V,-1.24320306909927
Y109W,0.543606863007708
F110A,2.25207491640085
F110C,0.991162599464149
F110D,0.0147624147839524
F110E,3.1157886899291
F110G,-0.414188195786596
F110H,2.07066000705991
F110I,0.0872640714450442
F110K,2.51221156336612
F110L,0.364288340977116
F110M,-0.223445155410016
F110N,1.35277957930579
F110P,4.98525312438228
F110Q,6.45729256542729
F110R,0.577901240106104
F110S,2.33427654764974
F110T,1.63613033625097
F110V,1.96067544962342
F110W,-1.85345577810106
F110Y,-1.2132957729978
Y111A,-0.36991448768876
Y111C,4.22727552620536
Y111D,1.05682164440888
Y111E,-0.756803556592537
Y111F,0.530697688694984
Y111G,-0.546865832841548
Y111H,-0.885587368464042
Y111I,1.88876193299745
Y111K,9.71067919273087
Y111L,-0.430302367724182
Y111M,1.36809283245579
Y111N,0.424273363165453
Y111P,2.36384729915818
Y111Q,0.946996176480725
Y111R,2.9055424130887
Y111S,0.157150642540169
Y111T,2.64044554120246
Y111V,0.638551781113827
Y111W,-0.211499815801808
Y112A,1.03960987304117
Y112C,-2.15746859772575
Y112D,-0.884135162598359
Y112E,0.20145793307811
Y112F,-1.42030469416531
Y112G,-0.274349619519245
Y112H,0.935364889872596
Y112I,-0.722095430015086
Y112K,0.371020463588117
Y112L,1.18463873630972
Y112M,0.0614354580380199
Y112N,0.454742820290072
Y112P,0.906178222018449
Y112Q,1.08076142846304
Y112R,0.520743477513319
Y112S,0.786574195951912
Y112T,-0.595916173736558
Y112V,1.1160367442732
Y112W,-1.17094724630728
L113A,-0.271893062373554
L113C,1.11223207356648
L113D,-0.215620182346764
L113E,-0.438359045730933
L113F,-1.23814147373991
L113G,-2.19174116797589
L113H,-0.156733477589695
L113I,-0.98542996249107
L113K,-0.2817120085946
L113M,0.413536904976739
L113N,0.812318615181004
L113P,0.669544350677537
L113Q,-2.16621135481722
L113R,0.805531351362967
L113S,-0.621738078716285
L113T,-1.05731706399955
L113V,0.685416779186985
L113W,-0.244936552946753
L113Y,-0.852027942639187
G114A,0.526596679399592
G114C,0.458297824896564
G114D,-0.840423691510164
G114E,-0.0513498952445214
G114F,-0.172212975675042
G114H,0.435794486093219
G114I,0.0300030651564649
G114K,0.941292815632729
G114L,0.472447101139984
G114M,-0.547854465955788
G114N,0.23630141902357
G114P,0.209026025442884
G114Q,3.21149347755692
G114R,0.0180629668168779
G114S,-0.229881095403533
G114T,0.160698773669272
G114V,1.74262853055499
G114W,-0.306277214745283
G114Y,-0.915430519620879
T115A,1.26993278422858
T115C,-1.24927850743721
T115D,0.44418587460857
T115E,0.0837339437990431
T115F,0.00799337445966289
T115G,0.430839150141702
T115H,0.396000769473452
T115I,0.507153866673935
T115K,-0.539372459095202
T115L,1.6513941568793
T115M,-1.64445590517873
T115N,0.412926790507294
T115P,1.63247384762703
T115Q,0.193385805080995
T115R,2.79533604862327
T115S,-0.277414652073239
T115V,-0.133200416334627
T115W,0.359011062906936
T115Y,0.630369190960471
G116A,3.59664208271326
G116C,-0.228049103322206
G116D,-1.83755545934713
G116E,0.338923773408251
G116F,0.979922602168837
G116H,1.59186535259727
G116I,2.57625275979036
G116K,1.32220438168273
G116L,2.3500567093047
G116M,2.40971454261424
G116N,1.95085696688501
G116P,-0.142175871072107
G116Q,-0.324573191318606
G116R,2.74467361841012
G116S,1.01399942938952
G116T,3.32041058254052
G116V,1.64511473776346
G116W,0.473228679729547
G116Y,0.279106922377617
P117A,-0.292538889026355
P117C,-0.719770419540242
P117D,-0.12033543711713
P117E,0.185363298241075
P117F,-0.85243899856977
P117G,-0.947368992129415
P117H,0.408332677645797
P117I,1.49086876470052
P117K,-0.447493706427529
P117L,-0.746448877866407
P117M,0.0845819630254891
P117N,2.10710966341065
P117Q,0.832824046526366
P117R,-0.622163588138208
P117S,0.0584935710782689
P117T,-0.556614845709235
P117V,-0.316862744722791
P117W,-0.275789164422812
P117Y,0.0403080758225638
E118A,-0.17937469240955
E118C,0.636388445417333
E118D,0.664816017760869
E118F,-0.60768186635727
E118G,-0.419542892686796
E118H,-0.417882478916888
E118I,3.4896522004383
E118K,-0.896826088705226
E118L,0.386327098554765
E118M,-0.681237085100883
E118N,-0.618902482484315
E118P,0.719037085191128
E118Q,-0.23994974986658
E118R,-0.431405413177937
E118S,-0.251925950229939
E118T,-1.26365876623152
E118V,1.12060770879379
E118W,-1.56744059677047
E118Y,1.70964035879759
A119C,-0.29355320506373
A119D,0.175304834309618
A119E,0.355252180403213
A119F,-0.756715822765968
A119G,0.240276900740564
A119H,2.71462039355373
A119I,2.46817670128564
A119K,2.18766979745988
A119L,-0.485695019946045
A119M,1.31137343872512
A119N,-0.110082798835631
A119P,-0.0520983113078682
A119Q,-2.83442758589482
A119R,-0.10590750194117
A119S,0.269428272400028
A119T,2.17015142579911
A119V,-1.0967957140365
A119W,0.875584129799381
A119Y,-0.213411669321094
G120A,3.2665006910818
G120C,0.8624964231321
G120D,0.96691175231966
G120E,0.635848516107305
G120F,-0.0976571261918717
G120H,-1.05107980007497
G120I,-1.78956804584065
G120K,0.765026452514992
G120L,0.244595147920448
G120M,-0.483941724232592
G120N,0.789995451980315
G120P,-1.41298143568487
G120Q,1.34803531642478
G120R,0.209354227927739
G120S,2.02942182574049
G120T,0.734127135929841
G120V,0.0268956707867132
G120W,2.06671499113487
G120Y,-1.48634003406105
L121A,-0.348360841753723
L121C,-0.894846646126167
L121D,0.391599933077023
L121E,-2.45412061273563
L121F,0.447594036019811
L121G,-0.414172388040667
L121H,-0.084073873040665
L121I,-1.40358795427839
L121K,-0.0365824575876367
L121M,-0.386373259754342
L121N,-1.20289001932851
L121P,1.10738407704886
L121Q,-0.647178171236006
L121R,1.87088048105288
L121S,-0.678478046181805
L121T,0.560329535629619
L121V,-0.569985477608674
L121W,-0.358053228169392
L121Y,0.191362375410534
P122A,-0.190419899883622
P122C,1.03040106412841
P122D,-0.131577140165037
P122E,-0.298007887157187
P122F,0.614855755570809
P122G,0.143212433629353
P122H,0.722738038339002
P122I,0.630547123391394
P122K,-1.09852317503244
P122L,-1.28874159298261
P122M,-1.00143170389646
P122N,2.74705667061697
P122Q,1.35504990992772
P122R,0.39168352924597
P122S,1.26842100144948
P122T,0.256602195495373
P122V,0.459565563393123
P122W,3.1308933100012
P122Y,1.12018806033935
Y123A,0.304900035600889
Y123C,-0.338738543853822
Y123D,-1.89415203747441
Y123E,0.659055683197696
Y123F,-2.8447933486838
Y123G,0.41131767980298
Y123H,-1.1636715491791
Y123I,-0.619295252538667
Y123K,1.25003412865022
Y123L,0.348747251824597
Y123M,0.277424664562706
Y123N,0.463345768123501
Y123P,-1.07171989588541
Y123Q,-1.39602446124124
Y123R,-0.618445308719798
Y123S,0.0334564891855167
Y123T,0.0914374025162767
Y123V,0.610957688762816
Y123W,-0.440800041726399
G124A,0.540990126690804
G124C,-0.848132448397592
G124D,-0.5315324617804
G124E,-0.668496834282487
G124F,-0.765109671610536
G124H,0.306903353228726
G124I,-0.117131329108436
G124K,0.0303232805889282
G124L,1.42807085430589
G124M,0.111342141652077
G124N,0.466629713827386
G124P,-0.853604757884585
G124Q,-0.219042105668536
G124R,-0.0876140673133159
G124S,-0.663662512528554
G124T,0.904153515887246
G124V,-1.72520911687712
G124W,-0.0277573776285451
G124Y,-0.283632236873146
A125C,-0.203202312582103
A125D,-0.418224630184137
A125E,0.320493477476249
A125F,3.16773563648595
A125G,0.901408108791161
A125H,0.0201517593802618
A125I,0.337246577742223
A125K,-0.799332342388015
A125L,-0.710404835878746
A125M,-0.567604338522909
A125N,0.274091028223137
A125P,0.149708271256736
A125Q,-0.273129289304916
A125R,0.244345470803099
A125S,1.10154962008301
A125T,1.63008222810008
A125V,-0.484954045404672
A125W,7.41839696515253
A125Y,0.515828202090731
N126A,-0.887814390850263
N126C,2.4713154120936
N126D,-0.0892896890870952
N126E,-0.152597699130457
N126F,0.139565600385322
N126G,1.10975794814092
N126H,0.531774134068346
N126I,-1.03257937151237
N126K,-1.86027720032401
N126L,0.147758612278694
N126M,-0.335822576207249
N126P,0.320601494830452
N126Q,1.43461673734029
N126R,-0.363326663659784
N126S,-0.224216940253852
N126T,3.14749944528777
N126V,-2.90632477990805
N126W,0.00723495304313839
N126Y,-0.449311808509755
K127A,1.09361463014992
K127C,0.317706580577822
K127D,-1.96032588491807
K127E,-2.85314933735436
K127F,-1.01354224217424
K127G,-0.107172995201263
K127H,0.333644195688797
K127I,-0.191599381707083
K127L,-0.7604704756917
K127M,0.855948522757314
K127N,0.966946709226776
K127P,-0.150534910407032
K127Q,0.05597789683911
K127R,0.135469068065127
K127S,-0.644416335121945
K127T,-2.04302906198278
K127V,-0.53354521467235
K127W,-0.661196796169269
K127Y,0.131994561425913
D128A,0.886826095229662
D128C,3.56579162398174
D128E,0.424287624527626
D128F,0.497294900063651
D128G,-0.311125031227992
D128H,-2.88529711273792
D128I,-1.49699552449584
D128K,1.17647095936794
D128L,-0.887704079066197
D128M,0.395797946520089
D128N,-0.81051551405436
D128P,-0.0648508570247309
D128Q,1.06133617676569
D128R,-0.0127327511240761
D128S,-0.1893573005395
D128T,-0.84759509014428
D128V,-0.268062005904055
D128W,0.243934733237911
D128Y,0.536692295802249
G129A,-0.50166772782274
G129C,0.395533963064598
G129D,2.14397814804061
G129E,0.00382032043336071
G129F,-0.294574909893746
G129H,-0.047325681351127
G129I,0.247576336218866
G129K,1.04010173558996
G129L,-0.253845301485469
G129M,-0.556401313782953
G129N,0.178337484606744
G129P,-0.381945149668377
G129Q,-0.610074142036987
G129R,-1.38133828398212
G129S,0.223184999089613
G129T,-0.319704444659985
G129V,1.20823889557389
G129W,1.71424897380666
G129Y,-0.401156615199197
I130A,-0.408589402143499
I130C,1.43141772676227
I130D,1.77778829510573
I130E,2.07246556664052
I130F,-0.843033072055702
I130G,3.41001163489143
I130H,-0.717783257458477
I130K,4.61248055660584
I130L,0.3094911966936
I130M,0.346767552597381
I130N,0.737516017641261
I130P,1.0981731153098
I130Q,0.505394586055565
I130R,2.4883784110591
I130S,0.245277231486473
I130T,-0.831622724069093
I130V,1.97541103751274
I130W,0.216931579546409
I130Y,-0.836259098662627
I131A,0.747110353035453
I131C,3.81604869031533
I131D,2.67959673541243
I131E,-0.0271374789158965
I131F,-0.719744209579486
I131G,0.475053560492252
I131H,0.360347222131394
I131K,0.117096433337235
I131L,2.0569073162546
I131M,-0.632191938417855
I131N,-0.0468922497459003
I131P,3.05002485832433
I131Q,-0.806510525882905
I131R,1.47091706133428
I131S,0.0682134694795189
I131T,0.238169267137903
I131V,2.15187081728588
I131W,-0.472532816452694
I131Y,-1.43545009329726
W132A,4.53660781730688
W132C,1.25025131936988
W132D,2.80430127898196
W132E,3.87808901409422
W132F,-1.69125750625132
W132G,2.15425619481464
W132H,0.844273421761839
W132I,-0.309321745738341
W132K,5.38540367253645
W132L,1.14888433445861
W132M,-0.252759450606309
W132N,2.83767605835171
W132P,3.64286106371115
W132Q,2.05438410365537
W132R,3.94624589442535
W132S,3.33070612590965
W132T,2.70623283717767
W132V,1.65496586386553
W132Y,-1.43320839018962
V133A,-0.605526982224083
V133C,2.93519757260908
V133D,0.490464674519937
V133E,0.750728953143017
V133F,0.554335696391352
V133G,0.0601784583321893
V133H,-0.159070697261274
V133I,-0.808080016649791
V133K,3.20592629785737
V133L,0.228712152932216
V133M,-0.600620087180873
V133N,-0.0905619510660615
V133P,9.71067919273087
V133Q,-0.327426204526198
V133R,1.95468697728303
V133S,-0.042079428611933
V133T,0.0188204383647337
V133W,1.4684445686542
V133Y,1.93032351184581
A134C,-0.850693038022106
A134D,-0.967017395224609
A134E,-0.817612179914535
A134F,1.02922447382925
A134G,-1.24630432903828
A134H,0.265071956834256
A134I,0.960226407071712
A134K,0.26099944564296
A134L,0.666986138413631
A134M,1.82830673569892
A134N,-1.15361158218221
A134P,4.04899418899126
A134Q,-1.45373309051535
A134R,1.43097883723108
A134S,-1.2747391314885
A134T,-0.785855680097055
A134V,-0.871304965912552
A134W,-0.716120927583726
A134Y,0.559571393962429
T135A,2.4640756705983
T135C,-0.0334769265345713
T135D,-0.883361850448621
T135E,0.549256494177666
T135F,0.910529880978398
T135G,-0.154252359688118
T135H,-0.299360495881302
T135I,-0.975520381293188
T135K,-0.817062668483164
T135L,0.684587021433362
T135M,1.16274304605957
T135N,-0.416785481213484
T135P,3.38041905900936
T135Q,1.57018292411279
T135R,0.815696846313338
T135S,-0.0544354680863102
T135V,0.4145229030814
T135W,-0.0263065039973848
T135Y,3.0412023586007
E136A,0.969340185687457
E136C,-0.328149386260809
E136D,-0.126152233755053
E136F,0.307385269860411
E136G,-0.331493084767353
E136H,1.10230719457613
E136I,-0.214918938552358
E136K,0.0501905315339848
E136L,-0.992591831626258
E136M,-0.197739260314693
E136N,0.829347998661476
E136P,0.350321822124928
E136Q,3.39012810617932
E136R,-1.17370760349007
E136S,1.41218818183172
E136T,0.59535741052253
E136V,0.465621058494331
E136W,-0.441666640506291
E136Y,1.25919123946041
G137A,-1.34206082757816
G137C,-1.70984302377395
G137D,-0.574228365563777
G137E,-0.743838526292473
G137F,-0.0827061664447983
G137H,0.689127493052804
G137I,0.423762291555041
G137K,-0.946022050058186
G137L,1.34048004230176
G137M,-0.405034900898023
G137N,3.92499368093621
G137P,-0.782998351251046
G137Q,-0.0347506098810108
G137R,0.145408764870817
G137S,0.336417810053498
G137T,0.870594875570704
G137V,-1.69884468246624
G137W,0.0528809140895649
G137Y,-0.31087520848511
A138C,0.0249647131055591
A138D,-0.115827438561884
A138E,-0.0344291682758333
A138F,0.451689777986513
A138G,0.341178589794668
A138H,1.81631518111785
A138I,-0.539937917207863
A138K,0.609282144543408
A138L,1.01406598548307
A138M,0.175911526415802
A138N,-0.0305142561970238
A138P,0.418341562262177
A138Q,0.190280373853486
A138R,1.11194560438532
A138S,-0.776359106879157
A138T,-2.54599048372011
A138V,-0.361603444313697
A138W,-0.766172167041705
A138Y,0.598337545953144
L139A,-1.4531184033065
L139C,-0.193286291302735
L139D,-0.758059525788306
L139E,-0.0786028597094209
L139F,-0.10184763842807
L139G,2.40228529810864
L139H,0.590310840301805
L139I,-0.795960211024589
L139K,-0.126117976740632
L139M,1.02252467565087
L139N,-0.15019853825602
L139P,-0.5813078786949
L139Q,-0.857320785685651
L139R,1.3304902847395
L139S,0.174853333620938
L139T,1.1712134579948
L139V,-1.12548683752623
L139W,-0.964775360745595
L139Y,-0.542437650831259
N140A,0.70220187279258
N140C,-1.40657941517075
N140D,-0.394014321490176
N140E,-0.706825086963087
N140F,0.045420767563752
N140G,0.110590132669729
N140H,-1.51510139490845
N140I,-0.670521762292409
N140K,1.48495497677678
N140L,2.79795058967617
N140M,-0.510060386403799
N140P,-0.355901283483008
N140Q,0.749862769893736
N140R,-0.653932212244167
N140S,-0.0565118136178852
N140T,-2.35834102108626
N140V,-0.7505665252065
N140W,-0.31399818452328
N140Y,0.435602330318007
T141A,-0.238307907926862
T141C,-0.373018356136177
T141D,0.0433204073353444
T141E,-1.19142635955572
T141F,-2.13166156605089
T141G,1.94562112421702
T141H,2.73408173926915
T141I,-0.872302079446757
T141K,-0.453565586916511
T141L,0.059311750246495
T141M,-0.739353927824687
T141N,-0.783996119064514
T141P,0.150163170359596
T141Q,-1.38299176168179
T141R,-0.108994809634684
T141S,-0.0443125692813832
T141V,0.160847766465296
T141W,-0.401191969408824
T141Y,1.11346777837656
P142A,0.453594504768398
P142C,0.0762527676919573
P142D,-0.352145192590937
P142E,-0.851241741101642
P142F,-1.26064873996698
P142G,-1.03501899130485
P142H,0.30692381408138
P142I,0.803248398066441
P142K,-0.548316840028695
P142L,1.93800124189124
P142M,-0.0401856216703684
P142N,-0.903626177523991
P142Q,-0.286277210795755
P142R,-0.77116766713061
P142S,-1.08450771299324
P142T,-1.12297883311452
P142V,-0.369909914189984
P142W,1.2988018953825
P142Y,1.73293451668478
K143A,-0.21667874686208
K143C,-0.171446214226637
K143D,0.0485837379592308
K143E,0.506901368139256
K143F,0.0335229615310352
K143G,-0.730704233358646
K143H,-0.511908286673577
K143I,-1.523926014743
K143L,-0.454469025382444
K143M,-0.111798750395926
K143N,-1.48840083649794
K143P,0.533461201984885
K143Q,-0.373790144774056
K143R,0.975574891552725
K143S,-0.462815438366299
K143T,0.418219759135926
K143V,-1.3071623325095
K143W,0.19212443897845
K143Y,-1.17242458551273
D144A,0.172302296096123
D144C,0.0156119561366857
D144E,0.447504715366383
D144F,-1.83944633831887
D144G,-0.0522024148717413
D144H,1.74596544782814
D144I,0.303689420092996
D144K,0.524386652870756
D144L,-0.924912469426067
D144M,-0.715372670623397
D144N,-0.661565954458989
D144P,0.641154749658469
D144Q,-0.643324623815165
D144R,0.953714107178403
D144S,2.49826180614244
D144T,0.011166876913524
D144V,-0.193713601587554
D144W,0.0766001189349771
D144Y,-0.945493600213886
H145A,0.130058936274756
H145C,-0.397452610549261
H145D,-0.713967455176834
H145E,-0.279422598539938
H145F,-0.330216447424034
H145G,-0.448118703610739
H145I,-0.737684291359208
H145K,-0.27419521300129
H145L,-0.103021512817067
H145M,-1.50763170110013
H145N,-0.0579943350240248
H145P,0.5082888432969
H145Q,0.732907339957696
H145R,-0.756514591138911
H145S,-0.217513707142739
H145T,-1.04142938124623
H145V,-0.421185198258239
H145W,1.03298596008876
H145Y,0.724160313444489
I146A,-0.377239332153432
I146C,-0.96344311846532
I146D,2.51228845880297
I146E,1.1791775742952
I146F,-0.721505575997288
I146G,-0.177015655168975
I146H,-1.34643676750494
I146K,0.432924130940425
I146L,-0.0983636989766843
I146M,0.09305560727458
I146N,0.0843249692256586
I146P,-0.483251400963592
I146Q,1.22080412287751
I146R,2.33524658794435
I146S,-0.784505264206082
I146T,0.478829628762355
I146V,-1.02895226400197
I146W,-0.12801887458607
I146Y,-0.280566760107618
G147A,-1.84170145545789
G147C,-0.394623879846751
G147D,-0.928154446246435
G147E,1.17374816194373
G147F,-1.61915961561209
G147H,0.241161155992437
G147I,0.0225402530237721
G147K,0.571190210035692
G147L,-1.47469649687687
G147M,0.0344905873185947
G147N,-0.5198509022998
G147P,-0.271893062373554
G147Q,0.136101052814604
G147R,0.931462667270959
G147S,-1.38241706491196
G147T,-0.637077700153695
G147V,0.277381394072675
G147W,1.25360303686328
G147Y,1.08420015677982
T148A,2.36055157523065
T148C,1.47032476516451
T148D,-2.32544083389591
T148E,-0.207234607939853
T148F,-0.234324455756212
T148G,0.676265201419073
T148H,-1.10551107251574
T148I,2.81595555221618
T148K,2.9519410565083
T148L,-0.353659225277444
T148M,-0.286362824903114
T148N,-0.904109419888273
T148P,-0.226885680664925
T148Q,-0.584103099720356
T148R,-0.782565577288337
T148S,0.718692118849841
T148V,-1.30079499761346
T148W,-0.228940322369319
T148Y,-1.41360725749214
R149A,1.06564819997327
R149C,-0.813954577264356
R149D,-0.0812703950287139
R149E,0.595643244367935
R149F,-1.02386661688659
R149G,0.769764917780998
R149H,0.55162530621345
R149I,-0.040089896866094
R149K,-0.55367001485908
R149L,0.00933827182234266
R149M,-0.122488693006106
R149N,0.21618145356556
R149P,-1.85999753006752
R149Q,-0.446738069584493
R149S,3.04815252198662
R149T,1.22541666367223
R149V,0.877166813211748
R149W,-0.781824124337914
R149Y,-0.0952494784637761
N150A,-1.9426334276421
N150C,-1.68266493341843
N150D,0.20862115591709
N150E,0.116672593702637
N150F,-0.0348135740633598
N150G,0.208393717051498
N150H,0.553493424167069
N150I,-0.475407987841018
N150K,-0.278876212921739
N150L,-1.03359742992424
N150M,-0.452644872955229
N150P,-0.268650477084954
N150Q,-0.173969593104722
N150R,-1.31979207903263
N150S,0.939052442522346
N150T,-0.941796496380966
N150V,1.81487930328752
N150W,0.535776869716451
N150Y,0.381188828533263
P151A,-0.418594870740107
P151C,-0.43084200263562
P151D,0.406981561306791
P151E,-0.29025778274632
P151F,1.10629301808604
P151G,-0.076238030839855
P151H,-1.11038678533973
P151I,-0.406753901373226
P151K,-0.638513519510457
P151L,-0.356014468008564
P151M,0.499593171703819
P151N,-1.55597262050108
P151Q,-0.32988677128128
P151R,-0.826893593961496
P151S,0.488875363912968
P151T,-1.65781775610591
P151V,-1.4590256798119
P151W,-0.640814113526492
P151Y,1.04242735114012
A152C,-0.259206249170606
A152D,0.79873801466685
A152E,-0.000798527316227446
A152F,0.479646492487685
A152G,-0.845093125077588
A152H,-1.45122019712119
A152I,-0.575865845263661
A152K,0.372746882046024
A152L,-0.668627623891726
A152M,0.468485684291901
A152N,-0.234942892486419
A152P,-0.510565228432575
A152Q,-0.158637142958128
A152R,-0.475407987841018
A152S,1.47125429406629
A152T,1.2884748426351
A152V,1.19206374795564
A152W,-0.176362929048102
A152Y,0.531238887776671
N153A,0.181472101652286
N153C,-0.76916829701132
N153D,-0.667116329679062
N153E,-2.46751344599392
N153F,-0.435200733958093
N153G,0.664636342725714
N153H,2.22287226335123
N153I,1.47282363418704
N153K,-0.129838702931412
N153L,1.2987964861583
N153M,-0.231047922756268
N153Q,-0.772990890033275
N153R,1.74421709377843
N153S,0.873951541871901
N153T,0.674372451700426
N153V,-0.0625698672940709
N153W,0.701571345659785
N153Y,-1.03306438876595
N154A,-0.519473925941751
N154C,1.64143109123673
N154D,0.980091776965591
N154E,0.541623216382057
N154F,0.411278076760979
N154G,-1.35436465092627
N154H,0.885549880988926
N154I,0.463887358434426
N154K,0.381564566847164
N154L,-0.784743918726072
N154M,-0.265514995775124
N154P,-0.778532900175294
N154Q,-0.0192944802420929
N154R,-0.259660449110429
N154S,-0.554863687862886
N154T,1.0003874002246
N154V,1.98778122934529
N154W,0.0986675733171628
N154Y,-1.26645655883529
A155C,-0.529793363610598
A155D,-0.573804649430735
A155E,-0.872639741594141
A155F,0.172011670506362
A155G,0.0506265995571841
A155H,3.59794768010939
A155I,-1.42637947266498
A155K,0.179513479548346
A155L,-1.26236123413604
A155M,0.292860911192567
A155N,0.221448090771032
A155P,1.11964657882154
A155Q,-0.0933261272328872
A155R,-0.989016664989485
A155S,1.01572747778821
A155T,2.39978757770242
A155V,-0.266961866831594
A155W,-0.71761249335611
A155Y,-0.890270568746702
A156C,-0.431194043561813
A156D,-0.0592305903892726
A156E,0.125584165953979
A156F,0.603200572114583
A156G,-0.644209848592354
A156H,-1.98869393161943
A156I,0.0620678749877197
A156K,-0.150211788067583
A156L,-0.381687290497675
A156M,-0.549203673209092
A156N,0.0455084447627251
A156P,1.05613094388919
A156Q,0.489293679571154
A156R,1.20526561690818
A156S,-1.17382576338441
A156T,-0.175877625853081
A156V,1.05960635138488
A156W,0.168141119850983
A156Y,-1.46693922274367
I157A,-0.243708693593364
I157C,1.61570636206717
I157D,-0.114581457208642
I157E,-0.849651397515018
I157F,-1.11164641013619
I157G,2.20565159005245
I157H,0.0537430830341624
I157K,0.703829303712172
I157L,-1.25765644567909
I157M,0.143479954624644
I157N,-0.813644377341633
I157P,3.19832559585365
I157Q,-0.597821735995706
I157R,-0.86153143476723
I157S,0.418307907674678
I157T,0.351437581241056
I157V,-0.183775250508879
I157W,-0.598108817494735
I157Y,-0.052057451911202
V158A,-0.590254055327347
V158C,-0.00455650290069951
V158D,-0.24884097706569
V158E,-0.900457670009686
V158F,-0.222064934176654
V158G,-0.0679479368039114
V158H,-2.40454305235189
V158I,-0.132281216764782
V158K,-0.474063485726388
V158L,-2.37832777215863
V158M,1.2904914890938
V158N,-0.80945000760254
V158P,-0.249075309215341
V158Q,-0.388051271451162
V158R,-0.0876864749528449
V158S,-0.304374630768468
V158T,0.842644718186252
V158W,-0.44909318995515
V158Y,-1.251637273399
L159A,-1.02425600158876
L159C,0.572761371032667
L159D,0.494198511825691
L159E,3.49543803602988
L159F,-0.402765360077215
L159G,-1.25776779086692
L159H,1.47680808743441
L159I,-0.234219364643436
L159K,0.176080459895349
L159M,-0.129172913962118
L159N,-0.137614039949666
L159P,-0.0768132417172264
L159Q,-0.373469557154725
L159R,-0.622304040096868
L159S,0.209753106884383
L159T,-0.735562050310038
L159V,-0.524375097083497
L159W,0.184671998037329
L159Y,0.272594325640158
Q160A,-0.161362086657562
Q160C,-0.641182280249137
Q160D,-0.317461107761706
Q160E,-0.249402606704398
Q160F,0.0623674594199278
Q160G,0.156149203792662
Q160H,-1.03825228490285
Q160I,-0.466418120094459
Q160K,-0.388056410220496
Q160L,-0.717298376996449
Q160M,-0.571182471715743
Q160N,-0.310299755738208
Q160P,1.09748886523124
Q160R,-0.0657873128958739
Q160S,-0.700747727637246
Q160T,-0.289406874951064
Q160V,0.318119768460124
Q160W,0.460059805526592
Q160Y,0.00871049617155614
L161A,-0.820550295932867
L161C,-0.912084821283409
L161D,-1.57194306807164
L161E,0.127453072634912
L161F,-0.288186682834733
L161G,-0.317786333311755
L161H,0.415846213082644
L161I,-0.430158773378307
L161K,-0.366631477495985
L161M,-0.727836437303111
L161N,0.327510190523697
L161P,-0.234802461875046
L161Q,-0.469774229726176
L161R,1.67260221917042
L161S,0.760107626302788
L161T,0.117050402168727
L161V,-0.639287447481325
L161W,1.97855044997638
L161Y,-1.7329531428681
P162A,0.857775605992994
P162C,0.0954480192256394
P162D,-0.502750891268829
P162E,0.410588016776045
P162F,0.419154347628031
P162G,0.317305936814599
P162H,-1.03958904719486
P162I,-0.898410696268086
P162K,-0.822392289748393
P162L,0.482900109529619
P162M,0.754952069850864
P162N,-1.21237153178514
P162Q,-0.809439804269076
P162R,1.28194354404483
P162S,-0.364195626078294
P162T,0.708035542217527
P162V,-0.559403552917535
P162W,-0.505973207893595
P162Y,-0.080814119604002
Q163A,1.29974442975021
Q163C,1.39030567600419
Q163D,-0.0584104101776321
Q163E,0.841119064381389
Q163F,1.08579806113023
Q163G,0.482836679695584
Q163H,-0.719748023983382
Q163I,-0.575043014241998
Q163K,0.724217040024752
Q163L,-1.06678975453258
Q163M,1.38497007769276
Q163N,2.06471164219929
Q163P,-0.0633667972342358
Q163R,1.84969057993376
Q163S,0.707962115322495
Q163T,0.28598713471798
Q163V,1.32873070083
Q163W,0.748957744057893
Q163Y,1.5305290987057
G164A,-0.743502094445878
G164C,-0.679039036764527
G164D,-0.855692954968997
G164E,-0.565732314389615
G164F,-0.47487213681884
G164H,2.64951976314891
G164I,-1.61992360494188
G164K,-0.159706049937191
G164L,0.507166172719834
G164M,-3.10354821210972
G164N,-0.461702653665876
G164P,-0.180217739068769
G164Q,0.522477897014954
G164R,-0.829822827198877
G164S,-0.561745097971776
G164T,0.299666744200667
G164V,-0.402616013051637
G164W,0.444685658503467
G164Y,-0.866432414587752
T165A,-1.28642280700209
T165C,-1.29127862224774
T165D,-0.59599196764925
T165E,-1.44118547890638
T165F,-0.047749305393223
T165G,-0.00350187560652478
T165H,0.14590343821185
T165I,0.83203811890946
T165K,0.623964254943047
T165L,0.250895366520123
T165M,-0.390515154577853
T165N,1.43803086689171
T165P,0.150783419911924
T165Q,0.76802578268414
T165R,-0.211852891123248
T165S,-2.80508880457167
T165V,-0.271893062373554
T165W,0.193702876258109
T165Y,-0.0055763308316359
T166A,1.1602008208012
T166C,0.996802818850175
T166D,-0.558054779509605
T166E,-0.814923503844036
T166F,3.08449504554904
T166G,0.776951846527374
T166H,1.1152402982792
T166I,0.369324138277681
T166K,-0.461257767504036
T166L,-0.444311059900126
T166M,0.94314077371888
T166N,-0.171149483861419
T166P,0.0878615361883033
T166Q,-0.867828869288057
T166R,0.394761650102226
T166S,-0.669001263221337
T166V,0.937812389583706
T166W,-0.394703490107156
T166Y,1.34547185250054
L167A,0.0112758838676022
L167C,0.711462602320206
L167D,0.899209991303796
L167E,-2.73757707230504
L167F,0.362580727748941
L167G,-0.873371802785173
L167H,-0.597152762546958
L167I,0.287037396482475
L167K,0.387385008759398
L167M,0.681716322299105
L167N,0.838132917042059
L167P,-0.712801412494832
L167Q,0.190420005075911
L167R,-1.42945791642652
L167S,-0.107092576455555
L167T,-0.561755916339219
L167V,0.512301272376321
L167W,-0.584043157834795
L167Y,0.265394517085533
P168A,1.15914266717804
P168C,0.277181933230161
P168D,-0.90066430156454
P168E,-1.36017190845794
P168F,-0.432664271024625
P168G,-1.31302189974605
P168H,-0.023342896118901
P168I,0.358510492926763
P168K,1.48769226115201
P168L,-0.347578402759162
P168M,-0.581025363318697
P168N,-1.01853555653609
P168Q,-0.668957485437247
P168R,-1.13445050752011
P168S,-0.938158164169329
P168T,-0.844354826718297
P168V,-0.674219024610117
P168W,-0.045554947463249
P168Y,-1.14420265145027
K169A,-0.0413175114383542
K169C,0.228851007863106
K169D,-1.40177979926558
K169E,-0.526654329673244
K169F,-1.00601717658486
K169G,-0.115850991515161
K169H,-0.947914475759809
K169I,-0.000619233138676486
K169L,-0.708909995651037
K169M,-1.33553613111933
K169N,0.441684422068901
K169P,-0.571893003087307
K169Q,-0.565246614362996
K169R,2.4759549775328
K169S,0.0285417242041691
K169T,-0.898671731409391
K169V,-0.133695018776286
K169W,-1.12664909269901
K169Y,-0.506735666853582
G170A,0.833850950775578
G170C,-0.620851147464534
G170D,-0.31613532378452
G170E,-1.11561088763579
G170F,-2.10383499621857
G170H,-0.591680946426234
G170I,-1.00813196402595
G170K,-0.259841065657771
G170L,0.176797479393382
G170M,0.847012247795711
G170N,-0.764153538283554
G170P,-1.54760808489889
G170Q,-0.741023967002009
G170R,1.28195365050082
G170S,0.17252742501812
G170T,0.912095822815668
G170V,0.0902628678798371
G170W,-1.06050960557974
G170Y,1.91251412057315
F171A,-0.291856095867163
F171C,-0.449925319831292
F171D,0.718157021022938
F171E,-1.07033928409458
F171G,-0.731980551604337
F171H,-1.93749019920156
F171I,-1.36093504214544
F171K,-0.437579757139312
F171L,0.772392749619986
F171M,-1.07129430858656
F171N,-1.14804046691686
F171P,-0.652227883568954
F171Q,-1.23495829090234
F171R,-1.03209780743539
F171S,-1.11473368649843
F171T,-1.10808720036125
F171V,-1.39567145566675
F171W,0.479288765152887
F171Y,-0.334076479180547
Y172A,-0.293253124038712
Y172C,0.0284812967439446
Y172D,-3.10889746289256
Y172E,-0.723211682757474
Y172F,2.17337495990473
Y172G,-1.19176666219846
Y172H,-0.188134234080646
Y172I,2.01851709685298
Y172K,0.396730563116474
Y172L,-0.357667029721821
Y172M,0.0489137206113939
Y172N,1.14212883780968
Y172P,-1.42338703613897
Y172Q,0.370047495112404
Y172R,-1.05263653823249
Y172S,-0.181712664942616
Y172T,-1.10429329969416
Y172V,-0.909643358516332
Y172W,-0.180942090289688
A173C,-0.411009413808553
A173D,-0.689685803995643
A173E,-0.576258447612402
A173F,-0.29606205105608
A173G,0.13930617876526
A173H,-0.282804583909232
A173I,0.293834575793165
A173K,-0.389656407484916
A173L,-1.15346336424143
A173M,0.0479161672033487
A173N,-0.848317750691833
A173P,0.220472154309255
A173Q,0.671261199389243
A173R,0.722298482449884
A173S,-0.791513725403821
A173T,-1.39015531210951
A173V,-0.649386678322904
A173W,0.00976200353598005
A173Y,-0.453239277648015
E174A,0.0700775579222175
E174C,0.179067015532448
E174D,-0.505367470918673
E174F,-1.01106405137034
E174G,-0.386572459580989
E174H,0.26419809472492
E174I,-1.05735481183019
E174K,0.203502634605323
E174L,-0.314305937757094
E174M,0.429238260038978
E174N,-0.582192099640789
E174P,0.305966974958768
E174Q,-0.0132307122738447
E174R,-0.391588286019412
E174S,1.25440561428413
E174T,0.227989417215828
E174V,0.193663107428479
E174W,0.0113031075322371
E174Y,-0.812046077750235
G175A,-2.6296420544761
G175C,1.56335799877024
G175D,0.306575213889398
G175E,1.90690605771885
G175F,-0.939668670446704
G175H,-1.17094724630728
G175I,-0.705229645315548
G175K,-0.139673864494564
G175L,-0.671201603247741
G175M,0.808628072000793
G175N,1.43403441331
G175P,-3.46255827228069
G175Q,-0.197552086051964
G175R,0.706004044308073
G175S,-0.0957668561814449
G175T,-0.0943618441087767
G175V,-0.181017959300515
G175W,2.80832046856597
G175Y,-1.03926576814557
S176A,-0.395960173167183
S176C,-1.92671736853434
S176D,1.04619408071945
S176E,0.325685055841146
S176F,0.25556716156745
S176G,0.555654220073661
S176H,-2.38997913382677
S176I,3.83492040302538
S176K,-0.116104593155036
S176L,-1.95341570999066
S176M,1.86336278149839
S176N,-1.10103521050987
S176P,-0.406229343306386
S176Q,0.567581080302468
S176R,1.74494835991414
S176T,-0.648517462820812
S176V,1.67197542648331
S176W,-0.512276206680191
S176Y,0.258167514133468
R177A,1.47178072560678
R177C,0.213262835160271
R177D,-0.910272404600599
R177E,-0.141860359520971
R177F,-0.629805945975505
R177G,0.74842509532893
R177H,-0.0985679142756035
R177I,-0.753224574317786
R177K,1.99024502164761
R177L,1.46362801149657
R177M,-1.36037668777226
R177N,-0.239187791970579
R177P,-0.246241043420025
R177Q,-0.451066289121175
R177S,-0.911032172758144
R177T,-0.266967817812983
R177V,-1.09712958788677
R177W,5.42220677662934
R177Y,1.82170459671139
G178A,-0.396589229419072
G178C,1.36869741889164
G178D,0.577197567439525
G178E,0.912731254022938
G178F,-0.329416027499015
G178H,0.123909302389383
G178I,2.11281604072232
G178K,-0.617796367244664
G178L,-1.12535794007897
G178M,-0.467608692242133
G178N,-0.00980611991484738
G178P,-1.01480480423774
G178Q,-1.03464323499376
G178R,0.595488278007787
G178S,-1.11851975521796
G178T,-0.486197120603958
G178V,0.799934004429871
G178W,-1.6406248120341
G178Y,-0.914535012841606
G179A,0.624990195479675
G179C,0.492326504109561
G179D,-1.8199984853272
G179E,-1.21500889771966
G179F,0.786704076729854
G179H,1.31366958713936
G179I,-0.840655934167624
G179K,0.927643671003315
G179L,-0.373552750707954
G179M,1.45883975212159
G179N,-1.13843714252651
G179P,-0.0564352536711853
G179Q,1.32694592433032
G179R,-0.513159322342245
G179S,3.98926589995112
G179T,0.168178770964606
G179V,-0.480823417133507
G179W,0.116562574176401
G179Y,-1.32695278165485
S180A,-0.00125678395178789
S180C,-0.813133641264012
S180D,0.417710510068743
S180E,-0.666063088414707
S180F,-0.229859850035946
S180G,0.770479239197909
S180H,-0.551098199936075
S180I,-0.438941628742633
S180K,1.2394951651309
S180L,-0.0386698439788643
S180M,0.140469120004066
S180N,-0.4261253623657
S180P,-1.25847699844875
S180Q,1.11478656002357
S180R,-1.13054583460325
S180T,-1.10930478004829
S180V,-2.06377301204649
S180W,2.25486505125842
S180Y,-0.31337896352188
Q181A,1.27709593613607
Q181C,-2.88529711273792
Q181D,-0.118284927135704
Q181E,0.0914923570786473
Q181F,1.8595459835812
Q181G,0.160680150524979
Q181H,0.113664719421285
Q181I,1.80848024566476
Q181K,-1.59185670047498
Q181L,0.765008680160379
Q181M,0.426007341751446
Q181N,1.89171971047215
Q181P,-0.47587449477183
Q181R,0.114715844848808
Q181S,0.194682279093286
Q181T,0.820986626379395
Q181V,-0.727849256285016
Q181W,0.27177941089941
Q181Y,0.906060382369682
A182C,0.526251240543291
A182D,1.02298775932293
A182E,-0.675293980983222
A182F,1.66522202193152
A182G,-0.507226367521586
A182H,0.247069450146589
A182I,1.54569902770614
A182K,-0.880386673084333
A182L,-0.303819458496652
A182M,-0.865457241549539
A182N,1.78517564006884
A182P,-0.0202594244148457
A182Q,-0.31156162964872
A182R,-0.664787181023027
A182S,0.604082321144189
A182T,-0.198878812785546
A182V,0.330658761477164
A182W,0.652425369433538
A182Y,-0.120610672447927
S183A,1.20941003260028
S183C,-0.413327860336152
S183D,-1.00475140456788
S183E,1.05108695595744
S183F,0.659921648398414
S183G,-0.657626000099643
S183H,-0.181092208130458
S183I,-0.747138121516092
S183K,-2.80508880457167
S183L,2.27649516276888
S183M,-0.991386073328741
S183N,2.42346689581611
S183P,0.621524515566813
S183Q,1.11472206378433
S183R,-0.182616904514095
S183T,0.149790321451946
S183V,-0.427617339718686
S183W,0.232087259667042
S183Y,1.12664366821709
S184A,-0.0671104986364779
S184C,-0.608160537311731
S184D,0.688204733785701
S184E,-2.7690946810966
S184F,-1.35839561846966
S184G,-1.52264951130464
S184H,-0.24935088037353
S184I,-1.01310463917143
S184K,0.045473677893181
S184L,-1.59149539707397
S184M,-1.06315515105494
S184N,2.29614189403798
S184P,-0.62873651556257
S184Q,0.706192206265677
S184R,-3.19664141367232
S184T,-0.393902862793426
S184V,0.94873529022449
S184W,-0.343346474232124
S184Y,0.347016640894273
R185A,0.900251177187868
R185C,-1.65134121599156
R185D,-0.759995668225427
R185E,-2.01931575466073
R185F,-1.84249994229852
R185G,-0.998180091012916
R185H,0.197005921087599
R185I,-1.09708554303686
R185K,-0.183300227152344
R185L,-3.47683024005739
R185M,-0.711764793597196
R185N,-0.0820686837742662
R185P,-0.293119455044456
R185Q,-1.3179807748226
R185S,-0.186944121600391
R185T,-0.768176804654689
R185V,0.412571890235487
R185W,1.10813413376686
R185Y,-0.538706946208292
S186A,0.75826290683608
S186C,0.885074356333229
S186D,0.211981915487575
S186E,-1.41934410535048
S186F,2.74031347843646
S186G,1.31693839630275
S186H,-1.12274078251321
S186I,-2.12745619242315
S186K,-0.680646197006905
S186L,-0.0588486708500615
S186M,-0.658351819736193
S186N,2.74703144378424
S186P,-0.94676325486467
S186Q,1.00556325489704
S186R,1.30749857055925
S186T,0.856477170060159
S186V,0.0545423607214538
S186W,1.79298182375111
S186Y,-0.250226406335608
S187A,0.124201614333071
S187C,1.77640710602607
S187D,-0.28783354419454
S187E,-1.23250001441211
S187F,1.86052154224923
S187G,1.14868340175606
S187H,1.19247821753593
S187I,-0.467763118799716
S187K,2.10918682993155
S187L,0.599654698572606
S187M,-0.179027241723606
S187N,0.704452009758854
S187P,-0.490507390019019
S187Q,-0.179032933107849
S187R,0.971806801524205
S187T,-0.838789175452989
S187V,-1.36944162635738
S187W,1.59516447578441
S187Y,1.08303415797243
S188A,-1.92683366927197
S188C,0.533582674157541
S188D,-1.58982938999438
S188E,0.832385799385508
S188F,-0.668302376992501
S188G,-0.213282455580997
S188H,0.563892950875289
S188I,-0.427103014034446
S188K,3.01125339311569
S188L,-1.51952644400721
S188M,2.17155555260311
S188N,0.747737806353395
S188P,0.205396392750826
S188Q,3.92923963632429
S188R,0.0635456779691936
S188T,-0.121667951775408
S188V,0.710572511300804
S188W,-0.0119751847203821
S188Y,0.99180899567025
R189A,0.311882983497667
R189C,-1.11660350442003
R189D,1.33285698224569
R189E,-0.509769813539591
R189F,-0.923658436698968
R189G,0.124699845737754
R189H,0.0499632175316471
R189I,-0.627591470670856
R189K,1.39021712144422
R189L,2.19841719948104
R189M,0.109380451820553
R189N,2.09385794519869
R189P,-1.07064084989261
R189Q,-0.505159882609943
R189S,0.11815158728978
R189T,0.475452734200557
R189V,1.85448085296169
R189W,-0.819328829203024
R189Y,0.545844337000283
S190A,-1.34114324950001
S190C,1.00954841167582
S190D,0.78731255560311
S190E,0.510893015528101
S190F,0.875307125284114
S190G,2.92543920747697
S190H,-2.60190348770246
S190I,-1.30395752194194
S190K,-0.113241161997724
S190L,-0.21054659953618
S190M,2.73740782666171
S190N,-1.2441513914711
S190P,-1.98175018994056
S190Q,0.0692924181534123
S190R,-0.658067100814998
S190T,1.4826808373246
S190V,1.47962182289767
S190W,-1.57996817113493
S190Y,0.486009397304179
R191A,-1.54544649768521
R191C,-0.532780909992847
R191D,0.107537131142878
R191E,-0.0709483526392463
R191F,-0.637068807379128
R191G,-1.52199901495313
R191H,0.979155321689464
R191I,2.43703044387193
R191K,-1.04148290887938
R191L,0.300872547963264
R191M,0.891168215024739
R191N,-1.95933272181617
R191P,-0.53717324205128
R191Q,0.0128037942013107
R191S,-0.0863472302939487
R191T,-0.831015755072584
R191V,-1.04009765739215
R191W,2.30633751188765
R191Y,-0.715538215198912
N192A,1.68363376100705
N192C,0.617390093666855
N192D,-0.52792288061911
N192E,0.0614147894943305
N192F,-0.345165611320099
N192G,-0.0927774976554679
N192H,-0.608160537311731
N192I,-0.235691625830621
N192K,0.417472970499943
N192L,-0.377692150680666
N192M,1.21369664739549
N192P,0.0804537078008697
N192Q,0.214320378914982
N192R,0.170329057235284
N192S,2.52194206239574
N192T,0.696901676367377
N192V,1.49451785407979
N192W,1.75729052389532
N192Y,1.16673910167598
S193A,-0.430207855449682
S193C,2.22558853374041
S193D,0.146876953228238
S193E,2.95288766461909
S193F,0.953493367778241
S193G,-0.186543090728303
S193H,1.1275515885707
S193I,-0.975822350684347
S193K,0.912628936435246
S193L,-0.236394070807013
S193M,1.01008722432604
S193N,1.76466924952533
S193P,0.406098488197558
S193Q,1.02108486478283
S193R,0.639439700184129
S193T,0.0337163513929711
S193V,-0.547349052392159
S193W,-0.81357317790651
S193Y,-0.300098727977612
S194A,0.935274775523734
S194C,-0.457917799134111
S194D,-1.05766397203007
S194E,-0.149353824997066
S194F,1.84176109195516
S194H,-0.0489375223444989
S194I,-1.17094724630728
S194K,3.25879358359936
S194L,1.28196140317766
S194M,2.04603999031694
S194N,0.905362504245151
S194P,0.0203076529435524
S194Q,1.64869276203161
S194R,-1.63552195073523
S194T,-0.226564779315141
S194V,-1.72457897400179
S194W,-2.25874093267768
S194Y,0.240776720518957
R195A,0.240736575415947
R195C,-0.284917043790109
R195D,0.0776040337693165
R195E,-0.0626955143786933
R195F,1.00218084232192
R195G,-0.13912755702351
R195H,1.96811281275557
R195I,-0.880072710437069
R195K,0.691767396666733
R195L,1.81628539580891
R195N,-0.664426014926643
R195P,0.730241359960138
R195Q,-0.340405831239103
R195S,1.06402191484197
R195T,1.41995621180068
R195V,-0.754984756581952
R195Y,0.383411733151554
N196A,-1.01982953276732
N196C,-0.0623029463924072
N196D,-0.56925781124168
N196E,1.4831233853352
N196F,-1.16635754021463
N196G,0.536215599385542
N196H,0.0161159495343945
N196I,-1.07360493510133
N196K,1.45125578194906
N196L,1.41076862886306
N196M,0.646941741078943
N196P,1.05003900588717
N196Q,-0.713482893914537
N196R,-0.386150612468446
N196S,-0.456897476217324
N196T,0.226869018270349
N196V,0.0949557958137615
N196W,1.2024438311616
N196Y,1.39581845218334
S197A,1.11928846921628
S197C,-1.60857098629805
S197D,0.0479624418901185
S197E,1.86918173935952
S197F,-1.05766397203007
S197G,-0.312649552053113
S197H,0.708929483257036
S197I,2.0495435256634
S197K,0.581088797635313
S197L,-0.0468995531185087
S197M,-0.745142582818271
S197N,0.0916678452234632
S197P,-0.0189034437129766
S197Q,0.957384311164195
S197R,-1.03616106487882
S197T,0.222745820456103
S197V,0.0350704153285901
S197W,1.02616719536142
S197Y,-0.811540851738159
T198A,0.113507184743568
T198C,0.0910068741816687
T198D,0.336439347798489
T198E,0.769330713026404
T198F,2.4776144549246
T198G,0.384588151925929
T198H,2.212962032186
T198I,-1.86202508256899
T198K,-0.144727739857171
T198L,-1.6100525341521
T198M,-0.715983968943776
T198N,-0.450578498424626
T198P,1.98679764936773
T198Q,-0.737764255735015
T198R,0.532313402438996
T198S,-0.222503494858591
T198V,0.186565467006167
T198W,2.66930328990805
T198Y,0.229544929054941
P199A,0.585190787335378
P199C,-0.0740209272516145
P199D,-3.33205138301787
P199E,0.516645801554061
P199F,-0.0768132417172264
P199G,1.13043341398897
P199H,0.619660089095184
P199I,0.701459483105702
P199K,0.373734842298542
P199L,1.49767802503203
P199M,0.330690924504895
P199N,-0.758662670204992
P199Q,0.26208737508509
P199R,-1.58692329279172
P199S,-1.64083572768436
P199T,0.519104030519379
P199V,1.8303734471999
P199W,0.549940953858167
P199Y,0.340892262633049
G200A,0.486296593974823
G200C,-0.20607654115939
G200D,-0.0750506549818845
G200E,0.182402050190784
G200F,0.0500006487387454
G200H,0.878406440310429
G200I,-1.65502351651377
G200K,1.14871013470082
G200L,0.868145763045273
G200M,0.067925041796184
G200N,-0.134307687808375
G200P,0.485721050671681
G200Q,0.0110728665343442
G200R,0.938882644245262
G200S,-1.41509558616772
G200T,-0.466108253406854
G200V,0.87717827751157
G200W,0.884781239060654
G200Y,-2.17608621155934
S201A,0.952636561528902
S201C,0.417778734215322
S201D,0.906861050389276
S201E,-0.549682315212493
S201F,1.60676979561929
S201G,2.41269274287803
S201H,-0.513436454176852
S201I,1.51083195615186
S201K,1.08777612769731
S201L,-0.858717721856663
S201M,0.560289301899522
S201N,1.48424408170687
S201P,-1.57512236556206
S201Q,-1.37136386990443
S201R,0.745798790035697
S201T,-1.30729712512767
S201V,0.506416885597752
S201W,-0.356537430625629
S201Y,2.51082307906953
S202A,1.08705055052275
S202C,-2.92665373889855
S202D,0.292955920457906
S202E,-0.786486226376481
S202F,4.18084485376147
S202G,-0.24197470030375
S202H,0.686716192233875
S202I,0.344722149930494
S202K,3.19816045551691
S202L,0.427471263200104
S202M,1.58381741779534
S202N,1.41202191790227
S202P,0.42333496665604
S202Q,1.13555344066934
S202R,2.79608177315544
S202T,0.341519081096339
S202V,0.975638490721283
S202W,0.846208637452158
S202Y,-0.301406225279216
R203A,-0.779912858369226
R203C,-1.05773818609149
R203D,-0.560570899971554
R203E,-0.508204617396607
R203F,3.14468431191633
R203G,0.817635120221404
R203H,-1.56468473440181
R203I,-1.58634582490096
R203K,0.66301983687893
R203L,-0.115059675955525
R203M,-1.00023312612175
R203N,-1.5126990373698
R203P,2.12441174578412
R203Q,1.3708079414796
R203S,1.79465266125596
R203T,-1.68827709198707
R203V,1.13064171228059
R203W,-0.0176482945418835
R203Y,-1.27793600803696
G204A,0.452649996835535
G204C,-1.44907846816558
G204D,1.20818294975006
G204E,0.814537288113576
G204F,2.92239944574036
G204H,-0.488872694477232
G204I,0.0183723214167289
G204K,-0.15146123871213
G204L,-0.529902050418305
G204M,-0.0274791244606403
G204N,-0.606364604704974
G204P,1.66836454232832
G204Q,-0.60813211585676
G204R,0.766936152600439
G204S,0.399767094041436
G204T,-0.105568185423955
G204V,1.25448584133873
G204W,0.0202806088213505
G204Y,-0.137730331484744
T205A,-0.262955446656733
T205C,0.687921629549516
T205D,2.78203346554597
T205E,0.448955511324688
T205F,-0.781975590219072
T205G,1.200588764405
T205H,0.375272837919829
T205I,-0.735673164402055
T205K,-2.14960603967818
T205L,0.822013536264435
T205M,-1.17094724630728
T205N,0.954647579664042
T205P,0.669412878499831
T205Q,2.44144685851049
T205R,-1.1786557910114
T205S,-0.58003325334743
T205V,-0.0582480122357582
T205W,-0.356873173641912
T205Y,0.209146899455478
S206A,-1.50470332586872
S206C,-0.820440460092397
S206D,0.0873340977129405
S206E,-0.62873651556257
S206F,-1.0103188378615
S206G,-1.12530022668068
S206H,0.982825848408587
S206I,-1.56152238327888
S206K,-0.263667018338949
S206L,1.37421429389385
S206M,3.43182152214665
S206N,1.44386042950191
S206P,-0.391496254841449
S206Q,0.485561898337922
S206R,1.33219323759075
S206T,1.14343142416006
S206V,-0.653131206161301
S206W,0.861255394989144
S206Y,0.175740497413921
P207A,6.6149554430888
P207C,-0.931690418964476
P207D,1.03789067174873
P207E,-1.39909434485195
P207F,-0.351357279102331
P207G,0.214965674549026
P207H,-0.1718126839843
P207I,1.19286706135379
P207K,-1.12551327175623
P207L,-1.50470332586872
P207M,0.437133577673861
P207N,0.951102452154915
P207Q,1.05930331783807
P207R,0.798999833593698
P207S,0.545439516906368
P207T,0.521580379853207
P207V,1.93232931763936
P207W,0.153180298054116
P207Y,0.00723495304313839
A208C,0.25346846179032
A208D,-0.253103420573296
A208E,-1.82277759400673
A208F,-0.172162222669172
A208G,0.629513555621443
A208H,-1.17094724630728
A208I,-0.0392042340700747
A208K,-0.798766410048675
A208L,-0.909934245917412
A208M,0.609174027706315
A208N,1.03107924363095
A208P,-0.364099514849209
A208Q,-0.365275953637606
A208R,4.27688610174801
A208S,0.0362988328072963
A208T,2.09140640177297
A208V,-0.21054659953618
A208W,1.16140741030472
A208Y,-0.998480320319144
R209A,2.54180511799614
R209C,1.65471115613966
R209D,-0.723843816866646
R209E,1.33680747051347
R209F,1.36621643682803
R209G,1.56454744539861
R209H,0.239883551516284
R209I,-0.104003310909754
R209K,0.599803311100404
R209L,-2.60553350885773
R209M,0.669795853228258
R209N,-0.159628536186468
R209P,0.656614931128151
R209Q,-0.763984445784497
R209S,-2.10818281520871
R209T,0.146545683701947
R209V,-1.95245007180032
R209W,-0.487642956865069
R209Y,0.12393343624323
M210A,-0.151772916311797
M210C,2.00516152225998
M210D,0.907643627053097
M210E,-0.831180973533273
M210F,0.564597861325165
M210G,1.04237043358436
M210H,-0.442121736452115
M210I,2.03673129671716
M210K,1.94550003419674
M210L,0.923652233191337
M210N,-0.474174344110199
M210P,-0.0367151587185837
M210Q,-3.46255827228069
M210R,1.94018975845947
M210S,-0.947083395675253
M210T,-0.616790732457457
M210V,0.97258054241877
M210W,-1.0969711884679
M210Y,0.478381950083013
A211C,2.12991819425857
A211D,-0.234488419505763
A211E,-0.817286045871251
A211F,1.75824714350115
A211G,1.58329442034001
A211H,0.391259281601902
A211I,1.38705229465826
A211K,0.286617009615415
A211L,0.272501447509021
A211M,-0.110634744749032
A211N,2.11467702746781
A211P,-0.879236240341152
A211Q,-0.586597570170762
A211R,1.62696395995486
A211S,-0.377256001850004
A211T,2.12335651163118
A211V,-1.92161935351511
A211W,-0.428732454823607
A211Y,1.09522606180111
G212A,-0.114531805353924
G212C,0.221703471701167
G212D,-0.173536636584264
G212E,1.44723939076734
G212F,-0.50170255990876
G212H,-0.0735734819319698
G212I,-0.809317578367379
G212K,0.0999268168960854
G212L,0.00313982228408538
G212M,-0.914745757342407
G212N,-0.908133386674615
G212P,0.314766102363917
G212Q,-1.00730014299147
G212R,0.404923942831295
G212S,-2.21844784102536
G212T,-0.449776610148202
G212V,3.55293143292027
G212W,0.151585110837637
G212Y,0.185846701887497
N213A,0.478327134607239
N213C,-0.50137542453983
N213D,-0.0928132382511787
N213E,-0.837210729339703
N213F,0.120532910627937
N213G,0.387972308022806
N213H,0.932243114667541
N213I,1.27908908818332
N213K,0.294299115294441
N213L,0.904277907018283
N213M,0.357232528546627
N213P,0.236433271494873
N213Q,-1.54158863389778
N213R,-0.247862463276404
N213S,-0.694107538722929
N213T,1.60976805232567
N213V,-0.29038960831937
N213W,1.62667762736268
N213Y,0.356926341512411
G214A,0.538574582553226
G214C,1.6082663520947
G214D,-0.624691302315587
G214E,0.312908708993662
G214F,-0.063099642864473
G214H,1.47810351276344
G214I,0.630750461799227
G214K,-0.32567197572583
G214L,0.693688111297959
G214M,1.0461920740517
G214N,-1.11890701913283
G214P,-0.8345660334361
G214Q,0.20734675619051
G214R,-1.45428377977836
G214S,0.753117769275627
G214T,0.171727815551004
G214V,0.725622127853911
G214W,0.737848050620555
G214Y,2.46731667233252
G215A,0.088700467996675
G215C,1.15736625815785
G215D,-1.36106319731265
G215E,0.539280763041014
G215F,1.06769111968863
G215H,0.354251351551237
G215I,0.0449213684304428
G215K,4.17224570018907
G215L,2.05966884538123
G215M,1.38075809801138
G215N,0.749995132638252
G215P,0.363377915024606
G215Q,0.869771573448893
G215R,-0.179848772653332
G215S,0.734405278828618
G215T,3.9311196098316
G215V,0.308409965634032
G215W,0.0279262387446628
G215Y,1.76260889029727
D216A,1.26139573042871
D216C,0.0907776660196934
D216E,-0.722763262924017
D216F,1.22422073834026
D216G,-0.471695675185072
D216H,0.417524810043986
D216I,-0.345978100763606
D216K,-1.00718621046011
D216L,0.970411428364104
D216M,1.35107282574626
D216N,2.56817894954043
D216P,0.270619769909078
D216Q,0.707036184445217
D216R,0.328118349671435
D216S,1.16215165471301
D216T,1.12088708878973
D216V,0.373146438961727
D216W,0.0142677152830479
D216Y,0.976079736456756
A217C,1.72110732951043
A217D,-0.553279793831945
A217E,-1.1465526694101
A217F,0.651522176902164
A217G,-0.250729837441587
A217H,0.653960661677428
A217I,-0.414731617016082
A217K,1.45275901856449
A217L,0.605755524388969
A217M,0.334989554485011
A217N,1.53821981955267
A217Q,-1.01006154779167
A217R,-0.483408109665741
A217S,0.0772829645987286
A217T,-0.798150604296738
A217V,0.570876117776903
A217W,2.13595344942051
A217Y,1.50166668394497
A218C,3.70332470647012
A218D,-0.633710955370607
A218E,1.09725077221231
A218F,1.39313527836106
A218G,-1.10473105204785
A218H,-0.953969633655125
A218I,1.19960912604102
A218K,0.377071804750502
A218L,0.949868344932368
A218M,0.205901897829368
A218N,0.546820506514666
A218P,-1.97404234135759
A218Q,2.55992161045758
A218R,0.468422448519491
A218S,-0.69380983871594
A218T,0.448153421935416
A218V,0.706059943361466
A218W,1.36963783736573
A218Y,0.480179639564428
L219A,-0.711964205000581
L219C,-0.754360070352905
L219D,-0.767565939997382
L219E,-2.33512191640365
L219F,0.4099446150978
L219G,-2.18137555367859
L219H,-0.656258570724415
L219I,-0.530301354438544
L219K,-1.18094461009222
L219M,0.542926693089886
L219N,-1.59326525118708
L219P,0.244563770448682
L219Q,-0.206123667213136
L219R,-0.632724583215803
L219S,-1.12496899471242
L219T,0.883535282240843
L219V,-1.08061496981533
L219W,0.761364018771568
L219Y,-1.01735406272543
A220C,-0.715612823551494
A220D,-0.906091854446787
A220E,-0.411677390572572
A220F,0.446344189168514
A220G,-0.591198229368246
A220H,0.961354799513622
A220I,1.57791011763576
A220K,-0.549412274877189
A220L,-3.52246155910741
A220M,0.675393586209303
A220N,0.062168219956526
A220P,-1.32484883012505
A220Q,-0.341459940467508
A220R,0.532890506121901
A220S,-0.0294326541511078
A220T,1.38536152037631
A220V,0.320623988531159
A220W,1.47267433317228
A220Y,1.45078401452494
L221A,0.384523157942492
L221C,0.789259814274533
L221D,-0.113898654371373
L221E,0.816133555144017
L221F,-0.177368751198745
L221G,-0.256280861027391
L221H,-0.0471738085755035
L221I,1.24726985049221
L221K,0.386311296137696
L221M,0.824143850853567
L221N,-0.663239727872315
L221P,-2.16705568370233
L221Q,-0.801257043135144
L221R,1.59342316925737
L221S,-1.78746456337543
L221T,-0.265866496225893
L221V,0.275129687133817
L221W,-0.236290845180119
L221Y,-0.425274284672667
L222A,-0.895206004265221
L222C,0.276993953724347
L222D,-0.755818675217877
L222E,0.202038136319114
L222F,0.528321277531496
L222G,-1.38456379688232
L222H,-0.528432586384752
L222I,0.270924248356671
L222K,-0.301704272793031
L222M,0.856052878928964
L222N,-0.996552718608052
L222P,-1.94525707286748
L222Q,0.446375918017384
L222R,-1.14907920195845
L222S,1.1403074433749
L222T,0.0660557023553111
L222V,0.343993520769421
L222W,1.8048929790126
L222Y,0.183972674983159
L223A,-1.98543335731018
L223C,-1.17317852103432
L223D,-1.96845633220609
L223E,-1.472883080666
L223F,0.114209440750576
L223G,-1.91870538239704
L223H,-2.10484856275306
L223I,-0.240884643929299
L223K,-1.497721049622
L223M,-0.579078992397125
L223N,-0.64721543954367
L223P,0.818342997840627
L223Q,-0.19714319697023
L223R,-1.9443149849235
L223S,-1.41281389084431
L223T,-1.03471418285867
L223V,0.904258674046555
L223W,-0.915044552939969
L223Y,-1.71919564074744
L224A,0.614792059870499
L224C,-0.561510512829142
L224D,-0.0674297883705335
L224E,0.162620566178199
L224F,-1.93793895571879
L224G,-0.810314577764918
L224H,-1.1764850893233
L224I,-0.29896481012854
L224K,-1.86773347282941
L224M,-1.10778945150462
L224N,-1.77217663727088
L224P,0.625405765026023
L224Q,-0.518565343537466
L224R,-0.626429597393914
L224S,-1.00153467343661
L224T,-0.522780037446491
L224V,-0.514957667104477
L224W,1.6046134173838
L224Y,-0.403548553974344
D225A,-0.0909478041324984
D225C,0.00436508927606321
D225E,-1.17094724630728
D225F,-0.603417350528827
D225G,-0.159769365933597
D225H,2.4584303748849
D225I,-0.367277785417097
D225K,-0.0117269433217989
D225L,-1.17119324181754
D225M,0.242605990709174
D225N,-0.119581782372665
D225P,-0.119147490008357
D225Q,0.582495913851151
D225R,0.433044405551026
D225S,7.05912948191077
D225T,-0.405190579114112
D225V,0.386284276695135
D225W,0.665503540636586
D225Y,0.0611342247270015
R226A,-0.170947175183923
R226C,-1.2227555652459
R226D,-1.79042996624182
R226E,-1.05145213728633
R226F,-1.0091397325258
R226G,-0.682331304936245
R226H,-0.269883231710096
R226I,-0.796039669387956
R226K,0.0923709141780677
R226L,-1.15452247028867
R226M,0.341501798765247
R226N,-0.343279935042573
R226P,-1.70974894285607
R226Q,-0.940952923846114
R226S,-1.75411477888861
R226T,0.450129971411987
R226V,-0.152459428064561
R226W,-1.34046732306251
R226Y,0.496752316158044
L227A,-2.06243779697143
L227C,-1.53750647433235
L227D,-0.242749326328022
L227E,-1.80396536542154
L227F,4.39009488908878
L227G,-1.27657391834629
L227H,-1.11720750290349
L227I,2.17247023741485
L227K,-2.74361903350262
L227M,-0.979495241079226
L227N,-0.94508941011873
L227P,1.21684513388208
L227Q,-0.54838152922986
L227R,-1.44492598849531
L227S,-1.11439271240506
L227T,-0.326384090857185
L227V,-0.229093996683167
L227W,-0.608396507981544
L227Y,-2.29001906507605
N228A,-1.07518712878024
N228C,-1.8458650933272
N228D,2.5564209836261
N228E,-1.00546836858458
N228F,0.747710019807751
N228G,-0.770923632566859
N228H,0.994896911819756
N228I,1.98482423360764
N228K,0.692961137905825
N228L,1.68717517824204
N228M,0.215456990579335
N228P,-0.419127707387927
N228Q,-0.589204269460864
N228R,0.588490626021179
N228S,1.35239934596424
N228T,3.73197727614544
N228V,1.75136286036004
N228W,1.24324292001599
N228Y,-0.260832985206794
Q229A,0.743386362328953
Q229C,1.13968364839745
Q229D,-1.00477752586547
Q229E,0.0810440913117844
Q229F,-1.0890781306059
Q229G,0.552803778855519
Q229H,0.763631682617701
Q229I,-0.127442172085798
Q229K,0.532722127375424
Q229L,-0.283387964752272
Q229M,0.0669169635973776
Q229N,-0.331030505268453
Q229P,1.11230476361372
Q229R,0.750177770406875
Q229S,0.784936625932767
Q229T,-0.0882789196348771
Q229V,-0.370176804234996
Q229W,0.568203865015635
Q229Y,0.144771583167102
L230A,-1.4758026692701
L230C,0.292187134856832
L230D,0.286296617774682
L230E,-0.454662636481901
L230F,-0.30763619977366
L230G,-0.668841449263656
L230H,-0.349713077067797
L230I,-0.524783519358244
L230K,-1.34278814688217
L230M,-0.0756527836169761
L230N,-0.985263794840687
L230P,-1.23203973125655
L230Q,-1.18215356614845
L230R,-0.218047690289253
L230S,-0.25287409134553
L230T,-1.10735866038339
L230V,1.4420331778713
L230W,1.49624084847842
L230Y,-1.79659665574692
E231A,-0.761599381191944
E231C,0.568672349923885
E231D,0.119945999948837
E231F,0.519553766976255
E231G,-0.363037070367886
E231H,1.75799113502659
E231I,-0.00804708860637834
E231K,0.555035754761974
E231L,0.0362894524545927
E231M,0.0766093748376092
E231N,-0.686929492603475
E231P,-0.77908966217306
E231Q,-0.783697532479094
E231R,1.54528185232435
E231S,-0.0672280609134856
E231T,0.838187024111401
E231V,0.32499356624672
E231W,-0.12731420698021
E231Y,0.160516544714586
S232A,-0.752982872098915
S232C,-0.650632886818268
S232D,-0.984477299696784
S232E,-0.288129487537986
S232F,0.58412056144749
S232G,1.10245288571575
S232H,0.915728417308597
S232I,-1.2031358332823
S232K,-1.16240367256645
S232L,0.43253482493315
S232M,1.1935768244959
S232N,1.21749473125172
S232P,-1.23911686677526
S232Q,1.3918710982019
S232R,0.0693750524584711
S232T,-0.517555375229905
S232V,-0.762845763757271
S232W,0.318857253863507
S232Y,-0.646897747005754
K233A,-0.505064321484767
K233C,0.0695902239326075
K233D,-0.0651932684685428
K233E,-2.32373359644871
K233F,0.237503534574459
K233G,-2.09814603814198
K233H,0.965250888770602
K233I,-1.07277138842902
K233L,0.978570739354277
K233M,-1.09773304675067
K233N,-1.66006703873713
K233P,0.2539440023493
K233Q,-0.510313944306866
K233R,1.51628798567861
K233S,-0.605192091798913
K233T,-1.11917765936235
K233V,0.110557238225418
K233W,0.250137842487928
K233Y,-0.393666652674083
M234A,0.561929872265731
M234C,-0.458877833882369
M234D,-0.634898858044151
M234E,-0.903319612963995
M234F,0.0179102146167625
M234G,0.307332187470349
M234H,0.680820805393569
M234I,0.121097214934983
M234K,-0.411443934538633
M234L,1.20991296004955
M234N,-0.620769599959947
M234P,-0.499138198157783
M234Q,-0.379565938721795
M234R,-0.454946631711848
M234S,-0.208246055739758
M234T,-0.337132163887644
M234V,2.77773136588259
M234W,-0.678168234021508
M234Y,-0.487061027624183
S235A,1.40685560904634
S235C,0.668089922406551
S235D,-1.49444097935175
S235E,-0.970567791502514
S235F,1.13103704680814
S235G,0.0413413087402987
S235H,-0.587556661606075
S235I,0.597763659216214
S235K,0.595263130033824
S235L,-1.94566849577451
S235M,-0.0938406277109108
S235N,-0.866627128635162
S235P,0.386908806504148
S235Q,0.391283184750188
S235R,3.78246184472901
S235T,-0.0767878333575236
S235V,0.0853130180777389
S235W,0.669662784251147
S235Y,-0.699340588487447
G236A,0.743535032400695
G236C,1.29326197248957
G236D,-0.460212013856444
G236E,0.364857257807921
G236F,0.100523365467782
G236H,-0.880163766004079
G236I,0.845960070852005
G236K,0.951216527078017
G236L,-0.0938171069149773
G236M,1.98354464700193
G236N,0.91922221045271
G236P,-1.68906128480371
G236Q,-0.186177832564272
G236R,0.396958357565376
G236S,-0.463266482807256
G236T,0.475011408470507
G236V,-0.839506187154512
G236W,0.458986190091378
G236Y,-1.12103150258975
K237A,-1.02712809842713
K237C,0.0187979692375426
K237D,-1.67864374449692
K237E,-1.83089517992384
K237F,0.209271611973802
K237G,0.10009531191049
K237H,1.34353147412463
K237I,-0.15292561456814
K237L,-0.200410191775589
K237M,-0.288686226636036
K237N,-0.566510488151719
K237P,-0.600901621150973
K237Q,-0.254510507771579
K237R,-0.259113237318646
K237S,0.301883591389122
K237T,0.354724101551812
K237V,0.646381453528227
K237W,0.10905617290652
K237Y,0.32242841865087
G238A,-0.892444832615727
G238C,-0.0357286283502253
G238D,0.0934265018758422
G238E,0.270634784884116
G238F,-0.0892114860964807
G238H,0.814252870954167
G238I,0.536742059690638
G238K,-0.347027239524986
G238L,0.349051281505899
G238M,-0.723752977869855
G238N,-0.827575261911875
G238P,-1.0153670250685
G238Q,0.909234400974018
G238R,0.313667570482599
G238S,2.01878630508868
G238T,-0.272850792103154
G238V,-0.138112541610787
G238W,1.17384582494078
G238Y,-1.08433461284646
Q239A,1.04629203748039
Q239C,0.79491492418634
Q239D,1.02667470432642
Q239E,0.701714851839923
Q239F,-0.752389996865429
Q239G,1.32920068700739
Q239H,0.927833199817396
Q239I,-0.48170274500665
Q239K,1.44008187020381
Q239L,1.8990769603163
Q239M,-1.00958127175552
Q239N,1.35907735791077
Q239P,-1.16852442265751
Q239R,-0.490354881527839
Q239S,3.10435610565414
Q239T,-0.754369389002659
Q239V,1.10650418374508
Q239W,3.43617410828373
Q239Y,0.513632044781075
Q240A,0.669029301892389
Q240C,1.02139696804113
Q240D,0.0253921704011717
Q240E,-1.10627437088087
Q240F,0.134580555725207
Q240G,0.00530508106794071
Q240H,1.10868057991301
Q240I,-1.2987140040345
Q240K,1.02134239672107
Q240L,0.284275027399132
Q240M,-0.246707087024557
Q240N,1.05332358294239
Q240P,-1.28714640373249
Q240R,1.01124256596557
Q240S,0.12949763967782
Q240T,-0.171051031453784
Q240V,1.13141297705566
Q240W,0.129629634498732
Q240Y,1.66495993515051
Q241A,-1.52771662814172
Q241C,3.13344779056428
Q241D,-1.72348701116434
Q241E,1.02387800993351
Q241F,-0.440931234295646
Q241G,1.53081159761199
Q241H,0.827257579339589
Q241I,-1.18986824268828
Q241K,1.85979766481448
Q241L,-0.0914036064352588
Q241M,-0.763764228045221
Q241N,-0.75141211653602
Q241P,1.20241392494885
Q241R,0.886895666321703
Q241S,3.13504913072136
Q241T,0.515417139503811
Q241V,-0.0891565457123911
Q241W,0.0480819045330361
Q241Y,-0.143005115820365
Q242A,0.0958159852143786
Q242C,1.46408929225176
Q242D,1.01188264441419
Q242E,0.484696764825119
Q242F,-1.08496224104723
Q242G,0.230761587332087
Q242H,-0.391755010063346
Q242I,-1.3407780528387
Q242K,-1.07281312707051
Q242L,-0.717109702991183
Q242M,0.420485959072487
Q242N,3.21420023013182
Q242P,-0.296799535140016
Q242R,1.0975968488113
Q242S,-1.0974413715364
Q242T,0.937484015153427
Q242V,0.7112587795958
Q242W,0.0630904090313441
Q242Y,3.00095850927036
G243A,0.810106605221198
G243C,0.113558937688783
G243D,1.06730612854476
G243E,0.749732641693588
G243F,0.170964231181438
G243H,1.93033751196157
G243I,0.184976660977719
G243K,0.0444780355539549
G243L,2.07718682600787
G243M,-0.127228770845056
G243N,0.0865009666404522
G243P,1.1617440952549
G243Q,-1.21883125145894
G243R,-0.370322371944695
G243S,0.0595286028131449
G243T,-1.61577555208157
G243V,0.280569624561969
G243W,-0.151671644005827
G243Y,-0.462174367260721
Q244A,0.861952791429722
Q244C,0.447116805667052
Q244D,-1.19821838254341
Q244E,0.596944406461015
Q244F,-0.802550701785794
Q244G,0.0737275854281241
Q244H,1.6652752297942
Q244I,-0.20381384301732
Q244K,0.156149892809307
Q244L,-0.842740455672597
Q244M,1.14249170176332
Q244N,0.86394389605675
Q244P,-0.232689187405413
Q244R,-0.00609661731917968
Q244S,-0.888200557697791
Q244T,0.706785374310954
Q244V,0.413705883466044
Q244W,5.12476847839194
Q244Y,-0.5690769413891
T245A,-0.928561220973537
T245C,0.0719765253172532
T245D,-0.140633731113884
T245E,-0.936169471906783
T245F,0.364465846031237
T245G,1.8979088650831
T245H,-0.848768443012574
T245I,1.61396073686778
T245K,0.464411171003027
T245L,4.2002905081098
T245M,-0.467150830033976
T245N,-0.398444403384013
T245P,-0.843687019163742
T245Q,4.06026903822022
T245R,0.581846482487622
T245S,-0.165818216707821
T245V,2.31478607032861
T245W,0.418964205044106
T245Y,0.797944816196183
V246A,0.887323412255692
V246C,1.77874909789709
V246D,0.903771940495408
V246E,-0.393858224718408
V246F,0.680054142806941
V246G,-1.00866033512409
V246H,0.757412985060208
V246I,1.9773493242004
V246K,0.472043387027429
V246L,0.0771380240369791
V246M,0.943361294594841
V246N,-0.370930375441816
V246P,0.21572119942115
V246Q,0.782941908476227
V246R,-0.336646933180007
V246S,1.23933900928978
V246T,0.308883455546968
V246W,0.677828563937751
V246Y,0.0304167360598171
T247A,-0.853830092580185
T247C,1.66919343629892
T247D,0.486984287057512
T247E,-0.257084085136865
T247F,-1.14553982454448
T247G,0.918703296409416
T247H,2.0467947906965
T247I,-0.253226193440088
T247K,0.855164356629852
T247L,1.93096832627864
T247M,1.29388607637468
T247N,-0.828554621283124
T247P,1.27530601920518
T247Q,-1.89382821903927
T247R,-0.312383302201171
T247S,-0.177398013629197
T247V,1.96589505471414
T247W,1.00446358695352
T247Y,1.13690896782296
K248A,1.44223922340499
K248C,-1.37668838894469
K248D,0.348521732335913
K248E,-0.106638238647201
K248F,-1.47117745633429
K248G,-0.443841828566881
K248H,-2.03794626577195
K248I,0.37206938080328
K248L,0.115802317617327
K248M,-0.781153264929597
K248N,0.0786297169339166
K248P,0.409497736335669
K248Q,1.50891508161244
K248R,-1.3940574812581
K248S,0.356847425143525
K248T,0.544617857267569
K248V,1.4712468276022
K248W,-0.260427093380583
K248Y,1.30992749156037
K249A,-0.860657140057852
K249C,1.35923917075225
K249D,-0.927520228518416
K249E,0.133668520017966
K249F,-2.42664122262127
K249G,0.0612281967302325
K249H,-0.942213459166415
K249I,-1.36385715846864
K249L,0.27279054301999
K249M,-0.112919420969516
K249N,0.132294641491033
K249P,-0.612233854287879
K249Q,-0.13353829260091
K249R,1.01316574899719
K249S,1.36715622739443
K249T,-0.8092718453178
K249V,0.465841701084384
K249W,0.939012859033292
K249Y,-0.269981748083667
S250A,0.350810450763097
S250C,0.462953918681587
S250D,-0.873368441239712
S250E,-0.310703584191829
S250F,-0.258525208322022
S250G,0.310993161611379
S250H,1.69829312113578
S250I,0.0122788338636876
S250K,0.587843583656162
S250L,-1.37597152525706
S250M,0.127257225362272
S250N,-0.30610493486256
S250P,-0.961118630734749
S250Q,0.110166242912327
S250R,1.49971040493182
S250T,-0.690914501624949
S250V,-1.95992182070331
S250W,-0.342808956420036
S250Y,-1.21833645260574
A251E,0.876519882850293
A251S,-1.05853333041711
A251T,-3.14860603478864
E253A,-2.80508880457167
E253C,-0.990978433213309
E253F,-2.76613516390045
E253G,0.919323351001822
E253H,-0.285981037164246
E253I,-3.24615834680038
E253K,0.696457628927885
E253L,-0.838789175452989
E253M,-1.35839561846966
E253P,-3.10192187192463
E253Q,-4.07541662634753
E253R,-0.50541534612232
E253S,-2.44325967246984
E253T,2.41912852040199
E253V,0.0731267512571966
E253W,2.13955486581577
E253Y,-3.58538676505596
A254C,0.0704094062940668
A254D,-0.095333759163967
A254E,-1.33908502548686
A254F,-1.09219372185079
A254G,-0.046383693465149
A254H,-3.05647649439277
A254I,-0.546865832841548
A254K,0.577901240106104
A254L,-1.14806664516013
A254M,-0.776386696444044
A254N,-0.770549299710889
A254P,0.317881192785224
A254Q,-3.8809317100593
A254R,1.57900187589014
A254T,-1.52962034415017
A254V,-0.109471941418975
A254W,0.94305796184098
A254Y,0.110166242912327
S255A,-0.703895244671513
S255C,-0.268650477084954
S255D,-1.45533968968754
S255E,3.30409138611646
S255F,-1.74623293480932
S255G,1.26579758406038
S255M,-0.990978433213309
S255P,-0.133822324641905
S255Q,0.450025506410852
S255R,0.385973861700604
S255T,-3.19664141367232
S255W,-1.17094724630728
S255Y,-3.58538676505596
K256A,-0.284303195198071
K256C,-2.37704938427336
K256D,-2.44485734225
K256E,-1.57197909161714
K256F,-4.07541662634753
K256H,-0.397273248807809
K256I,0.109113123409477
K256L,-0.546865832841548
K256M,-1.35839561846966
K256N,-0.867453812962586
K256P,-1.85486479091086
K256Q,1.38171560995493
K256R,-2.65336224202165
K256S,0.592609932320501
K256V,-0.323195501524275
K256W,-1.41281682838059
K256Y,-1.43088585677417
K257A,-1.08010103534042
K257C,-1.4557590050181
K257E,-1.4645343573387
K257F,-2.04410795623341
K257G,-1.29081802085906
K257H,-1.26651747413958
K257I,-2.15615777280508
K257L,-3.01217211516415
K257M,-0.403982745555252
K257N,-0.569457555873358
K257P,-1.38269632109862
K257Q,-1.14806664516013
K257R,-1.59824983936461
K257S,0.867027438925781
K257T,-0.774916415955233
K257V,-1.17692148201829
K257W,-1.17568115877023
K257Y,-3.65185727347129
P258A,-1.22052897543159
P258C,-1.48260197792841
P258D,-0.212329256288884
P258E,-1.07091806373895
P258F,-1.30893247793144
P258G,-1.00959656318256
P258H,-1.68509201550057
P258I,0.310993161611379
P258K,-0.0116908084019759
P258L,3.16141565430443
P258M,0.642754469716026
P258N,-0.26416360927163
P258Q,0.114133977152808
P258R,1.0405862891892
P258S,0.608408941338897
P258T,0.208950997998641
P258V,2.83050177080293
P258W,0.0707904353832893
P258Y,-1.15578369266579
R259A,9.71067919273087
R259C,1.26199452118678
R259D,8.03189982677792
R259E,1.18474742839416
R259F,-0.0961996316220865
R259G,5.81271298995339
R259H,-0.256738203644727
R259I,-0.820769413089351
R259K,1.03594287840608
R259L,-0.859877465310254
R259M,1.09171082217826
R259N,-0.107651537917753
R259P,0.259586499255013
R259Q,0.820922167910883
R259S,1.42431657756963
R259T,0.484276097279767
R259V,-0.263425227457333
R259W,1.75368460057862
R259Y,0.0291748706885698
Q260A,-1.43799840594115
Q260C,1.83593496419194
Q260D,0.559874373395616
Q260E,-0.702841410119964
Q260F,-0.610900559685129
Q260G,0.886048167607376
Q260H,-0.517578020723029
Q260I,-1.12852179520927
Q260K,-0.982137359520319
Q260L,-1.13430980864816
Q260M,2.85796040685754
Q260N,0.130601998284293
Q260P,-1.03982042255194
Q260R,-0.781975590219072
Q260S,0.883965508198569
Q260T,-0.618560841750617
Q260V,1.10814845555783
Q260W,0.358418406840905
Q260Y,0.341102771162405
K261A,0.691959708727362
K261C,-0.925078627360112
K261D,3.34638398145971
K261E,-0.34628712423233
K261F,1.05012094213451
K261G,0.261233331012982
K261H,-1.50901575985261
K261I,-0.406794394489277
K261L,-0.444045078000194
K261M,0.310670710512647
K261N,-0.0793970345515349
K261P,6.0502213650354
K261Q,0.100830954550013
K261R,-1.04672089415944
K261S,0.287891155842829
K261T,0.216098179373309
K261V,0.490306956511803
K261W,0.228359739653862
K261Y,3.50752683319298
R262A,0.900092438688344
R262C,9.71067919273087
R262D,9.71067919273087
R262E,2.9887402171237
R262F,5.21700473482591
R262G,9.71067919273087
R262H,2.02629103742487
R262I,-2.22473429507696
R262K,0.265543545040275
R262L,0.223751931656155
R262M,-1.68790123725903
R262N,9.71067919273087
R262P,9.71067919273087
R262Q,0.196239197726067
R262S,9.71067919273087
R262T,2.94344916767759
R262V,1.06023477657895
R262W,0.924982911836214
R262Y,4.08456233553859
T263A,-1.61422232210159
T263C,0.294363835530113
T263D,-2.56983455374679
T263E,-0.733830892141902
T263F,-1.13566153133824
T263G,-1.95341570999066
T263H,-0.117022816830071
T263I,5.2748618410053
T263K,1.53702085339035
T263L,-0.0190053558240469
T263M,-0.0559826653200527
T263N,0.1779333647243
T263P,6.06098943815674
T263Q,2.03406457234569
T263R,-0.268786239356702
T263S,-0.0102845597582814
T263V,0.0751447155556466
T263W,0.606014278241445
T263Y,-0.363042060102315
A264C,4.78797380413627
A264D,3.45559075459209
A264E,6.59627677805445
A264F,4.5625322853733
A264G,6.18998575178285
A264H,1.86760877992783
A264I,1.12618986798372
A264K,9.71067919273087
A264L,-0.587657542519298
A264M,3.34883043911204
A264N,5.746218854391
A264P,-0.253266761965915
A264Q,9.71067919273087
A264R,9.71067919273087
A264S,-0.100943775458069
A264T,-0.28468649514817
A264V,1.01046096578497
A264W,8.98317799253574
A264Y,4.1554340895246
T265A,-1.28374979162228
T265C,0.142459587883516
T265D,-1.36778840013953
T265E,0.01604107902984
T265F,0.437724807404282
T265G,-0.832049886290837
T265H,-0.10804003693292
T265I,-0.925232098708534
T265K,-0.402873305949697
T265L,0.054176211625517
T265M,-1.98775758121815
T265N,-0.307657151246156
T265P,-0.613789348290394
T265Q,-0.595916173736558
T265R,2.89089722630111
T265S,-1.47558234603769
T265V,-2.53453643580108
T265W,1.4345126259393
T265Y,1.77893951900247
K266A,-1.12530022668068
K266C,1.21756593149024
K266D,-2.06149712935185
K266E,-0.107037259550706
K266F,0.528560207104805
K266G,-1.20952426752658
K266H,0.918089642757048
K266I,2.04385464591389
K266L,-0.571474129262396
K266M,-0.460898077924941
K266N,-0.433017334103038
K266P,0.0796694581427374
K266Q,0.445550559888628
K266R,2.02164813011652
K266S,-0.910453847290751
K266T,-2.15285690228207
K266V,-1.03395890917159
K266W,-0.0472142325293303
K266Y,2.36697266634121
A267C,2.58790281159108
A267D,-0.776641245961215
A267E,-0.0239185978239488
A267F,-0.871524326270457
A267G,0.112876203237833
A267H,0.0184070153324871
A267I,-0.928164278748177
A267K,1.42149629516485
A267L,0.253654412664321
A267M,0.141483418157047
A267N,-1.77734251425148
A267P,0.329441611832922
A267Q,0.255673653582873
A267R,5.42995262119342
A267S,0.759684539970756
A267T,-0.239444963374575
A267V,-0.648306082412096
A267W,3.15829145232541
A267Y,-0.248534602066839
Y268A,-1.23441073628147
Y268C,-1.17156499080479
Y268D,1.63353842054442
Y268E,1.03622582390053
Y268F,1.29659078844421
Y268G,2.86628568292965
Y268H,-2.57735772250008
Y268I,1.9461589834082
Y268K,-0.577889972169106
Y268L,-1.99591993958962
Y268M,-1.26913555537487
Y268N,4.2156004851731
Y268P,0.906502517389562
Y268Q,1.08302592411869
Y268R,-1.43834690455765
Y268S,-0.743723843075123
Y268T,-1.14135004962379
Y268V,-0.649386678322904
Y268W,-3.97206587660616
N269A,-1.00289571674444
N269C,4.01468553250666
N269D,1.14649073332358
N269E,-0.519804906177377
N269F,1.44045089231585
N269G,1.31608425152994
N269H,-0.237303155399165
N269I,1.16298002555979
N269K,1.25168687817399
N269L,-0.295770029301509
N269M,-0.0216555075970212
N269P,-1.45699855592929
N269Q,-2.62319982479127
N269R,0.180110145206033
N269S,-0.236033224765754
N269T,-0.398809918624777
N269V,1.03192838454181
N269W,5.92703120956905
N269Y,2.31911729649775
V270A,-0.047858697993262
V270C,1.10303935911457
V270D,0.0394879171597296
V270E,-1.03561300007057
V270F,0.162058091229036
V270G,-0.381379696001698
V270H,0.536418806732247
V270I,-0.376601731926153
V270K,2.074661006195
V270L,-0.189278609105443
V270M,-0.0156991471516022
V270N,-1.47994433198099
V270P,-0.927900588238463
V270Q,0.900737000997083
V270R,1.65574131341066
V270S,0.0916678452234632
V270T,4.73899738058727
V270W,-0.4680599625639
V270Y,-1.40657941517075
T271A,1.22538179884154
T271C,2.24939258375941
T271D,-0.0518580684211454
T271E,0.680101027426318
T271F,3.3333690114489
T271G,0.497193013313371
T271H,0.368748720103691
T271I,2.27602948101053
T271K,0.511793596927541
T271L,0.918135487904661
T271M,-0.0743457609521403
T271N,0.365646426674351
T271P,0.306684408294586
T271Q,-0.311981404942685
T271R,2.3414545265276
T271S,0.668767581153876
T271V,0.889136475439757
T271W,1.10212241730417
T271Y,1.57732726145371
Q272A,-0.307665411602086
Q272C,-0.378422056530297
Q272D,-1.87472219722314
Q272E,0.615362984857074
Q272F,-0.947295137092772
Q272G,1.72877506950643
Q272H,-2.52856429798605
Q272I,0.224262010731287
Q272K,1.12022066918149
Q272L,-0.82371931249581
Q272M,0.56477831408324
Q272N,-1.71176666325996
Q272P,-0.104096848526891
Q272R,1.14762473070363
Q272S,0.192159929068436
Q272T,0.976806849908892
Q272V,-0.0129474876153794
Q272W,-0.849599950474089
Q272Y,-1.76472824805146
A273C,-0.593722156105697
A273D,-0.226681708341423
A273E,5.02206039146968
A273F,-0.860253861782927
A273G,-0.261361510609887
A273H,1.66327319484858
A273I,-1.22206958029615
A273K,2.73408173926915
A273L,0.34567158837723
A273M,-1.22491116026833
A273N,1.01086061437809
A273P,-1.40657941517075
A273Q,-1.99875013840455
A273R,3.21556278223025
A273S,-1.30076742977601
A273T,0.301800597273204
A273V,-2.12768101133526
A273W,0.615096787004403
A273Y,0.923978468821981
F274A,1.55982440334971
F274C,2.07784665522239
F274D,0.582015330017787
F274E,1.69921939648209
F274G,0.861135788941857
F274H,2.72435033368112
F274I,-0.987561033692881
F274K,-0.892651341843147
F274L,-0.207325747657918
F274M,2.55614231037505
F274N,-0.0411374114848542
F274P,0.371396120494461
F274Q,1.15792388493405
F274R,0.024194157583759
F274S,1.70502408216313
F274T,1.80267945684712
F274V,3.34685197401305
F274W,-0.141571679987642
F274Y,-1.4999769407399
G275A,-1.22927024049814
G275C,1.38010636472902
G275D,-1.17124871756684
G275E,1.35735660972401
G275F,3.30429635870695
G275H,1.79036844955878
G275I,0.298188367798949
G275K,2.47727229297647
G275L,-0.140380223701832
G275M,-1.65819475749386
G275N,0.309154579852139
G275P,-1.65162060679899
G275Q,-2.34456997796329
G275R,0.359997940520714
G275S,-2.48526337185531
G275T,-0.100732039261272
G275V,-0.0331246723328405
G275W,-1.18689288484222
G275Y,-0.732754189272195
R276A,-0.182955086215069
R276C,1.4997805124778
R276D,-1.34327998217618
R276E,-0.49337156454326
R276F,-0.465452770461229
R276G,-0.958852523377236
R276H,0.963784092795293
R276I,-0.306861876853917
R276K,1.33145351319053
R276L,-1.96773786404843
R276M,2.08958104466113
R276N,2.54681907744766
R276P,0.244559903401366
R276Q,0.0110157733348982
R276S,-1.145733849188
R276T,-0.0914296094334508
R276V,-1.04318228813167
R276W,-0.125712475165919
R276Y,-0.273937396679499
R277A,1.24397289402208
R277C,3.00898079044324
R277D,-2.36836093462642
R277E,0.459423719677627
R277F,-0.838789175452989
R277G,0.433441169352866
R277H,3.50344433145712
R277I,-0.0560818315160779
R277K,-1.88086780968343
R277L,-1.47204238402053
R277M,0.669800683570829
R277N,-0.334176295562068
R277Q,-0.787869360091034
R277S,-1.61351009207838
R277T,-0.611357466529012
R277V,1.15767488903276
R277W,-0.299627936353653
R277Y,-0.470602001873644
G278A,1.30146899763061
G278C,-0.152974083079147
G278D,0.472014492603033
G278E,-1.47744276003071
G278F,-0.0494867611626643
G278H,-0.613634091844907
G278I,1.19247821753593
G278K,2.44800450848525
G278L,-0.436208507663852
G278M,4.36899265011166
G278N,2.16483420689059
G278P,0.250131333486906
G278Q,0.0518397461554263
G278R,1.34671052806542
G278S,0.394393534672814
G278T,-0.657319007100291
G278V,-0.122886697295863
G278W,2.66124833086304
G278Y,0.866147648210257
P279A,0.361177463773189
P279C,-0.0238520563263374
P279D,1.06904338219595
P279E,0.321879691552674
P279F,3.27882150906204
P279G,-0.306239175693267
P279H,-2.66262153558771
P279I,-0.690431346160027
P279K,0.472498590556384
P279L,0.717253856574639
P279M,1.08918867026934
P279N,-0.849039575536075
P279Q,0.0918241936098793
P279R,-0.144808067377863
P279S,-0.464979624531179
P279T,9.71067919273087
P279V,-0.409545487318576
P279W,1.49903888444241
P279Y,-0.00582535712784791
E280A,9.71067919273087
E280C,9.71067919273087
E280D,9.71067919273087
E280F,9.71067919273087
E280G,9.71067919273087
E280H,7.47760699689758
E280I,9.71067919273087
E280K,9.71067919273087
E280L,9.71067919273087
E280M,9.71067919273087
E280N,9.71067919273087
E280P,-0.39815116335814
E280Q,9.71067919273087
E280R,9.71067919273087
E280S,9.71067919273087
E280T,9.71067919273087
E280V,9.71067919273087
E280W,9.71067919273087
E280Y,9.71067919273087
Q281A,1.76923262779603
Q281C,-0.0942069282486317
Q281D,-0.000594752795491551
Q281E,0.450994114322841
Q281F,0.574873749895515
Q281G,0.839814223795112
Q281H,-0.465264600272226
Q281I,-1.95341570999066
Q281K,0.261140904643627
Q281L,2.40157435708053
Q281M,2.50150971056916
Q281N,0.59907513043648
Q281P,1.17540911348473
Q281R,1.44937576488365
Q281S,0.102963897841893
Q281T,1.56061980991914
Q281V,-0.448019611063606
Q281W,-1.775795383924
Q281Y,0.372147760785634
T282A,-1.3021267471447
T282C,9.71067919273087
T282D,9.71067919273087
T282E,9.71067919273087
T282F,9.71067919273087
T282G,1.02042243924703
T282H,9.71067919273087
T282I,3.26795325615088
T282K,9.71067919273087
T282L,8.80773891014593
T282M,-0.348915736383209
T282N,0.897786669176224
T282P,0.097485268998902
T282Q,-0.79999804642195
T282R,9.71067919273087
T282S,0.831744616055243
T282V,0.110363762099958
T282W,9.71067919273087
T282Y,9.71067919273087
Q283A,-2.07785767046244
Q283C,3.40400895841701
Q283D,1.06607212718864
Q283E,0.300998577975356
Q283F,1.0127182847133
Q283G,0.182642361035243
Q283H,0.827426478153084
Q283I,0.504748790099646
Q283K,0.216967392875831
Q283L,-0.721852980770847
Q283M,0.756798834475863
Q283N,-0.375823250574326
Q283P,-0.509937260602309
Q283R,9.71067919273087
Q283S,-1.92122292221356
Q283T,-0.0380243738384975
Q283V,-2.18805345526838
Q283W,-0.303715326574269
Q283Y,0.874860589753301
G284A,-0.760984384761373
G284C,1.12664366821709
G284D,-1.06107994459909
G284E,4.71586116625568
G284F,-1.39989162783614
G284H,0.202038136319114
G284I,3.76626994139706
G284K,1.21813374185909
G284L,-0.767772574659523
G284M,-0.433312650398053
G284N,-0.646972841941248
G284P,-3.36700173056555
G284Q,0.305680087398225
G284R,1.93343877592964
G284S,-0.643850058247413
G284T,0.607308149295412
G284V,-2.17646976077134
G284W,-0.567226357054363
G284Y,-0.48600373730907
N285A,1.13732674798186
N285C,-1.63391103641652
N285D,0.753773149408633
N285E,0.936325907140921
N285F,-0.317394509487351
N285G,2.81729069349504
N285H,1.01208666150457
N285I,-0.947023504457059
N285K,-2.43616971005344
N285L,-0.355058846704922
N285M,0.679637473507446
N285P,1.75081235167911
N285Q,1.66426913665455
N285R,-0.764936468067035
N285S,0.873986529405132
N285T,-0.123636767109932
N285V,0.0262627543251791
N285W,0.415546359026811
N285Y,1.03162261617964
F286A,9.71067919273087
F286C,-2.65093149080789
F286D,1.74927860312417
F286E,-0.797360827601402
F286G,-0.865866071313932
F286H,-0.162140694501973
F286I,-0.815132466156859
F286K,1.86381559334059
F286L,-0.525110172327089
F286M,3.08839448090047
F286N,-2.2239124331731
F286P,1.94859853789894
F286Q,1.45922100053229
F286R,1.69080667613118
F286S,-0.57703428877335
F286T,-3.01217211516415
F286V,2.53682898447447
F286W,5.85529426348908
F286Y,-1.08812874310263
G287A,-0.904595729899915
G287C,-1.89748787167439
G287D,1.68875454686031
G287E,-1.81099253122159
G287F,3.91706068959459
G287H,2.13871075610222
G287I,4.57216934702605
G287K,3.83731045493505
G287L,3.82644453342423
G287M,0.855301978763304
G287N,0.917172613882581
G287P,4.22867039175054
G287Q,-2.15746859772575
G287R,-0.259226561576678
G287S,-0.124345852238756
G287T,-1.02228874121974
G287V,1.55692344933391
G287W,1.04228848111126
G287Y,-2.51119306690221
D288A,-0.573305475446631
D288C,3.30725248249095
D288E,0.198869517405236
D288F,1.17800766623971
D288G,1.6883122878804
D288H,-0.902786647207424
D288I,1.79341369337361
D288K,-0.0266560697081003
D288L,1.54298498963999
D288M,-1.69043279098832
D288N,-0.0882717485307038
D288P,-1.26365876623152
D288Q,0.872424099983213
D288R,-0.299419308071687
D288S,-1.7290110603478
D288T,-1.77293245532719
D288V,0.29130997991466
D288W,3.81703087585959
D288Y,0.0878615361883033
Q289A,0.971093217875592
Q289C,2.33431779999619
Q289D,-0.694044326022185
Q289E,0.84426256149089
Q289F,0.651171803786148
Q289G,-2.22999257536174
Q289H,1.93001373633474
Q289I,0.128986983551203
Q289K,-0.00787180394678196
Q289L,3.57380699271225
Q289M,-0.598655242656151
Q289N,1.61876356529449
Q289R,0.0185792804261427
Q289S,-0.0471804951078829
Q289T,0.754551418142926
Q289V,-0.89008256008145
Q289W,-0.0418213934868431
Q289Y,1.08811816484869
E290A,-0.786747479383757
E290D,0.111981047713154
E290F,0.0553888129543564
E290G,-2.92665373889855
E290H,-0.777614839107356
E290I,0.143323304787522
E290K,-1.0184053154822
E290L,-1.19295056277901
E290M,1.40193261953861
E290N,1.21106483658724
E290P,-2.01034208684785
E290Q,0.637513437155966
E290R,-1.56845002462648
E290S,2.14992709564563
E290T,-0.117037827324688
E290V,-0.416534453054921
E290W,-0.348333819070252
E290Y,0.00249107078684563
L291A,-0.591379984513057
L291C,0.94305796184098
L291D,0.369628733959367
L291E,-0.984615757683691
L291F,0.743860756164527
L291G,0.767940528668437
L291H,2.32310147451352
L291I,-1.11809909192618
L291K,1.04308370771806
L291M,-0.804504923937564
L291N,2.152782865689
L291P,1.51112287995597
L291Q,0.113711445987174
L291R,2.10017295927733
L291S,3.90381019043466
L291T,1.55060142106714
L291V,-1.6567143978912
L291W,-0.262882151619821
L291Y,-1.14271504768316
I292A,-0.564014672518725
I292C,2.58159200024036
I292D,-1.2209687310666
I292E,-1.75452873184291
I292F,2.14234386090869
I292G,3.74461077307634
I292H,2.78512695083887
I292K,-0.433514163616373
I292L,-0.116624535790921
I292M,-0.377127768524084
I292N,-1.58060071499556
I292P,3.52805295088242
I292Q,-0.831751299472433
I292R,0.18931268418955
I292S,-1.23563801968367
I292T,-2.28539082678266
I292V,-0.277796230531448
I292W,-1.43392204904873
I292Y,-0.836411711485947
R293A,-0.379781146955608
R293C,2.11287522459142
R293D,-1.82575813841243
R293E,-0.244601834146164
R293F,-1.12833650189126
R293G,1.60848937695414
R293H,-0.611229495863605
R293I,0.138600334707127
R293K,1.46929362028618
R293L,0.206305205700706
R293M,-1.19716472537988
R293N,-0.455214916161731
R293P,2.81792673755758
R293Q,-1.46498576961352
R293S,-0.538171391447254
R293T,-0.179506802475097
R293V,-0.797180672119717
R293W,-0.29784054352348
R293Y,-0.8278971066251
Q294A,1.73375296742238
Q294C,-1.53263221873232
Q294D,0.295843186527521
Q294E,-1.49425839113244
Q294F,-0.275392172580942
Q294G,-0.172496753426997
Q294H,-0.772607957655493
Q294I,1.17407239539181
Q294K,0.522473924684495
Q294L,-0.416673709425171
Q294M,0.124322075147854
Q294N,1.04876403815009
Q294P,-0.513302940834813
Q294R,-0.579617678476059
Q294S,1.23983402955429
Q294T,-0.541869246728527
Q294V,-0.750606025314335
Q294W,0.820986626379395
Q294Y,1.35917607506399
G295A,0.324545830684269
G295C,1.21916014280097
G295D,-0.124911915234397
G295E,-1.03997164918658
G295F,1.79661866725959
G295H,3.22400662457878
G295I,3.03925653924456
G295K,-1.40766872278328
G295L,-0.243479068960088
G295M,-0.0200720875595135
G295N,2.97301651109914
G295P,0.682726410554862
G295Q,-1.02688217264566
G295R,1.26509336284322
G295S,-0.471681384187475
G295T,-2.97952454504523
G295V,1.26306977946184
G295W,-1.92042785912559
G295Y,1.7503822925493
T296A,2.66805125127224
T296C,1.83534804561711
T296D,-2.28077948357823
T296E,-1.38201694400593
T296F,-2.21844784102536
T296G,1.69889442389952
T296H,-0.273048773044707
T296I,-0.577976622579847
T296K,-1.4912222482275
T296L,1.18974027834759
T296M,-1.308409786805
T296N,-1.5459455017577
T296P,-0.581213752520823
T296Q,-1.48054635880106
T296R,-0.912116369492637
T296S,0.366366921005432
T296V,9.71067919273087
T296W,-0.340734553181407
T296Y,-0.0168155824233016
D297A,0.550909574797354
D297C,-1.6611409765196
D297E,2.11629364262928
D297F,-1.38506035279582
D297G,0.795036286210661
D297H,-0.548105767712429
D297I,-0.406160339084127
D297K,-0.410050016144331
D297L,-1.17836989144182
D297M,0.942056578055041
D297N,1.30799714487099
D297P,-0.753794297885937
D297Q,-0.10175410862313
D297R,-1.65544850850985
D297S,-0.214112282481982
D297T,-0.423456271635037
D297V,-0.718465051583901
D297W,-1.34409593639687
D297Y,0.66999262931769
Y298A,-0.675523204854614
Y298C,3.2225701160178
Y298D,-0.466108253406854
Y298E,0.639413303623808
Y298F,-0.868954283678975
Y298G,0.2202924393729
Y298H,-1.0693427615537
Y298I,-0.610009814686038
Y298K,-0.865970391312858
Y298L,1.78728053458564
Y298M,0.950138795454906
Y298N,2.15551143386184
Y298P,5.00843936502806
Y298Q,4.54083888400306
Y298R,0.133757280614136
Y298S,0.653119518908644
Y298T,0.507433488720364
Y298V,1.92966687842984
Y298W,-1.01095104321605
K299A,-0.00780571525033291
K299C,3.41120363306292
K299D,-0.0673120522471101
K299E,-0.139625470403793
K299F,-0.0472348086658275
K299G,-0.114581693009634
K299H,-0.182682382603882
K299I,-0.0823389503274395
K299L,-0.540814968514728
K299M,-0.660900848109852
K299N,-0.551321245772624
K299P,-0.216389595056443
K299Q,0.642606681668161
K299R,0.283485677661203
K299S,-0.315696812497641
K299T,-0.265561099630703
K299V,1.94698927454743
K299W,0.574292525315837
K299Y,0.56773000452436
H300A,-1.23594538801672
H300C,0.628388662785656
H300D,0.401439266426238
H300E,0.0640826461924199
H300F,0.82737627031002
H300G,-0.527972999725585
H300I,0.100327487691817
H300K,0.0277502186633671
H300L,0.533956781894432
H300M,0.648032854109465
H300N,0.377824611412218
H300P,-1.06659598808297
H300Q,-1.06373674156493
H300R,0.833875203879509
H300S,-1.22212769907683
H300T,-0.610188974055384
H300V,0.0356081116446974
H300W,0.0871154978725376
H300Y,0.721002106606535
W301A,-0.817412384029562
W301C,3.79481850836405
W301D,-0.422491514381231
W301E,1.98828263254064
W301F,-1.24087677297582
W301G,-0.326701062421743
W301H,0.387977789640416
W301I,1.69280670970916
W301K,0.309514080652994
W301L,-0.752554387950855
W301M,-0.0105492535378937
W301N,1.26143813914381
W301P,3.49210996153552
W301Q,1.17695214033946
W301R,3.82463375571281
W301S,-2.47702738806203
W301T,2.01707294866492
W301V,3.00292390332642
W301Y,3.47457140329717
P302A,0.580070676631513
P302C,-1.25171217418277
P302D,-0.510614192052168
P302E,-0.429414382060157
P302F,-0.0126702199477445
P302G,0.569744818602375
P302H,0.696095295009006
P302I,-0.490002095807767
P302K,0.0377368474315805
P302L,-1.14474564022874
P302M,-0.400643668255543
P302N,0.512326616627196
P302Q,-0.729961091723691
P302R,0.267139386671233
P302S,1.0838506567069
P302T,0.363363037845982
P302V,-0.578078275318706
P302W,0.250957354660445
P302Y,0.753816420914527
Q303A,2.25076579560895
Q303C,-0.450374309909744
Q303D,-0.0680958154133017
Q303E,0.406964728713878
Q303F,1.15747986592497
Q303G,-1.16314125238324
Q303H,-0.891027694675526
Q303I,0.371086282104602
Q303K,0.812929715445416
Q303L,0.5791260684307
Q303M,-0.180113900981121
Q303N,0.0618525637918231
Q303P,1.10483830018023
Q303R,0.217068888893616
Q303S,0.150632649239153
Q303T,-0.273706740886031
Q303V,0.636438374782266
Q303W,0.0363622276669545
Q303Y,0.620923827519752
I304A,0.870255771545742
I304C,0.151718136804312
I304D,1.03675073850312
I304E,9.71067919273087
I304F,0.194059380416715
I304G,2.31714236790815
I304H,1.17612994870193
I304K,-1.72399473467335
I304L,0.0512080371801342
I304M,0.000425733398185815
I304N,-0.347617544296096
I304P,2.76252556993921
I304Q,2.57657787034507
I304R,4.9789041410636
I304S,-0.15026495603309
I304T,0.846919680773829
I304V,-0.0688500366235833
I304W,0.136557486788182
I304Y,1.69523449998552
A305C,0.606751947602807
A305D,-0.644482525189535
A305E,-0.428709423671163
A305F,2.73097813871377
A305G,-3.97206587660616
A305H,0.939096350901052
A305I,0.418960425557848
A305K,0.475125546778218
A305L,-0.197827223275887
A305M,-0.279059768305698
A305N,0.734623811698221
A305P,-1.17094724630728
A305Q,0.0384508660420331
A305R,0.469096687713042
A305S,-0.524635015805358
A305T,-0.967727821913063
A305V,-0.702165015693426
A305W,0.0360239634359912
A305Y,0.782869597290107
Q306A,0.227812925926445
Q306C,-0.17861435977962
Q306D,-0.873431719403249
Q306E,-0.964615629584472
Q306F,-0.207251647234753
Q306G,0.224929553473658
Q306H,-0.261715841481097
Q306I,-0.104436508378985
Q306K,-0.547238749564218
Q306L,1.2831428685631
Q306M,-0.585734528237826
Q306N,-0.102835919224649
Q306P,0.730536107433836
Q306R,-0.79420965997019
Q306S,1.05653943901326
Q306T,-0.249519439819452
Q306V,0.768949258718906
Q306W,-0.321680435435714
Q306Y,1.4915520146479
F307A,-0.709199857983026
F307C,2.32161329792658
F307D,1.64914928477414
F307E,3.81935308744045
F307G,0.960722948476311
F307H,-2.87083008237996
F307I,1.30959800591066
F307K,-0.16158229031334
F307L,1.1956372047335
F307M,1.15521790659762
F307N,0.128622534983574
F307P,-0.0465790019140334
F307Q,1.46509105042866
F307R,0.877260129937231
F307S,5.01674672048605
F307T,-0.988789567252683
F307V,-1.05099172045835
F307W,0.0463447535450634
F307Y,0.246702322781938
A308C,5.28412355956226
A308D,-0.795426236243472
A308E,2.17050087677979
A308F,1.50402549769906
A308G,-0.861216249791857
A308H,-2.14423062900702
A308I,0.0135191638748054
A308K,0.939067792276794
A308L,-0.120311560841248
A308M,0.298002469711909
A308N,0.0904275945602437
A308P,0.344814132436583
A308Q,0.41473806448387
A308R,-1.21706030822604
A308S,1.30908103642586
A308T,-0.204988686593039
A308V,-1.21954417123431
A308W,1.85736309441876
A308Y,0.147037302703314
P309A,-1.21294981319514
P309C,2.46656749168281
P309D,1.67174173859036
P309E,-0.914472925213409
P309F,2.96684426840734
P309G,1.66445552689723
P309H,-1.299111637913
P309I,0.612956630652107
P309K,3.89345899348121
P309L,2.23647039903723
P309M,0.537357655102165
P309N,0.752061916679794
P309Q,2.3745277187861
P309R,4.01535312107706
P309S,2.52835980925267
P309T,5.76462547194335
P309V,9.71067919273087
P309W,-1.33451199542931
P309Y,4.54920257749226
S310A,-0.359665645970521
S310C,5.15391024538652
S310D,-0.535818892974182
S310E,-1.90033295376812
S310F,0.0731267512571966
S310G,0.91327862635813
S310H,-0.812900950016677
S310I,0.492797321834934
S310K,1.51616154162818
S310L,-0.787577672054886
S310M,1.83516039080943
S310N,-1.20126821491966
S310P,-0.161532075321943
S310Q,3.20036484684778
S310R,-0.753794297885937
S310T,0.177772777301148
S310V,0.374675930149945
S310W,1.38171053009316
S310Y,0.299647085198683
A311C,0.0933999383960767
A311D,-0.751488841608509
A311E,-0.136491277920578
A311F,0.363513607789802
A311G,-0.309169128636853
A311H,-0.598534359045799
A311I,3.27917241787554
A311K,-0.893408728921443
A311L,0.882655456510983
A311M,0.888613932065499
A311N,-0.312986460246241
A311P,3.00006684842118
A311Q,0.613672756051492
A311R,1.68342833367937
A311S,-0.510518171652803
A311T,-1.43220161695386
A311V,0.825652225143535
A311W,2.98358888032151
A311Y,0.666502448008365
S312A,-1.45231918657233
S312C,2.78713947149623
S312D,-0.556181991645841
S312E,-1.45526279808431
S312F,-0.687805507153185
S312G,-0.737093850340122
S312H,2.86544286671629
S312I,0.787784572594909
S312K,0.364975331931631
S312L,-0.725947140356994
S312M,-1.01396906506602
S312N,1.12664366821709
S312P,-0.572428482832268
S312Q,3.24959220663643
S312R,-0.118624364874632
S312T,4.8304469435934
S312V,0.417236465769972
S312W,0.405112555611629
S312Y,2.40887898557005
A313C,-1.21706030822604
A313D,3.1088259898376
A313E,-1.26618990686522
A313F,0.161545233367947
A313G,-0.913528113897466
A313H,1.56865432016912
A313I,1.37936440584081
A313K,0.64162667332003
A313L,-1.66027469656081
A313M,5.01954304698797
A313N,3.06803624035091
A313P,8.49922926383475
A313Q,-0.181633609954212
A313R,0.119438884163967
A313S,3.42819482694352
A313T,-1.2309058062319
A313V,-1.5070951923486
A313W,6.56345445288753
A313Y,-0.446084670012227
F314A,-0.200843266982893
F314C,-0.259282473359367
F314D,1.02409319963884
F314E,1.37642216934067
F314G,0.423665054602362
F314H,0.55176633858466
F314I,0.835721945387961
F314K,-0.939166889114359
F314L,-1.19105798673497
F314M,0.730241359960138
F314N,0.202038136319114
F314P,0.534549285565147
F314Q,-0.945225462467141
F314R,-0.608160537311731
F314S,4.17578772678587
F314T,1.0096914054224
F314V,-1.63094708627648
F314W,1.64329740026088
F314Y,4.5486339241518
F315A,-1.60535837986962
F315C,2.71237283202806
F315D,-0.47036531621862
F315E,3.4896277497134
F315G,0.364607424790824
F315H,-0.16567216975564
F315I,-0.200471617227653
F315K,1.66081117077913
F315L,1.49554362257985
F315M,-1.02345796589304
F315N,2.34116254109563
F315P,0.454257219935269
F315Q,0.228604249370924
F315R,2.63017105095999
F315S,1.48461634120457
F315T,1.42980744029824
F315V,1.29588852551306
F315W,-1.20610451157484
F315Y,-2.09666140602481
G316A,-1.16897211720985
G316C,3.52397045532508
G316D,0.337246577742223
G316E,-1.46708221996855
G316F,-0.663460425136847
G316H,0.317584250711413
G316I,1.46633023590453
G316K,-1.66370355743972
G316L,3.19415959280814
G316M,1.17695214033946
G316N,-1.67502321380885
G316P,0.318103576737426
G316Q,-0.327962243741015
G316R,0.232196735683928
G316S,-1.53516349609088
G316T,-0.197429737597475
G316V,0.177798614923607
G316W,0.906293731416679
G316Y,1.28037712485076
M317A,-0.612371988371857
M317C,8.08078909378496
M317D,0.480158212011019
M317E,-0.768268003785138
M317F,0.0706775567675828
M317G,-0.257753306852504
M317H,-1.61162395834647
M317I,0.182719955368026
M317K,-0.506352301203867
M317L,-0.388231344531043
M317N,-2.99087199804813
M317P,3.875543764449
M317Q,-0.801700207466818
M317R,-1.66659308376631
M317S,-2.91660631492043
M317T,0.913313044534595
M317V,-1.08868083343493
M317W,-0.0768132417172264
M317Y,-0.70795925262972
S318A,0.978580353307927
S318C,0.632157790323459
S318D,0.351847806011152
S318E,-0.15292561456814
S318F,4.6525482259927
S318G,2.04921800582172
S318H,-1.03866197819085
S318I,5.71481568786584
S318K,3.94894428919864
S318L,2.86438849165675
S318M,9.71067919273087
S318N,3.13678067622024
S318P,-0.889241256685998
S318Q,0.0557023222453007
S318R,-1.67667195871702
S318T,3.84548113308705
S318V,1.58017960797602
S318W,3.33209574984965
S318Y,3.73809281746354
R319A,-0.288459011296341
R319C,2.41328708431801
R319D,2.67160442364936
R319E,0.0397156591544008
R319F,0.0789097366791201
R319G,1.27359518929578
R319H,-0.567226357054363
R319I,0.797610395543963
R319K,2.18565334333815
R319L,-0.506352301203867
R319M,-0.140327040007821
R319N,1.37084366773543
R319P,-2.24943826426787
R319Q,-1.26344101911411
R319S,2.7028919895399
R319T,-0.658781435164034
R319V,1.31237538074585
R319W,1.44326048955121
R319Y,0.309387360723578
I320A,-0.881808009351875
I320C,1.19008351144736
I320D,0.347016640894273
I320E,1.5856656762546
I320F,2.63051624649428
I320G,-0.643137254666036
I320H,-2.69030980393626
I320K,1.3847993759784
I320L,-3.08163986426018
I320M,0.717552057534828
I320N,-1.45187430373413
I320P,1.2723640131526
I320Q,-0.205494763377599
I320R,3.30047702370801
I320S,-1.99292851387619
I320T,-0.567226357054363
I320V,-0.197119886951494
I320W,-0.21054659953618
I320Y,-0.147812527377544
G321A,-0.00108657018581697
G321C,1.45173275978177
G321D,-0.229570006852426
G321E,6.17366750485155
G321F,-0.803840843481862
G321I,0.295426658080568
G321K,0.433057607845697
G321L,1.26373488210398
G321M,0.0593314913898586
G321N,-0.976085210607754
G321R,0.322539673179622
G321S,-0.153908940582975
G321T,-0.408289010186588
G321V,0.72271393833621
G321W,2.64167613698941
G321Y,-0.171745021123187
M322A,0.11291139343892
M322C,1.79981572273529
M322D,-3.19664141367232
M322E,0.467735108142805
M322F,0.444748853218174
M322G,0.752061916679794
M322H,2.7418222391982
M322I,0.930914698637285
M322K,-1.52519192526756
M322L,-1.05766397203007
M322N,1.17571191561049
M322P,-1.05128660393463
M322Q,0.606776063148871
M322R,0.344814132436583
M322S,0.563353224707472
M322T,0.541376199896807
M322V,2.20681509306682
M322W,0.0501882465251022
M322Y,2.51263008215554
E323A,0.221799959998353
E323C,3.43508026466944
E323D,0.662802911100046
E323F,1.14888355405386
E323G,0.183701127152885
E323H,-1.60535837986962
E323I,0.045459963834403
E323K,2.2194153078141
E323L,-1.13591478372709
E323M,-0.685390017571488
E323N,5.30758164169407
E323P,0.642724068668495
E323Q,0.274975270021401
E323R,0.952179328565988
E323S,0.828146271030735
E323T,0.199915292358484
E323V,0.383580403563966
E323W,0.720401167988573
E323Y,-0.0108188490874571
V324A,0.549712733838808
V324C,2.97636507638787
V324D,0.522657455780677
V324E,0.406451477289764
V324F,-0.14410054712245
V324G,0.454559213915979
V324H,-0.976021157323297
V324I,1.21798847136539
V324K,0.450572744182066
V324L,0.841119064381389
V324M,-1.72377278451133
V324N,0.44144340224646
V324P,-0.80484030489059
V324Q,-0.235244537737342
V324R,-0.176345983938244
V324S,-0.37530400190627
V324T,-0.122928929449704
V324W,0.744447300640895
V324Y,-0.070923210028858
T325A,2.21270866212669
T325C,1.27052701888839
T325D,0.6702365668662
T325E,-0.454067465139917
T325F,0.198756465156636
T325G,2.49621744963294
T325H,1.80036707194275
T325I,0.940557627414014
T325K,2.46244871669476
T325L,0.580802501349745
T325M,0.962397364427579
T325N,-0.686266820063637
T325P,-0.631681968549098
T325Q,0.755162006008351
T325R,2.63128441581309
T325S,-1.21066283178025
T325V,3.65078584395196
T325W,0.340655818937196
T325Y,-0.804804322048221
P326A,0.525513463065243
P326C,3.92693377187027
P326D,0.290239807769817
P326E,4.54612322948061
P326F,0.353735165775092
P326G,-0.190309558602652
P326H,-0.012752362526387
P326I,0.664974386168195
P326K,1.54978563475836
P326L,0.958149318494415
P326M,-0.964373026999625
P326N,2.76853967869758
P326Q,0.509323365630746
P326R,-0.0643424415333689
P326S,0.614757396531581
P326T,0.12731781729607
P326V,-0.95684590610662
P326W,2.06575001281731
P326Y,-0.863336578756536
S327A,-0.148614368620293
S327C,6.01032176244532
S327D,2.23464850702915
S327E,2.21364345577627
S327F,1.08917604294721
S327G,0.479635802066205
S327H,-1.50082692793056
S327I,-0.708239451551718
S327K,-0.0946677611230514
S327L,-0.430824072330624
S327M,1.95790729152692
S327N,9.71067919273087
S327P,-2.2763765153611
S327Q,-1.91828203861916
S327R,-1.11317059780818
S327T,-2.82385551870008
S327V,-1.01587308573694
S327W,-0.888943052491911
S327Y,2.03734261442874
G328A,1.46673308569925
G328C,0.624002569292579
G328D,-0.576249900652645
G328E,0.478928848979117
G328F,-1.19040024253385
G328H,-0.411848753048411
G328I,5.203718723215
G328K,0.791536886030464
G328L,-1.13037641042761
G328M,0.998001321830789
G328N,-0.344737865294373
G328P,1.22246359201643
G328Q,0.998694938939099
G328R,-0.410240796395939
G328S,-1.56283755917142
G328T,-0.0292805581652378
G328V,0.602555640634748
G328W,1.04786646557821
G328Y,-0.908413507884324
T329A,0.848711744331004
T329C,0.521996339071811
T329D,0.147935993099699
T329E,-1.31512711103431
T329F,3.87044965441842
T329G,-0.979087906375131
T329H,1.32704922449468
T329I,2.30777890085818
T329K,3.51611617424531
T329L,0.0607420057554751
T329M,1.5505782779168
T329N,-0.212218924889817
T329P,-1.95467361522502
T329Q,0.586491571054578
T329R,-0.895264768309126
T329S,2.26051207005331
T329V,1.37986005822808
T329W,-0.894188445238696
T329Y,-0.514525242363088
W330A,1.54419553332458
W330C,9.71067919273087
W330D,3.14958708698984
W330E,9.71067919273087
W330F,1.27570336738062
W330G,1.92304587816228
W330H,-0.992835053585327
W330I,0.658969399046161
W330K,9.71067919273087
W330L,9.71067919273087
W330M,1.48324804095449
W330N,-0.567226357054363
W330P,0.807401563091023
W330Q,2.76614024706348
W330R,9.71067919273087
W330S,9.34047818191717
W330T,5.54644125229637
W330V,0.879956950546213
W330Y,-0.590060255352852
L331A,-0.797512903517897
L331C,1.33256415884862
L331D,0.211938669143213
L331E,0.50916516157971
L331F,0.366199631132386
L331G,1.47394093317422
L331H,0.982433487103572
L331I,0.866576604989144
L331K,1.80588440358798
L331M,0.0180058211120156
L331N,2.15364451657507
L331P,-0.50548806537727
L331Q,3.62584612668268
L331R,-0.627400407151546
L331S,5.16917536724815
L331T,1.20256155155081
L331V,1.43943128815064
L331W,-1.6567143978912
L331Y,-0.752100931951525
T332A,-0.478317575181376
T332C,-0.532246962700342
T332D,1.97364471193047
T332E,0.5601684583237
T332F,2.01404722906038
T332G,-1.80938926880741
T332H,-1.23709769933591
T332I,0.801220972898863
T332K,1.25092268865444
T332L,0.100442818243957
T332M,0.0472168636057871
T332N,9.71067919273087
T332P,1.17293526284418
T332Q,-0.262410085249614
T332R,-0.174489318203185
T332S,-0.47888527509355
T332V,0.807763015567278
T332W,7.13385327931579
T332Y,2.24158194895988
Y333A,-0.608160537311731
Y333C,-3.05647649439277
Y333D,-0.232425303908684
Y333E,1.27088482239115
Y333F,9.71067919273087
Y333G,0.621560920677566
Y333H,-1.83782830477539
Y333I,9.71067919273087
Y333K,-1.98292895490979
Y333L,0.976056429603714
Y333M,1.20720687187214
Y333N,-2.21844784102536
Y333P,-1.92975208056147
Y333Q,-0.383576765745465
Y333R,1.91490356414744
Y333S,1.03708352851384
Y333T,0.768530990310868
Y333V,0.175335632249415
Y333W,4.12843905165698
T334A,0.846826299274346
T334C,-0.366845423756019
T334D,-0.757386374829371
T334E,-0.307375775373568
T334F,-0.0925034756863024
T334G,-0.036841715586364
T334H,0.391040903313035
T334I,0.17241369097291
T334K,-0.00935506828684288
T334L,0.89933057483983
T334M,1.55246596301213
T334N,-1.11321198809936
T334P,0.110166242912327
T334Q,1.27153197222825
T334R,1.42262652092211
T334S,0.359362299072358
T334V,-0.182964315408456
T334W,0.214279512855947
T334Y,0.579579338647494
G335A,0.486124679918612
G335C,1.22368351240869
G335D,0.251098413303198
G335E,1.27052701888839
G335F,3.26172569229811
G335H,1.67285816390261
G335I,1.19242462218178
G335K,9.71067919273087
G335L,2.36763812377439
G335M,7.41425613168938
G335N,1.04263910069651
G335P,-3.85609654852428
G335Q,1.70502408216313
G335R,9.71067919273087
G335S,3.70502502486037
G335T,4.15259411465281
G335V,2.97871831367009
G335W,9.71067919273087
G335Y,9.71067919273087
A336C,3.69506586974893
A336D,-0.352646173531876
A336E,-1.57994383974662
A336F,0.291693915237835
A336G,-0.0774299475055352
A336H,-0.834105865839043
A336I,-1.1933248843736
A336K,4.30208860410348
A336L,9.71067919273087
A336M,-1.09584332770873
A336N,0.272668459457993
A336P,1.2585005679434
A336Q,0.16705651423032
A336R,3.17539857858256
A336S,0.608521650402846
A336T,-0.842343282905341
A336V,0.526708997105512
A336W,1.38786618740365
A336Y,-1.1962612667943
I337A,9.71067919273087
I337C,1.93241473830363
I337D,0.584422034323662
I337E,-0.968794460402515
I337F,-1.25849742015127
I337G,0.0819448552853685
I337H,-0.931746489444852
I337K,1.17766124145899
I337L,0.390473098929634
I337M,-1.94663801563237
I337N,-2.01034208684785
I337P,-0.43891669595338
I337Q,0.2549988756845
I337R,2.40569576984507
I337S,-0.356184817862692
I337T,-2.29306108803334
I337V,3.92578805821604
I337W,0.162366266072564
I337Y,2.02942182574049
K338A,0.983887096514934
K338C,0.356653432650705
K338D,-0.134613187126962
K338E,2.4775004296731
K338F,2.61571857740508
K338G,0.237578722555737
K338H,1.57894696503925
K338I,0.131005379646981
K338L,-0.725368505880072
K338M,0.446194748142918
K338N,-0.238770930073254
K338P,0.471099448590391
K338Q,3.81094092668374
K338R,-0.506653873514842
K338S,1.37932348588493
K338T,-0.112111077746798
K338V,-0.118624364874632
K338W,-0.431504594746669
K338Y,1.80584154620761
L339A,1.48648228545434
L339C,1.11936128891498
L339D,2.10298264325152
L339E,2.88049119432842
L339F,2.26196151410901
L339G,-0.158547937048745
L339H,0.428709269892745
L339I,1.72080549069342
L339K,0.0940509074907196
L339M,0.74148865369812
L339N,4.63291463078622
L339P,2.12406576946681
L339Q,0.13541172362188
L339R,2.81564678256485
L339S,0.235020562621129
L339T,1.10603735188118
L339V,0.789952724177565
L339W,-0.440743364541769
L339Y,-0.290559907664225
D340A,1.15541142151458
D340C,1.58798352710741
D340E,0.443052565440749
D340F,2.66433614516835
D340G,2.89920749927308
D340H,-1.26204592474668
D340I,3.74993365259091
D340K,-0.218685133999513
D340L,4.72374739007509
D340M,5.65092747151766
D340N,-1.51288702591623
D340P,2.89069671377908
D340Q,1.20800970099042
D340R,2.99250092371663
D340S,-0.939782842434798
D340T,1.37645484447084
D340V,-2.61701297706634
D340W,8.17789543237028
D340Y,5.52420181872017
D341A,-0.146549912923282
D341C,1.98885191172413
D341E,0.966112190833592
D341F,7.29126741460225
D341G,0.806680996053566
D341H,-0.412953642263173
D341I,1.67306076364439
D341K,1.22920894032964
D341L,1.71893806624619
D341M,2.06704664152871
D341N,1.24430866265365
D341Q,-0.408024540323838
D341R,1.1218208860196
D341S,2.29021067193443
D341T,0.814608760706414
D341V,0.233248523765908
D341W,5.04048308274667
D341Y,1.52509991470339
K342A,-0.626858861331373
K342C,0.16432652100041
K342D,-0.540089199638348
K342E,0.835432915769063
K342F,2.32465794347891
K342G,0.363559918885536
K342H,-0.604788373773781
K342I,1.99692170459099
K342L,-1.59515825996457
K342M,0.362320014244988
K342N,-0.0144311077081881
K342P,0.941953753862703
K342Q,2.5912646306128
K342R,-1.3835090702802
K342S,0.403279142062826
K342T,-0.473117999197767
K342V,1.01002395537916
K342W,0.571050247065441
K342Y,-0.340206965491492
D343A,1.56603259720652
D343C,1.35229301192701
D343E,2.04148587934771
D343F,9.71067919273087
D343G,0.318642634234626
D343H,-1.19937260725117
D343I,-0.567226357054363
D343K,-0.423980463901134
D343L,-0.370979043140002
D343M,0.460408716255929
D343N,2.32283134556155
D343P,-3.79846738224682
D343Q,0.3914499390021
D343R,-2.65336224202165
D343S,0.937064899393859
D343T,0.727326629475985
D343V,-2.6819128468858
D343W,4.57167485163159
D343Y,-0.609332360486299
P344A,-0.550483738381586
P344C,1.46855843469836
P344D,-1.00588942964316
P344E,0.106113008253454
P344F,0.0472379878642873
P344G,2.45886343836696
P344H,0.146097553332563
P344I,0.705384928393127
P344K,1.72755275506994
P344L,-0.253496651220149
P344M,0.864721741043147
P344N,1.316255978293
P344Q,0.586463739798258
P344R,0.552128843732291
P344S,-0.0172941308777268
P344T,1.15721909471245
P344V,0.0202132512341806
P344W,2.76148769721794
P344Y,0.277051136954663
N345A,0.545920650814991
N345C,-0.204065796019194
N345D,-0.916050655096325
N345E,-0.602310068076538
N345F,-0.505345020666687
N345G,0.654600475322894
N345H,-1.05846851789305
N345I,-0.233846869810917
N345K,0.638066667582671
N345L,-0.307665411602086
N345M,-2.76613516390045
N345P,1.4526100902003
N345Q,-0.174057016002743
N345R,0.542143569273743
N345S,-0.105955778094631
N345T,-0.65616612012079
N345V,-0.561338232753745
N345W,1.00177768864701
N345Y,-1.19787082452025
F346A,0.579338953581795
F346C,3.37302197196638
F346D,-0.384720497136616
F346E,1.06883199987934
F346G,4.54631123117799
F346H,-0.660859802773182
F346I,-0.737412756165693
F346K,-0.588425870020962
F346L,0.742712754766633
F346M,-0.56022594439537
F346N,0.818837961075874
F346P,-0.328722740024078
F346Q,-1.3380581546974
F346R,-0.383037922515061
F346S,-0.575724370881566
F346T,-0.967188035551874
F346V,-0.489840258928321
F346W,-0.0246835045487302
F346Y,1.82460392853247
K347A,1.43545206732305
K347C,0.0772696923893045
K347D,-0.231226362376939
K347E,-0.0322089716355904
K347F,0.238602544643689
K347G,-0.421614570844953
K347H,1.23144560378343
K347I,2.2727230788312
K347L,0.241552747423272
K347M,0.192631382947285
K347N,-1.20245425298917
K347P,-1.41637794950932
K347Q,0.550710298504588
K347R,-0.0847371977583334
K347S,-0.808269116393827
K347T,-0.85942045355654
K347V,0.00775563302137753
K347W,0.591902245179889
K347Y,-1.47775479709496
D348A,0.151747721665598
D348C,2.99646975665177
D348E,0.268625369731097
D348F,0.929729543930647
D348G,0.0554294267307202
D348H,0.542727951093266
D348I,1.63280883939749
D348K,1.11118684991831
D348L,0.767654837787923
D348M,-0.793484071459054
D348N,1.48379849221576
D348P,-0.126202272738987
D348Q,-1.78876070686891
D348R,0.573815867120315
D348S,0.684946627516686
D348T,1.44835147231421
D348V,0.544806959922792
D348W,1.04510543911484
D348Y,0.464851215486945
Q349A,-0.37329757437243
Q349C,-1.21706030822604
Q349D,0.573412889598782
Q349E,-0.19792471544724
Q349F,-0.0787064102636717
Q349G,1.14008980262962
Q349H,0.599030333518455
Q349I,-0.458383847543936
Q349K,0.599647557667459
Q349L,-0.0512517652307883
Q349M,-0.655458308842723
Q349N,-0.166773556659318
Q349P,-1.3203843321329
Q349R,1.91622407265974
Q349S,-0.578670975589912
Q349T,0.899345493146379
Q349V,0.66127030842106
Q349W,0.335975332060534
Q349Y,1.31309176553633
V350A,-0.261416127939235
V350C,3.58555990651976
V350D,-1.1782509205194
V350E,-0.812866642759416
V350F,-0.413160156790896
V350G,0.477509718784465
V350H,2.46128587067123
V350I,0.457679850002765
V350K,0.123493433872105
V350L,0.186895670277288
V350M,0.0587737789619574
V350N,0.0379655848033361
V350P,-0.249227539495619
V350Q,1.67609730497012
V350R,1.06569959216175
V350S,3.94364741231851
V350T,-0.282286675654739
V350W,1.46049868551964
V350Y,-0.692618386931896
I351A,-1.38351744797098
I351C,1.41998974112364
I351D,-0.721724575613545
I351E,0.41784563294926
I351F,-0.519773284783223
I351G,1.38174785554217
I351H,-1.33191995424992
I351K,1.13152035331692
I351L,0.184853830444859
I351M,0.480803700579498
I351N,0.468137337728578
I351P,0.307683364253386
I351Q,-0.284107175916791
I351R,-1.00471437454774
I351S,1.27309001912153
I351T,0.625738723130402
I351V,0.130327717276944
I351W,1.4568757593314
I351Y,0.572911184273732
L352A,1.01601977689537
L352C,1.5489520989113
L352D,0.222229254982525
L352E,-0.233529873152512
L352F,-0.00320185044310112
L352G,-0.732754189272195
L352H,-0.026861165856788
L352I,-1.29829394151646
L352K,0.598337545953143
L352M,0.929265815761445
L352N,0.12768597819372
L352P,0.680820805393569
L352Q,-1.11829696013378
L352R,0.616994042429539
L352S,-1.900771070824
L352T,-1.02639043385678
L352V,-1.12789580250864
L352W,1.39109595790939
L352Y,9.71067919273087
L353A,8.49471982360612
L353C,2.39173404573038
L353D,-0.0187574926975957
L353E,0.0337903345143249
L353F,0.100920625103062
L353G,-1.16015346934496
L353H,-1.22734902402635
L353I,-0.445314444407854
L353K,-0.774916415955233
L353M,0.593512734642912
L353N,2.11033461219193
L353P,1.49441236004787
L353Q,-1.68266493341843
L353R,1.13893490965597
L353S,3.30455457179258
L353T,0.400719281609045
L353V,-0.0900150646715094
L353W,7.20895539415684
L353Y,0.65760564179444
N354A,-1.15790944192296
N354C,1.01088755404193
N354D,-1.3569184331105
N354E,-0.588186153677114
N354F,-0.00181300820738665
N354G,1.23539578806649
N354H,2.09040729881278
N354I,1.6702026542536
N354K,-0.395403298036299
N354L,1.94312088422852
N354M,1.54319052892092
N354P,2.59265254836032
N354Q,0.727798351594626
N354R,0.0835041108856515
N354S,0.187326924287116
N354T,0.380958532805676
N354V,-0.161319912916936
N354W,1.80893856908381
N354Y,0.853895865279233
K355A,1.74335222306309
K355C,0.701384771941873
K355D,-0.945518999822989
K355E,-1.10064667596687
K355F,4.14605570816256
K355G,-0.263825922477786
K355H,0.1579465756572
K355I,7.54227074275587
K355L,2.42264131491305
K355M,0.296564884053703
K355N,-0.685864423367314
K355P,-3.05647649439277
K355Q,-0.234443331251456
K355R,-0.0247942142483614
K355S,-0.981299100793361
K355T,0.378834874360144
K355V,9.71067919273087
K355W,2.09027317854046
K355Y,3.16717153624096
H356A,-2.09774730021584
H356C,4.1412278572948
H356D,4.23879884575036
H356E,1.27961081117799
H356F,9.71067919273087
H356G,9.71067919273087
H356I,9.71067919273087
H356K,0.430409068225984
H356L,6.43179053168233
H356M,1.2927909644405
H356N,-1.29631737581861
H356P,0.335534835961846
H356Q,-1.49402700882633
H356R,0.819270329080463
H356S,-0.15292561456814
H356T,-0.133822324641905
H356V,9.71067919273087
H356W,1.91587624089125
H356Y,2.84347595771466
I357A,1.46295093686348
I357C,0.0336082619652255
I357D,0.0562256029305047
I357E,0.940683288558485
I357F,-1.26365876623152
I357G,-1.01464066677572
I357H,-1.52962034415017
I357K,0.926557777159078
I357L,-2.37704938427336
I357M,1.82334782024221
I357N,-0.328842897604463
I357P,-1.95663810589996
I357Q,-0.128900373015128
I357R,0.620081409639263
I357S,-0.925191159188148
I357T,3.52634011405686
I357V,-0.421202066426371
I357W,1.43560071113636
I357Y,-0.00660211730232612
D358A,2.28854429198572
D358C,-0.401544327753171
D358E,-0.260186756687287
D358F,0.248123222464043
D358G,-1.14838401143304
D358H,-1.78839858580673
D358I,0.483020128003163
D358K,1.15867708140768
D358L,-1.95341570999066
D358M,-0.643401299022114
D358N,-0.388063124459172
D358P,-3.19664141367232
D358Q,-1.51597836665981
D358R,1.45894636119469
D358S,-4.07541662634753
D358T,-0.735373700406648
D358V,-1.70646387047628
D358W,9.71067919273087
D358Y,-0.62873651556257
A359C,3.80868373274004
A359D,2.19454320722328
A359E,0.665325620296288
A359F,2.04564593391501
A359G,-1.65233809937099
A359H,1.38802138581489
A359I,0.357371401243828
A359K,0.551900591027959
A359L,-1.12530022668068
A359M,-1.68266493341843
A359N,-2.13437155676113
A359P,4.91932264646071
A359Q,-1.70880350173951
A359R,-3.79452345362308
A359S,1.57846006278918
A359T,-2.14106626069824
A359V,-1.2310599890483
A359W,0.940477518111024
A359Y,4.33310702584914
Y360A,-1.01692219840179
Y360C,9.71067919273087
Y360D,-1.89748787167439
Y360E,-0.21054659953618
Y360F,-0.127820886590077
Y360G,1.83700247821332
Y360H,0.734313689149207
Y360I,-1.33451199542931
Y360K,0.167213914776734
Y360L,0.616570922773153
Y360M,2.43554812650563
Y360N,-1.16417136783128
Y360P,2.87314553951547
Y360Q,-0.268650477084954
Y360R,3.44022359079328
Y360S,0.662555812250396
Y360T,2.65696645774327
Y360V,-0.315246264240854
Y360W,1.6871890511781
K361A,4.33230130669894
K361C,0.316807987213003
K361D,-1.30738137352057
K361E,-0.157649782100347
K361F,-1.02353256828884
K361G,0.294729658301297
K361H,-2.36398119533416
K361I,-0.465804865131532
K361L,0.108856182969906
K361M,2.82663635781306
K361N,-0.315308109790378
K361P,0.181798938375044
K361Q,-0.815287446888069
K361R,0.285412582237851
K361S,-0.727774679434425
K361T,0.714814044120859
K361V,-1.48036183067095
K361W,-0.555567036863821
K361Y,-2.05153603208751
T362A,-0.118556196259259
T362C,1.0015597818078
T362D,-0.172080253973915
T362E,-0.401809135031379
T362F,-0.227456313008364
T362G,1.37270363084451
T362H,0.794899267619689
T362I,-0.809202082120963
T362K,0.380845616114799
T362L,0.689368171336875
T362M,0.273589091016323
T362N,-1.22904270957253
T362P,-1.16359180438374
T362Q,-1.14922923395826
T362R,-0.0707688642058986
T362S,-0.291377807432706
T362V,-0.69120650240124
T362W,-0.397858042623211
T362Y,0.768809863635421
F363A,1.7886815966317
F363C,-0.861330305498554
F363D,-0.428785711670059
F363E,-1.22882261459958
F363G,-1.89946877756234
F363H,-0.855658959368681
F363I,0.705850683110105
F363K,0.591732061516832
F363L,0.511188234180295
F363M,-0.987304792741989
F363N,-1.04910007206262
F363P,-0.374267930450157
F363Q,-0.778096296636786
F363R,-0.0103988706787032
F363S,0.0647599114840734
F363T,-0.659110132948794
F363V,-0.19876804583355
F363W,0.940789026886819
F363Y,1.00619330577414
P364A,0.609000125039029
P364C,-1.34311318693537
P364D,0.00369097583774882
P364E,-1.10742758474601
P364F,0.087727902106938
P364G,-0.582768851698142
P364H,1.90184626084016
P364I,3.87601214498446
P364K,0.0334762695937246
P364L,-0.348654081297721
P364M,-0.299188055310301
P364N,-0.942100024423093
P364Q,0.667305311853724
P364R,1.05957925830809
P364S,0.587519128140897
P364T,0.420704413063454
P364V,0.130030125238743
P364W,1.17879146810774
P364Y,-0.735122300334883
P365A,0.0715479535709175
P365C,2.39907635704821
P365D,-0.860470583226132
P365E,-0.355096113482605
P365F,2.8501615993142
P365G,-1.07191517820535
P365H,-0.00222551196258649
P365I,1.51136059352347
P365K,0.476918344510263
P365L,-0.191584418486529
P365M,0.762864266226239
P365N,-0.183116223163448
P365Q,-0.750632382087268
P365R,1.71547306959209
P365S,2.64951976314891
P365T,-0.941483891121811
P365V,0.320754938088469
P365W,-0.939221766691787
P365Y,-0.478186349813476
T366A,0.323247774969318
T366C,2.1127343317603
T366D,-0.947502843510782
T366E,0.248534104539048
T366F,-0.261170906283757
T366G,0.843179784222421
T366H,0.597975622905106
T366I,1.04933721441357
T366K,-0.386395645939267
T366L,0.11764581246757
T366M,0.709517222979402
T366N,-1.00497714469852
T366P,1.71331931801159
T366Q,-0.827738902671473
T366R,1.90906635296407
T366S,0.781313117484166
T366V,-1.48038430689789
T366W,-0.390545897347281
T366Y,-0.00947357965959584
E367A,-0.21054659953618
E367C,-0.0304209877830751
E367D,-0.169017024301744
E367F,1.04415257219027
E367G,0.518617380302021
E367I,-0.600379004306991
E367K,1.81672430995463
E367M,2.00854566806957
E367N,0.33245289091455
E367R,-0.0206144018924937
E367S,0.845161788098727
E367T,-0.623019818237042
E367V,3.38655188269676
E367W,-0.423651321761743
E367Y,-0.0412635278712376
P368A,-0.860265824617977
P368C,3.8390925629207
P368D,-3.40527039682607
P368E,1.43384942089474
P368F,1.64408289438571
P368G,0.818048792847531
P368H,-0.418497494082408
P368K,-0.359534739541912
P368L,0.0731267512571966
P368M,-0.0651043892125723
P368N,1.37120610827946
P368Q,0.431604399488642
P368R,0.812432490819431
P368S,0.539224690959664
P368T,1.93518184589837
P368V,-0.490526573336191
P368W,0.853279370862778
P368Y,0.856233360799255
K369A,-0.472419440502504
K369C,0.889522963519576
K369D,1.11225661451637
K369E,5.69444491516449
K369F,-0.990978433213309
K369G,-1.95341570999066
K369H,1.53525981948217
K369I,-0.601313228210732
K369L,0.66203368603877
K369M,-1.05115796237938
K369N,-0.279195803780003
K369P,-1.09483554793343
K369Q,-0.0256171567062611
K369R,0.957692384848935
K369S,-0.708327836802148
K369T,-1.98175018994056
K369V,-0.098041271878936
K369W,-1.12300353656429
K369Y,-0.0886906010691153
K370A,1.62918252412501
K370C,1.3975967630298
K370D,-0.810583210195221
K370E,-1.09869956815348
K370F,0.0692715215769249
K370G,-0.555482919560345
K370H,-0.82052814214752
K370I,-1.48808684644721
K370L,-2.06488077520326
K370M,1.56153580995205
K370N,0.601353505706034
K370P,-0.0465518364056559
K370Q,0.0357551090738262
K370R,-0.518476527871759
K370S,-0.0668810142376547
K370T,-0.784535621488753
K370V,-0.890441026812943
K370W,-0.156920548708861
K370Y,-1.70631143829428
D371A,0.677522505070159
D371C,0.835910275504534
D371E,-0.566626515093165
D371F,0.982398489260982
D371G,-0.487517594802925
D371H,-0.327278157861469
D371I,0.705289547682915
D371K,1.90982385645341
D371L,0.835281527652522
D371M,1.78452667869919
D371N,-0.624468376465934
D371P,-0.687927562277154
D371Q,0.454674035970324
D371R,0.46884711950311
D371S,0.0497940074949524
D371T,0.524312287817469
D371V,-0.93317657984513
D371W,0.549351547802892
D371Y,0.888632159617639
K372A,-0.0261356132895669
K372C,0.0787079922228288
K372D,2.93651429459573
K372E,0.799459997728635
K372F,0.361768780702579
K372G,1.51397651446984
K372H,0.1310806325512
K372I,0.80379271765065
K372L,1.07390384051445
K372M,0.247401648553107
K372N,1.14736388372479
K372P,-0.125685938866718
K372Q,-0.162211465127911
K372R,0.332736953592259
K372S,3.23885483402374
K372T,-0.453848212723781
K372V,0.773554100205532
K372W,1.19863510204725
K372Y,0.0252866678363039
K373A,0.119921761922906
K373C,5.59038846137461
K373D,0.295334859377129
K373E,-0.785843619525802
K373F,-0.968676931466157
K373G,-0.62873651556257
K373H,0.133657903626445
K373I,-0.645761550105735
K373L,-0.340715225427554
K373M,0.248927334223392
K373N,-0.0018761305042103
K373P,-0.785975727782641
K373Q,-0.173696628535361
K373R,-0.824028983023875
K373S,-1.7361699909679
K373T,-0.770625293212476
K373V,2.79622043908959
K373W,2.23114876751844
K373Y,1.36010189856228
K374A,1.05087175695134
K374C,0.272501447509022
K374D,-0.315586168367578
K374E,-0.346011887329728
K374F,0.14960064307185
K374G,-1.1026457489317
K374H,1.39202366932304
K374I,0.595443471243296
K374L,0.462043257973038
K374M,2.01173571394111
K374N,-0.346334150307687
K374P,-0.0395076522155788
K374Q,-0.813944445359684
K374R,0.725476785478953
K374S,2.00670315887169
K374T,0.653938117039012
K374V,-1.07239001601522
K374W,1.51905018612737
K374Y,1.11436391856158
K375A,-1.10032463409613
K375C,0.433392474398958
K375D,-0.627381090788142
K375E,-0.0527604803301368
K375F,0.38327241209393
K375G,-0.301064774648367
K375H,-0.798228539060389
K375I,-0.149396402417833
K375L,-0.622733192649103
K375M,1.34225996486247
K375N,0.756724324453565
K375P,-1.06798604058214
K375Q,0.2202924393729
K375R,0.602868987967596
K375S,-1.38241706491196
K375T,-0.74411789075038
K375V,-0.114488829678654
K375W,0.630441114945372
K375Y,-1.6567143978912
A376C,0.799727436005832
A376D,-0.925745825383327
A376E,0.638623516010031
A376F,0.0377751398878137
A376G,0.759576013500153
A376H,0.299849325302954
A376I,0.160540539684422
A376K,0.971572131645298
A376L,-1.52498487672684
A376M,0.937643123767306
A376N,1.14446710086323
A376P,-0.511752576756564
A376Q,0.136046808257378
A376R,1.05830285287177
A376S,1.43908033149764
A376T,0.889522963519576
A376V,-0.359697633717362
A376W,0.690626867391229
A376Y,0.0277502186633671
D377A,-0.533258375610698
D377C,1.18485534119312
D377E,0.958208205249367
D377F,-0.718753405220033
D377G,1.12936225185619
D377H,0.217103240801572
D377I,0.935821656019675
D377K,-0.205289243143906
D377L,1.50507498332648
D377M,1.21725359717611
D377N,-0.816679294511164
D377P,0.396734268856848
D377Q,-0.257753306852503
D377R,-0.582779338008389
D377S,2.15601722520537
D377T,2.06592235771005
D377V,2.77326102474372
D377W,-0.859767252264579
D377Y,0.965234340839891
E378A,0.0598736007547402
E378C,1.35103944112374
E378D,0.143315615092616
E378F,1.24304659897411
E378G,-0.391796907219577
E378H,-0.190041304006543
E378I,1.31184957154323
E378K,0.783925904765567
E378L,-0.332481060945165
E378M,0.653832255705837
E378N,0.548889161945792
E378P,1.3692528427755
E378Q,-0.187787737394228
E378R,1.54351451975583
E378S,1.14353958861258
E378T,-0.598156646666393
E378V,-0.708078570620968
E378W,-0.833474282851779
E378Y,-0.244475013515747
T379A,1.20654079697929
T379C,-0.221387351569665
T379D,0.0723961284689464
T379E,2.32219679466558
T379F,1.35376791771435
T379G,0.998645589631048
T379H,0.404817015357344
T379I,2.02070212287195
T379K,1.18874655995379
T379L,-1.38241706491196
T379M,0.457033920548516
T379N,1.22715933501413
T379P,-3.26843686507143
T379Q,0.506276912113738
T379R,1.27434739427861
T379S,1.99226213203515
T379V,2.10924796340992
T379W,0.00870322859495486
T379Y,0.0978965324021098
Q380A,0.962909477905403
Q380C,-1.75739475561957
Q380D,2.38553337757875
Q380E,0.373795411750579
Q380F,2.23007481099814
Q380G,-0.104166917426979
Q380H,-0.712538153009594
Q380I,-0.0758936115999658
Q380K,0.863358635350169
Q380L,0.0574415019097366
Q380M,2.28772305112551
Q380N,-1.51631012806127
Q380P,0.280252640186018
Q380R,-0.223822138509238
Q380S,0.988596450339884
Q380T,0.238150022907858
Q380V,2.19438212142177
Q380W,-0.071300605308981
Q380Y,3.76982449174557
A381C,-0.774794202184046
A381D,-0.59437657672738
A381E,-1.12912935980665
A381F,-1.42457714778359
A381G,0.309467359567188
A381H,2.07309728974724
A381I,1.87608885068597
A381K,1.53381445010335
A381L,-1.10645349482275
A381M,-0.520762351671392
A381N,0.899847105524081
A381P,-1.1397459276774
A381Q,0.617404661157342
A381R,3.33396711890645
A381S,0.332201745677951
A381T,-0.711772709723809
A381V,0.582807501983871
A381W,9.71067919273087
A381Y,-0.977035706133626
L382A,0.878479739912012
L382C,2.4808654098243
L382D,0.890005102951993
L382E,0.595443471243296
L382F,-0.299777539007703
L382G,0.713319150528039
L382H,0.960120481655628
L382I,-0.619713921835036
L382K,1.23360226324573
L382M,-0.159444019069649
L382N,3.31740267428272
L382P,-0.28397749068946
L382Q,1.02377427733507
L382R,1.0761673843472
L382S,0.259157805456976
L382T,0.63449512665593
L382V,-0.838789175452989
L382W,-0.229859850035946
L382Y,-0.343151336590489
P383A,-2.34456997796329
P383C,0.978348863719438
P383D,-0.137336934105108
P383E,0.163151238364515
P383F,0.757836071169032
P383G,-2.58123168739364
P383H,0.271066594794922
P383I,-0.940944959163632
P383K,0.83376246754733
P383L,-0.753794297885937
P383M,1.11016953585899
P383N,0.144247779038582
P383Q,-0.880721763619962
P383R,1.48376992930086
P383S,1.94881226491403
P383T,-0.22213522545333
P383V,2.12124763239036
P383W,2.37215256737217
P383Y,1.0786891539417
Q384A,-1.15158374446032
Q384C,1.03708352851384
Q384D,5.32629473397606
Q384E,0.337403045586927
Q384F,-0.649386678322904
Q384G,3.71161860813707
Q384H,1.34588534995706
Q384I,1.17361121749001
Q384K,0.612956630652107
Q384L,-1.48414139548069
Q384M,-3.8809317100593
Q384N,-0.599724692395098
Q384P,0.77612541601736
Q384R,0.409040422149535
Q384S,6.36877584978042
Q384T,0.871977556336689
Q384V,0.474247079074726
Q384W,2.33548296891652
Q384Y,0.124831879269319
R385A,1.51480824972189
R385C,-0.218033971911819
R385D,-0.492455215667544
R385E,2.09005066000854
R385F,0.222209833425079
R385G,0.265724798638509
R385H,-2.60708574757676
R385I,-0.362083255050385
R385K,-1.99152296859682
R385L,-0.940407915454766
R385M,-0.339910360129646
R385N,-0.114281006169283
R385P,0.192212690305901
R385Q,2.63872634883349
R385S,-0.727498592517495
R385T,-0.00607988023800013
R385V,0.0880509849394218
R385W,1.4385620790931
R385Y,1.12342601299623
Q386A,-3.01217211516415
Q386C,1.65771636456493
Q386D,-1.39723819994092
Q386E,0.0202068111810109
Q386F,1.05755444751836
Q386G,0.360879950818111
Q386H,1.38811562794532
Q386I,0.748288762349004
Q386K,1.20747057291699
Q386L,-1.12059208908709
Q386M,1.64562785366475
Q386N,0.749082682249384
Q386P,-0.346623599660596
Q386R,0.236560043024836
Q386S,-0.0676133878782648
Q386T,0.289016580624697
Q386V,0.709196671627531
Q386W,-0.692121640663638
Q386Y,0.884476086273951
K387A,-0.709762936020563
K387C,-1.13866889514273
K387D,-0.282618199056626
K387E,-1.00328171199177
K387F,0.759557152474084
K387G,-0.0136872889777429
K387H,0.99361018538512
K387I,-0.820075467727455
K387L,-0.717831978498863
K387M,-0.155934451652552
K387N,-0.671549954580166
K387P,2.7904475176801
K387Q,2.73417181720894
K387R,0.704902203612815
K387S,-1.21706030822604
K387T,0.255196738921092
K387V,-1.05374431847219
K387W,6.36264822729475
K387Y,-0.316934182671475
K388A,-0.806124831638654
K388C,0.933318635549513
K388D,-0.223201878479169
K388E,-1.00677682727792
K388F,0.539295276449888
K388G,0.865837362239743
K388H,-0.945618208487372
K388I,1.44291275991447
K388L,-0.970330834228978
K388M,-0.466108253406854
K388N,-1.22910077880478
K388P,-0.0718536386310044
K388Q,0.658115597742652
K388R,-0.359984202853574
K388S,2.94698072552164
K388T,0.172321660292637
K388W,0.0859015444316725
K388Y,0.69088667863626
Q389A,1.69835267818849
Q389C,-0.51048037188686
Q389D,0.575734202976943
Q389E,0.839522726761486
Q389F,-1.5331185736457
Q389G,1.12302987215685
Q389H,1.34697425980291
Q389I,-0.160327261137928
Q389K,-0.144388957162931
Q389L,0.508544878346369
Q389M,-0.445163352485795
Q389N,0.945158963603727
Q389P,0.342760978114453
Q389R,-0.326532373744668
Q389S,1.09741172511262
Q389T,-0.873104636044928
Q389V,1.71063864332047
Q389W,-0.269397356475606
Q389Y,1.60847680401214
Q390A,-0.222921836290114
Q390C,-1.02450374983134
Q390D,1.02586437074947
Q390E,-0.427018214546438
Q390F,-0.00510931312595111
Q390G,0.084703267340626
Q390H,1.04914239370011
Q390I,0.00035501246840527
Q390K,-0.894937590685798
Q390L,0.288338427607912
Q390M,-0.578187264023163
Q390N,0.629914536458951
Q390P,0.025143609624423
Q390R,0.347550449375761
Q390S,-0.256178283986254
Q390T,-0.475037367281847
Q390V,0.641556844500597
Q390W,0.813183970522363
Q390Y,-0.741417365391597
T391A,-0.393124689095241
T391C,0.362187260341866
T391D,1.51162011867644
T391E,-0.432114049076341
T391F,-0.573686605237296
T391G,-0.639168000658866
T391H,-0.694838897669093
T391I,-0.654443026819386
T391K,0.794204250921879
T391L,0.561378836288793
T391M,0.111921488270703
T391N,-0.305246852168872
T391P,1.38567323502466
T391Q,-0.327259106503463
T391R,0.797793645062041
T391S,-0.687380596393042
T391V,1.10678190793562
T391W,2.64429748220526
T391Y,1.05314249665143
V392A,-0.13508135022425
V392C,-0.0561447583646645
V392D,0.257852130649286
V392E,-0.0729658496330799
V392F,-2.61638562186057
V392G,2.16252857561334
V392H,-0.00293900131863277
V392I,-0.246236151682898
V392K,0.802992044221937
V392L,1.15084871092311
V392M,0.347605847663595
V392N,0.76881739759086
V392P,-0.550758122973673
V392Q,0.772702878728633
V392R,1.89444724127832
V392S,0.368726450121237
V392T,0.516741740005254
V392W,-0.0504389414882877
V392Y,-0.020088281717789
T393A,0.884472445361158
T393C,1.1385108060862
T393D,-0.319041614056911
T393E,1.21043751718798
T393F,0.889299012075695
T393G,0.641177756043929
T393H,0.332841370504335
T393I,-0.324012543401394
T393K,-0.154534313998153
T393L,2.59839576059629
T393M,-0.355252999384708
T393N,2.29007442037846
T393P,0.610753386893676
T393Q,-0.612376178247231
T393R,0.591337102179193
T393S,-0.48858575643082
T393V,-0.70605576462327
T393W,1.54145010901915
T393Y,-0.552208789277834
L394A,0.936416597404095
L394C,-0.733708798384814
L394D,-0.029350323194928
L394E,0.0315630963960362
L394F,-0.36881076357336
L394G,0.375506282986665
L394H,0.245739883675432
L394I,-0.557936664000637
L394K,1.74777861232607
L394M,-0.573803221703151
L394N,1.53158364342821
L394P,0.724687002018231
L394Q,0.814656628658558
L394R,0.548549224726101
L394S,1.44549700826875
L394T,-0.363469809538877
L394V,0.312073220585883
L394W,-0.985036793471483
L394Y,0.000151018142002521
L395A,0.267564461350071
L395C,1.64257736797441
L395D,0.0304060182196226
L395E,0.731201015627081
L395F,0.722463724020457
L395G,-0.080042536222197
L395H,0.680741172080989
L395I,-2.51126364465737
L395K,-0.804039544630331
L395M,0.48773528241718
L395N,-0.757155913920636
L395P,-0.464058419740342
L395Q,1.36099495188522
L395R,-0.497306194593859
L395S,-0.590839453613824
L395T,-0.702067094353719
L395V,0.840875723743058
L395W,-1.33091483342222
L395Y,0.463297864341619
P396A,-0.175769427903322
P396C,0.25913541948558
P396D,-0.198919196684027
P396E,1.64860267067112
P396F,-0.569040641564136
P396G,-0.93056339288105
P396H,2.26566006876983
P396I,2.38915825478313
P396K,2.49050210066838
P396L,-0.598795163887781
P396M,-0.928891138144896
P396N,-0.229171242506525
P396Q,0.647646346216677
P396R,-1.60914056186423
P396S,0.0902343081115444
P396T,1.00859106682336
P396V,-0.876005098245764
P396W,-0.42310413811024
P396Y,-0.402379024600834
A397C,-0.676168683739724
A397D,-0.625714293242027
A397E,0.593874083398983
A397F,-0.278276340725197
A397G,1.1942219454681
A397H,0.910695548797156
A397I,1.94469735990465
A397K,-0.48580412835861
A397L,0.0898342495673488
A397M,0.831113732717735
A397N,1.00833985175788
A397P,0.836827250473114
A397Q,-0.333543972929509
A397R,-1.68920417016786
A397S,-0.277728704316664
A397T,0.900649560594395
A397V,0.876893677495663
A397W,-0.757424343468278
A397Y,0.696901676367377
A398C,-1.57953834967179
A398D,-0.0784796848900963
A398E,0.999292758114807
A398F,-1.80636356377473
A398G,1.10368468629436
A398H,-0.555915535573448
A398I,0.334638153567411
A398K,-0.0317101305718951
A398L,0.856651532269855
A398M,-1.16806781172763
A398N,-0.85716865884762
A398P,-1.33172252334278
A398Q,-1.47933822323085
A398R,1.32123037784059
A398S,-0.324514726051451
A398T,0.549594645614059
A398V,-0.152203530047388
A398W,0.0794691006140587
A398Y,-0.78577957283066
D399A,1.44470509056051
D399C,0.386162651603952
D399E,0.993689689147868
D399F,-1.0345679595602
D399G,-0.582552508943289
D399H,0.61153887252121
D399I,-0.137691206341548
D399K,0.328705169340271
D399L,-0.102467469738536
D399M,-1.69224474588353
D399N,0.0679271157146672
D399P,0.410108843370122
D399Q,-1.3367010359652
D399R,-0.343747783713143
D399S,-0.136914134166165
D399T,1.2844294030509
D399V,1.57265984638049
D399W,-0.0511301396414518
D399Y,-1.27367047017366
L400A,0.761173908655128
L400C,0.0359231745574656
L400D,-0.169919452684688
L400E,1.21587157450157
L400F,0.23986913838134
L400G,-1.73513511309302
L400H,0.365028287060263
L400I,1.12064250824945
L400K,-0.163900107246548
L400M,-0.0821622655379384
L400N,-0.239988525673053
L400P,-0.799030086010948
L400Q,-0.570020193417568
L400R,0.170194435282524
L400S,2.37912064434512
L400T,-0.582827344542415
L400V,-0.280822038454005
L400W,0.40715048679531
L400Y,-0.0356141423240962
D401A,1.80189114405273
D401C,0.23889069780073
D401E,0.874592601422739
D401F,0.278952560972355
D401G,2.06523448641901
D401H,0.914703974912744
D401I,0.312697337987224
D401K,-0.424260731084192
D401L,1.14202343894578
D401M,-0.792870748940254
D401N,0.617910044916576
D401P,3.19877525777635
D401Q,-0.484442023134634
D401R,0.565443191284146
D401S,0.657178976156677
D401T,1.53988179918849
D401V,0.505553185177086
D401W,-0.542497294086909
D401Y,-1.08284010312195
D402A,0.383322976476643
D402C,-0.299892320870047
D402E,0.317449986411043
D402F,1.06906512842754
D402G,-0.149494825331229
D402H,0.755959835799555
D402I,-1.30667852924505
D402K,1.16732815194084
D402L,1.00233621667559
D402M,3.39178710918394
D402N,1.41233518020195
D402P,0.701577154021456
D402Q,-0.509242977333443
D402R,0.0422761062065121
D402S,-0.288129487537986
D402T,-0.0471105053202812
D402V,-0.108462342771086
D402W,2.34537827650882
D402Y,0.0436320642404693
F403A,1.80845833229688
F403C,-1.42179770990178
F403D,2.36783212231592
F403E,-0.703350659311899
F403G,-0.296604525545586
F403H,-0.159935175083957
F403I,-0.438007313718241
F403K,0.972403436036195
F403L,-0.00289344966079708
F403M,-0.13009122262311
F403N,-0.0754905233653483
F403P,0.761965418617557
F403Q,0.451616108668496
F403R,0.959321744690465
F403S,0.765279044612776
F403T,-0.501345328244265
F403V,0.701175424223723
F403W,0.0322947666339793
F403Y,-0.342226951393725
S404A,-0.305344991872523
S404C,-0.647183227618474
S404D,-0.0202041154640069
S404E,-0.872067634171279
S404F,1.92457386456294
S404G,-0.29648209992626
S404H,1.15433913358048
S404I,-0.346031254686254
S404K,0.0783391048714371
S404L,0.314647952196856
S404M,-0.393218911177829
S404N,3.54248532127633
S404P,-1.66830851837261
S404Q,-0.334294495142969
S404R,-1.0955905815884
S404T,-0.145380545213122
S404V,0.658514225911852
S404W,-0.982382771867029
S404Y,-2.51126364465737
K405A,-0.302904075094785
K405C,-2.70715517345355
K405D,0.451069134113959
K405E,-1.18463635228269
K405F,-1.48366622912633
K405G,-0.533226058082624
K405H,0.722295498805569
K405I,-0.033014895839271
K405L,-0.4261253623657
K405M,0.30939865444715
K405N,-0.993636453942195
K405P,-0.040576049007112
K405Q,-0.638355697315231
K405R,-0.146333789162179
K405S,0.437504894131566
K405T,-0.591898386486787
K405V,1.35170624423539
K405W,2.36295528487066
K405Y,-1.23964264893108
Q406A,-0.253491973905028
Q406C,-0.30600632567792
Q406D,0.110166242912327
Q406E,-0.893489987859006
Q406F,-0.199001844167416
Q406G,-0.912178273170343
Q406H,-1.35839561846966
Q406I,-0.307638708291179
Q406K,-4.7420311617047
Q406L,-2.31135354028839
Q406M,-1.15060325387385
Q406N,-2.76613516390045
Q406P,-0.210298814281089
Q406R,-0.540933700204501
Q406S,-0.749139474769066
Q406T,-2.22096584398181
Q406V,-0.0158719536713964
Q406W,1.38366374726664
Q406Y,0.0152950154902669
L407A,0.0861486748529451
L407C,-0.563377574843953
L407D,1.73377182384427
L407E,2.15138123083595
L407F,0.615467426832681
L407G,1.12143700282815
L407H,0.606238468162418
L407I,-0.64485923196608
L407K,1.04684672994927
L407M,1.06402838144364
L407N,0.149481739547284
L407P,0.184930296103178
L407Q,0.22847523256569
L407R,1.72972452429643
L407S,-0.693499918493077
L407T,-0.301624233713189
L407V,0.992729415676546
L407W,0.0788779654452662
L407Y,0.62613580421948
Q408A,4.98341050266368
Q408C,0.268636112960372
Q408D,0.605415667219687
Q408E,-0.0499323890200636
Q408F,-0.748133034875167
Q408G,0.152262779294514
Q408H,-2.88529711273792
Q408I,0.762916229434638
Q408K,0.162848866348237
Q408L,0.310993161611379
Q408M,-1.19460313528039
Q408N,0.26525332366561
Q408P,-0.127064186383786
Q408R,-1.41538732425597
Q408S,0.0655391078341336
Q408T,-0.627670645604747
Q408V,-1.30641586781863
Q408W,-0.407022311609793
Q408Y,1.03593256076601
Q409A,-1.02625347624928
Q409C,-1.27567102104252
Q409D,1.56571584116976
Q409E,0.0665685266968718
Q409F,3.2610579344474
Q409G,-0.849224536907736
Q409H,0.551356045664039
Q409I,1.0115769974887
Q409K,-0.187128273048128
Q409L,-0.438859026626666
Q409M,1.95848947812637
Q409N,-0.57329334089022
Q409P,0.359667878061697
Q409R,-1.18084817125435
Q409S,0.553431415965153
Q409T,0.964510292591825
Q409V,0.371209956971382
Q409W,1.10107665007753
Q409Y,-0.640757210241814
S410A,0.790697077119317
S410C,0.135121341974217
S410D,2.56758699867464
S410E,0.258065752861509
S410F,-0.800764020657942
S410G,-1.37444676142443
S410H,-0.36620568756301
S410I,1.08402465207075
S410K,1.67480227666305
S410L,0.511109453981973
S410M,-0.495813448969883
S410N,0.348925965847529
S410P,0.300516008775015
S410Q,-0.0176301044656761
S410R,-1.16368615355466
S410T,-0.668928357264487
S410V,-0.168987676955446
S410W,2.28059459765379
S410Y,0.217317753519521
M411A,-0.808514446235799
M411C,-2.11471834630599
M411D,1.28672575159343
M411E,2.5109757177086
M411F,-0.220355148386014
M411G,0.677353144157054
M411H,-1.18500304091663
M411I,-1.76697861636266
M411K,1.16451175281928
M411L,0.327000159003113
M411N,0.919830199991768
M411P,-0.099435287590434
M411Q,-1.52033578370625
M411R,1.25721969770321
M411S,-0.0180046184030726
M411T,0.794164408249024
M411V,1.06107238953053
M411W,1.81964185659319
M411Y,-0.220953999394377
S412A,4.85003362247282
S412C,1.48465262436948
S412D,-0.28667479918025
S412E,1.36398600654667
S412F,1.57798383432767
S412G,0.936008046965829
S412H,-2.76613516390045
S412I,-0.169345766074954
S412K,0.82286376450798
S412L,5.7580679732078
S412M,-0.271893062373554
S412N,-0.876598399513634
S412P,-1.06363922558989
S412Q,0.575846507293712
S412R,-0.114769646639038
S412T,0.316537657376898
S412V,-0.179992042495532
S412W,-0.969711907522995
S412Y,-2.59542587215825
S413A,0.38169864002184
S413C,-1.62951484355694
S413D,-0.128138934926185
S413E,-0.157517257672724
S413F,-1.91577072210652
S413G,0.306966727072971
S413H,-0.265265300479004
S413I,4.31039452960267
S413K,0.3297400560092
S413L,0.470620006972263
S413M,0.720935577218027
S413N,0.82930872245367
S413P,-0.898506695311425
S413Q,0.118978716388894
S413R,0.170712719998029
S413T,0.253525761827696
S413V,0.46308707871434
S413W,-0.534102855307609
S413Y,-0.210948409031692
A414C,-0.741780929761725
A414D,-0.0302251952242981
A414E,1.56341788546591
A414F,-0.937680513263233
A414G,1.78990716551035
A414H,1.10055934592543
A414I,-0.92063716221723
A414K,0.582003754098544
A414L,-0.457515961889274
A414M,-0.242279184684643
A414N,-1.69836259581922
A414P,-2.27025679090161
A414Q,-0.881808009351875
A414R,-2.06572255529009
A414S,0.6809110458402
A414T,0.214628609696534
A414V,-1.12618961903821
A414W,-2.76751394036347
A414Y,-1.28192082129549
D415A,-0.845743132615344
D415C,-2.09220983293597
D415E,0.200567138842217
D415F,-2.61701297706634
D415G,0.12606301608167
D415H,-1.09545124573077
D415I,0.202038136319114
D415K,0.154370606081647
D415L,0.317569481114168
D415M,0.116998668990648
D415N,-0.166245100576493
D415P,0.585937369117129
D415Q,0.415537421093111
D415R,-1.15915576446891
D415S,-1.2641156405
D415T,-0.225369799772916
D415V,0.305220606027473
D415W,-0.117060274565117
D415Y,-1.36532052910591
S416A,-0.0942701904201918
S416C,-1.50410380487876
S416D,-0.744626807987103
S416E,-0.261883328240213
S416F,-0.0748175686257077
S416G,0.809425366088483
S416H,0.207203894265737
S416I,-0.0876398647536669
S416K,0.288251255002269
S416L,-3.19664141367232
S416M,-0.503486084593999
S416N,1.02551545870549
S416P,-0.536512789381162
S416Q,-0.874028430661541
S416R,0.862216481290944
S416T,1.376630933772
S416V,0.377168205210936
S416W,-2.27743608104568
S416Y,0.253739250108744
T417A,0.641412861285888
T417C,-0.628430860887719
T417D,-0.296148732003132
T417E,1.59044114062641
T417F,0.921287655652792
T417G,-0.719079301777007
T417H,9.71067919273087
T417I,1.3995367966562
T417K,0.12859427211469
T417L,-0.610428561755241
T417M,0.869130992584567
T417N,1.32942135138999
T417P,-1.38443921525158
T417Q,-0.714262437801559
T417R,1.5316114719473
T417S,-1.00685687076662
T417V,-0.175291256105023
T417W,0.246742081876346
T417Y,5.42710202137417
Q418A,1.18043754906766
Q418C,2.088611001628
Q418D,0.156029118459159
Q418E,-0.0801296350756888
Q418F,-0.133779421031918
Q418G,-0.311021776260764
Q418H,-2.15746859772575
Q418I,0.419866941580498
Q418K,-1.2614841189337
Q418L,1.04870754744512
Q418M,0.53373590675909
Q418N,1.10786226098515
Q418P,2.1611919230299
Q418R,-0.653864089277256
Q418S,0.803058603747646
Q418T,-0.211815676083175
Q418V,2.15580146902229
Q418W,0.985838166402991
Q418Y,-0.711794707178948
A419C,-2.23708114823881
A419D,-1.10761384035009
A419E,0.682726410554862
A419F,-0.657911534965604
A419G,0.181508533126172
A419H,0.468535209839335
A419I,1.16104122470399
A419K,1.97728872853042
A419L,0.607914776733444
A419M,0.825057817173959
A419N,-1.55567281522369
A419P,3.51483895858778
A419Q,-0.223094060889472
A419R,-0.108057789832668
A419S,-0.148281641209848
A419T,1.91695462945323
A419V,0.815841785480082
A419W,2.44756402492995
A419Y,-0.901686518335505
