Mutation,Escape_Score
S2A,-3.92799622765574
S2C,-1.08357496900774
S2D,-0.764403750304628
S2E,-1.09145985265603
S2F,0.598962953602228
S2G,0.509027549481371
S2H,0.0643219178301212
S2I,0.719553793028287
S2K,-0.108379786881307
S2L,0.601628315618852
S2M,-0.887381314636821
S2N,-2.90123958568477
S2P,1.65323963575339
S2Q,-0.19477458011138
S2R,1.65466758445611
S2T,0.198137175145999
S2V,-0.358559797335555
S2W,0.462460088559787
S2Y,-1.35055526436274
D3A,0.933582078732365
D3C,1.7144870209279
D3E,0.540661374448922
D3F,1.39978211392403
D3G,-2.17023214419496
D3H,1.09641227696289
D3I,1.11247246876438
D3K,0.805320912041195
D3L,6.58143988994013
D3M,2.22916735506281
D3N,0.510226984381007
D3P,-1.6902317659689
D3Q,1.46198956481193
D3R,0.43848584380377
D3S,1.19025261093631
D3T,4.23687538496607
D3V,3.86249103165509
D3W,0.852980402430822
D3Y,0.605092201382102
N4A,-0.450665350535891
N4C,0.908393575919819
N4D,-0.264267590704909
N4E,8.14341021523301
N4F,0.463807450008543
N4G,0.640433080196788
N4H,0.630687557010887
N4I,-0.720074580464494
N4K,0.199036080052128
N4L,0.00444315291369329
N4M,0.532114610233866
N4P,0.607538935000153
N4Q,0.309867826533612
N4R,-0.591654042295766
N4S,-1.66279090999601
N4T,-2.3114383306807
N4V,0.603127725332575
N4W,-0.718005683201577
N4Y,0.0453088761071838
G5A,-0.366916833537227
G5C,0.545199538240199
G5D,0.55963727026053
G5E,-0.436578635533731
G5F,1.30933658371755
G5H,-0.876615378093843
G5I,0.0552435374054734
G5K,-0.903552454354654
G5L,0.25945254638685
G5M,0.504201249160883
G5N,0.384473535880531
G5P,-0.794292918879741
G5Q,-1.81018967114165
G5R,2.47111023453059
G5S,-0.0941211942636485
G5T,-0.026468192584218
G5V,0.749554732688759
G5W,0.187405387431421
G5Y,0.653034385997604
P6A,1.42264061659728
P6C,1.95325046225297
P6D,-1.22385285292579
P6E,-1.86341571278742
P6F,-1.66484752754849
P6G,1.28108081047296
P6H,1.27416609156575
P6I,0.258870568977961
P6K,1.57144630345961
P6L,2.41274779279682
P6M,-0.427897885221014
P6N,-0.436027649358258
P6Q,0.128167887193119
P6R,-1.77569171625644
P6S,0.464539314306369
P6T,-0.496273282447095
P6V,-0.635502714613225
P6W,0.308906307205281
P6Y,-2.46689177053507
Q7A,0.817732391536757
Q7C,1.32001113504963
Q7D,-0.788114298245322
Q7E,0.480759222326192
Q7F,-0.411694495156412
Q7G,0.919141577012155
Q7H,0.00754673352958081
Q7I,-0.237784600350278
Q7K,-2.02305303846586
Q7L,-0.0038579551628899
Q7M,-0.202309819815019
Q7N,-0.335289183841671
Q7P,-0.0249335725194648
Q7R,-0.972377327281167
Q7S,1.10021944847006
Q7T,0.579672833540841
Q7V,5.34368665592142
Q7W,-0.141414885246741
Q7Y,-1.30743213732317
N8A,0.408364461825873
N8C,1.16026848934818
N8D,-0.344578971430372
N8E,-0.686051119137308
N8F,-0.125153489174084
N8G,-1.64062350638128
N8H,-1.25884025292998
N8I,0.6146482395086
N8K,0.804260750641302
N8L,0.554956488101952
N8M,0.489808408336754
N8P,1.3993795977055
N8Q,1.06761228564602
N8R,-0.086103531108654
N8S,-0.980197435852995
N8T,-1.33540776861954
N8V,-0.660876120920738
N8W,-1.0039653294627
N8Y,0.610990012074041
Q9A,1.14264990090316
Q9C,-1.14581017949319
Q9D,-0.333739366647846
Q9E,0.319814947703319
Q9F,0.498875183808436
Q9G,1.06195156308472
Q9H,-0.709250479952066
Q9I,1.4810317775658
Q9K,1.02231502631638
Q9L,-0.865130474686004
Q9M,-0.0991554620897006
Q9N,0.221936798204299
Q9P,1.35358740420131
Q9R,0.395919853046885
Q9S,0.222081676221992
Q9T,-0.0512679090166923
Q9V,1.09252246957675
Q9W,0.22917987728062
Q9Y,2.72888064819174
R10A,-0.610392127730668
R10C,0.378425005295752
R10D,-0.984535728674386
R10E,0.295742558793045
R10F,0.0566174292753781
R10G,0.228116781428832
R10H,-0.853699591319044
R10I,-0.654393315863058
R10K,0.983565534851732
R10L,0.265060775706262
R10M,-1.04313067880124
R10N,-1.04076066901182
R10P,1.13667295327784
R10Q,0.039694186151192
R10S,0.167724610136509
R10T,-1.02594576902677
R10V,-0.488115988435633
R10W,-0.552656481470678
R10Y,-0.923582044542547
N11A,0.966520518555571
N11C,-0.450572594309033
N11D,-0.854331918734796
N11E,-2.05028583952743
N11F,0.602014180539876
N11G,0.864741994576051
N11H,0.348913091880675
N11I,-2.43480956144187
N11K,0.693780478172548
N11L,-0.113674589183427
N11M,-0.030848701735037
N11P,-1.80156181062403
N11Q,1.22132985355079
N11R,0.897858672226659
N11S,0.724044777357449
N11T,-1.41274186064183
N11V,-0.0235385456868614
N11W,-0.7969078832151
N11Y,0.180707168625255
A12C,-0.53647842401336
A12D,-1.47874208842096
A12E,-2.93519451163486
A12F,-0.214747963336072
A12G,-0.913926704816824
A12H,-1.43082761000416
A12I,-0.429220797089031
A12K,1.73201806244111
A12L,0.418526054700477
A12M,-0.544979896066163
A12N,0.385800819227999
A12P,1.32604037747899
A12Q,8.14341021523301
A12R,0.795599395914239
A12S,-0.612185180837715
A12T,-1.67532966581684
A12V,0.212803954322045
A12W,0.579677913637208
A12Y,0.187783729552605
P13A,-2.21784807211461
P13C,0.962651193107421
P13D,4.06845768148417
P13E,1.99423442278617
P13F,0.170793303520606
P13G,-0.307608467883446
P13H,-1.20918741492892
P13I,-1.80336593348057
P13K,-2.09752038829319
P13L,0.310852127512516
P13M,-0.076788076316394
P13N,0.325632451884519
P13Q,-0.540249374682205
P13R,-1.44328905309578
P13S,0.962529722544576
P13T,1.32560778127704
P13V,0.147934900711032
P13W,-0.190771571444034
P13Y,0.240979685301555
R14A,0.402551931416248
R14C,0.77386595411629
R14D,-1.24543896071313
R14E,0.790094254997995
R14F,-0.228622156532211
R14G,1.13585648969808
R14H,1.00485299477037
R14I,-0.795239420618767
R14K,-0.277297595943432
R14L,-2.68238320688913
R14M,-0.601103171149494
R14N,-0.733738163190182
R14P,-0.76653863882135
R14Q,-0.243097589048108
R14S,-1.45198786803023
R14T,0.215114770364007
R14V,0.625350756437995
R14W,-0.930746543075237
R14Y,0.890918195381796
I15A,-0.106485048664621
I15C,0.0790490383270985
I15D,0.178436790340994
I15E,-0.211201088231926
I15F,-1.07252832513467
I15G,-0.670318544926684
I15H,2.00712934220535
I15K,-0.0874657985644095
I15L,-1.99220752008779
I15M,0.129947953138504
I15N,-3.29654658566365
I15P,0.827951525480232
I15Q,-0.910470035919036
I15R,1.77397860332044
I15S,-1.45423408856185
I15T,1.2135679672077
I15V,-0.26335365633236
I15W,0.178051253761925
I15Y,-0.134527459531476
T16A,0.76733187979417
T16C,2.71317233882528
T16D,0.465007747739347
T16E,1.06805912506086
T16F,1.03836950267284
T16G,1.74582339525518
T16I,0.313788139056939
T16K,0.209215645558362
T16L,0.161636316644186
T16M,0.474893468332554
T16N,0.0186231415657015
T16R,1.24604169465765
T16S,0.225062872329265
T16V,1.27987522135533
T16W,0.226478779591671
T16Y,0.87678672750893
F17C,2.57874725454302
F17D,0.567833186897237
F17E,-0.249019118633151
F17G,1.13082030621471
F17H,0.437048577559181
F17I,0.322138309229365
F17K,2.33289710407434
F17L,0.542068509682324
F17M,1.45345876937102
F17N,1.29213375359438
F17P,-0.758847070210908
F17Q,0.94245434615103
F17R,-0.825589216670648
F17S,0.47318260655088
F17T,-0.216984889007046
F17V,0.205018823568978
F17W,0.0130152829320186
F17Y,-0.0225224526917489
G18C,-0.204176052850783
G18D,-0.477742199621332
G18E,-1.19737232341109
G18F,0.64721774240964
G18H,-0.13226500797087
G18I,0.777866856804995
G18K,1.1410735709682
G18L,0.394213996928477
G18M,1.04164131306273
G18N,0.23132019340198
G18P,0.56303662863036
G18Q,1.78779959542635
G18R,-0.633421041743896
G18S,4.11961658784632
G18T,-0.606954322082695
G18V,1.13494584615302
G18W,0.0962008746501975
G18Y,-0.247354472153
G19A,-0.349308061846123
G19C,-0.104841271720266
G19D,0.630012371593023
G19E,-0.841644387236636
G19F,1.47366455902392
G19H,-0.448739184402636
G19I,-0.909024656896464
G19K,-0.610772990492784
G19L,0.930152898782599
G19M,-0.867432609214176
G19N,0.920984154541309
G19P,0.090951030286497
G19Q,-1.17297269139819
G19R,-0.940591163990167
G19S,1.10001822414764
G19T,0.524301122602646
G19V,0.442755636441697
G19W,-4.48561575023864
G19Y,-0.719077288986523
P20A,0.017364276830848
P20C,0.416459217729652
P20D,2.57649543403249
P20E,2.34012603422152
P20G,-1.29990743642322
P20H,-0.527472578668843
P20I,-0.0611823472113494
P20K,0.210336978282669
P20L,-0.127059135296039
P20M,-0.0129717628409462
P20N,-0.440835533670935
P20Q,1.44293802705971
P20R,-0.995156010471846
P20S,0.88307936890957
P20T,0.318723115776542
P20V,0.284778401359438
P20W,2.16494580990188
P20Y,-0.613978015708974
S21A,0.194132984921122
S21C,0.574035505513944
S21D,1.14953690255736
S21E,0.683631388573668
S21G,-0.722276069370104
S21H,0.921792204532767
S21I,0.613793568880891
S21K,0.411531331920757
S21L,3.83177967204664
S21M,0.149223409389417
S21N,1.26888967260237
S21P,0.333053273262705
S21Q,0.939653385546037
S21R,0.0825207909035313
S21T,0.0379186406443346
S21V,-1.66247010094206
S21W,0.034901280062348
S21Y,-1.04489699435332
D22A,1.53874857094893
D22C,1.37559558286419
D22E,0.061787551103631
D22F,-1.36595775984496
D22G,-1.25027083600692
D22H,0.559963965988771
D22I,-0.218408272895579
D22K,-1.35248398374872
D22L,0.836400082626307
D22M,0.380811614682525
D22N,-1.11607191267897
D22P,-0.453607089112959
D22Q,-0.295621873894535
D22R,0.639394654421078
D22S,-2.20997583448358
D22T,-3.56358499514144
D22V,-0.528777421519942
D22W,-0.467104132121005
D22Y,-0.232823836777794
S23A,0.601399207555227
S23C,0.557756576618101
S23D,1.26417230544998
S23E,-1.22297232789853
S23F,-0.227060221086421
S23G,2.13532331783307
S23H,-0.571774807784655
S23I,-0.305637244359794
S23K,-0.232473319831293
S23L,0.236968325636993
S23M,0.110505967741097
S23N,1.44283011581389
S23P,0.241889348864313
S23Q,-1.75601390103922
S23R,0.551397757857167
S23T,-2.25014236871229
S23V,0.537594559661406
S23W,0.678133511367395
S23Y,1.1149167692456
T24A,-0.376547986170437
T24C,0.797575154938399
T24D,0.995733139470688
T24E,0.0349253648234273
T24F,-0.181025566552687
T24G,5.8401582659668
T24H,-1.92564171385729
T24I,-0.306987068939508
T24K,-0.756842597084532
T24L,-0.499903886964021
T24M,-0.726392757439159
T24N,0.404217781091951
T24P,0.869454905515017
T24Q,-0.28870605594442
T24R,2.44213646399466
T24S,-0.0954088646008339
T24V,0.549812139943464
T24W,0.59716989065344
T24Y,0.284304908924986
G25A,-1.1828368768312
G25C,0.533303341726656
G25D,-1.37011409556546
G25E,-1.12112258963928
G25F,-0.557209155005915
G25H,2.46158168222121
G25I,-0.13556212367936
G25K,0.891074137972446
G25L,1.22314111530275
G25M,1.86932427180911
G25N,-1.00433026383743
G25P,4.64225313586278
G25Q,0.0405048113075692
G25R,0.310764744196061
G25S,1.51604583721601
G25T,0.61530572992195
G25V,0.47336590344341
G25W,-0.909251672109732
G25Y,-1.17371030822291
S26A,0.657153441210837
S26C,-1.12187053198014
S26D,0.192786163394221
S26E,0.0990933155179146
S26F,2.27270030927316
S26G,-1.14398745552439
S26H,0.938327240006849
S26I,-0.308044954108888
S26K,1.95486831167047
S26L,-1.51236120768029
S26M,-0.339429612204772
S26N,-0.539996776387727
S26P,0.45722531267202
S26Q,-0.702638777136772
S26R,-0.413207473506788
S26T,0.132877706996199
S26V,-1.05525192148653
S26W,-0.0960853707993447
S26Y,0.073281623427749
N27A,0.314524074784804
N27C,-0.756673513271696
N27D,0.754687568789199
N27E,0.381255699506929
N27F,0.169162367934865
N27G,1.48072711972643
N27H,-1.32242659077594
N27I,-0.105173018582464
N27K,0.677313550451313
N27L,0.643120211430495
N27M,2.15221413921603
N27P,0.0644774363404122
N27Q,-0.322279445277403
N27R,0.071903020025432
N27S,1.09648150468003
N27T,2.00546639140507
N27V,-0.620310235158556
N27W,2.7776708314804
N27Y,0.947950965297258
Q28A,0.107745470471733
Q28C,1.44823952492266
Q28D,-0.00610177034927864
Q28E,0.962721316172216
Q28F,-0.413484020601411
Q28G,0.767212696693567
Q28H,-0.962870035898973
Q28I,0.876591764403928
Q28K,-0.360095146979824
Q28L,-0.894772505255385
Q28M,1.96744760998478
Q28N,-0.165332701661493
Q28P,0.0644373019178882
Q28R,-2.28644571307367
Q28S,1.99355593900314
Q28T,-0.196175760997712
Q28V,-1.15814633068314
Q28W,0.112721318440367
Q28Y,-0.978415370210247
N29A,-1.06854829340896
N29C,-0.751241159345891
N29D,-0.0380530523612953
N29E,-0.789422957388385
N29F,0.267694016488053
N29G,1.24477214761153
N29H,1.0767199160463
N29I,-1.82701517898487
N29K,-0.185198957818088
N29L,0.299766020497284
N29M,0.494390450748215
N29P,0.837975731179363
N29Q,-0.620090968712881
N29R,-0.940444391992432
N29S,0.840763669763905
N29T,0.0921559138925816
N29V,1.39266935088475
N29W,-0.73204305300265
N29Y,0.0599860103657236
G30A,-1.97634612795627
G30C,0.638925095748913
G30D,0.228555859986159
G30E,3.22397450165322
G30F,-1.00854359782045
G30H,-0.349256892526691
G30I,-0.778221852598937
G30K,0.630794792497156
G30L,-0.173736106125271
G30M,0.33446352933055
G30N,0.596667892567136
G30P,-0.0681994962677992
G30Q,1.09215732631675
G30R,0.548803435070529
G30S,-0.758051775621909
G30T,1.16858602960732
G30V,0.758073677624262
G30W,-0.970660624288276
G30Y,0.201893298307541
E31A,1.47250006667282
E31C,-0.982797432201861
E31D,0.293896993141414
E31F,-2.45856772928403
E31G,0.0826001275336259
E31H,2.72436106095888
E31I,-0.421924123851652
E31K,1.20838673727157
E31L,1.45851146897559
E31M,-0.343591275624733
E31N,-0.581323114688861
E31P,1.53376345391464
E31Q,0.875626312174271
E31R,0.880088929601855
E31S,-1.35204135889432
E31T,-0.250735659591187
E31V,2.74321162591526
E31W,-1.419959049029
E31Y,1.08274623968756
R32A,-2.57771424425355
R32C,1.12245363607536
R32D,0.328079210319199
R32E,-0.229816849736081
R32F,0.350685644710411
R32G,0.296821891464628
R32H,0.688713219456616
R32I,0.874911907857332
R32K,0.20278355304344
R32L,-1.77208763295378
R32M,-1.42239000688508
R32N,0.093687157479159
R32P,0.151697578345945
R32Q,1.52428588204023
R32S,-0.596550896222757
R32T,-0.207460425652401
R32V,-0.543410353853443
R32W,2.0422271645906
R32Y,1.7920695999682
S33A,0.291398304530388
S33C,-0.606825596064241
S33D,1.62404484051692
S33E,1.0163791934991
S33F,0.157056042099912
S33G,0.800476556942636
S33H,-0.859217193963421
S33I,0.0255065599112051
S33K,1.61105292507534
S33L,0.553983383008149
S33M,1.17462896447286
S33N,2.32740204193721
S33P,-0.323008476154982
S33Q,-0.649469386196751
S33R,4.03715730003845
S33T,-1.78506930157492
S33V,-0.912640359222735
S33W,0.579190429795012
S33Y,0.628408470530511
G34A,-1.39242146842988
G34C,-0.287251947573175
G34D,-0.186014445432939
G34E,0.982458331273733
G34F,-0.306116763711674
G34H,0.130358670430779
G34I,0.0102477524657981
G34K,0.134162987376289
G34L,-0.131038684468394
G34M,0.149040225838341
G34N,2.1135786288697
G34P,-0.862887257359637
G34Q,-0.242815432840494
G34R,0.326056027704554
G34S,-0.599876565876291
G34T,-0.0401775660845441
G34V,-0.955459919305865
G34W,0.191418581758616
G34Y,2.13694599838487
A35C,0.246577064726518
A35D,1.64618039718817
A35E,-0.667948107704724
A35F,0.360080951862828
A35G,-0.143677807665722
A35H,0.842570119082693
A35I,0.836861412472797
A35K,0.197903742634974
A35L,-0.706943638040977
A35M,-1.46321801047911
A35N,0.347334834079817
A35P,1.54022010407732
A35Q,0.470744323898191
A35R,-1.01332236274033
A35S,-1.03440633706057
A35T,1.69785175996492
A35V,-0.261496713104201
A35W,0.78951151393411
A35Y,-0.0551239338446192
R36A,-1.04075984472796
R36C,0.243239109554421
R36D,-0.217149530830106
R36E,0.306709294708371
R36F,1.63112379524674
R36G,0.0481478735252594
R36H,-0.224010256878736
R36I,0.841473675212299
R36K,-0.0542838905541604
R36L,-0.37670503668093
R36M,3.45769919178406
R36N,-0.256353150510111
R36P,0.924590339644835
R36Q,0.150004489410775
R36S,0.477089866884271
R36T,0.769533097133545
R36V,-0.171185510650167
R36W,0.521313281923099
R36Y,0.0591330712385515
S37A,-0.67473533876227
S37C,-0.248806112497058
S37D,0.135560383579097
S37E,0.504223023228855
S37F,-0.558102210387841
S37G,1.35959277536722
S37H,0.317270149002799
S37I,0.827547277977125
S37K,-0.240253425599909
S37L,-0.267552759080067
S37M,-1.48379964626108
S37N,-0.0895395652242574
S37P,3.19064135706823
S37Q,0.529885532934426
S37R,0.17127855007086
S37T,0.00833935991790743
S37V,-0.437292419865927
S37W,-0.92970177191495
S37Y,0.160963262442961
K38A,0.363531186503695
K38C,0.498472377518011
K38D,0.807498891450605
K38E,0.593212446955009
K38F,0.972852933919303
K38G,0.608995768212507
K38H,0.494981439834703
K38I,2.73444493657917
K38L,-0.105545635738411
K38M,0.345048103810828
K38N,0.404145860396346
K38P,0.451905789876301
K38Q,-0.00978029244746263
K38R,0.587441426577137
K38S,1.23678381513698
K38T,1.28475969380836
K38V,0.105212709962972
K38W,0.927602316509744
K38Y,0.764625985212438
Q39A,0.762775432255199
Q39C,0.788812475933947
Q39D,0.0818931171773549
Q39E,0.472921153457893
Q39F,0.23309102954349
Q39G,-0.26647251973236
Q39H,-0.218665273420402
Q39I,0.965213561451629
Q39K,0.745412385552057
Q39L,2.79581665526193
Q39M,0.100887991100674
Q39N,0.82595048511637
Q39P,0.692742723177267
Q39R,0.193849301911679
Q39S,-0.970876121969477
Q39T,0.668081882530874
Q39V,0.207195461279468
Q39W,-0.115697609159877
Q39Y,1.20702521787802
R40A,-0.111515410048326
R40C,1.32064699758397
R40D,0.272158815214933
R40E,-0.472270147024988
R40F,0.387851558145657
R40G,-0.00475923867570234
R40H,-0.37244166831958
R40I,-0.199891750179458
R40K,-1.51106712136229
R40L,1.33740855067101
R40M,1.19041975273818
R40N,-0.604796491983381
R40P,-0.10368312370727
R40Q,0.299495547915551
R40S,0.471719507435762
R40T,1.04235433681317
R40V,-0.0870204948212222
R40W,0.302656051993055
R40Y,0.646803416590446
R41A,0.705003343796549
R41C,2.29735480383789
R41D,-0.0572284039130338
R41E,-0.141215965951331
R41F,-0.218929088128126
R41G,1.23094794408804
R41H,-0.240698877263612
R41I,-1.04705767477315
R41K,3.13797291906702
R41L,-0.168274410111782
R41M,2.28933424412155
R41N,0.00258451668933893
R41P,-1.42773503666902
R41Q,0.120117083488027
R41S,0.226963631225197
R41T,-0.200840929041828
R41V,0.771462679523137
R41W,-0.409800984265593
R41Y,0.658339641418914
P42A,-1.38482023611275
P42C,-0.874320468613353
P42D,-1.42902780804472
P42E,0.178315171778051
P42F,-2.22968194725326
P42G,2.31606506638205
P42H,1.51313221481172
P42I,0.935740157508673
P42K,2.99416413687202
P42L,0.380068351397026
P42M,0.311362834756522
P42N,-1.93296587288314
P42Q,0.0509793838311726
P42S,-0.188119897680498
P42T,-0.485530102610755
P42V,-0.415343762431231
P42W,-1.20640719303338
P42Y,0.977349415155771
Q43A,0.12752193494262
Q43C,-0.397128908241996
Q43D,-1.44525379499415
Q43E,-0.30892273485128
Q43F,0.744301781792998
Q43G,-1.07618828871551
Q43H,1.63299088773712
Q43I,-1.2828299690989
Q43K,1.77647847904086
Q43L,-0.310653524999762
Q43M,0.712547435692963
Q43N,1.59625634955704
Q43P,-0.763257695564845
Q43R,-0.997563749717792
Q43S,-0.785438154084021
Q43T,1.03303544355625
Q43V,0.313935826457634
Q43W,-0.0292748341990398
Q43Y,0.3844880888026
G44A,-1.45565769199829
G44C,1.433436337192
G44D,0.352670247772957
G44E,0.779929691747529
G44F,0.982106809137542
G44H,1.33178067255731
G44I,-1.07763683030988
G44K,0.118230743253221
G44L,-0.818056872015286
G44M,0.122993433783468
G44N,1.35955911025659
G44P,-1.04889012417519
G44Q,-0.334530921342245
G44R,-2.81271880504021
G44S,-0.559453219961868
G44T,-2.27477715179075
G44V,-0.311038743204877
G44W,-0.291038762293038
G44Y,-1.03895995124237
L45A,0.383906600425101
L45C,-0.740329263986147
L45D,2.37230225859049
L45E,-0.0258744350352354
L45F,0.136761843219293
L45G,-1.39389295656869
L45H,-1.78482592955214
L45I,-0.53634419607211
L45K,-0.0637841085764339
L45M,-1.25242527526466
L45N,0.779343862113223
L45P,-0.523498237997161
L45Q,0.222143729566174
L45R,-0.200698818568235
L45S,-1.38482023611275
L45T,1.97883317818295
L45V,-1.27980390132107
L45W,-0.0768144893916481
L45Y,-0.0688366391614234
P46A,1.16972466236724
P46C,0.119199875396425
P46D,0.779933701417244
P46E,0.61424564366013
P46F,2.32255786326675
P46G,-0.0704214860986426
P46H,-0.2821312961826
P46I,-0.0669829426086492
P46K,0.169368086545501
P46L,0.63003579733582
P46M,1.46046054591025
P46N,0.857452337414792
P46Q,-0.63325679656821
P46R,0.586512674230759
P46S,0.622915839343648
P46T,0.332992420061742
P46V,-0.385382709060724
P46W,1.71100536543588
P46Y,-0.00421169536023325
N47A,2.22689331415618
N47C,-1.65926339734372
N47D,0.258212154292792
N47E,0.175620257552559
N47F,0.106345323773841
N47G,1.30154558837483
N47H,0.125059423165522
N47I,1.38490510971465
N47K,0.93585646586372
N47L,-0.518407833968441
N47M,-0.0665207663841967
N47P,0.605203321328909
N47Q,0.262131610344921
N47R,0.394056411645682
N47S,-0.428742771199173
N47T,-1.18384449520129
N47V,-0.53678801513084
N47W,0.660366418249288
N47Y,2.44665750113802
N48A,-1.04568448558294
N48C,-0.920448677544317
N48D,0.110440156321437
N48E,-0.770687741419033
N48F,0.679369189429532
N48G,-0.077526188943947
N48H,-1.63668876405799
N48I,-0.00379283520581789
N48K,-0.547383124219266
N48L,-0.584724037228234
N48M,1.55227532069688
N48P,0.499441223437942
N48Q,2.87694003378307
N48R,-0.958146090554513
N48S,3.46103389073391
N48T,1.28263281143332
N48V,0.294670077454626
N48W,-0.588047792498366
N48Y,1.20682281696537
T49A,-0.278038202859146
T49C,-0.0169102987916873
T49D,-1.39191826151073
T49E,0.849547878336761
T49F,0.729455289185171
T49G,-0.568926369635244
T49H,-0.533141542458123
T49I,1.54197239795502
T49K,0.487067383088375
T49L,-1.34812494957768
T49M,-0.403088845004597
T49N,-0.448632001380035
T49P,-0.351008916501305
T49Q,-0.365471959039154
T49R,-0.527451576855276
T49S,0.311414644599128
T49V,0.523300512975425
T49W,1.47381964135143
T49Y,-0.642009811785059
A50C,-1.06634574399901
A50D,1.23551161263264
A50E,-0.0511210503772554
A50F,0.132650784793744
A50G,0.305528862548973
A50H,0.514277313684613
A50I,0.161513493122155
A50K,2.62991786079188
A50L,0.320547169089779
A50M,0.932460622828086
A50N,0.183014946926659
A50P,-0.246761331678167
A50Q,-0.190536437407571
A50R,1.68610187647409
A50S,-0.876613238287815
A50T,0.824626582594557
A50V,0.610854293373032
A50W,0.0802303262303404
A50Y,1.40742158323505
S51A,0.320260379113335
S51C,-1.72127062618716
S51D,1.0173112169256
S51E,0.321893678272523
S51F,2.02761879223084
S51G,-0.64106558758113
S51H,0.664984707758367
S51I,0.895221138302036
S51K,0.4367397114583
S51L,0.0226942624298343
S51M,2.02770269991161
S51N,0.258732291674276
S51P,0.226328790839233
S51Q,0.847936384903757
S51R,0.283039023228515
S51T,-0.289358704483767
S51V,1.35685576383625
S51W,0.442724338857099
S51Y,-0.139777180353694
W52A,1.6221968446037
W52C,0.565024403820584
W52D,0.360248992979603
W52E,1.41839396905941
W52F,-0.513993525160372
W52G,-1.2347740920625
W52H,0.0668637161991875
W52I,-0.241855060759959
W52K,1.14098541627149
W52L,0.285181261557764
W52M,-1.63473385419242
W52N,0.721422378410396
W52P,0.130372646496721
W52Q,0.76452172468006
W52R,0.528389376975513
W52S,-0.372877674700086
W52T,0.584095270086518
W52V,1.11831799942231
W52Y,0.824506684990601
F53A,-0.308372542186449
F53C,0.271146280659347
F53D,0.210945099665542
F53E,0.346007034552307
F53G,0.281845062210963
F53H,0.873839115881192
F53I,0.691242262087893
F53K,1.06386176009363
F53L,0.288707787340394
F53M,0.435749488442668
F53N,0.126635908667463
F53P,0.514766254742824
F53Q,4.84281532106958
F53R,0.0345259426902786
F53S,1.59999544474032
F53T,1.48763248359693
F53V,-0.121500701718811
F53W,0.347549490297021
F53Y,0.063591740324653
T54A,-3.45054106164512
T54C,0.799828095298257
T54D,0.611016432666
T54E,0.440215389699133
T54F,0.529017786952279
T54G,0.477121573923793
T54H,0.286943079699785
T54I,0.777339491170213
T54K,-0.285253753252809
T54L,-1.01918819393623
T54M,0.235621147595702
T54N,2.21204884243944
T54P,-0.0484780119479758
T54Q,1.0153025501628
T54R,2.10286997433627
T54S,0.584314924011947
T54V,-0.166130069702652
T54W,1.65558832723203
T54Y,0.0120697458201291
A55C,-0.776014278092929
A55D,2.42396476044368
A55E,0.0974352311422107
A55F,-0.135622247925204
A55G,-0.397988842897302
A55H,-0.2020166022946
A55I,0.425371431800352
A55K,0.0898351615016287
A55L,1.74304515078488
A55M,-0.309366142461152
A55N,0.255558356636438
A55P,-0.871402989773146
A55Q,-0.34275814821517
A55R,0.984029476103931
A55S,0.0326771250000764
A55T,1.77901299331283
A55V,1.01995029968185
A55W,0.920920863844433
A55Y,-0.349704595823516
L56A,2.77134160535037
L56C,0.279399981412801
L56D,-0.224867382546424
L56E,1.33483491347381
L56F,1.46860549456166
L56G,-0.020043549464211
L56H,1.44131183651441
L56I,-0.0208954843299618
L56K,2.78366267120631
L56M,-0.283249206325611
L56N,1.7885972558861
L56P,1.49766499247002
L56Q,0.059375297186522
L56R,-0.0156094583715948
L56S,0.628832952664953
L56T,3.27609644919848
L56V,-0.404322528021196
L56W,1.82339897972299
L56Y,-0.587535328696073
T57A,-1.38496954547737
T57C,-0.315103877221012
T57D,0.0211965998207637
T57E,0.278217088610369
T57F,-0.812194821628356
T57G,1.01415180969031
T57H,-0.565163786366671
T57I,0.155379875938688
T57K,1.80519697926601
T57L,-0.0723120996364977
T57M,-0.54811626524078
T57N,0.430616209905084
T57P,0.135413877511769
T57Q,0.815792187666918
T57R,-1.37220427288184
T57S,-0.365522158001565
T57V,0.482348049582943
T57W,0.175163848926795
T57Y,-0.687435665778693
Q58A,0.266192083390821
Q58C,-0.401587220336163
Q58D,-0.595973512565241
Q58E,-1.00223536089551
Q58F,-0.26464129011253
Q58G,-0.546422733452318
Q58H,0.753290860234457
Q58I,1.0213462471526
Q58K,1.50519213278906
Q58L,-0.0137699959152709
Q58M,0.861827009482692
Q58N,-0.843732541404576
Q58P,0.53811144545937
Q58R,1.12252661853582
Q58S,-0.421238101320857
Q58T,0.64540332269737
Q58V,0.942880695005497
Q58W,-0.245273318961042
Q58Y,-0.713275093980255
H59A,-0.705637373040855
H59C,0.243911473348479
H59D,0.28937279582387
H59E,-0.838133667450652
H59F,-1.56654351503989
H59G,0.568744810125178
H59I,-0.625958204413815
H59K,2.4330885909783
H59L,-1.14377536046037
H59M,0.617333478838096
H59N,-1.12985006363215
H59P,0.948261153706349
H59Q,1.4274329438718
H59R,-1.61477828076185
H59S,0.232096515643343
H59T,0.572465707636743
H59V,-0.827101744293097
H59W,0.342673036670224
H59Y,1.12280107448796
G60A,0.137042357587265
G60C,1.45712458107558
G60D,-0.745105061566849
G60E,0.151578948747973
G60F,1.44206183747334
G60H,-0.189647989659317
G60I,0.366978332299097
G60K,-0.446779753558735
G60L,-0.468243715038483
G60M,0.429036432293156
G60N,-0.626290782088153
G60P,-1.60815039231493
G60Q,1.14043791550122
G60R,-1.34355420901863
G60S,1.59684876585997
G60T,0.814449947035032
G60V,-0.256416735883902
G60W,2.62517731058209
G60Y,0.186836082072798
K61A,0.808594279292569
K61C,-0.330617252118375
K61D,0.446107260033618
K61E,-2.19027021457758
K61F,0.475116525608767
K61G,0.126786585047937
K61H,1.69775831035181
K61I,-0.419644122096742
K61L,0.326762907571313
K61M,-0.406935101076559
K61N,-0.0477061717380322
K61P,-0.213625588709209
K61Q,-0.3004089714191
K61R,0.0281885502917031
K61S,-1.69304172477757
K61T,1.5017328373095
K61V,-0.0812460561849536
K61W,0.521223058061148
K61Y,0.188190627579924
E62A,-1.50867083424262
E62C,-1.81981451377235
E62D,-0.308263593600996
E62F,0.813399235322229
E62G,0.346019694765924
E62H,-0.122793813992081
E62I,-0.332012589869179
E62K,0.868367211737451
E62L,-0.107176658463576
E62M,0.80301741376035
E62N,-0.882816468839006
E62P,-0.401876993348546
E62Q,2.07614204290941
E62R,1.21781007460709
E62S,-0.731001968755844
E62T,-0.569389291642936
E62V,-0.539750457594061
E62W,0.537347229460077
E62Y,-1.22499131668755
D63A,-0.465152652044422
D63C,0.972057191721559
D63E,1.20034600558495
D63F,0.27396840857158
D63G,0.271087004820976
D63H,-1.31033795286352
D63I,0.0763440840630381
D63K,2.45929646092306
D63L,0.314046264765293
D63M,1.11205882537928
D63N,0.34428064819908
D63P,-0.390476166459704
D63Q,-0.382533376298981
D63R,6.39715834353773
D63S,0.930585082119937
D63T,4.4405106120036
D63V,0.966581224780938
D63W,1.39662893114117
D63Y,-0.687639467314717
L64A,1.38273682203124
L64C,0.687816850847972
L64D,3.47877656888484
L64E,-0.097364288865286
L64F,2.26811144188637
L64G,-0.0673616383235719
L64H,0.632505938990266
L64I,-0.49596251741817
L64K,-0.637226907644787
L64M,-0.827533785427522
L64N,0.182955897202766
L64Q,0.986605198134255
L64R,1.85186878965461
L64S,-2.92103263147812
L64T,-1.39959726819147
L64V,0.946996570634245
L64W,0.476178427208347
L64Y,0.687859094390621
K65A,0.739824550065897
K65C,-0.574909449914775
K65D,-0.0223906782463438
K65E,-0.703038901550188
K65F,0.447181426241012
K65G,-0.137346038982236
K65H,1.13091302140621
K65I,2.39263748877425
K65L,1.47181216933145
K65M,-0.247181879631153
K65N,-1.01808355093843
K65P,1.47866520273994
K65Q,0.785990034231517
K65R,-0.204714682099001
K65S,0.666307689461485
K65T,0.191379061293516
K65V,0.740631346518994
K65W,2.41968802870203
K65Y,0.345465525842419
F66A,-0.417103326937273
F66C,1.51186154408226
F66D,1.43506139414729
F66E,-1.2334140694864
F66G,1.03101611975959
F66H,0.124081649604044
F66I,0.119504288250662
F66K,-1.12719660571661
F66L,0.855555631355838
F66M,0.317923605445309
F66N,3.30477091833372
F66P,0.539733057412694
F66Q,4.22552271894534
F66R,-1.11161936235283
F66S,-1.11240266411253
F66T,-1.14089691207842
F66V,0.662867681625958
F66W,1.49503377530725
F66Y,0.124472773822068
P67A,0.40488925457472
P67C,1.15664905329588
P67D,-1.58624496890748
P67E,-0.305411337836918
P67F,0.845830886914381
P67G,1.28707047688301
P67H,0.549688172277884
P67I,-0.896671082087776
P67K,-0.00618627859490185
P67L,0.72240513536433
P67M,-0.445497253370608
P67N,0.572810523014348
P67Q,-0.686434495736201
P67R,1.83902204640267
P67S,-0.493926689772081
P67T,-0.265194983782549
P67V,-0.492286080602081
P67W,1.60186921350953
P67Y,0.45787541211654
R68A,-0.925031390193016
R68C,0.562053368004713
R68D,1.25876924451282
R68E,0.856696188820678
R68F,1.48416586122213
R68G,0.747237182684842
R68H,5.00544813619614
R68I,0.502124576058909
R68K,-1.11773037958739
R68L,0.936509410856816
R68M,-0.692452102250875
R68N,-0.554933614867376
R68P,-2.00367748715695
R68Q,1.5914723008884
R68S,2.21718200967603
R68T,-0.936961151388375
R68V,-0.310197082435353
R68W,-0.255370252254346
R68Y,0.766972523426146
G69A,-0.171577095844623
G69C,1.15800686957016
G69D,-0.702627648771648
G69E,-0.456732715669372
G69F,-0.184175836564782
G69H,-0.306773311363634
G69I,0.885011204087294
G69K,0.0120539348823899
G69L,0.4758388317563
G69M,0.527795241965215
G69N,1.04820273542129
G69P,-0.490613559718567
G69Q,0.35326832157053
G69R,-0.102956854568294
G69S,0.540110087871412
G69T,0.838162020407708
G69V,0.0825602660192502
G69W,-0.992765761108393
G69Y,-1.35419654977533
Q70A,1.14832370850978
Q70C,0.425779077455493
Q70D,0.249434011729906
Q70E,0.0226973768406626
Q70F,-0.224128013954509
Q70G,1.01025238725456
Q70H,1.35551725084285
Q70I,0.187783729552605
Q70K,-0.527406345580416
Q70L,0.44836473158612
Q70M,1.35375252441445
Q70N,-0.743784979129847
Q70P,0.652377664913867
Q70R,1.78307304371328
Q70S,-0.957676909121413
Q70T,-0.30693877594055
Q70V,0.384842861768637
Q70W,-0.0239398829434401
Q70Y,0.401626879520204
G71A,2.05695325606964
G71C,-0.607375923812128
G71D,0.871119235620928
G71E,-0.143063014600764
G71F,-1.12655457656695
G71H,-1.06652796798821
G71I,2.25178386854387
G71K,-0.599697691455323
G71L,1.13803917025689
G71M,1.46397649546788
G71N,-0.343510549367922
G71P,1.20261934188336
G71Q,0.248985890515936
G71R,0.0526419098503693
G71S,0.0530529001139268
G71T,-0.321750918861497
G71V,0.879360814580673
G71W,0.782879400015078
G71Y,3.63339296440627
V72A,2.01141645338904
V72C,1.02737146333508
V72D,1.78455351326929
V72E,1.32160166390352
V72F,1.1327012967983
V72G,0.801416900943532
V72H,-0.0990061231054396
V72I,0.721860447412764
V72K,1.14742513838076
V72L,1.14786163660148
V72M,0.0960708294668863
V72N,0.772348210309876
V72P,0.981839862406104
V72Q,1.22477853541908
V72R,0.00280904133998056
V72S,1.06232441949868
V72T,0.281437364897351
V72W,1.03001293932499
V72Y,1.5373297450317
P73A,3.42128894261854
P73C,-0.704469929231494
P73D,0.208519349517668
P73E,0.993281106060975
P73F,0.634478710612824
P73G,-0.309922803590625
P73H,-0.0104123027467905
P73I,1.1192398400241
P73K,0.559914157490456
P73L,1.05803861379171
P73M,2.24739433159515
P73N,0.162128908764353
P73Q,2.20240371562619
P73R,1.5451283465196
P73S,1.00981814883784
P73T,-0.49488787568839
P73V,1.11394975158036
P73W,0.241199197347138
P73Y,0.836140986566386
I74A,1.55400625025067
I74C,0.914902564873829
I74D,0.0042090481310923
I74E,-1.35159495869739
I74F,-0.63808106245487
I74G,-1.02977228784386
I74H,0.690637920275652
I74K,0.528359508698463
I74L,0.662012034025631
I74M,1.9069966327346
I74N,0.80682788788415
I74P,-0.117426889308297
I74Q,-0.314885042701323
I74R,0.788615101685745
I74S,-0.0189624334873882
I74T,1.26064608966925
I74V,1.50043763039246
I74W,-0.218170827915338
I74Y,0.0060727959531176
N75A,0.181383455534341
N75C,-0.744231686831516
N75D,0.530206613931749
N75E,0.493825031111408
N75F,-0.650713112478651
N75G,0.640766429009181
N75H,-0.61679320635107
N75I,-0.559560551680859
N75K,0.0509937319500058
N75L,-0.0681724047450488
N75M,-0.101258015737446
N75P,0.834313241639135
N75Q,0.175532781473629
N75R,0.95601029422007
N75S,0.482393662383152
N75T,-0.153235099002711
N75V,-1.2940508305269
N75W,1.76649735254304
N75Y,1.14589988146428
T76A,-1.13399748173458
T76C,-0.118487759208444
T76D,-0.42921187421832
T76E,0.314368709732739
T76F,0.07463635112671
T76G,0.169760268608796
T76H,-0.818308746261905
T76I,0.206412138582834
T76K,0.0251483342627576
T76L,1.38707624458766
T76M,0.510424935086192
T76N,-1.03373421909015
T76P,0.157188128985506
T76Q,2.16283430904648
T76R,-2.18701383084084
T76S,-0.0466504161474421
T76V,-0.481174993079806
T76W,1.55732460011149
T76Y,0.161607965358083
N77A,-0.0179895645018815
N77C,0.200251163752363
N77D,-0.682355805352626
N77E,0.89227616582473
N77F,1.94801428731616
N77G,0.107829275034922
N77H,0.872310546565945
N77I,-0.189464702740903
N77K,-0.0820448986521725
N77L,-0.480760638261979
N77M,0.41222145490691
N77P,1.82716756316733
N77Q,0.68516138613192
N77R,0.914921448620938
N77S,-1.0072354252772
N77T,0.378463782640149
N77V,-0.729939488484479
N77W,-0.886599823931904
N77Y,0.100720512384508
S78A,0.278757965308664
S78C,-0.0252560070576656
S78D,-0.783226205806
S78E,-1.01633794161579
S78F,-0.629180414521116
S78G,-1.0695859103424
S78H,-1.76624043471122
S78I,-0.920474136360167
S78K,-0.227876585970477
S78L,-0.944389055728839
S78M,0.669039725355451
S78N,0.746795151897578
S78P,-0.472206830585772
S78Q,0.75726843380716
S78R,1.64963945008592
S78T,1.00867964783014
S78V,1.83114318926786
S78W,1.59484655823136
S78Y,0.386394001360872
S79A,3.0583341089461
S79C,-1.97431439775895
S79D,-0.181292643857214
S79E,-0.60235332804627
S79F,-0.57161042301793
S79G,-0.266031427926371
S79H,-0.104635203342193
S79I,0.0643356562287569
S79K,-0.430467502340762
S79L,-0.5098036119501
S79M,-0.189628040437562
S79N,1.12442764167738
S79P,5.21810535160193
S79Q,-3.4967406274946
S79R,1.38703337073237
S79T,1.45645631575835
S79V,-0.566124757304685
S79W,0.851132564084503
S79Y,2.92370229270911
P80A,-0.0574628931622977
P80C,0.293313964704335
P80D,0.467871480355999
P80E,-0.251424733686224
P80F,0.0982450165336048
P80G,-0.453803935878737
P80H,0.278413810479249
P80I,-0.508689588246674
P80K,-0.767781269312903
P80L,0.0699521251587901
P80M,-1.36911525179688
P80N,-1.09074567239791
P80Q,0.418114563093915
P80R,0.0952682409951808
P80S,-0.107068950626657
P80T,-2.17774145212831
P80V,0.0543011929338799
P80W,0.437953715139405
P80Y,-1.35938674702777
D81A,0.311556422516844
D81C,-0.302912866145592
D81E,-0.881659817776751
D81F,-0.116926363131185
D81G,-0.109634955875346
D81H,2.39363898918659
D81I,-0.215907225965489
D81K,-0.409494600908161
D81L,-0.647009372953987
D81M,0.497235535554245
D81N,0.824364589544136
D81P,0.0763526588212585
D81Q,-0.415647106152985
D81R,1.36983235229308
D81S,1.15367084114382
D81T,-1.60721529899814
D81V,0.148347706420363
D81W,1.50595744550833
D81Y,3.73699788796929
D82A,0.434080346162528
D82C,1.7303605770571
D82E,-0.714675567449089
D82F,0.808645722268216
D82G,0.233188075236517
D82H,2.05629734472741
D82I,0.688884819954244
D82K,0.617857696497819
D82L,0.590907047795392
D82M,0.943757336518394
D82N,-2.03475975608322
D82P,-0.79510427355088
D82Q,-0.608403043939956
D82R,1.72227416082036
D82S,0.0845026695845255
D82T,-1.49915675517006
D82V,1.4421406131475
D82W,1.59578982410509
D82Y,0.404008414986443
Q83A,0.0892180224848236
Q83C,-0.930020884299344
Q83D,0.1143025117312
Q83E,-1.05255957685419
Q83F,0.583579906940992
Q83G,0.114603645424968
Q83H,-0.232929831813795
Q83I,0.994550088558064
Q83K,1.26586890258936
Q83L,0.249665525651591
Q83M,-0.786355100096791
Q83N,-1.25734810072022
Q83P,-0.440770944717853
Q83R,0.200154305094048
Q83S,1.51505905499726
Q83T,0.0351576244921618
Q83V,1.083316412603
Q83W,0.852380596377659
Q83Y,-0.208835784229488
I84A,-1.2620079969253
I84C,2.44584345628659
I84D,0.00760153949532671
I84E,0.877778482278836
I84F,0.712821498187432
I84G,2.1063458322962
I84H,0.760654975609796
I84K,-0.363912490803381
I84L,-0.179507632358509
I84M,3.19082115238082
I84N,0.362960138465246
I84P,0.313788139056939
I84Q,0.360868828463847
I84R,-0.639276858427854
I84S,-0.0238113226425714
I84T,0.622856275498785
I84V,0.462783616939908
I84W,1.51731119531264
I84Y,0.151310692164368
G85A,0.94584908243726
G85C,0.664047319182401
G85D,0.0100629077245564
G85E,1.12948251968704
G85F,0.394726012734728
G85H,-0.209191462943856
G85I,1.27530458699992
G85K,1.22914122998773
G85L,0.268768398466354
G85M,0.052745400207123
G85N,0.513070155706473
G85P,-1.59508225616027
G85Q,1.91192713151111
G85R,0.383469049098414
G85S,1.02896766046144
G85T,0.522959836404213
G85V,1.27065653829251
G85W,0.875535108897808
G85Y,0.989100807776574
Y86A,1.69937053411013
Y86C,-0.629198587678064
Y86D,1.01571560419908
Y86E,0.160125023418388
Y86F,1.38931874197211
Y86G,0.658644401581579
Y86H,-0.955053706754494
Y86I,0.0099567216074509
Y86K,1.52070347115926
Y86L,0.929042207662889
Y86M,-0.559188535946058
Y86N,1.48212303811765
Y86P,0.80134221155231
Y86Q,0.452342232327768
Y86R,1.81921473751332
Y86S,0.453587895292155
Y86T,1.96092424698364
Y86V,0.170339722965988
Y86W,1.26242781415852
Y87A,2.07567814840216
Y87C,0.61393372049856
Y87D,0.756832642884389
Y87E,1.4721217783336
Y87F,1.16537823751752
Y87G,2.84209603543375
Y87H,-0.35984633553756
Y87I,-0.19644073480964
Y87K,1.97862961849126
Y87L,1.78246622845873
Y87M,-0.0680378103797493
Y87N,0.551973715581311
Y87P,1.0040539678063
Y87Q,1.81732986687714
Y87R,0.111372080590391
Y87S,-2.54913281847921
Y87T,1.19731840409867
Y87V,0.87664262641536
Y87W,-0.948536468386623
R88A,1.10311146944588
R88C,-0.159938138983478
R88D,0.422460041048936
R88E,-0.684605872047791
R88F,-0.517007610475818
R88G,-1.39576112332544
R88H,0.0172225915860991
R88I,-0.81733794223271
R88K,-0.669738757427074
R88L,-1.60972733638924
R88M,-0.134693900897019
R88N,-0.617188229265192
R88P,0.403486185684806
R88Q,1.71548806596025
R88S,-0.686260459140688
R88T,-0.274167119938845
R88V,0.0144050552759577
R88W,-2.67363280715852
R88Y,-0.79957924277834
R89A,-0.648076503970269
R89C,-0.997432804435726
R89D,0.749451522699994
R89E,0.567151866438375
R89F,0.127282376227715
R89G,0.648435932414027
R89H,-0.14029453617316
R89I,1.12352705166135
R89K,-0.870931698844967
R89L,0.144680611108955
R89M,-0.211419508772829
R89N,-0.573734251474529
R89P,1.16138882038485
R89Q,0.146526990499858
R89S,1.36133680563282
R89T,-0.592580343605073
R89V,-0.373159271754995
R89W,1.75085868087908
R89Y,0.965154290608258
A90C,-1.75413669214823
A90D,1.24148047996043
A90E,0.960298902143904
A90F,-0.511480144919541
A90G,0.646674054879845
A90H,-1.70690590503971
A90I,0.585818287640446
A90K,0.974182964395359
A90L,1.1654396576868
A90M,1.61268230824938
A90N,8.14341021523301
A90P,0.538858438897841
A90Q,-1.02532307185942
A90R,0.115475128700368
A90S,-0.0433599277183161
A90T,-0.932543852481686
A90V,-0.019974136029497
A90W,-0.612294578248366
A90Y,0.103955615217629
T91A,1.07750324893916
T91C,0.294201997878221
T91D,0.939955303902879
T91E,0.145125138847002
T91F,-1.24395755185196
T91G,-0.976139881210755
T91H,-0.270751471830508
T91I,-0.44115040108859
T91K,0.696878743422576
T91L,2.33611459586042
T91M,-0.369797833751711
T91N,1.58066390806065
T91P,1.14043791550122
T91Q,0.875792929864876
T91R,-0.544776368625646
T91S,1.39551080080844
T91V,0.623810972120619
T91W,-0.373996073770336
T91Y,-0.184499173129045
R92A,0.676501381938025
R92C,2.29187292001253
R92D,-0.0448631752087828
R92E,-0.69180512093741
R92F,0.176872430218738
R92G,-0.492860577214107
R92H,0.0969073627069856
R92I,2.13228584425826
R92K,-0.293115713593722
R92L,-0.965816092154817
R92M,1.68879611006835
R92N,0.427505679417526
R92P,-1.01892730307706
R92Q,0.664220405822197
R92S,-2.35589263130011
R92T,0.0420698259540088
R92V,-0.0404075566299693
R92W,-1.53664953114421
R92Y,-0.132697213309585
R93A,1.85391727713864
R93C,-1.11176976903033
R93D,0.721404081550992
R93E,0.800902203373079
R93F,0.579346226957052
R93G,-0.781121717586159
R93H,0.91472523344944
R93I,0.0332402098642007
R93K,-0.978184362218305
R93L,-0.43387756767285
R93M,-0.506152721628606
R93N,-0.472899177829961
R93P,-0.72358981727346
R93Q,0.161343893256981
R93S,0.176872430218738
R93T,-1.90226968293096
R93V,0.447223966220535
R93W,-0.588025373282351
R93Y,-0.441314950982915
I94A,0.228205188748754
I94C,-0.122793813992081
I94D,0.803456265674322
I94E,0.0204371199714245
I94F,1.26633551251026
I94G,1.9576427264481
I94H,-0.41581478445484
I94K,0.792955026654957
I94L,1.09552796553861
I94M,-0.280004990525531
I94N,0.530230199779565
I94P,-1.21329201079654
I94Q,0.111047353414247
I94R,0.0966379549891901
I94S,1.28290360817268
I94T,-0.262132681887401
I94V,0.527374799269062
I94W,-1.44932249412267
I94Y,-1.19797359919083
R95A,0.162202451282076
R95C,0.102587139262223
R95D,0.660796578428356
R95E,0.852667815039219
R95F,-0.109085793331127
R95G,-1.41842843591713
R95H,-0.676505346858092
R95I,-0.353988032283053
R95K,2.28536044228175
R95L,0.317887278758608
R95M,-0.235819946791824
R95N,0.182725213038567
R95P,0.61046754297397
R95Q,-0.116130069511541
R95S,-1.82810435003085
R95T,0.0151046759133348
R95V,-2.19190450837592
R95W,1.26035127577252
R95Y,1.13300618606475
G96A,-2.09729289456262
G96C,0.447695520916016
G96D,0.359929238595788
G96E,0.739946820226092
G96F,0.537729819112551
G96I,0.38939659878194
G96K,-0.873844718575542
G96L,-3.82068603413484
G96M,2.25477687840947
G96N,1.42591930853687
G96P,0.0705216831887385
G96Q,1.49597199851845
G96R,0.309376786486735
G96S,-1.32024471175512
G96T,2.221751478111
G96V,-1.60253493964427
G96W,1.4534338532453
G96Y,1.83857034261077
G97A,-0.109478986439087
G97C,0.536052664132053
G97D,0.403119561119431
G97E,-0.103790494111643
G97F,1.5029808595668
G97H,-1.34224185409364
G97I,2.2748435115557
G97K,-0.374089655224236
G97L,-0.602025553889996
G97M,-0.823747974923197
G97N,-0.554570367705569
G97P,1.12299071423394
G97Q,-0.894623112688498
G97R,-0.0812647729323007
G97S,-0.599360101238533
G97T,2.55746985119221
G97V,1.42825511584589
G97W,-0.205114520235656
G97Y,-0.0957748118781186
D98A,-2.11199499436659
D98C,-0.00312500243534381
D98E,-2.23249116291193
D98F,1.14918328360073
D98G,1.19741506557991
D98H,-3.12080477265393
D98I,0.0124292582557039
D98K,-0.571808574368167
D98L,0.701305401149084
D98M,0.402842792041984
D98N,1.40566208388643
D98P,-0.875928657686152
D98Q,-0.834817776630676
D98R,-0.276458345920109
D98S,0.30417165972625
D98T,-0.0880226213479872
D98V,0.027579841697515
D98W,0.198498518911546
D98Y,2.01229844557075
G99A,0.82500752313442
G99C,0.305548979254337
G99D,-0.912525833703785
G99E,1.24960211963872
G99F,2.27564777725417
G99H,1.02163225584388
G99I,0.624609544565483
G99K,-1.81814264978084
G99L,-0.79510427355088
G99M,-1.39511111806175
G99N,0.474307553162945
G99Q,-0.392508531397299
G99R,0.78007064188959
G99S,-0.183522115493516
G99T,-1.40609250615595
G99V,0.569588814121676
G99W,-0.185743547465178
G99Y,0.551025587511916
K100A,-0.349590230800753
K100C,0.364751473454901
K100D,0.0792186249272593
K100E,2.80875390665756
K100F,-0.954735132912262
K100G,-1.01648554065154
K100H,1.38137289492662
K100I,0.163280084838277
K100L,1.44280456207084
K100M,2.81945604373473
K100N,2.45207067479528
K100P,-0.0145987415101185
K100Q,-0.621640001762369
K100R,2.04288950744456
K100S,0.714252672154984
K100T,0.275905918653485
K100V,1.32470693641121
K100W,1.72178001370015
K100Y,0.759371399335541
M101A,-0.682485770498993
M101C,-1.42650473441952
M101D,1.4384245971809
M101E,0.624749103786404
M101F,-0.93198659616575
M101G,0.0722694833121028
M101I,-1.71970802721834
M101K,0.577453521833526
M101L,-0.0105808438553759
M101N,-0.661786448918227
M101P,1.40125322100873
M101Q,-0.902851027696851
M101R,-0.410856928784771
M101S,1.79803811231556
M101T,-1.00271615978747
M101V,0.957737493421455
M101W,-0.453768548507294
M101Y,0.12169627797818
K102A,0.329266956543835
K102C,-0.65596516577765
K102D,0.1370587362934
K102E,-0.256261788629904
K102F,0.545737605582388
K102G,0.875492757400542
K102H,-0.473271323628469
K102I,-0.0915815424626863
K102L,-1.72053740889333
K102M,-0.433683696341428
K102N,3.51919400854346
K102P,0.523572319232847
K102Q,-0.0412886136123829
K102R,0.724175937177062
K102S,-0.472945772143825
K102T,0.400903674167136
K102V,0.457028463539711
K102W,0.432344836644265
K102Y,-0.741567379864531
D103A,-2.51542450537241
D103C,-0.332652710088892
D103E,0.343593308680213
D103F,0.151218843340316
D103G,0.176481988244368
D103H,-0.263607643652573
D103I,-2.38724343993038
D103K,-0.059882444426569
D103L,0.0132206207036297
D103M,-0.15168973719381
D103N,2.72286494325028
D103P,1.46777763863232
D103Q,0.510292805506756
D103R,0.796454664749735
D103S,-1.00709965431572
D103T,-0.219182581806942
D103V,-0.276347749242911
D103W,-1.39819617199901
D103Y,0.579936010204641
L104A,-0.10003994445294
L104C,-0.502869302925198
L104D,-0.0864048242128476
L104E,-0.125607052891273
L104F,0.928347018178721
L104G,2.44279283913568
L104H,1.30095128335051
L104I,-0.155825589305346
L104K,1.53539605291099
L104M,-2.32917777902676
L104N,-0.500543675166576
L104P,0.838542394367941
L104Q,-0.0549545632855221
L104R,0.600935932707209
L104S,0.46850840059269
L104T,0.318017302855211
L104V,1.75538758473219
L104W,-1.92229668423004
L104Y,0.609633617585531
S105A,1.14484465717796
S105C,1.44315979421497
S105D,-3.33501170672077
S105E,-2.3070920460926
S105F,-0.321057957218228
S105G,0.990732192441995
S105H,-0.189873203160548
S105I,-1.17255345603179
S105K,0.134114666869822
S105L,1.16766319345717
S105M,1.10627012367054
S105N,-1.04426394707245
S105P,-1.71969766774598
S105Q,-1.22873366438529
S105R,-0.319283020702778
S105T,-0.987852055216868
S105V,0.495340553981555
S105W,0.643435792908409
S105Y,-0.62541938864301
P106A,2.63827875003453
P106C,-0.300672909600514
P106D,0.457851226526819
P106E,-0.743843548302672
P106F,2.79342685372233
P106G,-0.515125699659202
P106H,-1.48559670536162
P106I,0.709519931343671
P106K,-0.277555894200736
P106L,1.69112476368843
P106M,-0.737366513122359
P106N,1.11571556260855
P106Q,-0.268652404407006
P106R,1.18115380948358
P106S,0.980454859814257
P106T,-1.60960611531471
P106V,0.359136607419484
P106W,0.343531552333517
P106Y,0.462027757677149
R107A,0.204967949186496
R107C,-1.12390199225109
R107D,-0.548088423997905
R107E,-0.779121695732154
R107F,-0.23558929337126
R107G,-1.00167001137529
R107H,-0.463787504588989
R107I,-1.31626859906074
R107K,-0.53718714065183
R107L,0.438041636391626
R107M,0.271157345696997
R107N,-0.231533421859312
R107P,-1.28613717528155
R107Q,1.28046127014303
R107S,-0.911678264636587
R107T,-1.51544603502649
R107V,-0.823241640126339
R107W,0.750355406167903
R107Y,1.08495854350443
W108A,0.572114317363559
W108C,0.229769862530544
W108D,-0.939162633448838
W108E,-0.683474848742849
W108F,-0.578714539255705
W108G,0.91697178823202
W108H,0.58146978973885
W108I,0.560742386563713
W108K,1.28669751815823
W108L,-0.637410844637745
W108M,0.644605052595486
W108N,0.186850220988264
W108P,-0.5551907594891
W108Q,-0.773195225822329
W108R,1.77454939635317
W108S,-0.953259411567668
W108T,0.238810013400862
W108V,0.804071209012402
W108Y,2.10299865286663
Y109A,0.378321332739681
Y109C,0.104736299439073
Y109D,-1.19999954080242
Y109E,1.28927682345929
Y109F,-0.352387721017693
Y109G,-0.678284037506648
Y109H,-0.472517199803006
Y109I,-0.544874602870195
Y109K,-0.16298257249953
Y109L,0.825003987504316
Y109M,-0.057472848775936
Y109N,-0.449198614689806
Y109P,-0.0836988076142434
Y109Q,-0.448335099726644
Y109R,1.0031200860289
Y109S,0.935702644041076
Y109T,-0.151114898479164
Y109V,-0.181184160142287
Y109W,1.23309710189736
F110A,0.752478228096967
F110C,-0.230584957760922
F110D,0.340763318270314
F110E,0.534776722652831
F110G,-2.4077092020474
F110H,1.93364358993001
F110I,2.1151452849874
F110K,0.691659493835378
F110L,1.16429824579227
F110M,0.0572427321325961
F110N,-0.86494062281639
F110P,-0.607536433920356
F110Q,1.15453873297824
F110R,-1.18192213890586
F110S,0.850406059362003
F110T,1.16132286449565
F110V,1.16054874355042
F110W,0.578407439902685
F110Y,-0.490085681815131
Y111A,0.531005492828832
Y111C,0.467379865152815
Y111D,0.536612103694487
Y111E,0.0260770030826999
Y111F,0.39184485400704
Y111G,3.60939231149344
Y111H,0.523287266275349
Y111I,1.30620274482459
Y111K,-0.200784091150603
Y111L,0.283897643129223
Y111M,0.820243411982437
Y111N,-1.59385444039383
Y111P,0.8029875762636
Y111Q,0.601145674137925
Y111R,-0.0341093674811212
Y111S,0.534470218426886
Y111T,2.14000410831108
Y111V,1.09685229967814
Y111W,0.39120324415312
Y112A,-0.893032619121944
Y112C,-0.158912019870641
Y112D,2.76451592102716
Y112E,0.852302131513663
Y112F,0.0432602803871705
Y112G,1.24532981474098
Y112H,0.534172986559449
Y112I,1.20272876451874
Y112K,0.687428569316986
Y112L,1.07135981263593
Y112M,-0.53593685796294
Y112N,0.0340758453921844
Y112P,-0.936465635822864
Y112Q,-0.41322414421871
Y112R,0.610542394615157
Y112S,0.164882003197065
Y112T,0.922445012398619
Y112V,0.817429532110258
Y112W,2.3152232623402
L113A,0.664875405860112
L113C,0.386056720148504
L113D,0.885948422138431
L113E,-0.875525482168847
L113F,-1.91409212346954
L113G,-0.352787581353742
L113H,-0.693349423302954
L113I,-0.0865123011247108
L113K,0.414992927210161
L113M,0.265701432620056
L113N,4.55441989323483
L113P,1.06641785380876
L113Q,-0.260836183796711
L113R,-0.668623733638946
L113S,-0.0373216770113671
L113T,-0.814518207249089
L113V,-0.381550651516434
L113W,1.34418896068971
L113Y,2.88244406396611
G114A,0.298315568587621
G114C,1.0664116407482
G114D,0.651080323369787
G114E,1.98070064008921
G114F,0.483166379211946
G114H,0.611773590030381
G114I,2.94322997153027
G114K,0.983801834723803
G114L,-0.274932661809798
G114M,3.80371238973885
G114N,-0.613025908826384
G114P,0.160610024476379
G114Q,3.18706105714043
G114R,0.780276702020871
G114S,0.519422940014555
G114T,1.41103163198434
G114V,2.19536013607011
G114W,0.992519171752889
G114Y,2.36841711773151
T115A,2.30603408227571
T115C,1.12221131155238
T115D,0.725762898163782
T115E,0.669132375732714
T115F,0.547137388444785
T115G,-0.14294296684158
T115H,1.25520321640492
T115I,-1.07929461518324
T115K,5.05424679452376
T115L,-0.0116412845959451
T115M,-0.366733323937694
T115N,-1.33354286396759
T115P,-0.241883878440113
T115Q,0.259477504648417
T115R,-0.41669302470663
T115S,1.12754594966682
T115V,0.552717199975985
T115W,1.18966419352293
T115Y,0.891315248321378
G116A,-0.176809120319987
G116C,0.387839137910919
G116D,-1.11356802680879
G116E,0.170923598619825
G116F,1.79571978577971
G116H,2.57704390039052
G116I,-0.451381405818967
G116K,1.44114566486212
G116L,0.395072190621391
G116M,0.877219299021392
G116N,1.79544279056849
G116P,0.432405125973271
G116Q,1.72892151014244
G116R,1.47271338404142
G116S,1.59197564984362
G116T,1.7809643770836
G116V,0.710626187770958
G116W,0.419823738919334
G116Y,-0.475089037764097
P117A,0.445843518890178
P117C,1.91087177351121
P117D,0.130641179743807
P117E,0.405907108936293
P117F,0.0851512289490174
P117G,1.03486417840462
P117H,1.57013936273575
P117I,2.33527273335132
P117K,1.52783349550087
P117L,1.38477031440436
P117M,0.0249707408921753
P117N,0.491252881728857
P117Q,1.01709851061616
P117R,-1.26934233015815
P117S,0.0481394304197075
P117T,1.18117533303422
P117V,-0.935697599647262
P117W,0.612342730677161
P117Y,0.444433890764156
E118A,0.683416928858575
E118C,2.98458320413076
E118D,-0.394040015718276
E118F,0.805302697138699
E118G,-1.96929599847803
E118H,0.571428424671372
E118I,1.32340638080417
E118K,6.56770700800626
E118L,0.658246124953423
E118M,1.23131563574222
E118N,0.702645998076589
E118P,0.751222693779257
E118Q,-1.62500659961201
E118R,2.05412197516952
E118S,-0.00823619982820607
E118T,-0.650018874260079
E118V,1.05554499113
E118W,2.26150626157528
E118Y,1.72080095474272
A119C,-0.636352225654528
A119D,0.0407944804291313
A119E,0.342478335553795
A119F,1.235088447677
A119G,1.76665592547329
A119H,2.38350514852581
A119I,0.511328933849357
A119K,-0.907845417090968
A119L,-0.0131174419167808
A119M,-0.469499622566255
A119N,0.188495143692358
A119P,1.06522176728792
A119Q,-0.829217387062189
A119R,-0.1435471206518
A119S,-0.293138925832461
A119T,0.541315758738987
A119V,1.13971000962549
A119W,-0.582172557277961
A119Y,1.29301551524914
G120A,0.956891274052945
G120C,-0.0281493153701119
G120D,0.342689562454026
G120E,-0.788244668539522
G120F,1.34663792305589
G120H,-1.77918115415981
G120I,-1.25969476661636
G120K,-0.45062313271825
G120L,1.12622389099836
G120M,0.297886682385232
G120N,-0.726406845437244
G120P,0.557725727249008
G120Q,1.17970847253574
G120R,0.558726816383559
G120S,-1.9244546199181
G120T,1.90161837671359
G120V,0.905837721469433
G120W,-0.44668347435371
G120Y,-1.96804935955412
L121A,-0.751226360284732
L121C,0.925328511926894
L121D,2.22938259061155
L121E,0.775238215696184
L121F,-0.37646846696253
L121G,1.47164670011655
L121H,0.376676140907174
L121I,-1.46761765206702
L121K,1.69492799663321
L121M,-2.43227171111557
L121N,-0.583316713286729
L121P,0.730972807070098
L121Q,0.765698759173654
L121R,1.2049992086957
L121S,0.0800818559769008
L121T,1.17028950269869
L121V,0.591247766499435
L121W,1.03503223005212
L121Y,0.38083542672041
P122A,0.784278575996228
P122C,0.236671268780002
P122D,1.2785057094231
P122E,0.243656610779282
P122F,0.496018720781295
P122G,1.14513600043284
P122H,1.46809456852018
P122I,-0.291566061804406
P122K,0.0632129860843232
P122L,1.71396980378413
P122M,0.129811991544951
P122N,-0.0980506032572325
P122Q,1.49032587394354
P122R,-0.517423711008797
P122S,-0.840481103530049
P122T,1.08930814738672
P122V,1.0447172161996
P122W,0.305076316309487
P122Y,1.42681901654376
Y123A,-0.0793291826484691
Y123C,1.29365622260113
Y123D,0.461524215068945
Y123E,1.13768608370455
Y123F,1.62788163460776
Y123G,0.333063306907708
Y123H,0.570083860666827
Y123I,0.754482822817598
Y123K,0.535205599774374
Y123L,1.04444236416425
Y123M,0.64379357230844
Y123N,0.82360666045121
Y123P,0.864635034520398
Y123Q,0.553398797928341
Y123R,0.729789127887253
Y123S,1.5962132345929
Y123T,-1.08089131959761
Y123V,1.3002803555607
Y123W,2.86683696664157
G124A,1.15626472263408
G124C,2.68703493925381
G124D,0.510422369974534
G124E,-0.264227297421288
G124F,0.799024489785312
G124H,-0.49559628877242
G124I,0.186806844294215
G124K,-0.0879862366053153
G124L,0.0640949269331943
G124M,0.445918960835632
G124N,0.0775924863121179
G124P,1.13969436275771
G124Q,0.96015666139754
G124R,-0.190397658771941
G124S,-0.834575878064786
G124T,1.30198444802415
G124V,4.89962077921304
G124W,1.28618097440105
G124Y,0.0990400568760206
A125C,0.211362943372094
A125D,-0.121190491021288
A125E,1.46980926256132
A125F,-0.20227821297678
A125G,0.916807491571604
A125H,-0.393496464445391
A125I,0.402530898349856
A125K,1.6719858859344
A125L,-0.285976243196636
A125M,-0.360196981392207
A125N,0.0231420873758697
A125P,0.895564124706326
A125Q,-1.21769119559821
A125R,0.667804908685048
A125S,0.687607071547675
A125T,-0.401853873906852
A125V,0.182578501342804
A125W,0.81021840165599
A125Y,0.373532701878938
N126A,0.732422772301787
N126C,-0.549637694106523
N126D,0.66241243832709
N126E,-0.219263443689042
N126F,-0.690378095839127
N126G,0.103984965402988
N126H,-0.346269511192251
N126I,1.03162253947238
N126K,1.78194786550259
N126L,0.872084777983251
N126M,-0.201481047929664
N126P,0.195363625434904
N126Q,-2.03280427902056
N126R,-0.159167111359285
N126S,-0.700072761706729
N126T,-0.902536249535735
N126V,-2.40141451967218
N126W,-0.835262622893565
N126Y,1.889922538216
K127A,0.766894684563223
K127C,-0.407926683452533
K127D,0.625610939855249
K127E,2.23766350450916
K127F,1.12368923314553
K127G,0.431909212175244
K127H,0.32168528457455
K127I,0.322190044757013
K127L,0.90032703498379
K127M,0.460330064412063
K127N,-1.93814800831218
K127P,-0.132155103213207
K127Q,0.296505212104389
K127R,0.414439680768687
K127S,0.249064418188536
K127T,-0.824962298566896
K127V,-0.720483857553359
K127W,-0.148697664638618
K127Y,3.1214778356319
D128A,2.54131371036406
D128C,1.18328189813077
D128E,0.044699704515705
D128F,0.249549866123269
D128G,2.43335989051162
D128I,-1.09601631275185
D128K,1.02425242704015
D128L,-0.158473641714038
D128M,1.15445823881442
D128N,0.431037429855729
D128P,-1.40705174807181
D128Q,2.51420960194361
D128R,0.350085805085075
D128S,0.0152761945535408
D128T,2.45840705688232
D128V,-1.6632778431218
D128W,-0.485918254491367
D128Y,1.82941627276393
G129A,1.29146269704928
G129C,0.959653015015392
G129D,0.370119959109653
G129E,0.381742752693408
G129F,0.565874713677101
G129H,-0.340913190658852
G129I,2.60446530616672
G129K,0.266864137555514
G129L,1.31590413128105
G129M,1.68025518640992
G129N,1.05580020201601
G129P,0.525191443796737
G129Q,0.167803270597627
G129R,0.525237035762758
G129S,1.17320438491375
G129T,-1.7957391892058
G129V,1.35694742158138
G129W,-0.195112115830083
G129Y,1.29376920498802
I130A,-0.0217051449790774
I130C,-0.261606926946065
I130D,-0.236695182930105
I130E,-0.166103070870982
I130F,0.866424799084772
I130G,1.80803740402386
I130H,2.51703011370185
I130K,0.237364065574672
I130L,0.885862705538965
I130M,1.94984118660201
I130N,0.225838464435077
I130P,0.736432058110603
I130Q,-0.117777779843672
I130R,0.254930542893263
I130S,-0.39599808991741
I130T,-0.140652610355597
I130V,0.339797660541144
I130W,1.92275437200747
I130Y,1.25730056948817
I131A,-1.26745800935171
I131C,-2.49273964257526
I131D,0.652349522698962
I131E,0.0295433916698097
I131F,0.696221673857954
I131G,2.17451670018762
I131H,-0.883864172353683
I131K,0.779329720280093
I131L,2.50607729486781
I131M,-0.393743708035102
I131N,-1.84035434463142
I131P,-0.200182708291283
I131Q,0.513471572780509
I131R,0.770617844526624
I131S,0.95470727395874
I131T,0.875621861575629
I131V,2.26222590712348
I131W,0.264628979555115
I131Y,0.324786900615092
W132A,0.568925150483448
W132C,-1.16637358280913
W132D,0.0801525360838135
W132E,1.04380661693904
W132F,-0.00828783614285128
W132G,1.3288876495767
W132H,0.226334761030441
W132I,1.99587232642955
W132K,0.185580079150536
W132L,2.70408973427899
W132M,1.57545503834222
W132N,0.847437526917058
W132P,0.517315226047652
W132Q,0.682900574537588
W132R,-0.931605690598146
W132S,0.822614361489698
W132T,0.718924906680296
W132V,1.35502269303173
W132Y,1.55771089484059
V133A,0.469603502768275
V133C,0.347144315254403
V133D,-0.256875119517198
V133E,-0.106656346166005
V133F,0.434485490245034
V133G,1.05318566399367
V133H,-1.60561582646581
V133I,1.03439449795452
V133K,-0.124401880309278
V133L,1.32408393323529
V133M,2.19168246359629
V133N,1.11789332212887
V133P,0.873309382501272
V133Q,-0.268591692938049
V133R,-0.350310838576497
V133S,0.399084078249286
V133T,-0.24060393268674
V133W,-0.261865534826925
V133Y,2.44266025160171
A134C,0.200008455080324
A134D,0.433748214155548
A134E,0.345138126568291
A134F,-0.0549661244940323
A134G,-1.01106787307736
A134H,0.801240805844488
A134I,0.0603185971556019
A134K,-0.12590292649601
A134L,2.62267766619358
A134M,1.19635018147378
A134N,-0.842745075119976
A134P,1.002507822785
A134Q,-1.08541770025146
A134R,-0.481719850582771
A134S,0.22909162994149
A134T,0.773799245792704
A134V,-0.833895679021118
A134W,0.638218573481208
A134Y,-0.767065494545768
T135A,2.06718667620103
T135C,1.14722763290555
T135D,-0.0569620961720599
T135E,-0.444755497468681
T135F,0.17768674087115
T135G,-0.179156550726827
T135H,1.07604485570887
T135I,0.695681069570416
T135K,2.8489396590362
T135L,1.49667359663224
T135M,0.0650230721249337
T135N,-0.0643835908863955
T135P,-0.0939565621016141
T135Q,-0.428443706322317
T135R,0.462943478991643
T135S,-0.276534154740112
T135V,-0.95991057401425
T135W,1.47074781181442
T135Y,0.403327650391791
E136A,-0.0555903792869098
E136C,0.630559566259884
E136D,0.954097714189664
E136F,0.816671613088164
E136G,0.623351597617199
E136H,0.0583188226613068
E136I,0.171701369430501
E136K,1.97536650239442
E136L,0.442472299804507
E136M,1.61201858943875
E136N,0.0502320081770507
E136P,0.301101875198287
E136Q,1.40223992856688
E136R,-1.1171357796684
E136S,-0.549575615537721
E136T,0.545564837031002
E136V,0.935299187864086
E136W,0.388010128796519
E136Y,0.958963603100129
G137A,0.0557410970659962
G137C,-0.14402089238665
G137D,-0.803518724938835
G137E,-1.16075951756451
G137F,0.591633843130509
G137H,1.40604597532805
G137I,0.358596498312253
G137K,2.74551662116052
G137L,2.63695045985189
G137M,-0.23592571550732
G137N,1.0940253202938
G137P,0.0451674651434684
G137Q,-0.649585940880409
G137R,0.0426619424694597
G137S,-0.551450679917708
G137T,-0.254549984348121
G137V,0.967882368604192
G137W,0.260719426803969
G137Y,0.535060490018361
A138C,-0.351627833507634
A138D,1.69110762542796
A138E,0.162633756770282
A138F,0.016435638223114
A138G,0.524616489748576
A138H,1.04933288838955
A138I,0.446478917141871
A138K,0.0713397393408838
A138L,0.29098035704448
A138M,1.71403426408152
A138N,-1.43364859496952
A138P,-0.184435035600733
A138Q,0.550041658144634
A138R,1.72033117866069
A138S,0.36493714353966
A138T,-0.893032619121944
A138V,-0.931879829699802
A138W,1.45533270615322
A138Y,2.14666384145008
L139A,-0.239181385684946
L139C,1.9798380939527
L139D,0.274408908380279
L139E,0.280502569125668
L139F,-0.0487556399965953
L139G,0.0133860268176967
L139H,-1.29962481529058
L139I,-0.28549373232022
L139K,0.497610463860011
L139M,0.102647776434719
L139N,-0.277264021384757
L139P,-0.0621503104522481
L139Q,-0.0528311470519395
L139R,0.166805036621127
L139S,-0.0118644524502934
L139T,1.48580710188843
L139V,-0.955928363187874
L139W,2.28580983040207
L139Y,0.285680463886187
N140A,0.877483055179261
N140C,-1.03034141370166
N140D,0.302696117064949
N140E,1.13267596363659
N140F,-0.578261661426647
N140G,0.334792257601208
N140H,0.696375105529116
N140I,-2.4569126790207
N140K,-0.327488554257388
N140L,1.74998938076088
N140M,-0.766905102135456
N140P,-1.60034218096277
N140Q,-0.765166588099117
N140R,2.00638418244862
N140S,1.04251676802035
N140T,0.354048368760012
N140V,-0.112419264280352
N140W,0.238299415948111
N140Y,0.0335429271938578
T141A,0.422796607780459
T141C,0.143291151503155
T141D,-1.0780364704474
T141E,0.448176155510516
T141F,0.60499769979636
T141G,2.14206798070017
T141H,0.0970322400415062
T141I,4.24607854506921
T141K,-0.0490322632119029
T141L,3.59772693562063
T141M,0.245419201283251
T141N,-0.0402859672504743
T141P,0.22522766780316
T141Q,-0.33294839982903
T141R,0.179493095141811
T141S,1.75579407088635
T141V,-0.456014619732194
T141W,-0.195868622564421
T141Y,-0.97644590851692
P142A,-1.19580473365592
P142C,0.537337912082089
P142D,0.697324552379199
P142E,0.351139582132279
P142F,1.33201796617782
P142G,-0.0548772332893497
P142H,-1.04267907954968
P142I,-0.00549296553956771
P142K,2.88946922148094
P142L,-0.361478829112311
P142M,0.556822568594656
P142N,-0.0825353369979979
P142Q,-0.113572003020924
P142R,-0.330412226591295
P142S,-1.35388400203905
P142T,-0.166842819488005
P142V,-0.376333987639229
P142W,1.16692092622287
P142Y,0.714792194282275
K143A,0.862311934008439
K143C,0.763326847481858
K143D,1.20036648771409
K143E,1.96173771965422
K143F,1.34073184381572
K143G,0.925218542198981
K143H,3.161950689997
K143I,1.37082094834845
K143L,0.323043379581152
K143M,-0.225170577337638
K143N,0.699121142270656
K143P,-0.239277856211753
K143Q,-0.230801343690102
K143R,-0.934346425274068
K143S,1.28574083350491
K143T,1.06761769650982
K143V,-1.59162353394315
K143W,2.05246627734699
K143Y,-0.134392664283052
D144A,0.166946880781861
D144C,0.188608959334852
D144E,-0.0192795487813665
D144F,2.21651871257638
D144G,1.26707546997908
D144H,-0.287389583487472
D144I,0.179401049333267
D144K,1.44635442582047
D144L,0.740199485904537
D144M,-0.0561002029984555
D144N,-0.657069829835653
D144P,-2.17948714022194
D144Q,-0.185839912048018
D144R,1.08664062679895
D144S,-1.19980507951703
D144T,-1.02740460154091
D144V,-0.44337659895789
D144W,-0.240502873221374
D144Y,-0.821243309946022
H145A,0.173735163740061
H145C,-0.17773200157328
H145D,0.481169389150209
H145E,-0.744192057525722
H145F,-0.330629655137269
H145G,0.464273193747718
H145I,-0.301670030606629
H145K,-0.348049885131949
H145L,-0.373533314966901
H145M,2.64130717725759
H145N,0.377034866297731
H145P,-0.0867936305392878
H145Q,0.0498683249295571
H145R,-0.624116025362004
H145S,-0.525841456327758
H145T,-0.273258147300373
H145V,-0.554422948587036
H145W,0.0657600889602206
H145Y,-0.450170729895432
I146A,-0.895779517156176
I146C,-0.814667643044569
I146D,-5.24373967842425
I146E,0.74895012254587
I146F,0.871706140040893
I146G,0.437103355431776
I146H,-0.105132100504406
I146K,3.19452834464391
I146L,-0.810331677552766
I146M,-0.0696120776815728
I146N,0.813498971666425
I146P,0.538317244755228
I146Q,0.502390429357963
I146R,-0.000842124592151961
I146S,-0.433943319088793
I146T,1.14681130472559
I146V,1.5797954296
I146W,-1.86787233845654
I146Y,0.654883539805813
G147A,1.53965018394875
G147C,1.68745930256332
G147D,-0.646493551974764
G147E,3.0176799701987
G147F,0.65700974923596
G147H,0.522682398470676
G147I,1.20458204167994
G147K,-0.519334183496849
G147L,0.0328005698670167
G147M,0.811675616156611
G147N,0.190635382850342
G147P,-0.08861446297494
G147Q,1.28537959218494
G147R,0.0979387160101904
G147S,-0.00470506087898978
G147T,0.370434154268519
G147V,1.61131828259663
G147W,1.88235286683213
G147Y,1.75635302582442
T148A,0.152526843866876
T148C,-1.54047173027604
T148D,1.08478524742194
T148E,-1.19323214908902
T148F,-1.94966462084405
T148G,-0.699810003188074
T148H,-0.94167842012602
T148I,-1.68870354450804
T148K,-4.17016695492389
T148L,-0.0321595904720549
T148M,-0.755649968482915
T148N,0.343746271254968
T148P,0.539254391657888
T148Q,0.281572915718142
T148R,0.507536307161037
T148S,-1.05405754605747
T148V,0.862776973832536
T148W,0.102015201837377
T148Y,0.229285558362154
R149A,0.800365871816021
R149C,-0.729658921928637
R149D,0.310877498378868
R149E,-0.995343971996032
R149F,0.350781700210099
R149G,-1.15971251364836
R149H,1.79953394395324
R149I,-0.325687938986716
R149K,1.58522048808682
R149L,1.17023078328664
R149M,1.1823978050394
R149N,0.362841551367592
R149P,-0.218412726157563
R149Q,0.31752264342331
R149S,0.690652878291841
R149T,0.788500779275594
R149V,0.916139284740061
R149W,1.08164671401181
R149Y,-0.514298865442859
N150A,1.97750664310508
N150C,-1.60301995771419
N150D,-0.214106262509266
N150E,0.960331096937791
N150F,-0.428902056590185
N150G,0.388677784605968
N150H,1.24014942070129
N150I,0.933183372499805
N150K,-2.01125640689447
N150L,-0.246739114985162
N150M,0.422258418919049
N150P,-1.23719075046669
N150Q,0.0804196155620697
N150R,-0.567489136938184
N150S,1.2722484115781
N150T,-0.113298709937661
N150V,0.644821322907258
N150W,-0.333901230453998
N150Y,0.346576910964387
P151A,-1.13393834737087
P151C,1.00428980664323
P151D,0.746309978830782
P151E,2.24074508046689
P151F,0.213147864420636
P151G,-0.907435415226976
P151H,-0.198128633224053
P151I,-0.366705857261466
P151K,0.0254220411774724
P151L,-0.179470224168586
P151M,2.7056743730144
P151N,-0.327351049931544
P151Q,-0.790239570705501
P151R,0.112474508288376
P151S,0.0422254100740861
P151T,-2.0587913801695
P151V,-0.51330789981072
P151W,0.31476849892515
P151Y,2.73471429535429
A152C,-0.453068852020659
A152D,1.18226318731187
A152E,1.09264195570851
A152F,-0.514039736819221
A152G,-0.655354917825565
A152H,1.72578500687423
A152I,-1.11462006553535
A152K,-1.48010230515709
A152L,-0.472274770217925
A152M,1.33178067255731
A152N,2.72876914840486
A152P,0.0532202373749659
A152Q,-0.620437627014903
A152R,-0.408296401492927
A152S,0.453728036110634
A152T,3.53339820921134
A152V,-0.993363211280603
A152W,-0.45293940108049
A152Y,0.39186806744681
N153A,-3.5882163422208
N153C,0.906014693969974
N153D,1.14822494964841
N153E,-2.28992458256756
N153F,0.795362895641238
N153G,-0.636054214740206
N153H,0.683150045915825
N153I,-0.439789963894162
N153K,-1.22533893537721
N153L,-0.49938390733034
N153M,-1.38523221732389
N153Q,-0.170493545805419
N153R,0.331785239842463
N153S,-0.0880991010324969
N153T,-0.825192394299459
N153V,-0.0988949691756294
N153W,0.167088136817296
N153Y,0.8736353482731
N154A,0.487770108544526
N154C,-0.316222801573577
N154D,1.85414071724052
N154E,1.38711411804993
N154F,1.60081061105665
N154G,-0.91296438441674
N154H,-1.5365779565809
N154I,0.442509644224185
N154K,2.71884061322525
N154L,0.29045188827467
N154M,0.734738576623949
N154P,0.398352204575115
N154Q,-1.16386125434676
N154R,0.459845887248954
N154S,-0.240617425515741
N154T,2.44072023247127
N154V,1.19419907477118
N154W,-0.0327365089078441
N154Y,0.527213431668736
A155C,-0.743846421098909
A155D,2.15076784691082
A155E,1.29353745712126
A155F,-0.233260203683127
A155G,-0.652915978961124
A155H,0.562606277298131
A155I,0.531905920179102
A155K,0.10687741775842
A155L,0.419731617157765
A155M,0.734721403915034
A155N,2.09764045258492
A155P,0.918291033197034
A155Q,0.705204308419808
A155R,-1.46973665016626
A155S,-1.1976364286616
A155T,-0.00037634587175233
A155V,1.15038652926124
A155W,1.65441734701047
A155Y,0.735614236065975
A156C,0.425337665331004
A156D,-0.338915022882185
A156E,0.421746313781829
A156F,1.59712659473622
A156G,0.113956229052618
A156H,-0.787417561843242
A156I,0.0936935729498789
A156K,0.0569610788738587
A156L,0.108295398544305
A156M,0.3948092629053
A156N,-1.39030927174427
A156P,0.764844732660989
A156Q,6.81578921305284
A156R,2.02668485077727
A156S,0.154993292966141
A156T,-0.855381637186413
A156V,-0.33236683792222
A156W,0.0864476075327586
A156Y,1.0992946278928
I157A,2.04990946526787
I157C,0.333761013063391
I157D,-0.457819486211893
I157E,0.0382238602636061
I157F,-1.03928109920673
I157G,1.53157941321623
I157H,-1.84108963387867
I157K,1.25120764336521
I157L,1.16910870167313
I157M,-0.328783700247426
I157N,-0.136823904471136
I157P,-0.0867936305392878
I157Q,-0.0575966466566001
I157R,2.4745028469594
I157S,-0.675129188970234
I157T,0.966829378141349
I157V,1.79671347628414
I157W,0.595038396701909
I157Y,-0.50250833402946
V158A,-0.0935199605101339
V158C,1.17862497830783
V158D,1.35042398151961
V158E,-0.328251701086627
V158F,0.52879293460943
V158G,-1.67521133701395
V158H,0.380200992620329
V158I,-0.763586824068805
V158K,-0.386109500433136
V158L,-1.41846172027059
V158M,-0.531217761343793
V158N,0.648640115693085
V158P,0.96919047317873
V158Q,2.35741036813225
V158R,0.130324499603073
V158S,-1.63803456721881
V158T,-0.347806224901658
V158W,-1.36153499435995
V158Y,1.1731713522704
L159A,0.718691578933612
L159C,0.944909622274742
L159D,1.85804432396197
L159E,1.30112895545141
L159F,1.96124033854957
L159G,1.49756319958604
L159H,1.53336795497923
L159I,0.164399610493696
L159K,0.98405320334437
L159M,5.52391074797241
L159N,-1.43002375521959
L159P,4.66530983491182
L159Q,2.05527856159166
L159R,0.479114890514999
L159S,-0.320653955024864
L159T,-0.245777953339217
L159V,0.021222271644303
L159W,-2.41727194381899
L159Y,0.365464987985953
Q160A,0.115185088115266
Q160C,4.41457666662173
Q160D,-0.354603487021899
Q160E,-0.27495043268484
Q160F,-0.162838034752812
Q160G,0.509016302404958
Q160H,0.731705387824553
Q160I,0.544773320691707
Q160K,0.721111374810727
Q160L,0.672103887115315
Q160M,0.542014492749163
Q160N,1.28558953100446
Q160P,1.19963360126377
Q160R,-0.234509467091787
Q160S,-0.0163915205381867
Q160T,0.399247420803146
Q160V,0.165682067334028
Q160W,0.721277277140906
Q160Y,-0.652935431940589
L161A,-0.394218608564797
L161C,-0.670762391127575
L161D,1.22353550308426
L161E,-0.286310789833443
L161F,1.56320974635365
L161G,-0.330583667728079
L161H,0.246281915443314
L161I,0.29939514828957
L161K,0.119959748373017
L161M,-0.101905701633271
L161N,-0.0282049809320607
L161P,1.53654106837595
L161Q,1.1731118177884
L161R,-0.750039479976784
L161S,0.140668329029384
L161T,-0.0495156310520386
L161V,-0.402516625841999
L161W,-0.276270441041446
L161Y,0.175301289789569
P162A,1.24663811989895
P162C,1.7112417063905
P162D,-0.087527677605537
P162E,-0.40712948977774
P162F,-0.736193870739418
P162G,-0.524599524036799
P162H,0.974272670361312
P162I,0.201680690921793
P162K,0.202017309946295
P162L,-0.461853338568028
P162M,-1.26774178284724
P162N,-1.59546313801975
P162Q,0.599290833326359
P162R,-2.98439242461046
P162S,-0.54101643695348
P162T,-0.469634922366278
P162V,0.0671808337105968
P162W,-1.12145626771124
P162Y,-0.445739953445133
Q163A,0.225691511780624
Q163C,-0.304580726107147
Q163D,-0.280202441015138
Q163E,-0.87173637642705
Q163F,-1.14591557269875
Q163G,-1.34874865540234
Q163H,-0.0798618316685701
Q163I,-0.423007208622085
Q163K,1.74286141424273
Q163L,-0.607981366482213
Q163M,-1.33670824636666
Q163N,-1.39649565722387
Q163P,0.769301844326463
Q163R,0.974954073201798
Q163S,-0.582040575207704
Q163T,0.960370164910316
Q163V,0.215827557812933
Q163W,-0.475393416325863
Q163Y,0.123954914921272
G164A,0.69870759843977
G164C,-0.32193943671285
G164D,-0.374397140320257
G164E,-0.27500494287155
G164F,2.25364726121304
G164H,2.54848435372073
G164I,-0.0889416654130143
G164K,0.699659228761395
G164L,1.87453387175256
G164M,-2.12235623928467
G164N,-1.15333182070321
G164P,0.524701622307709
G164Q,-0.635702840269339
G164R,-0.636617264033624
G164S,0.828600387588134
G164T,-0.42181727096555
G164V,0.429694016489449
G164W,0.635637130981817
G164Y,-0.780936538352162
T165A,-0.0378227904678211
T165C,-0.874364049229737
T165D,-0.0913359879794628
T165E,0.494858178878528
T165F,-1.02522308660622
T165G,1.15478166859979
T165H,1.12028176709006
T165I,0.316251614968267
T165K,0.15861543911277
T165L,0.433586918515139
T165M,0.737428599314267
T165N,-0.0406073278938349
T165P,-0.966268444359712
T165Q,-1.31044541269287
T165R,-0.516137311923681
T165S,-1.83142601789327
T165V,-0.279367034029371
T165W,-0.500630516157507
T165Y,-0.610261698710002
T166C,0.166725950364685
T166D,0.0480438070837999
T166E,4.32841049998123
T166F,0.674443423781029
T166G,-0.992116193621725
T166H,-1.40217369049598
T166I,0.720378637840834
T166K,0.206274888068254
T166L,0.300983065659179
T166M,1.00469780670885
T166N,-0.32484700392101
T166P,2.94502547076212
T166Q,-0.938683637587304
T166R,-1.07290903638462
T166S,0.125054197143012
T166V,-0.44905168384602
T166W,-0.442983891633131
T166Y,1.54528935485358
L167A,0.119526867810783
L167C,-0.179779034244223
L167D,0.267086701258498
L167E,-0.997454257048762
L167F,-1.46345533317385
L167G,0.960156262334003
L167H,0.4892229238821
L167I,1.77761507980069
L167K,0.175980352651
L167M,0.201895572765998
L167N,0.776423025331557
L167P,0.124948798880612
L167Q,1.05086281004283
L167R,-0.189980725888767
L167S,-1.13676954260214
L167T,0.511679361008322
L167V,-0.172879617785531
L167W,1.01268558719031
L167Y,-0.799663110577668
P168A,0.0399220631555713
P168C,0.609778081354108
P168D,1.26583802885899
P168E,-0.88188480058479
P168F,0.753419992020133
P168G,2.40931110193579
P168H,0.00174630732575824
P168I,-0.149498766869696
P168K,1.25001703470434
P168L,0.869463242346849
P168M,0.900959772863715
P168N,-0.959425878893077
P168Q,0.619425035158636
P168R,-0.0522958023102842
P168S,0.647048023901622
P168T,0.318242062993967
P168V,-0.428258572974375
P168W,1.40238406509123
P168Y,0.439122957807026
K169A,0.528443569614341
K169C,-0.387702601880033
K169D,-0.13788100703406
K169E,-0.341136408976358
K169F,-0.926952487927776
K169G,-0.0165464520488313
K169H,1.77115112166519
K169I,-0.785142524329124
K169L,-1.16752453506815
K169M,-0.382375733643194
K169N,-1.13625349452598
K169P,0.69800179575879
K169Q,-0.158989136257105
K169R,3.2584388472939
K169S,0.0691844376252745
K169T,1.27987182790748
K169V,0.849948476847399
K169W,3.14080136836566
K169Y,0.557615961616639
G170A,0.398432757667455
G170C,0.049705391402887
G170D,0.713497405311655
G170E,-1.05667882168235
G170F,-0.157650706033719
G170H,-0.730085995339305
G170I,-0.342670508676126
G170K,1.71234656882992
G170L,-1.11436365713421
G170M,-2.16325183838843
G170N,0.131400915879934
G170P,-1.00831219947238
G170Q,0.0392894777313114
G170R,-1.53374360170752
G170S,-0.578068913433534
G170T,0.0954975283034034
G170V,2.20709102507733
G170W,0.117041172773836
G170Y,-1.12620848010674
F171A,0.525764718398397
F171C,0.284153808705005
F171D,1.02958063623856
F171E,0.00310497211736048
F171G,-0.0470215334826407
F171H,0.96168928300892
F171I,0.854035832018555
F171K,0.948678240463683
F171L,0.715941441144759
F171M,0.891424347057989
F171N,-0.600035416173672
F171P,0.882444877751795
F171Q,-0.878050668754388
F171R,-0.0877836132089918
F171S,-0.11185734434545
F171T,0.335529937286266
F171V,-0.431417648109738
F171W,0.00621571762656932
F171Y,-0.190382938604235
Y172A,-0.261955220884269
Y172C,0.673204196733266
Y172D,-1.37389625170568
Y172E,0.462063962611162
Y172F,0.305334247461024
Y172G,0.773513082126767
Y172H,-0.980989337300111
Y172I,-0.941285290616373
Y172K,0.491358093028009
Y172L,-0.999985896241324
Y172M,-1.224455712876
Y172N,-0.838274093951057
Y172P,-1.21595639289618
Y172Q,-0.35365157020364
Y172R,1.57628065270135
Y172S,-0.108464189537979
Y172T,-0.498966397900645
Y172V,-0.329522929549407
Y172W,-0.691471087207778
A173C,0.435296925745672
A173D,0.915174235956006
A173E,0.87834388511207
A173F,1.08930814738672
A173G,5.88641598990905
A173H,1.18103665878433
A173I,0.371588778718448
A173K,1.06535322251624
A173L,0.110603930510682
A173M,-0.0473491056184349
A173N,0.116592899599288
A173P,0.183697281109475
A173Q,1.07165188016338
A173R,0.310821291679872
A173S,0.917497322904241
A173T,-0.603401490955298
A173V,-0.508689588246674
A173W,0.342082204390873
A173Y,0.158009571984117
E174A,-3.04081583436635
E174C,2.39968026931298
E174D,1.50891000719703
E174F,0.107663202377698
E174G,-1.50118863402048
E174H,-1.28984302830123
E174I,0.955051693894268
E174K,0.153108268994653
E174L,0.317567723426227
E174M,0.23557632355878
E174N,-0.417902964175269
E174P,0.246870051111157
E174Q,-0.423111209888744
E174R,0.850352173501538
E174S,2.77192079401023
E174T,-0.8804666681305
E174V,-0.531573997420563
E174W,-0.0465899125166146
E174Y,1.09708325068941
G175A,-0.245539538775042
G175C,0.509371764266866
G175D,-0.293251426358151
G175E,-0.362965076067642
G175F,-0.467150016666698
G175H,0.853271895610046
G175I,8.14341021523301
G175K,0.900597455725156
G175L,-0.395976742575116
G175M,2.91976310350853
G175N,2.02711013118334
G175Q,-0.153598453581959
G175R,-0.373159271754995
G175S,1.14332358554088
G175T,-1.26743901620268
G175V,-0.559849877628854
G175W,-1.19689224521339
G175Y,0.782448801130032
S176A,-0.793842533548339
S176C,-1.03583607274489
S176D,1.20423092290986
S176E,-1.35689914546052
S176F,-0.993908067862606
S176G,0.72453520634088
S176H,-0.954274761108767
S176I,1.71914870423067
S176K,1.13846493392862
S176M,0.0468006211645734
S176N,-1.3456504914729
S176P,-1.55862694682251
S176Q,-0.0216301626791622
S176R,-0.893547121417713
S176T,-1.24040653772724
S176V,-0.998359894935487
S176W,2.06490047282404
S176Y,-0.701957532741859
R177A,1.02322814181517
R177C,0.223101363464778
R177D,2.08457504757588
R177E,0.134238052081003
R177F,-0.249662167692844
R177G,1.35063696371849
R177H,0.844877972755011
R177I,-0.60780441906613
R177K,-1.26495480512761
R177L,2.08670192170967
R177M,-3.31992262721433
R177N,-1.34224185409364
R177P,-0.0709459305115185
R177Q,0.381891575075446
R177S,-0.939673211599392
R177T,0.307928267452294
R177V,-1.05006550585608
R177W,0.0746143214055838
R177Y,0.0106555305425248
G178A,-0.231312159366921
G178C,1.32883205956376
G178D,-0.302934701502488
G178E,-0.486958023216873
G178F,-1.95671897575307
G178H,2.9420284678463
G178I,0.413179522058964
G178K,-1.02610055359627
G178L,0.126670069516328
G178M,0.993310571235474
G178N,-1.70478353890832
G178P,1.95153952224323
G178Q,-0.165747908490085
G178R,1.74827404004653
G178S,1.14001207803189
G178T,-1.99861062815779
G178V,1.02128003172664
G178W,1.93423165558378
G178Y,0.947336671046636
G179A,0.491708186949004
G179C,1.78840138693451
G179D,0.917721031567341
G179E,2.18963153188438
G179F,0.68712493048562
G179H,-2.05480766193729
G179I,-0.155849728150898
G179K,2.9110510655002
G179L,1.24441500778489
G179M,0.0161782722069761
G179N,1.5677780319548
G179P,-2.03895257500392
G179Q,0.0211885686506734
G179R,1.38544517132456
G179S,0.604385157624126
G179T,0.287797122634192
G179V,-1.82232644083274
G179W,1.18008723062895
G179Y,-0.692283550684829
S180A,1.66089788192211
S180C,-0.0255263757041582
S180D,-0.0907819153294319
S180E,0.333678585293794
S180F,-0.597723048074699
S180G,0.28283388124173
S180H,0.562053368004713
S180I,2.01507308082099
S180K,-0.222593576844953
S180L,0.244512042461987
S180M,-0.0671731577113653
S180N,1.52389701382085
S180P,-0.422261511445852
S180Q,-0.00886089767938408
S180R,-1.34012154921337
S180T,1.36743482732361
S180V,-0.0340438565887858
S180W,-0.265542035065042
S180Y,-1.3395108637393
Q181A,-3.62797412635914
Q181C,2.65227596628589
Q181D,0.779559285529067
Q181E,-0.245689476873335
Q181F,0.955557237575041
Q181G,-0.720819950761877
Q181H,0.628401792366238
Q181I,1.2755113909228
Q181K,-1.32497099127467
Q181L,-0.477917277146393
Q181M,-0.434091988586894
Q181N,-0.122261965602628
Q181P,-0.158912019870641
Q181R,-0.117368729972965
Q181S,0.844213309915514
Q181V,-0.225843477608261
Q181W,-0.38463214934527
Q181Y,-0.371621720922634
A182C,-0.254369300029414
A182D,-0.999479374097587
A182E,0.00745120433305869
A182F,-0.0505556439409272
A182G,-0.21336857355869
A182H,-1.60194648495488
A182I,0.828445933117817
A182K,2.68317064174882
A182L,1.16945837729121
A182M,-0.194415125338556
A182N,0.552970269024126
A182P,-1.49947489344744
A182Q,-0.0983075572188865
A182R,-1.83734449022691
A182S,-1.44932249412267
A182T,0.817467938101435
A182V,-1.01815883481492
A182W,-0.728273702766943
A182Y,-1.03425983710554
S183A,2.22280925019804
S183C,-0.801508595469474
S183D,0.175674310512847
S183E,1.57021112489012
S183F,0.638095013461672
S183G,-2.38112816960466
S183H,0.35074634983283
S183I,-2.32917777902676
S183L,0.0656347016899584
S183M,0.637817954676112
S183N,0.0430120703187982
S183P,0.340539905812278
S183Q,-1.32521151858364
S183R,8.14341021523301
S183T,1.71607844683947
S183V,-1.89576142775534
S183W,1.11073071646548
S183Y,2.36060726807434
S184A,-1.78482592955214
S184C,-3.62797412635914
S184D,-1.48307907580772
S184E,1.22415555642565
S184F,1.37678245086092
S184G,-0.579080417954452
S184H,0.355348738312568
S184I,1.18872220499953
S184K,-0.464749991780021
S184L,0.601378184370928
S184M,2.3321087096124
S184N,0.753846753657683
S184P,0.32340827401059
S184Q,-1.40623481396158
S184R,0.141539588407889
S184T,0.149133390102748
S184V,0.155326517631209
S184W,-0.922330911212501
S184Y,-0.779788198310993
R185A,0.574219649286041
R185C,2.05627960299614
R185D,1.24631622466119
R185E,0.198006759537068
R185G,-0.0688366391614234
R185H,-0.850489964090887
R185I,0.506214068329218
R185K,1.15035740035118
R185L,1.31665139372473
R185M,0.291644673431962
R185N,-0.507775378474301
R185P,-3.10286001699087
R185Q,-0.807986954228963
R185S,-0.500761424096277
R185T,-1.60453440459026
R185V,-0.469463775312117
R185W,-1.97086529437638
R185Y,-3.29978137761195
S186A,2.8193868433157
S186C,1.19362366814678
S186D,-0.503173767310609
S186E,0.120311273373231
S186F,0.975117462090227
S186G,1.20731477231147
S186H,1.64273723133862
S186I,-1.49276568205973
S186K,-0.129732801802425
S186L,-0.890714689592119
S186N,3.08502444044391
S186P,0.444155029681034
S186Q,2.57916314187145
S186R,0.910819001546607
S186T,1.37095447228189
S186V,-2.11202343320635
S186W,-0.177479760003087
S186Y,-1.43495616701722
S187A,-0.117157819875791
S187C,2.24744782511786
S187D,-0.974975263749074
S187E,-0.332722204078749
S187F,1.56766189692101
S187G,0.361245693219698
S187H,1.52231346823899
S187I,-1.08192108684788
S187K,-0.466804123663044
S187L,0.381760055153602
S187M,-1.05794734696126
S187N,-1.58132567169061
S187P,-0.317600079335776
S187Q,-0.220076051844377
S187R,-0.183809040715544
S187T,-0.0915961192228211
S187V,-1.4206597745165
S187W,1.93415803151266
S187Y,-0.126548682124645
S188A,-1.25989700148749
S188C,-1.55208898487333
S188D,0.60533702739107
S188E,0.336524109778849
S188F,-1.34299757484073
S188G,0.544915812421202
S188H,1.12429367908901
S188I,0.15080230073669
S188K,-0.514353991527776
S188L,-0.604854059859966
S188M,0.905042250430044
S188N,-0.34532959535547
S188P,-1.54030436575254
S188Q,-0.118403791718886
S188R,-0.58986217003132
S188T,-0.281321381622036
S188V,-0.317957562267684
S188W,0.0657811790047085
S188Y,0.472308136929332
R189A,1.03138664513277
R189C,2.61975285154389
R189D,1.02771667970163
R189E,0.07275487991673
R189F,3.31520499279753
R189G,-0.124117107125894
R189H,0.337264775560145
R189I,2.24384554987828
R189K,0.0131421682705734
R189L,0.736100459952637
R189M,-0.855936603684504
R189N,-0.448836878078201
R189P,-0.56341619726665
R189Q,0.688343076925798
R189S,-0.824916646466699
R189T,-0.492498534602296
R189V,1.1136440801335
R189W,-0.28749403284911
R189Y,-0.195230285577771
S190A,-0.195112115830083
S190C,0.346511292575727
S190D,-1.80481495557021
S190E,-0.765222789197254
S190F,-2.78582695377165
S190G,0.957809105387804
S190H,1.2232759035958
S190I,-1.49007480200549
S190K,-0.472623300259977
S190L,-0.93111800817736
S190M,0.788957272811536
S190N,-1.25625976494781
S190P,-1.32107506453899
S190Q,-0.309722298702892
S190R,1.8145631222438
S190T,-0.630110054137404
S190V,0.853591979223856
S190W,-3.10041645896907
S190Y,-0.0915613900545021
R191A,-0.863795939209009
R191C,1.09728409666695
R191D,-1.24962012510253
R191E,0.373304101327269
R191F,0.350248263606774
R191G,-0.157650706033719
R191H,0.682982760654643
R191I,0.140971643510381
R191K,-2.5327279889647
R191L,0.355253678242744
R191M,0.452782923596239
R191N,-3.40787896593812
R191P,0.340724345681608
R191Q,0.633893509650734
R191S,-0.136954789511812
R191T,-1.01143937096426
R191V,-0.624741879250495
R191W,-0.0184917307694089
R191Y,-0.254313895026202
N192A,0.792773319052216
N192C,-0.940761324032279
N192D,-1.18910606660761
N192E,-0.158630062302274
N192F,0.545852553029683
N192G,0.0785169172807144
N192H,-2.27635411072954
N192I,-1.36881196954242
N192K,-0.237764017159389
N192L,0.728851053926266
N192M,-1.12688472602389
N192P,-0.35992261706396
N192Q,0.731907125506312
N192R,0.239160279748191
N192S,-0.84297164918627
N192T,1.56947524737286
N192V,-0.145668170522437
N192W,0.639249837248339
N192Y,-0.329264157248738
S193A,-0.105326288299457
S193C,1.07869848547367
S193D,-0.00586018376078527
S193E,1.96470586742782
S193F,-2.31038629075355
S193G,-1.58543606120903
S193H,5.84645270365506
S193I,-0.043484523022151
S193K,-1.7625875746868
S193L,0.279541996384394
S193M,1.69522690585438
S193N,1.4186661139708
S193P,0.855917008667564
S193Q,0.572003087493882
S193R,-0.206536955018343
S193T,0.846628710729695
S193V,1.0901437986661
S193W,0.736336540163978
S193Y,-1.45733141476279
S194A,-1.41892849322747
S194C,0.444690473888228
S194D,-1.97431439775895
S194E,1.81119071898388
S194F,0.546434368231705
S194H,-2.44331745192678
S194I,-0.496639944432034
S194K,-1.23368682219908
S194L,-2.31562234189909
S194M,-1.0486748835227
S194N,0.410726121158744
S194P,-0.8636755010123
S194Q,1.27809671210798
S194R,0.896375314173869
S194T,-0.234866872402508
S194V,-0.0831848551604166
S194W,1.69245780700922
S194Y,0.0362652167337024
R195A,-0.309974925129356
R195C,-0.636900210008532
R195D,0.774458330438918
R195E,-0.861072438746724
R195F,1.93834850057546
R195G,-2.29609574194122
R195H,-0.241356138463752
R195I,0.453652646119956
R195K,-2.05854979657127
R195L,-0.47103474020675
R195N,3.06832270741428
R195P,0.956433445814091
R195Q,0.669184884647247
R195S,0.552830247840798
R195T,-0.529648773928603
R195V,-0.361217501211753
R195Y,-0.48237508294571
N196A,-0.162027628669242
N196C,-3.98360418867192
N196D,0.0630688153663715
N196E,1.133999186015
N196F,0.204868421102458
N196G,0.577114186570603
N196H,0.336402585629897
N196I,-0.149503097159945
N196K,0.82311130245287
N196L,0.399344989193042
N196M,-0.43377374312755
N196P,-0.277935176048554
N196Q,-0.378455890114849
N196R,1.58604641931507
N196S,-0.478864963804277
N196T,0.276015875889055
N196V,-0.0230862752730497
N196W,-0.893721924786911
N196Y,-0.465759517281823
S197A,-1.84698290900327
S197C,-0.0123953926879862
S197D,0.76887967765318
S197E,-0.560947991328784
S197F,-2.27635411072954
S197G,0.215618455241977
S197H,0.889561732028389
S197I,-2.38816126586659
S197K,2.55315641545391
S197L,0.579321297981869
S197M,-0.509183350826317
S197N,3.18910381155724
S197P,0.56877774928532
S197Q,-0.186536650075433
S197R,0.967315332909814
S197T,-1.66143757678829
S197V,1.37674473040118
S197W,1.54039182806688
S197Y,-0.417156163263041
T198A,0.269061537878557
T198C,-0.298683018145791
T198D,1.08310424396938
T198E,1.71668486080778
T198F,1.54030215664765
T198G,-0.809679484106596
T198H,-0.286635114752881
T198I,-0.853699591319044
T198K,0.059321036947441
T198L,-0.497429399608395
T198M,-1.93695581578009
T198N,1.91461203615545
T198P,1.42524456934554
T198Q,2.437793325773
T198R,-0.834670425359157
T198S,1.04175197032592
T198V,-0.195302296114978
T198W,-0.249880397041626
T198Y,-0.554730053064204
P199A,0.724474644990005
P199C,0.505877993041266
P199D,-2.2668339627863
P199E,-1.32192148573839
P199F,0.420244108726444
P199G,2.46129030965705
P199H,1.18161907990292
P199I,-0.2567391245124
P199K,0.179646459348028
P199L,1.30187283828305
P199M,-0.250555053318616
P199N,6.69760498557923
P199Q,0.267547646559272
P199R,-0.720972252910697
P199S,1.05393924219349
P199T,0.677857110650493
P199V,0.292937868511984
P199W,-0.00452420006844846
P199Y,1.71782426817023
G200A,-0.999301302067005
G200C,-0.313201976388065
G200D,0.450850752786846
G200E,-1.6840715127293
G200F,0.692423822008646
G200H,-0.380704553155281
G200I,0.970619799891486
G200K,1.27773591286555
G200L,0.537209007628387
G200M,-1.11486155132379
G200N,0.118646336077328
G200P,1.58014573077608
G200Q,-2.11627317734001
G200R,0.779235191560759
G200S,-0.662573146392606
G200T,-4.39585075535696
G200V,0.430808094923672
G200W,0.382390443059932
G200Y,0.0522876330602792
S201A,0.038330115592789
S201C,-0.380712628699926
S201D,1.1364343206895
S201E,0.116692427009423
S201F,2.21581506548011
S201G,-0.411805180370004
S201H,0.389748544306828
S201I,-4.39585075535696
S201K,-0.631839934641425
S201L,-0.75162278829784
S201M,0.429146368992455
S201N,1.41289179194763
S201P,1.01282460010348
S201Q,-0.861899133420252
S201R,-0.396460784441037
S201T,-0.452010908909338
S201V,-0.0485403543899374
S201W,0.722602535664391
S201Y,-1.96815479977301
S202A,-1.35506933441344
S202C,-3.4967406274946
S202D,0.438994553966652
S202E,1.14035556125609
S202F,4.14909497348352
S202G,0.402965471492312
S202H,0.0709865343942753
S202I,0.573955688890857
S202K,-0.527056690467811
S202L,-0.274653053460118
S202M,-1.16090302273276
S202N,-0.0874146154242591
S202P,1.29941601576706
S202Q,0.534359983162932
S202R,1.99780512245752
S202T,0.346990512526922
S202V,2.58484048672055
S202W,-0.519751669414743
S202Y,-2.55084909249039
R203A,1.04298251348029
R203C,-1.22917297782992
R203D,-1.13954937151095
R203E,-1.69402394951321
R203F,2.67691974525073
R203G,0.441366840074752
R203H,0.281954018580708
R203I,-0.180112415293185
R203K,-1.39286624645025
R203L,1.15520208352246
R203M,0.746125210580626
R203N,-0.153515093798869
R203P,-1.85049875778756
R203Q,2.20347498425946
R203S,-0.862108552940611
R203T,0.404478258957671
R203V,2.92590097538156
R203W,0.680866509093977
R203Y,-1.13483325508669
G204A,1.43498183923805
G204C,1.59709932899313
G204D,0.829998135648527
G204E,0.856342184977452
G204F,1.22748014812902
G204H,0.152202713134126
G204I,-0.717696758298389
G204K,1.86574676621315
G204L,0.861759294543952
G204M,0.859482579595257
G204P,0.884092515533206
G204Q,-0.648292408565634
G204R,0.870413890619765
G204S,0.621591698370988
G204T,-0.344450350603247
G204V,-1.7668335850164
G204W,-1.02387257711991
G204Y,0.699107233692478
T205A,-1.22055181509589
T205C,0.172605025240567
T205D,0.872312600095886
T205E,-1.01020053004165
T205F,2.47676826644585
T205G,1.87831006119791
T205H,-0.446727122810551
T205I,-0.889184769564873
T205K,-1.284257083502
T205L,1.00891523337312
T205M,-3.72140819670012
T205N,0.808103422207066
T205P,0.830339247900891
T205Q,1.2757116757725
T205R,1.02661562893975
T205S,0.884030500602925
T205V,-0.0380453266892517
T205W,1.45205374589068
T205Y,-1.24810595330709
S206A,-1.90226968293096
S206C,1.67144432342109
S206D,1.81110193299723
S206F,-0.418795963949376
S206H,0.611258108980505
S206I,-0.0692406768861009
S206K,2.13948038583991
S206L,1.27544273094344
S206M,0.725935062343885
S206N,-0.0509077752023127
S206P,1.19737729215788
S206Q,0.0872813203294798
S206R,-1.22566112684967
S206T,3.11608947154922
S206V,1.24874255216293
S206W,1.43672426643574
S206Y,-1.36348975325407
P207A,1.08359768998208
P207C,2.87540368252359
P207D,0.350383621259399
P207E,0.655510339139732
P207F,-0.0176871311046816
P207G,0.710449313263971
P207H,0.164360442917775
P207I,-0.0688366391614234
P207K,0.551323534335508
P207L,-1.58077364160196
P207M,-1.41391894161504
P207N,-1.40623481396158
P207Q,2.49274031353008
P207R,0.413594261284274
P207S,2.106816405011
P207T,-0.508353507486549
P207V,1.18887658344036
P207W,-0.0846078081458478
P207Y,-0.584288357975857
A208C,0.210672116719804
A208D,-0.164877498782777
A208E,8.14341021523301
A208F,1.50778029921475
A208G,0.443758886686723
A208I,1.64296972505747
A208K,-1.22358654769067
A208L,-0.291780631474765
A208M,0.568487610992833
A208N,0.0320366944522961
A208P,-3.14924873661394
A208Q,0.52518891851789
A208R,2.54505857425717
A208S,-1.97392415182314
A208T,-0.849383670763228
A208V,-1.5708664494903
A208W,-0.244388743226565
A208Y,-1.96771515178032
R209A,-1.17171637368247
R209C,0.689761779969631
R209D,1.08395573776699
R209E,0.232833491979599
R209F,0.97813157215195
R209G,0.336119652751258
R209H,-0.426305814954235
R209I,1.09034101013165
R209K,0.449658995891025
R209L,-0.748441750591306
R209M,1.97107853036865
R209N,2.76811783263106
R209P,-0.242466185493631
R209Q,2.25613369489788
R209S,-1.24515175260329
R209T,1.08546644647512
R209V,-2.25754458817037
R209W,0.559920640733136
R209Y,1.79906347720952
M210A,-0.81110943642668
M210C,-1.19237285719912
M210D,0.453154959482409
M210E,1.49052353367143
M210F,0.203619884901831
M210G,0.56182503677209
M210H,-0.903703056699702
M210I,1.69037275042381
M210K,-2.24119345738164
M210L,0.109258409291663
M210N,0.176872430218738
M210P,0.32123792796543
M210Q,-3.01090541808988
M210R,-0.303127898661099
M210S,0.214087388185409
M210T,0.374611566273986
M210V,-0.262138052274201
M210W,-0.060447612252042
M210Y,0.834348768756648
A211C,0.0627763451156208
A211D,0.112102861662725
A211E,0.0628489135348703
A211F,0.376661615120254
A211G,-0.47176033647528
A211H,0.297417766535664
A211I,0.282332699908429
A211K,-0.152428030389029
A211L,0.464816836359497
A211M,0.400650842523266
A211N,0.490329678763049
A211P,-2.15771481360704
A211Q,1.01907171925341
A211R,0.000687753203457202
A211S,-0.513456745839196
A211T,-0.164869282228624
A211V,3.3527741821334
A211W,-0.639212723369304
A211Y,0.101307623087577
G212A,-0.418272717192633
G212C,-1.22817764844922
G212D,-1.07919493251173
G212E,-1.26407516342126
G212F,-0.773085781661564
G212H,3.86963932085816
G212I,0.432714425324768
G212K,-0.217029729445489
G212L,-0.538693952251
G212M,0.193223188356622
G212N,-1.20063794606634
G212P,-0.706524006927209
G212Q,-1.44059376520663
G212R,0.420396651558962
G212S,-0.415375618375556
G212T,0.577814854762931
G212V,0.261452683381523
G212W,0.136761843219293
G212Y,1.48121962216952
N213A,-0.248869360209836
N213C,1.80230611166855
N213D,-0.281465718772439
N213E,-0.0804409175536272
N213F,0.784060097451145
N213G,1.2600595914836
N213H,-0.381381126572459
N213I,1.93503352670499
N213K,0.651439965959202
N213L,-0.00581688356893647
N213M,-1.34223287944931
N213P,-1.37583396881387
N213Q,0.381809729805254
N213R,-0.445595762887745
N213S,0.828545921457635
N213T,0.422369646442082
N213V,-0.0104176092894522
N213W,0.550279055902277
N213Y,0.544934518163033
G214A,-1.72174368476809
G214C,-0.103603618352249
G214D,1.28442459494316
G214E,-0.194643818897421
G214F,1.12963875643271
G214H,2.09900622094088
G214I,0.39694856922029
G214K,1.47430384416953
G214L,1.50170952357712
G214M,0.0400433296992807
G214N,-0.337459913424601
G214P,1.5916415798695
G214Q,1.07612861865823
G214R,-0.869243503292906
G214S,0.179890126146587
G214T,0.31974259985157
G214V,2.28773802282006
G214W,1.66282735423703
G214Y,1.00570219837619
G215A,-0.157118425160205
G215C,0.240934577353699
G215D,-0.0677113115200095
G215E,0.139551594760219
G215F,0.0670315073884622
G215H,0.0664146188809733
G215I,1.59896882325079
G215K,0.109383821702915
G215L,1.7033524051529
G215M,1.64313777139376
G215N,1.29088445570172
G215P,-1.41311744212331
G215Q,-0.638350616755357
G215R,2.3218559775405
G215S,0.564476596764931
G215T,1.29425092819275
G215V,0.190721872268597
G215W,0.591046334114191
G215Y,1.63061271479744
D216A,1.56536868002488
D216C,0.194003440913363
D216E,1.28417016036321
D216F,2.94276420166782
D216G,0.111974450473212
D216H,-0.671177644864924
D216I,-0.186697797612371
D216K,0.835006987964735
D216L,0.192154134726162
D216M,2.82392744849054
D216N,-1.43169220754501
D216P,0.699241185776145
D216Q,-0.0580388218782703
D216R,0.553458020924284
D216S,0.869820489590227
D216T,-0.822389050413395
D216V,0.0841642415719349
D216W,0.50011861804923
D216Y,0.473545314410831
A217C,0.994686392223897
A217D,0.552798746403486
A217E,-0.811373328635663
A217F,-0.124546886450343
A217G,1.01354810903678
A217H,0.998020258830318
A217I,2.31770685826513
A217K,1.84903778196942
A217L,0.865103983375539
A217M,0.536533479434709
A217N,-0.744063026693867
A217Q,1.72094251656313
A217R,1.78737423048829
A217S,1.55374067285867
A217T,-1.48230216741215
A217V,0.290347025932229
A217W,0.59896892297446
A217Y,1.15272833969347
A218C,-0.79562855424885
A218D,-1.7548358463535
A218E,-0.244697668228235
A218F,1.54001956125377
A218G,0.51085876535966
A218H,-0.320738039673763
A218I,2.58724736480899
A218K,0.00213154702575308
A218L,0.844665781442445
A218M,0.254061010018599
A218N,0.65270294530936
A218P,-0.94031474652967
A218Q,1.60665552376618
A218R,4.30956429521301
A218S,-2.0459109567376
A218T,2.91304835446836
A218V,0.334016415062217
A218W,1.15070826793076
A218Y,-0.187611599989943
L219A,-0.753470526104013
L219C,-0.530375793464049
L219D,-2.32448711773337
L219E,-0.180953969205833
L219F,-0.366279717917846
L219G,0.311180510853075
L219H,-1.00702839696803
L219I,-0.203963839219811
L219K,1.08657452403183
L219M,-1.6675812377266
L219N,-0.59791927304309
L219P,-0.892049678915325
L219Q,-1.89856213043494
L219R,0.536619725930682
L219S,-0.22921806275685
L219T,-1.9505293641988
L219V,-0.0963669974916991
L219W,1.89176976689981
L219Y,0.371560707420505
A220C,-0.589945528085224
A220D,-0.922376799960191
A220E,-0.187445245624091
A220F,1.12320048038791
A220G,-0.512342735963439
A220H,1.50194180635556
A220I,1.12127209950594
A220K,1.21559374726935
A220L,-5.24373967842425
A220M,0.732601539144522
A220N,-0.827499710714339
A220P,-1.53000110605218
A220Q,-1.00767572214011
A220R,0.632807814723297
A220S,-0.83300135470618
A220T,3.09788462762579
A220V,0.887790532789201
A220W,2.51182056557955
A220Y,0.229940640826039
L221A,0.382471730164255
L221C,-0.483309640011086
L221D,0.0653460457728202
L221E,-0.528562479184433
L221F,1.00842247420216
L221G,0.331559249416664
L221H,1.25880686538013
L221I,0.813484043208254
L221K,-0.920474136360167
L221M,0.646462895187599
L221N,-1.97172839607087
L221P,-2.73615482102696
L221Q,-0.437882010664013
L221R,-0.0201996038624127
L221S,-2.59951678255615
L221T,-0.264656285292397
L221V,0.142592107882607
L221W,-0.14751218159772
L221Y,-1.52652334651462
L222A,-0.648609401921297
L222C,0.160339812270131
L222D,-3.74577677143019
L222E,-0.460626400578878
L222F,-0.185284723380501
L222G,0.0909879989936991
L222H,-0.725052028358282
L222I,-0.332345586560141
L222K,-0.671705023344665
L222M,0.503751553251645
L222N,0.0131666931506263
L222P,-0.410317560157609
L222Q,-0.187130517177159
L222R,0.251273872633031
L222S,-1.2520595182805
L222T,0.100200007142727
L222V,0.89158861615312
L222W,2.18578406231362
L222Y,1.12301597291253
L223A,-0.649941485418238
L223C,-0.730341231692407
L223D,-0.435807928057602
L223E,0.374128676366764
L223F,0.257571329959465
L223G,0.473519369134295
L223H,-1.674111798644
L223I,0.123121315070397
L223K,-0.180636486147912
L223M,-0.906731400063071
L223N,-0.0132546434036293
L223P,-0.508604675378261
L223Q,1.41918670913138
L223R,1.48859237879151
L223S,-0.368605301411971
L223T,1.35697670165217
L223V,-0.804140560715985
L223W,-0.214102774703464
L223Y,0.329997329057021
L224A,-0.735476589210546
L224C,0.629589667794028
L224D,0.0383656369283697
L224E,-1.66369573822333
L224F,-0.308224026112961
L224G,-0.983333330356989
L224H,0.705551123626594
L224I,2.26182798541305
L224K,-0.98744069467248
L224M,-0.213055358944009
L224N,0.165990280894822
L224P,-0.133444300334048
L224Q,-0.0528778707934228
L224R,-0.519534927933482
L224S,-0.611236221054694
L224T,-0.1185573048922
L224V,1.9590138702265
L224W,1.63527409037149
L224Y,-1.2958705477471
D225A,-0.467004869676641
D225C,0.0596044161766543
D225F,0.54303615769046
D225G,-0.985922284153853
D225H,0.710506770114344
D225I,-0.394321685335638
D225K,1.35427710167869
D225L,-1.63778861476195
D225M,-0.33017133467261
D225N,1.1264691186184
D225P,0.644127706116066
D225Q,0.492849194461362
D225R,1.05731142657679
D225S,0.0491050871828802
D225T,0.617786607707682
D225V,0.497427071167947
D225W,0.636810557853173
D225Y,1.18739309452662
R226A,-0.272040259027123
R226C,0.913039663498022
R226D,-0.13287562851221
R226E,0.244582999963379
R226F,0.253319999976085
R226G,-0.561358078795332
R226H,0.82027403217673
R226I,0.0953436257925803
R226K,-0.387995609916055
R226L,0.130287816414277
R226M,0.121536456119904
R226N,0.0957519695677219
R226P,-1.55102281675772
R226Q,-0.515100242242985
R226S,-1.81279123644381
R226T,-1.20532446832421
R226V,0.665129164455039
R226W,-0.0254470762049892
R226Y,0.0272786279036666
L227A,-0.84793107776446
L227C,0.391410797869859
L227D,2.11628866210716
L227E,-1.03295159927965
L227F,0.83898143414027
L227G,0.153287906152998
L227H,0.498913784431702
L227I,2.22891132830353
L227K,0.531965925032169
L227M,-0.280624962737122
L227N,0.244980651273399
L227P,-0.998498133641617
L227Q,1.37923460587282
L227R,-1.694959448503
L227S,-2.39936035295656
L227T,-0.477685634420356
L227V,-0.29744488865051
L227W,-1.28524941366834
L227Y,-1.91379580402796
N228A,0.276893228456906
N228C,0.878683500877983
N228D,0.115166309870148
N228E,0.334782975606362
N228F,1.30196342733976
N228G,-0.580354236991932
N228H,0.880805594667693
N228I,1.81905843722886
N228K,0.213682260974197
N228L,-0.128129492444865
N228M,1.21650594211509
N228P,0.200357774317597
N228Q,-0.0313347336428776
N228R,0.567844188473478
N228S,-0.833206864720877
N228T,0.547774320191119
N228V,0.558127317759012
N228W,8.14341021523301
N228Y,1.62124592914023
Q229A,0.0739727153794903
Q229C,-0.718578296785819
Q229D,-0.950584382731903
Q229E,-0.634295804424863
Q229F,-0.200219967670176
Q229G,0.167517249185123
Q229H,-0.887184986628118
Q229I,1.59689896914743
Q229K,0.710256789675555
Q229L,0.512656126000913
Q229M,0.382507014433505
Q229N,0.492432945198418
Q229P,0.0350451054313804
Q229R,-1.368500041749
Q229S,-0.104688300639732
Q229T,0.505681862123981
Q229V,1.25939100673572
Q229W,0.698168497308652
Q229Y,-0.610777000815643
L230A,0.084529825356853
L230C,-0.486527298477266
L230D,-0.676848340030292
L230E,-0.0430898417261327
L230F,-1.40016586256124
L230G,1.18762898562308
L230H,0.57014056682609
L230I,0.851446434907197
L230K,-1.8748183868032
L230M,-0.116927417796322
L230N,1.13450897095154
L230P,-0.218687978009182
L230Q,0.194987962123438
L230R,-1.20108915437407
L230S,-0.726406845437244
L230T,-1.30347125634443
L230V,-0.265858101658575
L230W,0.9887851146225
L230Y,0.0308605638116626
E231A,1.10387041987286
E231C,1.25145879134168
E231D,0.196702328112284
E231F,0.553876304091716
E231G,0.375574785928747
E231H,-1.55001214902396
E231I,0.773125913442588
E231K,0.659953275137884
E231L,-0.304106507999502
E231M,0.721825751350328
E231N,0.908151743405554
E231P,-2.44905547118912
E231Q,0.0415729805331924
E231R,0.873406663627439
E231S,1.00185291660468
E231T,0.899943478431044
E231V,-0.0885499539644274
E231W,-0.600149040853585
E231Y,0.273052724530614
S232A,0.246858740123775
S232C,0.646746467354497
S232D,0.118619792608351
S232E,-3.0447466085395
S232F,0.0120803870728367
S232G,1.01411285000124
S232H,0.778116856062757
S232I,4.70017691469629
S232K,-0.0679718304980914
S232L,1.71364959232103
S232M,2.61939691677281
S232N,-0.111880152017979
S232P,-0.950870818288675
S232Q,0.365011939148936
S232R,-0.67614580995875
S232T,0.638246581523709
S232V,1.03050046051019
S232W,1.60844176247372
S232Y,0.274476854715162
K233A,-0.371041772809639
K233C,2.05566226975226
K233D,-0.970990961722246
K233E,-0.501634868191061
K233F,-0.12271876347514
K233G,-0.541571497873077
K233H,-0.540821789636148
K233I,-0.398767805897814
K233L,1.99608912881834
K233M,-0.386761441861791
K233N,-1.54629121339007
K233P,-0.408341263958362
K233Q,0.04653686221201
K233R,0.103249345188976
K233S,0.909004092930553
K233T,-0.37987970291561
K233V,1.75687027483074
K233W,0.021523320235647
K233Y,0.753094642242519
M234A,-0.628984890320084
M234C,0.43902667312888
M234D,-0.221873554718365
M234E,0.167239369265781
M234F,0.764621706443319
M234G,0.586236603797085
M234H,0.858825611248195
M234I,0.844304169817102
M234K,-1.02258192281889
M234L,1.05411461759597
M234N,-0.0229474525211041
M234P,0.164920145140989
M234Q,2.54904909311653
M234R,-0.463921049237746
M234S,0.124747444592963
M234T,-0.449701958186706
M234V,0.425190468938005
M234W,4.28411446216666
M234Y,1.63161106898943
S235A,-0.344179357758524
S235C,0.12251414762167
S235D,0.956563783115646
S235E,0.921224986900313
S235F,-0.0513464453503599
S235G,-0.00222496219164296
S235H,-0.457118013398827
S235I,-2.46250199500982
S235K,0.693550078082384
S235L,-1.5365779565809
S235M,1.31182760794014
S235N,1.23669112027136
S235P,0.442436586914676
S235Q,0.373653281114617
S235R,0.560134600160562
S235T,-0.587869458424752
S235V,-0.253731226843464
S235W,0.794963077545575
S235Y,0.254487308665372
G236A,-1.0486593179317
G236C,1.02675457635026
G236D,-0.072728118843396
G236E,-0.212750740951041
G236F,0.648195024851866
G236H,-0.748141811712199
G236I,2.18710826598134
G236K,-1.86148822619719
G236L,0.623956394740412
G236M,-2.32399771125713
G236N,0.283466766565711
G236P,-0.203492958354202
G236Q,0.196891638581563
G236R,-0.577087431493528
G236S,0.452860146873751
G236T,-0.956429431635432
G236V,-0.130120108839607
G236W,0.153245548442542
G236Y,0.126929771409691
K237A,-2.63290198644462
K237C,-0.179701335036404
K237D,-0.0237072853512463
K237E,-0.427563570607724
K237F,0.434586206422718
K237G,0.486796566262469
K237H,0.525716071291698
K237I,-0.508689588246674
K237L,-0.268693861187282
K237M,-0.82285393317731
K237N,1.32049559419001
K237P,-0.374522258218496
K237Q,-0.447229938656241
K237R,0.271010550439985
K237S,1.05988530767166
K237T,1.8993952257052
K237V,0.00462699911611319
K237W,0.191731031675
K237Y,0.0934072933460278
G238A,-0.57099370165938
G238C,0.116902876100572
G238D,-0.707859830103003
G238E,-0.484616141544946
G238F,2.38825117614981
G238H,1.07809458944439
G238I,-1.13608206437051
G238K,0.755870497223303
G238L,0.94801172307491
G238M,-0.866484404228219
G238N,0.60206825736744
G238P,0.322206148430564
G238Q,0.0040445434486621
G238R,-0.300603209381661
G238S,-0.0452585362436341
G238T,-0.171070532226855
G238V,0.62939163336148
G238W,-0.152951784390192
G238Y,0.532126429823394
Q239C,-0.0876906404265748
Q239D,-0.204949668142048
Q239E,-0.597942125520985
Q239F,-0.768700029171197
Q239G,-0.29097613193988
Q239H,0.901886603409482
Q239I,2.13296639030146
Q239K,0.464424186826962
Q239L,-2.59226692442804
Q239M,0.167237112754015
Q239N,0.824900627905192
Q239P,0.0222534493034059
Q239R,3.33561850447516
Q239S,0.863147222572582
Q239T,-1.3018788276112
Q239V,-0.577907785056486
Q239W,-0.760043821631906
Q239Y,1.97162128855286
Q240A,1.13856167762635
Q240C,-0.173417196963477
Q240D,-0.0237113939528352
Q240E,0.814008212317401
Q240F,-0.174637443608749
Q240G,0.954316898848291
Q240H,-0.787163525862898
Q240I,-2.73684571106916
Q240K,0.40190936939086
Q240L,0.594825106234476
Q240M,0.187690507537928
Q240N,-0.876105623821905
Q240P,0.00775190000019509
Q240R,0.958508089843754
Q240S,0.727407366516025
Q240T,-0.456637915547555
Q240V,-0.514290178940564
Q240W,0.70135039150836
Q240Y,0.484458587706885
Q241A,-0.869489865601663
Q241C,1.19455637063255
Q241D,0.0126159886443554
Q241E,0.340043283910098
Q241F,0.42941395624832
Q241G,0.978635606949728
Q241H,1.31300416473145
Q241I,0.734370191256021
Q241K,1.67759679975654
Q241L,-0.296848526106771
Q241M,-0.963296216157757
Q241N,0.833318212850654
Q241P,3.54397232318574
Q241R,-0.641472243841693
Q241S,0.073843645109049
Q241T,-0.802021448621086
Q241V,-0.485313157973078
Q241W,0.380119590074411
Q241Y,-3.2959394343023
Q242A,1.35097642145508
Q242C,0.792419199110887
Q242D,0.385649824822769
Q242E,0.722139530028306
Q242F,0.925763250529852
Q242G,-0.554265225720031
Q242H,-0.717997589365814
Q242I,-1.2350058891796
Q242K,1.48427088960043
Q242L,0.712760946168978
Q242M,0.0581014769305496
Q242N,-0.597667985376525
Q242P,3.83025483668217
Q242R,0.57852823013762
Q242S,-0.412202644164299
Q242T,0.88076991615306
Q242V,0.970825241831202
Q242W,1.03890667082414
Q242Y,0.156358039999236
G243A,0.42600505954677
G243C,0.326400892952828
G243D,-1.03667590525838
G243E,1.10609779425862
G243F,0.182422366400399
G243H,0.0915012545061759
G243I,-0.382480326813519
G243K,-1.61893177480462
G243L,-2.31424222540257
G243M,0.816246631657
G243N,-0.753858092496759
G243P,0.686904292963154
G243Q,-0.296236062151012
G243R,1.13131702281112
G243S,0.369835030088709
G243T,0.202223032597903
G243V,0.348187990492042
G243W,0.552450135502773
G243Y,0.690388642811128
Q244A,0.060854247819938
Q244C,1.39983210126757
Q244D,-0.35292364640783
Q244E,-0.630964094772468
Q244F,1.52865685540906
Q244G,-0.426401444495133
Q244H,-0.65515594622628
Q244I,-0.104203287562409
Q244K,0.136711766152921
Q244L,-0.623822167518394
Q244M,1.2267936370258
Q244N,0.022721746144682
Q244P,1.02550638884659
Q244R,0.0724005764531084
Q244S,-0.766720166590887
Q244T,0.753448092736902
Q244V,0.880576170591931
Q244W,2.06406963841183
Q244Y,-0.166587883459751
T245A,-0.325225551847495
T245C,-0.349551650217151
T245D,-2.24554213723917
T245E,1.8501392256775
T245F,1.45313995850561
T245G,-0.149054321948752
T245H,0.0721135109288932
T245I,0.596364061528113
T245K,2.15461654219606
T245L,-0.0229009358014397
T245M,0.59002434165849
T245N,-0.286547281503515
T245P,-0.440922598506731
T245Q,0.210083932412803
T245R,0.399702265052056
T245S,0.887283836848497
T245V,0.977746541106233
T245W,0.85653692173042
T245Y,1.16225770355909
V246A,-3.16784328364041
V246C,1.32532259935157
V246D,1.33759838765574
V246E,0.417724541334286
V246F,0.0996439502974601
V246G,0.0973121606080746
V246H,-0.5844691221197
V246I,1.8869258595868
V246K,-1.51339171889726
V246L,4.56459957906465
V246M,4.82272043100845
V246N,-1.22924281123152
V246P,0.566146002462005
V246Q,0.745635449367125
V246R,-2.35516870420689
V246S,-0.789537204733345
V246T,-0.100355568454905
V246W,-0.798019324799457
V246Y,-1.46985798786584
T247A,-0.461250464632177
T247C,-0.74511866575393
T247D,0.344921708031245
T247E,-0.666015365822812
T247F,0.677235320281745
T247G,-0.274131644459684
T247H,0.828152542233847
T247I,1.26283120230844
T247K,3.04058328598272
T247L,-0.00552101190095797
T247M,1.40958652297871
T247N,0.843851149377871
T247P,0.7689287104785
T247Q,-1.3368434739208
T247R,2.97653928317053
T247S,1.6661815812826
T247V,1.12328968431069
T247W,-1.21506101653879
T247Y,-0.801684018336078
K248A,0.921942066342042
K248C,-0.0485356527647731
K248D,1.36767392959797
K248E,1.6178974048407
K248F,0.776619383777141
K248G,-0.775269687242054
K248H,-0.355950074349059
K248I,0.646300033877404
K248L,-0.312478601192296
K248M,-0.822772297691698
K248N,0.917065947807847
K248P,-1.14101368362375
K248Q,0.623674002007929
K248R,-1.1829314151291
K248S,-2.66379357618894
K248T,-1.7389572705433
K248V,-0.494127818021837
K248W,0.512395155299444
K248Y,-1.24375335089434
K249A,-0.492699092434792
K249C,2.3862768951426
K249D,0.908736358947307
K249E,0.506776623511768
K249F,0.893432985456558
K249G,0.588925803321967
K249H,0.844893854802019
K249I,-0.172263204066715
K249L,-0.57962407217078
K249M,-0.12891712520655
K249N,1.37847766909708
K249P,-0.550776039732177
K249Q,-0.66031274561932
K249R,0.72216269455521
K249S,0.661938633628775
K249T,-3.43362701645999
K249V,0.596445922258467
K249W,-0.890327110500025
K249Y,0.34044811391315
S250A,0.737224528875146
S250C,-1.47038417670082
S250D,-0.495227443031024
S250E,-0.364582195006849
S250F,8.14341021523301
S250G,-3.01013960224172
S250H,-2.32489761718171
S250I,1.99904613531426
S250K,0.554449618927375
S250L,-0.435864344109154
S250M,0.503684686703219
S250N,-1.12940596604806
S250P,-0.604628569739775
S250R,0.341617704838498
S250T,-1.61032782933907
S250V,3.29403461832852
S250W,1.76610561571724
S250Y,-0.981153076124545
A251E,0.699221862538592
A251S,-0.769872313557147
E253A,-1.85491201897076
E253F,-3.18516020023541
E253G,2.42056992604061
E253H,0.100650623579729
E253I,-2.25023432887299
E253K,-2.15711845951225
E253L,-2.87993436366107
E253M,-0.0330065909922256
E253N,-1.71581688598023
E253Q,-3.37421343277616
E253R,1.32660274747945
E253S,-3.58313732590401
E253T,-0.250713585977411
E253W,1.63120154163932
E253Y,2.05998723565086
A254C,2.28103830830995
A254D,0.490415408991932
A254E,-0.0331398329905037
A254F,-1.95319512618099
A254G,-0.102514914194377
A254I,-2.60899590178676
A254K,0.209622568765873
A254L,2.57507742479154
A254M,-0.341409611958376
A254P,0.638975500007765
A254R,-0.245628269213646
A254S,-0.225565875812939
A254V,0.0839817107765468
A254W,-1.71581688598023
A254Y,-2.60656352088191
S255A,-0.37312457631907
S255E,3.09121890012149
S255F,8.14341021523301
S255G,-1.47099881774121
S255M,2.01959910693469
S255Q,0.362476415777224
S255R,2.29393879522888
S255W,-0.14083792957467
S255Y,-1.76021330152824
K256D,8.14341021523301
K256E,-0.0729533555628099
K256F,-2.95893949187284
K256H,-0.395499944278556
K256I,0.319849977556657
K256L,-1.2320565035125
K256N,-0.0786236213666874
K256P,-1.05218327297065
K256Q,-0.593668104689564
K256S,-2.28831781431105
K256V,0.723459506158074
K256W,0.722865299212156
K257A,0.682677569019565
K257C,-0.785595046143866
K257E,-0.551450679917708
K257F,2.56706478183818
K257G,0.637836686368731
K257H,-0.309130531751227
K257I,0.365169026585642
K257L,-2.78582695377165
K257M,-0.857831352655477
K257N,-1.51621447862991
K257P,-2.03034497201797
K257Q,-1.52876638835769
K257R,-0.405307490123197
K257S,1.18255696390396
K257T,-1.36962999121378
K257V,-1.57817439554996
K257W,-2.35952678660689
P258A,-0.365771793379561
P258C,-0.584073307206602
P258D,-0.118419578459019
P258E,-0.559278897691636
P258F,-0.95642822198949
P258G,-0.0512979356855066
P258H,2.62901839006792
P258I,-0.0479341469640307
P258K,-1.23423160321955
P258L,2.06888048365073
P258M,-0.622023522946128
P258N,3.0144125795811
P258Q,0.776723468707226
P258R,8.14341021523301
P258S,0.144805958700777
P258T,1.67010607101232
P258V,-0.263175190152617
P258W,-0.537487748090076
P258Y,1.552137321198
R259C,1.30219924311174
R259D,1.63996330212973
R259E,-0.248350734674669
R259F,-0.509037143202999
R259G,1.46099253751278
R259H,1.13393464526967
R259I,-0.804843881417853
R259K,-1.3189736791956
R259L,0.453436374154392
R259M,-0.132930748936983
R259N,1.11652713722091
R259P,0.649920897694273
R259Q,-1.08067611755666
R259S,0.213264345512591
R259T,-0.184088200355404
R259V,0.554987836326791
R259W,-0.634514585490323
R259Y,-0.375697939518003
Q260A,-0.797745648596186
Q260C,0.094707515731677
Q260D,1.78445610601046
Q260E,-0.174510423616771
Q260F,0.762390499574747
Q260G,3.73906855993014
Q260H,-0.571361911855665
Q260I,1.51634534173786
Q260K,-0.92280727674328
Q260L,0.0751771350340807
Q260M,-0.146728851015251
Q260N,0.352805026510418
Q260P,1.75262834271594
Q260R,0.30994846888519
Q260S,1.36957559074069
Q260T,-1.64478336993169
Q260V,-0.795834695965319
Q260W,1.31004620429282
Q260Y,-0.0071312684800741
K261A,-0.403508277166016
K261C,6.6343269572516
K261D,1.23748986203086
K261E,0.490104946294831
K261F,0.786371238343063
K261G,-0.504207394535737
K261H,0.354540494686571
K261I,-0.0676366563048636
K261L,0.311760672973978
K261M,0.947355200447847
K261N,-0.0436452107098512
K261P,2.69161216523425
K261Q,0.141957103704246
K261R,-0.187991876449589
K261S,1.11247246876438
K261T,0.0101169047617558
K261V,0.771661560112095
K261W,1.42940852555346
K261Y,1.98226085344778
R262A,-0.207790261101604
R262C,3.19775664753499
R262D,3.41755139731377
R262E,1.02322241633709
R262F,5.91790400912108
R262G,1.49094148462951
R262H,1.31291271302505
R262I,-0.160053820054958
R262K,-0.0520147781542855
R262L,0.324469915273102
R262M,-0.0613815931097387
R262N,2.748796862882
R262P,5.65089922979921
R262Q,0.649053153254246
R262S,2.85881616902193
R262T,1.19769734150598
R262V,0.884397356403565
R262W,1.53021408765507
R262Y,2.89924926790642
T263A,-0.712472802398913
T263C,0.21713747018006
T263D,-0.38287393133829
T263E,0.00492832539337436
T263F,-0.132378429246049
T263G,-4.23983815768441
T263H,0.325512662647916
T263I,-2.27523873792987
T263K,0.381650397605154
T263L,-0.897314586441802
T263M,0.95024589014772
T263N,-1.03730759443369
T263P,4.29682379494655
T263Q,1.11208090091606
T263R,0.497566107465868
T263S,-1.7763297693515
T263V,1.37060568011136
T263W,0.116611997826889
T263Y,-0.651077964963615
A264C,0.945288521832651
A264D,3.82913673941625
A264E,0.623584730077033
A264F,0.128294200896933
A264G,2.07129096357139
A264H,4.96348577020604
A264I,0.258540861029748
A264K,8.14341021523301
A264L,-2.14758456569841
A264M,4.20510394470869
A264N,3.18158613875805
A264P,0.759098387152859
A264Q,3.18212099221456
A264R,5.05008462934745
A264S,0.600663496467811
A264T,1.60902817903097
A264V,-0.0720943700894102
A264W,1.09301189064014
A264Y,0.367192360021137
T265A,-0.0862965531261812
T265C,0.226636745169169
T265D,-1.24575651344718
T265E,-0.439288412403514
T265F,-0.117541110779404
T265G,0.369407409216464
T265H,3.02003280476382
T265I,-0.293386191904475
T265K,0.0521445072264923
T265L,0.795251993593436
T265M,0.644360026580548
T265N,0.185350146810173
T265P,-1.87852562728861
T265Q,0.494527400803318
T265R,1.22604415235209
T265S,0.612287278094738
T265V,2.41018086406551
T265W,0.765223837063084
T265Y,0.27574920099291
K266A,8.14341021523301
K266C,3.82504491158051
K266D,0.490523392760534
K266E,-1.45167195098523
K266F,1.14798352990955
K266G,2.48820323113301
K266H,0.334065752764545
K266I,0.155514440770491
K266L,-0.138360760531762
K266M,-0.745348236715686
K266N,0.0544086189663407
K266P,0.184064760007931
K266Q,0.799452495168995
K266R,-0.114990078554265
K266S,0.111179198078936
K266T,-0.692609738059316
K266V,-0.913083917199891
K266W,0.613341742173052
K266Y,-0.0370431126954771
A267C,-0.555625885991739
A267D,0.205145160290594
A267E,0.384256008447905
A267F,1.62854173338119
A267G,-0.712963794237125
A267H,0.0883205361004357
A267I,-0.492381924845918
A267K,0.560756678702717
A267L,0.793644327005335
A267M,1.69908263373847
A267N,-1.17593289273454
A267P,1.56874655891557
A267Q,-0.980274995176492
A267R,0.0082906764772475
A267S,-0.209175634205861
A267T,0.347150488842626
A267V,0.66179343472856
A267W,1.3187969128074
A267Y,1.04700176749576
Y268A,-0.378613413683162
Y268C,1.20953192248071
Y268D,-2.17922837355461
Y268E,-0.43119514794171
Y268F,-0.311716864962259
Y268G,0.659322157931295
Y268H,1.52526930361723
Y268I,-0.359136566048655
Y268K,-1.74840591526568
Y268L,0.862358363446413
Y268M,0.0998935546058894
Y268N,-0.770753141322749
Y268P,0.536399276383461
Y268Q,-0.30936144636766
Y268R,-0.134714513665159
Y268S,0.257397153713531
Y268T,1.27629018179978
Y268V,0.987975141055582
Y268W,5.2771349208937
N269A,2.60621011042458
N269C,2.30619712899608
N269D,-0.845926765915749
N269E,1.36427764837185
N269F,1.19150305573372
N269G,1.46115673795062
N269H,0.477817506577682
N269I,1.62628354757734
N269K,-2.94457938138918
N269L,0.040560867678678
N269M,1.0849109138147
N269P,-0.784422195981107
N269Q,-0.444330585411796
N269R,-1.97431439775895
N269S,0.633882890753508
N269T,0.432249244941888
N269V,0.822562003629616
N269W,0.959196963388793
N269Y,0.360772688402422
V270A,-0.534211465452487
V270C,0.888375315353907
V270D,0.672157958897525
V270E,0.473474935335149
V270F,-1.18483536453634
V270G,1.30355575918815
V270H,-0.0427299456337819
V270I,0.321769704902748
V270K,0.328118743147979
V270L,-0.476653317081259
V270M,0.531709253357163
V270N,1.43145763463283
V270P,-1.47365485329025
V270Q,-0.37512627233979
V270R,-0.199338524319984
V270S,2.70119080566914
V270T,-2.64510329587207
V270W,-1.61575697854088
V270Y,-0.853699591319044
T271A,0.167733417506015
T271C,1.94537038936697
T271D,1.732331055215
T271E,-0.644471001828188
T271F,-0.417486746576022
T271G,-0.293469602105984
T271H,1.22890162204328
T271I,0.785354229435063
T271K,1.08143711529677
T271L,-1.33020396598958
T271M,1.05125339609213
T271N,0.0292677486328491
T271P,-1.06657273119615
T271Q,1.46039731886095
T271R,1.1618848019531
T271S,-0.225298162238757
T271V,0.683765860305614
T271W,-0.853843444294636
T271Y,1.72653298948584
Q272A,-0.89718583029847
Q272C,-1.40039905867511
Q272D,-0.667532292404448
Q272E,1.30107885150071
Q272F,0.941323852998316
Q272G,-0.193727891951868
Q272H,-0.415179210790205
Q272I,0.499571784531615
Q272K,-0.938274988706414
Q272L,1.10340663374189
Q272M,0.24797049137982
Q272N,-2.02101969571922
Q272P,0.738786245749691
Q272R,0.386834312020531
Q272S,0.926164399282971
Q272T,0.755838482549789
Q272V,-0.222692630615554
Q272W,0.794111493207476
Q272Y,-0.252465945784838
A273C,-1.57538616133499
A273D,0.344108245204978
A273E,-0.425672509147573
A273F,-1.76170660245363
A273G,0.485692006148924
A273H,-2.13811177241732
A273I,1.89105788416859
A273K,2.40210774293824
A273L,-1.70560346536522
A273M,-0.357282343178061
A273N,0.0774736610375915
A273P,-0.0462802994125404
A273Q,-2.91449496887095
A273R,-2.19855314580156
A273S,-3.27767291143224
A273T,0.316520354188546
A273V,-2.33440906817035
A273W,0.818383825392367
A273Y,0.266654940141296
F274A,0.559862825199745
F274D,-0.820607897523082
F274E,1.47900500971003
F274G,-2.05299530521597
F274I,0.215846599176008
F274K,-2.77658811429594
F274L,1.88327271859018
F274M,-0.146087454056104
F274N,1.94068661829811
F274P,1.09737362347519
F274Q,0.214329750710258
F274R,-1.11068002832713
F274S,2.11374982747407
F274T,0.55556233942464
F274V,0.758823003692462
F274W,-2.72900086130733
F274Y,0.936399672854978
G275A,0.243842083654162
G275C,2.28623892379132
G275D,-0.54408320757207
G275E,0.0279932678477282
G275F,-1.13490298322989
G275H,-1.96995384840395
G275I,0.58927497287928
G275K,0.226514915373361
G275L,-0.368027579139648
G275M,0.517248462475839
G275N,1.9932008903444
G275P,0.873621464368425
G275R,-1.15641950248456
G275S,-0.571760278364772
G275T,-0.870238233450142
G275V,1.36334503439035
G275W,-0.726017212401693
G275Y,4.28476129428176
R276A,-0.223680291584847
R276C,0.404247044465902
R276D,-0.908474223790607
R276E,1.3503897128274
R276F,-0.233246288613907
R276G,0.172038890157091
R276H,-0.766583394924036
R276I,-1.16711039390063
R276K,0.319493193586425
R276L,3.87819552807591
R276M,-0.650788771733623
R276N,1.66977795399151
R276P,-0.727209673856234
R276Q,0.300794670410299
R276S,0.189422698027659
R276T,0.173336674052969
R276V,0.0978605311605578
R276W,1.64959878222001
R276Y,-1.057173064326
R277A,-0.271734621510524
R277C,2.60391184044234
R277D,0.622367656049191
R277E,0.923016056781981
R277F,0.0049688599808902
R277G,8.14341021523301
R277H,0.337264775560145
R277I,0.619242637474933
R277K,-1.12496101956091
R277L,0.89723509793582
R277M,2.7007277723011
R277N,-0.64106558758113
R277Q,0.472887026202103
R277S,-1.55319320584685
R277T,-0.323714607741888
R277V,0.021621069037833
R277W,1.80251867274297
R277Y,1.50340097623675
G278A,3.08993735997927
G278C,-1.38580536048789
G278D,3.2109591172828
G278E,-4.5874020637302
G278F,-2.72402637741814
G278H,1.79863979933593
G278I,-2.22338435314883
G278K,0.0403055365475787
G278L,-3.11675621196284
G278M,1.00255528716995
G278N,-0.0688366391614234
G278P,0.632394252468812
G278Q,0.511405375035632
G278R,-3.98360418867192
G278S,0.955563660735731
G278T,1.15477965125621
G278V,3.00321069692874
G278W,0.633550293114738
G278Y,0.946480301940962
P279A,-0.31732452315471
P279C,0.173696058223203
P279D,0.40026875064532
P279E,-0.791686905872014
P279F,-0.0610786763351433
P279G,-0.788653572068666
P279H,1.31403690275573
P279I,-1.80606632428745
P279K,-1.07490333762412
P279L,0.865237903715972
P279M,-0.355804798394224
P279N,0.332141279025586
P279Q,-1.30746636800356
P279R,-0.253296233505773
P279S,0.905495097223639
P279T,-1.45486617784965
P279V,0.431463485141338
P279W,-0.199220566029788
P279Y,1.46896893709311
E280A,-0.855464084644519
E280C,-0.266426236775978
E280D,-0.121219664392826
E280F,0.44545463349504
E280G,-0.480114330117055
E280H,-0.250906664024158
E280I,0.50471574800414
E280K,-0.225010210635063
E280L,-3.21792007039867
E280M,1.01946057375468
E280N,0.252333815129139
E280P,0.228310603146599
E280Q,0.76189918104255
E280R,0.401550440338186
E280S,1.04306867248436
E280T,0.995039846075693
E280V,0.159254901421602
E280W,3.24300955723204
E280Y,0.0691844376252745
Q281A,2.19548096507507
Q281C,1.2035718701176
Q281D,-1.06446945032375
Q281E,1.0718020737661
Q281F,1.36598018761004
Q281G,0.00911748251358987
Q281H,0.470247158900835
Q281I,1.21387394936932
Q281K,1.21085240529066
Q281L,-1.44567216034952
Q281M,-0.871615390324099
Q281N,-0.0255588401655668
Q281P,-0.544579311518497
Q281R,0.15884625563382
Q281S,1.20655019772674
Q281T,0.24637098489728
Q281V,-0.304642381671845
Q281W,-0.663756987169043
Q281Y,0.171118328269857
T282A,-0.0676490956735916
T282C,0.660628760047004
T282D,0.808820857365818
T282E,-0.414596975724013
T282F,-0.0700614224415836
T282G,1.09915944939491
T282H,0.492224270073417
T282I,1.29619106017648
T282K,2.21212215177052
T282L,-0.12772337021645
T282M,0.441453862921809
T282N,0.382766877702298
T282P,0.140538772459511
T282Q,0.946850493961625
T282R,-0.148580270246369
T282S,-1.65400431903348
T282V,0.239250501129327
T282W,3.45999472199653
T282Y,3.93973607187034
Q283A,-0.584508717924336
Q283C,-0.170795681098198
Q283D,-1.33945562162071
Q283E,-0.314476519538405
Q283F,0.907079638369738
Q283G,-2.2243023180549
Q283H,1.35152122001495
Q283I,0.579024287781211
Q283K,0.592494156651493
Q283L,-0.175315811284204
Q283M,-0.0402103965967393
Q283N,0.403993102808021
Q283P,-0.341409611958376
Q283R,-0.582423964840829
Q283S,0.920222018822241
Q283T,-1.01012030804964
Q283V,-1.17274922218947
Q283W,1.02899593294119
Q283Y,-3.25593090988033
G284A,0.289231350120682
G284C,-5.24373967842425
G284D,-0.0624800949579129
G284E,0.00971511089783678
G284F,3.53534045437604
G284H,-0.358012779601822
G284I,-0.0830165770325881
G284K,-0.587296126784965
G284L,2.08682625689342
G284M,-1.87583496082778
G284N,-0.23319339027937
G284P,0.214746918899608
G284Q,1.60269848830469
G284R,1.48156240107858
G284S,-0.533761005996357
G284T,-0.130085414242945
G284V,-1.8304685732127
G284W,-0.104779202531161
G284Y,-2.66140405491054
N285A,1.52657747500429
N285C,1.98342192341644
N285D,0.347144978422924
N285E,1.01104372578283
N285F,2.22567921662441
N285G,2.03893378444576
N285H,0.428985530493439
N285I,-1.99861062815779
N285K,2.08033993797773
N285L,-0.217496056215745
N285M,0.294991893933762
N285P,1.83858954170065
N285Q,-0.0116730770341536
N285R,1.2967122218889
N285S,2.95856170344885
N285T,0.0126511057625258
N285V,1.40765907598485
N285W,-0.27423640802712
N285Y,0.640707530658496
F286A,-1.4534234600448
F286C,0.505046379863974
F286D,1.9715016896648
F286E,0.430434857460228
F286G,0.881300314582913
F286H,0.921852682004233
F286I,-1.17297269139819
F286K,0.550187933335032
F286L,-1.61825190281618
F286M,-2.19039939556367
F286N,0.835483942777598
F286P,-0.394348222974954
F286Q,-2.35589263130011
F286R,2.55415349829877
F286S,-0.321101155507686
F286T,-4.07533552341722
F286V,1.38826793024404
F286W,-0.763608794557947
F286Y,0.713148162165747
G287A,-0.554871174284953
G287C,-2.02305303846586
G287D,-1.70455097376972
G287E,-2.5208106674962
G287F,3.99365429578624
G287H,1.15233749931873
G287I,-0.838582509077744
G287L,0.294533168843456
G287M,0.744769024473894
G287N,-0.497341684819025
G287P,1.8909708833677
G287Q,-3.22165813839691
G287R,1.2247006421302
G287S,-0.0621616031116339
G287T,1.29706804540366
G287V,2.22738820527514
G287Y,2.53824908005222
D288A,2.5580010755983
D288C,7.59292224813522
D288E,0.5219475001147
D288F,0.737603439782843
D288G,-1.10676133605724
D288H,0.36962079247105
D288I,0.906050793244939
D288K,-0.913708183296388
D288L,1.48304112414192
D288M,-1.61123133821298
D288N,-0.783858229285854
D288P,0.5017254445693
D288Q,0.852367339538678
D288R,-0.0246070720463561
D288S,-1.49253657870404
D288T,0.319828910949166
D288V,0.749620136472704
D288W,1.17637617837255
D288Y,1.42341990752263
Q289A,1.01456912996805
Q289C,0.8139161467608
Q289D,-0.0346950726153992
Q289E,0.307133844153573
Q289F,0.123746402614629
Q289G,-1.70426913290963
Q289H,0.0603639071738757
Q289I,0.727393255294425
Q289K,-0.19103275501948
Q289L,-1.27562051885438
Q289M,-0.34793719681361
Q289N,-0.271974676994156
Q289R,0.824434847507009
Q289S,-1.16142770931524
Q289T,1.10194562697565
Q289V,0.445606877270754
Q289W,0.719834230700648
Q289Y,0.194069660885866
E290A,-0.3080606223057
E290D,2.5042389682905
E290F,0.200109162022666
E290H,-0.616882021130127
E290I,-0.000487673681082082
E290K,-0.53684707820361
E290L,-1.21827514557339
E290M,0.635933452479093
E290N,0.664851180951856
E290P,-1.5820241893269
E290Q,-0.491976964467073
E290R,0.679074066927652
E290S,-1.33750790055876
E290T,-0.578684208318139
E290V,-0.786451321277693
E290W,1.51227442188272
E290Y,0.43230592812742
L291A,2.03898124981728
L291C,-0.401571078474902
L291D,0.172783184296678
L291E,-0.846287850776859
L291F,-0.304010000273712
L291G,0.450282439807728
L291H,3.57055189468393
L291I,1.21145952563852
L291K,0.963734469623876
L291M,-0.222948673632084
L291N,-0.511975691007129
L291P,-2.21839932914175
L291Q,-4.5874020637302
L291R,0.297988885163661
L291S,1.78843012988439
L291T,0.664922980002853
L291V,0.34544156963487
L291W,-0.738796333563792
L291Y,0.0401095787796179
I292A,1.58014487429797
I292C,-1.24431770021933
I292D,1.67411167848615
I292E,0.492164342326709
I292F,1.10593466893709
I292G,6.43028013987676
I292H,-0.936070045336428
I292K,-0.0178053869600767
I292L,0.501691407751686
I292M,-0.520978996135564
I292N,0.429974932210059
I292P,-0.716468999165848
I292Q,-0.179002891942183
I292R,0.401663801127569
I292S,2.13869226533489
I292T,1.71412871387778
I292V,0.705403843470545
I292W,-1.22334872692254
I292Y,0.353762552692495
R293A,-0.760653296395738
R293C,-0.25142700795861
R293D,-0.945135991284629
R293E,-0.776635159098914
R293F,1.68044543665663
R293G,0.224135784340495
R293H,0.461797614125942
R293I,0.041866441182076
R293K,-0.149640656290767
R293L,-1.40647591081379
R293M,-0.421999001857008
R293N,-1.45090862858021
R293P,1.08873283512545
R293Q,0.65036870433901
R293S,-0.395961475776098
R293T,0.428029523532577
R293V,0.580388358472955
R293W,-1.2104047756889
R293Y,-0.889498789756802
Q294A,0.492161629021694
Q294C,-1.36348975325407
Q294D,0.355282761377678
Q294E,0.0230049722954699
Q294F,1.09481455178655
Q294G,1.36076100342535
Q294H,0.452502897893402
Q294I,1.13963834470344
Q294K,0.737242714724029
Q294L,-1.36993150082867
Q294M,0.737427534570885
Q294N,1.34736892056589
Q294P,-2.1846598296613
Q294R,1.64983534020973
Q294S,0.462720119360252
Q294T,1.12168790096227
Q294V,1.13570593189265
Q294W,-1.01554518506568
Q294Y,0.105154408594327
G295A,-1.58720814324964
G295C,0.274964952768988
G295D,2.28753259023053
G295E,-0.343463995903581
G295F,-1.01950641277858
G295H,0.229925942238428
G295I,0.286696089709445
G295K,-3.1073742948631
G295L,-0.400942841588636
G295M,-0.499278603964972
G295N,0.0311792391589009
G295P,-0.775676916656241
G295Q,2.68914256935601
G295R,0.742099682557557
G295S,-0.872305247207127
G295T,0.972054531927
G295V,-0.919522707089217
G295W,3.46805469488631
G295Y,-0.723667778229652
T296A,-2.29502224948743
T296C,0.853814368598659
T296D,-1.02196630430008
T296E,0.405562479060253
T296F,1.08244847911327
T296G,1.73353917523464
T296H,1.76636708456174
T296I,1.91329473696523
T296K,-0.0503366087912647
T296L,0.741265434292494
T296M,0.0939561365518635
T296N,-0.77315062872828
T296P,-2.90939538711182
T296Q,-1.3927892600289
T296R,1.77465236238625
T296S,0.209989840794599
T296V,-1.94503973094318
T296W,0.91239556431281
T296Y,1.34385555134174
D297A,1.34561909079596
D297C,1.32054685168733
D297E,0.909958759920481
D297F,0.211702458190108
D297G,0.742346645101735
D297H,0.923658378663304
D297I,-0.645260341647796
D297K,-0.0593808804226797
D297L,-0.354198792216303
D297M,-0.435370347264398
D297N,0.445295742365315
D297P,2.13563019782874
D297Q,0.837860018096689
D297R,0.832197775277059
D297S,0.783965207028576
D297T,-0.12166957319245
D297V,0.527776378713984
D297W,0.982121179296168
D297Y,1.32382318528155
Y298A,0.961737780589757
Y298C,8.14341021523301
Y298D,-3.93494193062635
Y298E,0.544673481475961
Y298F,-0.460462578412948
Y298G,-0.0509077752023127
Y298H,0.206860563407832
Y298I,-1.09470770511874
Y298K,2.92631295422959
Y298L,0.187881827110182
Y298M,-1.55762189529257
Y298N,8.14341021523301
Y298P,-2.97752305600862
Y298Q,-0.451830262875676
Y298R,-0.991256653788913
Y298S,0.600250569966001
Y298T,-1.92614712165083
Y298V,-0.676554629220086
Y298W,-0.419847818723903
K299A,0.535791173079852
K299C,0.687664807629174
K299D,-0.476440781308243
K299E,0.862673150556636
K299F,0.989951891400763
K299G,0.49052464147177
K299H,0.426765567428326
K299I,0.0976548525131239
K299L,-0.223654347501403
K299M,-0.329938399760718
K299N,-1.42009713978029
K299P,-0.944985649532338
K299Q,-1.35033180422398
K299R,0.589930231311694
K299S,1.21019205043579
K299T,-0.167302462250972
K299V,2.00030926355703
K299W,1.94714745155568
K299Y,1.54977517972042
H300A,-0.975916049668293
H300C,-0.74487214078274
H300D,0.352835398083824
H300E,2.61624395649551
H300F,-0.26264958753209
H300G,1.15398979770057
H300I,-0.565451558578529
H300K,0.328131704685932
H300L,0.268241550873857
H300M,-0.886724331361854
H300N,0.502204591537685
H300P,1.81012182964352
H300Q,0.167737814834129
H300R,-0.456607746341642
H300S,0.911010779271267
H300T,-0.875935704547841
H300V,0.0336291637440531
H300W,-0.323394131939869
H300Y,0.0259281428944994
W301A,-2.14000577774468
W301C,-0.860632007446903
W301D,-3.98360418867192
W301E,0.21661009295412
W301F,-0.00531667583903113
W301G,5.7556486729273
W301H,-1.17183871508722
W301I,3.79609217163962
W301K,-0.992360317413948
W301L,-1.34305090337637
W301M,-0.72501718309484
W301N,0.560872077503335
W301P,1.82783913071426
W301Q,1.17446222372048
W301R,0.551630741065207
W301T,-1.14009344080714
W301V,-1.07850443672526
W301Y,1.44791111846757
P302A,0.190308475114323
P302C,-0.228649514862197
P302D,0.807438766089563
P302E,-0.270287180342229
P302F,1.21763327360235
P302G,2.52109536992282
P302H,0.125312887785311
P302I,0.530910388089346
P302K,-0.309296970058023
P302L,0.960716385067984
P302M,0.661654158599634
P302N,0.457631897518081
P302Q,0.836707430744076
P302R,0.0933075424195475
P302S,0.79168919557336
P302T,-0.576851283304332
P302V,0.194306552767367
P302W,0.748292750207707
P302Y,2.30909231215918
Q303A,0.76940700503745
Q303C,1.34475261377038
Q303D,0.491213090317285
Q303E,0.832375645704506
Q303F,-0.0869622289317008
Q303G,0.0629636006841486
Q303H,-0.424196934203574
Q303I,-0.0759698829882541
Q303K,0.591641167283064
Q303L,0.778197793103287
Q303M,0.947999042238352
Q303N,0.663038666916776
Q303P,0.478913555856804
Q303R,0.0476585666446072
Q303S,-0.417494199535899
Q303T,0.405082848746051
Q303V,1.05169275187226
Q303W,1.89403398601834
Q303Y,1.07021710353952
I304A,-1.60074989467028
I304C,-0.0407968208492997
I304D,0.890278682075143
I304E,-0.415252830335533
I304F,-1.53466689048101
I304G,1.05054774510615
I304H,0.267746073641822
I304K,-0.316106839139508
I304L,-0.0234535146503135
I304M,-0.245678430825276
I304N,-0.175179104000988
I304P,1.39106843162447
I304Q,2.39218335936669
I304R,0.373807726140281
I304S,-0.134619271852778
I304T,1.34653108685415
I304V,0.086030811802725
I304W,0.0622690980612806
I304Y,0.360652891060956
A305C,0.781265808448002
A305D,0.569592055696179
A305E,-0.247230958493765
A305F,0.681623710454646
A305G,-1.99861062815779
A305H,0.611795766045593
A305I,-4.37366579416073
A305K,1.33318877490258
A305L,0.2207416867896
A305M,0.426048711593602
A305N,0.267979025157547
A305P,-1.27897909604118
A305Q,-0.0564602242306769
A305R,0.0354480763654443
A305S,0.204167023828734
A305T,0.376268002705954
A305V,-0.278610847791145
A305W,0.537985273747812
A305Y,-0.542085349600468
Q306A,0.118591793234438
Q306C,1.4474203212228
Q306D,0.287695059702428
Q306E,0.352698356388789
Q306F,-1.80345405513248
Q306G,-1.72561916455893
Q306H,-0.193298268416285
Q306I,-1.15132060838535
Q306K,-0.569718513028606
Q306L,0.249423612402811
Q306M,0.152305304205609
Q306N,1.6515567251659
Q306P,-1.34670250279847
Q306R,-0.644869440665761
Q306S,-0.0572014477445032
Q306T,-0.137519073529834
Q306V,0.193230104447388
Q306W,-0.174044176854508
Q306Y,1.12732657338719
F307A,1.35736765397983
F307C,4.15511717435527
F307D,0.58319755577402
F307E,-1.88206711733671
F307G,0.0495059178615584
F307H,-0.556182412141544
F307I,-1.47655005182366
F307K,-1.24250772014564
F307L,1.16012542576711
F307M,-0.0907043492921747
F307N,1.16305315816181
F307P,0.270465690714154
F307Q,-2.04882593352323
F307R,-1.57419569757036
F307T,1.1689855139906
F307V,-0.232977413730195
F307W,2.1719898099467
F307Y,0.0863935706916904
A308C,1.05654822538307
A308D,-0.14076708484666
A308E,-3.14924873661394
A308F,-0.146383166825332
A308G,-0.413499209069812
A308H,0.097850869430475
A308I,-0.412571743301953
A308K,1.15170734527025
A308L,0.417077301646619
A308M,-0.593498185679186
A308N,0.599776154600788
A308P,-0.00149007688686262
A308Q,-0.62446999031522
A308R,-1.42773503666902
A308S,0.426598922768103
A308T,-0.673189877763015
A308V,0.0774048037687813
A308W,0.162547807422311
A308Y,-1.97431439775895
P309A,-0.22390951944887
P309D,2.59210085629166
P309E,-0.0475146198145413
P309F,-0.379569389373402
P309G,-0.824404150632845
P309H,-1.10664211942215
P309I,-0.14083792957467
P309K,-1.0181698817608
P309L,0.501675236508944
P309M,-0.224690128316708
P309N,-0.158912019870641
P309Q,0.596398514231492
P309R,-1.10317412142757
P309S,-2.46491199304749
P309T,-0.426658344182391
P309V,-0.848032049692462
P309W,2.69771448010614
P309Y,1.00406799764631
S310A,1.68105553167204
S310C,-0.323526335826094
S310D,0.33974227060312
S310E,-0.404445762911981
S310F,-2.02305303846586
S310G,0.481105760806062
S310H,0.992587750591785
S310I,0.303892867394898
S310K,0.203510703665912
S310L,-2.94581415945407
S310N,-1.99219851318058
S310P,0.102955785484365
S310Q,-1.09992308283212
S310T,0.60737635556285
S310V,0.472308136929332
S310W,1.31679797319423
S310Y,-0.768962629218019
A311C,1.5446105718832
A311D,0.171755660070506
A311E,0.158372556552709
A311F,0.947101067573051
A311G,-0.68823068432584
A311H,0.237012259582189
A311I,0.850759959715222
A311K,-0.304369214542018
A311L,2.56777703870035
A311M,1.04215043629977
A311N,-2.57156740333421
A311P,-2.5208106674962
A311Q,0.949825670118695
A311R,1.16300271307571
A311S,1.50513278883062
A311T,-1.14357678130488
A311V,-0.682562678499009
A311W,-0.656805766317151
A311Y,2.19089375694296
S312A,0.801377022955431
S312C,0.368812904378302
S312D,-1.06281376159289
S312E,-1.36348975325407
S312F,4.72857065142372
S312G,1.29164786334292
S312H,-0.875167222144164
S312I,-0.471245653142404
S312K,1.05916362200602
S312L,2.85831312485702
S312M,-0.654888929508938
S312N,0.562053368004713
S312P,2.22944074157073
S312Q,-0.162390642484521
S312R,-0.396603188912279
S312T,-0.286310789833443
S312V,-0.79510427355088
S312W,8.14341021523301
S312Y,-0.438374831352792
A313C,-2.60656352088191
A313D,0.107912876636652
A313E,-1.26135321699246
A313F,-1.78912081546254
A313G,-1.32934553068387
A313H,1.10618108811794
A313I,-0.547007949532154
A313K,-1.13053468300168
A313L,0.140288665778406
A313M,1.56419511036995
A313N,-0.489947488444605
A313P,3.50033308698733
A313Q,-0.126740277952881
A313R,-0.64106558758113
A313S,-1.04413465107276
A313T,0.454037953584073
A313V,-0.242477991611193
A313W,1.75862823319629
A313Y,-0.763362509863021
F314A,1.0856981424677
F314C,-2.74232980342494
F314D,3.88881170778239
F314E,1.15646695883708
F314G,2.08348888743872
F314H,2.77575144942693
F314I,-1.57580929236555
F314K,3.68514788225354
F314L,-1.8063334850007
F314M,-1.51193833967605
F314N,-0.161721274863991
F314P,0.50716290732976
F314Q,0.969466997476706
F314S,3.27083200135969
F314T,4.57390309613642
F314V,-0.67928714269409
F314W,-0.0115112430756582
F314Y,1.09265802847046
F315A,5.16380851664631
F315C,-0.470577073102003
F315D,1.71925770318439
F315E,2.66460185088374
F315G,0.743825893993469
F315H,0.524461010415515
F315I,0.388622450274745
F315K,-4.8650528415913
F315L,2.40808716732279
F315M,0.617927766506144
F315N,2.01220907481386
F315P,-2.39714779973506
F315Q,0.179578835643003
F315R,-1.23719075046669
F315S,1.12482876018402
F315T,0.948789433606306
F315V,-0.35984633553756
F315W,0.327421385294668
F315Y,0.566509020923821
G316A,1.46268356807473
G316C,0.922121222604682
G316D,-1.62831105201285
G316E,8.14341021523301
G316F,0.45037272534888
G316H,-1.89012662477959
G316I,-0.0872452158560828
G316K,0.283457375062444
G316L,1.97861293002695
G316M,4.12894728209637
G316N,0.138550495832484
G316P,-1.60433606623693
G316Q,-2.05337645106984
G316R,1.89745233866541
G316S,-0.0343996400694467
G316T,4.09053831004178
G316V,1.93099415391681
G316W,1.09767354625421
G316Y,-0.396442943408709
M317A,-0.522855390039917
M317C,1.81659934835542
M317D,1.97079144290429
M317E,-1.56046874686442
M317F,-0.912782596648101
M317G,-0.620926189632371
M317H,-4.04396754397091
M317I,-0.213792053170025
M317K,-1.40623481396158
M317L,0.116942626599514
M317N,-1.69304172477757
M317P,-0.579993567847943
M317Q,-0.966752975006789
M317R,1.17512466127665
M317S,-4.72009383920268
M317T,-1.74286132787208
M317V,-1.13529248843342
M317W,-2.97752305600862
M317Y,-1.48323142903614
S318A,0.711258248755143
S318C,0.0596636611918158
S318D,8.14341021523301
S318E,-5.24373967842425
S318F,2.20205620548695
S318G,0.697676767423297
S318H,1.28152643860154
S318I,0.886312645458789
S318K,-0.22845644919639
S318L,-0.893032619121944
S318M,2.04553596372488
S318N,-0.68027928040705
S318P,-2.25023432887299
S318Q,-3.8729107413041
S318R,1.50448097625292
S318V,0.180043238497393
S318W,2.05272893607589
S318Y,1.15418006498751
R319A,2.75666484881542
R319C,-0.873911574389645
R319D,-0.760483965552282
R319E,1.41351218799244
R319F,-0.0108775697465705
R319G,6.66606099288584
R319H,-3.4967406274946
R319I,0.826663874971377
R319K,1.92625880119609
R319L,1.31300060790645
R319M,0.314576944532107
R319N,0.215824423372926
R319P,-1.03250928667022
R319Q,1.18311451226932
R319S,0.33028743787713
R319T,-1.01947726653267
R319V,1.0963777593336
R319W,2.21182904259081
R319Y,0.0344910249577449
I320A,2.44792660624525
I320C,1.9391181858999
I320D,-2.12235623928467
I320E,-0.64106558758113
I320F,1.61638139946386
I320G,-1.45646260005147
I320K,-0.0332729691220775
I320L,-1.00312534253013
I320M,-1.10144018825527
I320N,1.96651285647952
I320P,8.14341021523301
I320Q,0.741562874492443
I320R,-1.46761326106187
I320S,-1.12458461136943
I320T,-1.97431439775895
I320V,-0.810514270979358
I320W,1.51391757883988
I320Y,-1.78482592955214
G321A,-0.0225901506931668
G321C,1.07362560105611
G321D,2.59909044503346
G321E,-0.788086601387058
G321F,0.877515112461197
G321I,0.147011098733279
G321K,0.269518546939218
G321L,0.46156553468274
G321M,-0.286059541393112
G321N,1.31683695287803
G321R,-0.203011436444568
G321S,-0.110185661154402
G321T,0.143251513005038
G321V,0.717981785542911
G321W,2.19316008801675
G321Y,-1.19569944734965
M322A,-1.30130123843405
M322C,1.77183477615609
M322D,0.544858970434601
M322E,1.31094834538226
M322F,1.51136923865746
M322G,0.443472823206714
M322H,0.775477436529034
M322I,-0.84544846984927
M322K,4.54716516312407
M322L,2.59534730935162
M322N,-1.85491201897076
M322P,0.425892947170759
M322Q,1.33921949651226
M322R,1.42783062880597
M322S,3.51051509180596
M322T,0.486985050441567
M322V,0.37535864265776
M322W,-0.135055908365095
M322Y,8.14341021523301
E323A,8.14341021523301
E323C,8.14341021523301
E323D,2.49777165966729
E323F,8.14341021523301
E323G,8.14341021523301
E323H,4.96903138636448
E323I,8.14341021523301
E323K,8.14341021523301
E323L,2.44592588407932
E323M,8.14341021523301
E323N,8.14341021523301
E323P,3.49905226655527
E323Q,8.14341021523301
E323R,8.14341021523301
E323S,8.14341021523301
E323T,7.28860435057602
E323V,8.14341021523301
E323W,3.49665077125211
E323Y,8.14341021523301
V324A,1.71300123885606
V324C,2.7622896771784
V324D,8.14341021523301
V324E,8.14341021523301
V324F,4.56239591625781
V324G,0.976746444055441
V324H,5.26013788283753
V324I,-0.505830140623879
V324K,8.14341021523301
V324L,5.84185408348617
V324M,1.58833606444361
V324N,1.45152913051975
V324P,-1.15112867310368
V324Q,1.59199463848283
V324R,7.42593564317808
V324S,3.62549114036037
V324T,0.378872454175727
V324W,8.14341021523301
V324Y,3.9468995989022
T325A,2.97679224425078
T325C,3.19311343732541
T325D,1.09844654295735
T325E,0.2420066813318
T325F,1.83173243434361
T325G,2.29212660536074
T325H,3.85057364738438
T325I,1.65237751301996
T325K,8.14341021523301
T325L,0.763471867936857
T325M,-0.0501190935328509
T325N,1.86068903690043
T325P,-1.38524215302727
T325Q,0.782648457533853
T325R,8.14341021523301
T325S,1.16946742141081
T325V,1.38071259125721
T325W,8.14341021523301
T325Y,5.66652287439546
P326A,8.14341021523301
P326C,8.14341021523301
P326D,8.14341021523301
P326E,8.14341021523301
P326F,4.79285484227159
P326G,8.14341021523301
P326H,3.61651076950609
P326I,0.887771857607794
P326K,8.14341021523301
P326L,5.83565121717214
P326M,-2.40995764957404
P326N,3.62149353547881
P326Q,8.14341021523301
P326R,1.00569269418841
P326S,1.40466668172419
P326T,2.94837450042346
P326V,1.81315448740407
P326W,2.49411463914903
P326Y,4.13187592502226
S327A,0.599097258972991
S327C,2.1956689939055
S327D,-0.0924065884141499
S327E,0.585705672481356
S327F,1.04522008463996
S327G,1.38806929840771
S327H,1.05462873051017
S327I,1.50066919238656
S327K,0.636322378134286
S327L,-0.272288594027959
S327M,0.592574399602599
S327N,0.766564498524368
S327P,-0.625713611010126
S327Q,-0.47824893380219
S327R,-0.346288474736839
S327T,1.482158903864
S327V,2.01705993033945
S327W,0.245313289123524
S327Y,-0.090698492207682
G328A,-0.13217465349806
G328C,1.38167331285192
G328D,-0.286096651397772
G328E,0.795913945334729
G328F,-1.55112060925646
G328H,-0.596978082311206
G328I,3.93758453085818
G328K,3.26266328524356
G328L,-0.139033371938474
G328M,1.78039610174532
G328N,1.20184409489083
G328P,1.16881003064803
G328Q,0.287452040053035
G328R,1.88456352361911
G328S,0.350440409738943
G328T,0.263343318092759
G328V,-0.679931017312209
G328W,0.834867950123674
G328Y,1.39309626131538
T329A,-0.211257792007933
T329C,0.937316823752499
T329D,-0.472468874471904
T329E,4.18070578022071
T329F,8.14341021523301
T329G,8.14341021523301
T329H,8.14341021523301
T329I,1.6423059207129
T329K,8.14341021523301
T329L,0.737865509648651
T329M,6.78186733779854
T329N,1.01223982431501
T329P,1.07773220450561
T329Q,3.5729562810861
T329R,8.14341021523301
T329S,1.91924907825194
T329V,1.116243151436
T329W,8.14341021523301
T329Y,4.65456773035457
W330A,0.50887073601632
W330C,0.863152091990952
W330D,8.14341021523301
W330E,1.53978385740034
W330F,0.751701079144609
W330G,1.45561995944816
W330H,0.364335563039035
W330I,-1.62168286801622
W330K,-0.0600017234331035
W330L,0.384754307729206
W330M,0.599356748375956
W330N,-1.5989301984305
W330P,8.14341021523301
W330Q,-1.1420561653727
W330R,1.46289053243314
W330S,-0.158498611409134
W330T,-0.362902749200491
W330V,-0.207625374748484
W330Y,1.22901432923066
L331A,1.63386176949189
L331C,2.93351653016566
L331D,0.0379175704693128
L331E,0.392010752976566
L331F,0.841378831474919
L331G,7.14332086906884
L331H,1.23675468640327
L331I,0.152340095542101
L331K,1.46508253867968
L331M,-1.24325490151863
L331N,-1.47236025663473
L331P,1.41169700037804
L331Q,0.019028097599927
L331R,-0.923483633959996
L331T,-0.294294041812614
L331V,1.43133629309141
L331W,-2.66510226335567
L331Y,-2.00583742938912
T332A,0.342025395572777
T332C,-0.0892341947826141
T332D,0.780036278258927
T332E,0.161400841196455
T332F,0.442528308063081
T332G,-0.18183852727518
T332H,1.4740159629983
T332I,-0.855994840399628
T332K,1.81663110949765
T332L,-0.788212883765791
T332M,-0.219415949970242
T332N,-0.893032619121944
T332P,1.38585952842924
T332Q,-0.229487196213298
T332R,0.427775366417164
T332S,1.60209924093791
T332V,0.0217272458671792
T332W,0.590883736481042
T332Y,-0.176087796629763
Y333A,-0.952454016038287
Y333C,-2.91205564610849
Y333D,2.52890785914165
Y333E,1.46059006035109
Y333F,1.52260819018737
Y333G,0.314212717397144
Y333H,-0.0688366391614234
Y333I,-1.90226968293096
Y333K,1.06198256163584
Y333L,1.39607158331749
Y333M,1.13354536016088
Y333N,-0.975033767890601
Y333P,-0.775174836312081
Y333Q,1.42987843046556
Y333R,2.582127746571
Y333S,-1.02813902442621
Y333T,0.732046099408716
Y333V,-0.854892298363271
Y333W,0.440877281207373
T334A,-1.00737970524165
T334C,0.608870540468321
T334D,1.75444262207283
T334E,-0.0459391884620309
T334F,-0.302077249188174
T334G,0.935122340027906
T334H,-1.06786985056434
T334I,-0.236182808673355
T334K,0.329205523344081
T334L,0.362580770702013
T334M,1.55674992480056
T334N,1.00214245577646
T334P,-2.97752305600862
T334Q,-0.132643695726738
T334R,-2.75516206662387
T334S,-0.453636591427317
T334V,-0.0520409416917157
T334W,0.260400156956203
T334Y,-0.616874806524091
G335A,1.01093565168039
G335C,-0.469964829506305
G335D,1.46102636136086
G335E,0.831084803088887
G335F,3.40176652086774
G335H,0.8079566723357
G335I,0.0675902320648601
G335K,5.84681376384515
G335L,-1.03250928667022
G335M,8.14341021523301
G335N,1.32513544209385
G335P,0.051084398400919
G335Q,8.14341021523301
G335R,8.14341021523301
G335S,1.32305720045898
G335T,8.14341021523301
G335V,8.14341021523301
G335W,-0.128283094052439
G335Y,8.14341021523301
A336C,1.03304004413245
A336D,0.251064126811778
A336E,-2.801287198852
A336F,0.192705999579756
A336G,-0.238983402969506
A336H,0.245703242996558
A336I,0.876480763893158
A336K,8.14341021523301
A336L,-0.807001924122242
A336M,-1.44206210851315
A336N,1.19058599201222
A336P,0.315755334303381
A336Q,-0.169661838991602
A336R,-0.232737014798668
A336S,-0.0440544831453741
A336T,0.379990053838982
A336V,0.508912349879418
A336W,1.0972539942332
A336Y,0.886897912668728
I337A,8.14341021523301
I337C,0.00271450201377039
I337D,-0.0735609037656831
I337E,1.4431558674819
I337F,0.863655551163679
I337G,-0.730240779554798
I337H,3.42930908894144
I337K,-0.149384183352227
I337L,-2.66234852698953
I337M,0.161448516780072
I337N,0.34245496928069
I337P,0.604715821845852
I337Q,0.707035803990338
I337R,2.95608858896395
I337S,-0.479254269006112
I337T,-1.85491201897076
I337V,0.466444700325438
I337W,0.153031293381135
I337Y,1.03865423315509
K338A,-1.44768264745728
K338C,4.5757577675148
K338D,-0.769802263904125
K338E,-0.455283697651816
K338F,1.19175654717341
K338G,0.630747462905392
K338H,0.028903902089888
K338I,0.765332510798974
K338L,0.97169715329761
K338M,-0.386954351045368
K338N,-0.0806041548164203
K338P,0.140455134572721
K338Q,-0.694912469775225
K338R,-0.516826339917465
K338S,0.217340926982243
K338T,0.572291676342125
K338V,0.63701908169473
K338W,-0.855830636670147
K338Y,-1.10199424028936
L339A,3.33835682552985
L339C,2.24025487970729
L339D,1.70431311608451
L339E,0.598526892701164
L339F,0.585151742648306
L339G,1.18050708553252
L339H,2.96174007484865
L339I,0.321210335819309
L339K,1.97473309775845
L339M,-0.177361336919064
L339N,-0.502492668468172
L339P,-0.359734786985951
L339Q,1.19408840725091
L339R,0.682439527500187
L339S,1.98290907180381
L339T,-0.786531561355333
L339V,0.669302445369863
L339W,0.834837883681787
L339Y,2.11861415904813
D340A,0.592979189490554
D340C,0.0281885502917031
D340E,0.487986122210718
D340F,2.14913048006536
D340G,2.28523877985648
D340H,1.55524483198625
D340I,1.61918437439943
D340K,2.35571750972924
D340L,1.90020043728994
D340M,1.83343835932741
D340N,1.82988887023917
D340P,-0.364795898326569
D340Q,0.00817902797648131
D340R,3.06072940642067
D340S,-0.0783566237229094
D340T,1.66335696532069
D340V,-0.992360317413948
D340W,3.02558126995632
D340Y,1.09008711061755
D341A,-1.1570555801591
D341C,0.790894529476053
D341E,1.07363118673866
D341F,4.05031223660372
D341G,0.339432929741739
D341H,1.84378066163363
D341I,0.675841671431516
D341K,2.19936436889515
D341L,0.218262235446467
D341M,0.608823293879193
D341N,0.102474588008616
D341Q,3.12712725026171
D341R,1.24896039388474
D341S,-0.358765335805275
D341T,0.937119047936491
D341V,1.22479612396142
D341W,2.74012267650985
D341Y,1.30388299988498
K342A,0.83842602754325
K342C,3.08409160970704
K342D,0.89462318457042
K342E,1.06474890915398
K342F,-0.477616443504609
K342G,0.907169480505849
K342H,-0.713791234609272
K342I,-0.163501005780259
K342L,0.456640320468279
K342M,-0.338430048377019
K342N,0.242021922111056
K342P,0.627961063919153
K342Q,-1.13928296543933
K342R,0.598932054895082
K342S,-1.12912115838111
K342T,-0.279069127854631
K342V,-1.26289533889559
K342W,1.94377077435589
K342Y,-0.174937212031887
D343A,0.106626804205918
D343C,1.74617782287557
D343E,-0.0304058573542184
D343F,-0.601474140663539
D343G,1.30214174196743
D343H,1.50011471068055
D343I,-2.97752305600862
D343K,3.07387113665101
D343L,0.528761496713183
D343M,0.343489764690523
D343N,0.519452290128978
D343P,0.847056835895444
D343Q,0.510767710674421
D343R,0.495919243834116
D343S,-0.676138503524831
D343T,1.45623306815906
D343V,3.62178088071773
D343W,2.52067331895297
D343Y,2.27908075114163
P344A,0.0723853543495754
P344C,0.677957100739308
P344D,0.864459319418293
P344E,-0.0256135834572066
P344F,1.85466023271619
P344G,-0.467068324123915
P344H,2.53243318364578
P344I,1.52536463750694
P344K,5.29967459257741
P344L,1.22823918793282
P344M,1.14323970037595
P344N,2.2499856012934
P344Q,3.26165829770163
P344R,-1.15589831370998
P344S,0.0256325888615328
P344T,0.542754378969027
P344V,-1.71772973446061
P344W,-0.496489276231086
P344Y,-0.172008336921542
N345A,-0.403029960721334
N345C,0.0667331751398732
N345D,0.225583167116778
N345E,0.531213742756708
N345F,0.0199182558640258
N345G,0.209060350668406
N345H,2.94804305883709
N345I,0.773109558789006
N345K,0.00176422210497948
N345L,-2.78582695377165
N345P,-0.861940350967991
N345Q,0.120755303433803
N345R,-0.657465702016836
N345S,0.231341209711273
N345T,0.405818528669103
N345V,0.726211874120644
N345W,0.121585788935293
N345Y,8.14341021523301
F346A,0.956472999532015
F346C,2.88795887779481
F346D,0.540168981977274
F346E,0.326879429261085
F346G,1.7963653114885
F346H,3.78405839260187
F346I,4.59658679335389
F346K,8.14341021523301
F346L,-0.996338167103405
F346M,0.680676666200476
F346N,3.30568043576313
F346P,1.00490331458164
F346Q,1.68777637107899
F346R,0.234351398197148
F346S,0.682089450641866
F346T,5.34307241878153
F346V,8.14341021523301
F346W,0.736525409717486
F346Y,-1.87462743076015
K347A,0.5567100319957
K347C,0.722499405467678
K347D,1.23437343461583
K347E,0.338390596428446
K347F,0.700632161844619
K347G,0.430365929816191
K347H,-2.25023432887299
K347I,-0.390324447347772
K347L,0.164796197076705
K347M,1.83299453525642
K347N,1.00299868441788
K347P,1.0679635093021
K347Q,0.155295272538785
K347R,-0.624740416142043
K347S,1.05110359793167
K347T,0.662590606099774
K347V,0.301504063831483
K347W,0.834041176417479
K347Y,0.596128026039793
D348A,1.27388759411937
D348C,-0.400249705353709
D348E,1.48481919430818
D348F,0.600775906362063
D348G,1.16706050642412
D348H,2.74308851815466
D348I,0.264456044968114
D348K,2.96131832652981
D348L,1.20252902716262
D348M,1.91400836573836
D348N,2.62839308245691
D348P,0.843769111800426
D348Q,1.03652407429189
D348R,0.705209509001331
D348S,2.65732251985157
D348T,3.42535523040831
D348V,2.35044635076848
D348W,0.673682261155494
D348Y,-0.423687758924615
Q349A,0.735287973423722
Q349D,-0.542011516447834
Q349E,0.460890195822572
Q349F,0.113833395622503
Q349G,-1.58762750115142
Q349H,0.602325015685131
Q349I,-1.01622559333436
Q349K,-0.280673497932502
Q349L,1.54079632366024
Q349M,-0.609959218134852
Q349N,-0.0468055699318484
Q349P,-1.70129645652129
Q349R,-0.198648019394926
Q349S,-0.585870171534637
Q349T,0.221951614738916
Q349V,-0.699896050607577
Q349W,-1.54616652904259
Q349Y,0.886189239930585
V350A,4.23753643778907
V350C,0.499802161967785
V350D,1.20683091192434
V350E,4.0527918405204
V350F,0.682631508697251
V350G,1.59908794818576
V350H,2.25536956325625
V350I,-0.192000948030654
V350K,8.14341021523301
V350L,0.844170294086549
V350M,-1.12772475024557
V350N,1.70570783810306
V350P,-3.18516020023541
V350Q,1.18035721425524
V350R,8.14341021523301
V350S,8.14341021523301
V350T,1.27515772669003
V350W,2.86237614432033
V350Y,-0.70498021595603
I351A,-0.878100551741607
I351C,-0.204071563127158
I351D,0.71478954050903
I351E,0.959092180154279
I351F,0.28975686975008
I351G,2.05758994728287
I351H,0.744210866920955
I351K,-0.783538091827958
I351L,-1.25818003206343
I351M,0.562949196494038
I351N,-0.513699664629426
I351P,0.343641543271236
I351Q,0.493236785440454
I351R,0.0866275459832778
I351S,-0.48375928696492
I351T,0.984265124972711
I351V,0.967321430244681
I351W,-0.102043710689008
I351Y,0.629113717070972
L352A,-1.838444905044
L352C,2.38602463523782
L352D,0.145721198983107
L352E,-0.137261665047752
L352F,-0.486919970507615
L352G,-0.378127428544583
L352H,-1.12722738239502
L352I,-0.55453885043753
L352K,8.14341021523301
L352M,0.465274277126636
L352N,0.318977503820819
L352P,0.679606148288952
L352Q,-1.28579942854268
L352R,-0.0533428093737279
L352S,1.27155247044539
L352T,0.900772369353456
L352V,0.117244505468762
L352W,-0.819271168727955
L352Y,0.987941966444546
L353A,-2.22772005096824
L353C,2.09403068909124
L353D,-0.565231688363938
L353E,0.147039667867473
L353F,-0.373481945478855
L353G,2.17616807660298
L353H,0.171871964659253
L353I,-0.0751185681826226
L353K,-2.02305303846586
L353M,1.68069769825831
L353N,3.06368610932856
L353P,1.87752074720969
L353Q,1.18701794539633
L353R,0.304311081941874
L353S,1.10643011768704
L353T,-1.25804714336215
L353V,-0.0446979888166838
L353W,-0.570292107842678
L353Y,3.6992664686983
N354A,1.97514910800165
N354C,0.914303824715934
N354D,1.1203700177105
N354E,-1.08261450165776
N354F,1.4160221468434
N354G,0.99250332579737
N354H,0.149066907996298
N354I,0.393917266852102
N354K,1.31707050066958
N354L,1.59803204291394
N354M,1.89508483681336
N354Q,1.15798135551981
N354R,0.845846752331932
N354S,0.553310914757866
N354T,1.24790309242656
N354V,0.176286907629944
N354W,0.907867205902674
N354Y,0.548891670920188
K355A,0.58365275600989
K355C,0.164360442917775
K355D,2.02101868048327
K355E,0.931834876884798
K355F,1.97836212667577
K355G,0.33399526729175
K355H,-0.329553200006233
K355I,4.28511740501335
K355L,1.86597026476805
K355M,-0.0670049815192036
K355N,0.797974421869849
K355P,-1.88019220473977
K355Q,-0.426615996627234
K355R,4.64936588383101
K355S,-0.330248255390856
K355T,2.08745833633385
K355V,2.70583018464541
K355W,1.56081213585598
K355Y,0.633723588372052
H356A,8.14341021523301
H356C,1.41682601609177
H356D,-0.69082524586292
H356E,-3.07906831026678
H356F,0.602350369828295
H356G,-1.25191621649646
H356I,1.57537637634407
H356K,-0.286473026071368
H356L,1.31509234790396
H356M,-0.236776809208815
H356N,-1.55862694682251
H356P,3.38116424026106
H356Q,0.532993175740518
H356R,2.45951794691323
H356S,1.44784197435063
H356T,-0.016897107635554
H356V,3.81088477186558
H356W,1.25821366057459
H356Y,-1.85491201897076
I357A,0.0115767610426252
I357C,1.56089072705375
I357D,-1.28782007447953
I357F,3.04562618406065
I357G,0.695087448132736
I357H,1.00876389546402
I357K,0.00643141680627084
I357L,-2.86132030601057
I357M,1.08438956989857
I357N,-1.3614049669489
I357P,-0.830471949412209
I357Q,-1.95271574697766
I357R,0.152322632767819
I357S,0.88288148648139
I357T,0.212898731302194
I357V,0.463786692282573
I357W,1.70384975032806
I357Y,-0.853699591319044
D358A,3.9614979656391
D358C,2.77684820027225
D358E,-0.00232090886697518
D358F,-0.693761952692417
D358G,-1.95016097950151
D358H,-3.53942092634587
D358I,-3.37996105100985
D358K,1.80188222196162
D358L,-1.83142601789327
D358M,1.25571496316333
D358N,0.0751103586236554
D358P,-1.29998794638181
D358Q,-0.237659789454419
D358R,2.39344938090497
D358S,-1.16626981567352
D358T,-3.37421343277616
D358V,0.984868579228697
D358W,-1.95016097950151
D358Y,2.85170195739457
A359C,-1.01814847360381
A359D,1.79012452470616
A359E,-1.55862694682251
A359F,-0.846962013416594
A359G,-0.00787430928660602
A359H,-0.990027907441325
A359I,0.389550497717797
A359K,-4.5874020637302
A359L,-1.90226968293096
A359M,-1.09320558355267
A359N,-0.541210347216833
A359P,2.93572672167095
A359Q,0.305624054710062
A359R,1.06649356996513
A359S,1.09181482468959
A359T,-2.98830865231205
A359V,-1.65423839814756
A359W,-0.700126141997927
A359Y,0.452340244657749
Y360A,1.00971398419591
Y360C,2.01034184750244
Y360E,-2.60656352088191
Y360F,0.238177527133
Y360G,-1.29821413039409
Y360H,0.0888663411954365
Y360K,-0.543336985759075
Y360L,-0.224745186484338
Y360M,0.44136684007475
Y360N,1.12310667138816
Y360P,-0.775800653660766
Y360Q,0.0494978178941295
Y360R,2.33413733045651
Y360S,0.167309912340449
Y360T,-0.015132644256135
Y360V,0.0915631683416075
Y360W,-1.40695697771362
K361A,1.01612674214525
K361C,0.231027302577736
K361D,0.523495832996972
K361E,0.170225313313954
K361F,-0.863003474375933
K361G,1.36485205215216
K361H,-0.613938812514885
K361I,0.662207716657719
K361L,-0.168715980746235
K361M,-1.01664272980001
K361N,-0.394357656381426
K361P,-0.746697663149878
K361Q,-0.37460773006483
K361R,-0.369643136679842
K361S,-1.83131076559142
K361T,5.56981591751656
K361V,-0.331469523021599
K361W,-0.305668971594279
K361Y,-0.353119451187762
T362A,-0.59542565541824
T362C,1.32969148408694
T362D,2.28904338195683
T362E,-1.30204772986744
T362F,0.0939122501264474
T362G,-1.72136754028667
T362H,1.27867595261694
T362I,-1.44157737656711
T362K,1.30086674363486
T362L,-0.476342415426633
T362M,0.280874529664386
T362N,0.0701849478778112
T362P,1.04263832092509
T362Q,1.18070313924953
T362R,0.905574602407538
T362S,-0.206315094596916
T362V,-0.683189595062667
T362W,0.842083334620405
T362Y,0.138414050670884
F363A,-0.849856261559483
F363C,-0.123404799237713
F363D,0.366872808800582
F363E,-0.887698615235074
F363G,-1.29144211639111
F363H,0.597420877411213
F363I,1.62751386091513
F363K,0.491046058048028
F363L,1.24415119000082
F363M,0.376150686791099
F363N,-1.39655384603461
F363P,-1.1544950885829
F363Q,0.176872430218738
F363R,1.12872101755693
F363S,0.593539752029668
F363T,0.508520172807453
F363V,0.496740848018698
F363W,2.99508830160401
F363Y,1.87212431987761
P364A,0.67668942527161
P364C,-0.651723836136541
P364D,1.27204448066547
P364E,-0.412741183016934
P364F,-0.22456286272901
P364G,-0.534756161751638
P364H,1.4068196291799
P364I,0.229759994215408
P364K,0.941161684811213
P364L,0.701198539028341
P364M,-0.0257466144788713
P364N,0.0705764364875516
P364Q,-1.48244309417532
P364R,0.410990600034964
P364S,2.97798199802786
P364T,2.43577748434018
P364V,0.426123876920984
P364W,0.445862721422793
P364Y,-1.78604927987225
P365A,8.14341021523301
P365C,2.52950604469914
P365D,6.92487153197726
P365E,8.14341021523301
P365F,-0.327436159404094
P365G,1.00900242616381
P365H,-0.344402668519824
P365I,-0.748785027537574
P365K,0.0516461240117426
P365L,-2.11749962097999
P365M,-0.503410879806288
P365N,2.01205544711224
P365Q,1.34934441870752
P365R,0.409745584827153
P365S,-1.54766148239439
P365T,-0.581352580288587
P365V,-0.476351283260412
P365W,1.45478952406005
P365Y,-0.616482690467101
T366A,-2.46491199304749
T366C,1.54555132084537
T366D,-0.717696758298389
T366E,5.35569450509585
T366F,2.32754534286579
T366G,0.489334325505292
T366H,-0.733146700512097
T366I,-1.50507178962196
T366K,-0.830344566190398
T366L,-0.316214576980751
T366M,-1.10469339560958
T366N,0.626305557812532
T366P,-0.68013918029146
T366Q,1.26681576712144
T366R,-0.135418398235582
T366S,-1.850796308868
T366V,-1.05310406203251
T366W,1.79132486148062
T366Y,-0.538483552725109
E367A,-2.35589263130011
E367C,-1.43893189080783
E367D,0.155354540869389
E367F,1.05841907944162
E367G,-0.266488852175891
E367I,-1.5681490537488
E367K,0.645381166261105
E367M,0.869525381398592
E367N,-0.0563491569266526
E367R,1.96031263686719
E367S,-0.928508174096708
E367T,-1.54171685632942
E367V,0.236370839244371
E367W,0.226765926548459
E367Y,0.916113538639576
P368A,1.16711209827401
P368C,0.901063153155587
P368D,0.109258409291663
P368E,1.83281172908365
P368F,-0.660730411277474
P368G,-1.37467010091185
P368H,-0.488816470610919
P368K,-0.626841308622916
P368M,-0.0688366391614234
P368N,1.88969657447767
P368Q,1.81921473751332
P368R,-0.0503811189045276
P368S,-1.4047952881147
P368T,-1.5611902758284
P368V,0.0104852072339464
P368W,-0.769139965211549
P368Y,8.14341021523301
K369A,0.265738920108507
K369D,-0.674766149589342
K369E,-2.57771424425355
K369F,-1.01240396941552
K369G,-2.94457938138918
K369H,1.79082495734262
K369I,-1.72416493302454
K369L,0.679749544284014
K369M,3.64202333797173
K369N,1.98396297755162
K369P,-0.803927424290335
K369Q,1.26820972443499
K369R,-1.99861062815779
K369S,-0.447371729860092
K369T,-0.378319201325645
K369V,-2.72482750294275
K369W,-3.07906831026678
K369Y,0.327684972240687
K370A,-0.289642433865149
K370C,2.24165408651851
K370D,-1.31957767454372
K370E,-0.158912019870641
K370F,-0.491191286052098
K370G,-2.97752305600862
K370H,0.771974249969779
K370I,1.38587299383922
K370L,-1.18925315218413
K370M,0.671056264936016
K370N,-0.423830645544097
K370P,1.53541673385945
K370Q,1.08899642911995
K370R,-0.911650950855206
K370S,1.18373366487518
K370T,0.615890257794179
K370V,0.815631866988685
K370W,0.650430010005616
K370Y,-0.152903627083721
D371A,2.22159150753073
D371C,1.13997908323182
D371E,0.665231384736505
D371F,0.488956093223432
D371H,-0.931813386916541
D371I,-0.0206441369215024
D371K,-0.522184648843331
D371L,-0.0253706672302247
D371M,0.159775387277527
D371N,-0.715280981238694
D371P,-0.138364700596952
D371Q,0.750623154379897
D371R,0.734506881231528
D371S,1.3464926769225
D371T,0.15884625563382
D371V,0.101899466065163
D371W,-3.62797412635914
D371Y,-0.325791766322855
K372A,0.929206280843701
K372C,-0.975874723312801
K372D,1.39212522014762
K372E,0.559158802135097
K372F,0.909460629856904
K372G,-2.28355307145864
K372H,-1.10317412142757
K372I,0.35223678692964
K372L,-0.218616433004528
K372M,0.00716147668713321
K372N,1.84722263731806
K372P,-1.67841753351985
K372Q,-1.169550785103
K372R,2.71710964120678
K372S,-0.681703497226843
K372T,-0.605036276075962
K372V,-0.431957848576768
K372W,0.583034089421881
K372Y,0.396987130212354
K373A,-0.2512023355958
K373C,2.24699941824215
K373D,-2.8348678577405
K373E,-0.435983148861032
K373F,-0.590962958364671
K373G,-3.01090541808988
K373H,-0.285523652928737
K373I,-1.20767095957025
K373L,-0.515859302876677
K373M,-0.338319394733999
K373N,0.871949352356999
K373P,1.66788393128145
K373Q,1.80205455907649
K373R,0.617110227451764
K373S,1.35338471591976
K373T,0.624692880724625
K373V,1.9470821833974
K373W,0.517929585670082
K373Y,-1.55862694682251
K374A,-0.256263940677431
K374C,-0.622545349347421
K374D,-0.80179126895652
K374E,0.562053368004713
K374F,1.47202748637613
K374G,-1.38482023611275
K374H,0.461797614125942
K374L,-2.23040318503414
K374M,0.426655697790235
K374N,-0.26555564647778
K374P,-0.0690108633191785
K374Q,0.744528179345162
K374R,0.0375437357552761
K374S,0.374732982156462
K374T,0.841282594789069
K374V,0.694925441450441
K374W,1.32025102458308
K374Y,1.09270068619262
K375A,-0.163423105826857
K375C,2.65534356766497
K375D,-0.173254818764184
K375E,-1.36378125723875
K375F,0.132313449747597
K375G,1.15575378772594
K375H,1.43656069437556
K375I,0.04394452120763
K375L,0.586639534735202
K375M,-1.46685594887867
K375N,0.415970394225118
K375P,0.382806530442652
K375Q,-0.884365991402449
K375R,1.73107522913731
K375S,2.50397619015418
K375T,0.56122616837787
K375V,-1.40048000190665
K375W,1.281921770658
K375Y,-2.02253056715164
A376C,1.25190606225105
A376D,-0.142890008230708
A376E,0.68917871519959
A376F,1.88206831958034
A376G,0.153472499851168
A376H,1.46218148412106
A376I,1.88942072634206
A376K,0.226026106449818
A376L,0.0254972363892212
A376M,-1.39592423128485
A376N,1.01594567036775
A376P,0.888986339102443
A376Q,-1.56449515545081
A376R,-5.24373967842425
A376S,-0.295906199188036
A376T,0.441113297511674
A376V,-0.525592421497864
A376W,-0.258301054655915
A376Y,1.86383328470973
D377A,1.12171299663382
D377C,1.20828844247266
D377E,0.687391197379536
D377F,-0.118885026865473
D377G,0.00340713769508677
D377H,4.157381840569
D377I,-1.59564727176713
D377K,1.17514158422891
D377L,1.59133424427956
D377M,-0.768266968270319
D377N,1.70244921619869
D377P,0.716496931752999
D377Q,-0.482248855768082
D377R,0.680633491734743
D377S,0.177901701356353
D377T,0.38846765300888
D377V,-0.274331260933908
D377Y,-0.406446505651518
E378A,-0.175612080992653
E378C,0.0327298769207079
E378D,-1.16154550478047
E378F,-1.04724391497797
E378G,0.599520879432005
E378H,2.11886377678896
E378I,0.905058383687494
E378K,-0.261614195570813
E378L,0.649988851034456
E378M,-0.749262982425788
E378N,-0.645024282779498
E378P,0.139431671023994
E378Q,0.708347880853278
E378R,0.249089125688348
E378S,1.79342205106623
E378T,-0.38131213099396
E378V,0.444261690319752
E378W,-0.849686430645176
E378Y,-0.707207408747721
T379A,8.14341021523301
T379C,0.269329368711837
T379D,1.29071267791496
T379E,-0.108396450059011
T379F,0.643881150450108
T379G,-0.348734405816966
T379H,8.09356231506385
T379I,0.280803351867419
T379K,0.332797239401242
T379L,-1.40623481396158
T379M,-0.00155112291682804
T379N,-0.959629250940552
T379P,-1.2481615373237
T379Q,-1.94402930986968
T379R,0.909985794028594
T379S,-1.59155996863702
T379V,-0.2158003325097
T379W,-0.852692572505161
T379Y,-0.0253052826219594
Q380A,-1.32126356711041
Q380C,0.596398514231492
Q380D,-1.65649274805505
Q380E,0.562053368004713
Q380F,-0.885291934894465
Q380G,-0.0639081989508078
Q380H,-2.35613339235978
Q380I,-0.600342557196616
Q380K,1.82986006554158
Q380L,0.222325220871074
Q380M,-0.341409611958376
Q380N,-2.91205564610849
Q380P,-0.11547184612847
Q380R,-0.222362344649363
Q380S,0.918800285816111
Q380T,-0.139591708337175
Q380V,0.217356567534353
Q380W,0.0988715536806332
Q380Y,2.1198768611842
A381C,0.906582567229167
A381D,-0.0540679812413524
A381E,-3.28452048505574
A381F,1.89172999147253
A381G,1.37680963934454
A381H,-0.651714971993877
A381I,-0.508689588246674
A381K,1.15708595516334
A381L,-0.295013109372707
A381M,0.337403359895637
A381N,-0.0708004901470463
A381P,-1.23413424675138
A381Q,-1.62625267145624
A381R,0.39051203954485
A381S,-1.36430861982056
A381T,0.491427086669252
A381V,1.01732477772612
A381W,0.994672516912941
A381Y,2.15653447819323
L382A,-0.232798517500208
L382C,-3.29452621707313
L382D,2.01764976438927
L382E,1.12162040098616
L382F,1.45697219514872
L382H,1.61105292507534
L382I,2.18130654649915
L382K,0.914055291358235
L382M,-0.829962171893492
L382N,0.698140881200678
L382P,-1.54286045879931
L382Q,1.46152849564447
L382R,0.822136204782972
L382S,0.657342086047196
L382T,0.268439377728475
L382V,-0.267992812324022
L382W,-2.72482750294275
L382Y,-1.27222588466262
P383A,0.852367339538678
P383C,-0.122793813992081
P383D,-0.195915069752834
P383E,1.71585437286932
P383F,1.073040854779
P383G,4.10438214384
P383H,1.80054521065501
P383I,1.4092304138652
P383K,1.78562264313086
P383L,-1.12990980772572
P383M,1.72266425073785
P383N,0.526610665891685
P383Q,0.847681964015804
P383R,-0.0274213543216863
P383S,0.24440417907337
P383T,-0.294284099655695
P383V,2.06600958554101
P383W,0.625714115940287
P383Y,0.933412370891513
Q384A,0.517491098514634
Q384C,-1.10827092737084
Q384D,2.30737470803218
Q384E,0.933443447337903
Q384F,-2.04096203122943
Q384G,1.22290790080718
Q384H,1.57313304490165
Q384I,0.716276768150306
Q384K,-1.13399748173458
Q384L,0.529417223379449
Q384M,-1.87852562728861
Q384N,-0.498498631955424
Q384P,-1.79306213290929
Q384R,-0.307015136400549
Q384S,-1.26805013329292
Q384T,-1.00471942377258
Q384V,0.351050934580554
Q384Y,-0.808061209033239
R385A,0.0961279693501723
R385C,-0.565163786366671
R385D,4.55608500538134
R385E,0.459804222089416
R385F,-1.12995617104956
R385G,-1.14802923839033
R385H,2.56457564900753
R385I,0.343908356504664
R385K,0.373668945081544
R385L,-0.882029756139136
R385M,0.746435811356807
R385N,0.0311963546662772
R385P,0.29549826795729
R385Q,0.46393261425324
R385S,-0.411614776112974
R385T,0.706742654735307
R385V,0.0560561648078647
R385W,1.7078604690164
R385Y,0.440485991903963
Q386A,-1.47381707419747
Q386C,1.64561674931397
Q386D,0.163740775792816
Q386E,-0.21558000538355
Q386F,2.10398506192341
Q386G,-0.183134637481005
Q386H,-0.394564879167105
Q386I,-0.754291937395907
Q386K,0.475084484907928
Q386L,1.11281221497156
Q386M,-0.717472267494106
Q386N,-0.921517093400466
Q386P,1.26528887358029
Q386R,-2.01208203297645
Q386S,-0.237784600350278
Q386T,0.809343921963194
Q386V,-0.593256219026301
Q386W,-0.0570182221684398
Q386Y,0.464624023141082
K387A,1.68452164701031
K387C,2.29455970191221
K387D,0.814296544390052
K387E,-0.304158923432959
K387F,-0.746504083290997
K387G,-0.57058300113032
K387H,-1.25929324739428
K387I,0.164943482162851
K387L,0.446690043108567
K387M,1.06921234853059
K387N,0.386695210017846
K387P,0.732941000421896
K387Q,-1.79469204710625
K387R,2.30870295247033
K387S,-0.932589420493684
K387T,0.188397035754378
K387V,-0.483296548239272
K387Y,-2.08371696411109
K388A,-0.0431883793746276
K388C,-1.36348975325407
K388D,-1.53617362319597
K388E,0.27457850948022
K388F,0.96176749171817
K388G,-0.98159946809401
K388H,1.1544179967475
K388I,0.178795759913824
K388L,-0.0630991283461846
K388M,0.686085266149695
K388N,-0.482898234200341
K388P,-0.818017343042353
K388Q,2.29166526574256
K388R,-1.42394631231324
K388T,-0.274665061400912
K388V,-0.195152037540795
K388W,1.00063269298466
K388Y,-1.5546687012614
Q389A,0.501753814039215
Q389C,0.539431846964431
Q389D,0.834045524739359
Q389E,0.0799739035561292
Q389F,1.89643769014405
Q389G,0.941821183728685
Q389H,-0.402705963871272
Q389I,1.0657409822159
Q389K,0.550582541970272
Q389L,0.322731356883192
Q389M,-0.163711180610207
Q389N,0.704735124072469
Q389P,-0.0608307422950991
Q389R,-0.155930060066381
Q389S,0.723769107598576
Q389T,-0.40815317726966
Q389V,-0.709466457080514
Q389W,-0.893047527670105
Q389Y,-1.12181805287978
Q390A,1.41772128065819
Q390C,2.75565957419998
Q390D,0.143536957657287
Q390E,-0.519534927933482
Q390F,1.99565489151318
Q390G,-0.144645854034124
Q390H,0.387583687093476
Q390I,-0.620336637733472
Q390K,-0.147595756303958
Q390L,0.0962672065310957
Q390M,0.803605187627396
Q390N,-1.32230327356531
Q390P,2.17281216222115
Q390R,2.47104054867484
Q390S,0.000921839327207782
Q390T,-0.378940192599191
Q390V,0.414968547073794
Q390W,1.18369095572779
Q390Y,0.12621263619795
T391A,-0.599067230021365
T391C,0.646336182435045
T391D,-0.417017594989181
T391E,-1.41755271583269
T391F,1.09610896596987
T391G,-1.4047952881147
T391H,-0.341409611958376
T391K,0.203780391296148
T391L,-1.85625509954321
T391M,1.26279263451199
T391N,-1.253119347397
T391P,-0.0051859556602391
T391Q,-2.29415655699911
T391R,0.404937020699254
T391S,0.018600215911147
T391V,0.134864695932678
T391W,-1.94152395605506
T391Y,0.11142791174616
V392A,1.21928499056949
V392C,0.75594599271442
V392D,0.43485078055933
V392E,0.78067779291695
V392F,-0.0673540024135982
V392G,2.16443685057099
V392H,-0.208050039757291
V392I,1.41790603437092
V392K,-0.214857180432511
V392L,2.17767512494643
V392M,-0.189731134833371
V392N,0.998797909141337
V392P,0.606180492902352
V392Q,0.454001806867993
V392R,-0.108740854873307
V392S,1.01598333472916
V392T,1.03367946695067
V392W,0.543147345343207
V392Y,0.0588718400034064
T393A,0.529321963134618
T393C,-0.641117441054647
T393D,0.835408653167611
T393E,0.0243909833718419
T393F,0.312566050323678
T393G,0.437489386650637
T393H,1.72371236126201
T393I,0.632577872786891
T393K,-0.0493202038656352
T393L,1.16083604558746
T393M,-0.806047299834016
T393N,0.0138911814747716
T393P,0.224018408630275
T393Q,0.446042672192181
T393R,-0.592391649877914
T393S,-0.609408351202138
T393V,0.4844259917758
T393W,-1.69066668649586
T393Y,-0.0715745711564435
L394A,2.56135036837786
L394C,0.940555351585142
L394D,0.597230931993181
L394E,-1.26457627357237
L394F,-0.0281100402314288
L394G,0.326579846291631
L394H,0.525926360088497
L394I,0.188622615911027
L394K,-0.0501291702541614
L394M,0.57117322391818
L394N,0.894469376911351
L394P,0.303892867394898
L394Q,1.18300318458156
L394R,0.892251719932864
L394S,-0.714315062998671
L394T,0.88401684003537
L394V,0.0371048869170245
L394W,0.170901145338456
L394Y,2.7011962316102
L395A,0.252775017080465
L395C,1.09166682006018
L395D,-1.62422327327976
L395E,0.732022721280553
L395F,0.792192545077574
L395G,-1.08302536425182
L395H,0.508448594965868
L395I,-0.787678049874371
L395K,0.524974390261498
L395M,-0.165581480126762
L395N,0.974537798243787
L395P,-0.436779765985436
L395Q,1.44883387546242
L395R,0.930945382007004
L395S,-0.269473606387583
L395T,-0.0775660878956995
L395V,0.90296261192328
L395W,0.836895491631915
L395Y,0.461797614125942
P396A,0.282502211260156
P396C,-0.908672421599248
P396D,1.42073787979857
P396E,3.31581319706841
P396F,0.65349116447411
P396G,0.643021434985931
P396H,-0.487732309032895
P396I,2.08153749446578
P396K,0.497849790682373
P396L,1.87194853186518
P396M,-0.0518446199699303
P396N,-0.534033232995086
P396Q,0.518310013886625
P396R,1.90804205970401
P396S,0.850557422679046
P396T,-1.98185175024322
P396V,0.718170221188936
P396W,0.506447664936068
P396Y,-0.499762710225194
A397C,2.46704249241505
A397D,-0.231533098282592
A397E,-0.617510052192317
A397F,0.669335415769262
A397G,0.91822637950312
A397H,0.403894617899685
A397I,8.14341021523301
A397K,-0.870982169034902
A397L,0.140200730035458
A397M,4.69303592274351
A397N,-0.514967709317886
A397P,-0.488062819347266
A397Q,0.520264491021103
A397R,1.10910465497624
A397S,-0.760794300067606
A397T,2.25961657186546
A397V,2.54386446868462
A397W,-1.87655288402396
A397Y,0.471657904619765
A398C,-1.28327847152017
A398D,-0.0434356415800522
A398E,-0.65637614047235
A398F,0.110595580679906
A398G,0.147611729178844
A398H,1.10562161433591
A398I,-0.437340409635467
A398K,2.41637239920376
A398L,-0.617878441869904
A398M,-1.16794539835456
A398N,0.377224555104698
A398P,-1.17050143469784
A398Q,-0.323359585376056
A398R,0.08035442247797
A398S,0.455702921352206
A398T,0.597165990118933
A398V,-0.185182398728949
A398W,0.68918427137798
A398Y,-1.27040680671148
D399A,-0.782735484802188
D399C,-0.0478802913237173
D399E,-0.147539481987985
D399F,0.116443845320129
D399G,1.83021897468439
D399H,-0.0834283708131403
D399I,0.414541094530821
D399K,-0.667403783248148
D399L,1.33719960979668
D399M,-1.28853105777011
D399N,0.246823401972946
D399P,-2.34112350340725
D399Q,-1.20261790342965
D399R,0.560569220292215
D399S,-1.2238940941535
D399T,0.754006885622133
D399V,0.340893892147935
D399W,0.466638192610264
D399Y,0.395209795899942
L400A,0.00192217875422624
L400C,0.0810386082265326
L400D,-0.410558002782242
L400E,0.682791434358444
L400F,-0.831258273722057
L400G,-0.60879320957783
L400H,0.395183446526769
L400I,-1.17029324966444
L400K,-0.0216402646829748
L400M,-0.270165275325129
L400N,1.91019536048318
L400Q,-0.298718478440723
L400R,-0.0482123035553152
L400S,0.619161452127874
L400T,-0.449558173902681
L400V,0.222273730496745
L400W,0.39469865321155
L400Y,1.75593953183205
D401A,-1.7823331534734
D401C,1.47043808507954
D401E,0.916745188430137
D401F,0.178548005827974
D401G,-0.925923262984313
D401H,1.60653956516589
D401I,0.345125463284215
D401K,-1.06776778620758
D401L,1.02175699219242
D401M,-1.13981205251261
D401N,-0.412253771353741
D401P,-0.586900353168504
D401Q,1.00861648485572
D401R,0.220537503752059
D401S,1.03368950070357
D401T,0.421756037756819
D401V,0.585579913899366
D401W,0.907609123268836
D401Y,0.59227421582781
D402A,1.34322453681229
D402C,-0.0494279389588793
D402E,0.030276105862984
D402F,0.239569036262646
D402G,1.53261059695563
D402H,0.978752684043835
D402I,0.601002040518937
D402K,0.591343968011838
D402L,0.00699277342336465
D402M,0.255215707992208
D402N,-0.176708743554041
D402P,-0.105611067750624
D402Q,2.09780384026279
D402R,0.635048838578893
D402S,3.13751742254019
D402T,0.913298055212316
D402V,0.198527477281495
D402W,0.248911312504557
D402Y,-0.00407007519568039
F403A,0.00928309673665983
F403C,-0.145528047729469
F403D,0.546378557455423
F403E,1.05604346889592
F403G,0.915886144354309
F403H,0.643091963258433
F403I,2.09485725868635
F403K,1.66428856476017
F403L,-1.09524243408314
F403M,-1.19835278035184
F403N,1.61069624326005
F403P,-1.13053468300168
F403Q,-0.464388383331881
F403R,-0.112229884371788
F403S,-0.185570785381308
F403T,-1.32503276647009
F403V,0.814700122257418
F403W,-0.418008183911588
F403Y,-0.303434228095326
S404A,-0.25560235184075
S404C,-0.45316149733991
S404D,1.525828131031
S404E,0.266813830685649
S404F,0.304516473621299
S404G,0.110580320746335
S404H,0.718036044027206
S404I,-0.940743413396035
S404K,-0.764660199651696
S404L,1.6897436374033
S404M,-0.237062873255574
S404N,2.42547681531392
S404P,-1.91999718115716
S404Q,1.12976820171974
S404R,-0.765141439856844
S404T,-0.859898936676788
S404V,0.531667945380698
S404W,-0.556121052873539
S404Y,0.337264775560145
K405A,1.1174566501812
K405C,1.51892073498062
K405D,-2.29431095999511
K405E,1.46286490002104
K405F,0.927046998135642
K405G,0.268375100011389
K405H,-0.0204279705555093
K405I,-0.834057896500349
K405L,-5.24373967842425
K405M,0.591426125606966
K405N,0.619285788042303
K405P,0.825557227359026
K405Q,-0.645535378948619
K405R,1.67325955444008
K405S,0.985206512545183
K405T,-0.561471562666552
K405V,-0.406978257043312
K405W,-0.236337218640764
K405Y,1.37556515452927
Q406A,0.890294322877233
Q406C,0.811905023934297
Q406D,-0.675083349404575
Q406E,-1.76167393917576
Q406F,1.05434633405665
Q406G,-1.37543365382256
Q406H,-1.96962991104315
Q406I,-0.526656056629489
Q406L,-0.350863517924401
Q406M,0.260492784384214
Q406N,-2.19855314580156
Q406P,0.481836406654842
Q406R,-0.704525678140146
Q406S,0.0707679997986742
Q406T,-0.136686417189277
Q406V,-1.69601101193024
Q406W,1.20862006525209
Q406Y,-0.649996575543897
L407A,-0.899800644545618
L407C,-0.345064876934432
L407D,1.5041545634727
L407E,1.24570539120602
L407F,-0.318450516783661
L407G,0.796946016634076
L407H,0.330857405915503
L407I,0.408307757714359
L407K,0.169776219265171
L407M,-1.23435142545486
L407N,-0.0027994049179517
L407P,0.179914497170041
L407Q,0.164568953574273
L407R,0.578529167147917
L407S,-0.610956452101396
L407T,-0.911363868556157
L407V,0.590785452468565
L407W,0.0564478329242308
L407Y,-0.372415084303053
Q408A,-1.32531959549402
Q408C,3.13305303582356
Q408D,0.0898018779098672
Q408E,1.6703140340904
Q408F,2.51323174395819
Q408G,0.108736344720135
Q408H,-0.433960320253132
Q408I,-0.235239385277493
Q408K,-1.11738270814701
Q408L,-0.592868499799598
Q408M,1.2296016118048
Q408N,-1.04535715673777
Q408P,0.660318619518963
Q408R,4.30088748264416
Q408S,0.63715372205947
Q408T,0.218133723097352
Q408V,-0.0261110236584011
Q408W,-2.66954366157444
Q408Y,-1.79118752931355
Q409C,0.0849044798284628
Q409D,0.473734607640092
Q409E,0.662813018660696
Q409F,0.840920754927856
Q409G,-0.132552427668885
Q409H,-0.120720462531442
Q409I,0.659164563425113
Q409K,-0.257532078004342
Q409L,0.415059375343626
Q409M,1.23353542468969
Q409N,2.11407798442617
Q409P,1.4709444787857
Q409R,0.952644582357441
Q409S,-0.69154688886805
Q409T,-0.091415654475392
Q409V,-0.0576397289103098
Q409W,-0.251487269964492
Q409Y,0.939669311813633
S410A,0.595201096591471
S410C,-0.00139392327932701
S410D,-0.421605134588424
S410E,-0.0315970930610832
S410F,-1.4525440404718
S410G,1.02592742004134
S410H,0.269300089200263
S410I,0.410365872354227
S410K,0.972131398565877
S410L,-1.76908006343128
S410M,0.331503906282545
S410N,-0.76582711034378
S410P,-0.349459832428853
S410Q,-0.446355884541613
S410R,0.616326633997473
S410T,-1.84941238832511
S410V,-0.990852043634479
S410W,-1.46010138160588
S410Y,2.21969992206163
M411A,-1.40116225114643
M411C,1.41765984921495
M411D,-0.187061517891168
M411E,2.12400953831871
M411F,-4.56634426272253
M411G,0.0144669292874064
M411H,1.07960689687124
M411I,-1.83489638248799
M411K,-1.01175065072194
M411L,-1.04192228790329
M411N,-0.736632032108631
M411P,-2.74869244020747
M411Q,0.885161390832985
M411R,0.92375204178846
M411S,-0.397702073100502
M411T,-0.301131831418323
M411V,-0.477462439303318
M411W,1.60190458503424
M411Y,0.803537934363255
S412A,-0.0466665612623365
S412C,-0.0847472727506598
S412D,0.882168896040136
S412E,0.360065309176021
S412F,0.730901322667777
S412G,-0.87981378780163
S412H,-1.92012343622215
S412I,-0.405699158556759
S412K,2.14792243074806
S412L,2.7686017855855
S412M,-0.218229369549632
S412N,0.440497765204666
S412P,-1.36348975325407
S412Q,0.218303670847507
S412R,0.86934462578591
S412T,2.931475496012
S412V,-0.591233440374674
S412W,-0.887557843418271
S412Y,-1.39815151358187
S413A,3.81815906895936
S413C,0.561786378207523
S413D,-1.4366761129347
S413E,0.715379370094268
S413F,0.548066101985918
S413G,-0.85335478385424
S413H,-1.15070761178177
S413I,2.52339189114868
S413K,-0.783065301032862
S413L,-1.40233731627479
S413M,0.960373530307732
S413N,0.578613249238235
S413P,0.0898900022501324
S413Q,1.24965406481072
S413R,-0.276149138448573
S413T,-0.200434834103531
S413V,-0.418858882257837
S413W,1.03865423315509
S413Y,1.33840427379879
A414C,-0.870683142633837
A414D,-0.0632934646904999
A414E,-0.0190433667326846
A414F,0.753594605338554
A414G,0.581051297200637
A414H,8.14341021523301
A414I,0.953675396332221
A414K,0.747884111556521
A414L,0.37383103274009
A414M,-0.220314535476976
A414N,-0.591228392058703
A414P,1.61335976607321
A414Q,-2.0796372959735
A414R,2.75809959259605
A414S,0.362510967185473
A414T,-1.22521125330987
A414V,-0.192736521016907
A414W,0.0550255340473137
A414Y,0.557062969905684
D415A,0.63819414819604
D415C,-1.0038682566506
D415E,-1.18923250808364
D415G,-0.581088934745946
D415H,-0.312278631427216
D415I,0.617917847116237
D415K,0.226145534622951
D415L,-0.775676916656241
D415M,-0.660153222659182
D415N,-0.242276363526126
D415P,-0.0541941175113617
D415Q,0.162426348418336
D415R,0.336104383891276
D415S,-1.35482313801597
D415T,1.60729700246782
D415V,0.124682680978857
D415W,-1.88640407071818
D415Y,1.90982053831624
S416A,-1.21481262688637
S416C,0.148615417728575
S416D,1.15525706438136
S416E,-0.0385086915299554
S416F,-1.17986513118049
S416G,-0.841452789216754
S416H,-0.0466750222780251
S416I,-1.80595843269704
S416K,0.800752859371032
S416M,0.771767071694193
S416N,-1.42714244714496
S416P,1.60509900319427
S416Q,0.513827361681977
S416R,1.28222750937059
S416T,0.298538425374876
S416V,-0.623027024019065
S416W,2.88371505515017
S416Y,0.469143469248021
T417A,2.34522874103265
T417C,1.3209457078491
T417D,0.15769166177277
T417E,-1.13178845523158
T417F,0.301120639317466
T417G,-0.998703150177197
T417H,-0.167289566616896
T417I,1.17750215572213
T417K,1.65324745064071
T417L,0.659901640274599
T417M,0.785966116151928
T417N,-0.841189494393027
T417P,-0.93394359045448
T417Q,-0.201772700811016
T417R,0.673711624419907
T417S,0.347746709505832
T417V,-1.58486728554675
T417W,-0.064523038693082
T417Y,0.127472543214019
Q418A,0.250128048012749
Q418C,-2.15977237311225
Q418D,-0.180963273204921
Q418E,-0.794272651777408
Q418F,0.847168181962807
Q418G,0.119066139458317
Q418H,-1.60301995771419
Q418I,-0.889488333057756
Q418K,0.114167443215206
Q418L,0.0733681398974012
Q418M,-0.963004294234035
Q418N,-1.01745864431319
Q418P,-0.535608492402812
Q418R,0.200657745894996
Q418S,0.0361094426762811
Q418T,0.352937300882709
Q418V,1.81147179654173
Q418W,1.12375291817834
A419C,-0.304642381671845
A419D,1.06956968175953
A419E,-0.620310235158556
A419F,0.462308700954483
A419G,1.09128736072149
A419H,1.47926342787022
A419I,-1.20419235452683
A419K,-0.123585194255346
A419L,1.22119232488527
A419M,0.0461110012424018
A419N,0.692795349018968
A419P,-1.94717610703895
A419Q,0.0603244390921277
A419R,-1.45286868734329
A419S,1.02084312514899
A419T,-1.82172886886822
A419V,0.374055406656235
A419W,4.21247323226513
A419Y,-1.09041189886926
