Mutation,Escape_Score
S2A,1.08770417694761
S2C,-0.515421795483444
S2D,0.971825465498371
S2E,0.128455629149559
S2F,1.047512358714
S2G,-0.931525630512101
S2H,-0.105920322173666
S2I,2.30474072567285
S2K,0.765289150069275
S2L,9.159337254684
S2M,-0.129734469243284
S2N,0.697224198761975
S2P,0.652191117818318
S2Q,0.69567890490846
S2R,1.37696607656031
S2T,0.559074006969694
S2V,3.71177218217819
S2W,-0.130270538317397
S2Y,0.488440701011204
D3A,1.92821979380356
D3C,3.97966905445133
D3E,0.27940858457009
D3F,0.66820305005303
D3G,-1.31032608163172
D3H,1.18427559637965
D3I,5.01996919855135
D3K,-0.494910424029225
D3L,9.159337254684
D3M,3.28779975455447
D3N,0.686804434936183
D3P,0.266552342087755
D3Q,-0.687020727506269
D3R,1.01718519045154
D3S,-0.292829968661746
D3T,-0.162107156439858
D3V,3.27813232966073
D3W,0.656725723042847
D3Y,1.75039890621678
N4A,1.88144801575536
N4C,1.81480844345763
N4D,-0.727525612676532
N4E,0.862930287170508
N4F,2.15215822772811
N4G,-0.862803152277024
N4H,0.717327125637169
N4I,2.4089809810016
N4K,-0.113041256573878
N4L,3.20887470732307
N4M,0.945382012377649
N4P,-0.241074775207534
N4Q,1.11863487946745
N4R,-0.664046423139195
N4S,-1.37978935489187
N4T,-1.35663154059855
N4V,6.59091880879782
N4W,1.83839314223499
N4Y,-1.0010107370189
G5A,1.32529464177916
G5C,9.159337254684
G5D,1.99789540719354
G5E,-1.53972791180035
G5F,1.50469443929857
G5H,0.951829493593928
G5I,4.13956972538758
G5K,0.748052391073655
G5L,7.55681842462958
G5M,2.13297715027467
G5N,-1.91611740403428
G5P,0.568668924517511
G5Q,-0.564859581793101
G5R,2.61750785012288
G5S,1.88963971706831
G5T,5.19451622543188
G5V,7.16095764401671
G5W,2.30668882618676
G5Y,5.36112130109895
P6A,-1.04691819588438
P6C,0.950630377082329
P6D,0.848360764043455
P6E,0.551562809946882
P6F,1.1832091695628
P6G,0.417422117475716
P6H,0.19812857111636
P6I,6.90101319967119
P6K,3.76961529723904
P6L,7.78501708218019
P6M,4.33249510096531
P6N,1.64711208835147
P6Q,0.607881654257095
P6R,1.11484658989248
P6S,-1.35431747076423
P6T,1.37565874274729
P6V,4.62390011126869
P6W,-1.20326806460413
P6Y,-0.228774206565294
Q7A,0.311449745228504
Q7C,1.68415575378759
Q7D,0.053283829049961
Q7E,-1.05085713191513
Q7F,-0.215213593413329
Q7G,2.70583048065994
Q7H,0.7621707097559
Q7I,-0.926271323728585
Q7K,0.689722582299479
Q7L,-0.136444026287973
Q7M,1.31539919839798
Q7N,0.996446423850126
Q7P,0.303155537203948
Q7R,-2.60558164526649
Q7S,0.892402501734675
Q7T,-0.526580541127314
Q7V,0.813129612647257
Q7W,2.21987376070661
Q7Y,-0.016208921221954
N8A,-0.958036708843812
N8C,1.87983998476684
N8D,1.16805293355604
N8E,-1.10244267096061
N8F,0.292103307985915
N8G,0.0814121494794528
N8H,0.58017354898939
N8I,1.98925403056024
N8K,-1.39424859203177
N8L,4.72582318404233
N8M,0.401177118835298
N8P,-2.94675631673291
N8Q,0.198415490622894
N8R,0.237955605541983
N8S,0.897221131054554
N8T,1.53008129731411
N8V,0.0192469266925893
N8W,1.62225418628744
N8Y,0.151718588322274
Q9A,1.71689966651308
Q9C,8.07705183431767
Q9D,-0.738881857402864
Q9E,0.864504792291324
Q9F,-0.673842090992161
Q9G,-0.399910127187565
Q9H,0.576472797249863
Q9I,0.733494935451888
Q9K,1.17832229401806
Q9L,2.0513875871591
Q9M,0.807432053721292
Q9N,-0.793294037661045
Q9P,0.668696713007681
Q9R,0.817746610804328
Q9S,-0.10109432600803
Q9T,-2.11756580733026
Q9V,-0.223575632619888
Q9W,0.488175309960244
Q9Y,1.33725993284223
R10A,1.29295318503136
R10C,1.53510438568959
R10D,0.638981478286386
R10E,-1.31904774139319
R10F,0.864222690246942
R10G,1.40053957818229
R10H,1.24019762359631
R10I,2.75446240004512
R10K,-1.1331470903621
R10L,0.863658330360689
R10M,0.201772114763636
R10N,-0.328490182064549
R10P,0.91507287605483
R10Q,2.67963962502632
R10S,-1.56056272196009
R10T,0.494160264503043
R10V,-0.448479610928344
R10W,1.85378214865401
R10Y,0.168313304666993
N11A,-1.84841551681583
N11C,1.89570420402994
N11D,0.184591166751326
N11E,0.528031937540489
N11F,1.71328832531412
N11G,3.28920043452191
N11H,0.282689422421608
N11I,1.0324766086745
N11K,0.873365859706455
N11L,3.4584236692589
N11M,0.988581120809026
N11P,1.34353687836239
N11Q,-0.0121463407898095
N11R,-0.967704683458454
N11S,-0.366220157469242
N11T,-0.574346331122649
N11V,1.87879646582438
N11W,2.14967998251602
N11Y,0.219467117179695
A12C,1.9887771297639
A12D,-0.739670181531412
A12E,-1.67968611767187
A12F,2.14636401406674
A12G,-0.735083490490106
A12H,1.08496198394867
A12I,0.259463509408614
A12K,2.51935624125808
A12L,2.12230951897123
A12M,-0.00416490486089955
A12N,0.279470722958314
A12P,1.76090939364689
A12Q,-0.507679169668016
A12R,-0.570336348632484
A12S,2.71325132305912
A12T,0.451169243885207
A12V,-0.315120359969525
A12W,3.42964510629717
A12Y,2.50161909240573
P13A,2.60217744817533
P13C,1.73234890819245
P13D,-0.719782773203888
P13E,-1.24918004461147
P13F,2.95666512721153
P13G,-0.275280204617146
P13H,1.57508860967744
P13I,0.220251382154536
P13K,3.02680771331331
P13L,3.13798320006085
P13M,1.02541873444459
P13N,0.383343839096673
P13Q,1.42079846993313
P13R,3.41200432719758
P13S,0.507002491945099
P13T,-0.976986129706181
P13V,0.317857255717772
P13W,5.55917996301293
P13Y,2.86190672718018
R14A,1.7487207867522
R14C,5.93479579940636
R14D,0.90335927991724
R14E,-0.215911110924087
R14F,-0.373218097474758
R14G,0.136934569578145
R14H,-3.49262700342115
R14I,1.99309703877449
R14K,-0.809508659547153
R14L,9.159337254684
R14M,3.4746795374869
R14N,-0.344119285674106
R14P,0.290224982753831
R14Q,-0.715497053347986
R14S,-1.98338309955022
R14T,0.206197406599505
R14V,-0.411341999573562
R14W,2.08427138042862
R14Y,0.438287947050633
I15A,-0.520259480397745
I15C,3.32698711232923
I15D,0.198610237942226
I15E,-1.10318260211846
I15F,-2.34439079927702
I15G,4.60745795084893
I15H,0.37968355686789
I15K,0.0481414477781753
I15L,-1.85213622167678
I15M,-1.15402538083159
I15N,-1.87176070540418
I15P,-0.688499987842741
I15Q,-0.0194626503646446
I15R,0.968229029640936
I15S,-0.240667467836485
I15T,-0.750364142920949
I15V,-0.208727784647369
I15W,0.196072860028075
I15Y,1.13859391100588
T16A,-0.57091123143243
T16C,1.58100120267289
T16D,-0.0268709104570797
T16E,-0.219579729658846
T16F,1.25553711892882
T16G,0.116393275817043
T16I,1.95677646015156
T16K,-0.853850420684251
T16L,1.06100314073631
T16M,-0.0326049217808412
T16N,0.124783830727444
T16R,1.12362551029846
T16S,0.313157418786652
T16V,0.0800933267385801
T16W,2.76608404185142
T16Y,0.685378537808888
F17C,-0.513688894094871
F17D,-0.431251030968309
F17E,-1.59437457296123
F17G,0.642206203055187
F17H,-1.88092876945838
F17I,0.142255048629587
F17K,0.443066391956995
F17L,-0.231960024734224
F17M,-0.477513117869984
F17N,-0.0506744891672474
F17P,-1.14154423402897
F17Q,-0.775066140527588
F17R,1.00357200292258
F17S,1.69220693718187
F17T,-0.686740869618535
F17V,-1.75572718611043
F17W,0.809876018432408
F17Y,1.0412961163356
G18A,-1.75808816140404
G18C,-0.231450553078767
G18D,3.18226815118204
G18E,4.49001218688511
G18F,-0.763304329975254
G18H,-0.301851917035744
G18I,1.30938271889352
G18K,1.0490041634072
G18L,1.08812120565674
G18M,1.2521416934321
G18N,-0.751845372618334
G18P,-0.640433369423924
G18Q,0.147811768244228
G18R,-0.855177451633618
G18S,4.05539093879825
G18T,0.125444033476656
G18V,0.138372553801515
G18W,0.770762235087703
G18Y,-1.4413155235202
G19A,0.565194715281488
G19C,1.04696806929327
G19D,-0.954588397671675
G19E,-0.173995804584945
G19F,0.0356610718103234
G19H,1.30985792494711
G19I,0.819710375055483
G19K,0.0473789628627782
G19L,0.84388530982052
G19M,-0.387385909561126
G19N,1.52398961451494
G19P,-0.184837269424433
G19Q,0.14898574545199
G19R,-0.57890677887318
G19S,0.975869248713949
G19T,0.725411017776769
G19V,2.13566199935188
G19W,-2.8321554485975
G19Y,0.377388439267694
P20A,3.21906960810804
P20C,0.532804452159464
P20D,0.788870444274784
P20E,-0.24874298577033
P20F,0.970832932084933
P20G,-0.997831032449716
P20H,-1.60505766212854
P20I,-1.59092327708644
P20K,3.36131431950665
P20L,0.375589431364744
P20M,1.35111868238684
P20N,1.40150054943227
P20Q,0.890391167856632
P20R,-0.945780321540907
P20S,-0.0180308392803858
P20T,-0.477889493761923
P20V,-0.385007903410906
P20W,4.54275731041109
P20Y,-0.783699875566093
S21A,-0.510422580133173
S21C,1.29931825271792
S21D,-0.523716655311617
S21E,1.11780387672638
S21F,-1.24455852589603
S21G,-0.0236784989230917
S21H,-0.84044055594503
S21I,-0.0860322575787348
S21K,-0.493411513371017
S21L,0.83567790599691
S21M,2.39980246734948
S21N,-0.237542281037315
S21P,-0.881792444656993
S21Q,0.231925663760614
S21R,1.00128059088467
S21T,-0.725949372949877
S21V,2.32803167086229
S21W,0.521225601658791
S21Y,-0.0976540862420558
D22A,0.89195305851563
D22C,0.588777894319243
D22E,-0.462923301867345
D22F,0.0716305227777897
D22G,1.28427351198006
D22H,1.67154423232758
D22I,2.07115771095382
D22K,2.71116310031206
D22L,0.739872718764349
D22M,-0.494066704363694
D22N,1.11684391692059
D22P,0.150868203539716
D22Q,-0.855886618614064
D22R,0.844678245674305
D22S,1.07198615448951
D22T,-0.286622130560827
D22V,1.99507054001592
D22W,-1.09392500405271
D22Y,-0.218038611381801
S23A,-0.133237041716078
S23C,0.867927404946636
S23D,0.291178125848826
S23E,1.35823057790353
S23F,0.623924420587071
S23G,-0.236278599850653
S23H,-0.190595254482781
S23I,0.919669967647691
S23K,-0.465807997297117
S23L,1.44293008293796
S23M,0.0356209280916367
S23N,1.42482584598733
S23P,0.868723593667917
S23Q,1.21569662109189
S23R,0.548152064604323
S23T,-2.23030282530232
S23V,0.752835294445223
S23W,2.20960466209227
S23Y,0.0348154257756596
T24A,1.55034311129814
T24C,0.486235674572019
T24D,-0.387500444992512
T24E,-0.499261182539565
T24F,2.7757551373476
T24G,-0.621246357963438
T24H,-2.09459365341953
T24I,0.56607808543664
T24K,0.412251118684768
T24L,1.23358394525458
T24M,1.06359866599824
T24N,-0.960857521395662
T24P,0.315601013842381
T24Q,2.83480364736252
T24R,0.0230318185079935
T24S,-0.66184548550361
T24V,-0.139102951754032
T24W,1.05573387755099
T24Y,1.16678497408889
G25A,-0.542990148268036
G25C,2.21780542310609
G25D,-0.53558310490628
G25E,-0.624788828776554
G25F,1.16349589539411
G25H,0.587183583271987
G25I,0.44759884659852
G25K,-0.799319198149199
G25L,1.94537441663166
G25M,0.639085301918397
G25N,0.962667806963744
G25P,-0.527991319824778
G25Q,1.13646579797138
G25R,0.897850082214491
G25S,-2.31922767615862
G25T,-0.0379116631522473
G25V,0.535476287745899
G25W,1.46161778149717
G25Y,0.143811927871666
S26A,-0.254763714338746
S26C,5.10601466110107
S26D,0.632167538854058
S26E,0.84756501127491
S26F,0.914823807037776
S26G,-1.39121071019807
S26H,-0.968969583712784
S26I,1.77957412435285
S26K,0.808653249942471
S26L,-1.75768547054322
S26M,-0.26781333147211
S26N,4.70249626644357
S26P,-1.22724647772677
S26Q,0.237766187074184
S26R,-0.823541817259833
S26T,-1.21958048905322
S26V,0.100171008074938
S26W,2.10900826651285
S26Y,0.826101117294181
N27A,-0.782816971419254
N27C,-0.173215364351352
N27D,0.381796757858545
N27E,1.54281437248748
N27F,0.901653894636104
N27G,-0.608099281868853
N27H,-0.0515541563545382
N27I,-0.197499683301635
N27K,1.02716428800646
N27L,1.46749857308028
N27M,0.794643517207188
N27P,0.296038426910273
N27Q,-0.45711361558896
N27R,0.864072076818786
N27S,0.38999166216841
N27T,2.0076852269115
N27V,0.2531782478771
N27W,1.75272293040005
N27Y,-0.284389167687867
Q28A,2.74457402182539
Q28C,0.856198223450033
Q28D,0.0357840930145894
Q28E,0.517343843678995
Q28F,2.11152139386085
Q28G,0.306384272141486
Q28H,1.19634256531473
Q28I,2.47730242359635
Q28K,1.66596065763453
Q28L,1.10469210613946
Q28M,-0.481682659717247
Q28N,1.85309277749993
Q28P,-1.09980491463264
Q28R,-0.965200305397408
Q28S,2.07684293684684
Q28T,-0.250402654875029
Q28V,-0.147747834203191
Q28W,2.1235581489052
Q28Y,1.35425807564701
N29A,-0.0976874949081434
N29C,-1.38894005950883
N29D,-0.217291782904263
N29E,-0.682122657066882
N29F,1.32561361481437
N29G,-0.0981613199999198
N29H,1.08568265106018
N29I,-0.306339957753421
N29K,0.619452450269731
N29L,1.85198769875785
N29M,2.04851618914839
N29P,-0.086621541581954
N29Q,0.562832163988823
N29R,0.899515836203356
N29S,-0.0888792491259977
N29T,1.44144402459835
N29V,1.34589228907791
N29W,3.25426723385048
N29Y,1.76672398370266
G30A,-0.907628126933564
G30C,1.14849911656315
G30D,0.463592392018559
G30E,0.757963410000178
G30F,-0.468683620575187
G30H,-0.200654125687263
G30I,2.71077335695485
G30K,-0.51723522045782
G30L,1.65510433146548
G30M,-0.503750853839261
G30N,1.59704700043776
G30P,-0.254819685724462
G30Q,0.17123195671479
G30R,-1.65073099488615
G30S,-0.99693874524371
G30T,-0.592443826458763
G30V,-0.637616750372844
G30W,1.27793202728664
G30Y,0.0998890460709761
E31A,0.645997379283198
E31C,-0.602117551587693
E31D,0.948424561247958
E31F,-0.73550231571005
E31G,-0.203133181097095
E31H,-0.190040375484149
E31I,1.29102530433331
E31K,-0.73553244933997
E31L,1.53466149922287
E31M,-3.90123522310237
E31N,-0.243684681360006
E31P,0.621297290304674
E31Q,1.5154952964857
E31R,1.57996867808323
E31S,0.784033067254384
E31T,-0.203293555960305
E31V,-1.60828716879484
E31W,2.16840085652177
E31Y,-1.09966859592106
R32A,1.23939136125152
R32C,3.66644273575309
R32D,-0.310976214793621
R32E,0.847619675094184
R32F,2.66385573596547
R32G,1.28221029541187
R32H,0.371027390891362
R32I,0.453005275942748
R32K,1.66693046811458
R32L,2.11837585540067
R32M,1.79241403119734
R32N,2.62346308339994
R32P,-3.29797300220537
R32Q,-0.139899487001874
R32S,1.18216244463514
R32T,0.31575224325724
R32V,2.37163856503796
R32W,3.13655650493523
R32Y,0.999664401182325
S33A,-1.380615176829
S33C,0.421908238795194
S33D,1.24270550192811
S33E,0.468816894384581
S33F,2.47862668262734
S33G,-0.737673115831849
S33H,0.236368632042505
S33I,1.70469799577145
S33K,-3.66296311455952
S33L,-0.117953558193624
S33M,-0.84783032870763
S33N,3.19589843438014
S33P,2.70650553747355
S33Q,-0.173721055705298
S33R,-0.529604379770941
S33T,0.199719771716402
S33V,1.19850211911177
S33W,2.15627685816624
S33Y,1.3233511220832
G34A,-0.126554154679779
G34C,-0.235230716842075
G34D,3.59617377298615
G34E,2.99505060752152
G34F,-0.861305116354232
G34H,-0.662908826126576
G34I,1.35900027443272
G34K,-1.84493707908945
G34L,-0.342897776089451
G34M,0.204726739021017
G34N,-0.398003088145661
G34P,-1.27830317988269
G34Q,1.22550629717421
G34R,0.464494940464713
G34S,-1.01448898937245
G34T,0.179028287007359
G34V,0.40070265697864
G34W,0.438355768837555
G34Y,-0.387028904682725
A35C,1.89075832057751
A35D,4.14408165499139
A35E,1.87379607885136
A35F,4.0442226396842
A35G,-1.15841957174299
A35H,-0.128103937183464
A35I,1.51445275807761
A35K,-0.515673378868367
A35L,1.98580964082031
A35M,6.25191323652435
A35N,5.12196190765392
A35P,-0.113158970278345
A35Q,0.487613814652705
A35R,-0.0320912369686601
A35S,0.142548890580351
A35T,-1.23544352672766
A35V,-0.266458208112721
A35W,2.155943984927
A35Y,1.11134931566587
R36A,2.05176718091962
R36C,9.159337254684
R36D,4.93607533334981
R36E,3.07673280214774
R36F,9.159337254684
R36G,2.66798328847353
R36H,5.77545545311455
R36I,9.159337254684
R36K,2.76716080924141
R36L,9.159337254684
R36M,9.159337254684
R36N,3.13561810927771
R36P,5.17900903258354
R36Q,1.53256201660643
R36S,3.02411055474667
R36T,7.00078488936225
R36V,6.85292053313895
R36W,9.159337254684
R36Y,9.159337254684
S37A,0.393526157473324
S37C,1.60903625885248
S37D,0.0830851959993368
S37E,2.48491563236052
S37F,5.53174243647909
S37G,0.259839847326074
S37H,0.438325969649981
S37I,1.7577585857461
S37K,0.445284404029985
S37L,2.37294514802451
S37M,3.53653480010489
S37N,-0.213748069465594
S37P,0.614351915012099
S37Q,0.0808534076955935
S37R,-3.16688634792479
S37T,0.00308407864435917
S37V,2.31832000774066
S37W,4.02521096555174
S37Y,3.26228673188441
K38A,6.694271540726
K38C,9.159337254684
K38D,9.159337254684
K38E,9.159337254684
K38F,9.159337254684
K38G,9.159337254684
K38H,5.34530054480487
K38I,9.159337254684
K38L,5.32351551662532
K38M,9.159337254684
K38N,3.66928644380379
K38P,9.159337254684
K38Q,9.159337254684
K38R,1.90649884420023
K38S,4.42261763629297
K38T,9.159337254684
K38V,9.159337254684
K38W,9.159337254684
K38Y,9.159337254684
Q39A,0.29759065425878
Q39C,1.65161112196919
Q39D,4.34046206964643
Q39E,2.59116725163243
Q39F,7.02464623900147
Q39G,1.11257031175727
Q39H,0.659058020057825
Q39I,2.03170091937235
Q39K,-1.64408474615326
Q39L,0.585399437755163
Q39M,3.2209282385286
Q39N,-0.0549406040389337
Q39P,0.666155328179463
Q39R,0.687941637751904
Q39S,0.170622992640053
Q39T,-1.19140106222337
Q39V,2.24971729863899
Q39W,4.00733633054922
Q39Y,3.1132332340212
R40A,6.00593183456516
R40C,9.159337254684
R40D,9.159337254684
R40E,3.48243412345523
R40F,4.77343103226746
R40G,6.97254008749418
R40H,9.159337254684
R40I,9.159337254684
R40K,-0.782023958428198
R40L,5.90975159472583
R40M,6.75386561251243
R40N,3.48253615423274
R40P,5.36110935347953
R40Q,4.2476466870442
R40S,5.2819630583579
R40T,7.52606766115134
R40V,5.133658552299
R40W,9.159337254684
R40Y,4.99121577726449
R41A,3.89825392466756
R41C,6.33979082989903
R41D,5.69386559621136
R41E,2.4329202272134
R41F,6.64106516579339
R41G,3.09031229073927
R41H,3.22157915355435
R41I,0.253437313408459
R41K,0.877674363634323
R41L,2.71823445954544
R41M,4.16643593449119
R41N,7.27578846046942
R41P,1.95002062377495
R41Q,2.75736031208119
R41S,3.85868471990071
R41T,3.83278715937754
R41V,2.83142414358722
R41W,5.6165796855781
R41Y,3.40483764631219
P42A,0.675914035497618
P42C,1.17424955841463
P42D,0.13918991117313
P42E,1.08239011496946
P42F,-1.25558728279364
P42G,-0.0551539232126926
P42H,0.120381836228067
P42I,-0.29687973961103
P42K,1.9082166233533
P42L,1.53362385482913
P42M,-0.0575275074631227
P42N,-0.552419302168909
P42Q,0.516950555034052
P42R,-0.331994362435476
P42S,-0.131032482744819
P42T,-1.27903542616287
P42V,-1.0582944300053
P42W,0.811709018147299
P42Y,-0.408054588289403
Q43A,0.466450542308339
Q43C,0.233289379978683
Q43D,1.85293428960216
Q43E,9.159337254684
Q43F,0.303118788108995
Q43G,-1.29227674736725
Q43H,0.720272338327473
Q43I,-0.258079944797115
Q43K,2.16399006035995
Q43L,0.219181888881507
Q43M,2.24341347622363
Q43N,1.01066894300076
Q43P,-0.0548569275523759
Q43R,0.823008381746897
Q43S,0.628129771515127
Q43T,0.111350581590739
Q43V,-0.836615526732371
Q43W,1.13281429915746
Q43Y,0.821761067846945
G44A,-1.41856097094375
G44C,1.01065274463672
G44D,1.60900343826537
G44E,1.2065893102407
G44F,-0.375379395893046
G44H,0.986547174828685
G44I,-1.35663154059855
G44K,0.907171115308157
G44L,-0.043379100170887
G44M,0.0859641123163915
G44N,-0.0793032048315205
G44P,0.101696293691389
G44Q,-0.471902742906813
G44R,-0.663915487203586
G44S,-0.118807390829631
G44T,-0.0477757098150719
G44V,-0.769162051774086
G44W,0.452657769857913
G44Y,-0.408454691810377
L45A,0.681019758398431
L45C,-0.146426115961401
L45D,0.0986410149573319
L45E,1.18330223954449
L45F,-0.297130540130524
L45G,-1.1695573175518
L45H,-1.52786061071513
L45I,1.49021272695828
L45K,-0.262637177627297
L45M,2.48499851262262
L45N,0.302070265785646
L45P,0.112798861601286
L45Q,0.990901216763162
L45R,0.520388702701666
L45S,-0.73923361446971
L45T,0.13581704512838
L45V,1.25654990652453
L45W,0.13484885989268
L45Y,-1.08867527345007
P46A,0.84765401863539
P46C,-0.459322412208035
P46D,1.17544818110505
P46E,0.502574489701028
P46F,3.11378571484774
P46G,-1.10793290223914
P46H,-0.132320858829254
P46I,0.371901317014893
P46K,0.0813204521603818
P46L,-0.24831378593228
P46M,-2.20463774569637
P46N,0.0586985054808897
P46Q,0.990246933645749
P46R,-0.432491906692587
P46S,-0.580998683850743
P46T,-0.964320419570219
P46V,0.420487439332417
P46W,-0.326904459181264
P46Y,0.209884174026962
N47A,0.102201636305626
N47C,1.09257393928269
N47D,0.410494469600906
N47E,-0.685350182022369
N47F,0.47425853076521
N47G,0.0890341470642691
N47H,2.09862400462362
N47I,0.449397344509742
N47K,-0.769198282300814
N47L,0.573446029821546
N47M,-0.102194496995767
N47P,-0.662572234919902
N47Q,0.066019474902833
N47R,-0.21261137529273
N47S,-1.12250614700138
N47T,3.67522656193344
N47V,0.710752275601151
N47W,0.22425761759806
N47Y,-0.206243372332532
N48A,-1.8949791500812
N48C,-0.0655405796093782
N48D,1.72611309335402
N48E,1.48552925593933
N48F,2.21812556694864
N48G,1.83337296436036
N48H,-0.262989255302371
N48I,2.18841551927539
N48K,-1.24240903429821
N48L,0.156384010759356
N48M,0.014649913240249
N48P,1.20544228896947
N48Q,3.18370225528975
N48R,-0.524005536907555
N48S,-0.487056956332904
N48T,-1.99683833628456
N48V,-0.345548804341547
N48W,-0.893597631706541
N48Y,1.03574257061994
T49A,-0.0973904879578094
T49C,1.48711965551744
T49D,0.826889420760295
T49E,0.0121399310615465
T49F,-0.285827435487378
T49G,1.53556649421571
T49H,1.74793003963687
T49I,-0.359300115485732
T49K,2.9218846251036
T49L,0.389622043854607
T49M,-0.74019028386763
T49N,1.06932346108976
T49P,1.09196696118516
T49Q,1.16313940749289
T49R,-0.47061404081929
T49S,-0.329481432194243
T49V,-1.01178415322858
T49W,1.82282537887132
T49Y,1.40046156161478
A50C,0.325297306622288
A50D,3.45125171716361
A50E,-0.473478709188962
A50F,-0.0555912266348286
A50G,-0.599129867887229
A50H,-0.0852582989002167
A50I,-0.0607515196838337
A50K,-0.57816839132632
A50L,0.959024830154591
A50M,-0.839743966083442
A50N,0.777094860572832
A50P,-0.39507363893618
A50Q,-0.849102034173814
A50R,-0.111640379508252
A50S,-0.207354792207846
A50T,0.572397270231785
A50V,1.20956629188448
A50W,-0.835442122639978
A50Y,0.422108203324587
S51A,-0.427019849136735
S51C,-0.827544330081504
S51D,1.66889177631442
S51E,1.45199457863673
S51F,2.51113980890403
S51G,-2.50198453877335
S51H,2.79907801051992
S51I,1.95647683651757
S51K,-0.0616630021841477
S51L,0.453312359863478
S51M,2.22006165502912
S51N,0.78120656653906
S51P,1.75535664726031
S51Q,1.22961845007983
S51R,-0.0707522586867854
S51T,0.225192569059553
S51V,1.36161154791734
S51W,4.23155962645625
S51Y,0.658207442067852
W52A,-0.457909764571786
W52C,1.30789877944819
W52D,1.16290218618039
W52E,1.03049444343459
W52F,-0.820299277687099
W52G,4.821445599865
W52H,-1.44496086136192
W52I,0.292084444425028
W52K,-0.53475461458662
W52L,-0.783109809783728
W52M,-0.0556174948847474
W52N,1.24043296154029
W52P,0.793799865062106
W52Q,0.254399308481888
W52R,2.41373128410902
W52S,0.00899105157823012
W52T,-0.629629554088597
W52V,0.365808012735127
W52Y,0.109031570974218
F53A,0.845921644831636
F53C,0.836378410329039
F53D,1.78025088568034
F53E,0.950565180377097
F53G,1.72329783436978
F53H,1.17989067073856
F53I,2.4379873302001
F53K,0.892145052386198
F53L,1.23574911808638
F53M,1.76022698172404
F53N,-1.42716235807821
F53P,0.0910738818903183
F53Q,-1.25752222400074
F53R,-0.882635088907576
F53S,2.6153893983442
F53T,0.313391854220353
F53V,1.99037229201649
F53W,-0.0370697298559549
F53Y,1.01852766861143
T54A,-0.860376986016585
T54C,0.227931628400132
T54D,-0.427273354068503
T54E,-0.882634512439726
T54F,0.235512739450342
T54G,-0.60277457453639
T54H,0.299233568995486
T54I,-0.0254003396634458
T54K,-1.80541986454896
T54L,0.684405484642155
T54M,-0.146168429890869
T54N,-0.553483445000676
T54P,-0.74724772402284
T54Q,0.340778844724914
T54R,-0.714487298365935
T54S,-1.42564025502869
T54V,-0.485958608372217
T54W,-0.459350728303233
T54Y,-0.881518063792741
A55C,0.117298088768821
A55D,-0.317775585605906
A55E,-0.854544849878368
A55F,-0.50696406911358
A55G,-0.0738016241024907
A55H,-0.755178549182431
A55I,-1.21626607985879
A55K,0.160576779622083
A55L,1.57159462694409
A55M,-0.489414975408712
A55N,-0.223763454633357
A55P,1.35571194502733
A55Q,-1.26645774196622
A55R,0.575620590900857
A55S,0.39760514237922
A55T,-0.258731514678066
A55V,-0.347897407871767
A55W,-0.242263385089569
A55Y,-0.692618629081647
L56A,0.101091499703005
L56C,-0.282817100658457
L56D,2.00556785439824
L56E,1.70656941746997
L56F,-0.18703688118779
L56G,-1.02298356644213
L56H,0.339021236648112
L56I,3.0988317839357
L56K,0.0448838698543897
L56M,0.398583398402539
L56N,-0.109760296184437
L56P,-0.0789677286782928
L56Q,0.650563038194461
L56R,-2.29565390528683
L56S,0.828511832385239
L56T,-0.310700382849626
L56V,-0.0797654063825189
L56W,2.62269774775177
L56Y,-0.303647651963627
T57A,3.22805723544072
T57C,0.46461549819572
T57D,-0.737863047689435
T57E,-0.43009701305565
T57F,-1.20670058422403
T57G,-0.559165724695291
T57H,-0.562337918457514
T57I,0.758437720870567
T57K,5.08381966877111
T57L,0.944993758541118
T57M,1.32294371939067
T57N,0.0426586863568509
T57P,-0.33331771052213
T57Q,0.685485707455577
T57R,-0.718955251257974
T57S,1.37655907064874
T57V,1.2650715224875
T57W,-1.20418952723416
T57Y,-2.03362471034749
Q58A,-1.0628093233864
Q58C,0.829464381302766
Q58D,-1.02374527716872
Q58E,0.143018168040042
Q58F,-0.0363021971204448
Q58G,-0.767478726276274
Q58H,-0.200165918053974
Q58I,-0.318588641208982
Q58K,-0.308946770674185
Q58L,0.659425438268686
Q58M,0.57743950174848
Q58N,2.69202156294028
Q58P,-0.606481479704957
Q58R,0.394769252882945
Q58S,-0.964762395245363
Q58T,-0.0484352502423145
Q58V,-0.440500298862076
Q58W,-0.969141019124417
Q58Y,-0.942662909864219
H59A,2.42870412827614
H59C,-1.15169615715696
H59D,-0.783298627527754
H59E,0.134079321330373
H59F,-1.82183005217607
H59G,0.912087046365966
H59I,0.0581604660257576
H59K,-0.382585112473258
H59L,-0.463346885297513
H59M,-0.761224210119566
H59N,-1.0099451996437
H59P,-0.826848620226579
H59Q,1.7816305536924
H59R,-0.617280776696727
H59S,0.121172970633865
H59T,-1.48940087193573
H59V,0.00619502080024998
H59W,0.113707615810426
H59Y,0.477521979052863
G60A,0.682256527331902
G60C,-1.91466628650725
G60D,0.629914052011105
G60E,-1.1623793638568
G60F,-1.13630469129447
G60H,3.01019075249398
G60I,0.256694191461649
G60K,-0.925211388533559
G60L,-0.797578392031808
G60M,-0.932773060693655
G60N,-1.40714238025942
G60P,-0.250419189182549
G60Q,0.459718483019072
G60R,0.89743456897124
G60S,-0.211442168264654
G60T,-0.722346240054049
G60V,0.422419925863395
G60W,0.407204833704801
G60Y,-0.409324753778805
K61A,-0.0600290827095912
K61C,0.803221991657372
K61D,0.981653157263057
K61E,-2.3380039356485
K61F,2.14641524068005
K61G,-1.01398388684801
K61H,2.87056186604585
K61I,0.167665529433038
K61L,0.625004652658763
K61M,0.258683815943623
K61N,-0.727407737027299
K61P,0.564013448712513
K61Q,-1.5340850816013
K61R,-0.670366402354531
K61S,-0.861470506244643
K61T,2.05545972276672
K61V,-0.959169331865475
K61W,-0.944790641373468
K61Y,-0.73070256837119
E62A,1.69909958329599
E62C,0.487965983521502
E62D,-1.74131949463338
E62F,0.0622838785222026
E62G,2.11626610281005
E62H,-1.54502306001047
E62I,-0.227705122678738
E62K,-0.158990123587888
E62L,-0.454016387966231
E62M,-0.321589493650283
E62N,0.387850877025763
E62P,0.396272429161567
E62Q,-0.195094296051184
E62R,0.305137458323952
E62S,-0.263364160939699
E62T,0.955726709299963
E62V,-0.595144860061158
E62W,0.372500418927233
E62Y,-1.0105805657987
D63A,1.49515196943162
D63C,-0.21967379958275
D63E,0.894860265158727
D63F,-1.39587428184862
D63G,-1.52174312351879
D63H,-0.403258637643491
D63I,-0.765711013827769
D63K,-1.06196955374611
D63L,-0.702574072609433
D63M,-1.01107377830212
D63N,-1.00359563734986
D63P,1.42801949646538
D63Q,-0.138073900621983
D63R,0.131842820699158
D63S,0.274065758661278
D63T,-0.315596088984557
D63V,0.102496215695681
D63W,-1.67767678931788
D63Y,-0.55475732603896
L64A,0.386045751519486
L64C,-0.527597685979228
L64D,2.65814215695656
L64E,1.1115635033907
L64F,-1.20076663670374
L64G,1.15597590647874
L64H,-0.466732727292726
L64I,-0.0859874407657747
L64K,4.33351622897048
L64M,-1.75910270039243
L64N,-0.313441446749081
L64Q,3.17922018033622
L64R,1.35892890372269
L64S,-0.218038611381801
L64T,-1.35397113850691
L64V,0.817241585268635
L64W,-1.01434053263543
L64Y,-0.611505576893048
K65A,0.818471032166537
K65C,-0.219870392056637
K65D,-0.911473641661477
K65E,0.551241634523249
K65F,0.917546567712486
K65G,-0.255402756541851
K65H,-0.847169208811318
K65I,0.159220612070615
K65L,-0.0315191235404236
K65M,1.16737782498217
K65N,-0.377507507022863
K65P,-0.519860017965769
K65Q,-0.165154392747755
K65R,-0.00712844878992978
K65S,0.389660503518772
K65T,0.0308257281481567
K65V,1.26442225730547
K65W,-0.118815827463358
K65Y,-0.0978939270034396
F66A,-0.277151412117147
F66C,6.62741859296424
F66D,0.596128371789368
F66E,0.75903596886274
F66G,-0.467256784600624
F66H,-1.8995083685352
F66I,-0.458818262733598
F66K,-0.000283960311317779
F66L,0.832886065657804
F66M,0.437731505094533
F66N,1.07682048449069
F66P,0.714528190356355
F66Q,-0.322200930857101
F66R,2.16805579717219
F66S,0.766298823453671
F66T,-1.72378941451341
F66V,-0.133659294776227
F66W,-2.02114652688395
F66Y,-1.79252103114878
P67A,0.202035137257072
P67C,0.106940179204836
P67D,-0.265283267490321
P67E,-0.183843781793276
P67F,-0.400795349723279
P67G,0.986528679176281
P67H,-0.623839127074477
P67I,0.537739203953144
P67K,-1.25033830499301
P67L,0.167878747127509
P67M,0.442267334565873
P67N,-0.345639318997855
P67Q,-0.263433151732733
P67R,1.29645675705971
P67S,1.7800062754056
P67T,-0.833536577732417
P67V,0.802054327468375
P67W,-1.64525767170483
P67Y,-0.426013094146886
R68A,-0.134111469547984
R68C,-2.54670705312648
R68D,3.72913728886059
R68E,0.308793537519213
R68F,-0.988752266440595
R68G,-0.197568519187673
R68H,0.420026187303091
R68I,-1.10777148189701
R68K,-1.53565507735032
R68L,3.26069914259313
R68M,-0.191972290830798
R68N,-0.381398184405764
R68P,0.414593448723413
R68Q,-0.146393533892743
R68S,9.159337254684
R68T,-0.276762663710298
R68V,-0.961606656066523
R68W,0.533552107651699
R68Y,1.02438329239996
G69A,0.189525995106118
G69C,0.398197582493012
G69D,-0.201765018265305
G69E,-0.0841783147386849
G69F,-0.218786207214139
G69H,-0.139364499390164
G69I,0.438474453214024
G69K,-0.453112678135365
G69L,0.871739076937388
G69M,0.0496388581812297
G69N,0.367061271385677
G69P,2.67631735570935
G69Q,0.135862366754216
G69R,0.511802472425111
G69S,-0.121069443820222
G69T,1.13613979123428
G69V,-0.646556211242847
G69W,1.11303720985132
G69Y,-0.131910446853433
Q70A,1.06946561363423
Q70C,1.08693084296483
Q70D,0.448085079489763
Q70E,-0.0949294054883152
Q70F,0.0835591431240696
Q70G,0.47484122751787
Q70H,2.47278647863039
Q70I,1.35226590693286
Q70K,0.0735124855438311
Q70L,-1.4760084642993
Q70M,-0.171021795759047
Q70N,-1.54245578508243
Q70P,-3.08099210396023
Q70R,-0.465764466947054
Q70S,-0.140192801548995
Q70T,0.110386763911083
Q70V,-0.183669063676096
Q70W,-0.0333850287113883
Q70Y,-0.240466031934622
G71A,-0.716175600423835
G71C,0.183556096766209
G71D,0.0222064976657761
G71E,0.111203928066638
G71F,0.299294465411679
G71H,0.0555891888100942
G71I,0.235149425992233
G71K,1.44494582193154
G71L,0.519321536621886
G71M,0.839690248455224
G71N,-0.225666813397357
G71P,0.797445349354311
G71Q,2.86098662454015
G71R,0.159878027010582
G71S,0.173970421501022
G71T,0.565764980223503
G71V,1.62398799273264
G71W,0.217347722138886
G71Y,0.0856373974139392
V72A,0.335723650118629
V72C,-0.795433664072918
V72D,0.428021259970388
V72E,0.574527110175573
V72F,0.232038613523271
V72G,1.20597474062958
V72H,2.02762766771059
V72I,1.77192778642887
V72K,1.44296580020936
V72L,-0.832430466338176
V72M,0.229090168768488
V72N,0.655101679927664
V72P,-0.151519407199081
V72Q,0.797098935764809
V72R,1.81957570229138
V72S,2.19294198893721
V72T,-0.160344197543412
V72W,1.80766394170508
V72Y,-0.0687941899171284
P73A,-0.917089126564247
P73C,0.76871903544783
P73D,2.5067362342245
P73E,2.76262716986465
P73F,2.1527880848373
P73G,-0.536258467526444
P73H,1.08690975663526
P73I,0.114618118336849
P73K,0.52077064476346
P73L,0.383449417726919
P73M,0.938723765593156
P73N,2.4605196155904
P73Q,0.809257737128744
P73R,1.51324118370663
P73S,0.43608038938136
P73T,2.18802020066534
P73V,-0.118504547097161
P73W,0.991451090489957
P73Y,1.98807741647815
I74A,0.186200365520435
I74C,-0.237780320459531
I74D,-0.209702185066698
I74E,-0.0037977720122616
I74F,-1.09608620039189
I74G,0.0282484731663968
I74H,0.0906757436146969
I74K,1.58541577621295
I74L,0.742555781787641
I74M,-0.822831491369696
I74N,-0.353636129447121
I74P,1.25040538235559
I74Q,0.102510082853486
I74R,0.700028010735922
I74S,1.25586380471823
I74T,-1.03616388208586
I74V,0.580666841512
I74W,-0.21888043683952
I74Y,0.642289604533697
N75A,-0.406363034212478
N75C,0.428008251822147
N75D,-0.550794139233924
N75E,-0.372345689518937
N75F,0.239402751272606
N75G,1.46140778474976
N75H,-0.729766845939727
N75I,1.04587506280492
N75K,-1.15959969438679
N75L,0.686905624710533
N75M,-1.20229300770429
N75P,0.243159868971597
N75Q,-0.399041817311178
N75R,-0.877643520744182
N75S,-0.946569913298369
N75T,-0.918827995627921
N75V,-0.694262478113223
N75W,-0.782438687238483
N75Y,1.15146468637766
T76A,0.769792037225983
T76C,0.0824887364768871
T76D,-0.150019497007517
T76E,1.1373094727441
T76F,0.914380840956109
T76G,-0.7470275733605
T76H,-0.604534599882463
T76I,-0.436747835475042
T76K,-1.62651853750244
T76L,-0.199831134652427
T76M,-1.30477797911897
T76N,-1.86133547063333
T76P,0.749467149579213
T76Q,-0.0462061984626847
T76R,-1.14401802793323
T76S,2.78137931303571
T76V,1.02777756734001
T76W,-2.42326909944426
T76Y,0.758112121017
N77A,-0.94454221365216
N77C,3.36700589744158
N77D,1.00297069731122
N77E,1.60628953116858
N77F,1.78952441177204
N77G,1.12541503617726
N77H,-0.977472722862881
N77I,0.309788989933238
N77K,-1.13021943532152
N77L,0.217921770791155
N77M,4.26531641673312
N77P,-0.490123503412367
N77Q,-0.539130354821298
N77R,-0.856701265204914
N77S,-2.46419814386179
N77T,0.0602549556650108
N77V,-0.445228057256899
N77W,0.0710863302147328
N77Y,0.506034322136259
S78A,0.249018927623057
S78C,0.738051553705097
S78D,-1.74538690739548
S78E,0.0651329738281242
S78F,-0.526194202554674
S78G,0.61845048128625
S78H,-1.67223044117595
S78I,-0.929246956077779
S78K,2.45901233549719
S78L,0.987540570873732
S78M,-0.653891000357275
S78N,-0.594981875347086
S78P,0.17402602693874
S78Q,0.351673147901877
S78R,0.836329667417983
S78T,-0.306022719437516
S78V,1.58545559186614
S78W,-0.719909499541476
S78Y,1.60168556251526
S79A,4.49136480687678
S79C,-0.917651581421741
S79D,-1.08223069159239
S79E,-0.0263274811954523
S79F,0.142019863842502
S79G,-0.196416730467818
S79H,-0.108323584429111
S79I,0.297888210442867
S79K,1.63546091697259
S79L,1.82102705964838
S79M,-0.886075796883746
S79N,-0.746856699350206
S79P,-0.238562328429108
S79Q,1.66985256996024
S79R,-0.344595433411113
S79T,-0.689799977208228
S79V,0.684236040271836
S79W,2.42135857318838
S79Y,0.132476332934949
P80A,-0.299686839619538
P80C,1.10387843572304
P80D,-1.11044033206806
P80E,0.206669644996158
P80F,-0.999220603461253
P80G,-1.31856163933932
P80H,-0.220043652878491
P80I,-1.95025064524005
P80K,-0.0021930853408001
P80L,0.609846808514497
P80M,-1.78607411299789
P80N,0.906246378406362
P80Q,0.0170143440259401
P80R,-0.650160366510718
P80S,-0.2667613949312
P80T,0.882950925742529
P80V,-0.0465658961761974
P80W,0.301468734808683
P80Y,-1.12061600953015
D81A,0.425142601515128
D81C,1.65450576556614
D81E,-0.489123635267014
D81F,0.837810015093391
D81G,-1.0175100331221
D81H,-0.149684877279671
D81I,0.261136136139475
D81K,-1.48917240412907
D81L,1.18414484363731
D81M,-0.921367355274869
D81N,0.795969918489889
D81P,-0.729105490347872
D81Q,-0.319912312354022
D81R,2.63136941705524
D81S,-0.778012776305422
D81T,-1.63301448808878
D81V,-0.654397236593621
D81W,2.94010175414606
D81Y,5.8718214048599
D82A,0.0436032858868006
D82C,0.26753613912128
D82E,0.307811269311193
D82F,0.682719115246834
D82G,0.952688677347474
D82H,0.319635513776761
D82I,0.8463317586684
D82K,0.349362884342376
D82L,1.80460584014117
D82M,1.42918015531918
D82N,0.676314298239268
D82P,1.1832091695628
D82Q,-0.218038611381801
D82R,2.46973911432461
D82S,0.992562359737895
D82T,-0.68752162296351
D82V,-0.339282756602632
D82W,-0.819915334406874
D82Y,1.05948121633674
Q83A,-0.640528514196353
Q83C,-0.447189259022983
Q83D,-0.949828227839633
Q83E,0.505374315766552
Q83F,-0.51705408807957
Q83G,-0.678947022748576
Q83H,-0.15550070921129
Q83I,-0.122532995902809
Q83K,0.410417213247729
Q83L,1.22875390597123
Q83M,2.59300837531668
Q83N,0.404224422970236
Q83P,-1.05230861597977
Q83R,0.361745080904957
Q83S,-1.61198636200378
Q83T,0.770329100755588
Q83V,-0.0105507919018298
Q83W,-0.585391005853201
Q83Y,0.250018614428808
I84A,-1.55214865704848
I84C,0.409616363351907
I84D,0.701909477652321
I84E,0.764005471447989
I84F,1.02561084338063
I84G,-0.355688183760731
I84H,0.458740707658726
I84K,-0.44340353852843
I84L,-1.02061814586484
I84M,-0.0161348176797505
I84N,-0.0901386902808128
I84P,3.94935298303886
I84Q,0.702948984416397
I84R,2.35129812824572
I84S,-1.0015342909073
I84T,1.07712729212468
I84V,0.000511587794725126
I84W,0.248833769176833
I84Y,0.216585848053787
G85A,3.70808510121156
G85C,2.21256084543116
G85D,0.567269480063689
G85E,1.6260515201161
G85F,0.606312348532666
G85H,0.467980034172072
G85I,0.730562618830545
G85K,1.3694387712288
G85L,0.860960173504041
G85M,0.708031735805204
G85N,0.249115361893505
G85P,6.53352568071014
G85Q,1.24356599218384
G85R,0.177784946465952
G85S,3.24545693919952
G85T,1.51950848871002
G85V,1.63757394492718
G85W,0.248410390836187
G85Y,2.69364846400024
Y86A,0.568787252260034
Y86C,0.122976186731179
Y86D,0.0656415005182283
Y86E,0.705521670327848
Y86F,0.0394966362603765
Y86G,0.357639180414
Y86H,2.92368682929241
Y86I,1.42372298598836
Y86K,0.731324116506352
Y86L,2.30447309620801
Y86M,0.0687418553880722
Y86N,3.06354483275543
Y86P,2.72684099846736
Y86Q,-0.714874776395522
Y86R,2.93600596783384
Y86S,0.270567655892078
Y86T,2.43482664032623
Y86V,0.356384189247067
Y86W,3.21286156453101
Y87A,0.437837537055305
Y87C,-1.00343755941818
Y87D,-0.358542264157847
Y87E,0.744225535203099
Y87F,-0.98231238864175
Y87G,2.80871240677601
Y87H,-0.287768441452077
Y87I,1.02286837960729
Y87K,1.87666651975526
Y87L,-0.255886823224459
Y87M,-0.61482718551187
Y87N,1.05175045226453
Y87P,-0.193552843437269
Y87Q,1.28503792706278
Y87R,0.719838267917265
Y87S,1.39831577861636
Y87T,-0.650027169943084
Y87V,2.16808752858699
Y87W,-0.0321250444167903
R88A,1.60006871409598
R88C,0.532141275089605
R88D,-1.09675222413828
R88E,1.89898986676376
R88F,2.82971442015634
R88G,-0.881022037820009
R88H,-0.302822266931963
R88I,0.410406090244069
R88K,1.41178011854048
R88L,-0.109388231538286
R88M,-2.19542414780912
R88N,0.00377452346441213
R88P,2.66081868456416
R88Q,2.44381531508247
R88S,0.740449134281528
R88T,-0.178182586008528
R88V,0.217767930881174
R88W,-0.162179340500953
R88Y,0.795370184526916
R89A,-0.801947209169209
R89C,1.47965967989384
R89D,-0.26121016073245
R89E,-0.366004440569836
R89F,1.44645140145471
R89G,-0.0310757924717326
R89H,-0.0647715693541188
R89I,2.55772250405597
R89K,0.781411132293319
R89L,0.831545970286046
R89M,-0.286000783420418
R89N,-0.266336035169216
R89P,0.800304253109777
R89Q,-1.12215397834239
R89S,-1.03572920654604
R89T,-0.249874332070726
R89V,-0.294681390207351
R89W,1.33552538114119
R89Y,0.112010846479559
A90C,1.90325642516949
A90D,-1.33211769884609
A90E,-0.795016942967554
A90F,0.342144720605588
A90G,-0.817545755282996
A90H,-1.73454005961185
A90I,-1.10829063158405
A90K,-0.925130155598003
A90L,0.0116997358259862
A90M,-0.980103468191354
A90N,-0.622687388030339
A90P,-1.25996697937531
A90Q,0.950158719427965
A90R,-0.971664101650069
A90S,0.370825658999803
A90T,1.7812489099497
A90V,1.2819049971762
A90W,2.22661009606266
A90Y,0.517253308325178
T91A,-0.0831832811349946
T91C,-1.83027570946843
T91D,0.616549737769812
T91E,-0.357546294623872
T91F,0.521181536875468
T91G,0.797747796709033
T91H,1.04413788460307
T91I,-0.318006019185177
T91K,-0.600151142224796
T91L,0.134142886737316
T91M,0.600171259314434
T91N,0.44675729007582
T91P,0.493866548091729
T91Q,-0.613055602820768
T91R,-1.18088554177899
T91S,1.69710292117965
T91V,0.981785321691357
T91W,1.69183775766208
T91Y,1.00598611949241
R92A,-1.19628333518447
R92C,0.237054830029887
R92D,-0.120097258418423
R92E,0.752139169890321
R92F,0.950638943852442
R92G,0.0818223785933702
R92H,0.190020752915385
R92I,1.06392045892693
R92K,-0.00732492723639636
R92L,-0.985134289021025
R92M,0.0649698839675544
R92N,0.355478305605474
R92P,-0.0674276616391631
R92Q,-0.875757332931772
R92S,-1.73581062470048
R92T,1.42533077846502
R92V,0.881822265787909
R92W,1.93053983803604
R92Y,-0.982856689718949
R93A,0.985550935829109
R93C,1.24477545399547
R93D,1.04964777402174
R93E,1.96257547955475
R93F,0.18071419896106
R93G,-0.967416945122576
R93H,1.18372171351838
R93I,-0.174618082352493
R93K,0.0528356533917246
R93L,0.282048384853954
R93M,-0.0515622455940995
R93N,0.707583574566172
R93P,-1.96567893567922
R93Q,9.159337254684
R93S,-0.16162394837834
R93T,-0.331994362435476
R93V,0.055774237178745
R93W,-0.45194581485046
R93Y,-0.227672324221247
I94A,-0.191804592333544
I94C,1.64229632012289
I94D,0.292527360330379
I94E,-0.327343593340568
I94F,0.425867266837128
I94G,-0.294222381964903
I94H,1.064632838694
I94K,-1.26765193960101
I94L,1.96559191866315
I94M,-0.876020635035219
I94N,-0.399536208592374
I94P,-0.204451975424719
I94Q,0.519175022850909
I94R,0.767756758825559
I94S,-0.492482049164702
I94T,1.11518285062229
I94V,0.471474800901656
I94W,1.73167131863124
I94Y,-0.0180268646709927
R95A,1.23939136125152
R95C,1.45446830785589
R95D,0.374228745933609
R95E,0.284362435928979
R95F,-0.636551523913505
R95G,-0.294460147941135
R95H,-0.257504421325717
R95I,1.19540860889336
R95K,0.235540251964218
R95L,0.609179131431553
R95M,0.631575680855736
R95N,-2.08700242025678
R95P,0.0278917087486448
R95Q,0.222844695781317
R95S,-0.204285405041804
R95T,-0.893176502119802
R95V,-0.784480792889107
R95W,2.97981271339113
R95Y,-0.0258729935991491
G96A,-2.70045522675056
G96C,-0.375244612782508
G96D,-1.46773916206008
G96E,2.3107969125087
G96F,3.23696981097151
G96I,-0.422286109823584
G96K,1.30940000181211
G96L,1.45473249174162
G96M,0.261549005872545
G96N,-0.492070873194165
G96P,3.47462144741173
G96Q,-0.422538229327791
G96R,2.82441192547573
G96S,0.0512473719923497
G96T,-0.0693256523032469
G96V,-0.264481454883306
G96W,4.94827208726686
G96Y,-2.268044063714
G97A,-0.819469123487851
G97C,1.98650300530486
G97D,0.937379010831536
G97E,0.378113153456819
G97F,1.80592509594179
G97H,1.34034614834862
G97I,-0.996661434508087
G97K,-0.609260897462083
G97L,1.3876549569549
G97M,-0.0693547882082056
G97N,1.04467907179287
G97P,-1.4148305717048
G97Q,4.24856426455116
G97R,-1.59164080838934
G97S,0.502502801717623
G97T,-0.66894086509577
G97V,1.34072714836252
G97W,-1.14906549873361
G97Y,2.76494776112701
D98A,0.113949866917784
D98C,0.457133558572261
D98E,0.287292435014571
D98F,-0.109880203269786
D98G,-0.19510933516882
D98H,-1.13671191495032
D98I,-0.823404277155877
D98K,0.971976153663244
D98L,1.26031344539953
D98M,-1.71741683048351
D98N,-0.348946868571112
D98P,1.56373528640267
D98Q,-0.253906013157333
D98R,-0.824981027082239
D98S,0.411822877695389
D98T,0.201629008204978
D98V,-1.33477659031962
D98W,-0.163533909479259
D98Y,0.0142736993069964
G99A,-0.660368389564647
G99C,0.433167312138068
G99D,1.11489395119313
G99E,-1.13072946050251
G99F,1.24867347976589
G99H,-1.77574865821987
G99I,0.0969174399531568
G99K,2.43288575035627
G99L,0.780209607846423
G99M,-0.80214447674118
G99N,1.29808801327793
G99Q,-0.667844911796417
G99R,-1.14138415237649
G99S,-1.25199070171842
G99T,0.110430187086005
G99V,-0.223345923479175
G99W,1.59920174846461
G99Y,0.639578810726105
K100A,-0.48277006327047
K100C,-0.911622416503358
K100D,-0.963896636826947
K100E,-0.533326137998001
K100F,-0.103797580121642
K100G,-1.1720022235743
K100H,1.49630199328661
K100I,1.39409799793673
K100L,0.975276426982833
K100M,-1.17295375211639
K100N,0.0406463566551529
K100P,-0.244592195733997
K100Q,-1.22956117059814
K100R,-0.592601070313976
K100S,-2.42109093015001
K100T,0.925635495055604
K100V,0.0500025294730596
K100W,-0.840688157610034
K100Y,-0.789724054528104
M101A,-0.589976542947155
M101C,-1.14731417228825
M101D,0.90437645739158
M101E,0.422402199644786
M101F,0.954186659324585
M101G,-0.255569496194402
M101H,-0.114325851250986
M101I,-0.133940239409639
M101K,0.228941222939618
M101L,1.29148424827212
M101N,1.01437993731088
M101P,-0.480087409076927
M101Q,0.0185443690490403
M101R,-1.97855391510056
M101S,-0.414611953809755
M101T,-0.363328497087889
M101V,0.0860901190608049
M101W,0.381351762798255
M101Y,-1.76009913597664
K102A,-0.950496052400679
K102C,-0.503709291957123
K102D,-1.67973144744553
K102E,-0.746691380446526
K102F,-1.50608657625153
K102G,0.0436784486492003
K102H,-0.425511634491728
K102I,0.397643755007251
K102L,-1.93175239801807
K102M,0.0533560879672679
K102N,0.668982632695356
K102P,0.533131806502711
K102Q,-0.173614789420612
K102R,1.78337830916029
K102S,-0.549049865368155
K102T,-1.03966122596059
K102V,-0.921775834589047
K102W,0.194114273515773
K102Y,0.213560097760423
D103A,-0.762038816189893
D103C,0.287056445176728
D103E,3.12074574566573
D103F,1.33774012698423
D103G,0.850847765235997
D103H,0.822541711008007
D103I,0.716044607845171
D103K,3.38414867022269
D103L,-0.170698562256946
D103M,-0.164438812448356
D103N,-2.26671774204929
D103P,0.181261500548789
D103Q,-0.257593750969384
D103R,-0.160636908853685
D103S,0.476720410260858
D103T,-0.391273196203196
D103V,-0.402234100533367
D103W,0.52244497454306
D103Y,0.46331357240643
L104A,-1.48092176178429
L104C,0.104252325386662
L104D,-0.645819667093744
L104E,-0.864165845293021
L104F,0.691923852022841
L104G,3.54249851217617
L104H,0.892789339814173
L104I,0.992562359737895
L104K,0.743529019178083
L104M,0.128849956913761
L104N,-0.733852883934005
L104P,-1.20381694630193
L104Q,-2.2783827559882
L104R,-0.458303476697308
L104S,-0.248717893724271
L104T,1.03160491407345
L104V,0.187720340511713
L104W,0.614151751233942
L104Y,0.147522523056406
S105A,-0.131847632460495
S105C,0.883554914894131
S105D,-0.36491450259718
S105E,0.0346351004495716
S105F,-0.855063163690809
S105G,-0.171438917717139
S105H,0.738960887664814
S105I,0.0329777027096808
S105K,0.0138566016668223
S105L,0.23825803089126
S105M,0.709468469309242
S105N,1.60486147562997
S105P,-1.01039793184528
S105Q,-0.153756402203505
S105R,-0.298257772695942
S105T,1.1954070451343
S105V,0.309930554816501
S105W,0.937241188443251
S105Y,0.387209358791147
P106A,-0.5089553116979
P106C,-1.10476933346714
P106D,1.08445105477127
P106E,0.438092154417825
P106F,1.56421419020829
P106G,0.809225916947943
P106H,1.65683267965756
P106I,-0.184832353559052
P106K,-1.24577033445872
P106L,-0.665637228582524
P106M,-0.0756272162507442
P106N,1.1243230715016
P106Q,2.54595842943378
P106R,3.20372371052328
P106S,-1.93150341984349
P106T,0.702034738500857
P106V,-0.136227063528995
P106W,-0.460856035837076
P106Y,0.587611505204866
R107A,-0.0369880087889363
R107C,0.58314201094448
R107D,-0.539050238484694
R107E,-0.136999761932773
R107F,1.00451048699723
R107G,-0.620265626633406
R107H,0.665822473434919
R107I,0.1644295340717
R107K,-2.12403633970637
R107L,0.0170983762511195
R107M,1.17062636323912
R107N,-0.476137975609703
R107P,1.32404480105773
R107Q,-0.0287501364186816
R107S,0.738130930497965
R107T,-0.166100960086927
R107V,-0.757774162239229
R107W,0.324879063828239
R107Y,-0.0238045837810654
W108A,-0.25398156221552
W108C,2.17703484281758
W108D,-0.994747391724215
W108E,0.500947388277954
W108F,-0.219407515885726
W108G,0.353700803271142
W108H,-0.0233346672617736
W108I,0.0191979898066178
W108K,-0.517348749755118
W108L,-0.641089631061899
W108M,2.68440768783177
W108N,-1.27133561444538
W108P,1.78081496091419
W108Q,-0.406820301926892
W108R,2.10606361874187
W108S,0.23422849711621
W108T,-0.621307812893721
W108V,-0.194246149179066
W108Y,0.83912452059842
Y109A,2.23088272757019
Y109C,0.274437699401283
Y109D,-2.37844421153447
Y109E,0.198876296840563
Y109F,0.627791107629173
Y109G,1.14552192473159
Y109H,-0.668053572156184
Y109I,-1.32992024118772
Y109K,-0.716924555406933
Y109L,0.236304532965863
Y109M,-0.0837483850564541
Y109N,-1.62902074734654
Y109P,0.569400707423866
Y109Q,-1.05906255734451
Y109R,6.40564664719488
Y109S,-0.0726069746221219
Y109T,0.180996541433357
Y109V,-0.0459948449620999
Y109W,-1.2339895766647
F110A,1.80112351060414
F110C,2.78333353485413
F110D,-0.044603379347616
F110E,2.64693476185197
F110G,0.570996970315351
F110H,1.11099283366773
F110I,0.174241763236785
F110K,3.17458554730917
F110L,1.59585050953354
F110M,-0.104543416681785
F110N,2.34182202857158
F110P,2.29093671518234
F110Q,2.92224802617244
F110R,2.75093282822776
F110S,3.11865604493824
F110T,0.365585101960178
F110V,1.77408624863017
F110W,-0.0417603610145879
F110Y,-0.63693797828229
Y111A,4.21538406667669
Y111C,3.18185610506908
Y111D,1.24031660890202
Y111E,-0.827759554234394
Y111F,0.630512321464857
Y111G,0.521181536875468
Y111H,-0.139459511348343
Y111I,1.16842658219884
Y111K,6.07339809720111
Y111L,0.364888043904495
Y111M,-0.52801096215216
Y111N,0.119875189189145
Y111P,1.45565578861387
Y111Q,1.38392957238768
Y111R,1.76141085767497
Y111S,0.656939960499447
Y111T,1.43280111757679
Y111V,1.17686913491976
Y111W,0.715019305584239
Y112A,-1.03978638857151
Y112C,-3.08759617041274
Y112D,-0.225881554578254
Y112E,1.36248019576835
Y112F,-0.437887908629477
Y112G,1.3631237448231
Y112H,0.96765471747887
Y112I,-0.820808784946076
Y112K,2.14319153841582
Y112L,-0.161029347000122
Y112M,0.820861216142361
Y112N,0.926750997512704
Y112P,2.24028549830332
Y112Q,2.05966438640942
Y112R,-0.41720243471205
Y112S,-1.10354758902077
Y112T,0.374551297171498
Y112V,-0.103128544881175
Y112W,1.1832091695628
L113A,0.577317668336551
L113C,0.600899099047666
L113D,0.353962462314344
L113E,-0.589218696924459
L113F,-0.0502436019969325
L113G,0.101614745455893
L113H,0.243105332286078
L113I,0.527970685689893
L113K,1.59301380983525
L113M,0.499956392868747
L113N,2.1473297307675
L113P,1.26789370159114
L113Q,-0.758791462599809
L113R,1.86996219565503
L113S,0.199355476420005
L113T,0.565128298039241
L113V,0.0349635657636449
L113W,-0.0573774746583099
L113Y,-0.355752210998275
G114A,1.09153418244021
G114C,1.0047325223185
G114D,-0.879651391523008
G114E,0.791990756923911
G114F,0.625196540253825
G114H,-0.278427227487673
G114I,-0.769728597826847
G114K,1.27350007674771
G114L,0.925787586295592
G114M,-0.866512805161161
G114N,-0.373849937188326
G114P,-0.0765218628508273
G114Q,3.11486745710629
G114R,0.560240393535884
G114S,-0.0687566873354071
G114T,0.608277783749385
G114V,1.99165136034483
G114W,1.04586698980878
G114Y,1.22640380312909
T115A,0.743896580744781
T115C,0.395285139510314
T115D,0.172108524003367
T115E,0.0585055569294667
T115F,0.98068904836407
T115G,0.525912907401013
T115H,0.736163431828899
T115I,0.311504067272997
T115K,-1.2709815590765
T115L,-0.213599628063914
T115M,0.258859125860714
T115N,1.63895426380179
T115P,0.590638910945747
T115Q,1.09325346269961
T115R,0.837511987458289
T115S,0.689171716756121
T115V,0.41316577115304
T115W,0.325549011468969
T115Y,1.35923966949623
G116A,3.39397273018895
G116C,-0.0240530002591276
G116D,-0.142070143075368
G116E,-0.753778648996993
G116F,1.47783658022428
G116H,2.19499720443009
G116I,3.28812741842289
G116K,2.81628345510912
G116L,2.09725720122954
G116M,1.93558568063715
G116N,0.560118526895193
G116P,1.04291223577922
G116Q,4.51071974301437
G116R,1.61521176172393
G116S,2.61239857203843
G116T,2.27840688729939
G116V,0.980267806756527
G116W,0.310034978007059
G116Y,0.586101424923686
P117A,0.172590968128137
P117C,0.629747314357787
P117D,-0.70932052167252
P117E,-0.151600878229693
P117F,-1.00194907203605
P117G,-0.386925517911309
P117H,2.42135113671119
P117I,0.220684050047963
P117K,-0.332605601074295
P117L,0.0148793272407192
P117M,-0.690907577878538
P117N,-0.0611773822495719
P117Q,0.934547831741719
P117R,0.109928379306336
P117S,-0.357164084943123
P117T,-0.0397940402656289
P117V,0.789015388689607
P117W,-0.94632707322831
P117Y,0.579474133727979
E118A,-0.687413146620807
E118C,1.51187585987994
E118D,1.36071751338155
E118F,1.35193279392756
E118G,1.08370373824747
E118H,1.39272441417044
E118I,1.80807139439007
E118K,1.06710941777883
E118L,1.78931164782132
E118M,-0.174401599144545
E118N,-0.604317834794635
E118P,1.18786072725899
E118Q,-1.05893985776134
E118R,-0.568141584764319
E118S,0.27502664049432
E118T,0.281720669678346
E118V,-2.19085710756155
E118W,1.37422383546523
E118Y,-1.29010122544278
A119C,-0.104970915317023
A119D,0.42443166116682
A119E,1.43929109623852
A119F,0.151382991356265
A119G,0.424976805618213
A119H,0.698808156673476
A119I,2.15003768880578
A119K,-0.663885947546863
A119L,1.01952717627202
A119M,0.903418089550274
A119N,0.704311970806147
A119P,2.29894155068511
A119Q,-0.062893902965083
A119R,0.327182526750338
A119S,1.64383321594227
A119T,0.355097257681954
A119V,-0.494697181086466
A119W,0.473634554712709
A119Y,0.162228136601431
G120A,1.132193941068
G120C,-0.498782320513306
G120D,-0.192676470335365
G120E,0.551037663256362
G120F,-0.820026435623936
G120H,-0.322104207640025
G120I,2.21134249150891
G120K,-0.544893690395991
G120L,0.167229070555366
G120M,0.191080693623911
G120N,0.836326150864444
G120P,0.225382728469414
G120Q,2.11269996524335
G120R,-0.134474142723586
G120S,0.58017354898939
G120T,1.60441286222957
G120V,-0.839865673402653
G120W,0.358780331746215
G120Y,-0.190796842412514
L121A,-2.0765965123842
L121C,-0.98357628519393
L121D,-0.358678396508517
L121E,-1.77801407780675
L121F,1.01000477859109
L121G,1.08365716031391
L121H,-0.491550218300725
L121I,0.190624141450029
L121K,0.106104494007523
L121M,0.749055083522038
L121N,0.0328201689990697
L121P,1.38631434863308
L121Q,0.479276338558628
L121R,1.09297696296815
L121S,-0.669687962805525
L121T,-0.250402654875029
L121V,-0.150891515112866
L121W,0.97206204146408
L121Y,0.730020539040338
P122A,-0.874744894169927
P122C,0.989881538104954
P122D,0.110727693690081
P122E,0.455600579954594
P122F,0.589265987671373
P122G,0.724364059065468
P122H,0.585423179399803
P122I,-0.358529208754568
P122K,-0.680840029516176
P122L,0.459338885847621
P122M,-0.344933033894179
P122N,1.74187929651945
P122Q,0.696353605086693
P122R,1.43736676106809
P122S,0.8138296901086
P122T,-1.76728648265266
P122V,2.53356423922524
P122W,0.940991235212152
P122Y,0.872646850837161
Y123A,0.00907419208396041
Y123C,-0.713339775512191
Y123D,-0.890004825451882
Y123E,-0.0369227092538838
Y123F,-1.47884356971389
Y123G,0.664016546735456
Y123H,0.514107106257623
Y123I,-0.689082444645967
Y123K,-0.533807271194705
Y123L,0.17276605786206
Y123M,-0.0634690661601457
Y123N,0.678754670920241
Y123P,-0.524859194138155
Y123Q,-0.439395302736029
Y123R,0.643899434869372
Y123S,0.758910809928994
Y123T,1.02663421498534
Y123V,0.33183007957773
Y123W,1.90132112840849
G124A,0.0255167372101911
G124C,-0.769537070866208
G124D,-0.0303122659079465
G124E,-0.0488007411194694
G124F,1.0158384635559
G124H,0.527982756704975
G124I,0.984370077474191
G124K,0.491865231091212
G124L,0.346420992072345
G124M,-0.174668836652373
G124N,1.99645629985696
G124P,-0.298187698075492
G124Q,1.19396365772017
G124R,-1.16199925414858
G124S,-0.476372139799352
G124T,2.80330225213967
G124V,0.106667596072336
G124W,-0.532924989868893
G124Y,0.28310250743264
A125C,0.357291729055345
A125D,-0.105768427856339
A125E,0.91393195988886
A125F,1.12939533766539
A125G,-0.819741547836021
A125H,0.532020597589499
A125I,-0.299514161139867
A125K,-0.296382880642153
A125L,-1.05045227797561
A125M,0.767623064865354
A125N,-0.804732268207119
A125P,0.437221971353226
A125Q,0.73251089752548
A125R,0.905245939020614
A125S,-2.11653852187301
A125T,2.2562889156438
A125V,0.753068469927593
A125W,6.5968377487357
A125Y,2.09967905702379
N126A,-0.179256375494842
N126C,1.58485259547059
N126D,1.03343976501283
N126E,-0.645069192244716
N126F,0.644957213939258
N126G,0.894501772444356
N126H,-0.632018168138161
N126I,0.209398606384467
N126K,-1.57666552989869
N126L,-0.373527806623209
N126M,-0.674586189032294
N126P,1.89438161059213
N126Q,0.573503816229259
N126R,-0.141726742665532
N126S,1.11966753406025
N126T,0.525249060458974
N126V,1.40160781130425
N126W,0.206991560331157
N126Y,0.523873047310352
K127A,2.03620028739508
K127C,0.505226964907907
K127D,-1.43518554974625
K127E,-0.647135251034455
K127F,-0.173924459933204
K127G,0.553019994582017
K127H,-1.52583891555983
K127I,0.674023117184208
K127L,-1.34765787707796
K127M,2.03595693133127
K127N,0.141773210496635
K127P,0.14668511447031
K127Q,2.99957053140441
K127R,-1.12619489264324
K127S,0.0247304509993282
K127T,-0.66222876494625
K127V,-0.00721692892211356
K127W,-0.578252002039534
K127Y,-0.848214703579538
D128A,0.438278713766022
D128C,0.197013541783457
D128E,0.550532989880284
D128F,0.667777526019822
D128G,1.9917923743912
D128H,-2.26671774204929
D128I,0.119303816778208
D128K,-0.039731666090694
D128L,0.442161880043769
D128M,2.43821394422432
D128N,-0.880921291259652
D128P,-0.0918196225262893
D128Q,-1.13117420527655
D128R,-0.524015526270351
D128S,-1.89086947518857
D128T,-1.04403844337324
D128V,-0.281275569836328
D128W,0.757098915419205
D128Y,0.675867455316919
G129A,0.224896565352413
G129C,-0.475670268145577
G129D,-1.24023068757639
G129E,-0.13831028265777
G129F,0.592814605518017
G129H,-1.23022822419628
G129I,1.32836445816801
G129K,-0.590942643580278
G129L,-0.416881053085541
G129M,0.205978656977532
G129N,-0.174510536777884
G129P,-0.42856084738633
G129Q,-0.122932605447311
G129R,-0.209751777189269
G129S,-0.371610310786342
G129T,0.766761368481597
G129V,1.01784093181694
G129W,2.16486378775493
G129Y,0.902650913793822
I130A,-0.618789041311833
I130C,1.47653796969794
I130D,1.62377283521383
I130E,1.37009288861404
I130F,-0.349892027255657
I130G,4.19347819597086
I130H,1.93168453117558
I130K,1.41775535999661
I130L,-0.820045572828849
I130M,-0.29650952746245
I130N,0.0612565833536839
I130P,3.48074810484172
I130Q,1.5565789027041
I130R,1.38215112494027
I130S,0.119440737079453
I130T,-0.301652263954461
I130V,0.941657550559955
I130W,1.16009979184437
I130Y,0.0545198067053504
I131A,-0.476491051012832
I131C,2.11363649378959
I131D,1.37903527063017
I131E,0.945069374202183
I131F,-0.0394001223788579
I131G,1.46610371820316
I131H,1.68825872557371
I131K,0.0178807405894185
I131L,-1.40144765679797
I131M,-1.07443554943121
I131N,0.691354052106608
I131P,1.72854067692455
I131Q,-0.213881755567021
I131R,1.14054318136563
I131S,-0.824374942589221
I131T,1.2110691768683
I131V,1.32771230138988
I131W,-0.557193012662481
I131Y,-0.480632455393417
W132A,2.61589129953182
W132C,0.72672521753861
W132D,1.84060670490511
W132E,0.984336807666572
W132F,-0.347452764199367
W132G,2.11608070032465
W132H,1.07763552402824
W132I,2.87541785405146
W132K,2.98999165277809
W132L,0.689427653064716
W132M,-0.368479256949505
W132N,3.30482427707643
W132P,3.44041508659761
W132Q,2.39065157182331
W132R,2.2483144170418
W132S,2.74079734207353
W132T,2.85645170183486
W132V,0.967012674127046
W132Y,-0.756418009588384
V133A,-0.00983009138289981
V133C,3.27679504629064
V133D,0.498176490401615
V133E,1.58556693836227
V133F,2.24593053582857
V133G,2.80851703716974
V133H,-0.00177324544711454
V133I,-0.776810360032551
V133K,4.43953276732921
V133L,0.232890062652768
V133M,0.303296255155597
V133N,0.622314247328402
V133P,5.00612397321061
V133Q,0.607974929725444
V133R,0.914040989701177
V133S,-0.551491482568492
V133T,-0.452745323159756
V133W,1.73911374543839
V133Y,2.11731873872521
A134C,0.360722787378372
A134D,-0.782492416193589
A134E,-0.17252589288452
A134F,-0.311975938095506
A134G,-0.124311938725368
A134H,1.09318354603461
A134I,0.0611101203169781
A134K,-1.81097767561539
A134L,1.467629012731
A134M,-0.693798603788912
A134N,0.902185804551088
A134P,4.4326867790398
A134Q,-0.168649622814876
A134R,-0.420755199250773
A134S,-2.17982091582173
A134T,-0.734823919444125
A134V,0.0973811061021959
A134W,-0.348366606825302
A134Y,0.0972772686197167
T135A,1.44865479729001
T135C,-1.67942479495921
T135D,-1.8383321151133
T135E,-0.173854932015607
T135F,0.236574620894417
T135G,-1.12240833835014
T135H,-1.03284914761918
T135I,-0.100002239433585
T135K,-0.583521343771173
T135L,0.0545198067053504
T135M,-0.225222822207247
T135N,-0.643146674139454
T135P,1.02602063858929
T135Q,-1.02415569197001
T135R,0.417033427471948
T135S,-1.02419280534776
T135V,0.293774074767906
T135W,-0.133710688101613
T135Y,2.41903743522526
E136A,1.54095240609526
E136C,0.131334518709819
E136D,0.474430891573628
E136F,-1.14506068702079
E136G,1.93974563288448
E136H,0.951546137954758
E136I,-0.280640570986566
E136K,-0.763499996960683
E136L,-0.583494963894602
E136M,0.898262358163925
E136N,-1.00967972694686
E136P,0.561907102635386
E136Q,-0.416483653948285
E136R,-2.56667165709832
E136S,-1.02988591225178
E136T,-0.457092435669186
E136V,0.874084919141296
E136W,0.538645847877284
E136Y,0.725836163797861
G137A,-1.04865314903741
G137C,-0.431051397821269
G137D,-0.131613980264568
G137E,-0.994906081139004
G137F,0.818498674657609
G137H,-0.51044415281858
G137I,1.35203570863043
G137K,-1.12198774262639
G137L,1.49768222345879
G137M,0.60171319458958
G137N,1.12007948606693
G137P,1.0456153161127
G137Q,-1.42806545668021
G137R,2.42115095579261
G137S,-0.19079124520989
G137T,0.816452977646723
G137V,-1.06099101230442
G137W,-0.248835342160226
G137Y,-0.229333808031094
A138C,0.411665698250546
A138D,0.0424945579728362
A138E,2.11440463418002
A138F,0.466689878984552
A138G,0.815259439282736
A138H,-0.087535234116748
A138I,0.282766909057999
A138K,0.693037915091282
A138L,-1.02905959003374
A138M,-0.72963848399059
A138N,-0.720923110582064
A138P,1.3083398137139
A138Q,0.768213573146128
A138R,0.450591961857588
A138S,-0.70742789675389
A138T,-1.47884356971389
A138V,0.0884975057919763
A138W,1.56502489337819
A138Y,0.925004890796351
L139A,0.173870527294383
L139C,0.986146530489741
L139D,0.204971668626061
L139E,0.115541018554819
L139F,-0.365879975635198
L139G,3.18124741666779
L139H,1.29153060837886
L139I,-0.322007736958398
L139K,-0.557019371930284
L139M,0.436340019783643
L139N,-0.517806380280565
L139P,-0.261884018910979
L139Q,-0.185596262700712
L139R,-0.0822968800359691
L139S,-1.88612861278047
L139T,0.692038356879419
L139V,0.600958753474252
L139W,-0.10703726639891
L139Y,-0.665286476777762
N140A,0.0655565675933663
N140C,0.87068798981538
N140D,-0.318909936112186
N140E,0.0565117228327575
N140F,1.90906558089671
N140G,0.418125303911593
N140H,-0.257799331413814
N140I,1.32165014994496
N140K,1.10739458265718
N140L,0.383337326773209
N140M,-0.505158187639761
N140P,0.570377871471917
N140Q,-0.293001601083953
N140R,-1.49129064530229
N140S,0.0254589421637094
N140T,0.41257246992807
N140V,1.93337266545908
N140W,0.2919672728371
N140Y,0.321974710877179
T141A,1.08951629066919
T141C,0.970930309047483
T141D,-0.815667286809995
T141E,-1.07292502445046
T141F,0.330593812794403
T141G,0.63484259315557
T141H,1.6286419581617
T141I,-0.167775607751912
T141K,-0.502568363553892
T141L,-0.457895851104226
T141M,-0.718971286384765
T141N,0.23873487501585
T141P,1.01223456080699
T141Q,-0.894682583923359
T141R,0.32769433705224
T141S,3.27158629633525
T141V,-0.00616648251251115
T141W,-0.0498216640228476
T141Y,0.588442314925354
P142A,0.171937369917743
P142C,-0.906204785421908
P142D,-0.378756891457681
P142E,-1.07850454505247
P142F,0.571517459282775
P142G,-0.948727246829155
P142H,-0.680773776351445
P142I,1.35336689267667
P142K,-1.66921585868719
P142L,0.949186104093053
P142M,1.63835105153372
P142N,-1.2838978350524
P142Q,0.795516201979259
P142R,-0.170247982365778
P142S,-0.792863487199709
P142T,-1.53460710094567
P142V,-0.675161923398065
P142W,1.07482405020763
P142Y,1.02974091482289
K143A,0.0115386446206249
K143C,-0.0254926521116548
K143D,0.661050320579383
K143E,-0.512825858627022
K143F,-0.799760125570385
K143G,-0.68612976717802
K143H,0.0576752818464996
K143I,0.650144580059553
K143L,0.12917128235431
K143M,-0.402902756221604
K143N,0.103138119891958
K143P,1.16242975267003
K143Q,-1.10867379380901
K143R,2.18197110076077
K143S,-0.242476880230713
K143T,-0.46494618423417
K143V,-0.603110080123326
K143W,-0.353969454005553
K143Y,-1.27364202743611
D144A,0.731325583007608
D144C,-0.266644637943588
D144E,-1.38145517191261
D144F,-1.1497947320072
D144G,0.333585406273311
D144H,1.28081163740564
D144I,0.832175793004366
D144K,0.617875213297253
D144L,-0.301712059922169
D144M,-0.192479496980184
D144N,-0.383367223561212
D144P,-0.982638969906564
D144Q,-0.21121344435363
D144R,0.113875603420147
D144S,0.311537121025473
D144T,-2.19642738570872
D144V,0.29387385077282
D144W,1.79983916186345
D144Y,-0.247961418133245
H145A,1.16681059601704
H145C,1.12360338485643
H145D,-0.506165056207034
H145E,-0.367508116327464
H145F,-0.514515645435008
H145G,-0.540763692054493
H145I,1.04094041545374
H145K,0.769010862665347
H145L,-0.846462211419862
H145M,-1.35223318056512
H145N,-0.327243223460583
H145P,-1.30670271972304
H145Q,0.0765331321966101
H145R,-0.604492479729614
H145S,0.86863321836985
H145T,-0.40046736239346
H145V,-0.0247269817294428
H145W,-0.374119961094145
H145Y,0.940720578116805
I146A,-0.715266446106876
I146C,-0.911196386924417
I146D,-3.08759617041274
I146E,-0.197683547109478
I146F,-1.71809924454263
I146G,-0.340846676400476
I146H,1.53232101407514
I146K,0.252016184393211
I146L,-0.182888113618581
I146M,-0.1092640745882
I146N,1.1757863034423
I146P,-0.541050979455074
I146Q,1.69234988645362
I146R,3.01476016025195
I146S,-1.5598452484959
I146T,0.75960388761961
I146V,1.2893388999747
I146W,-1.37882328097063
I146Y,0.939953945569011
G147A,-0.37723810423849
G147C,0.963324606243641
G147D,-1.14546331111943
G147E,3.54055692407402
G147F,0.161120172729794
G147H,-0.965247667265863
G147I,-0.499981564376128
G147K,0.0499595316339384
G147L,-0.867972400736222
G147M,-0.178090214777511
G147N,-0.397627212039302
G147P,-0.321475719377511
G147Q,0.189984550990376
G147R,0.211509503981534
G147S,1.14095514283483
G147T,-0.532084457510375
G147V,-1.28752295662019
G147W,1.32894407733245
G147Y,-1.04250548440008
T148A,1.42042425130655
T148C,2.86892762913228
T148D,1.63076085518558
T148E,-1.28402457235561
T148F,1.44695691576425
T148G,-0.297961718171846
T148H,-1.72797147235056
T148I,-0.358425615847387
T148K,-0.519800866953952
T148L,1.28238444129384
T148M,0.124676638352988
T148N,0.225188378961906
T148P,-0.0175395091255945
T148Q,0.384558218212492
T148R,0.511631521624656
T148S,0.593942928280552
T148V,-0.021848945948464
T148W,0.0806189386146129
T148Y,-0.882357366035683
R149A,0.773188474573973
R149C,0.450264073358516
R149D,0.064884225850666
R149E,0.191662372440329
R149F,-0.516001644841081
R149G,3.17696202297931
R149H,0.232992604855403
R149I,0.180408311861875
R149K,1.76987125454443
R149L,-0.551850472114248
R149M,0.905005319877229
R149N,0.775664308145083
R149P,0.0174977819009874
R149Q,-0.586217098002328
R149S,-1.35875745539639
R149T,0.34614115344212
R149V,0.56754340121621
R149W,-0.67413336269125
R149Y,0.414708173476688
N150A,-1.15770254250956
N150C,0.281720669678346
N150D,0.302145595552041
N150E,-0.348100252658223
N150F,-0.181013171557179
N150G,0.164498819763336
N150H,-0.615477120166452
N150I,0.679908218301228
N150K,1.58425119111343
N150L,-1.15503731175136
N150M,-0.56826671671102
N150P,-1.71367708942519
N150Q,-0.178263642886283
N150R,0.261201903351434
N150S,0.34826975021346
N150T,-1.02886947239126
N150V,-1.54154675987017
N150W,-0.744718395479484
N150Y,-0.602231581413358
P151A,-1.1642809890322
P151C,-0.0721359927533251
P151D,-0.901453015027269
P151E,0.034703730119958
P151F,1.11593743102071
P151G,-1.65152936837849
P151H,0.634739092662905
P151I,-0.578712499152851
P151K,-1.5151341510017
P151L,0.750232954803075
P151M,-0.0198936557184814
P151N,0.120632207238095
P151Q,-0.569946714573065
P151R,0.185509230194557
P151S,0.630018523241083
P151T,-0.34849749315998
P151V,-0.10004003389514
P151W,0.217685706822762
P151Y,2.74286963184095
A152C,0.0264171890252697
A152D,1.20846809397309
A152E,-0.155457375280592
A152F,-0.972023695022168
A152G,0.125797607497739
A152H,-0.832007288690775
A152I,0.295191459346428
A152K,0.36721123863257
A152L,-0.832317458649542
A152M,0.917795677827322
A152N,-1.09454572151422
A152P,-0.483902949222891
A152Q,-0.605401415593747
A152R,-1.11320841352117
A152S,1.43574366184026
A152T,-0.796868459248071
A152V,0.124008067152604
A152W,-0.572051270136167
A152Y,3.71285318774936
N153A,0.508118497269572
N153C,-0.587670759694446
N153D,-0.339813425876775
N153E,-0.564493572341715
N153F,-0.0129721992839248
N153G,1.13241500898887
N153H,0.220892886886724
N153I,0.654689557312629
N153K,-0.827636370176043
N153L,0.0682762916503706
N153M,2.34725433976045
N153P,-2.90150425625159
N153Q,-0.644622964654872
N153R,2.29843958998992
N153S,-1.12120867933343
N153T,0.370489669759938
N153V,0.145878586874162
N153W,0.429984228082338
N153Y,1.17161092159821
N154A,-0.259370016711278
N154C,-0.288835356254662
N154D,-0.0584914008655364
N154E,-0.438863710607197
N154F,0.568452750219895
N154G,-1.94921513188662
N154H,0.773019251296727
N154I,-2.2399239533784
N154K,0.0543725268898528
N154L,-1.17099589445868
N154M,0.0547136170629866
N154P,-2.22645921407746
N154Q,-0.200522639549649
N154R,3.39841399829094
N154S,0.559533846958975
N154T,0.270780357557147
N154V,3.50892695752451
N154W,0.656173446338362
N154Y,1.22410519725951
A155C,-0.965786527257949
A155D,0.333474439494591
A155E,-0.446393112507397
A155F,0.498206401962501
A155G,0.838038991539364
A155H,3.3996369023303
A155I,-0.86739603140092
A155K,0.768013656115139
A155L,-0.330379980090494
A155M,-0.740785192447226
A155N,0.195199547718952
A155P,0.134763390814649
A155Q,0.111767498106456
A155R,-0.165371027453149
A155S,0.65094741207622
A155T,1.84845245200601
A155V,0.778231407020325
A155W,0.709297742625382
A155Y,-0.653930577864588
A156C,0.606707381225606
A156D,-0.21952340994453
A156E,-0.768179421060776
A156F,-0.884390052024794
A156G,0.287055208695159
A156H,-0.889219553422766
A156I,0.585254409184443
A156K,0.720145917992611
A156L,-0.741916129864525
A156M,-0.577416433805067
A156N,-0.147252815072188
A156P,-0.701227917612805
A156Q,-1.21032454839771
A156R,5.41086723442047
A156S,-0.854001041795672
A156T,0.264364088093491
A156V,-0.24951074612621
A156W,-0.734588240384165
A156Y,-1.72539292420902
I157A,-1.06770611808922
I157C,0.203475796237486
I157D,-0.633690913291883
I157E,-0.155293783137465
I157F,-1.66308425332556
I157G,-2.15294798505119
I157H,1.51507247945659
I157K,-0.35492202930526
I157L,-0.0912234722761179
I157M,0.0186369464836168
I157N,-0.237233630881372
I157P,0.805221072744144
I157Q,-0.850626359411362
I157R,-0.208868567424404
I157S,-0.193519690728024
I157T,-0.361211748835839
I157V,1.68266144694762
I157W,-1.30209786896112
I157Y,0.557445351761626
V158A,0.874626871034561
V158C,-0.237485556301899
V158D,-0.0814295495515674
V158E,-0.702393666348923
V158F,0.897166245350626
V158G,0.83471343941278
V158H,-0.396418696806578
V158I,1.35285482914528
V158K,-0.493371321159912
V158L,-0.873186604862866
V158M,0.640661834754494
V158N,-2.27064797446927
V158P,0.226698092264213
V158Q,0.669018857649988
V158R,0.697789941575483
V158S,0.517343843678995
V158T,2.20088927913964
V158W,-0.488624365658203
V158Y,-1.22763814966469
L159A,0.816487630364749
L159C,0.737632396182158
L159D,-0.0406659075579718
L159E,2.78561642387007
L159F,-0.651941878182607
L159G,0.270920437907156
L159H,1.68040501818527
L159I,-0.106659667507013
L159K,0.684217822595795
L159M,-0.626828291834071
L159N,0.614685277135917
L159P,1.07029432280651
L159Q,-1.01867809625039
L159R,-0.347366714653127
L159S,0.976633885906321
L159T,0.653426844227598
L159V,-0.0011892197569167
L159W,-0.38876894828294
L159Y,0.369958456451643
Q160A,-0.337042278069015
Q160C,1.13894904296207
Q160D,-0.45536257566962
Q160E,-0.17837485876249
Q160F,0.0938288494063663
Q160G,-0.475917912877025
Q160H,-0.451625012092029
Q160I,-0.213066053559875
Q160K,-0.758201854306843
Q160L,-0.190660979322086
Q160M,0.168571245436703
Q160N,0.259184592759714
Q160P,2.3728897516908
Q160R,0.411090457587652
Q160S,-1.03058066694018
Q160T,-0.247120794844042
Q160V,-0.376978297818632
Q160W,-0.190021417222459
Q160Y,-1.26687589204261
L161A,-0.862906943039923
L161C,0.384380194654996
L161D,-0.835995702815392
L161E,-0.555740446345766
L161F,0.082569679797376
L161G,-0.971210104802554
L161H,0.00308773156794402
L161I,0.957437754780276
L161K,0.879296729748042
L161M,-0.900311833726023
L161N,-0.999070973796206
L161P,-0.966833364183593
L161Q,-0.858053661607868
L161R,0.950117236804446
L161S,-0.168560372974999
L161T,0.594540834800294
L161V,-1.28872048490183
L161W,0.391472833664114
L161Y,0.902457736319234
P162A,0.767883098941269
P162C,-0.574985058624223
P162D,-0.268397809491888
P162E,-0.435435723948007
P162F,-0.320788028670511
P162G,1.02814568270801
P162H,-0.628641945237311
P162I,0.369684521822195
P162K,-0.460779832313719
P162L,0.189172742900864
P162M,1.48380784925341
P162N,-0.321932585474851
P162Q,0.400250526310343
P162R,-0.779901071174684
P162S,1.0378196438458
P162T,0.0922657382934914
P162V,-0.293415475982178
P162W,0.0658579697692922
P162Y,-0.437208109558036
Q163A,-0.254815014926751
Q163C,0.065033785775112
Q163D,0.565497554631715
Q163E,-0.422569433416888
Q163F,2.15968903557295
Q163G,0.130618051929153
Q163H,-0.567832519562666
Q163I,-0.477572841745136
Q163K,-0.194011646732798
Q163L,-0.0145323555974596
Q163M,0.883919259598185
Q163N,-0.581406118252071
Q163P,-1.19910013111454
Q163R,-0.715967197651343
Q163S,1.59816858559352
Q163T,2.27067632399259
Q163V,-1.25313145529018
Q163W,1.04237563238774
Q163Y,0.128079419605235
G164A,-0.340469202636445
G164C,-0.381195273807487
G164D,-0.415173252332754
G164E,-0.287711170250116
G164F,-0.25599217178036
G164H,-1.66650330122145
G164I,-1.52692009514164
G164K,-0.295110695495265
G164L,0.225238093168667
G164M,-1.41605047692877
G164N,-0.352120137579545
G164P,0.266252407657235
G164Q,2.5836699552433
G164R,0.045206878645303
G164S,0.902979188611391
G164T,-0.862504735827249
G164V,0.0690234668489631
G164W,-1.03774501077267
G164Y,-1.2256085645501
T165A,0.160285139533189
T165C,-0.107138481371772
T165D,-0.153926441829373
T165E,-0.909796124805362
T165F,-1.2815091735632
T165G,-2.12688960984432
T165H,-0.900730545390307
T165I,0.731418231189067
T165K,0.881504199645112
T165L,0.0812279474997331
T165M,-0.621466699433054
T165N,-1.91757492624246
T165P,0.960797443909789
T165Q,0.507433519805683
T165R,-1.09541634384305
T165S,-2.06256415052065
T165V,0.368458211401847
T165W,-0.0211126438514219
T165Y,-0.623318257839727
T166A,0.697224198761975
T166C,1.62399187872538
T166D,1.39146175376451
T166E,0.299303466497444
T166F,1.41951701956116
T166G,0.528423556427872
T166H,-1.04683389279754
T166I,-0.435660213155047
T166K,0.302668592837602
T166L,-0.574007517288989
T166M,0.527422323225213
T166N,-0.86623850322837
T166P,0.86725303136242
T166Q,1.78343295820983
T166R,-0.143468844134706
T166S,-0.945769252854155
T166V,0.276444923144313
T166W,-1.00855248702181
T166Y,1.35422643643659
L167A,-0.743436432511033
L167C,0.22152900254089
L167D,0.807127951253994
L167E,-0.447235646285801
L167F,-0.579931394832676
L167G,-1.34743548121188
L167H,-1.00504867715214
L167I,0.934575993027231
L167K,0.453736105607154
L167M,1.56710426934477
L167N,1.13589314062671
L167P,0.813912833855374
L167Q,-0.197933220988441
L167R,-0.856018806279921
L167S,-0.117918586397075
L167T,-0.231564088190852
L167V,-0.332620528851534
L167W,-0.218662750749712
L167Y,-0.816874559111874
P168A,1.62185602235574
P168C,0.229403921972776
P168D,-0.269516460496298
P168E,-0.545847702695466
P168F,-1.15092468387726
P168G,-0.437006501319779
P168H,-0.0101394321610969
P168I,0.070983573492293
P168K,0.76801864733621
P168L,-1.01155852225931
P168M,-0.87572144886848
P168N,-0.351851067510287
P168Q,0.513662151766139
P168R,-1.07004507040383
P168S,0.47045651799593
P168T,-1.52632778439767
P168V,-0.412529941981538
P168W,0.0328939698707805
P168Y,-0.764385392306789
K169A,0.240091018379043
K169C,1.49905976982162
K169D,-0.147783977900655
K169E,0.582217943220356
K169F,-0.847335922754717
K169G,0.460336813569086
K169H,-0.713024927213298
K169I,0.797330469281192
K169L,-0.284627203254617
K169M,-1.42060100348636
K169N,0.246697881772504
K169P,-0.328446447371463
K169Q,1.65234025802969
K169R,2.86775981029406
K169S,-1.14114143068911
K169T,0.252500744104246
K169V,-1.03247717861505
K169W,1.28256142765523
K169Y,-0.410504864890345
G170A,-0.179382250740389
G170C,-0.898823855206479
G170D,0.0856475588153626
G170E,0.245977373040276
G170F,-1.58599464177077
G170H,-0.200910574981601
G170I,0.972099517223924
G170K,-1.32159632808611
G170L,1.39534455308048
G170M,-0.346712575365983
G170N,-0.467440115758284
G170P,-0.971815172049764
G170Q,-1.47088444637615
G170R,1.57447237509143
G170S,1.69530425515501
G170T,1.17245665063113
G170V,-0.219646830959065
G170W,0.735333828637289
G170Y,0.942310470727531
F171A,-1.08144743988787
F171C,-0.711494969821462
F171D,1.19226068407972
F171E,-2.48083211511149
F171G,-0.596565277426457
F171H,-1.36708655895251
F171I,-0.734567829647785
F171K,-0.251785205358422
F171L,-1.4981303053115
F171M,0.620666954313983
F171N,-1.7746985738868
F171P,-0.114317298232684
F171Q,-1.07822254334158
F171R,0.714658090195638
F171S,-0.588915440119946
F171T,0.196365078690042
F171V,-0.355232821385174
F171W,1.01352292212466
F171Y,-1.12721732388214
Y172A,-0.349812490970841
Y172C,0.841442688053877
Y172D,-2.37677118070776
Y172E,-0.177879684097378
Y172F,0.379067273333915
Y172G,-0.367415260698896
Y172H,-0.261708171239441
Y172I,1.07581661800711
Y172K,-0.142427182757954
Y172L,1.12905199950381
Y172M,-0.587878213579562
Y172N,0.854230531130237
Y172P,-0.00262160990654537
Y172Q,0.911993906744317
Y172R,0.185136711361107
Y172S,-0.0428434561697605
Y172T,1.65637694238302
Y172V,-0.00277408394019845
Y172W,0.728380423437982
A173C,1.66371032346748
A173D,-1.75761376999558
A173E,-0.346996258910069
A173F,-2.00705681327304
A173G,-1.42962058184577
A173H,-0.627953551470657
A173I,2.15454436857894
A173K,1.18130804462391
A173L,-1.24229641006531
A173M,0.413414919808008
A173N,-0.583976669627339
A173P,-1.49977115070983
A173Q,1.06162216443699
A173R,1.49028151333259
A173S,0.0266955801111913
A173T,0.249989834683658
A173V,-0.652020490131548
A173W,-0.553267686319667
A173Y,1.20645306267936
E174A,-0.244781192177759
E174C,0.861715248830528
E174D,-0.364811043792575
E174F,0.649653565474491
E174G,1.10771311221532
E174H,-0.970300582769959
E174I,-0.94628970900737
E174K,0.216793688810353
E174L,-1.2035710327257
E174M,-0.0841078245803504
E174N,0.198023854283614
E174P,0.122374225738285
E174Q,0.229306635547032
E174R,-0.80145719753139
E174S,1.8447788925221
E174T,0.568437929747131
E174V,0.341845731986141
E174W,0.257204764032332
E174Y,0.997279139803241
G175A,-0.298555565140483
G175C,1.18605938752524
G175D,3.06377588153046
G175E,1.03120655746269
G175F,-1.70599686604746
G175H,-2.13738464992334
G175I,-0.409151096958097
G175K,0.394909574091336
G175L,-1.34402247178538
G175M,-0.106908348427694
G175N,-1.93218477409566
G175P,-2.24035295560759
G175Q,-0.831970415802552
G175R,3.36932988265179
G175S,-1.80308909717005
G175T,-0.133093399869018
G175V,1.15085186823419
G175W,-0.925251058514084
G175Y,-0.132887639016003
S176A,-0.339114045250462
S176C,-1.82995948271542
S176D,1.08023437742222
S176E,0.345541805852669
S176F,-0.465424518520085
S176G,-1.05898906620284
S176H,1.67803045735361
S176I,1.50379478116991
S176K,0.243520649206389
S176L,-1.60505766212854
S176M,-0.397701510733915
S176N,-1.02929753836477
S176P,-0.169772393731118
S176Q,1.66107964957308
S176R,0.802702047435
S176T,-0.55676346908407
S176V,1.12354210570088
S176W,0.376731363126244
S176Y,0.69813785136837
R177A,-1.10259961824945
R177C,-0.0739656010723384
R177D,-1.65902062758131
R177E,-0.522328907536267
R177F,-0.229357646973173
R177G,-1.41027108160485
R177H,0.0353741694232827
R177I,-0.366394564164783
R177K,0.586249476925539
R177L,-0.809604786302744
R177M,-0.640012185045014
R177N,2.41341927987588
R177P,-0.589571614783852
R177Q,0.0389445448137596
R177S,-0.867424581991387
R177T,0.0657655475165286
R177V,0.596933333088927
R177W,5.1182058031121
R177Y,3.93533121990191
G178A,0.869473648057099
G178C,0.332976799878907
G178D,4.23166352742124
G178E,-1.30153408237038
G178F,0.184102782179996
G178H,1.05978900142819
G178I,-0.139653385508701
G178K,2.35834047981979
G178L,-0.412879389087639
G178M,1.68510847519645
G178N,0.549382905111636
G178P,0.334977414305137
G178Q,0.95297068547992
G178R,1.90637187620669
G178S,-1.27143721537785
G178T,-0.0426170655772979
G178V,0.299230074778955
G178W,-0.811162418604524
G178Y,0.882738092062096
G179A,1.56075769573267
G179C,-0.180812342813429
G179D,0.167292477755812
G179E,1.67327545800007
G179F,0.937123588180578
G179H,-0.470243980637495
G179I,-0.724113143701884
G179K,1.95919393867583
G179L,1.91493161854631
G179M,2.05128519062176
G179N,-0.759817816880811
G179P,-0.270102301168181
G179Q,-0.266642094322043
G179R,-0.585569295103681
G179S,2.08729753999648
G179T,-0.663577482103748
G179V,2.29027567707781
G179W,0.52127749004844
G179Y,-0.147983228179141
S180A,2.39766522206743
S180C,0.403249473926465
S180D,1.56787620541391
S180E,-1.50050890623355
S180F,-0.827875737633267
S180G,1.2879130156493
S180H,-0.959331396308894
S180I,0.0720513506738437
S180K,-0.447344291843136
S180L,-1.5638025016405
S180M,1.76893421068837
S180N,0.856321885532774
S180P,1.41580930133227
S180Q,0.512182737390271
S180R,-1.22855388364273
S180T,0.136878606265434
S180V,1.27675162414646
S180W,-0.427809544994133
S180Y,1.48789768604403
Q181A,-2.73258214351841
Q181C,-2.3749305930033
Q181D,0.26210455884187
Q181E,0.853134381049357
Q181F,1.51492878092384
Q181G,-0.544756701828766
Q181H,-1.87008236551651
Q181I,1.80297502878916
Q181K,-1.45136149476477
Q181L,-0.52841069151287
Q181M,0.0378411796304432
Q181N,0.550068412256265
Q181P,-0.295759980766911
Q181R,-0.123866309213726
Q181S,-1.16897822089817
Q181T,-0.972956215358166
Q181V,-0.145531695262649
Q181W,-0.401075524711203
Q181Y,0.175251902221701
A182C,0.00412741025307241
A182D,-0.822154082213201
A182E,2.64637339406867
A182F,-0.256188271761326
A182G,0.434555346145831
A182H,-0.571020796996631
A182I,-0.374144445135143
A182K,-0.155921006453728
A182L,-0.777303210038993
A182M,0.489380181664335
A182N,0.0150360950564153
A182P,3.0481387720835
A182Q,1.90928556847026
A182R,0.257914847211893
A182S,1.15841903376804
A182T,-0.583811189240296
A182V,-1.20421123838273
A182W,-1.24145661103263
A182Y,0.863746443296579
S183A,-0.696387854525545
S183C,0.484732802091878
S183D,0.349714157753502
S183E,1.41054450784637
S183F,0.265348530022313
S183G,0.277875092455725
S183H,-0.0281974133683423
S183I,-1.15829211591118
S183K,-2.18838656495596
S183L,0.237274051694275
S183M,0.165165247381397
S183N,0.62658746548231
S183P,1.44496584077396
S183Q,1.52084927848223
S183R,1.93851617226865
S183T,0.235637233498571
S183V,-0.775838109704722
S183W,2.4741189241415
S183Y,0.740816770533555
S184A,1.4095449026533
S184C,-1.21851984005679
S184D,1.86439590968299
S184E,-1.17531162938426
S184F,-0.899892240500048
S184G,-0.333201573044182
S184H,-0.187102010168934
S184I,1.16913595853114
S184K,0.590329987758387
S184L,-2.5713996998157
S184M,-0.945544521720131
S184N,3.30536367437425
S184P,1.36519950553265
S184Q,2.17377910815098
S184R,-3.25344350241756
S184T,-0.506924763996979
S184V,1.54507163218493
S184W,1.83710559725312
S184Y,-1.43768517945655
R185A,1.22410519725951
R185C,-0.333755553922768
R185D,1.08874988597061
R185E,0.402312072423844
R185F,-4.64458643982374
R185G,-0.603115139404404
R185H,1.21725550658755
R185I,0.99915222226454
R185K,2.63724262528484
R185L,-0.215327483253554
R185M,0.311549927466036
R185N,0.036171794911198
R185P,-0.554477415743283
R185Q,-1.52440936149435
R185S,-0.635387002928794
R185T,0.954388550913934
R185V,-0.727374395106546
R185W,1.09040804529639
R185Y,-2.3328205491917
S186A,-0.207041518348878
S186C,-0.980233059951209
S186D,0.906562485326468
S186E,-1.51492976787
S186F,4.92472177421876
S186G,0.143429490731144
S186H,-1.47662168554395
S186I,-0.899892240500048
S186K,1.59291027471874
S186L,0.765656863309616
S186M,-2.9268637579602
S186N,-0.770207346405496
S186P,-1.22525460131141
S186Q,0.756805609456117
S186R,-0.337442164524407
S186T,1.48495206926427
S186V,-2.63764318954335
S186W,9.159337254684
S186Y,-1.61177782011074
S187A,0.668829885763456
S187C,1.49822593466608
S187D,-1.32940903078849
S187E,1.5525982441446
S187F,0.145415309011444
S187G,1.13940178403009
S187H,0.779564330364241
S187I,-0.275092564929651
S187K,2.25435187205952
S187L,0.755163158901312
S187M,-0.0480498916437895
S187N,0.237702810440967
S187P,1.22539212503449
S187Q,0.883069501414432
S187R,-0.885621385136049
S187T,2.95759493891017
S187V,0.0558822978017106
S187W,3.83123401198669
S187Y,0.589479857043505
S188A,3.49746208548838
S188C,-0.851221796297887
S188D,1.34640263328644
S188E,0.429270604308762
S188F,-1.87817355729157
S188G,1.54600453144078
S188H,0.333541991291427
S188I,2.02622212334731
S188K,-0.384523828010539
S188L,0.270215988886051
S188M,-0.719961262228983
S188N,1.46590263543899
S188P,-0.954800412861799
S188Q,1.67256417213214
S188R,0.948924330913447
S188T,-0.0501436039102514
S188V,0.498689125743121
S188W,-0.0565796647794012
S188Y,-1.27027167229442
R189A,0.235043379106989
R189C,1.96465646652328
R189D,-0.0815058353261004
R189E,3.53286359852229
R189F,-1.02278903237574
R189G,-1.64671119262117
R189H,-1.80179908933007
R189I,0.779435457858794
R189K,0.205212215455874
R189L,0.756671719353245
R189M,0.0116848023374284
R189N,0.24919198286833
R189P,-1.19970907498058
R189Q,0.572297836919826
R189S,1.2215158822635
R189T,-1.22175042143602
R189V,0.301315992181624
R189W,-0.514664801862464
R189Y,-0.0406387945348282
S190A,-1.650917034744
S190C,0.861488456514953
S190D,0.523529206656044
S190E,0.297590654258781
S190F,-0.685987971949977
S190G,1.84337317724795
S190H,-1.04875946188677
S190I,-1.98097210457893
S190K,-0.5149323481767
S190L,-2.26671774204929
S190M,-0.498325506104963
S190N,-1.97916020356669
S190P,-1.35663154059855
S190Q,0.491568590040108
S190R,-0.224223389068162
S190T,0.936227716895359
S190V,3.0085201624606
S190W,-1.06094514015109
S190Y,-1.40696257253962
R191A,-2.25894389633062
R191C,-1.91973751126053
R191D,-0.211834427631044
R191E,-0.357340048486831
R191F,0.541030529223846
R191G,-0.989533446635546
R191H,2.41305691809978
R191I,0.822033397701461
R191K,-2.51647285987708
R191L,-0.622472166259181
R191M,0.291325727640574
R191N,0.0618744280604645
R191P,0.374902259456455
R191Q,-0.185649353605107
R191S,0.620778589848143
R191T,0.183033519499159
R191V,-0.512175513721547
R191W,1.67503345777806
R191Y,0.438049934336032
N192A,1.24768213945507
N192C,1.04036614955443
N192D,-1.25550381949288
N192E,-0.912887328420602
N192F,-0.302045933390758
N192G,-0.352732448029602
N192H,-2.76522252255836
N192I,-1.36340039380372
N192K,-0.138419148107344
N192L,0.0359639728650194
N192M,-1.10285358225266
N192P,-0.605507006840503
N192Q,-0.785679622938168
N192R,0.66438592017378
N192S,0.60476387383274
N192T,-0.387937871301747
N192V,0.790946984036194
N192W,1.44335113326892
N192Y,-0.65999199262399
S193A,0.0706399512165236
S193C,0.752118053083562
S193D,0.400171471675872
S193E,1.2367956180518
S193F,-0.611505576893048
S193G,0.0914893558417455
S193H,0.574237700920313
S193I,0.533238589019862
S193K,1.2828238295224
S193L,-0.540563431867005
S193M,-0.516756683346402
S193N,3.00285402601699
S193P,1.37302490409806
S193Q,1.23800432241988
S193R,0.318981292158364
S193T,0.584006875964504
S193V,-0.450090495681399
S193W,-2.16352208768439
S193Y,0.28483643517623
S194A,-0.354118064464777
S194C,0.642713816949054
S194D,-1.45820999762807
S194E,0.0598102410498212
S194F,0.519827088946556
S194H,1.43045258312089
S194I,-1.29688434607997
S194K,-1.29825390474695
S194L,-0.853942149927845
S194M,0.606157280161986
S194N,0.975075574388522
S194P,0.473871384076089
S194Q,-0.259247438993098
S194R,0.130916395314402
S194T,-0.614307516520086
S194V,0.247807108667143
S194W,1.76035429727953
S194Y,0.966370752624532
R195A,0.430859625358237
R195C,0.674058208543637
R195D,-0.423405473275034
R195E,-0.827147627373611
R195F,1.37107525693948
R195G,1.82324640030212
R195H,-0.353129110336323
R195I,-0.60513891023255
R195K,-0.111335483871753
R195L,0.709976411488423
R195N,0.129627792346627
R195P,0.554373094498138
R195Q,-1.43518554974625
R195S,0.32556672198039
R195T,0.0208041798679933
R195V,-0.136060646957437
R195Y,3.81376151655921
N196A,-1.62782330083778
N196C,-1.75365822814429
N196D,-0.0448189147524033
N196E,-0.179136528960626
N196F,-0.732381679905151
N196G,0.193220177292246
N196H,2.64969217014256
N196I,-0.920536929301308
N196K,1.04832418185911
N196L,-1.01670980322065
N196M,-0.140962018563647
N196P,-0.393802662470614
N196Q,0.181354945298725
N196R,-1.57999066992046
N196S,-0.18538876153713
N196T,-0.149329578478373
N196V,0.18401062495441
N196W,-1.1622899281101
N196Y,-0.435101354540432
S197A,-0.94060142006122
S197C,-1.10151597303249
S197D,1.20229200100199
S197E,-0.782266506354387
S197F,-0.331994362435476
S197G,-0.457982834279496
S197H,-1.07578247916149
S197I,0.271338278341556
S197K,0.0355257035406102
S197L,0.754164991890976
S197M,0.058390867957574
S197N,-1.54141925963699
S197P,-0.262993263765658
S197Q,-0.141784830894357
S197R,1.09116352111128
S197T,3.68186394274659
S197V,0.2863329007085
S197W,-1.02007171903098
S197Y,-1.63243977669263
T198A,0.436561005139917
T198C,0.219596696452457
T198D,-1.67115025402614
T198E,-0.532134693193413
T198F,6.37466123062642
T198G,1.0478860396935
T198H,0.934344851018314
T198I,-0.294703660312999
T198K,-0.116153443207566
T198L,-0.241074775207534
T198M,-2.07648957632044
T198N,0.223979782770673
T198P,-1.62253171278294
T198Q,-2.56105285646997
T198R,-0.444261282266646
T198S,0.551626903015935
T198V,2.09308561999275
T198W,-0.0834376038870251
T198Y,2.02877032833382
P199A,0.441193461632945
P199C,0.107087805160254
P199D,-0.201851849337898
P199E,0.734164533613185
P199F,1.07029432280651
P199G,0.433779764670717
P199H,0.769754056305847
P199I,2.42292363853163
P199K,-0.00229177867918204
P199L,-0.490079459718703
P199M,0.240684687659594
P199N,-1.27801976018995
P199Q,-0.161060428205454
P199R,-1.78669311723834
P199S,0.473270311047983
P199T,-0.255520300838213
P199V,1.31807894955717
P199W,0.349916135976248
P199Y,1.58671696262671
G200A,-0.25000853207473
G200C,-0.383358523730029
G200D,0.113448791157823
G200E,-2.05415439014348
G200F,0.196312939974335
G200H,-0.197929209095976
G200I,-1.4347140314638
G200K,-0.691805612548824
G200L,-0.57986453858395
G200M,-0.830551514547987
G200N,0.225002816863582
G200P,1.15684184086399
G200Q,0.154768042911803
G200R,0.542295822601734
G200S,0.0661618150917657
G200T,3.40439521168523
G200V,-0.332420185194353
G200W,-0.894095819012376
G200Y,1.68295444063746
S201A,0.00588620985762655
S201C,-0.45065344478516
S201D,-0.453872151069397
S201E,0.0319425679203722
S201F,3.3355746530159
S201G,1.88821301540457
S201H,-0.804483079058043
S201I,-0.567470385942033
S201K,3.60229541273592
S201L,-1.21705637788136
S201M,0.29759065425878
S201N,4.76698636372909
S201P,0.553526800034276
S201Q,-0.00470003880362572
S201R,2.1062721388298
S201T,-2.14384726970916
S201V,0.274979960066185
S201W,-0.137165110372695
S201Y,2.99039893973159
S202A,1.2733854159214
S202C,-3.44108840295218
S202D,0.844216176690666
S202E,-1.24376667062814
S202F,-1.25489982477991
S202G,-0.113781057476759
S202H,-1.04756486469557
S202I,-0.0077794557331587
S202K,-0.810027853140535
S202L,0.148191998907632
S202M,-0.0438747832157927
S202N,2.25035043601676
S202P,0.225799204433526
S202Q,0.792609450098768
S202R,3.63301569125909
S202T,0.316567076245533
S202V,0.846950222816148
S202W,0.836075132350546
S202Y,-0.937117181872788
R203A,0.174564803356238
R203C,-0.96832143152959
R203D,-1.04816814927745
R203E,-0.394043021537838
R203F,-0.773433845704967
R203G,-1.01082279323389
R203H,1.67931039081684
R203I,-0.826837902192249
R203K,-0.307914589819571
R203L,-0.25396194487841
R203M,-1.46076314864404
R203N,-0.993091372480087
R203P,-1.36854249568096
R203Q,0.872249334002634
R203S,0.686035624561213
R203T,0.455251220875979
R203V,1.9754095487137
R203W,-0.0898084322089518
R203Y,0.175908868691174
G204A,0.269434521730795
G204C,-0.831444331729138
G204D,3.2355369433733
G204E,0.63196855188431
G204F,-0.206799537240191
G204H,1.67794809240463
G204I,-1.16286766473273
G204K,-0.0970816741379793
G204L,-0.928844921870041
G204M,-0.107673020511196
G204N,0.00555852520016795
G204P,0.867408199755929
G204Q,1.13157936102374
G204R,0.720710313057458
G204S,2.09794549353229
G204T,-0.274801439152229
G204V,1.72196996599732
G204W,1.67984466548923
G204Y,0.370798293001506
T205A,-1.43767770277964
T205C,-0.406030627281577
T205D,1.54885984539861
T205E,0.71700830792898
T205F,-1.00692269442757
T205G,-0.400912759326807
T205H,0.198500895974772
T205I,1.31945948481423
T205K,-0.24960636376381
T205L,1.06661476555837
T205M,-3.29797300220537
T205N,5.22962068658299
T205P,1.67496652416064
T205Q,1.94425626411459
T205R,-0.886818327041297
T205S,-0.443642344516719
T205V,0.299176059486471
T205W,-0.647612691800283
T205Y,-0.755298832537553
S206A,-1.62651853750244
S206C,0.399477284808754
S206D,-0.229230098653974
S206E,-3.04872320930916
S206F,-0.592305728425
S206G,0.0513668421486139
S206H,-0.481261014359825
S206I,-0.979402427382498
S206K,-0.404976302916005
S206L,2.11400152656906
S206M,1.56627143819544
S206N,-1.98143015870442
S206P,0.715710106677147
S206Q,1.24778759505558
S206R,2.09647131853357
S206T,-1.66982890944991
S206V,-0.560778431742841
S206W,0.458685392075164
S206Y,0.250029762820761
P207A,3.17732600899428
P207C,-0.30318600236809
P207D,1.60033522285093
P207E,-1.51610660440171
P207F,-0.468422952615942
P207G,1.3215272629899
P207H,-0.359683650517046
P207I,-2.50543331962833
P207K,1.73477566930666
P207L,0.740816770533555
P207M,0.0851000506849908
P207N,-2.76329686594934
P207Q,-2.3749305930033
P207R,4.02321592573906
P207S,-0.801877016374921
P207T,0.579358908635284
P207V,0.986246909063575
P207W,-0.475672580555456
P207Y,0.840692910017233
A208C,0.172413689520731
A208D,-0.254258471998965
A208E,-1.43091266097056
A208F,-1.103143349562
A208G,-0.399565693616698
A208H,-2.66881663621502
A208I,-0.564747354387728
A208K,1.3734023090287
A208L,-0.971827672213846
A208M,0.206812002463988
A208N,0.2566494550365
A208P,-0.964373006597346
A208Q,-0.368616062082421
A208R,-0.954588397671675
A208S,0.559234065173817
A208T,-0.759497167947021
A208V,-0.756844346024111
A208W,-0.401809823561018
A208Y,-1.16632915475073
R209A,-0.0608973640070534
R209C,1.55336659708514
R209D,0.186678340231
R209E,0.819447015216175
R209F,2.67007630657175
R209G,2.71091125734542
R209H,1.77377740566813
R209I,2.07586186186276
R209K,2.88841261360979
R209L,-2.52945629367973
R209M,-0.0861326261539934
R209N,-0.390620755321158
R209P,-0.129799048171031
R209Q,-0.6215829729505
R209S,0.831580373195916
R209T,0.150001077940889
R209V,1.07515523053345
R209W,1.18001888473593
R209Y,0.151635805081507
M210A,0.0830436942452271
M210C,1.08185847100207
M210D,-0.549631679650358
M210E,-0.45218569122976
M210F,-0.0349125227169825
M210G,1.73061152426822
M210H,-0.337918019937388
M210I,1.83192218271183
M210K,2.2349978274714
M210L,0.856321885532774
M210N,-1.56476670792248
M210P,0.082779060156514
M210Q,-3.16827727305201
M210R,0.102602450141068
M210S,1.196232274234
M210T,-1.48889212593476
M210V,0.580832766895019
M210W,-0.35425823069746
M210Y,0.352695940650345
A211C,-0.337310883785109
A211D,0.214910393673371
A211E,-0.467380348993992
A211F,0.0787234994003977
A211G,0.481921663964199
A211H,-0.281213144848747
A211I,-0.187428365067275
A211K,-0.159659238946248
A211L,2.68502010870288
A211M,-0.432474574272714
A211N,-0.171908353916511
A211P,0.0364935651456146
A211Q,-0.426880017836134
A211R,1.65130111118263
A211S,1.1630166229063
A211T,2.4012957169387
A211V,-0.431699976253477
A211W,-1.32966220743898
A211Y,0.0783236389200218
G212A,0.598212587314465
G212C,-0.828047460436017
G212D,-0.661281290158011
G212E,1.74140850000209
G212F,0.306806657286453
G212H,-0.588853216511125
G212I,-0.415593702085227
G212K,1.28099888916754
G212L,-0.339921733720457
G212M,-0.0280460209274096
G212N,0.115012691130747
G212P,0.291275796675015
G212Q,-0.479962572756754
G212R,1.14605785512425
G212S,-1.04713588350121
G212T,0.380556741726106
G212V,0.428573345652784
G212W,0.85211925124028
G212Y,0.962473303562449
N213A,2.45887893966639
N213C,0.583307864825986
N213D,-0.798350903869511
N213E,-0.340510733605058
N213F,-0.494004788817801
N213G,0.272341971811774
N213H,1.37526274942276
N213I,0.946808004540928
N213K,-0.39473897266269
N213L,0.860230994239063
N213M,0.455051069119423
N213P,0.794252644355408
N213Q,-0.514625937122772
N213R,-0.560406884004122
N213S,-1.55691869485778
N213T,-0.304562046346724
N213V,0.101939220039272
N213W,0.0624025390554411
N213Y,-0.581410600644718
G214A,1.27139415502381
G214C,2.34192012994691
G214D,0.622425547999293
G214E,3.54604719915731
G214F,0.427132265616365
G214H,1.04287478099739
G214I,-0.495712274246448
G214K,-0.256376523232227
G214L,-0.674367804158418
G214M,0.891321984128546
G214N,-0.800816862137226
G214P,0.71259127114061
G214Q,0.912793042266883
G214R,-1.26762920147962
G214S,1.84113689738371
G214T,1.47969049575213
G214V,-0.548811044791538
G214W,-0.268301844185633
G214Y,0.739884761081835
G215A,0.279488517335952
G215C,-0.014231428654843
G215D,-0.59381340823015
G215E,-0.130659021906637
G215F,0.473973272710734
G215H,-0.823817351995094
G215I,-0.756763677841601
G215K,-0.114900540598346
G215L,0.0687436148614607
G215M,3.09824957976442
G215N,-0.411438655298138
G215P,-1.12797981862078
G215Q,0.0800671574350903
G215R,-1.06330348910242
G215S,-0.619169301951912
G215T,1.71867631693052
G215V,-0.321708084745221
G215W,-0.313682060370238
G215Y,2.26755340223084
D216A,1.14557699994333
D216C,1.01141337853457
D216E,-0.435978401252974
D216F,1.00956720453261
D216G,-1.05048245193957
D216H,-0.273411027775394
D216I,0.550334499563316
D216K,-1.32160306876868
D216L,0.529650580044691
D216M,0.0915900409597319
D216N,-0.139777631819682
D216P,1.23457243354581
D216Q,1.61134454971304
D216R,-0.86778873971531
D216S,0.543386175650888
D216T,1.59118671162973
D216V,-1.11046118392933
D216W,0.908103788685106
D216Y,-0.314591879036345
A217C,1.1175899833229
A217D,-0.0861056675194125
A217E,1.8583769773014
A217F,-0.198117975123276
A217G,-1.53612906597931
A217H,-1.66852293857798
A217I,0.724722397105348
A217K,0.623816812356934
A217L,1.11971987549831
A217M,-0.107673020511196
A217N,1.37452211773095
A217Q,-0.170987242012624
A217R,0.225573296405901
A217S,-0.212019528155631
A217T,0.10534071242028
A217V,-0.401321383801605
A217W,0.476850461432952
A217Y,-0.772523023946647
A218C,1.48011109306882
A218D,-0.791277107353245
A218E,0.965455575246853
A218F,0.713496766437303
A218G,-0.713794313587531
A218H,-0.457655076876058
A218I,0.315695123200282
A218K,-1.41179780254678
A218L,-0.275793052242438
A218M,0.917824199605219
A218N,-0.328010998157914
A218P,-1.21079751102337
A218Q,2.32992550419394
A218R,0.0675117330017238
A218S,-0.774373639914348
A218T,1.92043513026081
A218V,-0.0463041503869593
A218W,0.367352340067716
A218Y,1.69328819636655
L219A,-0.0669558353952349
L219C,0.811594122457679
L219D,1.44830806118562
L219E,-1.48261903840362
L219F,0.999240664118174
L219G,-0.531633860147714
L219H,1.14539995753933
L219I,0.923953434164342
L219K,-0.899400776095853
L219M,-0.672029666144682
L219N,-1.34155769591611
L219P,-0.862474163743028
L219Q,0.392582950603691
L219R,-0.808903424842483
L219S,0.365150540316972
L219T,-0.679184300145262
L219V,-0.802038439023096
L219W,0.73495651074814
L219Y,-0.0145177372436621
A220C,-0.592468731656841
A220D,-0.305452804232194
A220E,-0.938857114755604
A220F,1.23114263930507
A220G,1.43950187750774
A220H,0.682314342888059
A220I,1.64665744714618
A220K,-0.559022190014734
A220L,1.23939136125152
A220M,1.10244475362275
A220N,0.425274981049647
A220P,-0.465844208963761
A220Q,-0.420313175929513
A220R,0.474808093260912
A220S,-0.17987403500162
A220T,-0.149838253923629
A220V,0.904601367236731
A220W,0.438182138675799
A220Y,0.826746072385543
L221A,0.647331281341448
L221C,-0.457077128746605
L221D,-0.489686624110587
L221E,1.37585376444648
L221F,-0.907743626380506
L221G,-0.252703770346592
L221H,-0.00837502773096033
L221I,-0.183044151566869
L221K,0.540190340652893
L221M,0.0644304395055576
L221N,-0.481869935056714
L221P,2.6350535382532
L221Q,-0.261453176304349
L221R,1.37397399778027
L221S,0.325199708970461
L221T,1.55494960589913
L221V,-0.35963637837577
L221W,-1.05578524341707
L221Y,-0.148649101358699
L222A,0.225002816863581
L222C,0.667025191694635
L222D,1.35176384429629
L222E,2.47161768310484
L222F,-0.355276955997471
L222G,-1.475655002684
L222H,1.23511910296634
L222I,-0.241254269178187
L222K,-0.923871058886721
L222M,-0.0838081736416384
L222N,0.0534113677761923
L222P,0.223220233143113
L222Q,-0.144097172178991
L222R,-1.23862087484067
L222S,0.653241585761044
L222T,-0.720736166929861
L222V,-1.06588384292044
L222W,2.88588649460536
L222Y,0.162273123339979
L223A,-1.21188615854558
L223C,0.869099763009687
L223D,-1.04454320841397
L223E,-0.731055836961633
L223F,0.760856405515539
L223G,-1.19210173353141
L223H,-0.353935349799286
L223I,-0.552636606988104
L223K,-0.425363490611734
L223M,-1.67539747478792
L223N,-0.300854578403727
L223P,-1.78738738483829
L223Q,-1.81598009279767
L223R,0.199560827770508
L223S,-0.387112854909863
L223T,-0.918371299917242
L223V,4.0411478293663
L223W,-0.423481301657321
L223Y,-0.933348880984121
L224A,-1.17571259512267
L224C,-0.939474397427284
L224D,0.934085002724926
L224E,-1.24001545758414
L224F,-0.616215405406402
L224G,-1.38339458902531
L224H,-0.45429748389671
L224I,0.150799378334159
L224K,-0.659212288920911
L224M,-0.892583543388943
L224N,-1.17767826972218
L224P,-0.577446077214859
L224Q,-0.253585796682108
L224R,-1.53715643034937
L224S,-0.337400875986202
L224T,-1.65634126019177
L224V,1.02540394465242
L224W,2.30628471430024
L224Y,-0.465242782726576
D225A,0.0272322637176453
D225C,-0.21995612228309
D225E,-2.66881663621502
D225F,-1.43330682155451
D225G,-0.115764254877991
D225H,1.68585338258572
D225I,-0.20224578348358
D225K,-1.05351631657565
D225L,-0.0676813753635421
D225M,0.610167609617065
D225N,-0.717097508030025
D225P,-0.657558817787128
D225Q,-1.71138667453022
D225R,1.52660185780327
D225S,2.45254141821498
D225T,0.189939239373905
D225V,-0.9392532473347
D225W,1.10229224940998
D225Y,1.3127821019505
R226A,0.441561315762508
R226C,1.06553893775045
R226D,1.30264828708874
R226E,0.102414888179475
R226F,0.0939919658132918
R226G,-3.05709724821659
R226H,-0.132905765552783
R226I,-0.423671295126037
R226K,1.42067014147475
R226L,-0.630218023396782
R226M,0.730669399729556
R226N,-2.0473606915765
R226P,-1.4375559580505
R226Q,-1.58579998731656
R226S,-0.805556768263178
R226T,-1.56997780540666
R226V,-0.347368166629192
R226W,0.349213406345332
R226Y,-0.234324360465799
L227A,0.174249297414144
L227C,-0.161937546775655
L227D,0.254495371474848
L227E,-1.01039793184528
L227F,0.20242998649007
L227G,-0.438094753872469
L227H,-0.483273563366656
L227I,0.499583797471756
L227K,-1.333576876838
L227M,0.474503465095996
L227N,-1.11404715052662
L227P,0.267227339215742
L227Q,0.197840106350162
L227R,1.00770199690621
L227S,0.651628155605294
L227T,-0.201586548584785
L227V,1.50023573403725
L227W,-0.593303387629889
L227Y,0.790813621032165
N228A,-0.832776633178884
N228C,-0.403120127122219
N228D,4.0479779136793
N228E,-0.070121059987679
N228F,1.28786898166142
N228G,0.75040612031303
N228H,1.38064046110168
N228I,1.07075361464621
N228K,1.80381043630589
N228L,0.426911235521961
N228M,0.15752922310737
N228P,-0.185172984611671
N228Q,0.438200142744102
N228R,-0.523075575924593
N228S,1.4093536678672
N228T,1.3141068042269
N228V,1.33086859262142
N228W,0.702579722473106
N228Y,0.473703754938951
Q229A,-0.00867372024884504
Q229C,-0.696490273113487
Q229D,-0.829728619373416
Q229E,1.05728955927903
Q229F,0.333922867634772
Q229G,1.02520393959738
Q229H,-0.706489195730842
Q229I,-1.64514018113985
Q229K,0.197688873788699
Q229L,-0.401648310410481
Q229M,0.320685776821096
Q229N,-0.2119251870864
Q229P,-2.08717981565977
Q229R,0.662959000370309
Q229S,0.115778654813059
Q229T,0.645397138915509
Q229V,0.554893839296966
Q229W,0.704062832642529
Q229Y,-0.840778198214635
L230A,-0.709604832261734
L230C,0.222987944649423
L230D,-1.01980931033615
L230E,0.168806036660255
L230F,-1.05757410875905
L230G,1.70311989627496
L230H,-0.356771921704926
L230I,1.16081918626173
L230K,-0.337513894106838
L230M,0.389935245225557
L230N,0.0788421133032153
L230P,-0.527888723801769
L230Q,-1.10068082764067
L230R,1.15233561673491
L230S,-0.784354364094896
L230T,0.621736845759794
L230V,0.423205666688568
L230W,0.461334532325981
L230Y,-0.624559028298198
E231A,-0.0661956801818921
E231C,0.862477513766054
E231D,-1.01613690454264
E231F,-0.238463475341138
E231G,-0.398679414550285
E231H,0.862447452994296
E231I,-0.399920917183521
E231K,-0.138037371632317
E231L,0.0727358230564908
E231M,-0.674410757914063
E231N,-0.114034065925911
E231P,1.0126350471341
E231Q,0.476943542551773
E231R,0.336560074030479
E231S,-1.08248075677983
E231T,-0.55194114024765
E231V,0.545012526392872
E231W,0.598049423623862
E231Y,0.435990367120464
S232A,0.0581802834688411
S232C,-0.775428594316254
S232D,-0.0436164884453734
S232E,-0.36491450259718
S232F,-2.5410659547115
S232G,0.2952080708581
S232H,0.19636783710676
S232I,-0.288421518252834
S232K,-0.226291918697295
S232L,0.541549338991989
S232M,1.28897313699639
S232N,-0.615483002687578
S232P,1.17611614397473
S232Q,1.74381382382034
S232R,-0.808954209477752
S232T,-1.24845196848829
S232V,-0.156350779842476
S232W,0.384500357855997
S232Y,1.58642377351397
K233A,-1.84746327338527
K233C,-1.02639586437458
K233D,0.618053184014751
K233E,-1.13225447567778
K233F,-1.28284648239476
K233G,-0.772892587401486
K233H,0.671568107923901
K233I,-0.0997382705826752
K233L,1.43365626254619
K233M,-1.97456158289981
K233N,-1.07613744770031
K233P,-0.416416483388912
K233Q,0.40460577445945
K233R,-0.212831629503562
K233S,-0.357090407043528
K233T,0.291687330075529
K233V,-0.170611489952782
K233W,-0.682784923612163
K233Y,-2.19022267283496
M234A,0.510858253969251
M234C,-0.294297297278128
M234D,0.950748932210766
M234E,-1.13528987391306
M234F,-0.163032475713084
M234G,0.0191333439682938
M234H,-0.232365203942248
M234I,0.41835572778319
M234K,-0.812712009423363
M234L,1.52005020728609
M234N,0.853294815658331
M234P,-1.32724141261166
M234Q,-1.25924858313429
M234R,-1.48419898835609
M234S,-0.58117177860889
M234T,-0.891804038322373
M234V,2.27929971039491
M234W,-0.521043103419922
M234Y,-0.51703059803627
S235A,-1.7102390330777
S235C,2.6062068050502
S235D,0.00425546603938799
S235E,-1.17559231984155
S235F,0.137260483566832
S235G,2.4361848371848
S235H,0.435282653853722
S235I,0.565674202918924
S235K,-0.215145134211494
S235L,-1.75903891679006
S235M,0.301313284514125
S235N,-0.167375240958096
S235P,0.485844322647523
S235Q,1.90401659917512
S235R,0.38080504599488
S235T,0.382903594407952
S235V,0.257312355222696
S235W,0.0268007750323923
S235Y,0.496404820097013
G236A,-0.227675346672521
G236C,0.192905267631758
G236D,0.731669070978153
G236E,3.69062697220728
G236F,0.266755108301608
G236H,1.99168588766861
G236I,1.17071764819068
G236K,2.9347174790194
G236L,0.44432536067002
G236M,2.33204637952372
G236N,-0.0628504759518248
G236P,-0.944175087964609
G236Q,-0.958441743031496
G236R,0.192543207080295
G236S,-1.28789677781342
G236T,1.22843789703649
G236V,-0.785991389490865
G236W,1.86945008862598
K237A,0.370701958866451
K237C,0.0540968062170231
K237D,-0.717120808784438
K237E,-2.1060378540586
K237F,0.273642418435335
K237G,-1.16838687694247
K237H,2.79216281416457
K237I,1.82102705964838
K237L,-1.51879380420021
K237M,0.368458211401848
K237N,0.504754318164544
K237P,-1.05733025709572
K237Q,-0.795426013324669
K237R,-0.748951827327961
K237S,1.4074721854228
K237T,-1.65582232871435
K237V,-0.25600913915322
K237W,-0.510310383431189
K237Y,-1.87897675001533
G238A,-0.816684271193768
G238C,-0.152545324046588
G238D,-0.832772161581754
G238E,-0.157455772239028
G238F,-0.822307204349442
G238H,-0.236792083069482
G238I,0.577962404964597
G238K,0.146711166859352
G238L,-0.207872722336158
G238M,-0.448690228852061
G238N,-0.4746912617379
G238P,0.432780169339228
G238Q,-0.781276209845806
G238R,-0.606568908895186
G238S,1.21436635816173
G238T,0.82717670930573
G238V,1.13111992520428
G238W,0.617513505202642
G238Y,1.76258237118803
Q239A,0.826696058894684
Q239C,1.31769490996303
Q239D,-0.336208177878156
Q239E,0.904856224182145
Q239F,1.2744730744954
Q239G,0.262945730310742
Q239H,0.477589257361926
Q239I,1.3182878077942
Q239K,2.22390363711348
Q239L,-0.826530587491637
Q239M,-0.143043991953676
Q239N,0.619914876487716
Q239P,-1.23558184776049
Q239R,2.02796020844465
Q239S,3.00939123701556
Q239T,1.84650055308999
Q239V,0.189967028653833
Q239W,2.89431028350306
Q239Y,-0.0716589548180878
Q240A,3.49316203845202
Q240C,0.755238568701856
Q240D,-1.64647605749262
Q240E,-0.127703578693319
Q240F,1.10199920471729
Q240G,1.15780853176937
Q240H,0.972190586488301
Q240I,0.0548591559817924
Q240K,0.930297381385449
Q240L,-1.32221580712517
Q240M,-0.719607734919904
Q240N,0.355714012723708
Q240P,0.432065428324609
Q240R,1.11752796286574
Q240S,0.22910755726091
Q240T,0.269074330535413
Q240V,-0.605177286208927
Q240W,1.58413534256408
Q240Y,1.96887130262708
Q241A,-0.345229446380932
Q241C,2.36208178233328
Q241D,-0.784626542543154
Q241E,-0.567029255625146
Q241F,0.63729588753766
Q241G,-0.497052104990279
Q241H,-0.00504942184363628
Q241I,-0.9621691570335
Q241K,0.575338869994827
Q241L,1.0639242798054
Q241M,-1.68296098830294
Q241N,-0.293169182690788
Q241P,0.0300024525801125
Q241R,1.03076518204026
Q241S,-0.969589070438614
Q241T,1.50841514266095
Q241V,-0.643194736622266
Q241W,-0.595450769225886
Q241Y,-1.78912709057806
Q242A,-0.517793375126654
Q242C,0.367698956926965
Q242D,0.700553483339737
Q242E,1.04049724958013
Q242F,-0.257899762417979
Q242G,-0.224901026414143
Q242H,2.47056774259967
Q242I,-1.63734221479646
Q242K,-0.0145336095250552
Q242L,-1.29328552693904
Q242M,-0.230094096781387
Q242N,2.75314276019927
Q242P,-0.496015556059802
Q242R,0.076137386801734
Q242S,-0.686706150138571
Q242T,1.96723977266709
Q242V,0.17729624182855
Q242W,0.511842046809288
Q242Y,4.18815072604707
G243A,-0.325414858059422
G243C,1.34859741740078
G243D,1.21654639770242
G243E,2.1627522250251
G243F,-0.405327198182599
G243H,-0.172663466920263
G243I,0.942516451049989
G243K,0.698155508320965
G243L,0.597642172948395
G243M,0.536235572303209
G243N,-0.569725809739439
G243P,-0.546570010344476
G243Q,-0.736066968746819
G243R,-2.67950003067113
G243S,0.347948107579711
G243T,0.379692031880797
G243V,-0.646904215150597
G243W,-0.364777500747864
G243Y,1.52959544436257
Q244A,-1.183989398078
Q244C,0.185331043180367
Q244D,-0.790896501470628
Q244E,-0.727836429150774
Q244F,-0.931285820863019
Q244G,0.348919050227792
Q244H,2.21583632218026
Q244I,0.312722395112728
Q244K,-1.2736466638486
Q244L,-0.184333305097479
Q244M,-1.333281057941
Q244N,0.621046397116013
Q244P,0.261192061176635
Q244R,0.23191107348587
Q244S,0.349941639422789
Q244T,-0.673206902772043
Q244V,-0.640917255667116
Q244W,1.45077484269772
Q244Y,2.12968412246243
T245A,-0.238844891336653
T245C,1.47412582882987
T245D,-1.27337738942103
T245E,-1.18908426918224
T245F,-0.87917259701428
T245G,3.51114528146824
T245H,-1.04145328121422
T245I,-0.239709547052034
T245K,0.0134643879812121
T245L,0.144781555037545
T245M,0.831881635586733
T245N,-0.0998139667046841
T245P,-0.742154826313301
T245Q,0.827124866885292
T245R,-0.0356005454642509
T245S,-0.17461214824495
T245V,0.137199794088299
T245W,0.430855318514752
T245Y,0.355422870876331
V246A,-1.25858914178995
V246C,1.39428549574788
V246D,2.40182285211872
V246E,-1.1705776794724
V246F,0.287040173953546
V246G,0.550724152119161
V246H,-0.442973585488147
V246I,2.1119107732379
V246K,-0.741166837643441
V246L,0.308611827680134
V246M,0.356365718598863
V246N,-2.39445557587527
V246P,2.1905176930046
V246Q,0.614919896366179
V246R,0.148301749802755
V246S,-0.0818695050450617
V246T,-0.602874598496027
V246W,1.80030144429882
V246Y,-0.27609060849768
T247A,0.361138240351291
T247C,1.01178173374924
T247D,0.651006570066367
T247E,0.63425391641503
T247F,-1.23124544780509
T247G,0.683247655956748
T247H,0.358121455905594
T247I,0.0827444121289004
T247K,-0.0528273432782454
T247L,2.05409856307439
T247M,0.293499028019497
T247N,-0.208923741724508
T247P,0.359466085846849
T247Q,-1.72855630134974
T247R,0.868678108772135
T247S,-0.0459948449620999
T247V,0.316770414912073
T247W,0.751797944489074
T247Y,2.41248782980452
K248A,-0.461655872075241
K248C,1.3597040422998
K248D,0.0859341713747324
K248E,1.07270660265801
K248F,-1.51995632561917
K248G,0.636144979131706
K248H,-1.14835427240495
K248I,0.239083272936284
K248L,-1.36063699618795
K248M,-1.06284806872328
K248N,-0.298883663954606
K248P,1.66475134716402
K248Q,-0.501594700266386
K248R,-0.149032035257204
K248S,-0.631764777872322
K248T,-0.0312522592029945
K248V,0.300683419044057
K248W,-0.562158172824462
K248Y,-0.67746838782764
K249A,-0.284444327473307
K249C,0.846881804049582
K249D,-1.07975897162953
K249E,-0.869641749169201
K249F,-0.398062926632944
K249G,0.338430137043194
K249H,-0.300138170983977
K249I,0.67592820592375
K249L,0.684023764130376
K249M,-0.612604378614928
K249N,-0.65804112687476
K249P,-0.174825219747658
K249Q,-0.00741199024764473
K249R,-0.262357758347498
K249S,0.338302335599204
K249T,-1.80017659164916
K249V,-0.356668848915751
K249W,0.835908775074742
K249Y,-1.12219471347584
S250A,0.547051781878188
S250C,1.31617421581641
S250D,-1.04653467036817
S250E,-0.269597590352929
S250F,4.35581411266924
S250G,1.80730803244794
S250H,-1.27952714509187
S250I,1.28601896640102
S250K,0.975335497543488
S250L,-0.749888726506376
S250M,-0.521575583144513
S250N,-0.599125259740687
S250P,0.770330499366957
S250Q,-1.19914956155642
S250R,0.235445227574377
S250T,-0.34843365323867
S250V,0.281146182241419
S250W,-0.269224148051094
S250Y,-0.199227319486623
A251E,-0.692327717477782
A251S,-0.548677964911147
A251T,-3.79491925936162
E253A,-1.27715749818455
E253C,-0.686740869618535
E253F,-2.45927177958797
E253G,-1.07966043496571
E253H,-2.03985565805979
E253I,-2.08728891000627
E253K,1.9278098570442
E253L,-2.11222692974102
E253M,-1.52044588439168
E253P,4.71936850541914
E253Q,-3.34397665856563
E253R,-1.62166285746732
E253S,-2.40272248897544
E253T,-0.822759515313368
E253V,-0.566136598288396
E253W,0.894120994245953
E253Y,-2.57660755764503
A254C,-1.51476766637918
A254D,-0.0431729178734383
A254E,-1.68248449003143
A254F,-1.69733488573694
A254G,0.237907344521928
A254H,-2.03804650853792
A254I,0.913695188160478
A254K,0.00451635317969478
A254L,2.47700123613327
A254M,-2.00425481417715
A254N,0.00927411471550675
A254P,-1.48746360974437
A254Q,-3.04872320930916
A254R,-1.79917729131272
A254T,-2.40272248897544
A254V,-1.23175372266486
A254W,-2.60336809907187
A254Y,0.565455805873721
S255A,1.65898211791071
S255C,0.899374440478041
S255D,-2.60691345201608
S255E,1.83474182034371
S255F,0.343964029481333
S255G,-1.15752276009341
S255M,-1.0846672230726
S255P,-0.617512683203197
S255Q,0.104740677788937
S255R,-0.481052952183221
S255T,-1.91836862855033
S255W,0.296863768716093
K256A,-0.280032836649608
K256C,-2.86651038242283
K256D,0.0944421304130562
K256E,-1.1174510935262
K256F,-2.66881663621502
K256G,-1.29688434607997
K256H,0.175505976456794
K256I,-2.11754438702589
K256L,-0.331994362435476
K256M,-2.57660755764503
K256N,0.621462361428311
K256P,-1.18441425903763
K256Q,-0.82306476575074
K256R,-2.24035295560759
K256S,-1.02966318570896
K256V,-0.61355352092326
K256W,-0.786435076176082
K257C,-0.63333394651945
K257D,-3.44108840295218
K257E,-0.995544111453881
K257F,-0.903366553035283
K257G,-1.06266581012632
K257H,-0.672793967995538
K257I,-2.44304994268344
K257L,-1.8487089620077
K257M,-1.65438128151873
K257N,-1.05400381425477
K257P,-2.73169523238211
K257Q,-2.51719476119089
K257R,-1.47050014786535
K257S,-0.4054139229545
K257T,-2.32025418296843
K257V,-0.992851177787293
K257W,0.149145124026035
P258A,-0.28878347038721
P258C,0.498775349163694
P258D,-0.679316230654543
P258E,0.379462723196289
P258F,-0.913512912462408
P258G,0.374486497443309
P258H,-0.261555315487258
P258I,-1.58372259695761
P258K,-0.347921387139113
P258L,2.02862853526963
P258M,-1.56946815705635
P258N,-1.24968720796371
P258Q,1.42152793440822
P258R,9.159337254684
P258S,-1.26323815087228
P258T,-2.29216352474913
P258V,1.51056407844575
P258W,-0.619097783897977
P258Y,-0.859258192215003
R259A,9.159337254684
R259C,-0.71719019442077
R259D,4.04034800759666
R259E,0.15982363609747
R259F,1.37823710393356
R259G,3.49513147596527
R259H,3.74807596526872
R259I,-0.181876998724033
R259K,1.08160148080882
R259L,-0.96562375518447
R259M,-0.989750067693906
R259N,-0.162322012643973
R259P,-1.13877467913803
R259Q,1.16334850647681
R259S,1.03392480757235
R259T,-0.321607326018709
R259V,0.48867066010818
R259W,-0.890217226830974
R259Y,0.768602340039753
Q260A,-1.87051078258979
Q260C,1.99983887802155
Q260D,-0.904861214541397
Q260E,0.0252801661986654
Q260F,0.110346863934541
Q260G,-0.459675404379924
Q260H,-0.855761216480553
Q260I,-1.32021194486471
Q260K,-2.03801835794883
Q260L,-1.25348270909509
Q260M,4.24074728933091
Q260N,-0.866673549020587
Q260P,-0.756271374444386
Q260R,0.00597813385766419
Q260S,0.39745075707328
Q260T,-1.78321597615522
Q260V,0.0958203271723765
Q260W,2.45502098190575
Q260Y,0.413819865335898
K261A,-1.93584633267934
K261C,0.544591513912815
K261D,3.34521902986478
K261E,0.479879424622053
K261F,0.338207504351574
K261G,-0.135461671212416
K261H,-0.891414044479188
K261I,-0.260764768771468
K261L,0.130505776856394
K261M,0.260697366313368
K261N,-0.637616750372845
K261P,4.16648034919715
K261Q,-1.23461618447882
K261R,-1.03756681402944
K261S,0.0898367902908881
K261T,-0.155293386960246
K261V,0.356836372358376
K261W,-0.376953608329692
K261Y,2.87793020923089
R262A,1.98329037169945
R262C,9.159337254684
R262D,5.75852209370258
R262E,2.92722249504778
R262F,4.47766882905514
R262G,3.75635692701124
R262H,1.4954465763092
R262I,-0.0518793303701731
R262K,0.185025328755776
R262L,-1.36158722454534
R262M,-0.573323621063238
R262N,5.8271364037212
R262P,3.29199205706973
R262Q,0.0396656157841056
R262S,3.64577071717851
R262T,5.17851848440101
R262V,0.0605201666657385
R262W,2.30689437451406
R262Y,2.73766461638373
T263A,-1.07190706200156
T263C,-1.66164566192943
T263D,-2.81818276640272
T263E,-1.57270200241727
T263F,-0.297454259786345
T263G,-1.3366195975097
T263H,-0.629816858410871
T263I,0.104670421645602
T263K,-0.9021636517637
T263L,-0.254292715394146
T263M,-0.535853839361725
T263N,-0.422824934391288
T263P,4.14343997345993
T263Q,-0.289624174342643
T263R,-0.443767357650274
T263S,-1.28898437861038
T263V,0.269791742269271
T263W,-0.0479633020665879
T263Y,0.0527354485444596
A264C,2.2958471173808
A264D,0.310291560946537
A264E,3.33306165361152
A264F,4.57320830558406
A264G,2.77509763150922
A264H,2.53168510101005
A264I,-0.557912010102798
A264K,9.159337254684
A264L,-0.137776022969857
A264M,1.49320852038606
A264N,3.3952460961281
A264P,-0.639980899725054
A264Q,4.84156106701972
A264R,9.159337254684
A264S,-2.34360725226061
A264T,0.706552967674898
A264V,-0.191021184437034
A264W,2.53492234144475
A264Y,2.85875012384139
T265A,0.813717609427808
T265C,1.77846754600622
T265D,-1.34014423004098
T265E,0.739518198841636
T265F,-0.559964547665282
T265G,-1.03204165687688
T265H,1.45775031550353
T265I,-1.28797566248752
T265K,-0.037704110578387
T265L,0.239232476838286
T265M,-1.13617009958133
T265N,0.444148169837085
T265P,2.02158666451108
T265Q,0.0484199705501451
T265R,2.65708644587388
T265S,-0.629251247287752
T265V,0.843210594806886
T265W,0.840191022887341
T265Y,-0.68669663885307
K266A,-1.17986451600723
K266C,1.90103261036231
K266D,-0.865130699189269
K266E,-2.35956494127122
K266F,-0.907104527223627
K266G,-0.899358964518474
K266H,1.37453785276368
K266I,2.24657659827744
K266L,0.0949102629758835
K266M,0.875415036457699
K266N,1.79221089028408
K266P,-0.115674019510911
K266Q,-0.29881287168171
K266R,2.49129944079328
K266S,-0.407213768878732
K266T,0.269391743265626
K266V,-1.14044183963404
K266W,-0.419463036030859
K266Y,0.795554349208286
A267C,1.11917551784023
A267D,-1.18907606081647
A267E,-0.887167756738343
A267F,-1.11075872715288
A267G,-0.234553617688567
A267H,-0.207231116823885
A267I,-0.971102828257369
A267K,0.670061163382725
A267L,-0.911831531487767
A267M,0.358492981921493
A267N,0.00712764431677994
A267P,-0.00576270222423847
A267Q,2.42547130331665
A267R,1.11796102782273
A267S,2.63122461211102
A267T,-0.050029423646702
A267V,0.344255376476393
A267W,0.685235090529699
A267Y,0.251156308638538
Y268A,-1.02091879029319
Y268C,-2.55218309672416
Y268D,1.0962294147109
Y268E,0.629297046531704
Y268F,1.85301703487037
Y268G,6.9221699861172
Y268H,-1.40482132295199
Y268I,1.33541083801584
Y268K,-0.629226810335421
Y268L,-0.661962542175028
Y268M,-0.140466950110319
Y268N,-0.646592478334181
Y268P,-0.797458439974128
Y268Q,0.372606925537059
Y268R,-1.34750501799986
Y268S,-1.20466805701501
Y268T,-0.632844688674649
Y268V,2.84721048557357
N269A,-0.469882236182363
N269C,0.687082556893677
N269D,0.375124565165731
N269E,0.138386558750724
N269F,3.83262290526513
N269G,4.8274802513087
N269H,1.05493333623514
N269I,1.78078109960155
N269K,-0.720958804997805
N269L,0.521982595217664
N269M,-0.563886637986981
N269P,0.0124833467322328
N269Q,1.4340772920633
N269R,-0.866448786451415
N269S,-1.00770828891145
N269T,-0.509689745315403
N269V,0.986528679176281
N269W,0.338577876339631
N269Y,1.02909202981337
V270A,0.640209524133066
V270C,0.0559417228529645
V270D,-1.2685286173057
V270E,0.427948904246392
V270F,1.97304186261014
V270G,-0.141243869808383
V270H,-1.0489360515389
V270I,3.17562560158925
V270K,1.17961590788314
V270L,-0.67174899226894
V270M,0.0547193215442683
V270N,-1.60505766212854
V270P,-1.92026346695507
V270Q,1.5735756539921
V270R,1.25765037788465
V270S,-0.12183080954307
V270T,2.21926928901712
V270W,-0.290898018159769
V270Y,-3.49262700342115
T271A,0.0926331276088752
T271C,-0.494340148861409
T271D,-0.33368221486733
T271E,-2.15875947663495
T271F,0.409264707676897
T271G,-0.346613909466553
T271H,0.801461136040854
T271I,-0.973518816428194
T271K,-1.65093750422785
T271L,0.640959483418897
T271M,-2.5260780671125
T271N,-0.246975441478884
T271P,0.22910755726091
T271Q,-0.606971707688793
T271R,1.22463629164317
T271S,-0.189220165007389
T271V,0.79167334013063
T271W,-0.439429495446222
T271Y,1.81210481049951
Q272A,-0.481491546686434
Q272C,-0.318219509008629
Q272D,-0.444165190858052
Q272E,0.55973502712822
Q272F,-1.55303543669921
Q272G,-1.50143153035615
Q272H,-2.56160773365849
Q272I,0.17828363409158
Q272K,-0.390874603071572
Q272L,1.01017337870732
Q272M,1.13618392766066
Q272N,-1.47768626171923
Q272P,0.465614388495217
Q272R,-0.400325891942874
Q272S,-1.62040131849559
Q272T,-0.0547081428707649
Q272V,0.713876495093754
Q272W,0.0529052894847263
Q272Y,-1.27806560685919
A273C,0.261619436656602
A273D,-0.196723171432163
A273E,2.87479594024047
A273F,-0.34843365323867
A273G,0.857167378200112
A273H,-0.957208146422598
A273I,1.43025108029994
A273K,2.34367342000031
A273L,-0.714551240086771
A273M,-1.89457937986502
A273N,2.49502435835718
A273P,-2.08728891000627
A273Q,-1.64547212621501
A273R,-2.28826205762253
A273S,-0.648091261330134
A273T,0.142393346431464
A273V,-0.0710611808962902
A273W,1.22735380650046
A273Y,-2.46162007476006
F274A,-3.8533365021901
F274C,1.19727114536154
F274D,-0.988219774493621
F274E,2.74642868698441
F274G,-0.534874907679428
F274H,1.57253118607452
F274I,1.9156428915638
F274K,-0.715737151861786
F274L,-1.94980363513057
F274M,0.975281016765659
F274N,-1.61371666499489
F274P,0.884408763917372
F274Q,0.358247842823557
F274R,-1.27519622835065
F274S,1.80730803244794
F274T,-0.011162830147082
F274V,4.43907946928884
F274W,-1.2223155208736
F274Y,0.371149367110391
G275A,-2.6370373907997
G275C,1.64614653762807
G275D,1.8630105106469
G275E,1.12569639547928
G275F,1.57242938499919
G275H,2.63187299451988
G275I,-0.868040519726356
G275K,1.20303224686496
G275L,-2.63002446950469
G275M,0.160406110156691
G275N,1.51905991379662
G275P,-0.357097413524003
G275Q,-2.08728891000627
G275R,1.31982519747652
G275S,0.341995551752613
G275T,-0.0277034410820154
G275V,1.24106621492605
G275W,-0.889240788732372
G275Y,1.64229632012289
R276A,-0.774978903925936
R276C,1.14123218123171
R276D,-0.827249558166794
R276E,-0.304668933810388
R276F,-0.781458932582739
R276G,-1.26263675186464
R276H,2.01407384076357
R276I,-1.22763486515678
R276K,-1.720851429776
R276L,-1.06733802935631
R276M,1.15189590250078
R276N,1.24281943037986
R276P,0.323500522607165
R276Q,0.394738945049172
R276S,1.20494833409619
R276T,0.430081573956296
R276V,-0.0555808565609876
R276W,-0.707764463038308
R276Y,-0.420472895073617
R277A,3.00228751987566
R277C,3.33345372925355
R277D,-0.367749506121343
R277E,1.32689345764312
R277F,-1.29688434607997
R277G,-0.697564276577915
R277H,-0.337676800720325
R277I,-0.794766119506951
R277K,0.480895608908468
R277L,-0.494722138481957
R277M,-0.719607734919904
R277N,0.368458211401847
R277P,-3.39161696565008
R277Q,0.409307289014379
R277S,-1.88732951253793
R277T,0.125284399537195
R277V,0.0774476852534672
R277W,-1.35397113850691
R277Y,-0.311563714281849
G278A,-1.0246213762744
G278C,0.982748240638535
G278D,-0.73923361446971
G278E,0.792288712067208
G278F,-1.24607083669144
G278H,0.95737517978574
G278I,1.17996467934989
G278K,0.550718055454244
G278L,0.395853633550716
G278M,2.11995041717293
G278N,4.73152502057799
G278P,0.135529060236867
G278Q,1.44560131801865
G278R,-0.242367996547583
G278S,-0.704449856423674
G278T,-0.347086103303533
G278V,0.118759986383696
G278W,1.32732541890056
G278Y,-0.289263261490216
P279A,3.95292406548147
P279C,0.758552690872525
P279D,1.03617362053198
P279E,0.484191167854774
P279F,-1.6073034206771
P279G,0.188571155204217
P279H,-1.73547817865006
P279I,-0.200477575122657
P279K,-0.950860929233121
P279L,-2.02947294228706
P279M,2.25539196345408
P279N,-1.01097617912124
P279Q,-0.260876055464758
P279R,-0.715737151861786
P279S,1.03246483386133
P279T,4.34848975872474
P279V,-1.2018252712845
P279W,0.0498749876416762
P279Y,-1.1422320807172
E280A,0.704516877805564
E280C,1.03325768626418
E280D,-0.431509213139702
E280F,0.863313176176393
E280G,-0.997875950616032
E280H,-1.24873573394947
E280I,0.237712958699045
E280K,1.47102066964845
E280L,0.827609532136104
E280M,-0.412607437167225
E280N,1.72215623894844
E280P,1.02545449790584
E280Q,0.994631586329176
E280R,0.998826308019877
E280S,-0.026876479822811
E280T,-0.80334826320374
E280V,0.22612930350629
E280W,0.163174871931688
E280Y,1.39098983865484
Q281A,4.22457435483451
Q281C,-0.541782706739949
Q281D,1.56734398785526
Q281E,0.670488278256276
Q281F,-0.605381256607195
Q281G,0.122519346595301
Q281H,-0.613181953947456
Q281I,-1.54141925963699
Q281K,-0.046584373243809
Q281L,1.49931855500336
Q281M,0.569438421093865
Q281N,0.167342606260534
Q281P,-1.47519926631003
Q281R,-1.29996335313664
Q281S,-0.264993979062621
Q281T,0.956199027876661
Q281V,0.313443681297039
Q281W,0.120947614289479
Q281Y,1.81373859059992
T282A,1.61890613567794
T282C,1.27172968831402
T282D,-2.24035295560759
T282E,-0.939837227698193
T282F,1.14627018106378
T282G,-0.414461502164922
T282H,-0.121243998342207
T282I,0.707057967398224
T282K,-0.230534335011917
T282L,-0.414942921237826
T282M,-0.575083836554788
T282N,-0.780439157573101
T282P,-0.979231520219863
T282Q,-0.578995546099563
T282R,-0.988730738825928
T282S,0.241933581855064
T282V,0.913500447279425
T282W,3.54856553976327
T282Y,-2.01395661280395
Q283A,-2.90134203081561
Q283C,1.41703790833426
Q283D,0.930847434923917
Q283E,-0.679922270950274
Q283F,-0.423368036795342
Q283G,1.97375643152885
Q283H,0.113174395131048
Q283I,3.3419079653516
Q283K,0.23033522386629
Q283L,-0.802377250130204
Q283M,0.81470465032485
Q283N,-0.772055706470874
Q283P,5.25707824264107
Q283R,0.872161199837557
Q283S,-3.50727414590765
Q283T,0.380599521011398
Q283V,-0.532565270924533
Q283W,0.161190729686064
Q283Y,-0.807287428273406
G284A,-0.725186199564158
G284C,0.402184181547424
G284D,-1.57050396878314
G284E,-0.238787301179669
G284F,0.777713131315388
G284H,-0.27496567108843
G284I,-0.792240591312266
G284K,1.24951103098206
G284L,0.525912907401013
G284M,-0.492937486528624
G284N,0.374941569140233
G284P,-1.0438323180583
G284Q,0.471984603728692
G284R,-1.06153366456053
G284S,-1.20740337561254
G284T,0.443608882731146
G284V,-0.33407078523207
G284W,-1.58372259695761
G284Y,-0.705878694833824
N285A,0.412829898975503
N285C,-1.12762390587785
N285D,1.46422045993166
N285E,2.63356739904848
N285F,-0.0801876138363195
N285G,0.53197065475433
N285H,3.26313950197554
N285I,2.94377394957667
N285K,5.2909653057491
N285L,-0.175851498543887
N285M,1.08689461815958
N285P,-0.102662260444473
N285Q,1.44325651879001
N285R,-0.0256157764890134
N285S,0.296432824179178
N285T,0.133030548415667
N285V,0.980897740339144
N285W,0.429389632001667
N285Y,1.03547544088498
F286A,9.159337254684
F286C,-1.11744121176264
F286D,1.84407659616422
F286E,-0.214695410336775
F286G,-0.483563035518133
F286H,-0.183856281393905
F286I,0.100062874930618
F286K,2.00668303318705
F286L,-1.35855482453277
F286M,0.334621293416797
F286N,-0.480538132625637
F286P,5.10083385203246
F286Q,2.80591648327092
F286R,2.34172465016622
F286S,0.378215082780839
F286T,-2.11222692974102
F286V,0.69658194553712
F286W,1.24687724032603
F286Y,-1.18989147445992
G287A,-1.21416593445275
G287C,-1.12250614700138
G287D,1.26961410127906
G287E,-1.03585847872962
G287F,3.98497941628549
G287H,0.85755213858492
G287I,2.18138389568778
G287K,3.87655453393535
G287L,4.76800338050275
G287M,1.16913595853114
G287N,1.77809011766676
G287P,7.67983036111452
G287Q,-0.73923361446971
G287R,1.40012875902218
G287S,0.93569627295517
G287T,-0.422848284071543
G287V,2.196786224061
G287W,3.05818835576719
G287Y,-2.00924688500654
D288A,0.188622417025789
D288C,1.40924029629906
D288E,-0.00478053118235777
D288F,0.152506184660007
D288G,-0.0665281677677393
D288H,-0.427794283982661
D288I,2.21814798408373
D288K,-0.591850075112441
D288L,0.201088084430426
D288M,-0.984017410998275
D288N,-0.449215394020908
D288P,-3.29797300220537
D288Q,1.01353914407552
D288R,0.45887731103473
D288S,-1.53214388282723
D288T,0.0392355167050457
D288V,-0.0128856471250849
D288W,2.30282173701494
D288Y,0.274353572562733
Q289A,2.25635732394478
Q289C,1.01446618451509
Q289D,-0.34669080525507
Q289E,0.219067018680844
Q289F,-0.523316898010076
Q289G,-1.78398903545756
Q289H,1.33678430122826
Q289I,0.13484458545374
Q289K,-0.614864483420541
Q289L,0.36092152629854
Q289M,-0.917059235748612
Q289N,-0.863225804316508
Q289R,1.98371694944068
Q289S,1.25741823117915
Q289T,1.14703475103678
Q289V,1.35179511300264
Q289W,1.2200938823394
Q289Y,1.63472908703827
E290A,-1.5576427994623
E290D,0.406617924953976
E290F,0.0568969810762381
E290G,-0.011162830147082
E290H,0.432004413413667
E290I,-0.910777297992547
E290K,-1.97564930613621
E290L,0.832781313200492
E290M,0.339579663413145
E290N,2.12075103733889
E290P,0.342144720605588
E290Q,-0.456724699118298
E290R,-0.270811972325472
E290S,1.45133507522552
E290T,2.4782526702612
E290V,-0.624351117570975
E290W,-1.07669698288961
E290Y,-0.972887693687056
L291A,-0.595553678594538
L291C,-0.201646889346097
L291D,0.404042657709013
L291E,-0.0603339443223985
L291F,-0.0171724269050547
L291G,1.13324893507273
L291H,1.47933667772168
L291I,-0.184157919317799
L291K,0.00927411471550675
L291M,-1.79217856609191
L291N,1.48886885391062
L291P,-0.106356081263146
L291Q,1.06329658452787
L291R,1.35017563751624
L291S,2.01893022890507
L291T,0.260118201935121
L291V,1.50412624507156
L291W,-0.944389169598657
L291Y,-1.19673216804691
I292A,-0.277604356638677
I292C,1.10002722282748
I292D,-0.770311941414845
I292E,0.152393870098372
I292F,1.08445105477127
I292G,1.5830391810535
I292H,-0.166235016669033
I292K,2.45411329316382
I292L,0.325782245851997
I292M,-0.186090909166933
I292N,-1.58001130346424
I292P,-0.589873339617028
I292Q,1.00519940859838
I292R,-1.87234711437552
I292S,-1.80251835232068
I292T,-0.648312296202318
I292V,-0.966752108213619
I292W,-1.06629129365257
I292Y,1.69721979813414
R293A,0.94766515202631
R293C,-0.262766440743422
R293D,-0.764777813165508
R293E,-0.646444742020723
R293F,-0.711047838800109
R293G,1.69993291600045
R293H,0.596265555233349
R293I,0.221777834384999
R293K,-0.506790645805214
R293L,0.711199139690483
R293M,-0.397728151064746
R293N,2.92094383614683
R293P,0.0669225855393568
R293Q,0.0213541334556096
R293S,-0.153880805382824
R293T,-1.1477333365999
R293V,-0.436266105558212
R293W,0.517201176091896
R293Y,-0.841315634601899
Q294A,3.90939800054271
Q294C,-2.20623560356341
Q294D,0.609472856943368
Q294E,-0.300974902609043
Q294F,1.52687356575029
Q294G,-0.259836251256071
Q294H,-0.0301842257493884
Q294I,9.159337254684
Q294K,0.605349273542153
Q294L,0.608656391597322
Q294M,-0.909291202897511
Q294N,0.330671479697267
Q294P,-1.82704629342487
Q294R,1.15080092287001
Q294S,2.56015430338638
Q294T,-0.516444608556558
Q294V,-0.313804263253305
Q294W,0.970832932084933
Q294Y,1.38703078729037
G295A,0.361144536802796
G295C,0.641046019608418
G295D,-0.0813715153112097
G295E,-0.111121739756873
G295F,1.2397672916885
G295H,0.218081556543088
G295I,3.87495513517447
G295K,-0.512073178294416
G295L,-0.780896382598043
G295M,-0.410443678401688
G295N,2.06244435463806
G295P,-0.447961728887828
G295Q,-2.31702356193561
G295R,-2.41784075706692
G295S,-0.516808278806581
G295T,1.20472809796105
G295V,-2.61557610674811
G295W,-1.69051305713867
G295Y,1.81913817433814
T296A,1.65961040784316
T296C,0.352061576260071
T296D,0.311981943640259
T296E,-1.88048133598933
T296F,-1.12250614700138
T296G,0.0526737757276037
T296H,0.164245232488867
T296I,2.05083280169898
T296K,0.544553008616004
T296L,0.876422070399809
T296M,-0.444960936481352
T296N,-0.574643249152632
T296P,0.0198288221152075
T296Q,0.710463188401889
T296R,0.229449880163997
T296S,1.10057837574008
T296V,3.98671138712336
T296W,0.878035675124752
T296Y,-1.07141481020169
D297A,-1.35715775496393
D297C,-1.2789511994696
D297E,1.78644127508277
D297F,-1.23244022408552
D297G,0.593942928280552
D297H,0.0289740204832784
D297I,-0.344103893030311
D297K,-1.29895284966968
D297L,-0.763104890797804
D297M,0.316439793675518
D297N,0.997139729212874
D297P,-1.35663154059855
D297Q,0.858246682969875
D297R,-0.731712735617139
D297S,-0.636330047540522
D297T,-0.214121804505992
D297V,0.778566194914367
D297W,-1.6911813481831
D297Y,0.171637716682827
Y298A,1.16576947616416
Y298C,0.956569893344159
Y298D,-1.75808816140404
Y298E,-1.26721311258241
Y298F,-0.521180141364089
Y298G,0.58017354898939
Y298H,-0.394189427258506
Y298I,0.878612375765007
Y298K,0.10791699874756
Y298L,1.41538067581555
Y298M,-1.46785189595768
Y298N,4.41500435737022
Y298P,-0.772418141378857
Y298Q,3.81536239277952
Y298R,0.535158069214057
Y298S,0.534076512757231
Y298T,-0.0742017993757736
Y298V,1.25813003520669
Y298W,-0.627578438884793
K299A,0.796343965556461
K299C,5.95608031432318
K299D,-1.40328212573082
K299E,-1.04510082219249
K299F,-0.62112534360278
K299G,-0.788166682369526
K299H,0.244818013447163
K299I,-0.0139571428412238
K299L,-0.39608584651286
K299M,-0.566309649620982
K299N,-0.116339450572885
K299P,-0.064578874830047
K299Q,0.0411250993123155
K299R,1.15900426732418
K299S,0.127070084320817
K299T,-0.858619442202659
K299V,1.8761935492615
K299W,3.86554511064916
K299Y,-0.809060711002929
H300A,-0.859146381543839
H300C,-0.55439254358028
H300D,-1.39304179057161
H300E,-0.0421305851001079
H300F,-0.641792920414092
H300G,-0.228346733067336
H300I,-1.03447749344664
H300K,1.06560693144635
H300L,0.199040388414757
H300M,0.766794223193262
H300N,0.254539315776139
H300P,-0.775842703385717
H300Q,0.0662902309634766
H300R,1.83642318970055
H300S,-0.838941000309291
H300T,-0.353299369917511
H300V,-1.18158206616722
H300W,-1.22461737767035
H300Y,-0.343841245820587
W301A,0.251358477754855
W301C,3.05539689602929
W301D,1.08895367928775
W301E,0.850227233412182
W301F,-1.0242483647822
W301G,-0.257500310199065
W301H,1.33190125969915
W301I,4.29335483452804
W301K,1.18028514534288
W301L,-0.506263549767431
W301M,-0.752678683620946
W301N,0.126247926607808
W301P,2.14589356725621
W301Q,0.506382264183332
W301R,-0.236177442629851
W301S,-0.0583929167694068
W301T,2.95206270618859
W301V,3.88578316590129
W301Y,-0.33736157164647
P302A,-0.815473674905204
P302C,-0.64774789312035
P302D,-0.513635294897667
P302E,-1.07783766109515
P302F,-1.04002707953179
P302G,0.411291521543466
P302H,-0.221956684204876
P302I,-0.195465310858491
P302K,-1.65143917824811
P302L,-0.569439645203811
P302M,-0.490089548482808
P302N,-0.00432109671036683
P302Q,0.0919647169784214
P302R,-0.256964915944636
P302S,1.72511850292707
P302T,-0.309819136701713
P302V,0.75688864581163
P302W,-0.0749263080188464
P302Y,-0.506739212576052
Q303A,1.33997516395159
Q303C,-1.36770738894505
Q303D,-1.11321259832761
Q303E,-0.144126828532806
Q303F,0.931523381861583
Q303G,-0.297914667924111
Q303H,-0.301096994617274
Q303I,1.30062383190024
Q303K,-0.136304995882528
Q303L,-0.662470214147246
Q303M,-0.637951305219164
Q303N,-0.312187504017934
Q303P,0.976741258014423
Q303R,-0.704944698684948
Q303S,-0.761720579522332
Q303T,-0.377977901970896
Q303V,-0.151713465304125
Q303W,-0.781972022286968
Q303Y,0.142943616781513
I304A,1.77301331716588
I304C,0.832191053554273
I304D,1.26278251614825
I304E,4.23283428728566
I304F,-1.0079819440894
I304G,1.59414959947412
I304H,-1.74116780157352
I304K,-0.412329006314636
I304L,0.0916574654522468
I304M,0.383261603343062
I304N,-0.850792396765142
I304P,-1.80099956260329
I304Q,-2.8321554485975
I304R,9.159337254684
I304S,0.0469284490134183
I304T,0.0721747978135839
I304V,0.591314774151314
I304W,-2.68173319595598
I304Y,1.80143976396744
A305C,1.36737330036599
A305D,-0.771737491427986
A305E,-0.488689502655659
A305F,0.738420060604102
A305G,-2.45927177958797
A305H,-0.577195453569491
A305I,-1.99290416871485
A305K,-0.335186572575872
A305L,-0.025971036621413
A305M,-0.965975006245847
A305N,-0.697252381531745
A305P,3.02680771331331
A305Q,0.400301964504963
A305R,-0.0327984721231886
A305S,-0.314245647241544
A305T,-1.44650309366292
A305V,-0.363761253009094
A305W,0.383342062443166
A305Y,-0.20123933692409
Q306A,-0.67302182728653
Q306C,1.74320828997574
Q306D,0.198847245414275
Q306E,-0.125220219918054
Q306F,-0.914134907384929
Q306G,-0.573882844853497
Q306H,-0.93336340051367
Q306I,-0.669698893911676
Q306K,-0.951963105441929
Q306L,0.875705009964816
Q306M,0.285437615984963
Q306N,-0.318171641862317
Q306P,0.797000307942312
Q306R,-0.774382706443478
Q306S,-0.729973893965822
Q306T,0.992938196014074
Q306V,0.496491971702603
Q306W,-0.102090901242399
Q306Y,-0.198580849203642
F307A,-0.43303181069301
F307C,1.45687458754815
F307D,0.658198823544122
F307E,4.4007010132713
F307G,-0.989830556701163
F307H,-0.141456537305807
F307I,-0.398716693502432
F307K,1.34844178361955
F307L,-0.11958297611076
F307M,0.0949129497310765
F307N,-0.481491546686434
F307P,-0.757314661709525
F307Q,-0.0781422933116566
F307R,0.545507182475151
F307S,-1.00990207354687
F307T,-1.77178486998975
F307V,0.397463988735107
F307W,-0.376922381367963
F307Y,2.42905438331485
A308C,3.29882559458095
A308D,1.41116981964285
A308E,1.10431957141023
A308F,-1.42959445287467
A308G,-1.13761016376012
A308H,-1.33728201121695
A308I,0.772187734617427
A308K,0.615979963870437
A308L,-0.0141321398604983
A308M,-0.364774129544106
A308N,1.880563697843
A308P,1.50061013798256
A308Q,0.983235923203234
A308R,-3.01073480375349
A308S,-0.121139501278582
A308T,1.02814773167693
A308V,0.0634477871684632
A308W,-0.291919239623832
A308Y,0.0357808064539915
P309A,-1.25489982477991
P309C,3.21577020340758
P309D,-0.547052057146554
P309E,0.0633511063039345
P309F,1.66884030431296
P309G,1.05890016644874
P309H,-2.0358515468661
P309I,4.62333987263134
P309K,0.056387029230024
P309L,1.03187994266764
P309M,0.319747398181488
P309N,-0.464703828294167
P309Q,-1.25004561683136
P309R,1.4703232875594
P309S,-2.18838656495596
P309T,2.55660599010411
P309V,5.17503968104378
P309W,0.550718055454244
P309Y,1.9974976396984
S310A,2.13597938914092
S310C,2.26599354442802
S310D,0.189007293917788
S310E,-1.49468959557173
S310F,0.87068798981538
S310G,-0.256136792463095
S310H,1.38523286024037
S310I,-0.0808289751402801
S310K,2.41673270044798
S310L,0.581891256942885
S310M,4.68721558717093
S310N,-0.317848071834918
S310P,-1.44281830773199
S310Q,1.35379379529222
S310R,-1.52044588439168
S310T,0.945546037415333
S310V,0.0708718147090224
S310W,2.0143555171582
S310Y,-0.520284417273449
A311C,-2.34513682559882
A311D,-1.1994999493565
A311E,-0.256295557821047
A311F,1.62152716757504
A311G,1.11225822742199
A311H,-0.175980161090817
A311I,2.77199153262581
A311K,-0.764960724431831
A311L,0.929698213681601
A311M,0.691942951872468
A311N,-0.709100251231651
A311P,-1.2374963525218
A311Q,-0.368877187626835
A311R,-0.465131235381992
A311S,-0.330567172171904
A311T,-0.86940308361127
A311V,-0.0654106494608529
A311W,1.87876698851171
A311Y,0.950811059182157
S312A,1.02224079005804
S312C,0.601379025218288
S312D,0.731009094117438
S312E,-0.28716236094774
S312F,-0.508387549654527
S312G,-0.474707876188194
S312H,0.936345376212219
S312I,-0.352839207192848
S312K,0.0824484064114036
S312L,0.574006569956608
S312M,0.00449454997256881
S312N,-2.9735705241596
S312P,-0.825378758950244
S312Q,0.544299136988017
S312R,0.162882765449918
S312T,4.14505969092687
S312V,-0.700850722165483
S312W,1.3392341530879
S312Y,1.25287612212742
A313C,0.769792037225983
A313D,1.01353914407552
A313E,-2.20010427339117
A313F,2.00424000850148
A313G,-0.936999647943536
A313H,2.26632076742905
A313I,1.34811168763524
A313K,0.0751760159972125
A313L,-0.561283980183403
A313M,0.286306673045297
A313N,2.32377395526977
A313P,1.1076938302678
A313Q,0.267891746623855
A313R,0.215241968043437
A313S,1.04694077068188
A313T,-0.340200996407605
A313V,-0.810741788468287
A313W,4.90004208753803
A313Y,-0.566136598288396
F314A,0.520796403529884
F314C,2.2056113848781
F314D,0.94899012662719
F314E,1.37002027428352
F314G,0.131716879944278
F314H,3.04393936635441
F314I,0.595318848528733
F314K,-0.876050267099314
F314L,-1.24818508009622
F314M,-0.381409372376562
F314N,1.52687356575029
F314P,0.718822696503576
F314Q,-1.33839752977584
F314R,2.12200686191303
F314S,2.2495597703233
F314T,3.34253638311581
F314V,-1.3366195975097
F314W,0.196409901193952
F314Y,1.35010938425485
F315A,-3.04872320930916
F315C,1.34145596406225
F315D,-0.963030551403155
F315E,1.49220033663033
F315G,0.292601807543728
F315H,1.781369681476
F315I,-0.124374927698814
F315K,-0.269906808513843
F315L,-1.15233357839007
F315M,0.160306729723355
F315N,7.20266399944351
F315P,-1.39695329854646
F315Q,-0.0851611371405961
F315R,-1.45960860761111
F315S,3.48792972225074
F315T,0.72936474030309
F315V,2.80001029915292
F315W,-1.01171691320114
F315Y,-0.348343503360164
G316A,0.259340277049255
G316C,3.31874463526288
G316D,-0.239315495628731
G316E,1.17973058163985
G316F,-1.33839752977584
G316H,2.11545865577779
G316I,0.606334454185894
G316K,-0.535396938987726
G316L,3.32347452802338
G316M,2.39503657931997
G316N,-1.46635156647605
G316P,4.13916038589286
G316Q,0.505972214521846
G316R,0.650003789963237
G316S,-1.30793709061311
G316T,2.68800903462364
G316V,1.96262542465555
G316W,-0.40120937384374
G316Y,1.03258565464821
M317A,-1.46652710860707
M317C,5.25194039100608
M317D,-0.464874754772137
M317E,0.150549535996978
M317F,-0.18437199670351
M317G,-1.49227487008189
M317H,-1.0428050358321
M317I,2.40430004681496
M317K,-2.34744480384158
M317L,-0.506345629311427
M317N,-1.29182216135981
M317P,1.54582319832561
M317Q,-1.39178660840685
M317R,-1.37922714381908
M317S,0.0616859725554385
M317T,-0.748229109383334
M317V,-0.235540613062859
M317W,-0.315596088984557
M317Y,-0.154455043604738
S318A,0.704992022814629
S318C,4.67859551260265
S318D,0.461487071972967
S318E,2.80591648327092
S318F,6.32012533309471
S318G,0.500403828639907
S318H,-2.47098839998682
S318I,0.342941919199349
S318K,2.23777096024949
S318L,9.159337254684
S318M,9.159337254684
S318N,-1.31015326649351
S318P,-0.329246105956389
S318Q,1.63978541911119
S318R,-0.489443616997817
S318T,4.70199057586409
S318V,2.18294353676859
S318W,4.99319206326857
S318Y,3.68611493735969
R319A,-0.550221742326231
R319C,2.32266010882816
R319D,-0.347218305414686
R319E,-1.01323397892703
R319F,0.664934176553258
R319G,1.45255608262618
R319H,-1.3366195975097
R319I,-1.23520404890065
R319K,0.183891890735866
R319L,0.113411734682177
R319M,-0.07009724220845
R319N,1.61067820908991
R319P,-2.63764318954335
R319Q,0.145200135384517
R319S,1.17259899599598
R319T,-1.17312617817748
R319V,-1.74541967758281
R319W,1.4206250881116
R319Y,-0.483525924377693
I320A,-0.23420165736789
I320C,1.52055991227743
I320D,2.16296887921478
I320E,-1.72047227165295
I320F,-0.771164719176457
I320G,-1.23838446817729
I320K,-0.630013431818239
I320L,-0.856941195561611
I320M,-0.801771705625101
I320N,-0.0060404663779547
I320P,1.17348941727402
I320Q,0.630181878553869
I320R,2.84755401224724
I320S,-0.565272864801004
I320T,-2.66881663621502
I320V,-0.47691979524478
I320W,-1.04713588350121
I320Y,1.70089196161315
G321A,-1.14265044733161
G321C,0.442113871262451
G321D,1.13543857275572
G321E,2.27969452493407
G321F,1.36556843450199
G321I,0.055830248735826
G321K,1.00612486087246
G321L,0.829318525179987
G321M,1.02090018393015
G321N,-0.221986487172059
G321R,-0.924606591405631
G321S,-1.01175106819838
G321T,0.392704666933084
G321V,-0.312523474287294
G321W,2.61262818659737
G321Y,-0.844866944840054
M322A,-0.73796277361477
M322C,3.30104383811834
M322D,-0.381437460937579
M322E,0.58329382110727
M322F,1.14063959560214
M322G,-0.331994362435476
M322H,0.133469347316158
M322I,0.188497613784438
M322K,-1.29329590800783
M322L,-3.29797300220537
M322N,3.27875300187397
M322P,-1.22629367735351
M322Q,-0.577323887997257
M322R,2.07815044115243
M322S,0.549678917965756
M322T,-0.458452353006515
M322V,-0.896674290935208
M322W,0.450371551685741
M322Y,0.687196636771048
E323A,-1.01204242110055
E323C,0.491561975018343
E323D,1.13770660670661
E323F,1.45772289927647
E323G,-0.632469248357681
E323H,2.43601113306761
E323I,-0.693669853983829
E323K,1.89167201730475
E323L,-0.702968303470932
E323M,-0.706700249275869
E323N,4.31708522516883
E323P,-0.114115281988734
E323Q,-0.1636500659432
E323R,1.65876254494535
E323S,-0.300506622578904
E323T,-1.1921526736424
E323V,-0.277221764099351
E323W,-1.16208749571703
E323Y,-0.0877992275070783
V324A,-0.142344076725581
V324C,3.17528235209992
V324D,-0.505266777064475
V324E,0.807044658845223
V324F,0.379032090468289
V324G,1.05296544623615
V324H,-3.03075328952489
V324I,0.301821364813045
V324K,1.5246830768041
V324L,2.48712095438612
V324M,-0.112622056369409
V324N,0.5378501157955
V324P,1.33318051683963
V324Q,-0.194797038996124
V324R,0.874086752486336
V324S,-1.09471783430726
V324T,0.242664684172084
V324W,-0.18907751065368
V324Y,-0.232281499622321
T325A,-1.14854916198191
T325C,7.97517580322298
T325D,-0.0113839549451037
T325E,-1.31272665925965
T325F,1.59689450547318
T325G,4.41940569648385
T325H,-0.370494825478531
T325I,-1.62223027516862
T325K,9.159337254684
T325L,0.241103420079745
T325M,0.200977285899781
T325N,-0.811847208192001
T325P,0.345006391661777
T325Q,-1.95844627548714
T325R,9.159337254684
T325S,-0.192502687980381
T325V,0.372457073769164
T325W,1.28911623313935
T325Y,-1.2094080182052
P326A,0.82306524130067
P326C,9.159337254684
P326D,9.159337254684
P326E,9.159337254684
P326F,9.159337254684
P326G,1.72142104878383
P326H,9.159337254684
P326I,0.574551106491243
P326K,9.159337254684
P326L,9.159337254684
P326M,3.68507609692061
P326N,9.159337254684
P326Q,9.159337254684
P326R,7.19873756580607
P326S,0.203214185757139
P326T,1.12777461553514
P326V,-1.18072388004812
P326W,9.159337254684
P326Y,9.159337254684
S327A,1.50050038571048
S327C,3.00230876584473
S327D,-0.468546258957302
S327E,1.86351360618456
S327F,-0.740666759636855
S327G,0.209455280403256
S327H,0.185758923127972
S327I,-0.0232468647587087
S327K,3.1474656481145
S327L,-1.30093432521613
S327M,0.92085002954448
S327N,9.159337254684
S327P,-0.443169517548118
S327Q,-2.17577558592462
S327R,0.672413753905607
S327T,-1.08293256959063
S327V,-0.9591078171451
S327W,3.40780877287261
S327Y,0.00377237374982502
G328A,0.430421643190977
G328C,0.109922815467837
G328D,-0.575294186372499
G328E,-0.622274584783246
G328F,-0.283015741947913
G328H,-0.961758399438877
G328I,5.8819839714281
G328K,0.168423061615226
G328L,-0.049494677176329
G328M,0.807082681380124
G328N,0.562216388328276
G328P,1.53957162928337
G328Q,-0.731523163372277
G328R,-0.0662323392446517
G328S,-0.334807344737322
G328T,-0.183017495224675
G328V,0.271028094896986
G328W,-0.668116924102709
G328Y,0.318604936274141
T329A,-0.506485002559502
T329C,2.24748296222023
T329D,1.02251928513131
T329E,0.460140667188062
T329F,0.746293883406163
T329G,0.258754379140641
T329H,-0.587566210386671
T329I,0.489230935069866
T329K,1.33610558164582
T329L,0.0110400468876624
T329M,1.04179384170039
T329N,0.528466596932086
T329P,0.115699165177717
T329Q,0.773068179524212
T329R,-0.892234106211105
T329S,-2.01058501727307
T329V,-0.0214784398763154
T329W,0.10840296816415
T329Y,-0.0813619109082165
W330A,1.74934516312027
W330C,8.7703666728563
W330D,2.34686569311402
W330E,9.159337254684
W330F,0.135462201388805
W330G,2.74073008410525
W330H,-0.951681808504946
W330I,9.159337254684
W330K,9.159337254684
W330L,3.5014427638765
W330M,0.817626616040892
W330N,-1.3767421405161
W330P,3.50220897722405
W330Q,2.04148613397831
W330R,3.98050823771846
W330S,2.14744008525698
W330T,9.159337254684
W330V,9.159337254684
W330Y,-0.682961844335147
L331A,3.04026941683076
L331C,4.52611827342844
L331D,1.82116583978289
L331E,0.171657069950535
L331F,0.319332635232976
L331G,-0.169631603951648
L331H,3.16579731712801
L331I,-0.782981986000341
L331K,0.697116750320822
L331M,0.252876781355482
L331N,2.85029618666445
L331P,1.51722554009165
L331Q,2.71355696301447
L331R,0.0386742314741614
L331S,-0.201913034262514
L331T,1.84106049561591
L331V,1.03869911679911
L331W,0.190321353563108
L331Y,-0.00777033036115318
T332A,-0.442183738498651
T332C,0.408158780232429
T332D,-1.26010815438233
T332E,-0.855301989039074
T332F,1.47545176632637
T332G,-0.157541286035839
T332H,-0.0762911298825333
T332I,0.913726646047155
T332K,0.372004720353856
T332L,1.36930985344868
T332M,0.351199245916889
T332N,-0.037663491927623
T332P,-0.204909316384303
T332Q,-0.0255357635714994
T332R,-0.344228529423887
T332S,-0.393213375188651
T332V,0.145372800857129
T332W,2.80998308944796
T332Y,0.207936333251716
Y333A,-1.78051313140113
Y333C,-2.45927177958797
Y333D,2.18465022022812
Y333E,0.440373526482161
Y333F,7.9342052654606
Y333G,0.635079188759728
Y333H,-0.411162261144585
Y333I,9.159337254684
Y333K,-0.10289365437754
Y333L,0.961003296980258
Y333M,0.153648725194727
Y333N,0.740816770533555
Y333P,0.73747854062744
Y333Q,1.74401579552836
Y333R,0.544120445339579
Y333S,1.1629889779781
Y333T,-1.52399764321396
Y333V,0.889507296833457
Y333W,-1.49828383262603
T334A,0.705459839388283
T334C,-0.251639552037979
T334D,0.971254248898738
T334E,0.000319176971069253
T334F,-0.818223915166008
T334G,-0.286370815864263
T334H,-0.884912845392894
T334I,0.338035069625003
T334K,0.426741809924405
T334L,0.13840662291628
T334M,0.630483116559772
T334N,0.720047334994098
T334P,-0.315596088984557
T334Q,0.92032365295759
T334R,-2.16372523346606
T334S,0.71361275879495
T334V,0.736748085222062
T334W,-0.185646093108924
T334Y,0.0517484709795023
G335A,-0.311404085995475
G335C,1.71738586748709
G335D,0.414671608302839
G335E,0.811442750506241
G335F,9.159337254684
G335H,1.72157419180081
G335I,4.03168520569703
G335K,9.159337254684
G335L,0.942292718907707
G335M,9.159337254684
G335N,2.90732621295974
G335P,-0.171314286310199
G335Q,3.2917451060021
G335R,9.159337254684
G335S,1.61621267838771
G335T,5.73513087614824
G335V,5.00881592225654
G335W,9.159337254684
G335Y,9.159337254684
A336C,9.159337254684
A336D,0.305810935761091
A336E,-1.39695329854646
A336F,-0.32463556512269
A336G,-0.318345727356224
A336H,-1.68582746039969
A336I,3.38804723835361
A336K,9.159337254684
A336L,9.159337254684
A336M,-1.29489470495503
A336N,-1.27880647154884
A336P,-1.00573045748466
A336Q,0.0672901519777646
A336R,9.159337254684
A336S,-0.379699240464965
A336T,-1.22549010827473
A336V,-0.10443301046569
A336W,-0.017038192412666
A336Y,-0.516040652160066
I337A,5.46730939362618
I337C,2.97142291904503
I337D,-1.28428473243143
I337E,0.337934251636478
I337F,1.80209085656125
I337G,2.28994853297093
I337H,0.0541411151906452
I337K,-0.110359910475227
I337L,-1.55202095571509
I337M,0.649353529399672
I337N,-0.011162830147082
I337P,0.638914703250988
I337Q,2.57670852505577
I337R,2.34076149711922
I337S,2.43224560656826
I337T,-0.138029713709599
I337V,0.915746744636132
I337W,0.0599122105224151
I337Y,1.49027010125263
K338A,-0.949662663281445
K338C,-0.239921537308117
K338D,-0.634674948879801
K338E,1.68708345165051
K338F,1.21846550238891
K338G,0.422383204686431
K338H,-0.364172132424194
K338I,0.590955877240782
K338L,0.459457998514591
K338M,-0.308971561678843
K338N,-0.388896036959971
K338P,1.0448155782213
K338Q,-0.281582658213241
K338R,-0.123734403669053
K338S,-0.256557268991726
K338T,-0.567872988279885
K338V,0.989047672737031
K338W,-1.37970096378077
K338Y,-0.647060760990299
L339A,1.29093073956546
L339C,3.09540735924956
L339D,4.83156466020269
L339E,1.07912173059786
L339F,3.92440852992581
L339G,1.7476082304629
L339H,1.30313882513949
L339I,2.72282166220699
L339K,-0.381537125559154
L339M,0.862714417349005
L339N,1.21224641254426
L339P,0.302161474498712
L339Q,1.99831622792872
L339R,1.67778805685302
L339S,0.777804682024054
L339T,0.0701587985407022
L339V,1.04064186065235
L339W,-1.01193777669623
L339Y,-0.234929603136473
D340A,1.97852359347175
D340C,1.16615452446712
D340E,0.215748855760798
D340F,5.04951878381283
D340G,0.867321833522473
D340H,-2.01573412431942
D340I,2.41269890364943
D340K,-0.791873634430197
D340L,4.57818898433058
D340M,3.88393221940281
D340N,0.613271854068839
D340P,0.711783764527664
D340Q,-0.264383348920979
D340R,0.370649905707654
D340S,-0.0798154320894587
D340T,0.913956819705477
D340V,0.144259686499552
D340W,2.80465579326275
D340Y,4.32593098679353
D341A,-0.28523754871823
D341C,0.225947333311434
D341E,0.0883190134222963
D341F,5.00441832508584
D341G,0.678162062094363
D341H,0.0727567221630653
D341I,1.60255247424955
D341K,1.99345811345621
D341L,1.29293801691919
D341M,1.22596087321059
D341N,2.33499452696264
D341Q,1.09267779869342
D341R,1.0928328304478
D341S,-0.312984085972296
D341T,0.480749746175628
D341V,0.538804538300877
D341W,3.29456762808762
D341Y,0.797751585678553
K342A,0.659356760602077
K342C,1.77417687671493
K342D,-0.260164569622221
K342E,0.2337422790125
K342F,0.906723864651928
K342G,-1.26748341477275
K342H,0.666079079579221
K342I,-0.00404195732602229
K342L,-0.055451727428387
K342M,-1.17496067151342
K342N,-0.858331899993631
K342P,-0.623185845257635
K342Q,1.1516015451983
K342R,-3.07426997794341
K342S,-0.853695363818449
K342T,0.305032052777477
K342V,0.586675202376893
K342W,0.862114729334074
K342Y,-0.815102824067416
D343A,1.51679590411988
D343C,2.21310257925428
D343E,0.941530770202516
D343F,5.69092003250983
D343G,-0.262629880589151
D343H,1.27812377278026
D343I,-1.87176070540418
D343K,-0.308849989961448
D343L,1.04020408018438
D343M,0.427608218547919
D343N,-1.0820017129463
D343P,-2.70045522675056
D343Q,1.62601243953534
D343R,-0.299238300678061
D343S,-0.780492350018752
D343T,-0.678105664424912
D343V,-1.50876937539118
D343W,2.1294771789287
D343Y,0.0785436988012509
P344A,1.09190527787468
P344C,2.72443955975923
P344D,-1.28043061624792
P344E,0.0975940655014515
P344F,0.621091187197547
P344G,1.70820566623647
P344H,-0.290915789732691
P344I,0.68460921496903
P344K,0.920474597173633
P344L,0.84927599037017
P344M,1.92643565737748
P344N,1.28761512598543
P344Q,1.21185232168222
P344R,-0.0890672397293279
P344S,0.513463234085965
P344T,-1.08133464002552
P344V,-2.14187921283499
P344W,0.57523741390357
P344Y,0.0152808713062862
N345A,-0.435697542789223
N345C,-0.831705522998348
N345D,0.730647490814363
N345E,-0.0200634780421932
N345F,0.224643404888564
N345G,0.562738394607243
N345H,2.48969698702036
N345I,-0.567283843794366
N345K,0.622263182892065
N345L,-3.66296311455952
N345M,-0.431264637471992
N345P,2.04133752029425
N345Q,-0.560528605802783
N345R,1.31099566471936
N345S,0.822522392221335
N345T,0.304569359126423
N345V,0.198535223467084
N345W,1.00604980942423
N345Y,-0.36890836466456
F346A,0.968195291634496
F346C,1.109256830694
F346D,2.1392661995747
F346E,1.01945188601996
F346G,0.344084400831627
F346H,-0.631250229720549
F346I,-2.3842708216992
F346K,1.94480215211897
F346L,0.749667713326243
F346M,1.06816870500122
F346N,-0.667705902075909
F346P,-0.605761751938459
F346Q,-0.0721410828212731
F346R,-3.00520549248452
F346S,-0.955247260806289
F346T,0.671289099646728
F346V,0.348351848719004
F346W,-0.701493130127835
F346Y,2.32507214084334
K347A,-0.72030019635821
K347C,-0.190042067840542
K347D,-0.254540460265206
K347E,-0.143740548266649
K347F,1.33564215701689
K347G,0.240161742047394
K347H,2.11963640665681
K347I,0.617957466962185
K347L,-0.0585868761656606
K347M,0.318728796752045
K347N,-1.60427478717618
K347P,-1.70217996128618
K347Q,0.719697047705503
K347R,0.669477048524054
K347S,-0.623390618884684
K347T,-0.617216439832446
K347V,-1.05659314118241
K347W,1.18705722863755
K347Y,-1.19255812928967
D348A,-0.534142282464308
D348C,9.159337254684
D348E,-0.688143128842561
D348F,2.04118794174628
D348G,-0.339909166414436
D348H,1.14095514283483
D348I,3.9156955111442
D348K,-0.932948933513959
D348L,2.34421376109679
D348M,1.83796746178427
D348N,1.75644566147202
D348P,0.75361519488994
D348Q,-0.406616682034482
D348R,1.42786449270415
D348S,3.91109412375278
D348T,0.765656863309616
D348V,0.596951635336067
D348W,0.00696337631033945
D348Y,0.192156257188764
Q349A,-0.454160801548549
Q349C,-0.532134693193413
Q349D,0.180017052961747
Q349E,-0.0244525560717463
Q349F,0.2448298688129
Q349G,0.807602061089057
Q349H,-0.154713134629629
Q349I,-0.0459948449620999
Q349K,-0.240994432202208
Q349L,0.359018852805388
Q349M,-1.34277583632263
Q349N,-0.0470662308370067
Q349P,0.682406399367365
Q349R,5.73653110995512
Q349S,-0.416675952016556
Q349T,0.332331381767715
Q349V,-0.33000020331547
Q349W,-0.70006811688721
Q349Y,2.18296896896257
V350A,2.10583586149489
V350C,3.26715812285358
V350D,1.59539855608752
V350E,0.744108358636459
V350F,-0.548300448684952
V350G,2.24131726680332
V350H,0.46480969604481
V350I,0.758437720870567
V350K,-0.258038019355473
V350L,-0.0224630984040457
V350M,-0.816310989676411
V350N,0.350171364624962
V350P,0.174995045889833
V350Q,0.345198855343487
V350R,-0.383231306798212
V350S,5.32642550544631
V350T,-0.729289427247485
V350W,-0.125224413453701
V350Y,-1.75483912731031
I351A,0.304866392697565
I351C,3.88606031881512
I351D,-0.883535044531227
I351E,0.602285257526329
I351F,0.22386989227333
I351G,0.95286261360081
I351H,2.06046718902438
I351K,-1.26901783769857
I351L,1.12387071650185
I351M,-0.323527574260007
I351N,1.0157531172187
I351P,-0.486311316533526
I351Q,0.276994836599511
I351R,0.47861910198037
I351S,0.642820233675023
I351T,1.39677896448039
I351V,-0.0652399797533541
I351W,-1.10421902594819
I351Y,0.43178815761306
L352A,1.94740524434143
L352C,-0.360939580720747
L352D,0.773660894851141
L352E,1.16991564367308
L352F,-0.839297451071496
L352G,0.565455805873721
L352H,1.75401506710476
L352I,-0.892829385580705
L352K,-0.578141261215649
L352M,1.13965385675761
L352N,-0.0693256523032469
L352P,1.76380337013175
L352Q,-1.48689987306433
L352R,0.773118410725724
L352S,-1.07486320917141
L352T,0.146149324871713
L352V,-1.0117670218503
L352W,2.05127648817093
L352Y,3.29896008185698
L353A,3.31469577959777
L353C,2.53029018871503
L353D,0.424874525592443
L353E,0.576985380993987
L353F,0.113693155902346
L353G,0.853988080633327
L353H,-0.435463625589831
L353I,-0.184805734273413
L353K,0.58017354898939
L353M,-1.8582909603031
L353N,0.145818329506725
L353P,0.378659938276492
L353Q,0.755312902415198
L353R,0.102346261625277
L353S,1.61887433768297
L353T,0.305595619462738
L353V,-0.786609726450288
L353W,3.796637811077
L353Y,2.13696746562446
N354A,-1.05343393678086
N354C,0.183264847648491
N354D,-1.27812879489759
N354E,-2.21067784684154
N354F,2.75694683792324
N354G,-0.651497306916398
N354H,0.413231863636672
N354I,2.02800886230161
N354K,-0.605015924767127
N354L,-0.357818532770799
N354M,0.295687663213459
N354P,-1.69168424770285
N354Q,-0.629526172457076
N354R,-0.190669405165651
N354S,1.47069198010403
N354T,-0.108485028595029
N354V,0.0325397360192614
N354W,1.85558143539765
N354Y,0.888948666239285
K355A,0.878732772774807
K355C,1.32247732889398
K355D,-1.02225005899084
K355E,-1.01232137840726
K355F,3.94923391002132
K355G,0.109155043184971
K355H,0.0881360043617806
K355I,9.159337254684
K355L,3.3467138456619
K355M,-1.10263450911679
K355N,-0.601396935201543
K355P,-0.0583929167694068
K355Q,-0.892763257306807
K355R,-0.152280982063599
K355S,-0.347930728829695
K355T,0.117047202368747
K355V,6.16094132407119
K355W,2.42777008706487
K355Y,3.59170047999698
H356A,0.461857307952822
H356C,4.40589550511759
H356D,9.159337254684
H356E,-0.470714682368205
H356F,7.15469244263998
H356G,0.550479083220064
H356I,9.159337254684
H356K,-0.926365104436419
H356L,1.88677475343191
H356M,-1.11951029086889
H356N,0.396386632200204
H356P,-1.24037646561531
H356Q,-0.789828557790084
H356R,-0.622499569580649
H356S,-0.532134693193413
H356T,-1.00990207354687
H356V,9.159337254684
H356W,1.16291826872665
H356Y,-0.135930102050955
I357A,4.20525819652271
I357C,1.6350595770083
I357D,0.363058241702653
I357E,1.54564990997445
I357F,2.25852116740288
I357G,0.0623724485152675
I357H,-0.169772393731118
I357K,-1.59968580781516
I357L,-3.21025074080455
I357M,1.35347648692865
I357N,1.53472900066853
I357P,1.39647910195294
I357Q,0.944659803467044
I357R,0.503636024202183
I357S,1.14095514283483
I357T,0.131843794949885
I357V,-1.00755529057907
I357W,-0.292283148159283
I357Y,-0.131417221136333
D358A,1.41151739158926
D358C,-0.438273253469807
D358E,-1.56575975105879
D358F,0.279898544641291
D358G,-0.276191222594306
D358H,-0.481491546686434
D358I,-1.28047663374364
D358K,-0.757378905224315
D358L,-2.60691345201608
D358M,1.92637481599394
D358N,-0.625108730740948
D358P,-2.29334841147709
D358Q,-3.26370272917109
D358R,7.30484754767856
D358S,-3.25344350241756
D358T,0.0960494736829318
D358V,-2.26693763695883
D358W,3.61933730584963
D358Y,0.0357808064539915
A359C,1.40615717800384
A359D,-0.363832651290183
A359E,-1.19914956155642
A359F,0.914999242861921
A359G,-0.602828230317454
A359H,-2.57206664525049
A359I,0.613510136649227
A359K,-0.107673020511195
A359L,1.54564990997445
A359M,-0.011162830147082
A359N,-1.56480908260365
A359P,-3.04449276870889
A359Q,0.220892886886724
A359R,-0.172658544442369
A359S,0.265961079297973
A359T,-2.53572964677457
A359V,2.57871357133197
A359W,1.11175139887828
A359Y,0.276499439276066
Y360A,0.432344130326497
Y360C,8.17827363624476
Y360D,-0.011162830147082
Y360E,0.32707549521549
Y360F,-1.68700277471833
Y360G,1.36346512840894
Y360H,-0.721220562267211
Y360I,-2.48805466048232
Y360K,-0.0601433996497991
Y360L,0.614497551004788
Y360M,2.34182202857158
Y360N,-0.426396170202937
Y360P,1.34463589734212
Y360Q,-2.8321554485975
Y360R,1.77523444986998
Y360S,1.66907884040051
Y360T,-1.52044588439168
Y360V,0.910256751421424
Y360W,0.630109644313821
K361A,-2.20636612697991
K361C,2.31506038671802
K361D,-0.664395907158188
K361E,-0.469741397575206
K361F,0.186264268552153
K361G,-1.06598740723663
K361H,0.100680187126376
K361I,-1.31342090304081
K361L,0.486192684997851
K361M,0.985792778004563
K361N,-1.51442635063139
K361P,0.717523180450669
K361Q,-1.36288195977424
K361R,-0.913944570191926
K361S,-0.658410713129181
K361T,-0.171425966310324
K361V,-0.0759687287401501
K361W,2.13217247021721
K361Y,-1.56194692947588
T362A,-0.710522214142061
T362C,0.303090375222048
T362D,-2.26671774204929
T362E,-0.0881998166842949
T362F,0.82168103527401
T362G,2.30790869276275
T362H,1.55176790803797
T362I,2.25994081192185
T362K,0.447829731472153
T362L,-0.229157560229674
T362M,2.28366207953894
T362N,-0.378055452624613
T362P,-1.31782105880026
T362Q,-0.402407228290462
T362R,0.91584865139115
T362S,2.87380905955882
T362V,0.184983058455356
T362W,0.475076730183796
T362Y,0.448675490908293
F363A,3.08434416302442
F363C,-0.933834056616973
F363D,-1.59550038494554
F363E,-0.938070206417871
F363G,-0.888511265939076
F363H,0.142858123506254
F363I,0.696904572101113
F363K,-0.196088450561265
F363L,-0.846958869994829
F363M,-0.519151353690619
F363N,-1.01247834302162
F363P,-2.19988469511368
F363Q,-1.07272541342263
F363R,1.00235315637547
F363S,-0.22862527493968
F363T,0.380755047332176
F363V,-1.15389085775222
F363W,0.771403489343839
F363Y,-0.64817518491316
P364A,1.2996267823272
P364C,1.46210810532829
P364D,-1.4510915528968
P364E,-0.958808440088847
P364F,1.41994493527157
P364G,3.07159418741793
P364H,2.51832169272163
P364I,0.926928098931357
P364K,0.211111581437772
P364L,-1.17260333541286
P364M,-0.195011073354936
P364N,-0.787763617914725
P364Q,0.810577627741328
P364R,0.779691620961174
P364S,0.0807471867409078
P364T,0.325097889276428
P364V,-0.95310979576752
P364W,0.648182946997732
P364Y,-0.436661749373644
P365A,0.247160031356447
P365C,2.90442728645937
P365D,-2.30294004149948
P365E,-0.930303210445893
P365F,1.11743527381416
P365G,0.928562940197684
P365H,0.767216181670028
P365I,-1.53077877190123
P365K,-0.229622823740745
P365L,-0.0688197869133131
P365M,2.58472584728599
P365N,0.429876118629005
P365Q,0.00226041323418641
P365R,0.708701620240081
P365S,2.21555553190412
P365T,-0.635086202142282
P365V,0.0606526578984213
P365W,-0.708364387790803
P365Y,0.0255636098829176
T366A,0.765656863309616
T366C,1.41987875011649
T366D,0.114939469230896
T366E,-0.116559997255001
T366F,-0.0303618730269347
T366G,1.21319420254198
T366H,0.209609891524662
T366I,0.514497857258086
T366K,-0.266642094322043
T366L,0.862332505195958
T366M,-1.32883642016627
T366N,-0.656098023553568
T366P,-0.523323798246245
T366Q,0.20811670027656
T366R,1.0688027646881
T366S,-0.000312036669949688
T366V,-0.911573885185857
T366W,2.26493453772704
T366Y,-0.716755595893556
E367A,-1.45820999762807
E367C,1.95795978938083
E367D,-0.556233657719086
E367F,0.40724270788113
E367G,-1.77661597556043
E367I,1.30324301315523
E367K,1.75399011387046
E367M,1.42418372034746
E367N,1.02799345862804
E367R,0.632879012442041
E367S,-0.378534515723231
E367T,-0.759140869420223
E367V,1.33321599051702
E367W,1.18603543003212
E367Y,0.836356588287716
P368A,1.54347296807476
P368C,0.127463609867491
P368D,0.0513668421486139
P368E,-1.2010991203439
P368F,1.32260660439036
P368G,0.91209183128809
P368H,-0.0546795118620033
P368K,0.928848522290858
P368L,-0.936289176399252
P368M,-1.09095207154233
P368N,2.98931071750401
P368Q,0.0982301023912514
P368R,0.548766961722611
P368S,0.862991773734816
P368T,1.02441956820503
P368V,-0.544925106550262
P368W,-0.195652449831738
P368Y,-0.347286206519816
K369A,-0.68452550716199
K369C,-0.0742017993757736
K369D,2.21654165044761
K369E,5.0689861496484
K369F,-2.03804650853792
K369G,-1.10354758902077
K369H,-0.116825665686836
K369I,2.5274090387154
K369L,1.39839691343377
K369M,0.0439865522238747
K369N,3.15452905640177
K369P,-0.029016408088354
K369Q,-1.28526043374072
K369R,-2.16276882877175
K369S,-0.133807768945226
K369T,-0.481491546686434
K369V,1.81171712593235
K369W,-1.29307621086403
K369Y,1.85475370528039
K370A,-0.958909594037906
K370C,1.03435840848952
K370D,0.0773626424985793
K370E,-1.78624688348074
K370F,1.88289168580442
K370G,-1.40751892942406
K370H,0.376367248749451
K370I,0.500998050139413
K370L,0.451927739686857
K370M,0.730600659966112
K370N,0.785964812067547
K370P,1.82166026797476
K370Q,-0.357979956136211
K370R,-0.317037802453227
K370S,0.0350839854900454
K370T,0.0164872947877386
K370V,-1.93795657352953
K370W,-0.661209437784072
K370Y,-1.50809083352067
D371A,-0.491299586905535
D371C,0.244749929954227
D371E,1.8936615396843
D371F,1.39395152767911
D371G,3.01975074290191
D371H,-0.530637150925642
D371I,1.17062636323912
D371K,0.182008082633913
D371L,-0.394141237075901
D371M,0.0128011843291254
D371N,1.0157531172187
D371P,0.922745930069684
D371Q,-1.25331592894087
D371R,0.586576144713955
D371S,-0.272860828403114
D371T,0.868136970060467
D371V,0.0403392847520841
D371W,1.02561084338063
D371Y,2.60569910346568
K372A,-0.772858277858729
K372C,0.446552756417579
K372D,-0.0901456124487133
K372E,-0.396977463592821
K372F,0.0452110531092817
K372G,-2.0884247752445
K372H,-0.895745280238682
K372I,-0.498325506104963
K372L,0.567532910045628
K372M,1.51411184215757
K372N,2.02242358665429
K372P,1.34968525258752
K372Q,-0.633160417081954
K372R,-0.701126634782909
K372S,3.70404256387087
K372T,-0.755204110322914
K372V,0.458577276126442
K372W,2.09449197868634
K372Y,1.04214109824728
K373A,-0.258118220124882
K373C,1.72025196770605
K373D,0.239104985668785
K373E,-1.45599395423627
K373F,-0.531280437280066
K373H,-0.172796540297185
K373I,-2.15764428428569
K373L,2.61296005555382
K373M,0.407616641981414
K373N,0.885703573027775
K373P,-0.724193590421922
K373Q,-0.177413833504353
K373R,-0.812802408460844
K373S,-0.601286311624912
K373T,-0.135211671638874
K373V,-1.24725938525711
K373W,-0.475440201502972
K373Y,-0.282920474082055
K374A,-1.27374704710282
K374C,-0.123830857413973
K374D,-0.628843410843816
K374E,-0.943992260877245
K374F,-0.176378522095269
K374G,0.357189913445539
K374H,2.55418242674532
K374I,-2.03804650853792
K374L,-1.12894433429938
K374M,1.56024558446472
K374N,-1.6580905223926
K374P,-0.705948759718117
K374Q,-1.04041264295735
K374R,-0.833298184984458
K374S,0.88296855463074
K374T,-0.782229908387901
K374V,-0.372749524291933
K374W,-0.577721768836512
K374Y,1.49156388739048
K375A,0.650330238410859
K375C,1.58676526037134
K375D,-0.795298334777811
K375E,0.351961111925093
K375F,1.5914883541144
K375G,0.234139194570174
K375H,-1.23237927523082
K375I,2.31702046566632
K375L,-1.35636905033189
K375M,0.640661834754494
K375N,0.764291131345941
K375P,0.818735082941551
K375Q,-1.91836862855033
K375R,0.0745307852396806
K375S,-0.721680008281087
K375T,-0.86354604396806
K375V,-0.704733217991668
K375W,-0.153756402203505
K375Y,-0.73923361446971
A376C,-0.383519781746258
A376D,0.586547858422084
A376E,-0.0982384550380665
A376F,0.0496562670108005
A376G,0.896371926907731
A376H,1.45566818666736
A376I,1.38354503905825
A376K,-0.593182264334186
A376L,-1.58293090981728
A376M,1.33289690121284
A376N,-0.200862038822084
A376P,1.28751760573883
A376Q,-0.219301169785592
A376R,1.10188270583035
A376S,1.12312004709496
A376T,1.6296582962789
A376V,-0.843354184721758
A376W,-1.13630469129447
A376Y,0.526610420389672
D377A,0.392245484075302
D377C,2.26706579609962
D377E,-0.677929215778851
D377F,0.121936284753007
D377G,0.26167296315435
D377H,-0.345780808209076
D377I,-0.727040442493993
D377K,-0.110110786823041
D377L,1.63154277843286
D377M,-1.0190992477223
D377N,1.25286744939639
D377P,-0.322507892741311
D377Q,-1.42150716697322
D377R,-0.155169385730841
D377S,0.827254433310182
D377T,2.87492177751987
D377V,3.02465394037599
D377W,-1.38180826183676
D377Y,0.625910440291276
E378A,-1.29709477913395
E378C,1.08648111236425
E378D,0.683880631277994
E378F,-0.00442832487484352
E378G,-0.180335846504535
E378H,0.327748893504117
E378I,0.769267644323839
E378K,1.19748158802927
E378L,0.0497449448687188
E378M,-0.800154405621218
E378N,-0.07009724220845
E378P,0.698708571948173
E378Q,1.67466236821582
E378R,-0.417235059346855
E378S,1.59952771719579
E378T,-0.134474142723586
E378V,0.437479745129587
E378W,0.433491430941794
E378Y,-1.04829848345057
T379A,1.2567273907089
T379C,-0.746201282896614
T379D,1.31977587322215
T379E,-1.34180288186312
T379F,-0.405854308609083
T379G,1.1635095084058
T379H,2.47116782700442
T379I,-3.44263727713282
T379K,0.937470777752332
T379L,0.682657874477494
T379M,-0.943751675853202
T379N,1.80302145339859
T379P,-0.973375010347883
T379Q,0.69345955155622
T379R,2.52227965289062
T379S,4.46034399948558
T379V,1.13478709357782
T379W,-0.768540201814831
T379Y,-0.135161531129061
Q380A,2.68776876625474
Q380C,0.297691773451251
Q380D,1.47272059916547
Q380E,1.91417616147315
Q380F,-0.508895133658462
Q380G,0.766984982440626
Q380H,-0.830308418983054
Q380I,2.33060724331003
Q380K,0.422889326472024
Q380L,1.03959314757016
Q380M,2.33168820602357
Q380N,-0.159759702964475
Q380P,0.0982867972952203
Q380R,-1.85651976624126
Q380S,0.874946664097943
Q380T,-1.10342353009895
Q380V,1.107594728811
Q380W,-0.713839180605488
Q380Y,1.0530163340949
A381C,0.844054420047056
A381D,0.299858848256766
A381E,0.64075334962483
A381F,-1.65265213032245
A381G,1.28836854099277
A381H,0.787471511788745
A381I,-0.29950271536466
A381K,0.927566416607828
A381L,0.382370447133806
A381M,-0.723625700400211
A381N,-0.27135260771094
A381P,1.25521444957525
A381Q,-0.316291228123229
A381R,-0.992296330170873
A381S,-1.68561499211173
A381T,2.4444002936053
A381V,-0.142231760492992
A381W,5.54731515154164
A381Y,-0.211096832892005
L382A,0.327558085618305
L382C,0.882839001481548
L382D,1.49821564089839
L382E,-0.617512683203197
L382F,-0.252753135141454
L382G,0.43439132189336
L382H,0.33369048003524
L382I,-2.14125490050791
L382K,0.844399915345136
L382M,-0.211103415745215
L382N,-1.4328363348218
L382P,-0.604608528866523
L382Q,0.345371844646636
L382R,-0.549111222884432
L382S,0.482180336425447
L382T,1.06056129505016
L382V,-2.34744480384158
L382W,-2.16276882877175
L382Y,-0.366075331776887
P383A,0.535960049430612
P383C,2.84444697538074
P383D,0.648967144068865
P383E,0.903059177476825
P383F,-1.16583078241115
P383G,-1.21851984005679
P383H,5.65430541916504
P383I,-0.300301883639499
P383K,0.852849492171977
P383L,-1.3366195975097
P383M,0.750893642712161
P383N,0.909573666726138
P383Q,1.25589753130019
P383R,0.273465580513529
P383S,-2.34750852593766
P383T,0.39660128717425
P383V,2.09055381875931
P383W,0.399467857240089
P383Y,-1.67763018308981
Q384A,-1.94453745213538
Q384C,1.3560468587832
Q384D,0.807168903437229
Q384E,0.0344854430159736
Q384F,-2.34744480384158
Q384G,9.159337254684
Q384H,-0.36432541542354
Q384I,-0.733320811879741
Q384K,-2.13738464992334
Q384L,-0.518648356866487
Q384M,1.97168484146139
Q384N,-0.79634290705887
Q384P,0.929429393316475
Q384R,0.100431002898248
Q384S,2.82656664483616
Q384T,-1.22646057229974
Q384V,-0.3295629337832
Q384W,2.13566199935188
Q384Y,-0.996198059698032
R385A,0.572874208253913
R385C,2.11923547466162
R385D,0.936678422692478
R385E,1.66983042099329
R385F,-0.49218570237606
R385G,-0.0512997953781196
R385H,-1.37026654950308
R385I,0.0706533282670392
R385K,0.451462075769269
R385L,0.501746178265847
R385M,-0.418779206353544
R385N,-0.258797407969439
R385P,3.50184449197878
R385Q,0.784245990222441
R385S,0.426036736521455
R385T,0.262323925697087
R385V,0.808801774040594
R385W,-0.783970280654563
R385Y,0.266547121644607
Q386A,-1.31670446427802
Q386C,1.10598496180923
Q386D,-0.96996014641472
Q386E,0.181869532532402
Q386F,0.501669536373188
Q386G,1.68592100926253
Q386H,1.93569951922427
Q386I,1.10633955977955
Q386K,2.3307675594082
Q386L,-1.18165480285396
Q386M,0.806219611691981
Q386N,2.52384444411689
Q386P,1.29734728382118
Q386R,1.0545938368998
Q386S,-1.10427021417765
Q386T,1.96021173074995
Q386V,1.01870737243452
Q386W,-0.203934474520794
Q386Y,0.548124474766639
K387A,-2.63736439532618
K387C,1.19714299140484
K387D,-0.690146034126458
K387E,0.0202992118122697
K387F,0.295391803806115
K387G,0.824384850180208
K387H,0.137450950015425
K387I,0.22313115549669
K387L,-1.16744991735248
K387M,0.312236982808181
K387N,-0.425903121040486
K387P,-0.707387544244402
K387Q,-0.43208813797027
K387R,1.37752110106881
K387S,-0.498325506104963
K387T,-1.71224839575255
K387V,-0.968654132585115
K387W,1.64229632012289
K387Y,-0.511573979371395
K388A,-1.39138952881686
K388C,3.26597705967432
K388D,1.18671791370148
K388E,-0.364548668286081
K388F,-0.535145484865248
K388G,0.312269737474634
K388H,-2.26175436146789
K388I,4.03025557931068
K388L,-1.50240351535053
K388M,1.29540457679025
K388N,0.143180918125478
K388P,-0.0227794115229819
K388Q,0.926849325971551
K388R,-0.743479218641273
K388S,1.37913055581473
K388T,-0.341107851624495
K388V,-2.24035295560759
K388W,-2.55886404664763
K388Y,0.0607072878706219
Q389A,-0.150374780931191
Q389C,-1.12769992835671
Q389D,1.31877693863732
Q389E,-0.146492491568913
Q389F,-1.15069523478455
Q389G,0.753769226296131
Q389H,0.673432534004426
Q389I,0.0379443495838326
Q389K,-0.346477124306512
Q389L,1.31860508364421
Q389M,-0.318646687767969
Q389N,0.0973785153663023
Q389P,-0.455365625145697
Q389R,-0.459784435236239
Q389S,1.11751440924266
Q389T,-0.65962869200517
Q389V,1.49774531800651
Q389W,0.147204371381586
Q389Y,0.115149381069833
Q390A,0.791436704462276
Q390C,0.442441795038571
Q390D,0.473685307822272
Q390E,-0.156697495495485
Q390F,-0.320787075129174
Q390G,0.388868366074194
Q390H,2.06211017717724
Q390I,-0.0900142098859403
Q390K,-0.551246536526997
Q390L,-0.523097571353533
Q390M,0.106019191188126
Q390N,-0.280366546841377
Q390P,-1.0721119897683
Q390R,0.577644080101742
Q390S,-0.759565043659601
Q390T,-1.1356022603893
Q390V,-1.2603991917513
Q390W,0.166334072239913
Q390Y,0.782727982180257
T391A,1.0930591823699
T391C,-0.124915175495605
T391D,1.12070910527133
T391E,0.0771682406388179
T391F,0.287825970114911
T391G,0.0251658589390264
T391H,0.507514712128279
T391I,-1.7402964218784
T391K,1.09141398650615
T391L,0.625990248329933
T391M,1.36391445408504
T391N,0.0310205556258279
T391P,3.82461781217281
T391Q,-2.86651038242283
T391R,0.122237085170834
T391S,-0.127867786492664
T391V,0.31549971115613
T391W,0.983935659998882
T391Y,2.79511560740677
V392A,0.456329090561979
V392C,-0.479460541273979
V392D,1.45862335906149
V392E,0.2490544760136
V392F,-0.426245674902922
V392G,0.322594727412978
V392H,0.92705785109092
V392I,-0.795499660239771
V392K,1.30422651009382
V392L,3.03271360164771
V392M,0.379112853953941
V392N,1.04099101528852
V392P,-0.22181328767609
V392Q,1.4733568425125
V392R,0.925498201712518
V392S,-0.346780727336821
V392T,-2.71224610440738
V392W,0.625581472108123
V392Y,-1.94868843916936
T393A,1.30789877944819
T393C,0.896973470640901
T393D,-1.08803769206476
T393E,0.743524430329738
T393F,0.367219955475714
T393G,0.705977582559863
T393H,0.845829407450558
T393I,0.121452642900513
T393K,0.113765751591819
T393L,3.28902244332138
T393M,-0.0195777364065186
T393N,3.51776754025524
T393P,1.35591184970416
T393Q,-1.14065488558329
T393R,-0.0820830758945045
T393S,3.47909481550005
T393V,-0.72950870386609
T393W,2.72347062289118
T393Y,-0.578572392869526
L394A,0.210398469548181
L394C,0.0931098730069857
L394D,-1.33328972213965
L394E,-1.95997006478205
L394F,-0.48998973676846
L394G,-0.46006768885802
L394H,-0.460147614439439
L394I,-0.924548615350866
L394K,0.0936004331362509
L394M,2.29072174446183
L394N,-0.063934602467836
L394P,0.528283286918057
L394Q,0.944971642176955
L394R,-0.416188545816271
L394S,-1.76769522626891
L394T,0.823874606259105
L394V,-0.723498812292696
L394W,-0.315321112438583
L394Y,-0.940280634527122
L395A,-0.262940693378727
L395C,0.561945656347196
L395D,-0.227232302809794
L395E,-0.818950645828932
L395F,1.97388908188559
L395G,0.104194015566144
L395H,-0.227296311753309
L395I,0.87068798981538
L395K,-0.338209549654902
L395M,0.0963362336997333
L395N,0.0670496305869871
L395P,-0.371445185693926
L395Q,-0.0367784819235496
L395R,-0.0791332042290815
L395S,0.20860074137069
L395T,-0.20818932663948
L395V,-0.179093326250627
L395W,-1.39270104927882
L395Y,1.34932387366304
P396A,-0.841724102910559
P396C,0.155153427964872
P396D,0.343368590182064
P396E,-1.08566452420492
P396F,-0.806598439571292
P396G,-0.422940614638146
P396H,2.64268845396762
P396I,2.00262653013978
P396K,2.50905594080878
P396L,2.30916940005057
P396M,-0.694699829953512
P396N,0.683405529591977
P396Q,-0.209275136536744
P396R,0.29514050614299
P396S,0.0268400317445213
P396T,-1.3366195975097
P396V,0.532965235684701
P396W,0.671495071216503
P396Y,-0.714551240086771
A397C,0.237121743516996
A397D,-0.618566377495821
A397E,-0.460484662944289
A397F,1.68782548616056
A397G,0.0308296979926293
A397H,1.32316690505513
A397I,3.03709056852549
A397K,0.908186809826646
A397L,-1.14796533390289
A397M,0.830351600815759
A397N,-0.473160308632088
A397P,1.10051157898158
A397Q,-1.99001726594025
A397R,0.331376057243188
A397S,-1.29128301202476
A397T,1.61595263997073
A397V,0.190181837706872
A397W,-1.61515813778175
A397Y,0.189730317463402
A398C,0.0655891376573923
A398D,-1.47001053766632
A398E,0.975898670386898
A398F,-0.84721848378049
A398G,0.365076877372358
A398H,-0.343564660296487
A398I,1.52720513977641
A398K,-1.46332529771959
A398L,-0.0930084480862312
A398M,0.844964446652523
A398N,-0.625642203813114
A398P,-0.231336240860716
A398Q,0.315080278175598
A398R,0.475807252720247
A398S,0.815920535111983
A398T,0.620660253741643
A398V,0.451079985689928
A398W,-1.01034973222407
A398Y,-1.28468335487016
D399A,0.958415655437416
D399C,-1.11956452089897
D399E,1.05773738757733
D399F,-0.203812729928686
D399G,0.495116024838986
D399H,0.0229940158736405
D399I,-0.322352633650907
D399K,1.49706084245778
D399L,-0.140967550482885
D399M,-0.39444969047277
D399N,0.303190005283277
D399P,1.85112266455907
D399Q,-0.909670360185963
D399R,0.470954302400626
D399S,2.34681355125853
D399T,-0.816914127811584
D399V,1.66196969601353
D399W,0.701109186853688
D399Y,-1.42823737221251
L400A,0.981198637501269
L400C,0.588928644004329
L400D,-0.631043822633404
L400E,1.66701698901539
L400F,-0.782083984655406
L400G,-0.73923361446971
L400H,1.8031768905132
L400I,-0.563578189771206
L400K,0.208596500371199
L400M,0.377016886509725
L400N,2.00250502529143
L400P,-1.2891130359024
L400Q,-1.65620281742368
L400R,0.104841897552997
L400S,-0.695454898494781
L400T,0.358768299695262
L400V,-0.124749965446132
L400W,0.444757904609003
L400Y,1.56926719724163
D401A,0.44890534151593
D401C,-1.04308147915306
D401E,1.29256449828173
D401F,-0.0644556418521851
D401G,0.29018656998901
D401H,0.407146065126547
D401I,1.51283132166348
D401K,0.409608602323641
D401L,2.22116688670462
D401M,-1.4863804898836
D401N,0.232017136553732
D401P,-0.00733284956086046
D401Q,0.556654824131184
D401R,2.0467351834429
D401S,0.819167249530111
D401T,0.677829378261848
D401V,-0.984611556524705
D401W,0.478263389095791
D401Y,-0.214419984262093
D402A,1.93705984182767
D402C,0.929228072917465
D402E,-1.25381203894933
D402F,1.22386807099297
D402G,-0.74506365390715
D402H,0.373613014227068
D402I,-0.759669615619349
D402K,3.28497888382101
D402L,0.412973142834422
D402M,2.97876064880257
D402N,2.24409925665613
D402P,-0.241943604423577
D402Q,0.583805804985405
D402R,-0.658923131069229
D402S,1.45328227436206
D402T,1.59722580223575
D402V,0.773653441223032
D402W,1.9312439231226
D402Y,0.081207221986539
F403A,-0.179469935883916
F403C,-0.542382744702519
F403D,2.8173838419649
F403E,-0.239660262546764
F403G,-0.69144274316992
F403H,-0.179160629928218
F403I,0.949245226448131
F403K,1.21367588716693
F403L,0.748598595927537
F403M,-0.615346546565741
F403N,0.0348896389602759
F403P,-0.164370732653627
F403Q,-0.410075122697659
F403R,0.0414975288041337
F403S,0.137450950015425
F403T,-0.902401260501547
F403V,0.978085308123357
F403W,-0.199823092280118
F403Y,0.441958565089998
S404A,-0.247487391548197
S404C,0.578645970538575
S404D,-0.928154365392798
S404E,1.18151179459839
S404F,0.824210168455654
S404G,0.251921238272463
S404H,0.89741616234469
S404I,-1.26125747689257
S404K,0.568006669864249
S404L,0.214644389205523
S404M,0.44649668895476
S404N,4.0157807228304
S404P,-0.472587214812262
S404Q,-1.26388077546719
S404R,-0.394375896232846
S404T,-0.729916872809748
S404V,1.33474601831277
S404W,-0.540412836246744
S404Y,-1.91836862855033
K405A,-0.324030172413735
K405C,-0.988050564415866
K405D,0.650208028497996
K405E,-0.963047736908052
K405F,-0.484305633652358
K405G,-0.131604051391531
K405H,1.55208541684416
K405I,-0.958096614843884
K405L,0.0357808064539915
K405M,-0.167133616161067
K405N,0.338419528312121
K405P,-1.34774412355648
K405Q,-1.31955001186182
K405R,1.64730670571357
K405S,1.38616669005789
K405T,-0.91676016231622
K405V,-0.572226302103922
K405W,0.342774920075859
K405Y,-0.65755539172608
Q406A,-0.44385770335817
Q406C,-0.958156220800248
Q406D,2.36772708165511
Q406E,-0.230308394532067
Q406F,-0.515044074335994
Q406G,-0.158737840919493
Q406H,-0.634740392261898
Q406I,0.417333233597961
Q406K,-1.60505766212854
Q406L,-1.42024427340296
Q406M,-0.185833702665364
Q406N,-0.185824450936267
Q406P,0.623738624591362
Q406R,0.443732394570773
Q406S,0.0443576903022588
Q406T,-0.655035045668888
Q406V,-0.147335279958206
Q406W,1.41640860763305
Q406Y,-0.887101270834699
L407A,-0.357446292935983
L407C,-1.23241311851447
L407D,1.05926342974243
L407E,1.65907647462143
L407F,1.43755348805696
L407G,1.94711947627492
L407H,0.33031585673503
L407I,4.08074704678395
L407K,1.04296272408241
L407M,1.22754827036925
L407N,1.46065257910016
L407P,1.5369578200852
L407Q,0.0203779338007167
L407R,0.151566195227099
L407S,0.69463433825206
L407T,0.712237000825581
L407V,0.523302633683221
L407W,0.307701813129323
L407Y,0.075720891034826
Q408A,0.957986548483014
Q408C,0.553998461061646
Q408D,0.0609766177200415
Q408E,-1.96022131574341
Q408F,-0.319840439482163
Q408G,1.42949432175737
Q408H,-0.23420165736789
Q408I,1.60275001742401
Q408K,-0.478071566948757
Q408L,3.90766377158163
Q408M,-0.50994410138144
Q408N,2.04240386973096
Q408P,0.779407757504032
Q408R,-1.61024544990109
Q408S,-0.443608131428363
Q408T,0.498818805592076
Q408V,-0.592619554231104
Q408W,-1.4429426744226
Q408Y,1.04893216480356
Q409A,-0.955472980670422
Q409C,-1.2080059722633
Q409D,3.73921817619657
Q409E,-0.48107500530125
Q409F,2.44510547388792
Q409G,-0.778673359425713
Q409H,1.43504543415974
Q409I,0.120502633264798
Q409K,-0.959431617397427
Q409L,0.287189384056287
Q409M,-1.00873981595443
Q409N,1.8647038840261
Q409P,0.577924753700772
Q409R,0.892778064236638
Q409S,0.527731406284666
Q409T,-0.0703595905797572
Q409V,0.210568780129147
Q409W,1.4034826781087
Q409Y,-1.24493064049081
S410A,0.464335164344414
S410C,-1.37518413678638
S410D,0.456590273258965
S410E,1.09776728080175
S410F,-0.519321204985518
S410G,0.336869231633279
S410H,1.21071634408581
S410I,1.71457789962086
S410K,0.340733580772596
S410L,-0.451249337518003
S410M,-0.94733824237485
S410N,1.56052665601521
S410P,1.49327994588365
S410Q,0.00776057913693716
S410R,-1.14484541271977
S410T,-1.12808481835492
S410V,0.670989970110185
S410W,2.39863510799805
S410Y,-0.565832864617713
M411A,-0.502185142872836
M411C,-1.93613803235258
M411D,2.21395415716202
M411E,1.01677588957579
M411F,0.375108921862195
M411G,0.225636298910593
M411H,0.648483462440342
M411I,-0.924191129267731
M411K,0.490917133882267
M411L,3.3723037617783
M411N,0.136205459908571
M411P,1.89968564888774
M411Q,-0.397723445795894
M411R,1.99050351411144
M411S,-1.84346890952981
M411T,1.16786624091833
M411V,0.064285734666669
M411W,2.19910958593777
M411Y,-0.293427658735934
S412A,6.58244533327623
S412C,0.777509110753379
S412D,-0.0732978245885422
S412E,0.0501674414518307
S412F,2.11113600375122
S412G,5.40478884088999
S412H,1.49027010125263
S412I,-1.24688071804559
S412K,0.735107610866748
S412L,6.66554996505756
S412M,-0.549273801456308
S412N,0.535190432494581
S412P,-0.302340781887535
S412Q,2.25418316161453
S412R,-0.169772393731118
S412T,0.940708642516159
S412V,-0.113403705154628
S412W,-0.646867704272553
S412Y,-1.72725451243424
S413A,0.185603254147079
S413C,-0.576663220578203
S413D,0.553536716617665
S413E,-0.447953439605068
S413F,-0.0198540041293368
S413G,1.01720533582139
S413H,0.415488754539639
S413I,2.35188521662286
S413K,1.86008446068661
S413L,0.521892461047545
S413M,1.44572015444744
S413N,0.959008130056295
S413P,-0.809513988028035
S413Q,-1.12860153119994
S413R,1.31064937539222
S413T,-0.334117752140383
S413V,0.452374986273145
S413W,0.298217949810398
S413Y,2.8322929102977
A414C,-0.784420945400387
A414D,1.3147161958642
A414E,1.97168484146139
A414F,-0.546966322373354
A414G,0.0162150119372562
A414H,0.226649581966944
A414I,-0.0654458514973998
A414K,0.639732777786178
A414L,-0.871726583056081
A414M,0.0632102379214427
A414N,-0.314571631978837
A414P,1.56706723480333
A414Q,-1.25752222400074
A414R,-1.40431636879123
A414S,-0.771682535813458
A414T,-1.40783931444527
A414V,-0.53291737482719
A414W,-0.327146612667365
A414Y,-0.574489617671068
D415A,-1.39240454540064
D415C,-1.12468062302456
D415E,0.506476995552806
D415F,-2.79840369190138
D415G,-2.3276781985584
D415H,-0.439034932221247
D415I,0.532421241603887
D415K,1.07177686686031
D415L,-1.56391186436796
D415M,0.32631468453315
D415N,1.39128766892767
D415P,-0.426527278312951
D415Q,0.599343182512168
D415R,-1.73754097669791
D415S,-0.027173605417921
D415T,0.519566685938642
D415V,0.685124914322745
D415W,-0.666872936339429
D415Y,-0.319170605981672
S416A,-2.14466343982029
S416C,0.334918843774291
S416D,-0.738241644231516
S416E,-0.0292546120914483
S416F,-0.840814258366078
S416G,1.2492830788308
S416H,0.651089811407184
S416I,3.24647999799223
S416K,0.86044146402441
S416L,-1.78051313140113
S416M,-1.59031197917865
S416N,0.72630342324093
S416P,-0.887869171129333
S416Q,-0.573993321275308
S416R,-0.0905897621028366
S416T,1.52926569332636
S416V,0.388896962742061
S416W,1.6474922460697
S416Y,-0.0447334313688007
T417A,0.847492239511787
T417C,-0.919749123968932
T417D,-0.203923265368611
T417E,0.517157809789497
T417F,2.47874709318093
T417G,0.1363122882702
T417H,1.18314010921683
T417I,0.90012760154773
T417K,0.0332963724210832
T417L,0.135825704305375
T417M,2.08309521939376
T417N,0.20448360973863
T417P,-1.27109811526668
T417Q,-0.729091323930206
T417R,-0.992445946117921
T417S,0.946257080466663
T417V,0.607565873470091
T417W,1.18262325540564
T417Y,-1.89301946456722
Q418A,0.90039138685438
Q418C,-2.04046514333506
Q418D,-1.2196442707227
Q418E,0.118526832856825
Q418F,-1.81097767561539
Q418G,-1.24854753001594
Q418I,-0.0145086407748584
Q418K,-1.64224233728168
Q418L,0.590907341442923
Q418M,0.0191333439682919
Q418N,0.832620399263501
Q418P,-1.02127565399761
Q418R,0.461545643467599
Q418S,0.816693764020403
Q418T,-0.237891233505135
Q418V,1.39284219891471
Q418W,-0.35060353860946
Q418Y,-0.250402654875029
A419C,-0.530706913911019
A419D,-0.951963105441929
A419E,0.535960049430612
A419F,-2.3041825780776
A419G,-0.128890691416356
A419H,0.586504254868145
A419I,-0.251182705876632
A419K,2.10639828334347
A419L,0.261929034143498
A419M,0.399282364380789
A419N,-0.591258089253061
A419P,0.832930490808874
A419Q,-1.67582559852045
A419R,-0.107891770447424
A419S,0.720938196531801
A419T,-0.0788834974413508
A419V,1.87218016048715
A419W,1.0923886539028
A419Y,-2.14928244903346
