Mutation,Escape_Score
S2C,0.0722428281957018
S2F,0.214896942879658
S2H,0.42262543870862
S2I,1
S2N,0.509636558442748
S2P,0.0813075637462456
S2T,0.14182074183853
S2Y,0.169264498586853
D3A,0.457563948876223
D3C,0.233123204452968
D3E,0.161969458293269
D3F,0.143102606993539
D3G,0.258660399123726
D3H,0.143509054727662
D3I,0.149762189490178
D3K,0.118263674464659
D3L,0.1414273546151
D3M,0.274098066209143
D3N,0.453660518610234
D3P,0.0885897832406524
D3Q,0.13524924841119
D3R,0.0862256101095916
D3S,0.414557692465428
D3T,0.100913568082244
D3V,0.0958137996366534
D3W,0.258414872428632
D3Y,0.300430707536333
N4A,0.871824987610182
N4C,0.113408822817417
N4D,0.0739591289127109
N4E,0.850914420499273
N4F,0.0738195928313259
N4G,0.048889376080658
N4H,0.0532591630417061
N4I,0.0288181314428876
N4K,0.319093381605416
N4L,0.00849661375470669
N4M,0.170696559355265
N4P,0.0580041962409811
N4Q,0.0896470357765125
N4R,0.130025548695108
N4S,0.181011725651957
N4T,0.207885059885812
N4V,0.0842471108855685
N4W,0.131170723016794
N4Y,0.023914802035346
G5A,0.0351552075288588
G5C,0.173615912355757
G5D,0.164086428426893
G5E,0.136495174454963
G5F,0.0336685454719459
G5H,0.170634507788729
G5I,0.107012690046958
G5K,0.312649602033462
G5L,0.228425921399058
G5M,0.213156057930106
G5N,0.152557584014543
G5P,0.15807575321258
G5Q,0.154670740436477
G5R,0.263499726763846
G5S,0.0859180068946043
G5T,0.05757047293463
G5V,0.601748252602461
G5W,0.105690389482925
G5Y,0.16971760320664
P6A,0.0978455736704218
P6C,0.116146392644538
P6D,0.0840450533067701
P6E,0.0500854903989242
P6F,0.0718650175762371
P6G,0.0585656269949331
P6H,0.130729480211447
P6I,0.176075546148265
P6K,0.212179591031198
P6L,0.0557026124039984
P6M,0.0970090762183771
P6N,0.18069703338828
P6Q,0.0602744993176341
P6R,0.293229945410821
P6S,0.0864616779699609
P6T,0.117942803586288
P6V,0.117708808333775
P6W,0.115969983492557
P6Y,0.0285085918999994
Q7A,0.0496310715225898
Q7C,0.112127930443013
Q7D,0.0915956678671884
Q7E,0.040820515316671
Q7F,0.0941344873952273
Q7G,0.191651748208849
Q7H,0.1671947113725
Q7I,0.0985894137531727
Q7K,0.242352421450923
Q7L,0.0773749327994588
Q7M,0.0912500224212984
Q7N,0.0724911875172286
Q7P,0.00433684625145416
Q7R,0.475055004700222
Q7S,0.265021675067551
Q7T,0.10893471001355
Q7V,0.292947270660861
Q7W,0.181966973263623
Q7Y,0.255065917305423
N8A,0.0751998431163733
N8C,0.11919890669653
N8D,0.0999535632771868
N8E,0.0990487386685377
N8F,0.114849131006163
N8G,0.10160814515302
N8H,0.173211457387099
N8I,0.0434521065552738
N8K,0.145446612378701
N8L,0.07402597691317
N8M,0.0322656286300289
N8P,0.0511128308207097
N8Q,0.151497477804469
N8R,0.120026950228943
N8S,0.153754768259347
N8T,0.12151111406952
N8V,0.404940375651968
N8W,0.102869580676377
N8Y,0.183846397653758
Q9A,0.140344739530696
Q9C,0.220979177667902
Q9D,0.0654160582256714
Q9E,0.0833522955878842
Q9F,0.206466725155288
Q9G,0.127012187828331
Q9H,0.133819516629872
Q9I,0.241218252807384
Q9K,0.0709449172424148
Q9L,0.331885947027945
Q9M,0.125227446133959
Q9N,0.0364148270551735
Q9P,0.0788076080380432
Q9R,0.170422074219305
Q9S,0.0441209335005082
Q9T,0.11489826432424
Q9V,0.0961994757181493
Q9W,0.874563084801485
Q9Y,0.297095356860118
R10A,0.128330862433539
R10C,0.284722444127505
R10D,0.154815659009417
R10E,0.136665011117762
R10F,0.0527589621647218
R10G,0.0415975231074683
R10H,0.162171608781215
R10I,0.0292684334842843
R10K,0.069458498572358
R10L,0.0609890564156137
R10M,0.342034341121508
R10N,0.0756032738318912
R10P,0.166606554789082
R10Q,0.195710696671989
R10S,0.0231621424722048
R10T,0.00618864446920958
R10V,0.189935112893471
R10W,0.0553696749221237
R10Y,0.0954539426693687
N11A,0.0710700971942635
N11C,0.219620280550019
N11D,0.145487001676312
N11E,0.046040869974873
N11F,0.382708340177028
N11G,0.772442950614333
N11H,0.34485154367439
N11I,0.295711168474535
N11K,0.177573713743118
N11L,0.0587962752007174
N11M,0.565774357523824
N11P,0.0381736846671474
N11Q,0.206738500432797
N11R,0.0521394741717297
N11S,0.125981379217458
N11T,0.166198406805399
N11V,0.192723204944871
N11W,0.0577101880250672
N11Y,0.123831872931782
A12C,0.210993377097886
A12D,0.141750179135927
A12E,0.107480522415507
A12F,0.226461049184142
A12G,0.0860660752904597
A12H,0.087295077699798
A12I,0.0775295148514727
A12K,0.0769991172338586
A12L,0.175020965633519
A12M,0.0594588122980687
A12N,0.107978620954573
A12P,0.0693154058993101
A12Q,0.0927421143777569
A12R,0.140074243949938
A12S,0.281790587895448
A12T,0.182472879655208
A12V,0.0928379921519103
A12W,0.598059177291998
A12Y,0.0455076270423195
P13A,0.0852353825966966
P13C,0.123062088368331
P13D,0.156967567209691
P13E,0.40930767890324
P13F,0.227515292427615
P13G,0.0755529898888263
P13H,0.350631507743051
P13I,0.143040575687441
P13K,0.111871439658164
P13L,0.104047865948753
P13M,0.108795609259399
P13N,0.14581909073323
P13Q,0.12840819227675
P13R,0.130546984986805
P13S,0.020817950527269
P13T,0.0705524449055953
P13V,0.0284588712252229
P13W,0.197294559837744
P13Y,0.0900515146641231
R14A,0.258508803515984
R14C,0.152929589815564
R14D,0.00699876767604212
R14E,0.144637242886482
R14F,0.0617169339265358
R14G,0.097221608274357
R14H,0.190003873705136
R14I,0.0489590059387266
R14K,0.0752717958335605
R14L,0
R14M,0.10337721553738
R14N,0.0564516955353904
R14P,0.00576709434832093
R14Q,0.524443109687795
R14S,0.0879077271667086
R14T,0.131297577012844
R14V,0.112606126506783
R14W,0.0528882507272705
R14Y,0.0396609224120611
I15A,0.0967749546375682
I15C,0.0956241212461728
I15D,0.122262019065295
I15E,0.134208430242735
I15F,0.0778805765087545
I15G,0.157023743587133
I15H,0.0256992708588371
I15K,0.327633997191684
I15L,0.0304997746970172
I15M,0.177514778744329
I15N,0.28113643602458
I15P,0.108291025507439
I15Q,0.0872923982517494
I15R,0.399874718115531
I15S,0.158204842393599
I15T,0.215110856453395
I15V,0.0657004508392422
I15W,0.0362656540508532
I15Y,0.529364364447766
T16A,0.3018753133633
T16C,0.0245727144363576
T16D,0.10244889703571
T16E,0.0847398128890521
T16F,0.211075542794655
T16G,0.120446083948536
T16I,0.122731368476707
T16K,0.0726610568498423
T16L,0.0557623392494836
T16M,0.0417479838170724
T16N,0.056271838407151
T16R,0.359398947608533
T16S,0.0386323664960078
T16V,0.12294493693583
T16W,0.259882231126737
T16Y,0.403476306099037
F17A,0.13495602244477
F17C,0.171333349672484
F17D,0.0852961123209589
F17E,0.313416099894622
F17G,0.119058602516015
F17H,0.264943096233043
F17I,0.126803439208793
F17K,0.170580933374981
F17L,0.116142304387717
F17M,0.178098560968313
F17N,0.0763566969095407
F17P,0
F17Q,0.17715174087212
F17R,0.0426943737052359
F17S,0.118220152918648
F17T,0.0824017855254651
F17V,0.0835155127880322
F17W,0.113104480437383
F17Y,0.419377420487783
G18A,0
G18C,0.231599750745523
G18D,0.107143570632109
G18E,0.0549513438072452
G18F,0.0842587271711094
G18H,0.146594337241272
G18I,0.178946101305732
G18K,0.462995290166121
G18L,0.218148238162748
G18M,0.241123217717827
G18N,0.0954855081266006
G18P,0.226738810280427
G18Q,0.137270822641778
G18R,0.205401353261158
G18S,0.124017174191243
G18T,0.0242044957522472
G18V,0.0876933847400965
G18W,0.0716550034078461
G18Y,0.210782456574218
G19A,0.120018678436149
G19C,0.18544348328906
G19D,0.35010177011739
G19E,0.020061601707407
G19F,0.175466806377516
G19H,0.108344221366472
G19I,0.132918431065536
G19K,0.118793120742011
G19L,0.511928625960074
G19M,0.0310524462071745
G19N,0.176371953352182
G19P,0.00750409854910815
G19Q,0.157548556485126
G19R,0.0318843526109508
G19S,0.18781395099509
G19T,0.0504236962255555
G19V,0.0219997512794741
G19W,0
G19Y,0.130552514223621
P20A,0.103163780704375
P20C,0.145868843191553
P20D,0.0468868121222229
P20E,0.0261683484744039
P20F,0
P20G,0.0207593965494038
P20H,0.0591577606662104
P20I,0.0356524938664779
P20K,0.316463673367805
P20L,0.104209222310255
P20M,0.958578244207699
P20N,0.653765712783686
P20Q,0.073532062641946
P20R,0.169588539857106
P20S,0.0850669961375251
P20T,0.0632661729370551
P20V,0.176576683993643
P20W,0.190582695285244
P20Y,0.0727111682405923
S21A,0.0727778761638642
S21C,0.0311428560386031
S21D,0.108326133362352
S21E,0.137855006268984
S21F,0
S21G,0.278082887832844
S21H,0.244455962372607
S21I,0.0436800473473563
S21K,0.0623597851731015
S21L,0.00876680398312121
S21M,0.275003814761565
S21N,0.320292946608093
S21P,0.10356067408583
S21Q,0.107934301600572
S21R,0.123396156549906
S21T,0.112710056750955
S21V,0.188991537580058
S21W,0.0318542188340582
S21Y,0.0891161515375847
D22A,0.394506179240454
D22C,0.0415793718938373
D22E,0.039992763871853
D22F,0.169985769963163
D22G,0.280961214766837
D22H,0.0473221846475453
D22I,0.0957464929438196
D22K,0.0812231157735134
D22L,0.2107845856308
D22M,0.141010021665693
D22N,0.250404661046592
D22P,0.0668884664927576
D22Q,0.0440506189352184
D22R,0.54264902037039
D22S,0.0493153085449637
D22T,0.246270912136147
D22V,0.344889535793609
D22W,0.464135011028483
D22Y,0.246918707827168
S23A,0.0531196323470037
S23C,0.14161164433811
S23D,0.265696897111128
S23E,0.383746317856337
S23F,0.10785117077902
S23G,0.088941306879073
S23H,0.193037189762383
S23I,0.070987206041594
S23K,0.33454673150623
S23L,0.212170143416972
S23M,0.0442235474460974
S23N,0.0272082884849203
S23P,0.115337765881764
S23Q,0.173569718447256
S23R,0.0212486528128016
S23T,0.0889612954659503
S23V,0.0121696872603093
S23W,0.0565505688129176
S23Y,0.0339919070494696
T24A,0.160395584571821
T24C,0.0480139648548356
T24D,0.261274981224662
T24E,0.058938486837205
T24F,0.20233181195694
T24G,0.1360386993425
T24H,0.0400653890006716
T24I,0.0517434185053818
T24K,0.26779683746064
T24L,0.322843111518948
T24M,0.260605785146004
T24N,0.0361045154339263
T24P,0.0718899453043297
T24Q,0.0754226059696447
T24R,0.200121055632819
T24S,0.0726482726396573
T24V,0.152316047086569
T24W,0.370357694198618
T24Y,0.14089164215497
G25A,0.097571866255788
G25C,0
G25D,0.10004240423274
G25E,0.101528414817785
G25F,0.0447082809751371
G25H,0.506526452358114
G25I,0.0694279898904413
G25K,0.161875702861799
G25L,0.0276490128898233
G25M,0.197666032292615
G25N,0.0286670786239265
G25P,0.0600427341747504
G25Q,0.292923693355015
G25R,0.00974089331457912
G25S,0.0411826363139692
G25T,0.00686891797590566
G25V,0.15737144662623
G25W,0.186506247755778
G25Y,0.160681480759953
S26A,0.144290843569976
S26C,0.249149324261421
S26D,0.041270402365588
S26E,0.181089655728422
S26F,0.10956348178852
S26G,0.0260710859856796
S26H,0.0370777890689168
S26I,0.0755200495151782
S26K,0.197926078667038
S26L,0.168346544145117
S26M,0.188437065873368
S26N,0.577239457783853
S26P,0.0300510848388304
S26Q,0.302372675187351
S26R,0
S26T,0.412151193317919
S26V,0.263142397158985
S26W,0.138595244016689
S26Y,0.0806127142144806
N27A,0.074982096056435
N27C,0.230183491714857
N27D,0.218558435502526
N27E,0.25666285822139
N27F,0.144619851221403
N27G,0.183578528309378
N27H,0.151876046406075
N27I,0.290816218924788
N27K,0.170133244936589
N27L,0.0546908710766605
N27M,0.235505759173908
N27P,0.00532270860888733
N27Q,0.203184372631041
N27R,0.0886211449790271
N27S,0.0849667837019591
N27T,0.0541784180068754
N27V,0.12068450785136
N27W,0.0476484796763825
N27Y,0.236845164082701
Q28A,0.0667481686437801
Q28C,0.136137103083722
Q28D,0.0530299681496493
Q28E,0.0570445608088657
Q28F,0.103995005607585
Q28G,0.24322322786091
Q28H,0.279090421229227
Q28I,0.131295530247897
Q28K,0.111896568013883
Q28L,0.0629463874604548
Q28M,0.122291905570093
Q28N,0.129000764467396
Q28P,0.0131646194648814
Q28R,0.59878618514286
Q28S,0.308397955658962
Q28T,0.00455726288786048
Q28V,0.0690115477507056
Q28W,0.118301001508075
Q28Y,0.101970131109754
N29A,0.193842408857131
N29C,0
N29D,0.0823934576383138
N29E,0
N29F,0.0410898872706716
N29G,0.139847391755055
N29H,0.0711173430283954
N29I,0.0472016700318326
N29K,0.252143845849755
N29L,0.0432066958979713
N29M,0.100105694261443
N29P,0.276513092512721
N29Q,0.240702833061361
N29R,0.588447979448356
N29S,0.075169593336325
N29T,0.157930352574618
N29V,0.761791231957975
N29W,0.107772790567698
N29Y,0.185725222567305
G30A,0.0116578441417845
G30C,0.0560413938010879
G30D,0.100028101657307
G30E,0.0561005609846055
G30F,0.146270115626754
G30H,0.0854856846843523
G30I,0.0747762337595697
G30K,0.0461691655732106
G30L,0.0981290278759221
G30M,0.111125122169525
G30N,0.104232948821097
G30P,0.105273845006727
G30Q,0.0769863326883484
G30R,0.344551110274524
G30S,0.203045406038638
G30T,0.179161022234264
G30V,0.160666256901683
G30W,0.0354323333686662
G30Y,0.178663793216227
E31A,0.219205542488817
E31C,0.122167036987013
E31D,0.135410067969349
E31F,0.169666711927467
E31G,0.0743459357392142
E31H,0.0243775249233922
E31I,0.111859699506074
E31K,0.28815724717362
E31L,0.848825493905304
E31M,0.0369837924606014
E31N,0.0700263455824584
E31P,0.280341101539144
E31Q,0.165715501419664
E31R,0.114533838474548
E31S,0.0791026935177262
E31T,0.0431689594130995
E31V,0.0852810233500692
E31W,0.266558752561385
E31Y,0.238548629082934
R32A,0.0728052226346783
R32C,0.254336966243413
R32D,0.00989907892377722
R32E,0.199726621789222
R32F,0.0987073187670003
R32G,0.0343089428002122
R32H,0.144264321955497
R32I,0.153222252424692
R32K,0.243257413171822
R32L,0.517274150961754
R32M,0.0866629489736213
R32N,0.173698621270496
R32Q,0.0117548447504338
R32S,0.0356889448095741
R32T,0.0748114984797907
R32V,0.0764474318472805
R32W,0.0899658093501497
R32Y,0.108859000430872
S33A,0.143886657353091
S33C,0.199523553614756
S33D,0.0513705673253524
S33E,0.130575099655634
S33F,0.0318021981611736
S33G,0.0280367947805276
S33H,0.189737658806149
S33I,0.0659044278599781
S33K,0.377543912132086
S33L,0.128918262258942
S33M,0.0151066366176202
S33N,0.129517369482414
S33P,0.211836912944315
S33Q,0.0873428679899641
S33R,0.0679858168036495
S33T,0.184380851966351
S33V,0.0727133943307993
S33W,0.0663443592945183
S33Y,0.204056749880871
G34A,0.0488780922830941
G34C,0.1257726892192
G34D,0.0642173706848575
G34E,0.562878286919937
G34F,0.0282982409971668
G34H,0.02231836789032
G34I,0.268728438323665
G34K,0.27880293775225
G34L,0.144178011094262
G34M,0.189246592531217
G34N,0
G34P,0.253559376498652
G34Q,0.210646817927773
G34R,0.0703816716963578
G34S,0.0743905879528713
G34T,0.101167835811204
G34V,0.102741286679611
G34W,0.179109620716563
G34Y,0.143224769811419
A35C,0.39258161873302
A35D,0.125789095065874
A35E,0.080246406829628
A35F,0.124766257117572
A35G,0.306337436637341
A35H,0.141136011008069
A35I,0.121138745134183
A35K,0.048693125566708
A35L,0.166147597142664
A35M,0.0762890155780735
A35N,0.12821245774433
A35P,0.0350033931649497
A35Q,0.0200788652820543
A35R,0.264706272323069
A35S,0.0645097038113262
A35T,0.0855074067619184
A35V,0.0222981991950571
A35W,0.0144429053190254
A35Y,0.0473325917574758
R36A,0.109923992089991
R36C,0.126480337356032
R36D,0.0493688530132011
R36E,0.192472064319678
R36F,0.106215795772632
R36G,0.0896713203834434
R36H,0.223526065606088
R36I,0.0717434046313978
R36K,0.166453753644505
R36L,0.128464030411604
R36M,0.221049129924207
R36N,0.381102739919634
R36P,0.0535855940342582
R36Q,0.0582828976569823
R36S,0.0268960022402901
R36T,0.142156585930231
R36V,0.00919520485679622
R36W,0.0477222388473741
R36Y,0.148364910326666
S37A,0
S37C,0.189265374002774
S37D,0.311337232362457
S37E,0.207019145977238
S37F,0.0212135488019136
S37G,0.0266870794744758
S37H,0.0303214796740324
S37I,0.0473119224466666
S37K,0.275882738434108
S37L,0.103604095535116
S37M,0.268388312085629
S37N,0.317466298041715
S37P,0.0840070207419201
S37Q,0.0891393614078913
S37R,0.0389130785238865
S37T,0.130750712373024
S37V,0.163731859754964
S37W,0.253930410652658
S37Y,0.141765763426121
K38A,0.0714132488011517
K38C,0.0322071320199564
K38D,0.0316649802348924
K38E,0.153900427443478
K38F,0.0534839189140265
K38G,0
K38H,0
K38I,0.0187018476813575
K38L,0.0380726355337406
K38M,0.0712265258480583
K38N,0.0538801993925813
K38P,0.194250825503316
K38Q,0.644990306812706
K38R,0.111493871307226
K38S,0.0839417788615437
K38T,0.00704335084837402
K38V,0.221705775868982
K38W,0.0431335062557612
K38Y,0.0834359767650176
Q39A,0.166759858374588
Q39C,0.149322382411734
Q39D,0.0851469507581549
Q39E,0.120389915509328
Q39F,0.174473664623462
Q39G,0.213291805596379
Q39H,0.388589549369171
Q39I,0.195665117120362
Q39K,0.179562358139374
Q39L,0.0276057690212356
Q39M,0.0481360892530264
Q39N,0.082730130502646
Q39P,0.371200795006869
Q39R,0.23352295884278
Q39S,0.0585245346360908
Q39T,0.0796563597205866
Q39V,0.160457648713231
Q39W,0.13945338348084
Q39Y,0.144252469419927
R40A,0.0543330609876329
R40C,0.0611241287848976
R40D,0.026616866818628
R40E,0.132163092916938
R40F,0.0361098139448664
R40G,0.131630688373846
R40H,0.0394620231330434
R40I,0.356474557346842
R40K,0.0552878787212004
R40L,0.000626614232804482
R40M,0.102398993270654
R40N,0.23650303678071
R40P,0.0830343771395613
R40Q,0.0474562921873509
R40S,0.0515054093000009
R40T,0.0144697946264785
R40V,0.0809580408114537
R40W,0.0213854637490125
R40Y,0.073001773287458
R41A,0.045113559304672
R41C,0.571319118722216
R41D,0.127496758219442
R41E,0
R41F,0.0440854052132602
R41G,0.0597252467485749
R41H,0.0550388924166036
R41I,0.45281297004495
R41K,0.262887228773861
R41L,0.132411123826006
R41M,0.0984359854533901
R41N,0.0602731173821215
R41P,0.0834596454592654
R41Q,0.15312901364729
R41S,0.112525009576802
R41T,0.179704044520359
R41V,0.0515530370191656
R41W,0.356710530777924
R41Y,0.0325765193869493
P42A,0.127352885342593
P42C,0.0785787947542002
P42D,0.0600476377893688
P42E,0.150767519430538
P42F,0.0907590365452998
P42G,0.478023297104759
P42H,0.0939044169206082
P42I,0.0425434113849213
P42K,0.0487924136171431
P42L,0.137890907382907
P42M,0.0162165954459232
P42N,0.0326958165231404
P42Q,0.108469010261469
P42R,0.0517983978510918
P42S,0.0308948666294068
P42T,0.162476262582781
P42V,0.154163773452324
P42W,0.115468306535916
P42Y,0.125182628409022
Q43A,0.0530081630640614
Q43C,0.153546655437101
Q43D,0.0325651765877199
Q43E,0.0224900372219772
Q43F,0.0390304204781463
Q43G,0.274480523800336
Q43H,0.053688534374349
Q43I,0.0500115213018456
Q43K,0.0781602943295907
Q43L,0.0532016787858597
Q43M,0.0390535754534376
Q43N,0.321850638337405
Q43P,0.4208231795341
Q43R,0.499302003161749
Q43S,0.108157284648044
Q43T,0.0429219267412077
Q43V,0.12257167856206
Q43W,0.158642993156788
Q43Y,0.0989694124680533
G44A,0.357913177364004
G44C,0.532799997977233
G44D,0.0609278274076805
G44E,0.0997120716011686
G44F,0.476492852593418
G44H,0.152943566381682
G44I,0.505449941559268
G44K,0.335985422758819
G44L,0.0211371377021583
G44M,0.0421814394367111
G44N,0.0320474456292602
G44P,0.326378479135987
G44Q,0.159379806989188
G44R,0
G44S,0.24621711891917
G44T,0.341925479174448
G44V,0.355826804741159
G44W,0.0907715647599462
G44Y,0.0671066222966903
L45A,0.140491834102487
L45C,0.044481245533292
L45D,0.349516815738968
L45E,0.23910140448064
L45F,0.149920275348842
L45G,0.0616527271983727
L45H,0.267536834448413
L45I,0.518929204749077
L45K,0.0215835790471559
L45M,0.341953968086141
L45N,0.279823376803314
L45P,0.0234469522630986
L45Q,0.0883642152098996
L45R,0
L45S,0
L45T,0.034771579905194
L45V,0.0347183344920577
L45W,0.441383100898659
L45Y,0.0845904544434366
P46A,0.073688363383398
P46C,0.0791289305895028
P46D,0.0669036631221797
P46E,0.10499582537024
P46F,0.0318084662509498
P46G,0.263560492287621
P46H,0.0543106719107584
P46I,0.024267562833402
P46K,0.0108164824893767
P46L,0.50327434002904
P46M,0.121635447445865
P46N,0.0677511143813643
P46Q,0.267754317786498
P46R,0.0125676895919291
P46S,0.0505552363026656
P46T,0.0965250196464345
P46V,0.0611388899598252
P46W,0.408050307805354
P46Y,0.0755348458823532
N47A,0.156760422643924
N47C,0.389943189709106
N47D,0.106853246189061
N47E,0.2257905107933
N47F,0.0544515469990415
N47G,0.0944712835432692
N47H,0.396197707681942
N47I,0.179763030683925
N47K,0.0874408244524049
N47L,0.396893526233733
N47M,0.158477278908278
N47P,0.145594557225627
N47Q,0.00127407349553089
N47R,0.133180848914132
N47S,0.226719414950054
N47T,0.558325605158032
N47V,0.260970080825261
N47W,0.298614013555161
N47Y,0.17477452341746
N48A,0.127643601591995
N48C,0.186587259794189
N48D,0.13506862291523
N48E,0.0760017472256109
N48F,0.0735105881466387
N48G,0.314018698258416
N48H,0.143741791653804
N48I,0.195699005466442
N48K,0.10218303209111
N48L,0.127418281114612
N48M,0.257934879095233
N48P,0.0922129762691339
N48Q,0.145302968397133
N48R,0.217527413933879
N48S,0.204619937582317
N48T,0.14829081450883
N48V,0.082977285770272
N48W,0.352781072410251
N48Y,0.0691251542963524
T49A,0.140786734007423
T49C,0.0990924881344859
T49D,0.293774716950099
T49E,0.185813816515822
T49F,0.365986215849265
T49G,0.444603417687974
T49H,0
T49I,0.249002515702561
T49K,0.245813824630724
T49L,0.354685946392219
T49M,0.0197151339341872
T49N,0.0447599948625651
T49P,0.417633166249851
T49Q,0.315630693013634
T49R,0.182442517721328
T49S,0.198329642338017
T49V,0.153109190650918
T49W,0.196283443113542
T49Y,0.304896503986579
A50C,0.0117093772559735
A50D,0.139090768042146
A50E,0.0609736187978329
A50F,0.0572010360653757
A50G,0.0789184731759613
A50H,0.0351005448107888
A50I,0.101553748358452
A50K,0.12185952724421
A50L,0.413890149367709
A50M,0.0826015963795445
A50N,0.270611970476556
A50P,0.252497007917351
A50Q,0.192825815072046
A50R,0.290625021526019
A50S,0.0340245017622632
A50T,0.171205077371289
A50V,0.041635979009062
A50W,0.0180955101663203
A50Y,0.159291912381603
S51A,0.304691196710404
S51C,0.414514198037182
S51D,0.339440919117362
S51E,0.121173381257475
S51F,0.231970851595266
S51G,0.590264703802994
S51H,0.466507345527232
S51I,0.400164927674342
S51K,0.226092869045509
S51L,0.486065876519449
S51M,0.261292763386485
S51N,0.288872415141195
S51P,0.323528383918892
S51Q,0.131314508272717
S51R,0.0710242845197298
S51T,0.731161011012851
S51V,0.385694550371521
S51W,0.873752234686286
S51Y,0.512118958366059
W52A,0.197216707248948
W52C,0
W52D,0.136720073497183
W52E,0.275208544658684
W52F,0.276645603631734
W52G,0.26273780443011
W52H,0.181057632800795
W52I,0.0358361806433142
W52K,0.0765201371479645
W52L,0.127756914844281
W52M,0.0763566969095407
W52N,0.437264879674036
W52P,0.214659138269255
W52Q,0.0998475009051404
W52R,0.15705213049241
W52S,0.199397015117462
W52T,0.208596147071787
W52V,0.142972953344643
W52Y,0.158923315772
F53A,0.225807681199459
F53C,0.204209770804585
F53D,0.239112604134229
F53E,0.425558435608078
F53G,0.0545078946774342
F53H,0.239004544207681
F53I,0.376921690149156
F53K,0.0562723342966018
F53L,0.0593682515012491
F53M,0.264444452187153
F53N,0.0668285823110376
F53P,0.156503076734331
F53Q,0.118384623268115
F53R,0.256557814032301
F53S,0.175371035021209
F53T,0.112223833580744
F53V,0.399010336107816
F53W,0.728648515983183
F53Y,0.291259022855318
T54A,0.205985507942017
T54C,0.109085507694919
T54D,0.869879944030802
T54E,0.237741058889951
T54F,0.20824847606952
T54G,0.225211314082586
T54H,0.0600211705242813
T54I,0.486274659380824
T54K,0.152492788438511
T54L,0.229937768063753
T54M,0.189867002887409
T54N,0.239528922762477
T54P,0.539402891127645
T54Q,0.313872528749812
T54R,0.14059380598065
T54S,0.131307728361459
T54V,0.513379254685827
T54W,0.164570021475416
T54Y,0.267638037618574
A55C,0.162715206662771
A55D,0.187494861287648
A55E,0.240468422715556
A55F,0.160585408354936
A55G,0.0835598988651879
A55H,0.122553095918401
A55I,0.70379765734848
A55K,0.241468393337522
A55L,0.139949923526042
A55M,0.472177152913425
A55N,0.276332384808477
A55P,0.222648787786449
A55Q,0.0186056367962114
A55R,0.173357004038288
A55S,0.277932452162457
A55T,0.316054105369731
A55V,0.432202449393039
A55W,0.179055149758636
A55Y,0.412894639925412
L56A,0.214342376137033
L56C,0.205539290380664
L56D,0.238133207862176
L56E,0.325658949017404
L56F,0.17458134416765
L56G,0.383792119027496
L56H,0.270193621582268
L56I,0.0656751048966499
L56K,0.0654325265497716
L56M,0.0945107396025752
L56N,0.127480783183955
L56P,0.281507949742173
L56Q,0.40410761283062
L56R,0.0664393195533562
L56S,0.545016044734721
L56T,0.203051752380709
L56V,0.147014231598327
L56W,0.2905269314678
L56Y,0.310810290429453
T57A,0.164729832000775
T57C,0.229366600624816
T57D,0.122805329759996
T57E,0.115438750083507
T57F,0.116410083591664
T57G,0.152021253025132
T57H,0.244429798161473
T57I,0.11078019310467
T57K,0.0342890108192758
T57L,0.050326361891994
T57M,0.153686198794243
T57N,0.0187313136797501
T57P,0.136411245986456
T57Q,0.13662284785376
T57R,0.185710044121928
T57S,0.18707443592157
T57V,0.218276174079821
T57W,0.183081011060707
T57Y,0.323079690633259
Q58A,0.12569301418055
Q58C,0.379801358419599
Q58D,0.107205245309866
Q58E,0.514898116511279
Q58F,0.646297866602406
Q58G,0.519761675005216
Q58H,0.383301223804446
Q58I,0.362023130943241
Q58K,0.51458372841379
Q58L,0.174929136186999
Q58M,0.117057845896799
Q58N,0.0578357346665758
Q58P,0.254144835222045
Q58R,0.0281604884994078
Q58S,0.13534144809198
Q58T,0.04922256162878
Q58V,0.461087285238206
Q58W,0.338468778649732
Q58Y,0.436552504292011
H59A,0.23397464735118
H59C,0.0451043300346485
H59D,0.0784159687176383
H59E,0.195034229364971
H59F,0.290938205927149
H59G,0.0381027339703876
H59I,0.125052686502609
H59K,0.0213036006788958
H59L,0.106404264928168
H59M,0.252982698001493
H59N,0.424676583506055
H59P,0.139673931797756
H59Q,0.0687314175329284
H59R,0.004629600394017
H59S,0.0257773012211584
H59T,0.238330638860969
H59V,0.190698886441626
H59W,0.122597350591146
H59Y,0.161951342012402
G60A,0.204082752779883
G60C,0.261965111581096
G60D,0.287671520217805
G60E,0.239728743896928
G60F,0.121114676607716
G60H,0.266427856821539
G60I,0.20345510035225
G60K,0.0301346078942958
G60L,0.205115126280511
G60M,0.173165628860184
G60N,0.115025787370105
G60P,0.0952142424785137
G60Q,0.167113519624506
G60R,0.215140871692006
G60S,0.0472912151767415
G60T,0.13930584359543
G60V,0.154807141052222
G60W,0.494689739663133
G60Y,0.0518798276468403
K61A,0.085054559304957
K61C,0.263846014290259
K61D,0.0756427971746651
K61E,0.0314881015830611
K61F,0.2957653280292
K61G,0.159315072309574
K61H,0.03215766621194
K61I,0.169496045864235
K61L,0.0145262998593015
K61M,0.184081419886249
K61N,0.64846263674147
K61P,0.0541920446121879
K61Q,0.0354583801932629
K61R,0.143074257180945
K61S,0
K61T,0.132165616267799
K61V,0.0785615762887292
K61W,0.107121257966829
K61Y,0.12032134656752
E62A,0.143986432507592
E62C,0.188355067292698
E62D,0.0567563983439489
E62F,0.0674262523650875
E62G,0.240471858878228
E62H,0.114384752528378
E62I,0.197294377200719
E62K,0.0229851881299004
E62L,0.182176938869239
E62M,0.0820857705175391
E62N,0.0879475480679316
E62P,0.143813554643047
E62Q,0.169716013761438
E62R,0.126930528914418
E62S,0.276075639954553
E62T,0.437660438975115
E62V,0.27279417104311
E62W,0.0744634123871091
E62Y,0.272402712340334
D63A,0.123032654718877
D63C,0.254551112741629
D63E,0.0472082557735694
D63F,0.212066908835152
D63G,0.440391730105308
D63H,0.220953341729627
D63I,0.1342221738097
D63K,0.0636504067854732
D63L,0.217199708971736
D63M,0.191600479464668
D63N,0.263248474856146
D63P,0.0463315251708146
D63Q,0.463071921411222
D63R,0.224879711031001
D63S,0.656221909642975
D63T,0.0621312735931855
D63V,0.0926899360964009
D63W,0.142445117914755
D63Y,0.16723106156098
L64A,0.298361366407404
L64C,0.295638674453063
L64D,0.48733906565503
L64E,0.202214756541755
L64F,0.0655208635643467
L64G,0.389781453656916
L64H,0.276600723861973
L64I,0.148297488238637
L64K,0.237985494253639
L64M,0.193843263818544
L64N,0.251006682705742
L64P,0
L64Q,0.0806044069504514
L64R,0.151960557751395
L64S,0.51704218945908
L64T,0.330283955898923
L64V,0.253688224355314
L64W,0.173875445198228
L64Y,0.255564154103549
K65A,0.0866369976961004
K65C,0.29780282940409
K65D,0.0722956281588761
K65E,0.0902361539281322
K65F,0.133550082566208
K65G,0.0498276438741753
K65H,0.223778249956469
K65I,0.0841272782987676
K65L,0.153211381249809
K65M,0.197422448003147
K65N,0.0385258761146892
K65P,0.0922318865986883
K65Q,0.107397713765344
K65R,0.0807864920613359
K65S,0.0990502278657242
K65T,0.0419897650665234
K65V,0.3550548992711
K65W,0.0369158143639757
K65Y,0.0335263704209369
F66A,0.122280358857307
F66C,0.218124461766599
F66D,0.212572626885755
F66E,0.490453883318853
F66G,0.207187515345968
F66H,0.168940285546088
F66I,0.0251537841371193
F66K,0.118974388207889
F66L,0.538545238123778
F66M,0.451639388859174
F66N,0.0762074333637525
F66P,0.301928379333442
F66Q,0.0660299469458794
F66R,0.103948930485754
F66S,0.39481232160177
F66T,0.339738201903888
F66V,0.215397159320188
F66W,0.205270049392622
F66Y,0.00543838600501997
P67A,0.257511211003178
P67C,0.153500837223496
P67D,0
P67E,0.138400670277008
P67F,0.103047871435192
P67G,0.0598953004476619
P67H,0.274342709726337
P67I,0.182117108552293
P67K,0.180473720655885
P67L,0.277977267083753
P67M,0.0597649111329962
P67N,0.16847059186882
P67Q,0.1541238873647
P67R,0.254354936290302
P67S,0.0993501742165284
P67T,0.282923799491982
P67V,0.123998844724174
P67W,0.125304629673025
P67Y,0.0981207530167667
R68A,0.113258945787023
R68C,0.125785924098745
R68D,0.0966645337874835
R68E,0.0289858017551859
R68F,0.0291094385401547
R68G,0.0827147190815864
R68H,0.144108042670183
R68I,0.0729987840157403
R68K,0.156503957179421
R68L,0.28249790498354
R68M,0.276879971951855
R68N,0.264963604550578
R68P,0.17099786290301
R68Q,0.209951478917138
R68S,0.159010724413409
R68T,0.0594659855170696
R68V,0.105125209097564
R68W,0.0356939996255301
R68Y,0.0677717690956079
G69A,0.122926090652571
G69C,0.17057044638155
G69D,0.203648346711894
G69E,0.229592669301378
G69F,0.168481104589341
G69H,0.212729552618713
G69I,0.170777669731088
G69K,0.302507836272216
G69L,0.249453762407034
G69M,0.210749479469617
G69N,0.321704166061614
G69P,0.44661313588663
G69Q,0.37703385756888
G69R,0.116372645473831
G69S,0.11882417312803
G69T,0.301175144408555
G69V,0.283297144606269
G69W,0.260355529635028
G69Y,0.118263740323664
Q70A,0.198762837499114
Q70C,0.305204111967507
Q70D,0.145087133697282
Q70E,0.118677667931769
Q70F,0.245927565758041
Q70G,0.1645511996763
Q70H,0.0653549760376411
Q70I,0.228036510801605
Q70K,0.369602418653096
Q70L,0.108893128558165
Q70M,0.110142863856267
Q70N,0.434173652515944
Q70P,0.0952557301658682
Q70R,0.238985439903166
Q70S,0.244194274116271
Q70T,0.123129965968093
Q70V,0.199390881091938
Q70W,0.199296025129623
Q70Y,0.0555059536601825
G71A,0.28723170216506
G71C,0.14422665011271
G71D,0.540330294040235
G71E,0.407783417709458
G71F,0.648488080669366
G71H,0.425762172510782
G71I,0.585143758812336
G71K,0.225246102338609
G71L,0.686803834045865
G71M,0.707891783849679
G71N,0.0262317799725568
G71P,0.118648778290401
G71Q,0.148279792388881
G71R,0.337304835607361
G71S,0.271917904226996
G71T,0.18498472172736
G71V,0.643771614994489
G71W,0.884845833447179
G71Y,0.175470520939782
V72A,0.19467359950671
V72C,0.43374506899561
V72D,0.283346586136781
V72E,0.460933727213355
V72F,0.0252927938276294
V72G,0.48648946878001
V72H,0.461624360070419
V72I,0.0884749123024544
V72K,0.0754304405876437
V72L,0.389606254618322
V72M,0.286742211745888
V72N,0.316273364301534
V72P,0.340149833903333
V72Q,0.245478631138926
V72R,0.258406413755483
V72S,0.0970601776254996
V72T,0.196075547110741
V72W,0.226235561282913
V72Y,0.256230981260663
P73A,0.258651456038047
P73C,0.144776803201173
P73D,0.387925584797389
P73E,0.730148039261102
P73F,0.616180786688619
P73G,0.650182998341092
P73H,0.639382194286897
P73I,0.400553908319101
P73K,0.317445059754988
P73L,0.302912058723571
P73M,0.170727433398231
P73N,0.178456667238428
P73Q,0.4661112140667
P73R,0.17655357890761
P73S,0.498315108799016
P73T,0.190478505572987
P73V,0.235318465780958
P73W,0.625398074270246
P73Y,0.312157364762327
I74A,0.232354817067314
I74C,0.128480683322156
I74D,0.156103159116381
I74E,0.234805067415079
I74F,0.248526566933699
I74G,0.124920767456383
I74H,0.168102987223611
I74K,0.431310407617147
I74L,0.124998099756541
I74M,0.049100409358704
I74N,0.134137729708357
I74P,0.237997315927507
I74Q,0.179813915006653
I74R,0.164107789379881
I74S,0.205140969826207
I74T,0.167067076771557
I74V,0.252856635897477
I74W,0.158676800725146
I74Y,0.14387640386896
N75A,0.243290353978568
N75C,0.170272381694319
N75D,0.575221136611385
N75E,0.174602072002927
N75F,0.174713648121399
N75G,0.232407616411756
N75H,0.287589667590014
N75I,0.455598080498762
N75K,0.168681898637854
N75L,0.223314910030411
N75M,0.0488745155520276
N75P,0.409513600359906
N75Q,0.35720657404211
N75R,0.0142676220809304
N75S,0.182041842120946
N75T,0.285759907392614
N75V,0.592973616150569
N75W,0.142274581082482
N75Y,0.104599937730144
T76A,0.0941140682838524
T76C,0.0802968842045798
T76D,0.0999431776110115
T76E,0.107091427819396
T76F,0.100074996302891
T76G,0.142051288859526
T76H,0.119151655155591
T76I,0.223599211263138
T76K,0.0128639278123831
T76L,0.0174385670557815
T76M,0.181691169293421
T76N,0.14548269439616
T76P,0.041759616976905
T76Q,0.164449316123646
T76R,0.0248652793480733
T76S,0.067345055249302
T76V,0.205397052994994
T76W,0.061089839785713
T76Y,0.0971782734812773
N77A,0.225423967466035
N77C,0.192455015349636
N77D,0.00548189309306013
N77E,0.0956429485811765
N77F,0.0730714339836848
N77G,0.143102457831368
N77H,0.118446043883548
N77I,0.189299599419445
N77K,0.0924296216216778
N77L,0.145638103201339
N77M,0.189062733022298
N77P,0.230785197489531
N77Q,0.115400003469761
N77R,0.297761773138581
N77S,0.15839394738081
N77T,0.312307428489234
N77V,0.043765026180167
N77W,0.272415433711106
N77Y,0.0856341987573676
S78A,0.0086373067895638
S78C,0.1165122873525
S78D,0.234645129301269
S78E,0.215607349334565
S78F,0.197669272931875
S78G,0.199651516991983
S78H,0.110589579412081
S78I,0.143878912807614
S78K,0.265236979193563
S78L,0.0978459354056229
S78M,0.0867652796956504
S78N,0.0721139913903017
S78P,0.150468390341329
S78Q,0.0864539218305656
S78R,0.262507503079193
S78T,0.182587574122508
S78V,0.211268194971808
S78W,0.119806776785276
S78Y,0.158800871346583
S79A,0.428042812333572
S79C,0.241918425412153
S79D,0.0306868203894781
S79E,0.303791209917491
S79F,0.205463115473175
S79G,0.0983180084597295
S79H,0.0674108064634954
S79I,0.0857039883575778
S79K,0.207994588086867
S79L,0.409555414673901
S79M,0.137304960572689
S79N,0.0759176786759828
S79P,0.0217764584104791
S79Q,0.178070507375376
S79R,0.0785747516453032
S79T,0.094818314709656
S79V,0.274958946203811
S79W,0.016457911026089
S79Y,0.614797073839713
P80A,0.231450856863722
P80C,0.199592919869479
P80D,0.00847885961192205
P80E,0.0971827739990327
P80F,0.0943530005648754
P80G,0.0327071560892765
P80H,0.0651735278872278
P80I,0.174748807155516
P80K,0
P80L,0.0164193687244773
P80M,0.0677899759513017
P80N,0
P80Q,0.00567781180398311
P80R,0.338145878197595
P80S,0.0938174903375798
P80T,0.506762542231986
P80V,0.0919324713223986
P80W,0.212510949059878
P80Y,0.144656088178
D81A,0.0857089074190005
D81C,0.0861531953409095
D81E,0.033469126719711
D81F,0
D81G,0.244556759078042
D81H,0.192616505746064
D81I,0.145188086583502
D81K,0.131127523991854
D81L,0.357545256745826
D81M,0.0502788620083281
D81N,0.148555568072103
D81P,0.092270804557024
D81Q,0.0376575316965852
D81R,0.247899470615965
D81S,0.0893147641046179
D81T,0.109796603939187
D81V,0.100522621020417
D81W,0.301543290486961
D81Y,0.324666655154733
D82A,0.473814659025428
D82C,0.017582973871414
D82E,0.127296076758719
D82F,0.0896277313690629
D82G,0.178268243440642
D82H,0.127084443873781
D82I,0.22241198544029
D82K,0.115201826449271
D82L,0.0754788845128348
D82M,0.181909752035538
D82N,0.518515244129904
D82P,0.667677163674123
D82Q,0.105759152414825
D82R,0.169913375677753
D82S,0.082915264018795
D82T,0.333884099827617
D82V,0.190766634848105
D82W,0.198605872034308
D82Y,0.279323887769734
Q83A,0.081425192739265
Q83C,0.463085964532417
Q83D,0.0726368337681978
Q83E,0.178370289374324
Q83F,0.228398314297105
Q83G,0.171443485925388
Q83H,0.0495273109804303
Q83I,0.187016173485324
Q83K,0.0789417968226947
Q83L,0.0884356239337044
Q83M,0.287370459794298
Q83N,0.117686427623305
Q83P,0.628231693784082
Q83R,0.409824154401312
Q83S,0.179944777498233
Q83T,0.472165511751892
Q83V,0.0899586962894495
Q83W,0.0616681275465488
Q83Y,0.122355907443195
I84A,0.186452399430274
I84C,0.185079716117897
I84D,0.149643713423666
I84E,0.533876336610173
I84F,0.742383750682952
I84G,0.115505228213961
I84H,0.60125157148859
I84K,0.425123577999688
I84L,0.453407339418875
I84M,0.187127583282975
I84N,0.297827060153181
I84P,0.617115608147847
I84Q,0.354495383565186
I84R,0.479465571241239
I84S,0.587950731916159
I84T,0.0914178645831941
I84V,0.0752565228549196
I84W,0.484414285130071
I84Y,0.321150066676769
G85A,0.53850441058472
G85C,0.380191817723298
G85D,0.254079151521129
G85E,0.478621567316903
G85F,0.311813367382948
G85H,0.647218135083577
G85I,0.801356705926382
G85K,0.466185580659827
G85L,0.617897332588136
G85M,0.923612002092441
G85N,0.173716068541536
G85P,0.425807496239713
G85Q,0.501066940928246
G85R,0.0921707672929255
G85S,0.448076612296895
G85T,0.552228980289975
G85V,0.593837104465327
G85W,0.294235495578636
G85Y,0.41818216144007
Y86A,0.873055648547355
Y86C,0
Y86D,0.767049639111324
Y86E,0.119515703114867
Y86F,0.409573146444708
Y86G,0.0985730939029879
Y86H,0.11903923973237
Y86I,0.616173297578917
Y86K,0.0944754923103029
Y86L,0.597841800956888
Y86M,0.729255634346681
Y86N,0.497398292655259
Y86P,0.4316650411525
Y86Q,0.459852714391478
Y86R,0.0991714023736171
Y86S,0.367133896016349
Y86T,0.426622251012613
Y86V,0.50842674101042
Y86W,0.561036846528056
Y87A,0.240104881925899
Y87C,0.0947395791657775
Y87D,0.309004117907869
Y87E,0.945957836256614
Y87F,0.0723756857742943
Y87G,0.413232276766797
Y87H,0.685168413152166
Y87I,0.242504680028415
Y87K,0.215460532273558
Y87L,0.37474649543257
Y87M,0.399566148026095
Y87N,0.282176092864894
Y87P,0.464714454662863
Y87Q,0.356742731354343
Y87R,0.0744926518339501
Y87S,0
Y87T,0.291340406749545
Y87V,0.272465823737625
Y87W,0.186563417956819
R88A,0.0473686200450871
R88C,0.161577891071826
R88D,0.533863613013933
R88E,0.490461247712428
R88F,0.118017334132551
R88G,0.222378478238047
R88H,0.213324198043491
R88I,0.11531760105535
R88K,0.415465980650209
R88L,0.180072541542034
R88M,0.0143169761539668
R88N,0.130202512179735
R88P,0.231211283002517
R88Q,0.303077087393007
R88S,0.152316258843097
R88T,0.150733337746677
R88V,0.262162236908829
R88W,0.159518949498702
R88Y,0.167283691756595
R89A,0.228321447767655
R89C,0.204625332307319
R89D,0.117652400052748
R89E,0.276881531658886
R89F,0.122407233064315
R89G,0.144848598285428
R89H,0.135647732039502
R89I,0.751612428229914
R89K,0.134133546685576
R89L,0.141192555122521
R89M,0.129601730882147
R89N,0.529515854240458
R89P,0.355742703003897
R89Q,0.113003770693782
R89S,0.223843896182901
R89T,0.551417740905652
R89V,0.254620855106858
R89W,0.244692297803407
R89Y,0.517516453070765
A90C,0.338813457015226
A90D,0.200225462584678
A90E,0.158594467187586
A90F,0.109202174733095
A90G,0.0610726341610071
A90H,0.0591477149453179
A90I,0.184023846160091
A90K,0.0427275492754104
A90L,0.110984329201205
A90M,0.0847942019955852
A90N,0.0977829339572343
A90P,0.163443631679398
A90Q,0.119111539915935
A90R,0.179897491914943
A90S,0.0201160563943364
A90T,0.154755337594846
A90V,0.0923852784895379
A90W,0.134515041160086
A90Y,0.0655105791663434
T91A,0.17941378918263
T91C,0.142312518674623
T91D,0.136367729114596
T91E,0.0334731380901887
T91F,0.0680349970946846
T91G,0.0572294635142874
T91H,0.145738622413768
T91I,0.143063329485676
T91K,0.0645047955338851
T91L,0.227012108843046
T91M,0.146700462485414
T91N,0.131953475434869
T91P,0.0497013077929347
T91Q,0.0951613149052918
T91R,0.124109517582302
T91S,0.0649867842543131
T91V,0.0706855465651933
T91W,0.0794893652557636
T91Y,0.217192080104085
R92A,0.155806008432784
R92C,0.0298425434843187
R92D,0.191035336795245
R92E,0.0764852938482079
R92F,0.19595885953485
R92G,0.40208678077261
R92H,0.142509611030172
R92I,0.30509879031628
R92K,0.169049217481939
R92L,0.417261266619404
R92M,0.0425047617663975
R92N,0.0328173999913491
R92P,0.143635682560146
R92Q,0.0845012251682811
R92S,0.247863570211832
R92T,0.289760714983596
R92V,0.16467901025142
R92W,0.213947617767295
R92Y,0.201505173936448
R93A,0.0678758429815796
R93C,0.537650925758507
R93D,0.193368896378222
R93E,0.10106200162134
R93F,0.188250177333111
R93G,0.10145195472299
R93H,0.111275471609675
R93I,0.106358196834954
R93K,0.22017355843707
R93L,0.0959162923103058
R93M,0.0542557571767738
R93N,0.388277602127737
R93P,0.0244181009962643
R93Q,0.0240484739283293
R93S,0
R93T,0
R93V,0.353310273437287
R93W,0.156391603656031
R93Y,0.620853779155543
I94A,0.0821439110333933
I94C,0.149161919544219
I94D,0.287081520432994
I94E,0.193504014829436
I94F,0.0453140886946139
I94G,0.0949677038405056
I94H,0.141510508602658
I94K,0.056272004665962
I94L,0.231098803117811
I94M,0.073753564663561
I94N,0.0712361471477902
I94P,0.124294362195615
I94Q,0.207803732041632
I94R,0.112517288584472
I94S,0.112398737167865
I94T,0.0967606805441713
I94V,0.128132619377294
I94W,0.666461169764795
I94Y,0.0572332861049557
R95A,0
R95C,0.0970380012127531
R95D,0.080260082803524
R95E,0.381592588743817
R95F,0.0833133277077589
R95G,0.09216633124297
R95H,0.023313989201671
R95I,0.437292128356391
R95K,0.206583129753088
R95L,0.208866202391613
R95M,0.0392075731710814
R95N,0.0267960616445224
R95P,0.0747652322811699
R95Q,0.0542111699940219
R95S,0
R95T,0.010893719077319
R95V,0.248545617805992
R95W,0.0644911416483266
R95Y,0
G96A,0.0248603199240365
G96C,0.0268705179185933
G96D,0.0832701319967191
G96E,0.0895085547652033
G96F,0.152605935048104
G96H,0
G96I,0
G96K,0.0934334164387402
G96L,0
G96M,0.072491922379134
G96N,0.138364626932065
G96P,0.330246508237337
G96Q,0.0816839083218342
G96R,0.0698936029272084
G96S,0.244554103882786
G96T,0.128288663549997
G96V,0.0908955447222584
G96W,0.552073487138889
G96Y,0.132943362550635
G97A,0.141589591238254
G97C,0.0666752468411695
G97D,0.204411712021789
G97E,0.143539570793471
G97F,0.135697341278687
G97H,0.280684465770383
G97I,0.332179146905703
G97K,0.0679668113282658
G97L,0.236783966008071
G97M,0.305062665897057
G97N,0.00160492813659256
G97P,0.057452270944405
G97Q,0.693039668928117
G97R,0.104543235564154
G97S,0.170657291265599
G97T,0.140608748250145
G97V,0.182716970877464
G97W,0.124851250742083
G97Y,0.0461865335955135
D98A,0.33415556369118
D98C,0.162498973829997
D98E,0.0189668349020915
D98F,0.45017094140397
D98G,0.324210789445861
D98H,0.0599381460848348
D98I,0.333775109315328
D98K,0.0894691936194449
D98L,0.221182860009905
D98M,0.201638894792704
D98N,0.173526848301493
D98P,0.198882559392292
D98Q,0.284428540494419
D98R,0.385582117865769
D98S,0.111590774008569
D98T,0.189073093191787
D98V,0.466509136807675
D98W,0.122373256293027
D98Y,0.358116732705499
G99A,0.0727709810983509
G99C,0.0701056732445822
G99D,0.0916378010374184
G99E,0.262583517717224
G99F,0.108221367608061
G99H,0.172861482680205
G99I,0.196918863889321
G99K,0.14195117330474
G99L,0.36225037603596
G99M,0.177931837266365
G99N,0.0592088353094282
G99Q,0.201122563682067
G99R,0.119467335183532
G99S,0.159046711642473
G99T,0.186774785071045
G99V,0.351149751642621
G99W,0.365784814647359
G99Y,0.301148094133526
K100A,0.0708508360138327
K100C,0.0719176938982804
K100D,0.280015565520139
K100E,0.0558254176679651
K100F,0.165933488288498
K100G,0.280251853416951
K100H,0.11472634672176
K100I,0.133683503171635
K100L,0.180496987117501
K100M,0.131909654641424
K100N,0.0219021156255177
K100P,0.0837670798761426
K100Q,0.205445661929557
K100R,0.163122108007389
K100S,0.175988292126129
K100T,0.202559373648207
K100V,0.0371651600628712
K100W,0.090688493367538
K100Y,0.0592706634078147
M101A,0.0294970660034873
M101C,0.124364532265563
M101D,0.104523631593596
M101E,0.189079750324954
M101F,0.164242645754098
M101G,0.074658420076639
M101H,0.834596454592654
M101I,0.254006663620834
M101K,0.113441324622466
M101L,0.25184342807601
M101N,0.199691051462595
M101P,0.032044357238203
M101Q,0.0389274019241526
M101R,0.0279978116260686
M101S,0.0728052226346783
M101T,0.386044269145859
M101V,0.0490485357726437
M101W,0.064678469263058
M101Y,0.11950736375272
K102A,0.0894601245782839
K102C,0.0128096037929051
K102D,0.142982187645797
K102E,0.176568602458955
K102F,0.116505151034369
K102G,0.0359796503062581
K102H,0.099759760185031
K102I,0.215921229644275
K102L,0.0948128141257838
K102M,0.0649843362276636
K102N,0.251756922716903
K102P,0.114635539634474
K102Q,0.0285622803969862
K102R,0.0568191068184872
K102S,0.0472043894988067
K102T,0.0482403319917052
K102V,0.194543652094452
K102W,0.239915933070117
K102Y,0.0427829926397735
D103A,0.0140707108242521
D103C,0.0957131164164346
D103E,0.11449682292156
D103F,0.107446086682104
D103G,0.105826910701654
D103H,0.306060424841982
D103I,0.218280125902026
D103K,0.168066789811056
D103L,0.124066645469685
D103M,0.263010998655582
D103N,0.0905625940089901
D103P,0.0780292328604405
D103Q,0
D103R,0.119103141335191
D103S,0.0336344970283855
D103T,0.148165248947958
D103V,0.086822044680731
D103W,0.0948571706254252
D103Y,0.0637442186944448
L104A,0.0851867992468623
L104C,0.149312899581262
L104D,0.0873075626937482
L104E,0.0996241874306897
L104F,0.306413905004059
L104G,0.143213749897644
L104H,0.415230793079107
L104I,0.153708132032261
L104K,0.0687935177536273
L104M,0.0399281939206958
L104N,0.104426062701662
L104P,0.0424261266475975
L104Q,0.335586334578344
L104R,0.282988474124483
L104S,0.214120458671449
L104T,0.299798522365709
L104V,0.041692622246791
L104W,0.230456389462977
L104Y,0.113449028309718
S105A,0.0235716220084698
S105C,0.0837353810396118
S105D,0.175797976605687
S105E,0.163145224111441
S105F,0.0428512865845728
S105G,0.129850778174655
S105H,0.262464122768043
S105I,0.229936116517059
S105K,0.150259935761966
S105L,0.0550445870376874
S105M,0.0987913062039532
S105N,0.180381470524358
S105P,0
S105Q,0.0335543603778754
S105R,0.0745269239517251
S105T,0.174942677122524
S105V,0.251565438759938
S105W,0.170617684214944
S105Y,0.198396696902678
P106A,0.0129554990525054
P106C,0.235673322675536
P106D,0.227364819350613
P106E,0.232561118318591
P106F,0.621692770748996
P106G,0.509126241461664
P106H,0.3197041452548
P106I,0.22998129824722
P106K,0.401316593059446
P106L,0.0579236653614341
P106M,0.185959547546429
P106N,0.13178500029245
P106Q,0.192822856410808
P106R,0.0949315918053678
P106S,0.204209770804585
P106T,0.370346498496271
P106V,0.0909389894019981
P106W,0.130590886321631
P106Y,0.235046536651654
R107A,0.0260124163268181
R107C,0.28635973113313
R107D,0.212089045204633
R107E,0.330977091698279
R107F,0.370153945954007
R107G,0.153524909648697
R107H,0.148225961406652
R107I,0.150345030988723
R107K,0.110095702520733
R107L,0.153901023071401
R107M,0.283609436572869
R107N,0.167479315636817
R107P,0.202473160912838
R107Q,0.026422982584712
R107S,0.330974151686459
R107T,0.310790387106551
R107V,0.121374784442725
R107W,0.0477549267816937
R107Y,0.101296182272831
W108A,0.290951804743373
W108C,0.172296209258416
W108D,0.232857081749237
W108E,0.268831081912601
W108F,0.202057237921124
W108G,0.38526363645434
W108H,0.125709800466378
W108I,0.135582785398641
W108K,0.210248619784243
W108L,0.492740239263092
W108M,0.306484607570152
W108N,0.266195978791233
W108P,0.138852319430707
W108Q,0.174001229457409
W108R,0
W108S,0.229989230140009
W108T,0.248051393073827
W108V,0.356521454707723
W108Y,0.198255828637904
Y109A,0.298038452762779
Y109C,0.415872578041229
Y109D,0.242328099344111
Y109E,0.0425851788660003
Y109F,0.087265632873104
Y109G,0.193845656635078
Y109H,0.0912705195675417
Y109I,0.364797099479231
Y109K,0.113355172475489
Y109L,0.0563849584752934
Y109M,0.228873956150128
Y109N,0.111664224046154
Y109P,0.1508538409639
Y109Q,0.175339359669901
Y109R,0.213857897469355
Y109S,0.0588403350997798
Y109T,0.270438201168748
Y109V,0.161082860768297
Y109W,0.204132227698147
F110A,0.378278533628571
F110C,0.13122060354987
F110D,0.312703822065075
F110E,0.216078418784039
F110G,0.448665024119437
F110H,0.265387771330397
F110I,0.289160631882671
F110K,0.192477820155028
F110L,0.535941232247515
F110M,0.447371306824971
F110N,0.436046705224594
F110P,0.14421205227363
F110Q,0.613736407789562
F110R,0.263422262592183
F110S,0.251755092808831
F110T,0.164185158821354
F110V,0.426858669205889
F110W,0.449363207379384
F110Y,0.479413276096123
Y111A,1
Y111C,0.209108433252959
Y111D,0.0300577229981799
Y111E,0.606757167673603
Y111F,0.00888725353914305
Y111G,0.130117055141826
Y111H,0.0618487477576155
Y111I,0.52902428474768
Y111K,0.207948878387812
Y111L,0.436800141572983
Y111M,0.706703632227302
Y111N,0.209243841975828
Y111P,0.10248771418694
Y111Q,0.0656107735766433
Y111R,0.320584912335954
Y111S,0.260989516184133
Y111T,0.226467413860588
Y111V,0.576071002756861
Y111W,0.175331115125981
Y112A,0.0960549489750647
Y112C,0.330287107562199
Y112D,0.330356175128424
Y112E,0.143502821158955
Y112F,0.331618641201031
Y112G,0.0931509587739107
Y112H,0.103791600900507
Y112I,0.477181857203454
Y112K,0.577742200894742
Y112L,0.171081597012775
Y112M,0.150387588067149
Y112N,0.340488567401401
Y112P,0.325397635008736
Y112Q,0.0667749836190423
Y112R,0.297374057136482
Y112S,0.153863762660287
Y112T,0.375214644433847
Y112V,0.706307728769302
Y112W,0.534776784488865
L113A,0.2542435848891
L113C,0.500023706772757
L113D,0.280853275290541
L113E,0.443630680978089
L113F,0.049749763934207
L113G,0.210646817927773
L113H,0.360012235438053
L113I,0.185780953575082
L113K,0.10974675304069
L113M,0.221059018053481
L113N,0.081473314702643
L113P,0.312132531828199
L113Q,0.471768434232512
L113R,0.906487754588574
L113S,0.164212263902819
L113T,0.0214645109177152
L113V,0.504253349713577
L113W,0.363281276907524
L113Y,0.176528023684831
G114A,0.283325190106437
G114C,0.724994630543781
G114D,0.691737998615202
G114E,0.329327249650074
G114F,0.404132998957154
G114H,0.248734249951614
G114I,0.125897580701981
G114K,0.382514766575765
G114L,0.211471267313009
G114M,0.717731157812086
G114N,0.360226205535997
G114P,0.433171518099932
G114Q,0.365414152113157
G114R,0.454486467771439
G114S,0.228673462906965
G114T,0.40420528245111
G114V,0.421293635855547
G114W,0.378675944557199
G114Y,0.536889537785015
T115A,0.156053755090747
T115C,0.314167625760249
T115D,0.403570503058819
T115E,0.440335156120204
T115F,0.214027425409736
T115G,0.223239834216934
T115H,0.389311772710716
T115I,0.524148771515326
T115K,0.416313270466604
T115L,0.217811173235976
T115M,0.036099162566006
T115N,0.430530555144358
T115P,0.0856554381424843
T115Q,0.688203539345964
T115R,0.493736448031042
T115S,0.253201730640455
T115V,0.715164307522455
T115W,0.245766943766907
T115Y,0.289678690433864
G116A,0.43694522894425
G116C,0.325884340734365
G116D,1
G116E,0.673115403157735
G116F,0.424997316170761
G116H,0.290575975435099
G116I,0.463363745765173
G116K,0.466307003776923
G116L,0.494524190251545
G116M,0.52714783233761
G116N,0.324945914687265
G116P,0.533618089535076
G116Q,0.51318803271761
G116R,0.337070148637249
G116S,0.877184786864929
G116T,0.328455475897916
G116V,0.409832506395961
G116W,0.563566568619879
G116Y,0.541884423415669
P117A,0.226533908373764
P117C,0.030439199278225
P117D,0.234934218852155
P117E,0.0944852385050456
P117F,0.334600812105227
P117G,0.532870622226664
P117H,0.039703650056498
P117I,0.307349572114515
P117K,0.405847334138039
P117L,0.143002487663643
P117M,0.658073329691653
P117N,0.54542741042313
P117Q,0.449620755110328
P117R,0.272363148352279
P117S,0.329179729895887
P117T,0.225838784344524
P117V,0.373719699560692
P117W,0.444068553067191
P117Y,0.644614775451099
E118A,0.0877611205126701
E118C,0.019797304672465
E118D,0.221577999222763
E118F,0.125150966262574
E118G,0.0738684409688917
E118H,0.118391338749584
E118I,0.616129860107326
E118K,0.332623004078969
E118L,0.887613683496815
E118M,0.183723987795336
E118N,0.128918928728448
E118P,0.433744942895784
E118Q,0.339000126810877
E118R,0.170899692479816
E118S,0.193559556504782
E118T,0.146338214447056
E118V,0.30679021092761
E118W,0.500235846780678
E118Y,0.091385923774008
A119C,0.290772371735068
A119D,0.260734488550622
A119E,0.0945688118207087
A119F,0.229155355298457
A119G,0.269014899056367
A119H,0.186755446273272
A119I,0.839787978449595
A119K,0.107356679407205
A119L,0.166790705854311
A119M,0.126264905483022
A119N,0.0699233287997589
A119P,0.141766950217273
A119Q,0.233891600440708
A119R,0.224214166960352
A119S,0.0899490187292254
A119T,0.278797259022053
A119V,0.254601507525252
A119W,0.18679837209404
A119Y,0.153460010570047
G120A,0.0952299771802001
G120C,0.435191420738233
G120D,0.192981392281988
G120E,0.0309774732246726
G120F,0.256308957062189
G120H,0.146026775202102
G120I,0.0264145941608657
G120K,0.136009503803505
G120L,0.106099748587699
G120M,0.186109935839483
G120N,0.0181984291946241
G120P,0.0154331686357284
G120Q,0.57682860114793
G120R,0.144990993454881
G120S,0.0354022662825282
G120T,0.366772131401193
G120V,0.159664845416844
G120W,1
G120Y,0.168083689980978
L121A,0.332506361310899
L121C,0.189926352338595
L121D,0.175678080778078
L121E,0.422066651701153
L121F,0.198040726950826
L121G,0.195892122782311
L121H,0.336899607637194
L121I,0.132721465975126
L121K,0.387336804130186
L121M,0.180388870364799
L121N,0.319126177331383
L121P,0.4487832054182
L121Q,0.183419145883375
L121R,0.276280655161386
L121S,0.0605523027580072
L121T,0
L121V,0.0659799897620996
L121W,0.326781118693946
L121Y,0.321214159754735
P122A,0.119847028975757
P122C,0.187369513214443
P122D,0.177112082502117
P122E,0.300759076788677
P122F,0.232970513850807
P122G,0.190003873705136
P122H,0.0294716624185943
P122I,0.147616236474967
P122K,0.105517484699752
P122L,0.111667180305549
P122M,0.15721595515252
P122N,0.122149645235248
P122Q,0.0662093101394603
P122R,0.244526260501415
P122S,0.121531588493647
P122T,0.0538681260550513
P122V,0.161221968141745
P122W,0.316745804277256
P122Y,0.442119637628011
Y123A,0.663369459773795
Y123C,0.228902012351754
Y123D,0.504978523795071
Y123E,0.301541518960134
Y123F,0.291220890538713
Y123G,0.613296523564931
Y123H,0.233779590949194
Y123I,0.715908633619357
Y123K,0.195495998126973
Y123L,0.318269090306602
Y123M,0.125808400740797
Y123N,0.504597589914236
Y123P,0.168979507683541
Y123Q,0.293167695358357
Y123R,0.290751945872138
Y123S,0.303432562003328
Y123T,0.15742288884282
Y123V,0.234407503184045
Y123W,0.837591695001344
G124A,0.122919909061456
G124C,0.279259993061924
G124D,0.164015079607885
G124E,0.0695641737928892
G124F,0.331546505976802
G124H,0.331445263392988
G124I,0.30435661905914
G124K,0.268430005226757
G124L,0.513022047027871
G124M,0.197284332685028
G124N,0.260377326382202
G124P,0.0970678131177101
G124Q,0.215606626915513
G124R,0.356565522984118
G124S,0.0752310064027762
G124T,0.475085229663775
G124V,0.11800912320144
G124W,0.326446354420819
G124Y,0.438484574701986
A125C,0.180488471460393
A125D,0.21680037655623
A125E,0.0710925362858184
A125F,0.0309774732246726
A125G,0.0502773214604221
A125H,0.035335480050141
A125I,0.257985776133423
A125K,0.10771935188431
A125L,0.109602072421948
A125M,0.245594152884784
A125N,0.246386028856798
A125P,0.515959945211128
A125Q,0.295130835813244
A125R,0.0808778858179967
A125S,0.130042168210513
A125T,0.131724138014183
A125V,0.281227749637183
A125W,0.203004618068916
A125Y,0.110914303059021
N126A,0.173107924712539
N126C,0.134913425714955
N126D,0.0730087187444272
N126E,0.12295493352196
N126F,0.0343559060541179
N126G,0.0412601898222605
N126H,0.0783836442324091
N126I,0.0513325578936263
N126K,0.181677421405571
N126L,0.124651148523145
N126M,0.0506073640596369
N126P,0.101523581998492
N126Q,0.0306578559744556
N126R,0.136385586216908
N126S,0.0628258786039046
N126T,0.149862059344208
N126V,0.116945800220354
N126W,0.128327727117961
N126Y,0.0408662257002735
K127A,0.158200978568461
K127C,0.118912177488406
K127D,0.467183224493952
K127E,0.314536790995198
K127F,0.238248814759689
K127G,0.0937561800421013
K127H,0.211892381720738
K127I,0.338814020322341
K127L,0.304512805288014
K127M,0.134576222109279
K127N,0.469388219063835
K127P,0.179263203814577
K127Q,0.104237600624053
K127R,0.108869724944286
K127S,0.265002357160889
K127T,0.312712801872159
K127V,0.221486779351039
K127W,0.34559503615514
K127Y,0.712433924673384
D128A,0.186340277166185
D128C,0.168100987930679
D128E,0.0698987076897662
D128F,0.270147056546235
D128G,0.158727281178209
D128H,0.0372904798860547
D128I,0.218194423781863
D128K,0.176457702066691
D128L,0.191594102847476
D128M,0.25345660192117
D128N,0.107054599673261
D128P,0.322657427460796
D128Q,0.501077905885416
D128R,0.150758392344894
D128S,0.0276115180450341
D128T,0.531796884604543
D128V,0.192859486892649
D128W,0.271326971240301
D128Y,0.0711082146862541
G129A,0.424960247133663
G129C,0.226012157466219
G129D,0.22981271150261
G129E,0.175848020653314
G129F,0.300924025611105
G129H,0.19657133931048
G129I,0.25767761533898
G129K,0.209806248023832
G129L,0.666999698260926
G129M,0.327160183725115
G129N,0.0904363606990545
G129P,0.24569313614693
G129Q,0.136800290882372
G129R,0.0570538036996777
G129S,0.0906588756977762
G129T,0.325560377548116
G129V,0.397231635524411
G129W,0.410756476136116
G129Y,0.323643413285195
I130A,0.405968294427553
I130C,0.485565596562347
I130D,0.261697135544585
I130E,0.508793083302468
I130F,0.0881968010043159
I130G,0.338164175816795
I130H,0.162312835257454
I130K,0.155413262761828
I130L,0.300946470065747
I130M,0.206111182243483
I130N,0.241775543350996
I130P,0.335712518237275
I130Q,0.259300517105002
I130R,0.281005349822598
I130S,0.210266931871997
I130T,0.207627224780873
I130V,0.0646790596978362
I130W,0.498852050299542
I130Y,0.101774993960509
I131A,0.136793770754206
I131C,0.221967142178897
I131D,0.311792305493395
I131E,0.0845649260513806
I131F,0.11881371633999
I131G,0.542856526626702
I131H,0.579107212804693
I131K,0.228073565731939
I131L,0.0539733811965025
I131M,0.191803801792828
I131N,0.245517406030682
I131P,0.303801190627175
I131Q,0.181311051158571
I131R,0.263223501898768
I131S,0.00889316828710615
I131T,0.251813071756808
I131V,0.254018664109516
I131W,0.108219527762406
I131Y,0.0726775837450663
W132A,0.390518658705177
W132C,0.204735595879262
W132D,0.114839424039635
W132E,0.163097696022383
W132F,0.145161025002808
W132G,0.162664157742334
W132H,0.162120849399909
W132I,0.293595989445352
W132K,0.255944867169414
W132L,0.502754881794623
W132M,0.590376585010995
W132N,0.147944597912209
W132P,0.291955025649694
W132Q,0.181316930814206
W132R,1
W132S,0.38234720400968
W132T,0.285742272967662
W132V,0.418141153787496
W132Y,0.0621284483550306
V133A,0.108599782080366
V133C,0.353457161841466
V133D,0.724542850035276
V133E,0.64641405295993
V133F,0.223745653080081
V133G,0.166934068865178
V133H,0.347336873083373
V133I,0.0384318308500267
V133K,0.676509934172294
V133L,0.264976091392135
V133M,0.740033836193964
V133N,0.338247151209134
V133P,0.338341436636476
V133Q,0.221225556801679
V133R,0.857681037379259
V133S,0.105506580109911
V133T,0.259964922125149
V133W,0.306101384442424
V133Y,0.29327152256521
A134C,0.195131226986464
A134D,0.151799896661952
A134E,0.04301055545338
A134F,0.0875259962203441
A134G,0.146073285553771
A134H,0.115574484521837
A134I,0.275300791747189
A134K,0.177451845781569
A134L,0.280095222508237
A134M,0.145961765269804
A134N,0.047395534033749
A134P,0.478535158615557
A134Q,0.0320608471273021
A134R,0.123804763024268
A134S,0.0478687261609781
A134T,0.041740899014435
A134V,0.241156613109097
A134W,0.319443668477832
A134Y,0.0823483264357262
T135A,0.326778061614312
T135C,0.152506436750042
T135D,0.110126182550183
T135E,0.0974662217056675
T135F,0.235352308919302
T135G,0.068489281493827
T135H,0.0715202878437204
T135I,0.0969178770357833
T135K,0.0860141173205075
T135L,0.054150852937731
T135M,0.153314809378624
T135N,0.234469969955319
T135P,0.880216871915556
T135Q,0.0503733326016043
T135R,0.12898214507094
T135S,0.273493616404019
T135V,0.153837532901906
T135W,0.136353354617494
T135Y,0.137607727267103
E136A,0.0962281596624571
E136C,0.150656216299417
E136D,0
E136F,0.511147532952582
E136G,0.233356234903511
E136H,0.199268553724096
E136I,0.246782229821274
E136K,0.145778390929486
E136L,0.325619105099794
E136M,0.195316046405139
E136N,0.187496453112982
E136P,0.157836211359642
E136Q,0.492130618875506
E136R,0.198502170373289
E136S,0.313096927673813
E136T,0.250556600047828
E136V,0.275500448711434
E136W,0.243952372302391
E136Y,0.155778677285163
G137A,0.211034087192513
G137C,0.399032413353272
G137D,0.0733610002483388
G137E,0.333306646420229
G137F,0.0753629443305258
G137H,0.176922138779236
G137I,0.366047567758641
G137K,0.0480458962301284
G137L,0.189460545353264
G137M,0.0429181292033459
G137N,0
G137P,1
G137Q,0.0473883756688444
G137R,0.102270556530151
G137S,0.139650052239348
G137T,0.205748054720151
G137V,0.146278383091693
G137W,0.175378914209573
G137Y,0.0731684195532845
A138C,0.239598999129624
A138D,0.131172011163815
A138E,0.331813821635922
A138F,0.306748361590675
A138G,0.156490255654372
A138H,0.29920952723336
A138I,0.314131663642914
A138K,0.298817962443975
A138L,0.528298550622921
A138M,0.0283241963433901
A138N,0.22404054623532
A138P,0.349001683347223
A138Q,0.258335295466403
A138R,0.170862627663085
A138S,0.146417974516708
A138T,0.751136809133388
A138V,0.238536287959389
A138W,0.522116044436362
A138Y,0.0333671070252622
L139A,0.0956913902879492
L139C,0.289964627370945
L139D,0.090676757402871
L139E,0.103318914400645
L139F,0.19010416933128
L139G,0.201654896378722
L139H,0.134801567927299
L139I,0.0289077137335833
L139K,0.0878712102595579
L139M,0.237454159035251
L139N,0.144635597590416
L139P,0.263676786077423
L139Q,0.176103800561309
L139R,0.112127287709927
L139S,0
L139T,0.0396706963309863
L139V,0.154189421985573
L139W,0.572954444575863
L139Y,0.179976143033634
N140A,0.108945763908661
N140C,0.439237624049394
N140D,0.0308982487676613
N140E,0.125925808054555
N140F,0.167555086664964
N140G,0.23364717318259
N140H,0.520226973611775
N140I,0.214499173778684
N140K,0.199261450253314
N140L,0.173285086347548
N140M,0.412110123357333
N140P,0.39274165188264
N140Q,0.182671588353176
N140R,0.0206571595966529
N140S,0.0795123813920577
N140T,0.0820657847145498
N140V,0.236338372180217
N140W,0.115599499092075
N140Y,0.060628973425706
T141A,0.151312646067173
T141C,0.0954979107818774
T141D,0.66868117784049
T141E,0.159815306540315
T141F,0.339488526248296
T141G,0.278315743894208
T141H,0.294807276006881
T141I,0.49174726083478
T141K,0.036736526982644
T141L,0.0541119124927212
T141M,0.240718714592761
T141N,0.0891581528213564
T141P,0.273406276424458
T141Q,0.126533896348649
T141R,0.260145277306284
T141S,0.488122996983689
T141V,0.549289479279611
T141W,0.210512960598016
T141Y,0.19872191813536
P142A,0.124759071039272
P142C,0.180554415366663
P142D,0.106829086945325
P142E,0.171853116216179
P142F,0.411496109440302
P142G,0.200494869322498
P142H,0.184207608270172
P142I,0.312787949492476
P142K,0.107023097703286
P142L,0.114965867445165
P142M,0.0626391708335467
P142N,0.14221598556934
P142Q,0.0881305131561571
P142R,0.0666066060591398
P142S,0.022094243478689
P142T,0.0112623051169305
P142V,0.362961370906113
P142W,0.2831126297198
P142Y,0.64886161938411
K143A,0.384255735641706
K143C,0.196367613892539
K143D,0.325718854581603
K143E,0.155037138581275
K143F,0.393927553526469
K143G,0.38741818840104
K143H,0.187980272637912
K143I,0.203412186758182
K143L,0.344865518476917
K143M,0.923383311464212
K143N,0.231236356522217
K143P,0.302495026038928
K143Q,0.238975536389364
K143R,0.329662270056965
K143S,0.567545830686229
K143T,0.178547732622291
K143V,0.201209400682641
K143W,0.387444753815926
K143Y,0.48032212560288
D144A,0.098109974334189
D144C,0.281993565361224
D144E,0.252203919782865
D144F,0.318430009266613
D144G,0.155131714787944
D144H,0.390053259086147
D144I,0.388407384716408
D144K,0.217212893971015
D144L,0.189478998266577
D144M,0.125810496656821
D144N,0.0311245054447897
D144P,0.185486969280746
D144Q,0.325673009583948
D144R,0.0844917209236097
D144S,0.240112703324307
D144T,0.090182478189435
D144V,0.174153180611339
D144W,0.0757265715465647
D144Y,0.0829071986289824
H145A,0.271048914146793
H145C,0.330098301213486
H145D,0.254195105861911
H145E,0.260041667292971
H145F,0.114567313715377
H145G,0.106747107618273
H145I,0.366264394234075
H145K,0.252067202941519
H145L,0.1108949678662
H145M,0.0715881011615934
H145N,0.166672473981047
H145P,0.254540696667216
H145Q,0.269723404258792
H145R,0.0940617298975691
H145S,0.127968782684701
H145T,0.301462351238316
H145V,0.243215811561992
H145W,0.160818057017814
H145Y,0.337600178867163
I146A,0.160224675604844
I146C,0.1323353022569
I146D,0.51318803271761
I146E,0.358748430962236
I146F,0.127623153532788
I146G,0.353211426015265
I146H,0.314537255341131
I146K,0.159069679442026
I146L,0.0912568434929169
I146M,0.273447440204024
I146N,0.407206979740802
I146P,0.228358346292313
I146Q,0.195337619568717
I146R,0.305913342199664
I146S,0.133443736599876
I146T,0.240531527526422
I146V,0.23995545674843
I146W,0.0840511933603431
I146Y,0.146990480947867
G147A,0.390217975374713
G147C,0.15613780403594
G147D,0.531425822251423
G147E,0.43018637750949
G147F,0.296086449851327
G147H,0.395999958226354
G147I,0.286852380811597
G147K,0.12754850915031
G147L,0.215327858326168
G147M,0.295801914536873
G147N,0.184469827308779
G147P,0.287160189200582
G147Q,0.202322009038424
G147R,0.0881777377372075
G147S,0.097929601343643
G147T,0.112096618543558
G147V,0.344372045039225
G147W,0.381440005159188
G147Y,0.124115552471966
T148A,0.172141485618396
T148C,0.122761059454596
T148D,0.101098840907432
T148E,0.196683693797916
T148F,0.813583392463162
T148G,0.12298807901595
T148H,0.0552975665461406
T148I,0.212907251487233
T148K,0.120369610244442
T148L,0.131036776395455
T148M,0.22376852832864
T148N,0.307645109442143
T148P,0.058968303742091
T148Q,0.131688555099416
T148R,0.200643237700539
T148S,0.19671626684237
T148V,0.108289148683243
T148W,0.471416532481158
T148Y,0.224563357436682
R149A,0.481684553324077
R149C,0.180301891708808
R149D,0.325069096717276
R149E,0.132217012827556
R149F,0.263006026979272
R149G,0.858417263152293
R149H,0.152842883914544
R149I,0.333265122699628
R149K,0.199184394583558
R149L,0.274867015212904
R149M,0.279602366618239
R149N,0.696814267553927
R149P,0.284708430448641
R149Q,0.113268017717647
R149S,0.515869758190466
R149T,0.25956795972739
R149V,0.487367446891878
R149W,0.460348469948665
R149Y,0.412681931626117
N150A,0.246720397235831
N150C,0.193928816504934
N150D,0.0454524421325812
N150E,0.108028465145999
N150F,0.274694514662435
N150G,0.228981968286985
N150H,0.0956254545124361
N150I,0.164877081482058
N150K,0.190651878595946
N150L,0.196927151958027
N150M,0.346547990784402
N150P,0.607067547330208
N150Q,0.28167661228468
N150R,0.248378458188789
N150S,0.0532711064387399
N150T,0.204476072262779
N150V,0.223892228411081
N150W,0.108523192734776
N150Y,0.290293271296057
P151A,0.108729076080084
P151C,0.0828047157926082
P151D,0.132928283710935
P151E,0.110457030974911
P151F,0.157336747727174
P151G,0.506837938012102
P151H,0.312691453373942
P151I,0.153380353912433
P151K,0.224163893866461
P151L,0.27219618003051
P151M,0.168444692056233
P151N,0.130218032900805
P151Q,0.179191798308439
P151R,0.179459593242156
P151S,0.201280853208548
P151T,0.11513981638659
P151V,0.21564549707452
P151W,0.287814464099334
P151Y,0.106895400142452
A152C,0.322719345984584
A152D,0.452886587288085
A152E,0.070465865264026
A152F,0.0640480189645257
A152G,0.14148564426002
A152H,0.0582285240099366
A152I,0.461981954811415
A152K,0.125789095065874
A152L,0.017894655684043
A152M,0.0657022740849536
A152N,0.0555188129865124
A152P,0.138792687172727
A152Q,0.0621156486995209
A152R,0.181872330807296
A152S,0.100145045547535
A152T,0.100737008573546
A152V,0.159960793890414
A152W,0.107731034352833
A152Y,0.136583388129837
N153A,0.23152508660734
N153C,0.250306365384299
N153D,0.200997738882456
N153E,0.0820994505973651
N153F,0.22625579173329
N153G,0.423277750310126
N153H,0.144770081349005
N153I,0.0737776207335635
N153K,0.194786877235438
N153L,0.302440392241225
N153M,0.160777663987759
N153P,0
N153Q,0.431336709465554
N153R,0.353125709828121
N153S,0.0922113458907914
N153T,0.227958663416598
N153V,0.154246984983226
N153W,0.0729126292518209
N153Y,0.0448697296229282
N154A,0.113136149321179
N154C,0.39215023073024
N154D,0.179206994356464
N154E,0.375971516608376
N154F,0.0994063635164774
N154G,0.12428480936737
N154H,0.148326634894557
N154I,0.230736723249327
N154K,0.207181119880005
N154L,0.170892134121576
N154M,0.136331209784723
N154P,0.36773804266284
N154Q,0.171520027153154
N154R,0.212313630211285
N154S,0.087295077699798
N154T,0.0493399661992362
N154V,0.147131867652914
N154W,0.290933468692622
N154Y,0.280706735198652
A155C,0.208466209046534
A155D,0.161418049392103
A155E,0.0795500094405858
A155F,0.281516528438049
A155G,0.243593595706588
A155H,0.455301360351876
A155I,0.288123929917395
A155K,0.0404218873112022
A155L,0.169066134269663
A155M,0.203193161293406
A155N,0.362057868396226
A155P,0.252342044662296
A155Q,0.0655541371346503
A155R,0.0483027752792795
A155S,0.154135248102041
A155T,0
A155V,0.0810891198794062
A155W,0.368288378781457
A155Y,0.161148145221879
A156C,0.192106831905929
A156D,0.442282996974453
A156E,0.245549680889313
A156F,0.485360453466654
A156G,0.267407936531066
A156H,0.398546837912348
A156I,0.178331900975782
A156K,0.171835219973771
A156L,0.278474000293102
A156M,0.136232860437265
A156N,0.193984999952339
A156P,0.165498587597764
A156Q,0.389475416992466
A156R,0.882840745266865
A156S,0.0578487782989
A156T,0.0852023361051732
A156V,0.254882649692606
A156W,0.578307131137504
A156Y,0.261469182919482
I157A,0.211782247225252
I157C,0.102868633236521
I157D,0.304352735721098
I157E,0.243158092084396
I157F,0.228165113130692
I157G,0.484952606298915
I157H,0.112121088483027
I157K,0.218117129885387
I157L,0.202849649685531
I157M,0.0911452577572097
I157N,0.30969632537581
I157P,0.99815211664666
I157Q,0.194658308602418
I157R,0.098970765656671
I157S,0.211727440202655
I157T,0.0435190474538282
I157V,0.235507989025342
I157W,0.077422043773561
I157Y,0.0483266688962403
V158A,0.0621580774213102
V158C,0.130046788712073
V158D,0.101654077296758
V158E,0.0639430930396537
V158F,0.0663704924962729
V158G,0.0369212646629063
V158H,0.159509552432978
V158I,0.232352388431812
V158K,0.185394295450952
V158L,0.0639288598594754
V158M,0
V158N,0.163104881063667
V158P,0.139490896748292
V158Q,0.121749995683025
V158R,0.192881423644708
V158S,0.159191106678241
V158T,0.0578090891305544
V158W,0.132984734656578
V158Y,0.0380690626195777
L159A,0.480033688996866
L159C,0.210856517482197
L159D,0.339039423112626
L159E,0.369881260100163
L159F,0.117251470119651
L159G,0.171208830510556
L159H,0
L159I,0.177724714736727
L159K,0.24993263654663
L159M,0.249987605857438
L159N,0.468794604281831
L159P,0.46896633675499
L159Q,0.0915273574378566
L159R,0.261144769254828
L159S,0.29451903717608
L159T,0.240768543171038
L159V,0.181917588010688
L159W,0.122630072408657
L159Y,0.0257709477220113
Q160A,0.0986249786381858
Q160C,0.367965327519402
Q160D,0.0763611582926834
Q160E,0.154726604785271
Q160F,0.3748060622439
Q160G,0.154326893502672
Q160H,0.0153997673680879
Q160I,0.226885606280512
Q160K,0.0931545688843938
Q160L,0.241500451225608
Q160M,0.00742367640274091
Q160N,0.103307813398246
Q160P,0.29818061929988
Q160R,0.126892777941659
Q160S,0.128868524750761
Q160T,0.316731600932363
Q160V,0.282015796614693
Q160W,0.103532748224161
Q160Y,0.154874259299867
L161A,0.228806026369823
L161C,0.468794604281831
L161D,0.279654309554491
L161E,0.368581246383727
L161F,0.282288121486965
L161G,0.209171183476441
L161H,0.244058519275018
L161I,0.383943197500551
L161K,0.264510844429853
L161M,0.0653339386211449
L161N,0.144165221055771
L161P,0.20107196256742
L161Q,0.372144109554263
L161R,0.980687675165817
L161S,0.267579955684991
L161T,0.969631823678532
L161V,0.246695723094723
L161W,0.0522657518166656
L161Y,0.142357705112199
P162A,0.0693015566673622
P162C,0.295143180509921
P162D,0.0503440027247993
P162E,0.131396476637464
P162F,0.269193354715722
P162G,0.148305100714467
P162H,0.271248929094756
P162I,0.432337431208872
P162K,0.169386101014086
P162L,0.483391518607903
P162M,0.0235850443783017
P162N,0.277063445222165
P162Q,0.161273491372757
P162R,0.27655538415569
P162S,0.0628939786861272
P162T,0.111188507195687
P162V,0.791916737186156
P162W,0.238485204972038
P162Y,0.13717198473548
Q163A,0.332106637431304
Q163C,0.274649001476257
Q163D,0.0344391808976553
Q163E,0.130309918099465
Q163F,0.107158855838675
Q163G,0.31252640970483
Q163H,0.0386228182448994
Q163I,0.223590005254868
Q163K,0.243551742229959
Q163L,0.0800314261975954
Q163M,0.309341480872954
Q163N,0
Q163P,0.00928641372201793
Q163R,0.447502968564301
Q163S,0.0815172948995135
Q163T,0
Q163V,0.0319941919687784
Q163W,0.186375117193167
Q163Y,0.0691145168592936
G164A,0.127621067189993
G164C,0.166680385576457
G164D,0.198944216931786
G164E,0.203592825179615
G164F,0.0699651859204979
G164H,0.163887853948202
G164I,0.184295249044598
G164K,0.141917096077446
G164L,0.626825409639379
G164M,0.2261449947801
G164N,0.0309155508689368
G164P,0.163906784364726
G164Q,0.0877132810077212
G164R,0.172709005237025
G164S,0.0680297113982519
G164T,0.338214530864833
G164V,0.136164781114331
G164W,0.367127311245548
G164Y,0.230308752730171
T165A,0.24779653816269
T165C,0.192121506500371
T165D,0.0761492232074206
T165E,0.0387030900337313
T165F,0.314980520133265
T165G,0.221504901326112
T165H,0.129545183857729
T165I,0.132053342164331
T165K,0.18488537595373
T165L,0.335547162129758
T165M,0.33776127702212
T165N,0.241803127314719
T165P,0.586103380249714
T165Q,0.0989269288268872
T165R,0.205265011365608
T165S,0
T165V,0.0661283102260236
T165W,0.110747925114751
T165Y,0.174217151266365
T166A,0.331269837877993
T166C,0.356885937960917
T166D,0.132680527707565
T166E,0.673408366008232
T166F,0.0325971629149661
T166G,0.0947267156791291
T166H,0.368710180563027
T166I,0.0890416434767613
T166K,0.1582155244037
T166L,0.0110972555350383
T166M,0.11117470946188
T166N,0.166865773808231
T166P,0.310364388012966
T166Q,0.122989118747638
T166R,0.0887868568715589
T166S,0.108301234793662
T166V,0.06643165555791
T166W,0.0711092960722336
T166Y,0.0748319476463626
L167A,0.554348155424822
L167C,0.346156120412184
L167D,0.24482808411542
L167E,0.0689094786036975
L167F,0.257911062393562
L167G,0.135326309997221
L167H,0.534741298536279
L167I,0.138660222412728
L167K,0.369739538924849
L167M,0.0607079118456072
L167N,0.313581187571614
L167P,0.183764671671786
L167Q,0.0920769748067255
L167R,0.578386178038971
L167S,0.389976941631304
L167T,0.112336449542553
L167V,0.101583453765722
L167W,0.143600322517758
L167Y,0.0245672401236607
P168A,0.544377753311849
P168C,0.323893832514787
P168D,0.331256469091847
P168E,0.220644500165369
P168F,0.283272087367227
P168G,0.13534144809198
P168H,0.284304198329113
P168I,0.141336343836811
P168K,0.153206396118494
P168L,0.22397039150777
P168M,0.317259091952718
P168N,0.21272948420672
P168Q,0.0465073409053748
P168R,0.22300466441462
P168S,0.210104512769445
P168T,0.324801692860682
P168V,0.56371993424993
P168W,0.802487490345711
P168Y,0.904637978861277
K169A,0.382949235645559
K169C,0.0451111806315554
K169D,0.117368629568174
K169E,0.16992712271462
K169F,0.0902976833484899
K169G,0.0574592684555086
K169H,0.249290246148601
K169I,0.163431145156354
K169L,0.133521059927707
K169M,0.0486514826343644
K169N,0.0422121324727562
K169P,0.265682732877941
K169Q,0.0431760558485498
K169R,0.339996883386788
K169S,0.0939862137508472
K169T,0.0860748110975635
K169V,0.0972801613990705
K169W,0.216156694453047
K169Y,0.125378849245708
G170A,0.293448240069194
G170C,0.0171272310554309
G170D,0.0442319855052233
G170E,0.254103787508671
G170F,0.054918180654676
G170H,0.165115763837239
G170I,0.124683780093515
G170K,0.378071579842701
G170L,0.400779594130136
G170M,0.249741933720463
G170N,0.207438998365422
G170P,0.271157690498887
G170Q,0.326437952199728
G170R,0.283728367004756
G170S,0.191597210242721
G170T,0.0489838724728437
G170V,0.433264701107959
G170W,1
G170Y,0.269556521246558
F171A,0.11471148849494
F171C,0.163840817556616
F171D,0.00647360536492607
F171E,0.363793654753648
F171G,0.633594129737146
F171H,0.0994751832428231
F171I,0.0527226093445546
F171K,0.0792962759930775
F171L,0.368206230481453
F171M,0.238321588903161
F171N,0.198067706330872
F171P,0.633841979722488
F171Q,0.499530205983883
F171R,0.130828324810851
F171S,0.400198436595486
F171T,0.0391379045187386
F171V,0.127010317818527
F171W,0.191892142084546
F171Y,0.17687741001212
Y172A,0.161130299471551
Y172C,0.166816579414852
Y172D,0.308978261913025
Y172E,0.175155978195294
Y172F,0.161803912069856
Y172G,0.362820066767762
Y172H,0.191272090346896
Y172I,0.189808098156611
Y172K,0.602964790555255
Y172L,0.0545496188138561
Y172M,0.125511072393665
Y172N,0.168262511143517
Y172P,0.354802995713889
Y172Q,0.16967875379787
Y172R,0.00786718832856096
Y172S,0.27578498712523
Y172T,0.0191686520765135
Y172V,0.485158727486523
Y172W,0.191095435246486
A173C,0.312173521895632
A173D,0.0546305175656174
A173E,0.0783204930657169
A173F,0.227294353591191
A173G,0.186970054491367
A173H,0.0538801479997438
A173I,0.184868663415417
A173K,0.117099439269908
A173L,0.0692158218820723
A173M,0.0723024608574436
A173N,0.066785571622035
A173P,0.140670294670643
A173Q,0.297349910904188
A173R,0.228580017206845
A173S,0.0443325894004286
A173T,0.196248392299166
A173V,0.0968101753150918
A173W,0.315187476536024
A173Y,0.122022688117067
E174A,0.860658848584254
E174C,0.27386999841232
E174D,0.0276792073648406
E174F,0.444109964961583
E174G,0.0739271104989237
E174H,0.427181279834895
E174I,0.0464461206844637
E174K,0.0912154234675693
E174L,0.129208375085951
E174M,0.0345851244364535
E174N,0.202271198924681
E174P,0.318280326032217
E174Q,0.0515014252787165
E174R,0.160119406482474
E174S,0.0649458748986239
E174T,0.0799384301377734
E174V,0.249113673762198
E174W,0.100608476051229
E174Y,0.109146160978846
G175A,0.0394962783614575
G175C,0.148992406780772
G175D,0.0451319706890072
G175E,0.12643398330959
G175F,0.573209928338774
G175H,0.283381369409561
G175I,0.0105220251854226
G175K,0.106415052742015
G175L,0.144667583557585
G175M,0.0268414227830404
G175N,0.111691801133796
G175P,0.126138311921177
G175Q,0.116685442545039
G175R,0.155287520565909
G175S,0
G175T,0.36713949440448
G175V,0.12341577369388
G175W,0.0180333598715175
G175Y,0.0668537096569678
S176A,0.185944099407459
S176C,0.478307026097076
S176D,0.357441623035465
S176E,0.0732812541585967
S176F,0.0911581477667921
S176G,0.0179273887598105
S176H,0.378749885087184
S176I,0.150151433824666
S176K,0
S176L,0
S176M,0.125829880565615
S176N,0.0292377397306987
S176P,0.118974388207889
S176Q,0.268664970065594
S176R,0.291049143941656
S176T,0.14306864294292
S176V,0.0407929424384302
S176W,0.150856991018003
S176Y,0.237716645342421
R177A,0.105731112482457
R177C,0.112272922766121
R177D,0.108831077262925
R177E,0.130635002408434
R177F,0.257630081601472
R177G,0.0785186319583688
R177H,0.123468947514209
R177I,0.27457211205815
R177K,0.119024568094055
R177L,0.0886401809840071
R177M,0.0599712891838717
R177N,0.0763566969095407
R177P,0.0294134127336832
R177Q,0.100861432032412
R177S,0.0106190632462329
R177T,0.182375367577498
R177V,0.14374611180479
R177W,0.21889457947527
R177Y,0.171927101052161
G178A,0.0337345111085436
G178C,0.0691533426479982
G178D,0.0306888822947301
G178E,0.0958696010796441
G178F,0.0391651028593381
G178H,0.080888378084265
G178I,0.0340668708238987
G178K,0.238541879212763
G178L,0.0688786049428964
G178M,0.285378514879912
G178N,0.338254786844102
G178P,0.19914640423303
G178Q,0.023463304490174
G178R,0.0108268736152611
G178S,0.0276939348871017
G178T,0
G178V,0.314757289360406
G178W,0.0250917533119848
G178Y,0.0382146882081359
G179A,0.20345170242285
G179C,0.136316666888292
G179D,0.185970315949206
G179E,0.298693132773275
G179F,0.150232022600942
G179H,0.373080759060683
G179I,0.437722914134036
G179K,0.163535714320916
G179L,0
G179M,0.0584101468481322
G179N,0.00867200205416482
G179P,0.565703069109148
G179Q,0.0517933737581868
G179R,0.157884421850262
G179S,0.0691473478620736
G179T,0.254373503355435
G179V,0.150139962264445
G179W,0.222915828652033
G179Y,0
S180A,0.199104526534471
S180C,0
S180D,0.285899411419905
S180E,0.237111288210257
S180F,0.122844499427038
S180G,0.0299304412986718
S180H,0.253139539704291
S180I,0.368117694114648
S180K,0.195153746106931
S180L,0.0608156129891523
S180M,0.113214395638166
S180N,0.202125075609583
S180P,0.287620532798607
S180Q,0.362906883002538
S180R,0.058268933169922
S180T,0.0101622348136686
S180V,0.642385750540069
S180W,0.0983859389123732
S180Y,0.141942240459737
Q181A,0.0933627572292888
Q181C,0.0108895330257804
Q181D,0.149021851509691
Q181E,0.0486811933699285
Q181F,0.0815474314948113
Q181G,0.106743866170784
Q181H,0.0937920506268424
Q181I,0.115449335136347
Q181K,0.29943481114989
Q181L,0.0544608578206617
Q181M,0.0432296715187803
Q181N,0
Q181P,0.136259987834467
Q181R,0.114747518766218
Q181S,0.112139079513623
Q181T,0.0911492295165716
Q181V,0.254625763329279
Q181W,0.120469253961532
Q181Y,0.27889749221045
A182C,0.0297008021234864
A182D,0.0783514990037931
A182E,0.19910762596825
A182F,0
A182G,0.163594351400565
A182H,0.232858707187828
A182I,0.358572954113008
A182K,0.243603380732648
A182L,0.121846537977503
A182M,0.124895174674548
A182N,0.0155167596560908
A182P,0.200658296529723
A182Q,0.193191533857916
A182R,0.140370524306235
A182S,0
A182T,0.518232823249039
A182V,0.348867853420332
A182W,0.00212416959254898
A182Y,0.144216839157346
S183A,0.531887535341827
S183C,0
S183D,0.0679323250506123
S183E,0.682312518939962
S183F,0.273731719877127
S183G,0.132713696869117
S183H,0.15074788110094
S183I,0.15891443764257
S183K,0
S183L,0.178508413229915
S183M,0.0105277234738124
S183N,0.102354561194435
S183P,0.0890056977159606
S183Q,0.150782144747692
S183R,0.690761746460728
S183T,0.0462563008808663
S183V,0.120311740239517
S183W,0.463882156933978
S183Y,0.190003873705136
S184A,0.126238695850332
S184C,0.161592079506237
S184D,0.0532474853994288
S184E,0.216720094924174
S184F,0.667311615939686
S184G,0.0580677516757107
S184H,0.150036176920254
S184I,0.00937271888871859
S184K,0.186057695212469
S184L,0
S184M,0.177860082383292
S184N,0.0746237141727317
S184P,0.0634255253980329
S184Q,0.0901601166227824
S184R,0.0621507998100912
S184T,0.0859997340025751
S184V,0.164706708784183
S184W,0.181625601746558
S184Y,0.0554215157328687
R185A,0.00613162356612076
R185C,0.479491206846374
R185D,0.104549975723115
R185E,0.0744093708379678
R185F,0.0568235883977977
R185G,0.245055869680179
R185H,0.349365454124112
R185I,0.183397508612421
R185K,0.597672550388372
R185L,0.0298675148829119
R185M,0.0740455481200658
R185N,0.0489350343258273
R185P,0.161592079506237
R185Q,0.157576128314868
R185S,0.0565983340130336
R185T,0.0671820191157996
R185V,0
R185W,0.105421021020387
R185Y,0
S186A,0.163676884816323
S186C,0.0464123520191834
S186D,0.251621198960722
S186E,0.0395807659937872
S186F,0
S186G,0.198756345035942
S186H,0.196626494007256
S186I,0
S186K,0.0945184187825484
S186L,0.128440490344646
S186M,0
S186N,0.331667465727624
S186P,0.187926396954778
S186Q,0.344923048774705
S186R,0.130390380297292
S186T,0.103457634529215
S186V,0.203033077520746
S186W,0.537192847920347
S186Y,0.0658757858028235
S187A,0.037922965669356
S187C,0.169990846041403
S187D,0
S187E,0.017671039063531
S187F,0.100877677963876
S187G,0.264469969361712
S187H,0.0781324340469718
S187I,0.200523085508546
S187K,0.0521956716989173
S187L,0.0745733927104443
S187M,0.108104910107198
S187N,0.246065309437753
S187P,0.0494032737118491
S187Q,0.139645582794076
S187R,0.066439476003382
S187T,0.266022094955075
S187V,0.101941842975226
S187W,0.136945845781379
S187Y,0.142186602101247
S188A,0.182004867379427
S188C,0.0239107515657625
S188D,0.0258388723457277
S188E,0.227565494389757
S188F,0.633653029538831
S188G,0.447201002298887
S188H,0
S188I,0.106372446901774
S188K,0.398748016308188
S188L,0.0521084695290112
S188M,0.137913738939462
S188N,0.0459982048458447
S188P,0.00824542926507807
S188Q,0.214685768713999
S188R,0.424589702847261
S188T,0.150611997594031
S188V,0.474895727917525
S188W,0.204098212189086
S188Y,0.190782565762264
R189A,0.207803313366113
R189C,0.302977575392178
R189D,0.0629591232765539
R189E,0.173018755292929
R189F,0.262195286807985
R189G,0.0509995891587018
R189H,0.131404548169907
R189I,0.0784624053355129
R189K,0.12266126243948
R189L,0.230413471514962
R189M,0.140683041972001
R189N,0.169422381006348
R189P,0.106713730427171
R189Q,0.0786361429072572
R189S,0.129111972022972
R189T,0.372275193947826
R189V,0.0889268456501918
R189W,0.141086490399578
R189Y,0.0678509304895001
S190A,0
S190C,0.164521843018817
S190D,0.349568369737116
S190E,0.225891549653054
S190F,0.00177573713743118
S190G,0.333021483629206
S190H,0.128932817416194
S190I,0.0724897956431609
S190K,0.274208575955855
S190L,0
S190M,0
S190N,0.053242227208516
S190P,0.133180285307338
S190Q,0.118285734578571
S190R,0.00483319658725293
S190T,0.148030303507685
S190V,0.523500967631153
S190W,0.0254472665953015
S190Y,0.296681346761646
R191A,0.00245891227153043
R191C,0.171393579477283
R191D,0.0471075403373634
R191E,0.097389957379594
R191F,0.163002666405054
R191G,0.125889518406539
R191H,0.320802833681087
R191I,0.11800362281949
R191K,0.0505203946511821
R191L,0.108240057212117
R191M,0.0811666637886834
R191N,0.245314531189643
R191P,0.161888319654734
R191Q,0.116367059667907
R191S,0.0307462507762675
R191T,0.0836605236372155
R191V,0.164562843377337
R191W,0.0385387211787942
R191Y,0.102167376500161
N192A,0.266454399746838
N192C,0.0830224253051676
N192D,0.0854581396575309
N192E,0.152197191162851
N192F,0.0592296101396514
N192G,0.223532251429604
N192H,0.0745809597721095
N192I,0.0653683747941546
N192K,0.306223625246816
N192L,0.0958372131209346
N192M,0.118113293181995
N192P,0.496267317744651
N192Q,0.0127023206790617
N192R,0.336257614153339
N192S,0.000813569943718469
N192T,0.0721864671407284
N192V,0.123474244283888
N192W,0.146985760934432
N192Y,0.0899961891380137
S193A,0.0527592927375912
S193C,0
S193D,0.0467345976617084
S193E,0.118825955906278
S193F,0.193555347979998
S193G,0.0764472906216114
S193H,0.597299199672275
S193I,0.394919907249428
S193K,0.221487924518193
S193L,0.271386916219342
S193M,0.188177824015478
S193N,0.568457851120156
S193P,0.214204182766119
S193Q,0.180931355691019
S193R,0.035374690225604
S193T,0.0835058864392725
S193V,0.0779268179651855
S193W,0.0597617809328635
S193Y,0.524276524620236
S194A,0.0601921924801592
S194C,0.248911102285296
S194D,0.166645038182861
S194E,0.209069064869191
S194F,0.170750855438472
S194H,0.0404091353343726
S194I,0.156810838731824
S194K,0.282037580489069
S194L,0.12832170549703
S194M,0.288926187970272
S194N,0.0741325662375411
S194P,0.243986602060227
S194Q,0.0661795908292769
S194R,0.0653479404908978
S194T,0.185485799617391
S194V,0.148545629165688
S194W,0.209435333712517
S194Y,0.244480195446754
R195A,0.0851763174764766
R195C,0.275932310044719
R195D,0.142504692933688
R195E,0.0252397585135625
R195F,0.0325209122414808
R195G,0.510519580567311
R195H,0.0215998656292233
R195I,0.126325553354014
R195K,0.188959193738057
R195L,0.168093234518528
R195N,0.299908962137505
R195P,0.0564710512640854
R195Q,0.364471758187169
R195S,0.0679019801188683
R195T,0.112431123679241
R195V,0.110874751097001
R195Y,0.0614524771986142
N196A,0.0102996452083482
N196C,0.203085137284212
N196D,0.105948749291049
N196E,0.043525002244481
N196F,0.0655942831123307
N196G,0.0564204087362662
N196H,0.147857314720739
N196I,0.0554669284495045
N196K,0.0404801714167251
N196L,0.148029466413524
N196M,0.196306003172805
N196P,0.0270611970476556
N196Q,0.203890448174539
N196R,0.042366450779699
N196S,0.220987124558169
N196T,0.0508603986948346
N196V,0.0933747101052278
N196W,0.0703679174856337
N196Y,0.153162962808771
S197A,0.187543618542147
S197C,0.190869749524647
S197D,0.116193084622081
S197E,0.0304336710692604
S197F,0.0924644464443053
S197G,0.160600609079409
S197H,0.163898103985974
S197I,0.143367567664381
S197K,0.201733535326652
S197L,0.0946431880861135
S197M,0.0648861995504739
S197N,0
S197P,0.182707623926882
S197Q,0.142449242892831
S197R,0
S197T,0.572285274946175
S197V,0.0798043596921978
S197W,0.0153164133929086
S197Y,0.0384748228865922
T198A,0.212220882061739
T198C,0.0673072672668625
T198D,0.0729362436353379
T198E,0.0662274089799315
T198F,0.124725089562497
T198G,0.0879301986223588
T198H,0.110839098710125
T198I,0
T198K,0.318222652233061
T198L,0.0562738791576001
T198M,0.395185297858865
T198N,0.142993825308635
T198P,0.43644808318848
T198Q,0.0692537483598159
T198R,0.000834795843835298
T198S,0.0341775775347276
T198V,0.12031288564018
T198W,0.0143698781135287
T198Y,0.109663491399427
P199A,0.0476277191646768
P199C,0.211538056331151
P199D,0.0177179566481305
P199E,0.00999785124977298
P199F,0.474863880925997
P199G,0.0502870387625984
P199H,0
P199I,0.230544814272861
P199K,0.0958220649690639
P199L,0
P199M,0.140065028869836
P199N,0.0259924094101109
P199Q,0.232481200994112
P199R,0.0183650233590038
P199S,0.103532748224161
P199T,0.0306457697684995
P199V,0.0359522410828951
P199W,0.134908636200934
P199Y,0.462921187855351
G200A,0.308126281093586
G200C,0.395955788394676
G200D,0.105715779300634
G200E,0.0913495562344321
G200F,0.0705092762113877
G200H,0.267223638385383
G200I,0.133099461930267
G200K,0.0239781911196941
G200L,0.145011913180474
G200M,0.0324032082797808
G200N,0.158914793593897
G200P,0.0357598341519871
G200Q,0.116707685809661
G200R,0.0758727875000511
G200S,0.185750545387054
G200T,0.0266360570614677
G200V,0.172821349305672
G200W,0.815565522472546
G200Y,0.130963939235994
S201A,0.0710294854972471
S201C,0.0686980428790255
S201D,0.0125655102657827
S201E,0.229234547188134
S201F,0.293567611100228
S201G,0.0574340707799225
S201H,0.133357709749298
S201I,0.122525862482751
S201K,0.122525862482751
S201L,0.143740042666523
S201M,0.0927672676509021
S201N,0.0596438181098864
S201P,0.0494171444901649
S201Q,0.223002638846905
S201R,0.0541180049627108
S201T,0.0460789914217004
S201V,0.242025382257681
S201W,0.111719494356212
S201Y,0.11363841493472
S202A,0.115206302566396
S202C,0
S202D,0.0885046358449797
S202E,0.0866292475205899
S202F,0.259095586051161
S202G,0.571953855109584
S202H,0.160640325436516
S202I,0.140077480939376
S202K,0.807047106617369
S202L,0.378163838833924
S202M,0.140533941441207
S202N,0.18392424351389
S202P,0.447160296780416
S202Q,0.133550449866676
S202R,0.205984350578312
S202T,0.0247481234177439
S202V,0.0773267412856445
S202W,0.100049482741836
S202Y,0.088406177472278
R203A,0.055263973364016
R203C,0.108944698085647
R203D,0.395429581389038
R203E,0.0966969975532774
R203F,0.260993508433599
R203G,0.0617762302576643
R203H,0.208431510743348
R203I,0.0202990171122284
R203K,0.224169081560797
R203L,0.338689938050128
R203M,0.187990454937584
R203N,0.168808001677292
R203P,0.105140872726514
R203Q,0.607671656235919
R203S,0.31170302042003
R203T,0.635523080802833
R203V,0.0230963008489335
R203W,0.0478431896090383
R203Y,0.118974388207889
G204A,0.241765501987676
G204C,0.192134840404056
G204D,0.370086674591337
G204E,0.0594018070838959
G204F,0.182613971435484
G204H,0.0442339414254553
G204I,0.118974388207889
G204K,0.26727875048588
G204L,0.388838606647077
G204M,0.156204999491511
G204N,0.099441279696146
G204P,0.0192816477040186
G204Q,0.0980211054074794
G204R,0.152913513801597
G204S,0.217630161223746
G204T,0.109189666961785
G204V,0.220334738702575
G204W,0.159375011804591
G204Y,0.0296082741541155
T205A,0.110673488160881
T205C,0.262709798137307
T205D,0.0890977558681981
T205E,0.204486232160634
T205F,0
T205G,0.197420907460639
T205H,0.0449025929085883
T205I,0.0785647656222258
T205K,0.145130050982937
T205L,0.26076856881734
T205M,0
T205N,0.205203321458223
T205P,0.0878773621624705
T205Q,0.00630082898069672
T205R,0.152537350913215
T205S,0.0818812065631076
T205V,0.114833690552608
T205W,0.347708307717831
T205Y,0.0564589144287885
S206A,0.31597022689166
S206C,0.119778369743386
S206D,0
S206E,0.293150154949485
S206F,0.329708062843472
S206G,0.00532721141229353
S206H,0.0283615092261366
S206I,0.0552472490478924
S206K,0.0372531396191461
S206L,0.199481792242556
S206M,0.0679712715383379
S206N,0.271060753018734
S206P,0.0268820044485815
S206Q,0.182780131250618
S206R,0.2727800519928
S206T,0.145610445269357
S206V,0.459141812272614
S206W,0.118974388207889
S206Y,0
P207A,0.169446337892114
P207C,0.190675787785637
P207D,0.40698339007241
P207E,0.110057045321814
P207F,0.25195011556067
P207G,0
P207H,0.371729678696071
P207I,0.351595953211373
P207K,0.0284117941988988
P207L,0
P207M,0.263404796092499
P207N,0.0230845827866053
P207Q,0.13495602244477
P207R,0.627570187851209
P207S,0.298330361139628
P207T,0.449759422062003
P207V,0.07371224890439
P207W,0.0233007928559323
P207Y,0.331839442662947
A208C,0.101119023896993
A208D,0.0830719845348966
A208E,0.0465395389424855
A208F,0.158589494139961
A208G,0.218036913473858
A208H,0.0426176912983483
A208I,0.016527004297155
A208K,0.10681471386957
A208L,0.234714106824003
A208M,0.19779327914539
A208N,0.134522603093991
A208P,0.262809096339814
A208Q,0.111229514246985
A208R,0.0834596454592654
A208S,0.0805896068588371
A208T,0.184239199353738
A208V,0.268814705988258
A208W,0.169933567403918
A208Y,0.0936581070945798
R209A,0.0670273063631529
R209C,0.288563490365574
R209D,0.200427645227052
R209E,0.283311805507509
R209F,0.209223528617451
R209G,0.0735916540797515
R209H,0.65009270733895
R209I,0.228800780570562
R209K,0.0551879117080144
R209L,0.21362046625411
R209M,0.135913663773251
R209N,0.194884130871954
R209P,0.0821993796553283
R209Q,0.134956667536429
R209S,0
R209T,0.406171765877101
R209V,0.323784019210465
R209W,0.227419323179703
R209Y,0.207534305365447
M210A,0.0736925660149554
M210C,0.116631423590888
M210D,0.105478524441006
M210E,0.1253829356194
M210F,0.320450802996193
M210G,0.220677618781477
M210H,0.11311398396285
M210I,0.0830347641484852
M210K,0.492391664168691
M210L,0.111391051612709
M210N,0.101373781127741
M210P,0.0870592339990509
M210Q,0
M210R,0.363382693949358
M210S,0.0375038844975264
M210T,0.0615078488976488
M210V,0.08137491441466
M210W,0.116730276360698
M210Y,0.110542878891675
A211C,0.109706769213532
A211D,0.250182070315639
A211E,0.0993560770112586
A211F,0.223590945896331
A211G,0.16276808148215
A211H,0.0660366840977726
A211I,0.0491246377858428
A211K,0.0367702894804284
A211L,0.255060303635437
A211M,0.093956676684997
A211N,0.174577657422983
A211P,0.170023838386016
A211Q,0.128311514497674
A211R,0.157585825037795
A211S,0.233898354252177
A211T,0.037303582654813
A211V,0.522741913050907
A211W,0.0955392671475694
A211Y,0.16176174347772
G212A,0.254445621108839
G212C,0.151396559468941
G212D,0.216370916241028
G212E,0.0915793926275617
G212F,0.151188136083287
G212H,0.0390729876617882
G212I,0.0739317522532018
G212K,0.325902493355838
G212L,0.194228383746179
G212M,0.373490320159185
G212N,0.368848646206863
G212P,0.283183962965909
G212Q,0.194864884244622
G212R,0.0242008177223389
G212S,0.152127336688292
G212T,0.126891183554899
G212V,0.520698642251509
G212W,0.130798746150098
G212Y,0.249001004986119
N213A,0.223543561882535
N213C,0.260721006792641
N213D,0.0905584450904447
N213E,0.0749833323076231
N213F,0.187228892259804
N213G,0.319579023899306
N213H,0.0625154075801456
N213I,0.0581304785371987
N213K,0.121297819803345
N213L,0.0921061912378915
N213M,0.111622305466595
N213P,0.0707369097324562
N213Q,0.0393035061201173
N213R,0.117258072869143
N213S,0.0806545966447151
N213T,0.0420585203332204
N213V,0.135496129325427
N213W,0.310295516280942
N213Y,0.103749087471036
G214A,0.15144039514936
G214C,0.131873524988438
G214D,0.0535380717274825
G214E,0.0211440962387445
G214F,0.296600917370253
G214H,0.121168939687471
G214I,0.328513352466608
G214K,0.172185019063629
G214L,0.311754996530187
G214M,0.133208981248205
G214N,0.0537804810577019
G214P,0.149689512389748
G214Q,0.0827590447949123
G214R,0.160091581625108
G214S,0.028918073809105
G214T,0.0845515463793495
G214V,0.2120998082898
G214W,0.413017747696155
G214Y,0.274908981002996
G215A,0.0852687983359707
G215C,0.0923711976106129
G215D,0.0942786839157819
G215E,0.159229090717057
G215F,0.212891065886815
G215H,0.136104240355229
G215I,0.184105611535519
G215K,0.0109774463063216
G215L,0.35170533681626
G215M,0.0575917776070692
G215N,0.0856512826360476
G215P,0.204234795285102
G215Q,0.140804983238413
G215R,0.113323846642109
G215S,0.0788646574530934
G215T,0.604637449102973
G215V,0.177349583234356
G215W,0.238285603137999
G215Y,0.279335473561999
D216A,0.249346200069353
D216C,0.128167783432092
D216E,0.202238962044698
D216F,0.229670714509842
D216G,0.089725615783026
D216H,0.106800595625372
D216I,0.121044677083604
D216K,0.158091072609778
D216L,0.189894246054983
D216M,0.0465278524608308
D216N,0.143758965789571
D216P,0.145360968306439
D216Q,0.0600683935068975
D216R,0.12050061765655
D216S,0.161768684550174
D216T,0.133609890155379
D216V,0.131302775655501
D216W,0.0865564550890076
D216Y,0.167456374237723
A217C,0.0850014015326231
A217D,0.148169395648285
A217E,0.258828112323395
A217F,0.264064432043429
A217G,0.142157905629614
A217H,0.0739887828806748
A217I,0.0684193182031279
A217K,0.0371002223356157
A217L,0.331852766575854
A217M,0.0758679254761525
A217N,0.200547312958634
A217Q,0.331260195236236
A217R,0.143967985404939
A217S,0.346119239474242
A217T,0.10214584740739
A217V,0.128188805407436
A217W,0.166811046657722
A217Y,0.0532084351980622
A218C,0.780246931626908
A218D,0.125144419506906
A218E,0.0368935695793793
A218F,0.186309700947638
A218G,0.187423534053143
A218H,0.0560991525551773
A218I,0.435538512550696
A218K,0.121862198991244
A218L,0.329902684213428
A218M,0.0900584068891402
A218N,0
A218P,0.0381306853638054
A218Q,0.0996715190103787
A218R,0.187547423521321
A218S,0.0379543816086078
A218T,0.164663495592969
A218V,0.351474728218469
A218W,0.164310734810557
A218Y,0.272438402619836
L219A,0.0995255847509969
L219C,0.182613971435484
L219D,0.0539986270105871
L219E,0.0126626109759972
L219F,0.0848217575967153
L219G,0.0732483444477982
L219H,0
L219I,0.0382892879789338
L219K,0.0664227511666474
L219M,0.129926514994821
L219N,0.0429430208221856
L219P,0.0274942670600884
L219Q,0.0341016647315999
L219R,0.0697596604825743
L219S,0.0422115271420355
L219T,0.065373150391378
L219V,0.0778727058642478
L219W,0.149190065893176
L219Y,0.0119738950548192
A220C,0.192452034901065
A220D,0.0754509801057083
A220E,0.0475917400862153
A220F,0.153362193347684
A220G,0.191359887942348
A220H,0.068610967398173
A220I,0.353167926408775
A220K,0.0219909235682005
A220L,0.0142058970994494
A220M,0.115014656285399
A220N,0.0993049284516646
A220P,0.00587769978531026
A220Q,0.221526767315428
A220R,0.0395400173186684
A220S,0.0231282828959978
A220T,0.0525761313514885
A220V,0.115729322868906
A220W,0.241790084423453
A220Y,0.118807720838156
L221A,0.14532908528423
L221C,0.232621565003484
L221D,0.0244795451745054
L221E,0.0641657459700455
L221F,0.0817530953885086
L221G,0.084070017815743
L221H,0.178720958890524
L221I,0.0926585420682838
L221K,0.0694487461154366
L221M,0.1981017522004
L221N,0.490088843270418
L221P,0.0315744694966684
L221Q,0.131922573386879
L221R,0.143761479937276
L221S,0.074593637571758
L221T,0.0524282453740437
L221V,0.0645499585105797
L221W,0.0620976025608387
L221Y,0.0286431933726151
L222A,0.0154982330786835
L222C,0.0746344977298848
L222D,0.150151781851314
L222E,0.0578038375287739
L222F,0.306135714436789
L222G,0.0985356303410287
L222H,0.0244059761461144
L222I,0.45230911824982
L222K,0.0607336272689705
L222M,0.100507987748798
L222N,0.264549608458727
L222P,0.0120590471914615
L222Q,0.297958894739855
L222R,0.106899125791816
L222S,0.0829528304561933
L222T,0.00218115625717494
L222V,0.0176286142689158
L222W,0.1514788627337
L222Y,0.179946449419113
L223A,0.0885164820015644
L223C,0.0382686884760455
L223D,0.0611392013591423
L223E,0.137018864745542
L223F,0.29635963085644
L223G,0.0194274355744069
L223H,0.163845650408698
L223I,0.637503770038193
L223K,0.0940230579407543
L223M,0.750145142980201
L223N,0.209890863081451
L223P,0
L223Q,0.0336987109094495
L223R,0.0792880684459073
L223S,0.126963329141122
L223T,0.0755000889890157
L223V,0.087547958375617
L223W,0.0428376121057023
L223Y,0.182848147985087
L224A,0.0485656128101219
L224C,0.0092989998620532
L224D,0.0460113744295409
L224E,0.245051724965503
L224F,0.18622922350484
L224G,0.0251060858875051
L224H,0.0371880543013723
L224I,0.302103194990459
L224K,0.0859795841909729
L224M,0.0567955991062263
L224N,0.0833372099457478
L224P,0.0425596834428063
L224Q,0.143180273197236
L224R,0.03119173533855
L224S,0.0212512783834614
L224T,0.215702899470486
L224V,0.458996067478447
L224W,0.134487079715662
L224Y,0.0328430943131966
D225A,0.456177822263968
D225C,0.380458233576768
D225E,0
D225F,0.528868786666248
D225G,0.0600818371066141
D225H,0.28283024980366
D225I,0.458135736187374
D225K,0.138079698907117
D225L,0.667965562787595
D225M,0.533402001789357
D225N,0.207901918414687
D225P,0.041220052319041
D225Q,0.184350451534501
D225R,0.0475637535725721
D225S,0.359836424705372
D225T,0.288467982771496
D225V,0.244462641387532
D225W,0.763939187404678
D225Y,0.368067117600756
R226A,0.148943998433034
R226C,0.120738020292491
R226D,0
R226E,0.0121789487687099
R226F,0.288431537391928
R226G,0
R226H,0.000135123847497369
R226I,0.174709201292398
R226K,0.0753398653613962
R226L,0.12315386313599
R226M,0.218484478126965
R226N,0.616149208349213
R226P,0.0638602130686162
R226Q,0.0501814358114173
R226S,0.13509281614867
R226T,0.0700435413429957
R226V,0.223145882451306
R226W,0.158588365894287
R226Y,0.208348141251989
L227A,0.0306644442306063
L227C,0.00936141402940892
L227D,0.207573084150442
L227E,0.079927607256525
L227F,0.688666138688636
L227G,0.299603987134447
L227H,0.0566727925383076
L227I,0.0085905244354572
L227K,0.288080311031157
L227M,0.124187303106672
L227N,0
L227P,0.504924477665828
L227Q,0.0866088573215707
L227R,0
L227S,0.1487891192688
L227T,0.0169284879127597
L227V,0.137352451293782
L227W,0.0141117198332633
L227Y,0.0917261789162112
N228A,0.0752799299067922
N228C,0.0929751472232931
N228D,0.0771132249820015
N228E,0.0379726830537455
N228F,0.369199906615624
N228G,0.0466831421750498
N228H,0.197034745686883
N228I,0.366667070649432
N228K,0.246743661839674
N228L,0.388848745434316
N228M,0.232950029472262
N228P,0.0690345615164565
N228Q,0.255769926196545
N228R,0.0223980251563512
N228S,0.117166432112332
N228T,0.111636168491691
N228V,0.549742402004983
N228W,0.436675170774229
N228Y,0.0408315006584057
Q229A,0.160766980095205
Q229C,0.118929782370705
Q229D,0.0944402898480624
Q229E,0.250174769327211
Q229F,0.239614830474993
Q229G,0.179053774211368
Q229H,0.0525366172979007
Q229I,0.186790768471324
Q229K,0.0240528498898779
Q229L,0.23372994800108
Q229M,0.030842368980079
Q229N,0.104610492620112
Q229P,0.18852581101766
Q229R,0.23813932541467
Q229S,0.117909813677919
Q229T,0.213907112202986
Q229V,0.13591244653059
Q229W,0.165558111045434
Q229Y,0.0746826328818761
L230A,0.172383152147882
L230C,0.139074984268381
L230D,0.098608387212353
L230E,0.126880146727352
L230F,0.145598331492737
L230G,0.142465727743378
L230H,0.205154642010413
L230I,0.0425074056385022
L230K,0.0466449961960205
L230M,0.124694853177149
L230N,0.0634264985142481
L230P,0
L230Q,0.104182722224206
L230R,0.0718549889409342
L230S,0.0360206058656493
L230T,0.0214372083196593
L230V,0.0711605027616794
L230W,0.189967342058059
L230Y,0.180061734928351
E231A,0.10886522499097
E231C,0.212547059851915
E231D,0.0514931471980589
E231F,0.149628446146677
E231G,0.162477128165706
E231H,0.0714609287649361
E231I,0.0721166192463201
E231K,0.186015705976191
E231L,0.117178575588037
E231M,0.093159621721752
E231N,0.47151867014272
E231P,0.0170043485623455
E231Q,0.133902568932024
E231R,0.222828086665487
E231S,0.221116341681639
E231T,0.138551864867072
E231V,0.215105781523947
E231W,0.0838454809614421
E231Y,0.0517207748917761
S232A,0.433577368290515
S232C,0.162907068721174
S232D,0.20700970165889
S232E,0.0754555765711427
S232F,0.366835829583633
S232G,0.174037926783887
S232H,0.128764365083464
S232I,0.455937830400691
S232K,0.179938064952761
S232L,0.122328197494888
S232M,0
S232N,0.0539055698192817
S232P,0.0700748933386982
S232Q,0.625419492252723
S232R,0.150430731721809
S232T,0.132568250944584
S232V,0.412861017043386
S232W,0.086256811215864
S232Y,0.276676197212376
K233A,0.0905033330009411
K233C,0.288708002356545
K233D,0.0755257987476147
K233E,0.0635619084156522
K233F,0.0963755022761135
K233G,0.0176495029683933
K233H,0.0892867432693586
K233I,0.107944278271719
K233L,0.164049916356521
K233M,0.00138280186823484
K233N,0.00820964065185445
K233P,0.0138003374802545
K233Q,0.0774474700388483
K233R,0.0451216408188015
K233S,0.303418732559176
K233T,0.098745609598389
K233V,0.262742726679422
K233W,0.17586674238894
K233Y,0.0377596888957339
M234A,0.0963376311097782
M234C,0.0977020539206122
M234D,0.0854562026218616
M234E,0.117391031825002
M234F,0.0367244390772873
M234G,0.298360566542226
M234H,0.262281502852424
M234I,0.106275898923212
M234K,0.112571045444056
M234L,0.0818842075500758
M234N,0.342104306455974
M234P,0.0607270105737725
M234Q,0.454628569702581
M234R,0.114048977881065
M234S,0.13350153051705
M234T,0.146527627279508
M234V,0.919957315771449
M234W,0.230751361870011
M234Y,0.085608216294971
S235A,0.0501317097889316
S235C,0.100752690855559
S235D,0
S235E,0.20351495112361
S235F,0.0214553816436965
S235G,0.316063296177932
S235H,0.0332507398571266
S235I,0.16626841300686
S235K,0.11489826432424
S235L,0.246124176736662
S235M,0.180587321219655
S235N,0.116369895065947
S235P,0.0429009149237177
S235Q,0.0881383955082613
S235R,0.197429762685247
S235T,0.163482326167848
S235V,0.131457468587213
S235W,0.0621826409769005
S235Y,0.065995465811228
G236A,0.0351078029879622
G236C,0.0798929900119845
G236D,0.109966637015142
G236E,0.0629048277793465
G236F,0.214786889034844
G236H,0.0493232324186709
G236I,0.283789816648376
G236K,0.361776177648439
G236L,0.15223162573228
G236M,0.0781025757151116
G236N,0.0557099358627098
G236P,0.0485371141864905
G236Q,0.122315110708409
G236R,0.152607986407966
G236S,0.141449046359515
G236T,0.0852500063142989
G236V,0.203188509541814
G236W,0.0573221467697027
G236Y,0
K237A,0.433531919291491
K237C,0.261607205134943
K237D,0.15783934699109
K237E,0.129718706185758
K237F,0.0942692205963398
K237G,0.0656101657685385
K237H,0.322114990771846
K237I,0.0744783613335248
K237L,0.0992616300307134
K237M,0.117806648025122
K237N,0.139213979150559
K237P,0.108767511085788
K237Q,0.330287107562199
K237R,0.173629385488583
K237S,0.0579240560973254
K237T,0.0280133348122798
K237V,0.864627880978914
K237W,0.100903721105516
K237Y,0.168592484375319
G238A,0.156202117715914
G238C,0.455982927889757
G238D,0.12131353755188
G238E,0.147328021436701
G238F,0.0332509090508078
G238H,0.07080778578536
G238I,0.229307599864122
G238K,0.0494540910246777
G238L,0.0880412396911747
G238M,0.438832623244605
G238N,0.0417933900963013
G238P,0.104323640740127
G238Q,0.077186588467114
G238R,0.157937020565025
G238S,0.101087576212078
G238T,0.0517223036674701
G238V,0.16231004150655
G238W,0.14069921044794
G238Y,0.135382919659191
Q239A,0.0600323420313477
Q239C,0.0774033100420415
Q239D,0.212379517957732
Q239E,0.0926871853048258
Q239F,0.0570628267585323
Q239G,0.433175503609812
Q239H,0.0143092595983425
Q239I,0.336261892838831
Q239K,0.0517770250963051
Q239L,0.334810018955047
Q239M,0.380479102863039
Q239N,0.24187316811472
Q239P,0.0775863049457729
Q239R,0.322674883103912
Q239S,0.222018497044697
Q239T,0
Q239V,0.11477832876649
Q239W,0.112434661028967
Q239Y,0.333873971674502
Q240A,0.35252029638075
Q240C,0.0965494184026456
Q240D,0.0983276155611478
Q240E,0.0758744294838526
Q240F,0.110880192820684
Q240G,0.36837200193391
Q240H,0.198210950009546
Q240I,0.0319256692847443
Q240K,0.165334231177841
Q240L,0.185737097190408
Q240M,0.142608699732591
Q240N,0.0656755357932473
Q240P,0.199908415801392
Q240R,0.162429139140509
Q240S,0.0604941391671794
Q240T,0.414332159429489
Q240V,0.366537154969604
Q240W,0.23147326362585
Q240Y,0.0406014579498116
Q241A,0.13054408405772
Q241C,0.12996419329156
Q241D,0.141980962168635
Q241E,0.147643847132999
Q241F,0.0787254171288069
Q241G,0.122465304782783
Q241H,0.0567400133140002
Q241I,0.136467720987905
Q241K,0.0686065696615079
Q241L,0.29487713689687
Q241M,0.233992251783916
Q241N,0.0140319846993917
Q241P,0.260025373751242
Q241R,0.491747059294557
Q241S,0.165611980991491
Q241T,0.178330161075252
Q241V,0.132064656301116
Q241W,0.121142448833491
Q241Y,0.0921944521678344
Q242A,0.0194207337191801
Q242C,0.333879470521147
Q242D,0.0963149994736436
Q242E,0.0872167000403068
Q242F,0.0869494711957342
Q242G,0.122649824312573
Q242H,0.0788346768627094
Q242I,0.12592657973147
Q242K,0.249107813033722
Q242L,0.0691861977067102
Q242M,0.223226470563284
Q242N,0.320996632036947
Q242P,0.238621234796168
Q242R,0.192787461650298
Q242S,0.273432201049103
Q242T,0.0695063574307131
Q242V,0.0551422944227917
Q242W,0.0409645910694218
Q242Y,0.0980494176163335
G243A,0.088107082498636
G243C,0.311093888051323
G243D,0.428922695659772
G243E,0.113201275506285
G243F,0.101272508619122
G243H,0.233824436072334
G243I,0.289451821351976
G243K,0.0508142895434755
G243L,0.0404988888400463
G243M,0.0230885661836902
G243N,0.122447731239276
G243P,0.121479333995224
G243Q,0.21444527553029
G243R,0.0173463384695591
G243S,0.0127637306952368
G243T,0.147924873208618
G243V,0.224703619708633
G243W,0.168699438634165
G243Y,0.33230127232651
Q244A,0.0486108041371785
Q244C,0.111548460699627
Q244D,0.898683014092364
Q244E,0.202232823790621
Q244F,0.0590040918870285
Q244G,0.104422756070332
Q244H,0.24822373233071
Q244I,0.124707435622007
Q244K,0.355884031313746
Q244L,0.069803058349744
Q244M,0.182520105447504
Q244N,0.13504913675936
Q244P,0.0611922839961143
Q244R,0.085290638601098
Q244S,0.237007900768333
Q244T,0.0230793656959376
Q244V,0.138035620689141
Q244W,0.307161359960135
Q244Y,0.307348550535696
T245A,0.196596546467214
T245C,0.105342787695987
T245D,0.0671627535421886
T245E,0.229756206393936
T245F,0.198305551708891
T245G,0.108332649219998
T245H,0.0781727181257908
T245I,0.0566772705805946
T245K,0.330213594985213
T245L,0.23642881755656
T245M,0.0624710013808683
T245N,0.0434491198899028
T245P,0.0174559605819595
T245Q,0.0575278943394742
T245R,0.236734316636019
T245S,0.0881520049343659
T245V,0.0911817889226434
T245W,0.0940891186153774
T245Y,0.384157076377585
V246A,0.192834770823587
V246C,0.0504384315138966
V246D,0.0382414798053447
V246E,0.317401575597851
V246F,0.0875588765486511
V246G,0.143933889970531
V246H,0.135039717946182
V246I,0.0528631647133204
V246K,0.207533810766279
V246L,0.0823386221283361
V246M,0.695792425332545
V246N,0.129519327239374
V246P,0.346761928162961
V246Q,0.0770760500831207
V246R,0.222246893007651
V246S,0.0885560025797408
V246T,0.137949953718445
V246W,0.136433417041915
V246Y,0.0953044760714394
T247A,0.282700420648362
T247C,0.0462010377782414
T247D,0.21207654746122
T247E,0.0584288482026904
T247F,0.0310854893205992
T247G,0.141456257294563
T247H,0.211508107487058
T247I,0.0640645494697055
T247K,0.270129622990249
T247L,0.408052978728658
T247M,0.0938589076829754
T247N,0.242708991318988
T247P,0.0753859135780013
T247Q,0
T247R,0.400506952262794
T247S,0.191552653866155
T247V,0.197208358083675
T247W,0.0666529722756691
T247Y,0.125359641370696
K248A,0.131435202533968
K248C,0.100352565120505
K248D,0.0771262301906879
K248E,0.220506398571055
K248F,0.146746514913915
K248G,0.0830929018282113
K248H,0.0660995546008728
K248I,0.0816128317137238
K248L,0.0369700794214018
K248M,0.0591716995125887
K248N,0.0913101276797083
K248P,0.00715404287301872
K248Q,0.034133700022962
K248R,0.271518141739602
K248S,0.267049517810074
K248T,0.2821845738481
K248V,0.0487333409415575
K248W,0.512859013592427
K248Y,0.00605371376695038
K249A,0.227183577466029
K249C,0.0898265181650794
K249D,0.0614045415947146
K249E,0.082507391040532
K249F,0.342017951689181
K249G,0.0304494986285925
K249H,0.119568027641551
K249I,0.136388027607741
K249L,0.426597511581413
K249M,0.180852237082732
K249N,0.0994666726193786
K249P,0.0607202571250877
K249Q,0.0648618229808491
K249R,0.0618232617473273
K249S,0.0655714912602839
K249T,0.128283183236291
K249V,0.313551293145275
K249W,0.150601114820473
K249Y,0.132682318383988
S250A,0.083890610824378
S250C,0.327098915221772
S250D,0.122182462756403
S250E,0.131975546360046
S250F,0.690372654253228
S250G,0.0951846889617006
S250H,0.120317524735898
S250I,0.0432761291173206
S250K,0.0785992743277163
S250L,0.0600409943572933
S250M,0.0788649435456567
S250N,0.0281458102427354
S250P,0.0346760135472399
S250Q,0
S250R,0.0587634665510689
S250T,0.0415143363799262
S250V,0.0701749954461524
S250W,0.144305176419486
S250Y,0.42172617552275
A251E,0.131069131155059
A251S,0.03836364988589
E253A,0.0674780112223848
E253C,0.1651435537811
E253F,0
E253G,0
E253H,0.186409959012226
E253I,0.0657022740849536
E253K,0.343396893435169
E253L,0
E253M,0.248603199240365
E253N,0.0728052226346783
E253P,0.120092005054764
E253Q,0
E253R,0.412853083917675
E253S,0
E253T,0.172977273549763
E253V,0.099441279696146
E253W,0.0210917224626012
E253Y,0.290903049244036
A254C,0.167227068205906
A254D,0.0280654254304007
A254E,0.106037027623139
A254F,0.278994987574551
A254G,0.0171064413385965
A254H,0
A254I,0
A254K,0.21131271935431
A254L,0.1554226890166
A254M,0.174569186127989
A254N,0
A254P,0.185951997537648
A254Q,0.10476849110844
A254R,0.00993226646417792
A254S,0.0635325384108489
A254T,0
A254V,0
A254W,0
A254Y,0.00710294854972471
S255A,0.014597277084504
S255C,0
S255D,0
S255E,0.0661008918261066
S255F,0.403092330196877
S255G,0.175797976605687
S255H,0
S255I,0
S255K,0
S255M,0.00177573713743118
S255N,0
S255P,0
S255Q,0.148367117566625
S255R,0.477610522910787
S255T,0
S255V,0
S255W,0.36825307019028
S255Y,0.150095176596589
K256A,0.343000128307171
K256C,0
K256D,0
K256E,0.0801362332805609
K256F,0.0461691655732106
K256G,0
K256H,0.265517112555362
K256I,0.546269226083832
K256L,0.0746838718107561
K256M,0.12075012534532
K256N,0.106627645473386
K256P,0.0301700603741714
K256Q,0.126388090756664
K256R,0
K256S,0.580666043939995
K256T,0
K256V,0.0286420716351064
K256W,0.0433976040697859
K256Y,0.246210566409086
K257A,0
K257C,0.0705057531080564
K257D,0
K257E,0.0510929082294883
K257F,0.193127842620609
K257G,0.0412071320033523
K257H,0.0259647336641525
K257I,0.0255053444409845
K257L,0
K257M,0.0539141345998605
K257N,0.0818319205129553
K257P,0
K257Q,0.111871439658164
K257R,0.0831017549469484
K257S,0.265195072723809
K257T,0.0710294854972471
K257V,0.261324168327789
K257W,0
K257Y,0.129628811032476
P258A,0.151083808393072
P258C,0
P258D,0.105967037715805
P258E,0.163701123758899
P258F,0.0268339895449393
P258G,0.0765515011999572
P258H,0.00389322038175106
P258I,0.0338051015783904
P258K,0.135000170605645
P258L,0.900031212842929
P258M,0.147988964449621
P258N,0.141043557352802
P258Q,0.111578571294005
P258R,0.822641068597579
P258S,0
P258T,0.082658877921025
P258V,0.364290141908337
P258W,0.0120686685279659
P258Y,0.00804875118646528
R259A,0
R259C,0.0521169539608747
R259D,0.965099684614686
R259E,0.34615608411911
R259F,0.245584607341944
R259G,0.722361623380905
R259H,0.278954561113261
R259I,0.308299516361866
R259K,0.0830140717446831
R259L,0.142702961501417
R259M,0.0968226139859533
R259N,0.536236603327078
R259P,0.249229828226313
R259Q,0.104229641124922
R259S,0.209708869088344
R259T,0.216275612651434
R259V,0.425693569389286
R259W,0.35354872657117
R259Y,0.270504413163502
Q260A,0.0833752804904162
Q260C,0.222843248013876
Q260D,0.12716789387951
Q260E,0.287903543165908
Q260F,0.175836035269659
Q260G,0.475810496671988
Q260H,0.0835078886981654
Q260I,0.0727062004580173
Q260K,0.5703395355994
Q260L,0.185604888523772
Q260M,0.561379468535502
Q260N,0.100419214754925
Q260P,0.221450349515026
Q260R,0.11138880413489
Q260S,0.215624294721908
Q260T,0.298826495769222
Q260V,0.0388795804704723
Q260W,0.0372804663307685
Q260Y,0.130859677734527
K261A,0.245728020064858
K261C,0.523269879929019
K261D,0.933851673596091
K261E,0.398120420943549
K261F,0.356779101497373
K261G,0.304787414969182
K261H,0.133346279868719
K261I,0.48335321629214
K261L,0.210366776957383
K261M,0.331210581343496
K261N,0.170527284228645
K261P,0.731512091980155
K261Q,0.162985814574831
K261R,0.156284564836936
K261S,0.158444996368727
K261T,0.147369788824548
K261V,0.561139169044752
K261W,0.100703820985352
K261Y,0.830752904178782
R262A,0.329814108607377
R262C,0.313162749250098
R262D,0.995836366096132
R262E,0.662337874028433
R262F,0.599433842427784
R262G,0.257667734766925
R262H,0.5663390162001
R262I,0.329497521296317
R262K,0.718114152026501
R262L,0.156107667091354
R262M,0.0993660464564295
R262N,0.524769437445477
R262P,0.410387664457561
R262Q,0.0865441971987021
R262S,0.813393823748385
R262T,0.600619789893185
R262V,0.335226365671183
R262W,0.635023806369159
R262Y,0.660758294609526
T263A,0.0572530238596938
T263C,0.0766405633854862
T263D,0
T263E,0.0650274772939213
T263F,0.0468399746750324
T263G,0.196664820219836
T263H,0.130149051953808
T263I,0.0370174324391903
T263K,0.133656824934615
T263L,0.270911190481409
T263M,0.120997844118369
T263N,0.12505166079398
T263P,0.591214607445057
T263Q,0.0420462213399672
T263R,0.109712447034571
T263S,0.0423056370733604
T263V,0.197867852456617
T263W,0.188248707788163
T263Y,0.106099793471903
A264C,0.234676575009594
A264D,1
A264E,0.20507727872407
A264F,0.307777086848246
A264G,0.761069237083498
A264H,0.0763566969095407
A264I,0.0655917261231706
A264K,0.587866439654901
A264L,0.0923383311464213
A264M,0.620692694162767
A264N,0.236109620094867
A264P,0.124462700908358
A264Q,0.313040701609221
A264R,0.645091070650577
A264S,0.259457604803354
A264T,0.161575684205963
A264V,0.195699474737104
A264W,0.713723437567758
A264Y,0.132331516172865
T265A,0.182702925377637
T265C,0.158292676937289
T265D,0.190531402911066
T265E,0.217910501304593
T265F,0.109324034877897
T265G,0.0342605477381531
T265H,0.015184434931896
T265I,0.121633679819109
T265K,0.287330561005914
T265L,0.0947619999693479
T265M,0.0310712350761093
T265N,0.0514073152703604
T265P,0.12075012534532
T265Q,0.0133757117116313
T265R,0.16367582936755
T265S,0.080455158002712
T265V,0.185748187775223
T265W,0.0594632244423201
T265Y,0.12829802905325
K266A,0.0924892982027244
K266C,0.0761158684462644
K266D,0.310426889577771
K266E,0.026962792694755
K266F,0.0924685813322655
K266G,0.0986006381789578
K266H,0.0873564744935766
K266I,0.319943888974273
K266L,0.168634156180406
K266M,0.0396817068983658
K266N,0.198849029612507
K266P,0.028529924456815
K266Q,0.166906559930025
K266R,0.0989393045336213
K266S,0.114926125203077
K266T,0.0709862097858604
K266V,0.0329708062843471
K266W,0.0483627898303562
K266Y,0.1436228304053
A267C,0.363895460880017
A267D,0.0268761137102236
A267E,0.0870699910945816
A267F,0.076876684667837
A267G,0.149360037500498
A267H,0.0995670484398144
A267I,0.152380580768392
A267K,0.12527006180747
A267L,0.337175000280399
A267M,0.145166878108821
A267N,0.0254963224978152
A267P,0.366917735088423
A267Q,0.212385345311564
A267R,0.204291848884284
A267S,0.124782512657701
A267T,0.117561469126458
A267V,0.338102897888074
A267W,0.0716679111972174
A267Y,0.129053792034759
Y268A,0.0198208239624789
Y268C,0.106970601192393
Y268D,0.568372479142395
Y268E,0.0872707256676018
Y268F,0.174615125387496
Y268G,0.236761646768409
Y268H,0.438764715365822
Y268I,0.0920467123834723
Y268K,0.504365620390444
Y268L,0.143355774194059
Y268M,0.125570044861799
Y268N,0.835775505152667
Y268P,0.252980472608301
Y268Q,0.159450652531598
Y268R,0.118472343945182
Y268S,0.246680599140738
Y268T,0.0509655248042343
Y268V,0.106172958396804
Y268W,0.161592079506237
N269A,0.352280866812829
N269C,0.243335920501116
N269D,0.425235209994534
N269E,0.0225864128396508
N269F,0.278197695024156
N269G,0.639650527101056
N269H,0.228077863791702
N269I,0.0468752266277952
N269K,0.333970954969124
N269L,0.613041300025315
N269M,0.25649731493666
N269P,0.115786829128651
N269Q,0.172449196484285
N269R,0.305426787638163
N269S,0.184006998711354
N269T,0.374917163774114
N269V,0.441948631778773
N269W,1
N269Y,0.603702744754482
V270A,0.206365378538998
V270C,0.676527626164442
V270D,0.0814158425273917
V270E,0.0430075967933468
V270F,0
V270G,0.212017196854813
V270H,0.0858734414548763
V270I,0.260153673754117
V270K,0.292047210696323
V270L,0.0334249496215971
V270M,0.113598589674287
V270N,0.135661130024137
V270P,0.268066624346064
V270Q,0.24150025069064
V270R,0.129026538679792
V270S,0.132802712333529
V270T,0.110484021429823
V270W,0.0872845930639945
V270Y,0
T271A,0.393526555310522
T271C,0.214938725383515
T271D,0.173370133863223
T271E,0.1470895883806
T271F,0.711432612059648
T271G,0.23406295182166
T271H,0.25274573022053
T271I,0.298192750295184
T271K,0.228264401582288
T271L,0.521670792524275
T271M,0.376684644407484
T271N,0.0638179640209954
T271P,0.289579285987428
T271Q,0.250443285158428
T271R,0.126619594331877
T271S,0.318023193516473
T271V,0.26883005429146
T271W,0.147987123622956
T271Y,0.505903510728699
Q272A,0.348298483967055
Q272C,0.0618494912213463
Q272D,0.0188005995645189
Q272E,0.0866728613188383
Q272F,0.614662877167869
Q272G,0.0810564952596183
Q272H,0.0782975517041404
Q272I,0.121334474151532
Q272K,0.280989510973338
Q272L,0.0553272079919733
Q272M,0.0589856160391492
Q272N,0.0893522362931334
Q272P,0.199882187640986
Q272R,0.364632416656891
Q272S,0.10660471564228
Q272T,0.0845058645846964
Q272V,0.0397426988653349
Q272W,0.0671561365796574
Q272Y,0.0392686181037857
A273C,0.704037970241758
A273D,0.355349305614063
A273E,0.0946105136521314
A273F,0.117198651070458
A273G,0.164374920649863
A273H,0.701416169285315
A273I,0.285941096833832
A273K,0.0585993255352289
A273L,0.350551676011737
A273M,0.367775643495848
A273N,0.198113130104816
A273P,0.294328430529218
A273Q,0.146873010665237
A273R,0.166919290918531
A273S,0.183462263548029
A273T,0.111871439658164
A273V,0.229597742724044
A273W,1
A273Y,0.149723351910242
F274A,0.132807100619962
F274C,0
F274D,0.172967739228017
F274E,1
F274G,0.386637089975399
F274H,0.250607463082804
F274I,0.316211979169313
F274K,0.604934451484888
F274L,0.159408402756153
F274M,0.06037506267266
F274N,0.692401335993258
F274P,0.199547625413702
F274Q,0.0962080992238631
F274R,0.255992845541069
F274S,0.456859765253274
F274T,0.431878903088098
F274V,0.265505375397641
F274W,0.121968525366899
F274Y,0.232924389741522
G275A,0.0367953811368677
G275C,0.420059979528005
G275D,0.14132853598988
G275E,0.144926723310064
G275F,0.0774477218456742
G275H,0.517727856850615
G275I,1
G275K,0.0680272531400892
G275L,0.257319544252947
G275M,0.459051084352035
G275N,0.245271470513726
G275P,0.247031268297116
G275Q,0.118974388207889
G275R,0.150085857773539
G275S,0.234307256582692
G275T,0.256758999499357
G275V,0.0852648015253913
G275W,0.0896828442091911
G275Y,0.216665298439996
R276A,0.0948892883029151
R276C,0.0706868516536153
R276D,0.0645983574978505
R276E,0.130390165132003
R276F,0.0306794620898529
R276G,0.071716926498436
R276H,0.546640751935092
R276I,0.175469218114785
R276K,0.147415881688158
R276L,0.0702220756714903
R276M,0.348512877710843
R276N,0.18928316962818
R276P,0.0678708610110245
R276Q,0.33026670336614
R276S,0.0168477340689674
R276T,0.00147027006842128
R276V,0.107223226069601
R276W,0.0471882881735275
R276Y,0.0763435134065506
R277A,0.334683235563937
R277C,0.411608724686454
R277D,0.163648231415245
R277E,0.204894623452732
R277F,0.126388090756664
R277G,0.28908439181657
R277H,0.178370289374324
R277I,0.453260082097986
R277K,0
R277L,0.0365455694052057
R277M,1
R277N,0.0834596454592654
R277P,0
R277Q,0.0619202572296087
R277S,0.285195884638953
R277T,0.192774680366099
R277V,0.0997380766703473
R277W,0
R277Y,0.0679966026267982
G278A,0.0505158093295304
G278C,0.657022740849536
G278D,0
G278E,0.0532721141229353
G278F,0.304445476974639
G278H,0.56623896009515
G278I,0.201589881234624
G278K,0.0905318839714115
G278L,0.06037506267266
G278M,0.139289767723696
G278N,0.171961400077656
G278P,0.050472960630165
G278Q,0.948243631388249
G278R,0.0807223207387453
G278S,0.125382911298993
G278T,0.704923894849582
G278V,0.553894494096214
G278W,0.085863655307702
G278Y,0.191779610842567
P279A,0.240882465173357
P279C,0.636920976599415
P279D,0.739076658082214
P279E,0.57954179477831
P279F,0.718008417427429
P279G,0.349148783197856
P279H,0.0345357279831446
P279I,0.559116585533913
P279K,0.339897294977693
P279L,0.0910403823872413
P279M,0.171706997428352
P279N,0.453193936046529
P279Q,0.496532859735811
P279R,0.928677710342445
P279S,1
P279T,0.376548665549921
P279V,0.265659109770946
P279W,0.56482845174844
P279Y,0.715975265482023
E280A,1
E280C,0.778826873222982
E280D,0.505175474580771
E280F,1
E280G,0.707349031404986
E280H,0.861311433304674
E280I,0.888347172912639
E280K,1
E280L,1
E280M,1
E280N,0.979037583214503
E280P,0
E280Q,0.703307930345968
E280R,1
E280S,0.796449588807392
E280T,0.964078005747846
E280V,0.941816797787321
E280W,0.641661952834102
E280Y,1
Q281A,0.651533367415904
Q281C,1
Q281D,0.893198622944765
Q281E,0.990224283459889
Q281F,0.275694811020796
Q281G,0.627253375280574
Q281H,0.32493187102125
Q281I,0.352511001430152
Q281K,0.930124397614083
Q281L,0.412116942797307
Q281M,0.286775921381638
Q281N,0.671719475189083
Q281P,0.524751813255729
Q281R,1
Q281S,0.589761902382721
Q281T,0.392353814907934
Q281V,0.542599527184041
Q281W,0.531080705974801
Q281Y,1
T282A,0.0822368287802937
T282C,0.476879243929622
T282D,0.289594518002919
T282E,0.70968827930939
T282F,0.148179140887123
T282G,0.675164376656093
T282H,0.472597838621956
T282I,0.015523614013101
T282K,1
T282L,0.0236668588057476
T282M,0.116994436166476
T282N,0.205441488986683
T282P,0.484757551154074
T282Q,0.613219373848989
T282R,1
T282S,0.309695013993952
T282V,0.0458951167552132
T282W,0.124672415316528
T282Y,0.694337527195946
Q283A,0.828491945604403
Q283C,1
Q283D,0.201364076798753
Q283E,0.25904041178101
Q283F,0.186163958998932
Q283G,0.284117941988988
Q283H,0.25719097866259
Q283I,0.750915753293259
Q283K,0.72441024412422
Q283L,0.971099007185191
Q283M,0.167862836040113
Q283N,0.528520318435223
Q283P,0.319161845345111
Q283R,1
Q283S,1
Q283T,0.822535473366523
Q283V,1
Q283W,0.112407326374936
Q283Y,0.124046809907418
G284A,0.372320151831906
G284C,0
G284D,0.0657022740849536
G284E,0.978625104965008
G284F,0.120340813686967
G284H,0
G284I,0.0970928379322718
G284K,0.188532084021459
G284L,0.148204534681886
G284M,0.141807988539612
G284N,0.660406239989776
G284P,0.62459733162726
G284Q,0.66444024854932
G284R,0.213546007321195
G284S,0.317144377940153
G284T,0.0737406771036168
G284V,0.345608133706617
G284W,0.0456604374120896
G284Y,0.431488011052472
N285A,0.171638147941149
N285C,0.279472015864571
N285D,0.195300982187636
N285E,0.0142058970994494
N285F,0.171084778197083
N285G,0.186636774536837
N285H,0.551860114676321
N285I,0.03018753133633
N285K,0.357128673280353
N285L,0.205481958189824
N285M,0.2347572290189
N285P,0.0418072377129647
N285Q,0.199008872185908
N285R,0.269479453419495
N285S,0.898801864801264
N285T,0.0665728163274829
N285V,0.175346114923394
N285W,0.0394330843160792
N285Y,0.343813521131133
F286A,0.184105577807802
F286C,0.0061193489006951
F286D,0.201744249936551
F286E,0.284117941988988
F286G,0.0783603837457378
F286H,0.22271172855212
F286I,0.0969878002964344
F286K,0.112105073930024
F286L,0.148622486564066
F286M,0.179637895491705
F286N,0.0590397577857889
F286P,0
F286Q,0.0674780112223848
F286R,0.199075160925514
F286S,0.217325288470056
F286T,0.266080191066661
F286V,0.0128439555885389
F286W,0.236581607210246
F286Y,0.150645992065606
G287A,0.206583245319156
G287C,0
G287D,0.390186489487143
G287E,0.0513772726653106
G287F,0.253930410652658
G287H,0.52108932804042
G287I,0.239972290828199
G287K,0
G287L,0.388496298232764
G287M,0.181469387066156
G287N,0
G287P,0.530014574140849
G287Q,0.220444344343019
G287R,0.162120849399909
G287S,0.54404091741346
G287T,0.191779610842567
G287V,0.301394219401122
G287W,0
G287Y,0.164787691771264
D288A,0.0438525223088843
D288C,0.331311229403033
D288E,0.0908021736255906
D288F,0.14771363548186
D288G,0.57941769838972
D288H,0.0631940453783321
D288I,0.133939407125466
D288K,0.182223125305357
D288L,0.21783530212853
D288M,0.660088019847032
D288N,0.173129017332103
D288P,0.282041810206833
D288Q,0.412553103991324
D288R,0.278087103509393
D288S,0.233434468416002
D288T,0.348165570118673
D288V,0
D288W,0.374234240361044
D288Y,0.287021317548928
Q289A,0.178853364347058
Q289C,0.092242557315267
Q289D,0.137185952852121
Q289E,0.078510062138806
Q289F,0.0827355620127163
Q289G,0.15215307422387
Q289H,0.0404185264856337
Q289I,0.223328931782456
Q289K,0.0317438379396368
Q289L,0
Q289M,0.0656561510424229
Q289N,0.240315383833094
Q289R,0.366393350207472
Q289S,0.152817376090125
Q289T,0.680129193558417
Q289V,0.167583750449226
Q289W,0.0367329932367474
Q289Y,0.175487157032887
E290A,0.177573993439617
E290C,0
E290D,0.130797846732207
E290F,0.406319970378499
E290G,0
E290H,0.141302788084521
E290I,0.166891576519394
E290K,0.115777988524699
E290L,0.108937859550836
E290M,0.0998204848017396
E290N,0.173416967169307
E290P,0.506963394342919
E290Q,0.229820888704521
E290R,0.221996265560653
E290S,0.287197666548142
E290T,0.148798758606488
E290V,0.121957710418293
E290W,0.0971457977298632
E290Y,0.263664344737298
L291A,0.102716871803461
L291C,0.101217016833577
L291D,0.60041848340458
L291E,0.236047303544415
L291F,0.0307487804693226
L291G,0.194330255733523
L291H,0.454640545903674
L291I,0.434894454020962
L291K,0.0780547154954195
L291M,0.0989410471922884
L291N,0.505069043367931
L291P,0.285392462998919
L291Q,0
L291R,0.329587062715554
L291S,0.521522427801437
L291T,0.0923383311464213
L291V,0.547681726612211
L291W,0.0984435900199497
L291Y,0.106211368082157
I292A,0.290448436715866
I292C,0.404659414849861
I292D,0.111926757488268
I292E,0.0349597906565991
I292F,0
I292G,0.186365672747476
I292H,0.634287182258908
I292K,0.279317476093841
I292L,0.346342708268185
I292M,0.0517916594098467
I292N,0.218884402986401
I292P,0.16235727478448
I292Q,0.142364557798495
I292R,0.11116122902978
I292S,0.0726771366772242
I292T,0
I292V,0.295102833466149
I292W,0.191615263200936
I292Y,0.301553334409911
R293A,0.0159059842108727
R293C,0.16153426292822
R293D,0.0888752650443296
R293E,0.148312555479759
R293F,0.0157584022889832
R293G,0
R293H,0.205344495279706
R293I,0.0509927307540212
R293K,0.344311242888619
R293L,0.10692908104121
R293M,0.0998783287368025
R293N,0.0511160934390103
R293P,0.207761245079448
R293Q,0.0909981436808026
R293S,0.0722948247660889
R293T,0.0723749406241767
R293V,0.129961337728171
R293W,0.19819656186303
R293Y,0.310481142940276
Q294A,0.110222172171509
Q294C,0.0457074739174785
Q294D,0.387671652824754
Q294E,0.0675473398456577
Q294F,0.244037254566733
Q294G,0.0260234051836072
Q294H,0.0251400804912462
Q294I,0.00806303609292913
Q294K,0.0500090320138837
Q294L,0.432167528508337
Q294M,0.108384153421208
Q294N,0.228103736540572
Q294P,0.0436642273342746
Q294R,0.0360882572067453
Q294S,0.210657492777919
Q294T,0.0956609356948462
Q294V,0.0960505362398623
Q294W,0.0887868568715589
Q294Y,0.143577924882505
G295A,0.0851803999101018
G295C,0.237281487694602
G295D,0.516398347119768
G295E,0.235891328524226
G295F,0.329986650137805
G295H,0.797037504349286
G295I,0.106935934967363
G295K,0
G295L,0.432741832482056
G295M,0.077521720507921
G295N,0.0771906661722084
G295P,0.0389057447360004
G295Q,0
G295R,0.630027415073583
G295S,0.115411203004259
G295T,0.491034812061364
G295V,0.0905922690792733
G295W,0.0463351714561938
G295Y,0.113305028153346
T296A,0.0350944489358558
T296C,0.147169459853573
T296D,0
T296E,0.0145550403243885
T296F,0
T296G,0.0547247403276278
T296H,0.0745809597721095
T296I,0.0919913318798504
T296K,0.0774629820431482
T296L,0.355305120296588
T296M,0.181652455597962
T296N,0.120724667438587
T296P,0.180046764714273
T296Q,0.116152435519329
T296R,0.169461529716685
T296S,0.0382414798053447
T296V,0.413746753021464
T296W,0.160100985500908
T296Y,0.157891398228458
D297A,0.0486135376919295
D297C,0.251245048255263
D297E,0.185236624856067
D297F,0.154183785811961
D297G,0.0813726621841513
D297H,0.055023081853991
D297I,0.0825987386602655
D297K,0.0958975785896868
D297L,0.197999038795985
D297M,0.0966873463633772
D297N,0.120135705791362
D297P,0.0450708017663542
D297Q,0.114990826241021
D297R,0.247566960062023
D297S,0.109123738153305
D297T,0.125247387411892
D297V,0.0866921922157624
D297W,0.194536782834106
D297Y,0.135015646597323
Y298A,0.0634948102690803
Y298C,0.505134896170317
Y298D,0.00177573713743118
Y298E,0.104368606344303
Y298F,0.22095736223158
Y298G,0.0781324340469718
Y298H,0.0698422605586579
Y298I,0.646368318024949
Y298K,0.625751414123429
Y298L,0.368511973049043
Y298M,0.329890777203595
Y298N,0.0337390056111924
Y298P,0.0406424448707704
Y298Q,0.264559064204803
Y298R,0.144278642416283
Y298S,0.450933411303899
Y298T,0
Y298V,0
Y298W,0.269740318747028
K299A,0.0648476607268671
K299C,0.557831225719583
K299D,0.134891661070552
K299E,0.0430786447072857
K299F,0.0517342132717845
K299G,0.0686137616038984
K299H,0.181230427037439
K299I,0.256558227998677
K299L,0.111750044030832
K299M,0.145201103266897
K299N,0.0486778288694202
K299P,0.0248795454245402
K299Q,0.229703924768307
K299R,0.21642698417171
K299S,0.306201399104323
K299T,0.142577693344035
K299V,0.223916873331248
K299W,0.237112125584444
K299Y,0.0903047340196512
H300A,0.132933500657457
H300C,0.0957450705713907
H300D,0.0838904041948639
H300E,0.316549846972787
H300F,0.214634830383809
H300G,0.211408355810534
H300I,0.142128161245472
H300K,0.23273960517804
H300L,0.316835081689193
H300M,0.101847766586297
H300N,0.0624066714857548
H300P,0.125246856424766
H300Q,0.0973309800979424
H300R,0.424606166230394
H300S,0.0813733031979468
H300T,0.108014636584369
H300V,0.501576345694946
H300W,0.0972475825218254
H300Y,0.0875168365430269
W301A,0.220791282247241
W301C,0.289200844888529
W301D,0.190284892841513
W301E,0.426183869585733
W301F,0.320844942874561
W301G,0.108865869806807
W301H,0.288214843377617
W301I,0.042626674791455
W301K,0.243269112739597
W301L,0.196603696732589
W301M,0.182402464653937
W301N,0.19564815021141
W301P,0.0765887301568537
W301Q,0.45451280979552
W301R,0.18338122762254
W301S,0
W301T,0.551615064269805
W301V,0
W301Y,0.248507343707313
P302A,0.706704208512494
P302C,0.177960242732084
P302D,0.157440849039972
P302E,0.10269976884422
P302F,0.243697044367296
P302G,0.338705925334628
P302H,0.191075670649248
P302I,0.26345591622474
P302K,0.199334196199347
P302L,0.0614248841603207
P302M,0.110606601631894
P302N,0.249901284096287
P302Q,0.222447403584668
P302R,0.209885695326717
P302S,0.312770528391491
P302T,0.174795410640405
P302V,0.393440958890461
P302W,0.313129589115784
P302Y,0.384147315274735
Q303A,0.310437054311087
Q303C,0.19497632717716
Q303D,0.119392688181521
Q303E,0.148183782630295
Q303F,0.200121432132131
Q303G,0.213624325114098
Q303H,0.210887722339859
Q303I,0.109954792717069
Q303K,0.436670026353393
Q303L,0.133951702339949
Q303M,0.0474342943891465
Q303N,0.222341165200136
Q303P,0.437347550385839
Q303R,0.408706535947072
Q303S,0.202577087432184
Q303T,0.334136862758032
Q303V,0.308591853777312
Q303W,0.388072144657092
Q303Y,0.452576121415982
I304A,0.630110510384334
I304C,0.202647571677352
I304D,0.306425038008024
I304E,0
I304F,0.407237936853649
I304G,0.28333854099101
I304H,0.0515982986846785
I304K,0.338737853082448
I304L,0.27593336805952
I304M,0.13393919118385
I304N,0.0998144667108907
I304P,0.649604204473134
I304Q,0
I304R,0.112902512834737
I304S,0.713756414042797
I304T,0.0225809898037541
I304V,0.101619772647917
I304W,0.528590737321312
I304Y,0.00478516197848231
A305C,0.609070972467933
A305D,0.252434213982072
A305E,0.120929322643175
A305F,0.69891851518539
A305G,0.497716591613499
A305H,0.694169258014934
A305I,0.198882559392292
A305K,0.327148136923582
A305L,0.291143256496051
A305M,0.370274809278599
A305N,0.376364770643181
A305P,0.0443934284357794
A305Q,0.205662819533516
A305R,0.207541556010197
A305S,0.15704392553594
A305T,0.533112287416525
A305V,0.449131347983283
A305W,1
A305Y,0.857181182371993
Q306A,0.117712099368915
Q306C,0.287995293614614
Q306D,0.159635480252957
Q306E,0.115978107038161
Q306F,0.0515629505881323
Q306G,0.239839148627634
Q306H,0.0262966118609444
Q306I,0.24425452270888
Q306K,0.0428475235853851
Q306L,0.172882975393572
Q306M,0.199279704650052
Q306N,0.389351979505765
Q306P,0.204182926402914
Q306R,0.0707380225094272
Q306S,0.691000309277089
Q306T,0.358270292922861
Q306V,0.386849298410425
Q306W,0.0846072965576766
Q306Y,0.0179820454328587
F307A,0.0341382869610824
F307C,0.43839411553972
F307D,0.254069154308793
F307E,0.599698593896416
F307G,0.0679865391195459
F307H,0.472374272997386
F307I,0.217375094667481
F307K,0.736795758707368
F307L,0.631707866203717
F307M,0.224534012725233
F307N,0
F307P,0.0931876370653613
F307Q,0.0339371321266578
F307R,0.0307655220920827
F307S,0.0941140682838524
F307T,0.129701108194234
F307V,0.130169700636825
F307W,0.071995099167782
F307Y,0.19412277617866
A308C,0.504228612492666
A308D,0.402865460359051
A308E,0.476385880544349
A308F,0.192933475781488
A308G,0.366747485214523
A308H,0.313796573048128
A308I,0.102261947618733
A308K,0.0999567863487945
A308L,0.134079816931745
A308M,0.0909266839976001
A308N,0.0407887971978979
A308P,0.0590598554937683
A308Q,0.227132221069947
A308R,0
A308S,0.209914133343677
A308T,0.236463213020165
A308V,0.223680067227531
A308W,0.0782666962336514
A308Y,0.0876855175106043
P309A,0.10338017263614
P309C,0.557217764991374
P309D,0.423025479014624
P309E,0.136281088275956
P309F,0.164590385495313
P309G,0.565670732337904
P309H,0.064383745014469
P309I,0.398209053068942
P309K,0.770472414382571
P309L,0.175084657092541
P309M,0.164545316007088
P309N,0.0585993255352289
P309Q,0
P309R,0.175288244918469
P309S,0.00691274881075647
P309T,0.369353324585685
P309V,0.6309095558163
P309W,0
P309Y,0.104357139156879
S310A,0.247902877091864
S310C,0.902354126797744
S310D,0.0426176912983483
S310E,0.0184071391984861
S310F,0.692657867800428
S310G,0.182118834863153
S310H,0.115541351624562
S310I,0.147954082168511
S310K,0.801540061840314
S310L,0.0367152016091351
S310M,0.129628811032476
S310N,0.122525862482751
S310P,0.115873631593546
S310Q,0.212023014209283
S310R,0.256687611788196
S310T,0.0203761449936105
S310V,0.530648562865898
S310W,0.625414925412832
S310Y,0.183723085570118
A311C,0.205148695437
A311D,0.0369417113940097
A311E,0.302177373575204
A311F,0.790959114700291
A311G,0.313801591154586
A311H,0.380567667137963
A311I,0.955900732389482
A311K,0.1444914247112
A311L,0.599844005024252
A311M,0.406610479646104
A311N,0.0842587271711094
A311P,0
A311Q,0.303757131429255
A311R,0.785924818717579
A311S,0.125661258285859
A311T,0.181138336029125
A311V,0.511616466551769
A311W,0.108863691618135
A311Y,0.391408543710358
S312A,0.317856947600181
S312C,0
S312D,0.227325598232905
S312E,0
S312F,0
S312G,0.252151871515079
S312H,0.0227863144393024
S312I,0.0906303127981294
S312K,0.110095702520733
S312L,0.129300258746449
S312M,0.203819919884819
S312N,0
S312P,0.307247985543805
S312Q,0
S312R,0.0355147427486236
S312T,0
S312V,0
S312W,0
S312Y,0.306183538448113
A313C,0.154489130956512
A313D,0.706770352526417
A313E,0.48300050138128
A313F,0.428203995267205
A313G,0.124407722922389
A313H,0
A313I,0.519441164208707
A313K,0.93062243776007
A313L,0.150011486019254
A313M,0.142283866463087
A313N,0.170405326767043
A313P,0.138425051781108
A313Q,0.0448694579220073
A313R,0
A313S,0.245051724965503
A313T,0.282002387668994
A313V,0.499246096543995
A313W,0.0443934284357794
A313Y,0.255447528213601
F314A,0.272139146173828
F314C,0.180182713019022
F314D,0.368100216443371
F314E,0.061193489006951
F314G,0.223481928697566
F314H,0.312676583108912
F314I,0.13035808704391
F314K,0.318583608051457
F314L,0.378232010272841
F314M,0.184423438553091
F314N,0.122525862482751
F314P,0.260253065153085
F314Q,0
F314R,0
F314S,0.553335749221074
F314T,1
F314V,0.191356816286036
F314W,0.142781525122591
F314Y,0.693245799128297
F315A,0.193555347979998
F315C,0.026787846157335
F315D,0.287534443540781
F315E,0.181755520849439
F315G,0.0620902192581865
F315H,0.540947706805273
F315I,0.38532954498983
F315K,0.25730014001916
F315L,0.336138539246447
F315M,0.810723956183222
F315N,0.245888876376493
F315P,0.21270525588798
F315Q,0.681830489608319
F315R,0.0710294854972471
F315S,0.510905818067915
F315T,0.269764831821831
F315V,0
F315W,0.125392196058725
F315Y,0.546835176766755
G316A,0.154384428401866
G316C,0.468752012018749
G316D,0.935942111474539
G316E,0.259065636266622
G316F,0.320631633189454
G316H,0.353104872113979
G316I,0.0377408882120594
G316K,0.0921224417779002
G316L,0.693913139658993
G316M,1
G316N,0.137290577818741
G316P,0.0990161006338099
G316Q,0.253930410652658
G316R,0.53265312322789
G316S,0.334821214702931
G316T,0.864251167646773
G316V,0.289445153401282
G316W,0.290770147446313
G316Y,0.486904939800263
M317A,0.0766591806873819
M317C,0.420069199297113
M317D,0.276900049458584
M317E,0
M317F,0.719173540659627
M317G,0.19925650544151
M317H,0.250273447042899
M317I,0.0741288144861427
M317K,0
M317L,0.162839404641093
M317N,0.0834596454592654
M317P,0.185111116531007
M317Q,0.205734745877386
M317R,0.0816839083218342
M317S,0
M317T,0.246836525476228
M317V,0.084229366172008
M317W,0
M317Y,0.0337409808471628
S318A,0.0818169048180136
S318C,0.214725550817068
S318D,0
S318E,0.579560793625305
S318F,0.45808158092345
S318G,0.584171726568203
S318H,0.481224764243849
S318I,0.250378936377796
S318K,0.314132219225976
S318L,0.0976655425587148
S318M,1
S318N,0.173695364950499
S318P,0.099441279696146
S318Q,0.252154673515227
S318R,0.402464870007254
S318T,0.545828885099076
S318V,0.0715304711763216
S318W,0.461334955181759
S318Y,1
R319A,0.0872209480482187
R319C,0.786072271779252
R319D,0.0038532954498983
R319E,0.975073440811883
R319F,0.128296083797759
R319G,0.181754742130822
R319H,0.518836107523549
R319I,0.739901343773014
R319K,0.16886984611335
R319L,0
R319M,0.453089381957852
R319N,0.393462512099607
R319P,0
R319Q,0.311970603766449
R319S,0.556370451511138
R319T,0.317582319886005
R319V,0.618202617831509
R319W,0.369262502587038
R319Y,0.578890306802564
I320A,0.108984103416455
I320C,0.0703996573677356
I320D,0.0638455303822324
I320E,0.300099576225869
I320F,0.10060501744522
I320G,0.0857252215267878
I320H,0
I320K,0.230500885824414
I320L,0.061785901574995
I320M,0.0766291970904284
I320N,0.183346650400069
I320P,0.393434394689493
I320Q,0.385019891070936
I320R,0.401753114711969
I320S,0.235337141963689
I320T,0.790203026156874
I320V,0.0614146474795053
I320W,0.0514889017205313
I320Y,0.298323839088438
G321A,0.0662045830003651
G321C,0.287599480425213
G321D,0.470020159842323
G321E,0.210825181025087
G321F,0.158040605231375
G321I,0.411383379016194
G321K,0.273025221919867
G321L,0.239556507995198
G321M,0.126966424153298
G321N,0.0788099823356037
G321R,0.0750543330094916
G321S,0.099890058501464
G321T,0.146497840308169
G321V,0.22277293326695
G321W,0.848257441776445
G321Y,0
M322A,0.0857894806493627
M322C,0.44205611445576
M322D,0.179349450880549
M322E,0.0694733691262847
M322F,0.290538630838667
M322G,0.189899694151973
M322H,0.291220890538713
M322I,0.0452053177107785
M322K,0.438535190347856
M322L,0.0714520253582624
M322N,0
M322P,0.292873828747623
M322Q,0.375525827233058
M322R,0.220509033893179
M322S,0.913767032276539
M322T,0.404723273925793
M322V,0.260450159424956
M322W,0.394947661563004
M322Y,0.487729052518183
E323A,0.0817142087713926
E323C,0.825422222465397
E323D,0.159164106829754
E323F,0.915040657071699
E323G,0.739129591705996
E323H,0.646368318024949
E323I,0.0476079191855929
E323K,1
E323L,0.311916269263616
E323M,0.0722049425107227
E323N,1
E323P,0.301081577456975
E323Q,0.163740035221652
E323R,1
E323S,0.188076536564076
E323T,0.113088975982416
E323V,0.369676323371481
E323W,1
E323Y,1
V324A,0.337433059787431
V324C,0.953655593891193
V324D,0.0544646810799319
V324E,0.0120383852640495
V324F,0.0198598944873391
V324G,0.252195150448116
V324H,0.148691871478428
V324I,0.0270012602435952
V324K,0.335350189470533
V324L,0.154461203475822
V324M,0.537236842876291
V324N,0.213314701635008
V324P,0.0391593096641662
V324Q,0.0862919063340486
V324R,0.152661612992757
V324S,0.0690885008040767
V324T,0.126869438218741
V324W,0.278901094127834
V324Y,0.0264379504197554
T325A,0.211222041351935
T325C,0.973490646333597
T325D,0.206860437631925
T325E,1
T325F,1
T325G,1
T325H,1
T325I,0.0852606378928922
T325K,0.925500756692182
T325L,0.0314034398408321
T325M,0.22899584387967
T325N,1
T325P,0.419841900377065
T325Q,1
T325R,1
T325S,0.953684830090766
T325V,0.99023267448672
T325W,1
T325Y,0.676506940124231
P326A,1
P326C,0.912479303465931
P326D,1
P326E,1
P326F,1
P326G,0.641915655548065
P326H,0.506319714566894
P326I,1
P326K,0.873953161484887
P326L,0.78827887996454
P326M,0.400828296154028
P326N,1
P326Q,0.94044914386973
P326R,0.451066190028054
P326S,0.398484744742349
P326T,0.729811071458708
P326V,0.690799236463681
P326W,1
P326Y,1
S327A,0.108265947057775
S327C,0.235535083355322
S327D,0.392603388252481
S327E,0.703884443906345
S327F,1
S327G,0.245493596358204
S327H,0.162363061415418
S327I,0.0889998401511225
S327K,0.207797696746155
S327L,0.226419259121623
S327M,0.464342009668571
S327N,0.428854041127099
S327P,0.85160741252916
S327Q,0.210371822081915
S327R,0.338823776947516
S327T,0.17970697608968
S327V,0.0332315843588493
S327W,0.293391724277015
S327Y,0.293862514568778
G328A,0.186718281413319
G328C,0.846750558930143
G328D,0.120843967233451
G328E,0.561999311310764
G328F,0.223714238394757
G328H,0.322248362565623
G328I,0.879942418794418
G328K,1
G328L,0.191853049785519
G328M,0.664622410274022
G328N,0.209919712160307
G328P,1
G328Q,0.85627975562159
G328R,0.282468186202524
G328S,0.507255080722092
G328T,0.192294672719446
G328V,0.825859339319768
G328W,0
G328Y,0.801133058183
T329A,0.244660712783386
T329C,0.417378267492577
T329D,0.555258621904954
T329E,0.494908108236445
T329F,0.504829702920227
T329G,0.762988527069427
T329H,0.131943611229485
T329I,0.34359907889099
T329K,0.538140233117225
T329L,0.823142950056223
T329M,0.150509598407462
T329N,0.153133768173128
T329P,0.289056378443217
T329Q,0.12835267247827
T329R,0.405328824391547
T329S,0.251982535731497
T329V,0.10431244788018
T329W,0.866362962103492
T329Y,0.310537790980738
W330A,1
W330C,0.789948075437363
W330D,0.358904825662997
W330E,0.81723129397843
W330F,0.294055520108506
W330G,0.621422137308898
W330H,0.237230143669776
W330I,0.376634021683791
W330K,1
W330L,0.060184805122221
W330M,0.152845569444056
W330N,0.579278749301377
W330P,0.776118996274245
W330Q,0.370720092387825
W330R,0.807532198976944
W330S,1
W330T,0.952059833971102
W330V,0.700025746597417
W330Y,0.100222140000779
L331A,0.570703466753368
L331C,0.396657433620396
L331D,0.266896952102014
L331E,0.269912044889539
L331F,0.694891043840987
L331G,0.97890629590447
L331H,0.94458329115188
L331I,0.0908010092944909
L331K,0.00710294854972471
L331M,0.0289560328009422
L331N,0.382362210759985
L331P,0.0242682783909807
L331Q,0.253240843611698
L331R,0.261086016001105
L331S,0.115422913933027
L331T,0.721575404764592
L331V,0.104167867147585
L331W,0.296548101951007
L331Y,0.150552380380811
T332A,0.0848392059486528
T332C,0.182645725059576
T332D,0.104997330298364
T332E,0.273422359694328
T332F,0.727453242278353
T332G,0.43390721776739
T332H,0.032775703926578
T332I,0.282821661165234
T332K,0.331830900019285
T332L,0.253006886881305
T332M,0.175485521410956
T332N,1
T332P,0
T332Q,0.178087212175317
T332R,0.480763111672573
T332S,0.0692687571186109
T332V,0.232716660884936
T332W,0.444547161678188
T332Y,0.991447020025857
Y333A,0
Y333C,0.0279850046474591
Y333D,0.270755482588074
Y333E,0.169168534301708
Y333F,0.584869546695008
Y333G,0.279983630337041
Y333H,0.486680392290178
Y333I,0.221829585076702
Y333K,0.32850872795879
Y333L,0.303995370262746
Y333M,0.0606506317872537
Y333N,0.986529263961739
Y333P,0.104452967567491
Y333Q,0.521524662037603
Y333R,0.323174759752382
Y333S,0.0146019617048778
Y333T,0.0236726709890855
Y333V,0.0141263284847874
Y333W,0.541471600176819
T334A,0.0963976963398285
T334C,0.178383952360872
T334D,0.241036576245417
T334E,0.0990672113708083
T334F,0.447226160128345
T334G,0.200046434026614
T334H,0.340978934211596
T334I,0.129765987753311
T334K,0.192920939792144
T334L,0.102710891899002
T334M,0.1136209160659
T334N,0.124929065177944
T334P,0
T334Q,0.180143129682456
T334R,0.117675572414441
T334S,0.0369104041193735
T334V,0.359106241708994
T334W,0.609392915895198
T334Y,0.0918882351832984
G335A,0.129958375806287
G335C,0.699692354286405
G335D,0.142760883191841
G335E,0.32237950871483
G335F,0.208307337497656
G335H,0.16020065441109
G335I,0.111453342818928
G335K,1
G335L,0.736930912033939
G335M,0.76593829869549
G335N,0.392313850070127
G335P,0.348212086778564
G335Q,0
G335R,0.245180808419537
G335S,0.332922429824745
G335T,0.832481525825452
G335V,0.697259975667404
G335W,0.577179221709181
G335Y,0.931453898024373
A336C,0.329633804270759
A336D,0.340455497672037
A336E,1
A336F,0.451534786591793
A336G,0.0402037952150733
A336H,0.562107162701956
A336I,0.340722081510402
A336K,0.933389848869669
A336L,0.51543247749127
A336M,0.828350005983256
A336N,0.808634330663525
A336P,0.207085366573118
A336Q,0.230590756282058
A336R,0.445353528812332
A336S,0.45829477182437
A336T,0.70303685136694
A336V,0.096544836159837
A336W,0.356304841804288
A336Y,1
I337A,1
I337C,0.435642874134006
I337D,0.364467160534566
I337E,0.0696814213150764
I337F,0.149542554258797
I337G,1
I337H,0.894203920797796
I337K,0.893817951614724
I337L,0.123427648991193
I337M,0.0220795489531814
I337N,0.534864125856056
I337P,0.422932145640299
I337Q,0.270185632297341
I337R,0.431163480341251
I337S,0.42262543870862
I337T,0.0660520675311209
I337V,0.145468654167012
I337W,0.296603746944132
I337Y,0.049031609431088
K338A,0.280949378214504
K338C,0.212695247275531
K338D,1
K338E,0.497964707727419
K338F,0.443179019536355
K338G,0.526029349432628
K338H,0.195582582846243
K338I,0.178293650963595
K338L,0.0510316136391764
K338M,0.162833527465882
K338N,0.106040249391187
K338P,0.186365507272814
K338Q,0.365043150401645
K338R,0.194629069240827
K338S,0.172394888191096
K338T,0.316799001257278
K338V,0.242464798817563
K338W,0.65402074682006
K338Y,0.462299897993998
L339A,0.110552230685498
L339C,0.307555960059835
L339D,0.699281736707599
L339E,0.158343681565317
L339F,0.282235628730208
L339G,0.289487002722469
L339H,0.0388852442499307
L339I,0.0520241535802249
L339K,0.393580828458471
L339M,0.0703142511093551
L339N,1
L339P,0.66536285369863
L339Q,0.538878576012244
L339R,0.11209358740827
L339S,0.101368863826851
L339T,0.251539103952904
L339V,0.276654932533974
L339W,0.0351316048882931
L339Y,0.476993515596064
D340A,0.247490578701856
D340C,0.300515867253309
D340E,0.0796663022660063
D340F,0.283103560372579
D340G,0.60066137774618
D340H,0.416757499803266
D340I,0.543755203885801
D340K,0.0473604150818875
D340L,0.382250958191021
D340M,0.265785071067696
D340N,0.0282319968071068
D340P,0.665200477666653
D340Q,0.297152055483985
D340R,0.152266195312044
D340S,0.375587250833483
D340T,0.292695836432745
D340V,0.0976655425587148
D340W,0.713634173830372
D340Y,0.69353082533631
D341A,0.374033355578131
D341C,0.593816717761363
D341E,0.0567606783386531
D341F,1
D341G,0.576725301316415
D341H,0.110170661250856
D341I,0.813116441772424
D341K,0.329997872355049
D341L,0.304637004980195
D341M,0.298472433162805
D341N,0.624454431978883
D341Q,0.329408041138777
D341R,0.993651368679305
D341S,0.104007267614445
D341T,0.466397410527582
D341V,0.368036077824884
D341W,0.782289124206345
D341Y,0.510727799675711
K342A,0.22192602525531
K342C,0.337120363782988
K342D,0.125030615502635
K342E,0.0328334731002186
K342F,0.465816080860096
K342G,0.294634732306052
K342H,0.334228847058757
K342I,0.048238347564126
K342L,0.165636814097053
K342M,0.135985039960886
K342N,0.0709297494438961
K342P,0.199104526534471
K342Q,0.234970930852459
K342R,0.147483546372367
K342S,0.286800318700816
K342T,0.138120318590616
K342V,0.192254623415147
K342W,0.43899315440768
K342Y,0.140910788208012
D343A,0.276055487553268
D343C,0.46255250876979
D343E,0.175236772866059
D343F,0.122525862482751
D343G,0.0494129149234468
D343H,0.0510514371874785
D343I,0.190003873705136
D343K,0.334994875787017
D343L,0.0337390056111924
D343M,0.142706238949596
D343N,0.203732070501802
D343P,0.0060746325780698
D343Q,0.241265296608661
D343R,0.00767948105013309
D343S,0.212825622416062
D343T,0.219015710947727
D343V,0.0140900881557039
D343W,0.162036013790595
D343Y,0.119773721084816
P344A,0.157770751012389
P344C,0.391282459119915
P344D,0.149387144549376
P344E,0.228226420595245
P344F,0.193243104437503
P344G,0.2097770953104
P344H,0.0684659213199697
P344I,0.099844619814618
P344K,0.0871362498402526
P344L,0.441316320779816
P344M,0.236723816765835
P344N,0.148608933129768
P344Q,0.0189268957284813
P344R,0.0176929973853756
P344S,0.193189782550193
P344T,0.125071548144616
P344V,0.13794531325908
P344W,0.632709424887948
P344Y,0.270455468017981
N345A,0.0265493311115774
N345C,0.141364309705682
N345D,0.561509152368092
N345E,0.25887640709193
N345F,0.129658232006383
N345G,0.0861883163429669
N345H,0.165224043754811
N345I,0.272842366110902
N345K,0.0842587271711094
N345L,0.128263644042187
N345M,0.504309347030454
N345P,0.114577767073684
N345Q,0.0294950748278696
N345R,0.220273589622381
N345S,0.26194422954749
N345T,0.104281445095679
N345V,0.156148724314547
N345W,0.202918882769232
N345Y,0.0621507998100912
F346A,0.194402302668325
F346C,0.626440971986155
F346D,0.171589242317279
F346E,0.283538126159695
F346G,0.124301599620182
F346H,0.274995845858712
F346I,0.519312490154312
F346K,0.415543265244649
F346L,0.261130004937503
F346M,0.117536901135688
F346N,0.591851959021979
F346P,0.108831029244412
F346Q,0.329383256405062
F346R,0.527517244896048
F346S,0.153163971486216
F346T,0.323331799103389
F346V,0.27427633286593
F346W,0.053140447249961
F346Y,0.296694346773819
K347A,0.148597118015641
K347C,0.172428107760848
K347D,0.0611191882179829
K347E,0.0163612312048075
K347F,0.243085821552134
K347G,0.183664368231367
K347H,0
K347I,0.639021019091817
K347L,0.264872312992246
K347M,0.082325055209663
K347N,0.0405299949330446
K347P,0.0466543321440413
K347Q,0.0409151623212663
K347R,0.0916124202153568
K347S,0.442297921937545
K347T,0.0158419801926727
K347V,0.201756859231251
K347W,0.386664930147332
K347Y,0.363577247690774
D348A,0.159692350748237
D348C,0.260829318789625
D348E,0.0754203257411762
D348F,0.191779610842567
D348G,0.0220159900027737
D348H,0.329482720484567
D348I,1
D348K,0.0552025180552215
D348L,0.54666937591607
D348M,0.094432729584699
D348N,0.024369195774806
D348P,0.235299777460345
D348Q,0.281265021895318
D348R,0.0949585011930273
D348S,0.0510465109949478
D348T,1
D348V,0.19414572080736
D348W,0.00283487306370088
D348Y,0.131670936855423
Q349A,0.111739842496605
Q349C,0.145610445269357
Q349D,0.0627050609580172
Q349E,0.143292529766482
Q349F,0.0178274164426326
Q349G,0.250589221038808
Q349H,0.031013190045242
Q349I,0.207898731250327
Q349K,0.0727582323761669
Q349L,0.0775561203150724
Q349M,0.0236957923675106
Q349N,0.342269007449025
Q349P,0.1651435537811
Q349R,0.0740579127436143
Q349S,0.0658603263314269
Q349T,0.167992310914162
Q349V,0.200583802539012
Q349W,0.159234481150472
Q349Y,0.0969077370612033
V350A,0.0751076768840832
V350C,0.624478023309497
V350D,0.0527227261557347
V350E,0.169160447278205
V350F,0.273763864469265
V350G,0.0942859646852556
V350H,0.444184735144808
V350I,0.109539620049499
V350K,0.137099442957806
V350L,0.498814192385007
V350M,0.0847063624196686
V350N,0.345269505337559
V350P,0
V350Q,0.162435508492648
V350R,0.1488701021059
V350S,0.406619988254768
V350T,0.143740323739795
V350W,0.45664403965389
V350Y,0.142662721621221
I351A,0.0622303017668978
I351C,0.392238902348268
I351D,0.158881886206633
I351E,0
I351F,0.105778637843495
I351G,0.171108448161525
I351H,0.29807456802346
I351K,0.197062247628758
I351L,0.592618338334775
I351M,0.288012928018108
I351N,0.191055225490413
I351P,0.407488030452247
I351Q,0.0553906942019138
I351R,0.092650148305849
I351S,0.0833476139165939
I351T,0.0389272808093054
I351V,0.182148507841985
I351W,0.198295597274065
I351Y,0.1440097284559
L352A,0.0816839083218342
L352C,0.420123839960668
L352D,0.275733552878954
L352E,0.319504569474341
L352F,0.205142205091886
L352G,0.145051366591428
L352H,0.037734573859004
L352I,0.184290327077025
L352K,0.318215700585307
L352M,0.114769355255508
L352N,0.301450807275194
L352P,0.526947212245653
L352Q,0.183167412409271
L352R,0.814410719859662
L352S,0.0480350707312759
L352T,0.339725806158964
L352V,0.23640937839376
L352W,0.376028011128167
L352Y,0.539824089779078
L353A,0.457503997945611
L353C,0.454615350297222
L353D,0.541794320085736
L353E,0.117702056630957
L353F,0.150581317847728
L353G,0.0455960278773535
L353H,0.261712713182991
L353I,0.271607644892545
L353K,0.10476849110844
L353M,0.103415739974074
L353N,0.189696411081431
L353P,0.131238709734771
L353Q,0.043283592724885
L353R,0.0582691607918336
L353S,0.459342005007832
L353T,0.417298227296327
L353V,0.367762042989531
L353W,0.256693593788005
L353Y,0.0452823573570851
N354A,0.0448626205301338
N354C,0.0812469854684014
N354D,0.0332737484124584
N354E,0.0341077306389798
N354F,0.277031740815052
N354G,0.0202285676627183
N354H,0.290335731309352
N354I,0.445024894568185
N354K,0.0537299874269819
N354L,0.663459149693386
N354M,0.0990335335561901
N354P,0
N354Q,0.0779025030422861
N354R,0.101925879642471
N354S,0.17694332705933
N354T,0.025519728395081
N354V,0.503044705705563
N354W,1
N354Y,0.578740415581477
K355A,0.397297999126684
K355C,0.289006339216695
K355D,0.331945513953733
K355E,0.0749894216356022
K355F,0.0834461430069963
K355G,0.0859711608630979
K355H,0.172338474428251
K355I,0.996094907942781
K355L,0.594725788810102
K355M,0.210055306586371
K355N,0.361311019328361
K355P,0
K355Q,0.238958165836685
K355R,0.46089789562998
K355S,0.195830680886982
K355T,0.0370677256912566
K355V,0.511008846207516
K355W,0.655153584950039
K355Y,0.396094764178206
H356A,0.367577587448254
H356C,0.55048561854419
H356D,0.0852353825966966
H356E,0.0930249920898523
H356F,0.22968720584703
H356G,0.153583379838578
H356I,0.79716521092066
H356K,0.0957216956642337
H356L,0.455491554462892
H356M,0.246869924049331
H356N,0.360654891285515
H356P,0.175788512016883
H356Q,0.308827282932673
H356R,0.200658296529723
H356S,0.0486482258493703
H356T,0.0808665713683904
H356V,0.389583362189
H356W,1
H356Y,0.159816342368806
I357A,0.10479269091597
I357C,0.12196710815818
I357D,0.03704843531393
I357E,0
I357F,0.120867005328097
I357G,0.0923383311464213
I357H,0.372099099494775
I357K,0.566510183994484
I357L,0.509486407061607
I357M,0.191910160230621
I357N,0.0602462809190772
I357P,0.158123333142633
I357Q,0.232409866194791
I357R,0.0631282867463046
I357S,0.29726066933345
I357T,0.177472803932942
I357V,0.118608533284026
I357W,0.597899725156413
I357Y,0.239724513553209
D358A,0.419037108614757
D358C,0.33206284469963
D358E,0.273950006735084
D358F,0.154489130956512
D358G,0.177573713743118
D358H,0.342717267524217
D358I,0.271700601519674
D358K,0.337678105075057
D358L,0.129526094066523
D358M,0.3854487629706
D358N,0.130468647838647
D358P,0
D358Q,0.118376735902647
D358R,0.498982135618161
D358S,0
D358T,0.190003873705136
D358V,0.0854063054353571
D358W,0.00355147427486236
D358Y,0.0137499540076347
A359C,0.270770028412048
A359D,0.392414636623514
A359E,0.101217016833577
A359F,0.118312174414385
A359G,0.121791445864364
A359H,0.532721141229353
A359I,0.149804066144262
A359K,0.768297722726327
A359L,0.850578088829534
A359M,0.229485151238387
A359N,0.312539910797541
A359P,0
A359Q,0.076288911242083
A359R,0.246147265067934
A359S,0.245491565331388
A359T,0.370627350159575
A359V,0
A359W,0.146231389093625
A359Y,0.0797640843242658
Y360A,0.199299535865063
Y360C,0.287856479787142
Y360D,0.115422913933027
Y360E,0.0334275806787147
Y360F,0.117709757433797
Y360G,0.384839685818426
Y360H,0.622912733014987
Y360I,0.0404441890421325
Y360K,0.359585329608423
Y360L,0.776675202875629
Y360M,0.191011234789443
Y360N,0.423721841249527
Y360P,0.276552993783761
Y360Q,0.287108288423794
Y360R,0.262498342340764
Y360S,0.0981293284498915
Y360T,0
Y360V,0.161592079506237
Y360W,0.0783157807772966
K361A,0.057153172122361
K361C,0.64494037168972
K361D,0.245230623856214
K361E,0.222018859076139
K361F,0.664855913390452
K361G,0.208774208217024
K361H,0.0994414166706243
K361I,0.352729261230248
K361L,0.280660654921009
K361M,0.0218632324827501
K361N,0.174806799509766
K361P,0.172488030836818
K361Q,0.0340790172290949
K361R,0.13810012172928
K361S,0.223845506873223
K361T,0
K361V,0.20832938328441
K361W,0.453997722341923
K361Y,0.0949351389652888
T362A,0.145564048939238
T362C,0.0934982275319348
T362D,0.0585993255352289
T362E,0.0904018655232698
T362F,0.0512807395643232
T362G,0.0863856464977588
T362H,0.108101343638895
T362I,0.122222379885146
T362K,0.0951645335333995
T362L,0.131860014432507
T362M,0.238278581673565
T362N,0.173270356481824
T362P,0.0886714865980548
T362Q,0.207877691308729
T362R,0.130289517822376
T362S,0.112496340784553
T362V,0.0782331129403821
T362W,0.203635418778224
T362Y,0.138272130363335
F363A,0.0612653222698372
F363C,0.246070556704129
F363D,0.129029156299673
F363E,0
F363G,0.115908676196438
F363H,0.0309905411315381
F363I,0.0815975133078324
F363K,0.0647695201938583
F363L,0.0720029123098571
F363M,0.00899955202603657
F363N,0.235097986578705
F363P,0.0643871004753758
F363Q,0.0385221371466071
F363R,0.0811666637886834
F363S,0.0104153713934351
F363T,0.0157081892563589
F363V,0.0528050406400325
F363W,0.130421753227621
F363Y,0.777209692244486
P364A,0.0729737201718553
P364C,0.230787743006418
P364D,0.417115071558148
P364E,0.064565753606708
P364F,0.103253169967054
P364G,0.261555017749201
P364H,0.0883575350468959
P364I,0.19346393680883
P364K,0.141731931083391
P364L,0.036897067563796
P364M,0.104744541515141
P364N,0.0628120233278502
P364Q,0.103609761508905
P364R,0.331236723944991
P364S,0.218193019184142
P364T,0.103869000554719
P364V,0.0847076659866593
P364W,0.154365802262832
P364Y,0.247577063186413
P365A,0.208596014415264
P365C,1
P365D,0.0689005310813921
P365E,0.351056004909116
P365F,0.196742894149256
P365G,0.0357211972847715
P365H,0.187158618765614
P365I,0.165208849018209
P365K,0.505689716503298
P365L,0.161872967599315
P365M,0
P365N,0.158632214554151
P365Q,0.170316793876801
P365R,0.0276602115458702
P365S,0.0468517194331853
P365T,0.107749725935142
P365V,0.103897770215944
P365W,0.228169204338282
P365Y,0.220227807084001
T366A,0.228028107307876
T366C,0.158232222590949
T366D,0.0388753525909083
T366E,0.124100209793982
T366F,0.0488194341978531
T366G,0.703963622749498
T366H,0.153583379838578
T366I,0.0884342090411298
T366K,0.151559084426491
T366L,0.142730364817293
T366M,0.0369821415458411
T366N,0.182982757978398
T366P,0.0475590181586695
T366Q,0.0486878266036268
T366R,0.177968910612009
T366S,0.0815407037139768
T366V,0.134721371465895
T366W,0.0335263704209369
T366Y,0.0525277052338977
E367A,0
E367C,0.726126416503732
E367D,0.184219750635982
E367F,0.0701886766187196
E367G,0.209667065286249
E367I,0.23606504756219
E367K,0.582881918555405
E367M,0.268367363312707
E367N,0.19890798596895
E367Q,0
E367R,0.146586903828299
E367S,0.149063866868117
E367T,0
E367V,0.159946072760052
E367W,0.203115883444413
E367Y,0.128176601474919
P368A,0.122448169676292
P368C,0.41368384735364
P368D,0.257086615790048
P368E,0.0880664303176957
P368F,0.200002430851636
P368G,0.169250138926315
P368H,0.0650559927572463
P368I,0
P368K,0.0974634530710594
P368L,0
P368M,0.0407486250507763
P368N,0.083742506242219
P368Q,0.0802167956093957
P368R,0.263455817034354
P368S,0.357878677713194
P368T,0.0931136529951588
P368V,0.0419238544948934
P368W,0.152307001546086
P368Y,0.116268431019759
K369A,0.243170686615822
K369C,0.245578199795193
K369D,0.0673915779476423
K369E,0.144510486959103
K369F,0.452738545013569
K369G,0.246827462102934
K369H,0.115422913933027
K369I,0.0588806923351739
K369L,0.102943085780769
K369M,0.0715923825636877
K369N,0.135342515783352
K369P,0.361387894744712
K369Q,0.205409645247774
K369R,0.161592079506237
K369S,0.0363527605407269
K369T,0.0124301599620182
K369V,0.140611830873974
K369W,0.173766655390473
K369Y,0.112232624591918
K370A,0.00949840043262858
K370C,0.0819361282598078
K370D,0.0141470259052233
K370E,0.267126676086246
K370F,0.106847510083699
K370G,0
K370H,0.0271969822748723
K370I,0
K370L,0.146060156938987
K370M,0.0673136401558714
K370N,0.0708231051825572
K370P,0.0162389940584176
K370Q,0.0784780589587623
K370R,0.167688305007993
K370S,0
K370T,0.176207217794448
K370V,0.0161540134000417
K370W,0.0657040892368172
K370Y,0.0568325426607501
D371A,0.421354411048255
D371C,0.540573731162947
D371E,0.0444110312458942
D371F,0.120597496670501
D371G,0.257481884927521
D371H,0.27340048668326
D371I,0.275393614537006
D371K,0.321991725699024
D371L,0.164128469569377
D371M,0.165948464381752
D371N,0.281253053144176
D371P,0.116713044412283
D371Q,0.134821241273574
D371R,0.296927754550989
D371S,0.649377440614639
D371T,0.203833379773229
D371V,0.422700627960026
D371W,0.127853073895045
D371Y,0.256981989383967
K372A,0.0839579182509524
K372C,0.280142725187737
K372D,0.552656916894795
K372E,0.0714057009924656
K372F,0.221851435902655
K372G,0.336800204709031
K372H,0.0389673652597625
K372I,0.0903681212862351
K372L,0.0298285022033396
K372M,0
K372N,0.141783679482685
K372P,0.0209878033920738
K372Q,0.0179092436294868
K372R,0.142733362967453
K372S,0.195679392570153
K372T,0.0604113971205531
K372V,0.210468303675292
K372W,0
K372Y,0.137555207025977
K373A,0.366933166712896
K373C,0.344912163171663
K373D,0.118800812006659
K373E,0.089505607617662
K373F,0.0186644604574365
K373G,0.0177573713743118
K373H,0.0826669207679721
K373I,0.0224478309740038
K373L,0
K373M,0.129604554144184
K373N,0
K373P,0.0820116369441917
K373Q,0.163756113553539
K373R,0.125965564753299
K373S,0.222501400754878
K373T,0.00231268235602313
K373V,0.0847543667427041
K373W,0.0310523026737752
K373Y,0
K374A,0.034602708978902
K374C,0.217963484059339
K374D,0.0207438998365422
K374E,0
K374F,0.217772291684315
K374G,0.0977261314101866
K374H,0.0691517331581075
K374I,0.0318839784956267
K374L,0.137151911672754
K374M,0.53790169577985
K374N,0.162618197953564
K374P,0.163557652948958
K374Q,0.0216985276728258
K374R,0.141540886378716
K374S,0.555365533087528
K374T,0.0598581978916613
K374V,0.0406662396203771
K374W,0.0333451890107888
K374Y,0.12779153117406
K375A,0.175983417509279
K375C,0.82014723268786
K375D,0.146388271846524
K375E,0.195329075656499
K375F,0.0113863144825823
K375G,0.0432260884903851
K375H,0.336599565331275
K375I,0.109878188575789
K375L,0
K375M,0.270632335615815
K375N,0.0855436419577171
K375P,0.0578761498686609
K375Q,0.0258163950923914
K375R,0.0499047918249472
K375S,0.0120226483478396
K375T,0.302392726425759
K375V,0.173447245679659
K375W,0
K375Y,0.230788056645755
A376C,0.14647008345877
A376D,0.250022628337802
A376E,0.142094730508246
A376F,0.243896315654327
A376G,0.0714353222321824
A376H,0.14485308715284
A376I,0.302368859508907
A376K,0.0952159669056164
A376L,0.0527152769178355
A376M,0.0722097010337105
A376N,0.0589211383954555
A376P,0.104294189983784
A376Q,0.0550882089225809
A376R,0
A376S,0.0376256833105089
A376T,0.179692991629227
A376V,0.179346945922205
A376W,0.173332238751996
A376Y,0.206071801714635
D377A,0.0406247434574992
D377C,0.689087789378735
D377E,0.0837229006072231
D377F,0.1920731877163
D377G,0.213100479173292
D377H,0.209585090014831
D377I,0.176535396660672
D377K,0.485162782666921
D377L,0.315531074387294
D377M,0.225991950359598
D377N,0.0580824745085128
D377P,0.314540497358214
D377Q,0.140463931246339
D377R,0.275687847239523
D377S,0.0639577196427228
D377T,0.602614843587294
D377V,0.109493175969909
D377W,0.177265628201514
D377Y,0.290029198842681
E378A,0.203534068231511
E378C,0.229198579314527
E378D,0.190738124769966
E378F,0.0526356987019523
E378G,0.803438966110781
E378H,0.0770405166062038
E378I,0.297423778463448
E378K,0.662231049994669
E378L,0.0800574609963726
E378M,0.310118926393667
E378N,0.0956415719793954
E378P,0.0437015536244843
E378Q,0.065500397399439
E378R,0.300774498144963
E378S,0.17586712524811
E378T,0.0782750355635822
E378V,0.21721521036497
E378W,0.155892287391941
E378Y,0.11583000148649
T379A,0.0607754312765117
T379C,0.614451580906772
T379D,0.16266473485571
T379E,0.173498063031864
T379F,0
T379G,0.0206257240752778
T379H,0.632637959802949
T379I,0
T379K,0.161579574315129
T379L,0
T379M,0.200905924613194
T379N,0.158535584224387
T379P,0.0493541697930174
T379Q,0.0295003879725458
T379R,0.199598068070672
T379S,0.116747571587681
T379V,0.292724460880557
T379W,0.0660588421021498
T379Y,0.217258027581351
Q380A,0.283895495436135
Q380C,0.149161919544219
Q380D,0.0418230364130228
Q380E,0.14423220305808
Q380F,0.408221054771172
Q380G,0.0572310497732183
Q380H,0.220060208610886
Q380I,0.0964647638031063
Q380K,0.0871160080040405
Q380L,0.139541220948819
Q380M,0.229895578876346
Q380N,0.277177256204868
Q380P,0.208761763740342
Q380R,0.168731308979709
Q380S,0.0728478019446268
Q380T,0
Q380V,0.146717114700309
Q380W,0.250731589155409
Q380Y,0.295808696651158
A381C,0.263752879249346
A381D,0.398015843781873
A381E,0.101870182440481
A381F,0.574066646311583
A381G,0.150130825073381
A381H,0.094020223745193
A381I,0.124645731074971
A381K,0.107339910166435
A381L,0.293539386945802
A381M,0.0952674050929629
A381N,0.167456643028913
A381P,0.0238618170088101
A381Q,0.149114025056758
A381R,0.254496722737469
A381S,0.04373879994725
A381T,0.0886756781879104
A381V,0.0822045406347252
A381W,0.360474638898529
A381Y,0.110761541997188
L382A,0.230303470030895
L382C,0.345282293228578
L382D,0.0212176014428157
L382E,0
L382F,0.0720767425198647
L382G,0.532721141229353
L382H,0.0410785177818334
L382I,0.423435443867014
L382K,0.0789186233231209
L382M,0.164046249774622
L382N,0.114330690310906
L382P,0.0350004396760724
L382Q,0.085905244354572
L382R,0.443252956643384
L382S,0.138516187476976
L382T,0.223595123077757
L382V,0.18112518801798
L382W,0
L382Y,0.248035569937727
P383A,0.06037506267266
P383C,0.349820216073942
P383D,0.141221159960783
P383E,0.0493440638269141
P383F,0.167170294460123
P383G,0.0834596454592654
P383H,0.736198505628284
P383I,0.0729269446532664
P383K,0.328870142696878
P383L,0.0295735680341948
P383M,0.110095702520733
P383N,0.335736107556357
P383Q,0.202014712093908
P383R,0.321182106922863
P383S,0.0119193888217804
P383T,0.293501650805047
P383V,0.465303601497153
P383W,0.352173378224594
P383Y,0.0363103907146217
Q384A,0.191417647826483
Q384C,0.689128986570697
Q384D,0.0108297083675277
Q384E,0.200006729298429
Q384F,0.00887868568715589
Q384G,0.604338456951405
Q384H,0.115624750089578
Q384I,0.414885342081493
Q384K,0.142058970994494
Q384L,0.126959277691062
Q384M,0.0568235883977977
Q384N,0.339010779896609
Q384P,0.357071344488421
Q384R,0.362361505282091
Q384S,0.330277397564422
Q384T,0.159659867298613
Q384V,0.103705391656471
Q384W,0.282793353068036
Q384Y,0.0969623099780495
R385A,0.269899233906242
R385C,0.319956394598452
R385D,0.201658178201728
R385E,0.0677845157486522
R385F,0.0592259094454846
R385G,0.121139352711398
R385H,0.231047165631077
R385I,0.315892726222813
R385K,0.0981020109366086
R385L,0.144338863067031
R385M,0.0128918108638699
R385N,0.0350647997995889
R385P,0
R385Q,0.15176367192371
R385S,0.0583329649646142
R385T,0.164542588566352
R385V,0.0938058293275197
R385W,0.0708983306413598
R385Y,0.0872186004330046
Q386A,0.568820666977701
Q386C,0.335724508572912
Q386D,0.0935185821515043
Q386E,0
Q386F,0.178330461048946
Q386G,0.261823485190052
Q386H,0.376361579655536
Q386I,0.0630022992501793
Q386K,0.143351636492312
Q386L,0.0557211607373838
Q386M,0.0847122535764902
Q386N,0.129202400469869
Q386P,0.12405059058353
Q386R,0.267849056156347
Q386S,0.265250850211389
Q386T,0.331670312622335
Q386V,0.0904655991851748
Q386W,0.100509488037683
Q386Y,0.240544931324099
K387A,0.00490442076202697
K387C,0.190174625469666
K387D,0
K387E,0.0184290023960456
K387F,0.0522742961605951
K387G,0.0435284937415325
K387H,0.0917568202746326
K387I,0.0425512074525411
K387L,0.0238529747291533
K387M,0.11612580988326
K387N,0.0625769371743634
K387P,0.11521870570984
K387Q,0.315575757195166
K387R,0.10495674005266
K387S,0.0692537483598159
K387T,0.164797613204275
K387V,0.0439914349042532
K387W,0
K387Y,0.103303507970059
K388A,0.216674322776638
K388C,0.141947747718068
K388D,0.135622553221982
K388E,0.0359412226434628
K388F,0.099145428084733
K388G,0.0875484255871099
K388H,0.0832376783170864
K388I,0.244286068678654
K388L,0.0364800261955495
K388M,0.0448569781042881
K388N,0.142847538473288
K388P,0.0979447056487584
K388Q,0.3229769584278
K388R,0.214317246969439
K388S,0.0727689007386854
K388T,0.0499777160285579
K388V,0
K388W,0.0506950028994445
K388Y,0.157039094802442
Q389A,0.128474015735394
Q389C,0.175541276603342
Q389D,0.0129202325313786
Q389E,0.063379416932033
Q389F,0.117538655317688
Q389G,0.250058158056196
Q389H,0.230212324538676
Q389I,0.0103300815561846
Q389K,0.214963898286741
Q389L,0.266360570614677
Q389M,0.0407119834219748
Q389N,0.093273307152298
Q389P,0.323921795515424
Q389R,0.128145922338815
Q389S,0.164421962242408
Q389T,0.12711256652442
Q389V,0.00107747732955383
Q389W,0.0784630234076638
Q389Y,0.0948426129658491
Q390A,0.221550888502858
Q390C,0.145825470985841
Q390D,0.0511856757102404
Q390E,0.0222006131664613
Q390F,0.194713089160163
Q390G,0.246822669878078
Q390H,0.0693605805768839
Q390I,0.069154505103959
Q390K,0.0741144486533629
Q390L,0.174445042107267
Q390M,0.476999369498296
Q390N,0.0524135343382961
Q390P,0.0680515317711627
Q390R,0.143845009369463
Q390S,0.226079231861519
Q390T,0.0888512495641954
Q390V,0.056159208372141
Q390W,0.111138472794579
Q390Y,0.0254797285404332
T391A,0.0416147723149929
T391C,0.235566919725054
T391D,0.274430813208045
T391E,0.113917159600409
T391F,0.456801908079113
T391G,0.438203968268206
T391H,0
T391I,0.108319965383302
T391K,0.0652270210112553
T391L,0.0697077173251041
T391M,0.0253990515730874
T391N,0.395833669295065
T391P,0.0611299182679845
T391Q,0.155258466817831
T391R,0.12056955976312
T391S,0.168180419433534
T391V,0.123534707565611
T391W,0.244737363019971
T391Y,0.157677150261725
V392A,0.10494859256188
V392C,0.092909578502832
V392D,0.49069011437025
V392E,0.33895916821765
V392F,0.231275801363503
V392G,0.209980214073572
V392H,0.359051621291245
V392I,0.306039734046494
V392K,0.514461731986077
V392L,0.286728101061392
V392M,0.181833242567135
V392N,0.154512174489072
V392P,0.00399435630518823
V392Q,0.295493075189904
V392R,0.283592325401858
V392S,0.113180653358347
V392T,0.0801457327334685
V392W,0.498342797896183
V392Y,0
T393A,0.397091473779032
T393C,0.0871099804418909
T393D,0.49980906794392
T393E,0.229363929761717
T393F,0.504685418749051
T393G,0.243647124689518
T393H,0.238806301960391
T393I,0.267663240280339
T393K,0.103769855926033
T393L,0.471676851156871
T393M,0.110177994948194
T393N,0.337889508730379
T393P,0.510785353283008
T393Q,0.386983737480947
T393R,0.213660511918847
T393S,0.260154650827758
T393V,0.0817592724337248
T393W,0.108319965383302
T393Y,0.317986200266129
L394A,0.10824168981679
L394C,0.0583275265006048
L394D,0.196501192198317
L394E,0.214149887068085
L394F,0.377246071904377
L394G,0.562338620586906
L394H,0.403987607168284
L394I,0.150691945203345
L394K,0.11407081694124
L394M,0.153005114704451
L394N,0.297979513846374
L394P,0.0644324140294766
L394Q,0.606118369989197
L394R,0.106013365787062
L394S,0.0474044446436444
L394T,0.059164682900681
L394V,0.213322911803444
L394W,0.137159362746349
L394Y,0.34343937250742
L395A,0.108143358300662
L395C,0.420396630243363
L395D,0.145421153493285
L395E,0.0734258760325756
L395F,0.095517398283613
L395G,0.0702833162999128
L395H,0.160515163306054
L395I,0.236464509341182
L395K,0.117488251887944
L395M,0.0770200909783476
L395N,0.00073455823989692
L395P,0.273556431542422
L395Q,0.230357464031674
L395R,0.106592365698391
L395S,0.165964159579458
L395T,0.135939304498844
L395V,0.762538881924846
L395W,0.0266951845683232
L395Y,0.18075228321912
P396A,0.403214405858358
P396C,0.542758118519522
P396D,0.129981063236369
P396E,0.135382935629992
P396F,0.378815133897736
P396G,0.1354828460386
P396H,0.283590156754739
P396I,0.786248691258073
P396K,0.180278970034296
P396L,0.335601513177828
P396M,0.580199408470642
P396N,0.248192447129407
P396Q,0.13597224556563
P396R,0.306135812199249
P396S,0.260196961275332
P396T,0.171799392046022
P396V,0.401112694626399
P396W,0.478296235330432
P396Y,0.058203309141952
A397C,0.156371507417702
A397D,0.0296360156878055
A397E,0.188351909697781
A397F,0.406259921049083
A397G,0.236767884011973
A397H,0.390397405154145
A397I,1
A397K,0.146814448858751
A397L,0.215430117328835
A397M,0.233440690016973
A397N,0.0244527455352762
A397P,0.0539955224471558
A397Q,0.361475935610385
A397R,0.129206853126253
A397S,0.0378146186383575
A397T,0.0721063959132041
A397V,0.252420301933563
A397W,0.0157597474496464
A397Y,0.314677915125232
A398C,0.0118826410113103
A398D,0.0863699936833695
A398E,0.290097536869825
A398F,0.1651435537811
A398G,0.0570639122325573
A398H,0.0943161349236291
A398I,0.23023048490537
A398K,0.318351912018984
A398L,0.167614002978646
A398M,0.0790078446185456
A398N,0.113729502637061
A398P,0.305722543857336
A398Q,0.0744130713141999
A398R,0.0322538037740818
A398S,0.0507307539338784
A398T,0.138108779234871
A398V,0.00861247637183401
A398W,0.27689161032437
A398Y,0.101036991157217
D399A,0.146660239967139
D399C,0.128923095442328
D399E,0.127973604439991
D399F,0.282046498203461
D399G,0
D399H,0.0441114149534253
D399I,0.0914797447139392
D399K,0.102438000124476
D399L,0.346673095853175
D399M,0.163177112479261
D399N,0.159319413534179
D399P,0.0487337138821524
D399Q,0.161401567406323
D399R,0.0155791056072805
D399S,0
D399T,0.00802268154217106
D399V,0.141559990964771
D399W,0.17250633967402
D399Y,0.292650178960987
L400A,0.0442646661424252
L400C,0.0934085640142201
L400D,0.212735456267565
L400E,0.36522440931889
L400F,0.0330746943970176
L400G,0.031259344584091
L400H,0.192270924849691
L400I,0.243089169495825
L400K,0.204288628434028
L400M,0.473569446069181
L400N,0.0387374294633874
L400P,0
L400Q,0.00945546813640878
L400R,0.0289305337363572
L400S,0.0384174110330382
L400T,0.151375399921845
L400V,0.123971693344026
L400W,0.26449703030734
L400Y,0.130712618277109
D401A,0.290589513242544
D401C,0.0405326238578223
D401E,0.0590482511121627
D401F,0.218807755848614
D401G,0.235501567934201
D401H,0.283386491273854
D401I,0.0643263559638732
D401K,0.270831623049995
D401L,0
D401M,0.282896107613366
D401N,0.134717635406397
D401P,0.23836566901784
D401Q,0.0227960255017727
D401R,0.238695810659801
D401S,0.0180059745735521
D401T,0.138755421833092
D401V,0.0101357943948999
D401W,0.174507138296966
D401Y,0.312972916230222
D402A,0.270987721968179
D402C,0.102902976059267
D402E,0.133875114468624
D402F,0.340396852910716
D402G,0.0373576323895753
D402H,0.246424509121096
D402I,0.0448533331319226
D402K,0.139039080978349
D402L,0.0748011149376175
D402M,0.246029486277207
D402N,0.0905625940089901
D402P,0.192333034921321
D402Q,0.0626119742608318
D402R,0.0261697693802034
D402S,0.271145791428831
D402T,0.192706461186409
D402V,0.0857969492375086
D402W,0.23154781719616
D402Y,0.0978719859498189
F403A,0.100376013966552
F403C,0.0227863144393024
F403D,0.048703308046098
F403E,0.150644391002893
F403G,0.0569652489040195
F403H,0.39214002066872
F403I,0.0553283376719797
F403K,0.0753363196201384
F403L,0.378901374525309
F403M,0.0687712239020999
F403N,0.123696545552512
F403P,0.190996928195705
F403Q,0.0618810236578606
F403R,0.148148465884233
F403S,0.12144670615109
F403T,0.0122683375662641
F403V,0.0929962200285719
F403W,0.109802812398556
F403Y,0.0763277177694122
S404A,0.164603547762098
S404C,0.0756647106525483
S404D,0.143672398250134
S404E,0.0320302182640487
S404F,0.111015697020866
S404G,0.120053955672123
S404H,0.139135208677409
S404I,0.152605692020255
S404K,0.136547202632524
S404L,0.222318765324537
S404M,0.317373759270968
S404N,0.0108143273901645
S404P,0.0159366720091787
S404Q,1
S404R,0.233147391592581
S404T,0.195721905499289
S404V,0.429802946167939
S404W,0.208744201507781
S404Y,0.300099576225869
K405A,0.551374991224443
K405C,0.0488088276182653
K405D,0.13828463670882
K405E,0.261379584773911
K405F,0.0939220630430435
K405G,0.289962416558619
K405H,0.101766324319528
K405I,0.0583168720023507
K405L,0.0845109988093462
K405M,0.261799730506815
K405N,0.229664961887605
K405P,0.21420138638877
K405Q,0.024951331508529
K405R,0.104729394076021
K405S,0.010013100927821
K405T,0.00871479016740666
K405V,0.150385010751916
K405W,0.0570529312506571
K405Y,0.0173370051195005
Q406A,0.341308108111841
Q406C,0.118728206468381
Q406D,0
Q406E,0.282431487724389
Q406F,0.266148521881008
Q406G,0.122035012564574
Q406H,0.0958898054212836
Q406I,0.244709496987778
Q406K,0.429728387258345
Q406L,0.0511707796963857
Q406M,0.144849272552581
Q406N,0.515212599262835
Q406P,0.00862538929783872
Q406R,0.0726226555403059
Q406S,0.228300118637462
Q406T,0.0711506806317782
Q406V,0.0337879607703697
Q406W,0.12431615484262
Q406Y,0.137547614170497
L407A,0.10516691058504
L407C,0.0466215435644179
L407D,0.158292676937289
L407E,0.0989626516115045
L407F,0.0174576840992542
L407G,0.448863195511309
L407H,0.0626079888615911
L407I,0.124178140793392
L407K,0.213769350302936
L407M,0.0835233018716109
L407N,0.150321656450323
L407P,0.0262289741633598
L407Q,0.185959361457736
L407R,0.327611235250827
L407S,0.0281102682606781
L407T,0.0188438047986507
L407V,0.0779666793628772
L407W,0.0720740556047387
L407Y,0.297884388988771
Q408A,0.0769902924069622
Q408C,0.106441491861593
Q408D,0.0703907072377098
Q408E,0.429840165461208
Q408F,0.147952927887426
Q408G,0.159981282779067
Q408H,0.280566467714126
Q408I,0.0846206267067104
Q408K,0.155453520029851
Q408L,0.0554476785255042
Q408M,0.129023068924848
Q408N,0
Q408P,0.0488857773451093
Q408R,0.0880456362574514
Q408S,0.0775575610565139
Q408T,0.0620853779155543
Q408V,0.12023645802072
Q408W,0.101335004977877
Q408Y,0.0501679747432441
Q409A,0
Q409C,0
Q409D,0.0930073651737548
Q409E,0.259863944214375
Q409F,0.0561387678030801
Q409G,0.109432124251726
Q409H,0.151569091160643
Q409I,0.0777161958422934
Q409K,0.104817363756832
Q409L,0.0892106643601761
Q409M,0.169435578164787
Q409N,0.108716424795669
Q409P,0.120670869002006
Q409R,0.0588091524337131
Q409S,0.20317420789582
Q409T,0.0109021204193854
Q409V,0.0184508161688561
Q409W,0.129909445694915
Q409Y,0.0690820514514054
S410A,0.0533113906493272
S410C,0.0759962107949596
S410D,0.173767354438874
S410E,0.0913611535731828
S410F,0.291220890538713
S410G,0.0283945119003996
S410H,0.206380553260882
S410I,0.101265414222721
S410K,0.0748984535513867
S410L,0.486686428441021
S410M,0.199419932419428
S410N,0.0165978952712498
S410P,0.049869636464569
S410Q,0.153154950414793
S410R,0.203794717869263
S410T,0.0418084652775037
S410V,0.17339129349718
S410W,0.673095431601224
S410Y,0.446943707096127
M411A,0.16746422025258
M411C,0.0260390354642175
M411D,0.14476611090143
M411E,0.180224334168552
M411F,0.191332125083935
M411G,0.105191366027911
M411H,0.07206756242593
M411I,0
M411K,0.26550981552311
M411L,0.192246945277456
M411N,0.0494320855161091
M411P,0.0195950528304906
M411Q,0.255670565271114
M411R,0.154769713453192
M411S,0.122388372819953
M411T,0.0127865649371625
M411V,0.044067565023114
M411W,0.118988122701716
M411Y,0.0275074234505066
S412A,0.231294478014368
S412C,0
S412D,0.238289009055054
S412E,0.0952392527864933
S412F,0.39473004184462
S412G,0.160564462236782
S412H,0.197106822254861
S412I,0.0461009732531372
S412K,0.0125500572893111
S412L,0.266360570614677
S412M,0.0799133459747187
S412N,0.44243528968898
S412P,0.0710294854972471
S412Q,0.0482290964865628
S412R,0
S412T,0.339375428883635
S412V,0.193741255478141
S412W,0.236489631424649
S412Y,0.0446270067623792
S413A,0.0933822836163888
S413C,0.041204811187813
S413D,0.129114167139422
S413E,0.162854689551405
S413F,0.0079914648824739
S413G,0.240235728928523
S413H,0.128998472418572
S413I,0.563136669617393
S413K,0.0331903353293098
S413L,0.127804480619196
S413M,0.383641914789084
S413N,0.0286197543997168
S413P,0.394361622604507
S413Q,0.135144219444121
S413R,0.155818139967874
S413T,0.0496230898632456
S413V,0.132778499839866
S413W,0.175797976605687
S413Y,0.11477969026405
A414C,0.0836283135004347
A414D,0
A414E,0.113136021006384
A414F,0.0809681984238235
A414G,0.360138108070064
A414H,0.105192572431012
A414I,0.0303453632551301
A414K,0.192712961856001
A414L,0.233470246256468
A414M,0.27284385580243
A414N,0.0408409295001338
A414P,0
A414Q,0.0486108041371785
A414R,0
A414S,0.277661073493296
A414T,0.0612231627421133
A414V,0.0431216246253201
A414W,0.162631734429531
A414Y,0.251311343083696
D415A,0.0749275711891906
D415C,0.178201537917963
D415E,0.0891789448161377
D415F,0.0514963769855042
D415G,0.111960226515036
D415H,0.379559646902182
D415I,0.143103935018029
D415K,0.0496409850669011
D415L,0
D415M,0.0197881519880576
D415N,0.0458040378049335
D415P,0.205156024095533
D415Q,0.0572525974407916
D415R,0.113294449947631
D415S,0.105745039904495
D415T,0.0432121508128184
D415V,0.0854870852898371
D415W,0.0221248298917574
D415Y,0.136937337497188
S416A,0.307266855372489
S416C,0.287554112526907
S416D,0.0168846589995231
S416E,0.626288666605828
S416F,0.158192171261618
S416G,0.0281134051006119
S416H,0.0939759703653496
S416I,0.240696292667827
S416K,0.203084670052339
S416L,0
S416M,0.109198183206705
S416N,0.00460430203120816
S416P,0.0611755015028337
S416Q,0.0398521006890382
S416R,0.296177908428648
S416T,0.0768537475180441
S416V,0.0545908101135947
S416W,0.0975951065773703
S416Y,0.106811818688996
T417A,0.00494347160717069
T417C,0.0276042631917831
T417D,0.0523590510079092
T417E,0.0484526834917509
T417F,0.04087048370764
T417G,0.299293193238566
T417H,1
T417I,0.0992245033223254
T417K,0.0381325462904437
T417L,0.164093613965714
T417M,0.127947964974377
T417N,0.084881301220665
T417P,0.202746042875664
T417Q,0.273477679137265
T417R,0.259892279646506
T417S,0.13628424998817
T417V,0.355140089729469
T417W,0.362947084999673
T417Y,0.0399291840559416
Q418A,0.11552932579954
Q418C,0.0256439604433811
Q418D,0.0878266863021336
Q418E,0.227895216428564
Q418F,0.0240665283381854
Q418G,0.168793195852363
Q418H,0.252154673515227
Q418I,0.13219903745812
Q418K,0.27249630914912
Q418L,0
Q418M,0.00495445279328358
Q418N,0.0985246331117321
Q418P,0.0997253976381349
Q418R,0.172950500168726
Q418S,0.0627998472032467
Q418T,0.0442444648311409
Q418V,0.174868165201188
Q418W,0.0722540224066682
Q418Y,0.344319920984713
A419C,0
A419D,0.277084742178677
A419E,0.321960183799559
A419F,0.104717041402893
A419G,0.11838747594401
A419H,0.210525930227384
A419I,0.0580012622165373
A419K,0.18002049398066
A419L,0.093906879912478
A419M,0.19030141795231
A419N,0.110167322065765
A419P,0
A419Q,0.168226283812195
A419R,0.0941140682838524
A419S,0.388243716427478
A419T,0.0411752409029219
A419V,0.0398161703814252
A419W,0.291490467562895
A419Y,0.0756751977919319
