Mutation,Escape_Score
S2A,-1.21350800031362
S2C,-0.663313676162325
S2D,-2.81409750484397
S2E,-0.966958906371004
S2F,1.34637522820633
S2G,-1.63590610746215
S2H,-1.11572631058872
S2I,4.49814317821228
S2K,4.4155737448241
S2L,0.877890050326864
S2M,-0.986833200004324
S2N,-0.50916880480364
S2P,0.759822312277223
S2Q,-0.843361989459635
S2R,-0.632580387933659
S2T,0.238588601490815
S2V,0.757539091249784
S2W,0.0502731520429989
S2Y,1.14315286489936
D3A,1.2524215687167
D3C,-0.163592574620665
D3E,0.265905220664344
D3F,0.0940288230635906
D3G,-0.149050823918659
D3H,0.850257988937976
D3I,1.33981480635903
D3K,-1.13986515242111
D3L,3.20044254589642
D3M,0.782416985055505
D3N,2.95533682609839
D3P,3.20087351269958
D3Q,4.35575797447832
D3R,-1.16108487208717
D3S,0.735263993618573
D3T,-0.907592309747106
D3V,0.99566732357708
D3W,2.93640583002037
D3Y,0.246236157947027
N4A,4.05768502843931
N4C,4.76348701429563
N4D,-0.75142572762994
N4E,-0.364381513208679
N4F,0.62698904209425
N4G,1.26630522311871
N4H,1.84498047603176
N4I,0.276450415454218
N4K,0.554134821810444
N4L,0.719491458738472
N4M,-0.217890022015361
N4P,0.64217164661464
N4Q,0.964400404193592
N4R,-0.312256371651894
N4S,-0.505014972526278
N4T,-0.772894688980637
N4V,1.74353343148368
N4W,-0.57388662641301
N4Y,-0.380834550311073
G5A,0.926347872487957
G5C,1.72791182351567
G5D,-1.13522456894664
G5E,-1.20192436398014
G5F,-1.97107450972032
G5H,0.460185302502564
G5I,0.577181587546982
G5K,-0.242849338986668
G5L,1.17718202148631
G5M,1.33883464931059
G5N,-0.786409728769296
G5P,0.101215091217333
G5Q,-1.20731128422177
G5R,7.31236787993402
G5S,-0.0907892398417177
G5T,0.907021543141322
G5V,0.431795233427813
G5W,-0.0621363424760178
G5Y,-0.272403657689483
P6A,2.92308152617933
P6C,-0.230110203305714
P6D,-0.646429445142387
P6E,2.40672681611331
P6F,0.538394684391988
P6G,1.79911604918507
P6H,-0.31619837569702
P6I,2.07701031879808
P6K,-0.351253303581245
P6L,1.37368084381197
P6M,0.631543316708075
P6N,-0.632060213917501
P6Q,-0.548717202072535
P6R,-1.6108405695111
P6S,-1.37403252502326
P6T,8.06996510495724
P6V,1.48930950368642
P6W,-0.919126479007814
P6Y,4.74688379345033
Q7A,0.173142615713304
Q7C,0.0387539753377158
Q7D,-0.317729880564679
Q7E,-0.189407989441481
Q7F,0.24583733635016
Q7G,0.416212576794838
Q7H,-1.00678271956589
Q7I,0.0879274350271315
Q7K,-0.398206612346757
Q7L,0.14031799915253
Q7M,1.09839873795245
Q7N,-0.411953670611603
Q7P,0.568064986333069
Q7R,-0.421002531725029
Q7S,0.445884304630758
Q7T,0.0265778332861894
Q7V,-0.551609393781795
Q7W,0.409475561697784
Q7Y,-0.169117447762422
N8A,-0.158855830772458
N8C,-1.26824130189722
N8D,0.195606695688759
N8E,0.019674330105734
N8F,0.198366477868671
N8G,3.33321220157368
N8H,-0.835324057702801
N8I,0.515798521176053
N8K,-0.068390838013226
N8L,0.498114926040976
N8M,-1.22446986041024
N8P,-2.25573892409904
N8Q,-0.468410819514201
N8R,0.129657311442638
N8S,-0.832390557906517
N8T,-0.334153356699987
N8V,3.0355561846192
N8W,0.365611723658169
N8Y,-0.0745841428689147
Q9A,-0.0414016356921227
Q9C,-1.26055497081505
Q9D,-0.0887545605103621
Q9E,3.96334530851669
Q9F,1.23520791510131
Q9G,-0.0692103859942999
Q9H,0.124524951735228
Q9I,8.05497057761324
Q9K,-0.152472758931303
Q9L,0.236037619984994
Q9M,0.193670543009112
Q9N,-0.209343253118119
Q9P,0.564088934964061
Q9R,-0.30239985446413
Q9S,-0.676520152248526
Q9T,1.18536196407752
Q9V,-0.709931629155188
Q9W,8.39520978051204
Q9Y,2.32994390845094
R10A,-0.0889945132741909
R10C,1.21049452168322
R10D,-2.04821082729323
R10E,-0.207096616382562
R10F,0.395947881407556
R10G,-0.197482355092092
R10I,-0.559769659362302
R10K,-0.404937123363237
R10L,-0.643628016395981
R10M,-0.133885632401483
R10N,0.0117322075961801
R10P,0.259066475337725
R10Q,1.69402195858372
R10S,-0.644164005781442
R10T,-1.72719279571283
R10V,4.64674723433447
R10W,0.150487767368102
R10Y,-0.761369992810109
N11A,-1.06841284057151
N11C,-0.0631925945356008
N11D,-0.780864680144003
N11E,2.38958897276128
N11F,2.24244345341149
N11G,-0.940849024316489
N11H,0.121461904759288
N11I,-0.624615141771432
N11K,0.345511206759634
N11L,2.13092629744017
N11M,0.72961581927092
N11P,1.86542392531515
N11Q,1.09210052138499
N11R,-0.341701852242345
N11S,-1.01256631142972
N11T,-0.768817524289168
N11V,0.967431606207723
N11W,0.0666961944595396
N11Y,-0.423795296005448
A12C,0.90392556583275
A12D,1.87937440759557
A12E,-0.584028377634577
A12F,4.67424887344655
A12G,0.572417660874207
A12H,0.721192373319802
A12I,0.559738124004915
A12K,-1.59262840360728
A12L,1.09786760073776
A12M,-0.0309957000765308
A12N,0.636129465848567
A12P,-0.0652608863025654
A12Q,-1.15183154381407
A12R,0.593614733620903
A12S,-0.139403729578383
A12T,6.3722685509017
A12V,-0.770736333473283
A12W,12.6981739240834
A12Y,0.822932232353467
P13A,-1.80587414287126
P13C,-1.25693811670847
P13D,-1.1601639553611
P13E,0.310059056818256
P13F,-0.064573911272671
P13G,-0.290354430963605
P13H,-1.46631291704344
P13I,-0.858904393881462
P13L,2.08806709111205
P13M,-0.186266716461543
P13N,1.80332726875191
P13Q,0.887434876069545
P13R,1.17321091627336
P13S,-0.525454778910795
P13T,-1.91001990038578
P13V,-0.0919572488932153
P13W,0.0512004421046511
P13Y,0.744077734287583
R14A,0.340285619269395
R14C,-0.253856085279476
R14D,-0.845757118758123
R14E,-0.0665702501096721
R14F,-0.580187174948021
R14G,-0.139682465305845
R14H,-1.71085462240981
R14I,0.241640403914002
R14K,0.678030738508397
R14L,-0.35987998932521
R14M,0.158966583407064
R14N,1.80403816438733
R14P,0.696233584747919
R14Q,-0.490586568234437
R14S,-0.16014093354591
R14T,-0.0100191994891814
R14V,5.22214760114099
R14W,-0.0817541429356134
R14Y,-1.37854811725217
I15A,-1.70235519249389
I15C,-0.206668761996832
I15D,0.902045595971784
I15E,-0.558872501455565
I15F,-0.633327390307108
I15G,-0.570925501080191
I15H,-1.47877520211704
I15K,-0.681992670771895
I15L,-1.67515829354342
I15M,0.317712428726159
I15P,-0.360611209746836
I15Q,-0.498334147388447
I15R,-1.60360965935099
I15S,-0.551359592908673
I15T,1.51586463624986
I15V,-0.263530205634884
I15W,-0.325738165511283
I15Y,-0.913043296241174
T16A,5.25814130740407
T16C,-0.167001875715147
T16D,-0.173139957871771
T16E,-0.0854977761467962
T16F,0.0168596612268846
T16G,0.98430641539792
T16I,-1.59959497447734
T16K,-0.167085338133371
T16L,0.0796013786879837
T16M,2.32618752723119
T16N,0.0676558118914751
T16R,1.28461081707438
T16S,-0.954981596594525
T16V,-0.261741776283678
T16W,0.16697655375223
T16Y,-0.192061157397248
F17C,-1.41096398957286
F17D,-1.41142168288043
F17E,6.91280999280683
F17G,-0.454289094949409
F17H,0.0331553089959086
F17I,2.23399602016488
F17K,0.360015913292399
F17L,-0.420849582265636
F17M,3.5080889178586
F17N,-0.613833038447442
F17P,-2.16657283859595
F17Q,-0.233974273342156
F17R,1.07767855429369
F17S,-1.07547212686923
F17T,0.81829774400461
F17V,-0.327444901509591
F17W,-0.209319220104383
F17Y,2.44967648539753
G18C,0.695881861148483
G18D,-1.06210994948504
G18E,-0.772737342941213
G18F,-0.890198832573903
G18H,0.848275098505821
G18I,0.922569636775171
G18K,-0.561827614195198
G18L,3.02051971666098
G18M,4.8095683924941
G18N,-1.10669478548181
G18P,0.610032641160106
G18Q,-0.50504031385406
G18R,-0.0474522174397158
G18S,1.29470459090653
G18T,-0.56260190012569
G18V,-0.507407857269508
G18W,-0.0241648499161308
G18Y,0.0154358841065017
G19A,-0.603937334377133
G19C,0.156304605420059
G19D,0.574888704768573
G19E,0.635896590164391
G19F,0.0683814916942767
G19H,-0.306154435113424
G19I,0.456275046353568
G19K,1.61813932724897
G19L,-0.0413089103459687
G19M,1.42296507919094
G19N,-0.247489031009238
G19P,-0.233866310256148
G19Q,-0.801354119092443
G19R,-0.146929228050404
G19S,0.748417902901809
G19T,-0.85518342890033
G19V,-1.17185031946651
G19W,-0.421002531725029
G19Y,0.469970088225031
P20A,0.308770214037108
P20C,1.26932401271044
P20D,-0.636516882900739
P20E,0.213050214280884
P20F,-1.50137281802784
P20G,-0.863493783439703
P20H,1.1797369336617
P20I,0.616148732876975
P20K,2.60732360874626
P20L,-0.634349075458397
P20M,-1.61308511764347
P20N,-0.558145305676822
P20Q,-1.28043861189204
P20R,0.638044764813978
P20S,-0.0603397970243618
P20T,-0.898608346612673
P20V,-0.339940505323439
P20W,-0.885731735845207
P20Y,-0.750705962644697
S21A,-0.529605040740028
S21C,-1.39527473713231
S21D,3.70385363007774
S21E,0.301364102006995
S21F,-1.6386946737404
S21G,5.78502645863909
S21H,-0.334049381625864
S21I,0.761676857990524
S21K,-0.555225626985345
S21L,-0.494865954418717
S21M,6.44592482362919
S21N,1.65993178750249
S21P,-0.252294829738881
S21Q,0.119564241049776
S21R,-0.183863175681114
S21T,0.428310490279851
S21V,2.64087850848203
S21W,0.809953621405661
S21Y,0.780760781661484
D22A,1.04888558959879
D22C,-1.53490147298971
D22E,-0.471673738888398
D22F,-0.741032931997466
D22G,1.1784503281569
D22H,0.69215056100688
D22I,0.218286929085462
D22K,0.0914985202089183
D22L,0.959597676876884
D22M,0.0104442271399929
D22N,4.0010755669249
D22P,-0.129655639235005
D22Q,-0.663113051291511
D22R,8.37651350218129
D22S,-0.211624730636084
D22T,-0.441119818074281
D22V,12.6981739240834
D22W,-0.557302482609108
D22Y,0.874783164566853
S23A,-0.395126678795588
S23C,0.0956827483208802
S23D,3.80639097551926
S23E,-1.0301060464377
S23F,5.2737552363389
S23G,0.0828135688958374
S23H,1.23181832805411
S23I,-0.0968799869660889
S23K,0.281309361514403
S23L,-0.342920254490733
S23M,0.157219104948308
S23N,0.161181570744013
S23P,0.740515042064219
S23Q,-1.18701171122602
S23R,0.544174911704599
S23T,-0.425052843452773
S23V,-0.0103621143075054
S23W,1.39310304317815
S23Y,-0.153315085204341
T24A,1.57630926743101
T24C,0.330912276851757
T24D,-1.39646272449425
T24E,1.6103612997069
T24F,0.255274849654159
T24G,3.24574851640825
T24H,-0.997230516630073
T24I,-0.384978231861199
T24K,-0.28482819354163
T24L,1.09425114313656
T24M,0.0199947497907416
T24N,-1.10535970234719
T24P,0.281684593590967
T24Q,-2.08748781411983
T24R,0.314200903155082
T24S,-0.617618335966733
T24V,0.360109335775259
T24W,0.763613751619018
T24Y,0.104802150999831
G25A,-0.146389740987587
G25C,-1.0394678090292
G25D,0.851408330141975
G25E,-0.0101238326171913
G25F,1.12637368398005
G25H,6.18521235013672
G25I,0.474957338994495
G25K,-0.883169824526211
G25L,0.642944021660906
G25M,-0.148689372100623
G25N,0.00701729853798516
G25P,-0.223101194054364
G25Q,0.429979911794783
G25R,1.90468289816432
G25S,2.39720224718709
G25T,-0.568343870054593
G25V,0.242822947930875
G25W,0.158556288031304
G25Y,0.32656804156555
S26A,0.228792320689374
S26C,-1.49355719491415
S26D,0.756541188374596
S26E,2.59896999337493
S26F,1.05866875001383
S26G,-0.56918196248171
S26H,-0.40236477625322
S26I,0.477819292496709
S26K,-0.312297404072052
S26L,0.431239167840243
S26M,1.41478252348601
S26N,-0.622308635811723
S26P,-0.677993578578301
S26Q,0.792354992586731
S26R,-0.0669208303339938
S26T,-0.538617697446676
S26V,0.022236809519583
S26W,0.991483628715433
S26Y,0.276829905374259
N27A,0.361140314501869
N27C,0.326129035405334
N27D,1.11316758690617
N27E,7.14428545580061
N27F,0.420695296636106
N27G,0.209884821723767
N27H,0.526428230911292
N27I,-0.294165745011551
N27K,0.437156673726098
N27L,0.60075158535226
N27M,4.34015415020068
N27P,-1.0704443780191
N27Q,1.28365420085495
N27R,1.03210602376239
N27S,-0.93795840505533
N27T,-0.372067515888126
N27V,0.507571381751923
N27W,0.284051482978414
N27Y,0.157870570283153
Q28A,0.317520966239674
Q28C,0.227916885859808
Q28D,0.107638559773818
Q28E,0.265063935470115
Q28F,0.381385417685967
Q28G,5.4657833873629
Q28H,0.169730292100904
Q28I,-0.178034656058113
Q28K,-0.692380271288752
Q28L,3.28159703973332
Q28M,0.600679790007692
Q28N,1.57137218981269
Q28P,-0.819353191573932
Q28R,-1.33906249647642
Q28S,-0.478016381915866
Q28T,-1.83932862339127
Q28V,0.934905118450821
Q28W,1.85032829984575
Q28Y,0.638358648417087
N29A,-1.48525033277527
N29C,-1.91006002065569
N29D,0.775725131024057
N29E,-0.290410812889889
N29F,1.54430719305698
N29G,0.0576397151814754
N29H,-0.358568820352708
N29I,0.332328128704759
N29K,-0.671962635635001
N29L,-0.119279739227042
N29M,0.520874291215535
N29P,4.55610660733676
N29Q,-0.701052549456681
N29R,-1.092626821765
N29S,0.176646125002239
N29T,8.92280052338597E-05
N29V,-1.26372744538069
N29W,0.556351509909655
N29Y,0.634402052262168
G30A,-0.808374677627218
G30C,0.410206067537366
G30D,-1.00244265935226
G30E,0.519609808865638
G30F,-0.735697200133851
G30H,-0.859065781984801
G30I,0.708839089917861
G30K,-1.54639054927893
G30L,7.55495794347034
G30M,-0.989800941373117
G30N,-0.891504543168349
G30P,-0.325125141957676
G30Q,-1.10828360829315
G30R,-0.148128998181312
G30S,-0.310731481645396
G30T,-1.33848981461774
G30V,0.454409021368778
G30W,-0.499832167988035
G30Y,0.0216865340725051
E31A,-0.346041833493768
E31C,-1.12502250517373
E31D,0.653943799162259
E31F,6.66370274953477
E31G,-0.414745943234782
E31H,1.05580566956917
E31I,0.0557081517112341
E31K,2.10097586297967
E31L,-1.03504668745149
E31M,-1.49057833988853
E31N,-2.02914185686594
E31P,-1.41830003885251
E31Q,2.64706684012131
E31R,1.01904619161395
E31S,-0.800543030157269
E31T,-0.745047836041301
E31V,1.27467406967948
E31W,0.585745210629506
E31Y,-0.694461089868417
R32A,0.328606637868806
R32C,0.381899373528485
R32D,-0.169252386173766
R32E,1.03463769782367
R32F,1.41243370835519
R32G,-0.443492374169023
R32H,1.24086065843247
R32I,0.319152366486098
R32K,-0.176997925673896
R32L,0.185081703946441
R32M,-0.336368365135218
R32N,0.398445086526649
R32P,-0.624996402103165
R32Q,-0.742788170375753
R32S,0.430111726453152
R32T,-0.139800362352066
R32V,0.138434654646656
R32W,-0.336681850591573
R32Y,0.43740164357817
S33A,0.353687357140202
S33C,0.181940073144696
S33D,0.485509321339376
S33E,0.826020059495015
S33F,0.87325541786889
S33G,0.714863220283166
S33H,-0.777754443374959
S33I,-0.351716808369497
S33L,0.168074813334326
S33M,-0.0435649226377089
S33N,1.31875305274251
S33P,0.662706728438586
S33Q,-0.0637330070292647
S33R,-2.76628557480548
S33T,-1.02193981324006
S33V,1.24750599154785
S33W,0.372751320925163
S33Y,-0.766147734099917
G34A,-1.19251130396666
G34C,-0.627907183723937
G34D,1.94508250931507
G34E,-0.255838718753961
G34F,-0.996845094205435
G34H,-0.0787341369351428
G34I,3.33405180310206
G34K,-1.42959898566589
G34L,0.245043754009729
G34M,3.92696992049085
G34N,-1.63964693273552
G34P,0.867864689673028
G34Q,-0.276593472772782
G34R,0.425178220995242
G34S,-1.6928530650463
G34T,-0.678680302066213
G34V,0.454908062265327
G34W,3.71271306770896
G34Y,1.81571370745482
A35C,-0.0737586615752149
A35D,-0.251493191595722
A35E,-0.279989805439581
A35F,0.340083258745037
A35G,0.530407073443943
A35H,2.08169185410676
A35I,0.537903104898672
A35K,-2.13212340251534
A35L,1.21973491770555
A35M,0.912419238608377
A35N,-0.793211354545429
A35P,1.0362723626996
A35Q,2.31799075064815
A35R,0.504586072790926
A35S,0.495052164972671
A35T,0.208053413171263
A35V,1.21773922806856
A35W,1.76793374203378
A35Y,0.526356974163855
R36A,0.133336267998169
R36C,1.87117737448903
R36D,0.49765210951596
R36E,0.585595307700972
R36F,2.59259534729711
R36G,-0.0081575484874332
R36H,1.8343279488074
R36I,0.705876080067306
R36K,-0.821385305308883
R36L,1.91261100341292
R36M,1.84792552632133
R36N,0.844762797947165
R36P,1.65675413377165
R36Q,3.23037599011647
R36S,-0.234723046938047
R36T,0.10783455402908
R36V,1.62210442144847
R36W,1.20727363993989
R36Y,2.72980524795902
S37A,0.13410693821617
S37C,0.705927583642067
S37D,1.4455042400604
S37E,1.38207361716913
S37F,2.45131813147176
S37G,1.12725090692584
S37H,-1.01074382402158
S37I,4.4956957892824
S37K,0.377244357629655
S37L,-0.0341308634605603
S37M,0.875803361403
S37N,0.224097490296588
S37P,6.19915765945633
S37Q,0.233624182075816
S37R,-0.438530075106347
S37T,-0.102596088021708
S37V,-0.410230092364426
S37W,1.69860653839383
S37Y,1.14232669129274
K38A,1.66942472127531
K38C,2.79283285605012
K38D,1.63759217835035
K38E,2.91007083443452
K38F,0.355783228069206
K38G,3.95205432566227
K38H,3.39208647187395
K38I,2.26328956174242
K38L,0.893713477429587
K38M,0.823112405939126
K38N,2.08159395086533
K38P,2.05533039309669
K38Q,1.12383474117462
K38R,0.808557452978882
K38S,0.395271822001959
K38T,1.44102400057378
K38V,2.57285788414021
K38W,2.71001457342523
K38Y,1.47552138288355
Q39A,2.15961803803626
Q39C,0.253020102886625
Q39D,1.28445017731674
Q39E,0.927082125841467
Q39F,1.60708981286569
Q39G,1.65603879912463
Q39H,1.02710329931434
Q39I,0.635014668956002
Q39K,-0.873164676070483
Q39L,-0.772979462145498
Q39M,1.20826954822301
Q39N,0.467030112117509
Q39P,2.62020991315508
Q39R,0.177140596688859
Q39S,1.09630947549109
Q39T,1.30558991928382
Q39V,-0.594849164365981
Q39W,0.181521900712937
Q39Y,0.537793857201603
R40A,1.3812101222885
R40C,2.81482365385475
R40D,1.78879906943315
R40E,-0.380769823144472
R40F,1.20107303316725
R40G,1.63683192989617
R40H,0.126071905045083
R40I,0.267363603871366
R40K,-1.33646521476514
R40L,0.704054907789635
R40M,0.984588885335849
R40N,4.72167249592101
R40P,-0.697498300618403
R40Q,0.976013657620945
R40S,0.770872263183681
R40T,0.83204918478664
R40V,-0.126730364859393
R40W,1.56306652503025
R40Y,1.28931234751013
R41A,1.02591895091405
R41C,6.20868444302523
R41D,1.03193564371027
R41E,3.91300763756856
R41F,0.622133591030816
R41G,0.082107545013835
R41H,0.683634309297967
R41I,-1.89069273965898
R41K,5.65041798699745
R41L,1.46597950692602
R41M,1.87332245715295
R41N,1.48065367456899
R41P,0.716442924170148
R41Q,1.09515972467856
R41S,1.56043906697304
R41T,0.489390364469579
R41V,-0.404845707832332
R41W,1.76212392947951
R41Y,0.247513325602618
P42C,1.28915182878048
P42D,2.08568930738617
P42E,-0.614006822761891
P42F,-1.5003543185572
P42G,5.86084143302175
P42H,-0.084052415829233
P42I,-0.375190941305046
P42K,0.676525376424661
P42L,-0.111855894947475
P42M,1.96161451448061
P42N,8.0291726219797
P42Q,-0.809469024686226
P42R,-1.04740283056675
P42S,-0.202683739309666
P42T,1.05510549640642
P42V,-0.280957479425208
P42W,-0.434483598531692
P42Y,-0.838655420658869
Q43C,0.573035999182395
Q43D,1.54355457837081
Q43E,0.310656100127089
Q43F,0.166714110028576
Q43G,-0.470188512893501
Q43H,0.432891345962233
Q43I,-1.23582131633205
Q43K,1.79288139518988
Q43L,0.972332871389223
Q43M,-1.29618000992822
Q43N,-1.04759998802006
Q43P,-0.905911346871643
Q43R,-0.920771751266726
Q43S,1.10115633767038
Q43T,-0.0220856258184462
Q43V,0.375671622022894
Q43W,0.298918250698887
Q43Y,0.0457200028866974
G44A,-1.55787748723468
G44C,6.84032143551972
G44D,0.138360331818091
G44E,3.94288466260306
G44F,-1.6652548483006
G44H,-0.0351063278178164
G44I,-0.703356906434207
G44K,1.32993047898075
G44L,1.27264262293152
G44M,1.23267936384708
G44N,-0.767414645715788
G44P,-0.777461436575228
G44Q,0.0663050714745546
G44R,-0.460921357691241
G44S,-0.313931750409643
G44T,-0.90864685529564
G44V,0.602942294550837
G44W,-0.153142461078623
G44Y,0.911527628260532
L45A,-0.883927406196011
L45C,-0.576231084424376
L45D,0.979407452404949
L45E,0.514409752362584
L45F,-2.36050309394295
L45G,-0.241258550272777
L45H,-1.07532545240059
L45I,6.74962971974949
L45K,-0.931139237404336
L45M,-1.04892547881877
L45N,-1.06025303092563
L45P,0.25678777703928
L45Q,0.0179647073682451
L45R,0.897484052088641
L45S,-1.60353508794647
L45T,-0.683503153710822
L45V,0.332857690030088
L45W,5.03478596782622
L45Y,-0.308383990335232
P46A,0.597622669076025
P46C,-0.140708942179615
P46D,-0.814009819087873
P46E,-1.68664615776214
P46F,0.646840825806344
P46G,-0.454406108056148
P46H,-1.8869515732819
P46I,0.721537535349353
P46K,-0.452352176389255
P46L,0.891415020970853
P46M,0.129008389556516
P46N,0.0299238938142532
P46Q,1.5325570681568
P46R,-0.380879568638208
P46S,-0.451307479306465
P46T,-0.859375131577391
P46V,-0.630943165246896
P46W,-1.01197791432341
P46Y,0.384321621951961
N47A,0.365954754391966
N47C,-0.635532726898592
N47D,0.925177188992639
N47E,2.9538574446854
N47F,0.268973366384145
N47G,-0.112909875363819
N47H,1.37532767309434
N47I,1.49984287705748
N47K,0.0335395229157323
N47L,0.408729203244685
N47M,-0.492128410728408
N47P,1.87143055439532
N47Q,1.4325806813542
N47R,0.274198068475268
N47T,1.8327514410999
N47V,1.16967504415416
N47W,1.91954437795433
N47Y,2.13886183915896
N48A,-0.634122688469243
N48C,1.85863654392086
N48D,-0.0380776747915654
N48E,1.00223899499319
N48F,1.48416534820534
N48G,-0.0375962282604401
N48H,0.237387039760487
N48I,-0.135574822676594
N48K,-0.674877363283145
N48L,0.233584060027244
N48M,0.481352952034311
N48P,0.0954930624969255
N48Q,-1.42689473930292
N48R,1.51039930395969
N48S,-0.399896533385156
N48T,0.570633156373774
N48V,-0.128362247416429
N48W,2.89023146217444
N48Y,-1.33397063367899
T49A,-0.793669272408612
T49C,-0.0437253134985092
T49D,-0.140031297701162
T49E,0.461701028075489
T49F,0.22744603343866
T49G,-0.204743923263975
T49H,-0.884210392542811
T49I,-0.0220343045389482
T49K,-0.160756057642317
T49L,-1.45511344111793
T49M,-1.68510086843406
T49N,0.520059454209183
T49P,0.29634880705013
T49Q,-0.644006336878996
T49R,-1.1592584913531
T49S,0.0179985090762441
T49V,-0.00103043803900109
T49W,-0.416074887177889
T49Y,0.316762290935916
A50C,0.115917905873769
A50D,4.44629864958867
A50E,0.931186577321321
A50F,0.209845962229989
A50G,-0.774283416450087
A50H,0.640920308896156
A50I,-1.47825311353179
A50K,-1.19666270365066
A50L,7.14594174958111
A50M,0.792083463530935
A50N,0.571387693805039
A50P,-0.200347026284777
A50Q,-0.214408099594514
A50R,1.51244697717172
A50S,0.0322939261915655
A50T,0.235089045441796
A50V,-0.79659207104459
A50W,-0.370382568017614
A50Y,-0.824689429537435
S51A,-0.0209458028769712
S51C,3.6713940032193
S51D,5.06825312163926
S51E,2.88798278501573
S51F,4.98620801363856
S51G,-0.513638509326684
S51H,2.59764710145762
S51I,6.355238124329
S51K,1.70179990737662
S51L,3.73202896540042
S51M,3.15241190869933
S51N,0.507318001851064
S51P,0.551655206703827
S51Q,2.7239142535135
S51R,-0.50385657093123
S51T,2.5492156012284
S51V,5.14365331873353
S51W,12.6981739240834
S51Y,5.4198253542688
W52A,-0.0786069218245607
W52C,-2.10592922340802
W52D,0.832965572494011
W52E,1.46394329897003
W52F,0.223153075374483
W52G,1.08291200664416
W52H,0.423296399071729
W52I,-0.250780368144974
W52K,-0.13491446825488
W52L,-0.748342745057636
W52M,0.476815844420287
W52N,12.6981739240834
W52P,7.65123710286738
W52Q,-0.184836110946671
W52R,0.039021612530431
W52S,0.22363347092251
W52T,0.749459648965986
W52V,-0.0455433290849217
W52Y,0.067290321489703
F53A,0.502872880030154
F53C,-0.205016341112708
F53D,12.6981739240834
F53E,3.67838588599997
F53G,1.76582299291311
F53H,0.773225087735529
F53I,1.15940008199831
F53K,1.52928182382373
F53L,-0.0523216060527234
F53M,-1.44168798897917
F53N,-1.40653743668637
F53P,9.31995436017903
F53Q,2.89820234446692
F53R,2.8138589105872
F53S,0.837677856846266
F53T,3.98173556636929
F53V,1.64793578618637
F53W,0.820735655369464
F53Y,0.834735780511778
T54A,0.485696329428473
T54C,1.72007696883273
T54D,0.475847960968875
T54E,-0.869392398956755
T54F,0.858980801664238
T54G,-0.165599503575496
T54H,-0.190850395977877
T54I,1.09349218709664
T54K,-0.371791510407155
T54L,2.75758542394816
T54M,-0.138865888322763
T54N,-1.75599081124364
T54P,-0.261285228462084
T54Q,0.101022042711108
T54R,0.923051408503792
T54S,0.515934865429749
T54V,-0.100258609874765
T54W,1.08207314165675
T54Y,0.278907460425431
A55C,0.408214665120187
A55D,0.00349125272539893
A55E,-0.654606975654662
A55F,-0.3616209419519
A55G,-0.390144070558476
A55H,-0.609178202274939
A55I,2.76797274968059
A55K,1.02190187236459
A55L,0.0751987140509102
A55M,0.735971925817776
A55N,2.73902693599807
A55P,-1.1057670183414
A55Q,-0.0495471774215008
A55R,0.549599162909378
A55S,0.46750388907293
A55T,-0.74169362293864
A55V,-0.179874711045925
A55W,-0.300521625440379
A55Y,1.12439363201544
L56A,1.30409418869813
L56C,1.0077058686241
L56D,7.11565918500317
L56E,1.53944310217035
L56F,-0.676602992546484
L56G,1.68900196415315
L56H,0.31081106191495
L56I,0.390131913512764
L56K,0.12201325437824
L56M,-0.384289972915
L56N,0.73003373461476
L56P,0.707164891536078
L56Q,0.671299108400767
L56R,-0.791903489725474
L56S,3.18132460177356
L56T,0.342973518787848
L56V,0.154495370115697
L56W,0.306079704032546
L56Y,0.0852775176004626
T57A,-0.928714889394411
T57C,0.145349452251093
T57D,-0.463756237173583
T57E,0.122238257305497
T57F,0.416784778770574
T57G,0.561101855497124
T57I,-0.716004665326012
T57K,0.513859630249315
T57L,-0.546226470219097
T57M,-1.66871131170295
T57N,0.967690029655494
T57P,1.60696265348748
T57Q,0.543935893972183
T57R,1.01634488792681
T57S,-0.322282711316369
T57V,-0.0114311294941054
T57W,-1.17388919485343
T57Y,-0.277719886462552
Q58A,-0.356245371549512
Q58C,0.38067609857799
Q58D,-0.397703161562834
Q58E,-0.455520505972482
Q58F,-0.00427560378205482
Q58G,0.526420386625354
Q58H,-0.391252515781115
Q58I,0.326523314237713
Q58K,-0.183550353708448
Q58L,0.0574286036349461
Q58M,-0.295279825771523
Q58N,3.82690155291854
Q58P,0.800314126937322
Q58R,0.296038584502252
Q58S,2.15973188179013
Q58T,-0.438690617204682
Q58V,-1.57305201681287
Q58W,0.0963210978903222
Q58Y,0.247017906349559
H59A,0.248735063068069
H59C,-0.488940140704731
H59D,-0.425252968233119
H59E,-0.582004433942638
H59F,-0.40974019261411
H59G,-0.32904707248242
H59I,-0.377725392527766
H59K,-0.908939293053501
H59L,-1.12355429671255
H59M,-0.44918187807988
H59N,-1.35450904202021
H59P,0.326343569045081
H59Q,-1.37965496143899
H59R,-0.336843378705121
H59S,-0.471055475175933
H59T,1.55676086188292
H59V,0.161317007089477
H59W,4.97757746330383
H59Y,-0.600438131637938
G60A,0.246140529153832
G60C,-0.280643107973605
G60D,-1.81950721942218
G60E,-0.406702329139184
G60F,6.02882735131299
G60H,0.639419212082755
G60I,-0.511247720117568
G60K,-1.21342689881938
G60L,-0.728417661797232
G60M,-0.312705443817989
G60N,-0.543167836179265
G60P,0.163725237684409
G60Q,-0.584818179937867
G60R,0.354700150896413
G60S,-0.705203463965422
G60T,0.272865881894431
G60V,0.756917784022678
G60W,-0.369606834825194
G60Y,0.098752026733123
K61A,-0.055936152604581
K61C,0.587834550571756
K61D,-1.48288240700167
K61E,-0.782572643481495
K61F,-0.249733833211366
K61G,-0.602056406315189
K61H,0.37719300836984
K61I,-0.0661770276702217
K61L,-0.0689860086156165
K61M,0.712508166291659
K61N,1.32842062615656
K61P,1.2300769372511
K61Q,0.500441018180146
K61R,-1.8291054428326
K61S,-1.04740283056675
K61T,-1.89084432850389
K61V,-0.376905803493468
K61W,0.512393562312438
K61Y,0.256251861119017
E62A,0.483633423910809
E62C,0.334121783623789
E62D,0.290291457736164
E62F,-0.172997894580914
E62G,0.998086065383344
E62H,-0.7819782706626
E62I,0.182510309805989
E62K,-0.501147573101628
E62L,0.148710382318378
E62M,-0.0605640702840151
E62N,-0.954507910114541
E62P,-0.675728755350997
E62Q,3.73326464619452
E62R,5.43898437217609
E62S,5.26481650085555
E62T,-0.0561939181562458
E62V,-0.436704582494092
E62W,-0.556943623793632
E62Y,0.824812024994798
D63A,-0.961256085743696
D63C,-0.541720690060588
D63E,-0.149189217167201
D63F,0.245120525723201
D63G,0.238127747084977
D63H,3.80389687187122
D63I,0.0403442670598681
D63K,0.487279529894422
D63L,-0.109473733958013
D63M,-1.09303156330722
D63N,-0.467571328397497
D63P,1.89377676210661
D63Q,-0.0319726005868896
D63R,0.679664506895906
D63S,-1.11729047547331
D63T,0.540532562913095
D63V,0.513044115333341
D63W,-0.290431950591611
D63Y,0.493230953264821
L64A,0.866026679542514
L64C,0.644407690635257
L64D,4.55089886880713
L64E,-0.0436880266859827
L64F,-0.492896178081557
L64G,1.21676900799641
L64H,0.443455217690729
L64I,-0.392757489895809
L64K,0.0556283693886864
L64M,-1.23622532988619
L64N,0.583964313079882
L64Q,0.0331687617521857
L64R,0.758613604932523
L64S,0.815549638267915
L64T,0.268892209991248
L64V,0.0180469952109607
L64W,0.224449838245984
L64Y,-1.62075134660383
K65A,2.17290706535213
K65C,0.92493352322767
K65D,0.175820566996345
K65E,-0.248703916120116
K65F,1.11050031392586
K65G,0.523099914144818
K65H,0.430772041203872
K65I,-0.480967842536006
K65L,0.237680015410278
K65M,-0.363207321494787
K65N,-0.588422207897978
K65P,-1.57600154951065
K65Q,0.269585402341029
K65R,-0.144345491457199
K65S,1.79542582074973
K65T,0.333985410613561
K65V,-0.391252206202477
K65W,-0.119397034888453
K65Y,0.640298404997577
F66A,0.615266867510554
F66C,12.6981739240834
F66D,4.63950980459891
F66E,5.31532485485954
F66G,1.69851306261905
F66H,0.12148973610322
F66I,-0.0620564608284251
F66K,2.14352411981235
F66L,2.83890635023916
F66M,-0.603255346488254
F66N,2.87169265308303
F66P,0.497657522257819
F66Q,-0.455463693937215
F66R,1.37193071414295
F66S,2.75262077995302
F66T,7.81231978039197
F66V,-0.581614682146855
F66W,0.0896311020379192
F66Y,0.77260980760836
P67A,-0.458070533053498
P67C,0.646277934485034
P67D,0.358438116494217
P67E,0.391195511317266
P67F,0.817622750458562
P67G,0.00726403382998835
P67H,1.48697992344204
P67I,-0.45629106308529
P67K,0.560466938526835
P67L,-0.408552186145507
P67M,-0.225293328904844
P67N,-0.556825345334429
P67Q,-0.406116191422513
P67R,0.01816604511849
P67S,0.3556210567951
P67T,0.060900561982117
P67V,-0.104285153405684
P67W,0.487013454709799
P67Y,0.959061201734263
R68A,1.3329716265809
R68C,-1.34069357190191
R68D,6.77562487531248
R68E,12.6981739240834
R68F,2.66098616041223
R68G,1.29242196030285
R68H,2.96468184504555
R68I,0.530312548745364
R68K,-0.764765533973681
R68L,1.78423991773859
R68M,4.90207321854178
R68N,1.35974928688006
R68P,0.842483129826129
R68Q,0.344167535023275
R68S,0.358493018057295
R68T,-0.475553225675252
R68V,1.60607226568818
R68W,9.47606447606456
R68Y,1.91177208912307
G69A,4.5357527447035
G69C,6.19441494936937
G69D,0.408455914682806
G69E,1.37108449272311
G69F,12.6981739240834
G69H,4.1687327999712
G69I,0.724706041780942
G69K,2.71851819856366
G69L,0.085076024506863
G69M,1.34028634087289
G69N,-0.176398389712407
G69P,1.00412503160479
G69Q,2.88742752039795
G69R,0.120779872215861
G69S,0.607346934426815
G69T,3.27754083027201
G69V,1.29545372231539
G69W,9.97834906889346
G69Y,12.6981739240834
Q70A,0.0161835890376486
Q70C,1.2897644239777
Q70D,0.125190141518775
Q70E,-0.877490983413122
Q70F,0.231242068952113
Q70G,-1.03099894305374
Q70H,0.538056378774077
Q70I,0.422384175776244
Q70K,-0.128895769569369
Q70L,0.088496606462067
Q70M,0.133539539230687
Q70N,0.581810561155932
Q70P,1.26561690172967
Q70R,2.09288526018743
Q70S,0.143766063831851
Q70T,-0.576446421730072
Q70V,0.68797285433394
Q70W,-1.13559318694257
Q70Y,0.355061108845906
G71A,2.99905273257285
G71C,2.08199036196568
G71D,5.47444684988807
G71E,3.5379466971341
G71F,0.657388645218118
G71H,6.42269244677039
G71I,3.92687668780062
G71K,2.38047970188537
G71L,2.37322490731611
G71M,5.20366488983751
G71N,7.38841842152749
G71P,6.31141507952729
G71Q,0.244691867907169
G71R,1.36139288485829
G71S,0.599072377866926
G71T,2.80462689452316
G71V,4.69229375567402
G71W,1.6116474012398
G71Y,2.87101137530189
V72A,5.17324110844527
V72C,5.14013559735617
V72D,4.31407787059482
V72E,9.13760905923336
V72F,-0.356637857999272
V72G,4.18972025035256
V72H,2.20716584179102
V72I,-0.452072666636626
V72K,3.67509318865575
V72L,1.3584688196039
V72M,-0.5772596822383
V72N,0.10529368655512
V72P,3.47965468733545
V72Q,3.01915767443533
V72R,3.99631824472642
V72S,8.16138112423802
V72T,0.162138937786878
V72W,2.46432927028202
V72Y,1.8742517117571
P73A,1.00894728741405
P73C,-0.927809870149427
P73D,12.6981739240834
P73E,6.86975228854982
P73F,7.25343430533421
P73G,1.55158901046776
P73H,12.6981739240834
P73I,4.15195760098233
P73K,9.20478845564968
P73L,5.88054659795767
P73M,2.98652904375433
P73N,4.75431471101824
P73Q,6.13970968490505
P73R,5.51324216711594
P73S,5.50029762786727
P73T,3.29105970611092
P73V,1.96022994610909
P73W,8.92510676087183
P73Y,7.43999210633785
I74A,-0.863213348816513
I74C,-0.592510807256091
I74D,0.66235843800489
I74E,0.161628515458694
I74F,-0.167298140182878
I74G,0.56833553877418
I74H,0.449066941117438
I74K,-0.0293864658185483
I74L,1.58596934010877
I74M,-0.502326827519999
I74N,-0.701799673564924
I74P,-0.0805076929056571
I74Q,-0.413935202872015
I74R,0.110407517802461
I74S,-0.549350344094528
I74T,-0.150088663215252
I74V,1.46469659136284
I74W,-0.782383094944775
I74Y,-0.0489652084585151
N75A,-0.349454161241171
N75C,0.359369666472737
N75D,0.256907788784913
N75E,0.296539593965164
N75F,-0.756314582032756
N75G,-1.16383975491014
N75H,0.236248828244943
N75I,0.944708653463214
N75K,0.415880897757112
N75L,0.640545000959579
N75M,0.036631105433704
N75P,3.74850137363649
N75Q,-0.822479272220836
N75R,-1.13251761395454
N75S,-1.00099226275303
N75T,0.488129055487942
N75V,0.923154100922499
N75W,0.00209910576736147
N75Y,2.33720817393918
T76A,-0.859176470128503
T76C,0.379196856033069
T76D,-0.830804649871987
T76E,1.05240114805894
T76F,0.332671777528112
T76G,-0.834735768404513
T76H,-0.0982956774165335
T76I,-1.48104139558943
T76K,1.19166328930685
T76L,-0.261314214405429
T76M,5.07168000563908
T76N,-1.77945616994697
T76P,1.15846029320667
T76Q,-0.58893831584244
T76R,-0.443370029117367
T76S,-0.0769418186095377
T76V,3.21968305861725
T76W,-0.955720903091301
T76Y,0.708279586109087
N77A,0.746881063315292
N77C,0.321418021168046
N77D,-1.21398164352353
N77E,0.937476962680607
N77F,2.3268115349705
N77G,-0.306930683149267
N77H,2.04124159435287
N77I,-0.563883145038113
N77K,-0.371571049660397
N77L,0.775040495738198
N77M,-1.39579361669385
N77P,3.41078630840776
N77Q,-0.613114582606271
N77R,0.226413543760994
N77S,-0.320309613406536
N77T,2.84487708181396
N77V,0.125870459749162
N77W,0.564344121356517
N77Y,-0.439458375240587
S78A,-0.123547375189243
S78C,0.576809371272928
S78D,0.0265505822892864
S78E,-0.308594636248159
S78F,-0.741563957676934
S78G,-0.589008451051063
S78H,0.127463599091738
S78I,0.126286233860058
S78K,0.428938438073237
S78L,-0.236891773108916
S78M,0.348886816912397
S78N,-0.0727036408012645
S78P,0.00562182920059073
S78Q,-0.0695124932869578
S78R,0.119781511178706
S78T,1.71778525846191
S78V,0.368781627931261
S78W,0.201362592223772
S78Y,0.196321001104565
S79A,4.84986069772114
S79C,-1.21939868425421
S79D,1.46129845520974
S79E,-0.539528896869176
S79F,-0.437989803471559
S79G,0.0728307722630047
S79H,3.06801927180866
S79I,1.01515348332802
S79K,1.20341321359765
S79L,0.334005741197614
S79M,-1.67736872791769
S79N,-0.091729348823116
S79P,0.216820145945903
S79Q,0.995066663437301
S79R,-0.126805181331697
S79T,-0.745469681734838
S79V,0.431906493075968
S79W,0.306098463723697
S79Y,0.0115846890408933
P80A,-0.739399653768306
P80C,-0.0650676331772315
P80D,-1.90388799844635
P80E,-0.0510371003260063
P80F,-0.910630273100616
P80G,-1.01392448062023
P80H,0.127907248882225
P80I,-1.56894683465677
P80K,-1.44700873999282
P80L,-1.12071759117009
P80M,0.338680356102527
P80N,-1.17450072752982
P80Q,-1.8143140616205
P80R,0.220032144692589
P80S,-0.740063216663027
P80T,-0.501967680432953
P80V,-0.0791159591038968
P80W,-0.842081285358339
P80Y,-0.234028825270583
D81A,-0.0158525950351054
D81C,-0.552041328881666
D81E,-0.159652242564496
D81F,2.4840775514112
D81G,0.974306376197191
D81H,-2.18766790921574
D81I,-0.145226278674101
D81K,0.525216655925266
D81L,0.218668463566694
D81M,0.176102784148462
D81N,1.10529908852034
D81P,0.720957595045804
D81Q,-1.86459928806738
D81R,1.22699945728663
D81S,4.72761959928971
D81T,-0.970448518669762
D81V,-1.50009047421806
D81W,2.04614034772234
D81Y,-0.282800412885207
D82A,-0.105285526124369
D82C,3.14753409636112
D82E,-0.736046349646052
D82F,1.17694433149805
D82G,1.08346977655691
D82H,0.346122932781296
D82I,12.6981739240834
D82K,2.54394908976526
D82L,1.06013121095849
D82M,0.0665687662988727
D82N,1.03045985148457
D82P,3.54431082280926
D82Q,3.44499541913029
D82R,12.6981739240834
D82S,0.446569703194273
D82T,1.51893512036253
D82V,-0.541076918670621
D82W,2.87156244821977
D82Y,8.22420916304389
Q83A,-0.374818253778378
Q83C,2.23236761801823
Q83D,0.00993357204964962
Q83E,-0.593968700231883
Q83F,1.2527174175408
Q83G,0.00539202107796382
Q83H,1.96337367705599
Q83I,4.34107996943418
Q83K,-1.11324589912507
Q83L,-0.713680559035086
Q83M,0.306358161005797
Q83N,0.171457744326305
Q83P,0.862165316695473
Q83R,-0.561709455390637
Q83S,-0.150376606433972
Q83T,3.00856842291214
Q83V,0.864406641646168
Q83W,0.677456857673186
Q83Y,-0.776681870650608
I84A,-1.72046124507486
I84C,7.75903002034737
I84D,0.390981540626266
I84E,12.6981739240834
I84F,0.423384739939499
I84G,5.43199489635077
I84H,7.03614509752893
I84K,5.09281231663771
I84L,-0.0861479205286398
I84M,0.540402958216317
I84N,2.05230285012231
I84P,12.6981739240834
I84Q,4.43172304233787
I84R,3.78576844197139
I84S,2.76947005905349
I84T,0.707260534887185
I84V,-0.5837600800942
I84W,7.19294892696749
I84Y,6.94605796690383
G85A,7.56161251332651
G85C,3.50064549195892
G85D,2.25572687744681
G85E,8.02538272290012
G85F,6.32720935263845
G85H,3.01265957541495
G85I,12.6981739240834
G85K,9.21718693687575
G85L,7.23017469654622
G85M,12.6981739240834
G85N,1.94914943499205
G85P,8.95002265009518
G85Q,7.29299590642828
G85R,3.15398929898049
G85S,12.6981739240834
G85T,9.24825846551233
G85V,12.6981739240834
G85W,9.16442528619593
G85Y,7.22051503672168
Y86A,8.5012314075858
Y86C,-0.291091020860487
Y86D,12.6981739240834
Y86E,4.4727161673224
Y86F,1.74076858968192
Y86G,6.74411197045842
Y86H,2.96782653055847
Y86I,12.6981739240834
Y86K,12.6981739240834
Y86L,4.15071666370496
Y86M,1.16612760710563
Y86N,10.3983173609952
Y86P,12.6981739240834
Y86Q,3.634762809991
Y86R,4.31089609182518
Y86S,5.74999830299034
Y86T,6.08462945235526
Y86V,8.14573734926434
Y86W,12.6981739240834
Y87A,6.52450061010724
Y87C,-1.25276089400056
Y87D,4.45362578345257
Y87E,8.19620233287622
Y87F,-0.539276703795867
Y87G,5.40263420750571
Y87H,0.839922819860758
Y87I,9.11381782914834
Y87K,8.08807344302181
Y87L,4.33213782266241
Y87M,0.579241938839749
Y87N,4.91987194029635
Y87P,12.6981739240834
Y87Q,6.68822409166206
Y87R,9.69304094530624
Y87S,-1.37196780845385
Y87T,7.10741961316948
Y87V,12.6981739240834
Y87W,-0.344919368446356
R88A,0.0105060575999876
R88C,-2.50634117900092
R88D,-0.152091694364256
R88E,0.220554446051934
R88F,7.31215175951261
R88G,-0.896630234764842
R88H,0.489539002420448
R88I,-1.7158338961261
R88K,0.96320807616474
R88L,2.82683824175704
R88M,-0.887062228095239
R88N,-1.05381931196669
R88P,3.56665472597224
R88Q,3.68431545864474
R88S,0.200012964869605
R88T,-0.00650525938415108
R88V,-1.50917614073105
R88W,-0.147581216708719
R88Y,-1.33328347681469
R89A,-1.14949878477699
R89C,0.815434712717878
R89D,-0.772380536608812
R89E,-1.23811443608617
R89F,0.471702352073185
R89G,-0.295171314730631
R89H,-0.787489671949587
R89I,-0.136976697796678
R89K,0.10247738730706
R89L,-0.778184350905116
R89M,-0.309009973823619
R89N,0.735397947997778
R89P,-0.496399413773555
R89Q,0.165210986094856
R89S,-0.981992313497508
R89T,-0.920682131001898
R89V,0.143305824030761
R89W,0.566754220567566
R89Y,-0.939814213830907
A90C,2.82315391941921
A90D,-0.507466314992881
A90E,0.236237442566446
A90F,-1.0030427588111
A90G,-0.530694372194827
A90H,-1.39706189284628
A90I,-1.02377089893438
A90K,-0.448249287916993
A90L,0.0488061053761472
A90M,-0.366620380794268
A90N,1.04451995145138
A90P,-0.581393595438982
A90Q,0.916933307155911
A90R,-0.799145604007186
A90S,-0.762436759448042
A90T,7.82589121571152
A90V,0.913735540760878
A90W,-1.36192288239501
A90Y,-0.434454771906999
T91A,-0.403703979552231
T91C,0.738199634607222
T91D,0.133813565927817
T91E,-0.437792411526092
T91F,-0.233345367471353
T91G,4.61015779787287
T91H,-0.904167742097722
T91I,1.17684024944915
T91K,-0.00955049710630853
T91L,0.0307413520767024
T91M,1.22026395591908
T91N,0.171115319701042
T91P,-0.285537871099491
T91Q,1.22605244195202
T91R,0.971592302392342
T91S,-0.492709351436861
T91V,-0.618904405454508
T91W,2.69538887818092
T91Y,-0.290876000215501
R92A,0.178500374338516
R92C,-0.607548578272758
R92D,0.224693892561746
R92E,-3.39948667944188
R92F,-0.227587262374134
R92G,-0.566067356307732
R92H,-0.453390991569929
R92I,-0.862517507566433
R92K,-0.248760737703887
R92L,-0.600947134805924
R92M,-1.32576721759577
R92N,-0.510994057096796
R92P,-0.408230462794209
R92Q,-0.666067203627112
R92S,-1.21939868425421
R92T,5.67757582659444
R92V,-0.386115828279075
R92W,-0.35582252362446
R92Y,-0.591516811556747
R93A,-0.0395843468787612
R93C,1.62641825857838
R93D,-0.337013454756323
R93E,-0.725762666957959
R93F,-1.45438392696422
R93G,-0.622175621693943
R93H,-0.739360488832427
R93I,1.50342197576826
R93K,0.939947066950628
R93L,-0.753506205768869
R93M,0.257195736220302
R93N,-1.49181091648082
R93P,-0.799954664366334
R93Q,-0.248702399244465
R93S,0.404731498936967
R93V,0.0731787599561583
R93W,0.179004009549805
R93Y,2.33251146052564
I94A,-0.857275021129123
I94C,-0.467023602399664
I94D,2.23758575736819
I94E,0.432824210164323
I94F,-0.128157784208124
I94G,-1.66071956313664
I94H,-0.0620564608284251
I94K,0.168515724342691
I94L,-0.293203387068593
I94M,-1.72905813380169
I94N,-0.420713265058888
I94P,0.0714592930708047
I94Q,0.258948902022694
I94R,1.9514527175063
I94S,-0.192517855084249
I94T,2.23961006179632
I94V,0.0286809223924788
I94Y,0.240407862269774
R95C,-0.0221482146433977
R95D,-0.230269179678247
R95E,-0.161739062394872
R95F,-0.686762757469443
R95G,0.882300725029121
R95H,0.142618124767567
R95I,-0.0650196936671986
R95K,-0.929864123272821
R95L,-0.115401442725777
R95M,-1.10728989267982
R95N,0.712153378467011
R95P,-0.450679156519467
R95Q,0.103732383800434
R95S,-1.4643990229116
R95T,0.46049744724675
R95V,-0.557862682554502
R95W,0.491794723403364
R95Y,3.8676129694674
G96C,-1.50272336524327
G96D,0.815678478198538
G96E,0.0693176199460885
G96F,1.61773692813835
G96I,2.34926098917388
G96K,-0.0157457874226312
G96L,0.479719868745516
G96M,-0.220608153111223
G96N,1.40522312493877
G96P,6.53105439456471
G96Q,-1.81591993628079
G96R,0.25223979287667
G96S,-0.559741005059588
G96T,-1.78549021983397
G96V,-0.463530521083913
G96W,-0.763666119622593
G96Y,-0.651947933898557
G97A,-0.209090445766293
G97C,0.658468016982432
G97D,-0.298080246435375
G97E,-0.20030885012206
G97F,-0.535303204426417
G97H,5.78335864526491
G97I,1.47679306662211
G97K,-0.624989907388726
G97L,-0.721647677020102
G97M,0.569375046324154
G97N,-0.058428089633363
G97P,-0.291322897954274
G97Q,12.6981739240834
G97R,-0.304965978475979
G97S,-0.367132025910442
G97T,0.772226408419602
G97V,0.0941552138271021
G97W,1.14591777085237
G97Y,0.480861184386265
D98A,-3.47444572674277
D98C,-1.49790813186855
D98E,-0.374807733079037
D98F,-0.177943075366707
D98G,3.45684100140561
D98H,0.870885361340346
D98I,7.13532220305376
D98K,0.444809121954812
D98L,-0.222373141223589
D98M,-0.271202026786601
D98N,-0.81805685843867
D98P,-1.60295315560773
D98Q,0.337252359196177
D98R,-0.847709050999517
D98S,-0.365441940581182
D98T,-0.0312738152491373
D98V,0.459023347820285
D98W,0.600149596367973
D98Y,3.27434062167284
G99A,2.28454162037281
G99C,-1.59428912545861
G99D,-1.05670119033668
G99E,-1.1500684895788
G99F,0.211572657537118
G99H,-0.14703258418778
G99I,-0.114768931307697
G99K,-1.75954307654522
G99L,-1.27931561199001
G99M,-0.458472290549187
G99N,-0.471393441996112
G99Q,4.61211487722093
G99R,0.154576881861915
G99S,-0.730227825399862
G99T,2.58840906662114
G99V,-0.571864460512869
G99W,1.34479940515838
G99Y,1.06761925204889
K100A,-0.661880534308789
K100C,-1.35179786881362
K100D,2.06924288093896
K100E,3.68753567069696
K100F,-0.32904707248242
K100G,3.3809996286506
K100H,2.49836138513616
K100I,4.88399447717015
K100L,-0.247188731578872
K100M,0.17682483501501
K100N,-2.25221004771354
K100P,0.0493223415524148
K100Q,2.75871107364291
K100R,-0.696950883948868
K100S,-0.645175961860321
K100T,0.0285304333473536
K100V,0.174631488092948
K100W,0.508637722719478
K100Y,0.244069706846054
M101A,-0.3365909139203
M101C,-0.435787724386262
M101D,0.337682907918143
M101E,1.01123567149342
M101F,0.292731673495603
M101G,-0.831739964651404
M101I,2.329792676217
M101K,-0.309555056272062
M101L,-0.0339947764876571
M101N,8.88596956627676
M101P,-1.28959084102053
M101Q,0.0317356053969432
M101R,-0.470611579972387
M101S,0.0783638733438342
M101T,0.299128003146499
M101V,-0.739722911516937
M101W,-0.00895440166513034
M101Y,0.634305803666239
K102A,-0.442889413495041
K102C,-1.01068174762397
K102D,-0.620113407344551
K102E,-1.27169476235638
K102F,-1.32153751504728
K102G,1.61433605286263
K102H,0.248089639134548
K102I,1.02732208752383
K102L,-0.557007148660192
K102M,1.3299900141882
K102N,-2.1434050844787
K102P,-1.09327956441271
K102Q,-1.11686172318933
K102R,-0.151300824772048
K102S,-0.245739403270742
K102T,-0.302846285333824
K102V,2.42735260461928
K102W,-0.542667334515479
K102Y,-0.732933994099091
D103A,-0.0416908208952822
D103C,-0.322052005954454
D103E,0.231875632157652
D103F,-0.682500791994715
D103G,-0.446292211268265
D103H,-0.569841424283596
D103I,0.562495527772272
D103K,-0.230633783532237
D103L,0.795443196287099
D103M,-0.014086836751164
D103N,0.404723802769605
D103P,1.40705584524095
D103Q,-1.96737689848136
D103R,0.66779224372258
D103S,0.0764468926029654
D103T,-0.289813264229085
D103V,-0.417124428372281
D103W,-1.29819452947677
D103Y,-0.00887701599383247
L104A,-0.805195137233824
L104C,-0.89255100454481
L104D,0.0323747187262202
L104E,-1.37165317814282
L104F,10.0296183126204
L104G,-0.436019955087272
L104H,-0.549844473736243
L104I,-0.225893356648943
L104K,6.59113647386932
L104M,-1.1320319301125
L104N,1.18011142910336
L104P,1.36454197232125
L104Q,1.82494412945485
L104R,2.2757245735976
L104S,-1.59417670275795
L104T,1.39835784378227
L104V,-1.10763993268738
L104W,-1.43437897007775
L104Y,-0.744663219954523
S105A,-0.698225471830772
S105C,0.261438334532852
S105D,0.943780049876789
S105E,-1.83820977261946
S105F,-1.08108005326384
S105G,0.622966070677251
S105H,-0.872502797388776
S105I,-0.856197361383896
S105K,-0.0652730849307366
S105L,-0.783343599282758
S105M,-0.30316366894509
S105N,-0.224236746284838
S105Q,-0.0131450726360539
S105R,-0.88296755002983
S105T,0.399944626175726
S105V,-1.27174842107896
S105W,-0.836627814516805
S105Y,-1.80069791211244
P106A,0.100476877965797
P106C,-1.44691892429847
P106D,-1.41006857434139
P106E,0.201634900766509
P106F,0.132939849250778
P106G,5.14921320392629
P106H,-0.403260255225969
P106I,-1.19292113866891
P106K,-0.676617281871833
P106L,0.149935085714978
P106M,0.928890571412529
P106N,-0.0456192287473482
P106Q,1.21653669815786
P106R,-0.0406174113075034
P106S,-0.867926956234146
P106T,1.40455602125377
P106V,0.400615021951208
P106W,-0.0430409702959819
P106Y,-0.509906687159498
R107A,-0.831244722772351
R107C,1.89525403968786
R107D,-0.655471437380534
R107E,0.0692230973313753
R107F,3.89592470612562
R107G,0.0579070197700593
R107H,-0.443988676444227
R107I,-0.472047212122879
R107K,-0.729222091197829
R107L,-1.20127449261996
R107M,-1.15865699530219
R107N,-0.474069848338465
R107P,0.266554978106283
R107Q,-0.745623926923585
R107S,-0.227749287635964
R107T,-1.21770383363023
R107V,0.806401490218524
R107W,-0.92621597173496
R107Y,-1.83421796925967
W108A,-0.210768877780943
W108C,4.1916467974194
W108D,0.095701456739544
W108E,1.16275966568866
W108F,1.09283159441762
W108G,2.48813496227582
W108H,-0.92939103500495
W108I,0.899638122041313
W108K,3.5485716007974
W108L,0.539367731903427
W108M,0.232909732877299
W108N,-0.224681120770053
W108P,4.60575154176203
W108Q,0.435487594063677
W108R,1.37526012139971
W108S,0.336911331639483
W108T,-0.998549436293219
W108V,1.22427414600486
W108Y,-0.43524819291352
Y109A,2.43750712459182
Y109C,6.24456032973093
Y109D,0.122590812605435
Y109E,-0.257014382763167
Y109F,1.42115765707538
Y109G,-0.511254674360028
Y109H,-0.484375101755367
Y109I,-0.44402401794942
Y109K,-0.301283672703077
Y109L,0.0933188102218193
Y109M,-1.81202115422558
Y109N,-0.342469329120907
Y109P,1.67559531345028
Y109Q,-0.884548741281519
Y109R,2.39033457190811
Y109S,-0.633012597388431
Y109T,2.47193506288178
Y109V,-0.278917409479739
Y109W,-0.990205704833725
F110A,4.74989523394136
F110C,12.6981739240834
F110D,6.74316956628364
F110E,12.6981739240834
F110G,8.09055593685165
F110H,2.94390216556961
F110I,3.36423292319577
F110K,12.6981739240834
F110L,6.57973906834911
F110M,1.31225489090461
F110N,-0.585201556046934
F110P,5.27411277249766
F110Q,12.6981739240834
F110R,5.66650509138053
F110S,9.96491496406081
F110T,6.82801588325732
F110V,12.6981739240834
F110W,1.00016083338248
F110Y,-0.598383985546002
Y111A,3.04641421748404
Y111C,12.6981739240834
Y111D,1.97382199659303
Y111E,2.44465896046821
Y111F,-0.0139761592996226
Y111G,0.0311523702934185
Y111H,0.229975995611863
Y111I,8.86284898091006
Y111K,10.78464382029
Y111L,6.87655878122193
Y111M,1.7620531071059
Y111N,0.592264309478875
Y111P,12.6981739240834
Y111Q,1.25787631522
Y111R,8.15620897207762
Y111S,2.08707265279482
Y111T,7.71590223124794
Y111V,7.67936648413764
Y111W,2.67543952262941
Y112A,1.04594564885339
Y112C,-0.353028815731714
Y112D,5.15224462189902
Y112E,6.08808168711372
Y112F,2.45306985272042
Y112G,6.50125951700211
Y112H,0.0385350126970761
Y112I,7.66949705656239
Y112K,1.91643189647839
Y112L,3.12125497080904
Y112M,2.31633389763397
Y112N,0.262142571843787
Y112P,4.44052156033633
Y112Q,1.48300262071229
Y112R,3.44705406884556
Y112S,-0.211425660029068
Y112T,5.93303203656192
Y112V,7.21310890369695
Y112W,1.67323746530743
L113A,0.0152809750766881
L113C,10.5076073898338
L113D,2.11728909601858
L113E,0.268992119316445
L113F,-0.533884388754683
L113G,-0.198659534748732
L113H,-0.271623869977075
L113I,1.30931222366818
L113K,4.22757669366503
L113M,-0.319793499819611
L113N,-0.59102833380344
L113P,0.51760043796792
L113Q,-0.338455751730892
L113R,1.35675393899836
L113S,1.74232809476795
L113T,-0.0185242540811712
L113V,-0.460223160978276
L113W,4.11433264532043
L113Y,0.678839570965966
G114A,0.618183665218031
G114C,12.6981739240834
G114D,0.282537104569959
G114E,0.961688648682808
G114F,1.05344450413712
G114H,-0.0134574823512835
G114I,5.59676150410149
G114K,4.15710179479545
G114L,3.01660819762433
G114M,1.64585438951938
G114N,-0.344230818337344
G114P,3.8919072764316
G114Q,0.76059243354484
G114R,3.64286069031785
G114S,0.659708288179489
G114T,1.11435587478904
G114V,5.9745463266041
G114W,4.44875893713917
G114Y,1.8462415194046
T115A,0.918172206132919
T115C,10.6157435729086
T115D,3.54440090263319
T115E,1.8268792914185
T115F,5.58339773630616
T115G,0.232172098600964
T115H,1.50612845205257
T115I,12.6981739240834
T115K,4.03776164909014
T115L,1.44650944153393
T115M,-1.09027694821585
T115N,1.661283889658
T115P,0.366310686632546
T115Q,1.55970869754751
T115R,3.37849816356255
T115S,1.07159071100083
T115V,4.64461621934778
T115W,2.37879484933885
T115Y,3.59953466456562
G116A,12.6981739240834
G116C,6.91745663112146
G116D,9.90039495024188
G116E,3.65866466858758
G116F,9.11365884808284
G116H,7.20562578534354
G116I,10.4276127114627
G116K,12.6981739240834
G116L,9.64245557572225
G116M,9.98177312697489
G116N,9.19848186182451
G116P,12.6981739240834
G116Q,5.79697355556269
G116R,12.6981739240834
G116S,12.6981739240834
G116T,12.6981739240834
G116V,12.6981739240834
G116W,6.41472004188375
G116Y,6.95946876519848
P117A,0.877619970628288
P117C,3.40237341053881
P117D,0.179092960014596
P117E,1.18501265344729
P117F,0.959401462755489
P117G,1.70293084714826
P117H,1.40198951999624
P117I,5.14829146779482
P117K,-0.287393783148358
P117L,0.0983041620756885
P117M,0.347982090249749
P117N,1.93534904551084
P117Q,7.79202077082839
P117R,0.74128139197296
P117S,0.0316808623292282
P117T,0.462942137526447
P117V,0.933314846757476
P117W,1.16380962483297
P117Y,2.39182511810825
E118A,0.264460581520086
E118C,0.312791475519396
E118D,3.71435326212865
E118F,0.121395758138302
E118G,-0.879978058769363
E118H,1.08046111716132
E118I,0.733390920276236
E118K,0.621313947199619
E118L,1.25492025425448
E118M,2.3897695166243
E118N,-0.10330937966372
E118P,5.85819918563018
E118Q,0.221315873540866
E118R,-0.0263816411274444
E118S,-0.5632537650221
E118T,1.68461934079743
E118W,-0.980181785437395
E118Y,1.19491250267465
A119C,1.90063142961617
A119D,0.874765584209593
A119E,-0.629415893568065
A119F,-0.889949782879951
A119G,0.18164935884067
A119H,0.645903903211968
A119I,-0.228590180700269
A119K,-1.10992331259883
A119L,-0.0150539282525231
A119M,-0.138557237588948
A119N,-0.0785626629896328
A119P,0.784266165021803
A119Q,-0.822174596383899
A119R,0.9279074459342
A119S,-0.466753128317805
A119T,2.518861650376
A119V,-0.149377450497553
A119W,-1.12005100380544
A119Y,0.244224725756809
G120A,-0.0618671470228042
G120C,0.872214776812949
G120D,-0.607125130616382
G120E,-0.118439409562974
G120F,-0.0497587791673807
G120H,-0.482842707978515
G120I,0.271038354746599
G120K,1.37093431560576
G120L,0.0162096249787232
G120M,0.0394531559849082
G120N,-1.08530047810468
G120P,-1.14458516451127
G120Q,-1.77175729408153
G120R,-0.731995867463141
G120S,0.63524716789632
G120T,-0.500713427807531
G120V,0.549043062415817
G120W,12.6981739240834
G120Y,-2.18550854297548
L121A,1.01701041877889
L121C,3.43682739783397
L121D,0.803995665676563
L121E,-0.11723772705462
L121F,1.14655200614551
L121G,0.824458523210133
L121H,0.202956897144266
L121I,3.17799746445915
L121K,4.53340539891684
L121M,0.140966478865374
L121N,1.22882304159316
L121P,6.7906225721883
L121Q,0.28917981989265
L121R,0.530488863533492
L121S,0.518958635381987
L121T,-1.7436719963237
L121V,-0.320064992011924
L121W,0.335388992074645
L121Y,0.0847232215695869
P122A,0.332568006789264
P122C,4.17002258008211
P122D,1.98793172399248
P122E,0.472229432395633
P122F,1.63868230715952
P122G,-1.1074845802715
P122H,0.278405205987743
P122I,1.04171741353702
P122K,1.97166939618959
P122L,1.42379093930872
P122M,-0.147304582862331
P122N,0.329877578176403
P122Q,3.71162581187954
P122R,1.54110725475187
P122S,-0.0811048455990738
P122V,-0.147858174827142
P122W,0.58694438172544
P122Y,-0.0270371740649768
Y123A,8.62286123466464
Y123C,5.93924328745188
Y123D,9.15415592784083
Y123E,8.10118737450248
Y123G,12.6981739240834
Y123H,0.544277679575735
Y123I,3.28414528653946
Y123K,11.0773848282416
Y123L,1.13207417849249
Y123M,1.58268511085861
Y123N,12.6981739240834
Y123P,10.0318041395372
Y123Q,0.360765236608384
Y123R,6.64274882299738
Y123S,6.14013024565041
Y123T,5.14161231723828
Y123V,4.01489318043903
Y123W,0.502144124995428
G124A,0.294894827272966
G124C,5.35687477702081
G124D,2.53238547337915
G124E,1.65480043164631
G124F,1.72865286152527
G124H,0.510621051081468
G124I,2.11347987672616
G124K,0.0926612869454911
G124L,4.0901597782297
G124M,0.789170520199828
G124N,0.874872212191972
G124P,0.107181539330246
G124Q,0.209810030969899
G124R,-0.486734847237922
G124S,1.6659520146337
G124T,1.03205399923412
G124V,2.03831870944016
G124W,1.89561534875871
G124Y,-0.627511093875508
A125C,1.71286891752189
A125D,0.707969324105071
A125E,1.49727155151393
A125F,-1.46875234443833
A125G,-0.883479939534677
A125H,0.046192976193483
A125I,-0.524446306204552
A125K,-0.555122365841642
A125L,-0.483415809300876
A125M,-0.0998530900525251
A125N,-0.23649694061697
A125P,0.120207954516837
A125Q,3.10147988589698
A125R,1.55313752548263
A125S,-1.20290061384673
A125T,-1.09373105260031
A125V,1.94959384788493
A125W,-0.346851451768899
A125Y,-0.817902324341314
N126A,0.777646269532293
N126C,-0.151658750672899
N126D,3.92779001349315
N126E,-0.727009777232075
N126F,0.757005644805231
N126G,-0.0927138499544788
N126H,0.0734610562390803
N126I,-0.115283536696615
N126K,-0.315387110481982
N126L,-0.786595198559379
N126M,-0.0872968420587891
N126P,-0.406943998312057
N126Q,-0.397934654127459
N126R,0.144105582532349
N126S,0.209289170863758
N126T,1.09472211402616
N126V,2.62600184261668
N126W,-0.370588674000025
N126Y,-0.608685490625887
K127A,0.0196014854210249
K127C,-0.0656285331681339
K127D,-0.286591752434015
K127E,-0.467023602399664
K127F,0.371483359525281
K127G,-0.648149361682162
K127H,-1.43875258251964
K127I,-0.0168239201457966
K127L,-0.443273496138045
K127M,1.05415474425984
K127N,-1.24580610414009
K127P,1.23436612393039
K127Q,2.17821133096642
K127R,-0.490971136563889
K127S,-0.569445310136436
K127T,-1.06112260399648
K127V,0.447782211546869
K127W,1.36588453433011
K127Y,0.707920060294173
D128A,-1.04257901309439
D128C,3.00639490567894
D128E,-1.1116211321592
D128F,2.42598591957818
D128G,0.876656129615631
D128H,-1.86360921189763
D128I,-0.785209766212649
D128K,4.59631051479501
D128L,1.69338750078158
D128M,0.235181739540473
D128N,0.27851332570491
D128P,-0.805486355189087
D128Q,0.526538250226998
D128R,-0.283374085122529
D128S,-0.462324772120189
D128T,10.2458573723377
D128V,1.92536411757669
D128W,4.51397842219217
D128Y,1.88012486241509
G129A,0.479479822326865
G129C,7.20269511978458
G129D,-0.776529439851333
G129E,-0.559140016112539
G129F,2.03475359046955
G129H,1.26094407772123
G129I,2.58298793634221
G129K,2.07126848737754
G129L,2.36921778738029
G129M,1.88577103231799
G129N,0.0962426241406092
G129P,-0.0561013954172843
G129Q,0.395982008408001
G129R,0.498855511779287
G129S,0.604919479965422
G129T,0.347608844435341
G129V,1.90033617807653
G129W,1.19366584389652
G129Y,1.19950788320794
I130A,1.22483926401681
I130C,8.65811275459001
I130D,5.93019366253081
I130E,4.33843840325789
I130F,0.529240528917768
I130G,5.98261418315008
I130H,0.49330395287524
I130K,5.66149316902858
I130L,-0.0969889046651605
I130M,2.10615566345082
I130N,0.723062330941081
I130P,6.0559619358711
I130Q,1.52268717087977
I130R,6.09406081948515
I130S,1.78642877916057
I130T,1.13954381908996
I130V,1.11914673776069
I130W,5.37406777897622
I130Y,0.166128926896195
I131A,-0.976260243778837
I131C,-1.27931561199001
I131D,0.624698931119586
I131E,-0.0496823101408737
I131F,0.780488068752893
I131G,-1.64481082592357
I131H,-1.84330403684746
I131K,-0.501914276859477
I131L,-0.404441378495908
I131M,1.33507703213634
I131N,-0.649341418752847
I131P,4.27030575505491
I131Q,1.03512170086335
I131R,0.181564332761011
I131S,-1.25871326027672
I131T,0.213673413770949
I131V,-0.576256232614245
I131W,-0.424486654766031
I131Y,-0.515909521193989
W132A,10.9729040535624
W132C,7.9441896634346
W132D,2.64988612455553
W132E,12.6981739240834
W132F,0.3447224502644
W132G,12.6981739240834
W132H,0.41325146491071
W132I,5.84385536806878
W132K,7.69031465418856
W132L,5.22474928947517
W132M,1.41695277929834
W132N,12.6981739240834
W132P,9.18237912420426
W132Q,12.6981739240834
W132R,12.6981739240834
W132S,5.78779280738716
W132T,12.6981739240834
W132V,5.28632183219508
W132Y,0.158010923288261
V133A,0.36193074589963
V133C,8.0114618026757
V133D,1.49524933551785
V133E,1.67198640973475
V133F,1.48416210750757
V133G,1.68098209165879
V133H,0.22563217499909
V133I,-0.250530187142609
V133K,5.73222932136445
V133L,0.46789759473313
V133M,1.45145736031643
V133N,2.59973890087807
V133P,12.6981739240834
V133Q,0.938816856610431
V133R,1.78176145240093
V133S,-0.504540608747759
V133T,0.414563512973123
V133W,9.88551532231743
V133Y,1.56213465159455
A134C,12.6981739240834
A134D,5.70580955784165
A134E,6.89779377336342
A134F,7.38842982918241
A134G,0.00482374089675878
A134H,10.9417647766137
A134I,12.6981739240834
A134K,12.6981739240834
A134L,10.3389813311738
A134M,5.89986116315763
A134N,4.37459268145694
A134P,12.6981739240834
A134Q,6.05713154820255
A134R,1.0802534646826
A134S,-0.326394184756709
A134T,0.648580322291631
A134V,0.894388742341339
A134W,8.29485996133528
A134Y,4.78357467790971
T135A,-2.12036877827544
T135C,-0.54845637891056
T135D,0.000925750873415843
T135E,-1.02958200533201
T135F,0.67354423875876
T135G,-0.807147439529918
T135H,1.68063370473754
T135I,-0.0711658220797802
T135K,-1.21266739971615
T135L,-0.608956016097037
T135M,-0.226929106603973
T135N,1.46183136860105
T135P,11.6351613060534
T135Q,-0.946996582064012
T135R,0.0786772976363039
T135S,0.124717566156444
T135V,-0.270186011642358
T135W,-0.110834806264653
T135Y,-0.241012535668734
E136A,1.63722374770435
E136C,5.15208676003479
E136D,-1.4683366981769
E136F,0.152747406699819
E136G,1.09152727213947
E136H,2.58595348506515
E136I,1.12945878528836
E136K,0.767447557141341
E136L,-0.419664003675837
E136M,-0.0696964172351964
E136N,0.0077291580310584
E136P,0.826805681103886
E136Q,0.766571780080184
E136R,0.904077248779033
E136S,6.49956939496074
E136T,0.498398368530103
E136V,0.134264924482529
E136W,2.11610530852242
E136Y,2.82930067331398
G137A,-1.26054991631368
G137C,2.35351562334822
G137D,-0.146497991377389
G137E,0.00721143103511842
G137F,0.493140474081574
G137H,-0.166205869792952
G137I,0.716870384441265
G137K,-0.255652405515014
G137L,-0.244859752830024
G137M,-0.801695663817435
G137N,-3.62399295658786
G137P,3.05956259279462
G137Q,0.163751927728406
G137R,1.243350595998
G137S,-1.2630599195101
G137T,-0.173669785735743
G137V,-0.604144604533057
G137W,1.18518742436827
G137Y,-0.765374576355825
A138C,9.3246604392871
A138D,3.95136194032785
A138E,8.86223085812308
A138F,8.0010020528217
A138G,0.0290186600237877
A138H,12.6981739240834
A138I,4.30434751803089
A138K,9.78901663947057
A138L,12.6981739240834
A138M,1.11732275960996
A138N,3.74965465501908
A138P,3.84301655924739
A138Q,2.38803779170264
A138R,6.54295604297751
A138S,-0.109348561752479
A138T,0.423575363118081
A138V,1.22422496795197
A138W,3.72811688673856
A138Y,4.76950338778841
L139A,-0.392860236243377
L139C,3.67323656225992
L139D,1.13277226732131
L139E,-0.443835683905885
L139F,-0.364758994710994
L139G,-0.416499981803115
L139H,0.298138898340022
L139I,0.774382849997984
L139K,-0.481096170434671
L139M,-0.021357416161496
L139N,-0.546899981151503
L139P,1.10408142443924
L139Q,2.70974735680153
L139R,0.120896825429894
L139S,-1.14576606588813
L139T,0.137462771703968
L139V,-0.588746864906272
L139W,4.63572983315047
L139Y,1.69308509788819
N140A,0.274430095495744
N140C,6.43644724185569
N140D,12.6981739240834
N140E,8.11756602874059
N140F,12.6981739240834
N140G,2.13297730605512
N140H,0.404549931824809
N140I,5.0024915685791
N140K,6.66773391498139
N140L,1.50749266850649
N140M,1.75723663567557
N140P,3.5923174811653
N140Q,0.551195024243485
N140R,12.6981739240834
N140S,0.524849584393831
N140T,4.11863099316563
N140V,8.94482465398126
N140W,2.56879063441888
N140Y,1.47501022545645
T141A,0.175502564838693
T141C,3.6716145284029
T141D,0.384982950575896
T141E,0.104949316867866
T141F,0.0134792385662345
T141G,0.719530016436265
T141H,3.47552702927801
T141I,1.67244526894609
T141K,2.48491049788527
T141L,-1.12400223966816
T141M,0.0301869251827631
T141N,0.290623657593017
T141P,2.77408247568787
T141Q,2.97762825406757
T141R,5.63925402539766
T141S,0.479754349289551
T141V,-0.210133131376095
T141W,0.282151881999009
T141Y,2.79053609618802
P142A,-0.0276989496589564
P142C,5.05551590604678
P142D,-0.369747258057643
P142E,-0.757056120489425
P142F,-0.282935137854561
P142G,-0.210238947400464
P142H,-0.246406383210637
P142I,-0.133442284272574
P142K,0.956862965267996
P142L,0.288199388636201
P142M,1.02263055465529
P142N,0.610436261885541
P142Q,-0.166964643087345
P142R,2.05712983377478
P142S,7.96139336590129
P142T,12.6981739240834
P142V,-1.11928267852063
P142W,1.63919864229481
P142Y,2.32487450009953
K143A,2.54711353839822
K143C,3.85578561340174
K143D,3.71853979427786
K143E,2.27260528876213
K143F,5.09125270254354
K143G,1.07071342740166
K143H,3.38103690833398
K143I,0.100264862014183
K143L,1.52145609110252
K143M,-0.0583915615909291
K143N,0.574441699275225
K143P,0.873632456953541
K143Q,0.864334022266192
K143R,2.7245237990901
K143S,2.66339624755892
K143T,0.951534044570275
K143V,-0.0302870770870489
K143W,3.14487335653751
K143Y,3.63197798435834
D144A,1.54274694662917
D144C,4.38511613052501
D144E,-1.3456926979011
D144F,1.54051395768733
D144G,4.24323664783071
D144H,-0.331298609965008
D144I,0.0266045367511468
D144K,2.2322965992963
D144L,0.122221001008638
D144M,0.716442924170148
D144N,1.67422782581935
D144P,0.501293815648131
D144Q,-0.256832444158918
D144R,3.0760303649601
D144S,1.65656433181918
D144T,0.188923997652108
D144V,-0.426790942213393
D144W,-0.373639241167784
D144Y,-0.495704997653527
H145A,-0.795524002063044
H145C,0.729586529950669
H145D,-1.05388818954988
H145E,-0.680698057865797
H145F,4.98315857101548
H145G,0.15812804530064
H145I,0.977603485894359
H145K,1.77760710647065
H145L,0.745783680133893
H145M,0.735421298497594
H145N,-0.358352767163508
H145P,-1.34069357190191
H145Q,-0.689858086359616
H145R,-0.391989595885373
H145S,-0.589342748522729
H145T,-0.367415178477617
H145V,-0.502592306477139
H145W,0.366686619299131
H145Y,-0.119934067967074
I146A,-1.49714399935088
I146C,1.14706511310251
I146D,5.60711896686431
I146E,7.4957346874233
I146F,2.3011418842025
I146G,2.69944184945854
I146H,1.58682182392617
I146K,-1.46451687019028
I146L,-1.90931485759532
I146M,-0.597926084732619
I146N,3.56232976611415
I146P,-0.130837249549103
I146Q,0.0162538663667617
I146R,0.132000710468876
I146S,0.42333461511037
I146T,1.70675678733151
I146V,0.282288686115239
I146W,0.292674838863714
I146Y,0.15689648837236
G147A,-0.321834974160784
G147C,-0.840605521102648
G147D,-1.34436144533882
G147E,1.09537567585313
G147F,0.339984508388928
G147H,0.0761104790082821
G147I,-0.3688266436173
G147K,1.19078240662128
G147L,-0.254832264937862
G147M,-0.26758495110343
G147N,-0.766457053300803
G147P,0.243474206136389
G147Q,0.358960169328297
G147R,-0.500343658016773
G147S,-0.901575627423396
G147T,0.134347340535992
G147V,0.00883654755134965
G147W,3.44877560462812
G147Y,0.95876774598679
T148A,0.417202672851133
T148C,0.0336843077229188
T148D,0.0782687809090048
T148E,0.489534043906989
T148F,0.172838840806789
T148G,0.1631730814599
T148H,-0.300796976100263
T148I,0.628864995449205
T148K,0.27074180747164
T148L,-0.411052568911873
T148M,2.35875237634098
T148N,0.95807070730664
T148P,0.658462035033032
T148Q,0.201863447828815
T148R,-0.461321238325101
T148S,0.270222049381331
T148V,0.0694111709257872
T148W,0.205543070379002
T148Y,-0.433352236225509
R149A,0.983263734299742
R149C,0.318279275945556
R149D,3.40127573344289
R149E,0.925855807073835
R149F,0.104333412825268
R149G,1.68781377322147
R149H,1.32952427334596
R149I,0.280236473013455
R149K,-0.220563367587894
R149L,1.12259564558839
R149M,2.24806406082956
R149N,1.30391409057253
R149P,0.193058400335918
R149Q,0.313305661497141
R149S,0.873543731561477
R149T,1.7784553159034
R149V,1.53530181506753
R149W,0.193158874532551
R149Y,-0.646684464370616
N150A,-0.0413395224761844
N150C,1.70695202574984
N150D,0.149095346401891
N150E,-1.13864113010068
N150F,-0.883920813517164
N150G,-0.0295551329753841
N150H,0.0289519544696372
N150I,-1.25004869829024
N150K,-1.56904071429142
N150L,-0.522180780186253
N150M,-1.25545661392194
N150Q,0.121356523626557
N150R,0.720437454970801
N150S,-0.149503346408368
N150T,4.2183620874879
N150V,-0.393993476911532
N150W,-0.668567038229505
N150Y,-0.594233101412802
P151A,-1.19844672475504
P151C,-0.397262493602847
P151D,0.510932595099332
P151E,5.1045059878047
P151F,0.856861162259028
P151G,-1.18461689208961
P151H,1.58683601916944
P151I,-0.949377642880755
P151K,0.512271969924626
P151L,-0.0979957008757859
P151M,0.781126722171588
P151N,1.51191216456886
P151Q,-0.596314921451838
P151R,-1.30555746030627
P151S,-0.328630433287986
P151T,-0.859713239626941
P151V,-0.642771370267737
P151W,0.212403019170182
P151Y,2.79593554338377
A152C,-0.411645356412884
A152D,-0.859766585850973
A152E,2.71577008561608
A152F,-0.242140072404995
A152G,-0.262023429988196
A152H,-0.826342276419718
A152I,0.0305740529345084
A152K,0.14787037283139
A152L,-0.975214991247801
A152M,0.82448699320318
A152N,-1.24083411374156
A152P,-0.870542543373011
A152Q,0.442039711586759
A152R,-1.54326453042425
A152S,-0.752698615062288
A152T,-0.0267017888891663
A152V,0.115953842743377
A152W,0.295477912746848
A152Y,-0.23451443326146
N153A,-0.0523216060527234
N153C,-0.728757111108839
N153D,-1.04635637533657
N153E,-1.05505379096039
N153F,0.637488867868324
N153G,-0.980606474957851
N153H,2.41073492047386
N153I,1.41262701519902
N153K,-0.345757364826253
N153L,1.29521764926337
N153M,-0.128421871961713
N153Q,0.78201175867134
N153R,-1.5775865547439
N153S,-0.716925810778215
N153T,0.579193150068813
N153V,0.219924994218072
N153W,0.15778947475481
N153Y,0.798987513616008
N154A,-0.413407121631556
N154C,0.782850344868396
N154D,0.186794717621438
N154E,-0.853190264634141
N154F,0.791529699059707
N154G,2.09578952828884
N154H,0.554805136965277
N154I,1.10337508609138
N154K,0.270916979769105
N154L,-0.964884947363867
N154M,1.8935267765694
N154P,-0.996159053422305
N154Q,-1.18527359184431
N154R,3.552050603179
N154S,0.0341928166755086
N154T,-0.33552722132222
N154V,0.633637239288681
N154W,1.24771400332323
N154Y,-0.597704642204004
A155C,-0.496197583414853
A155D,-0.45530201713765
A155E,-0.734546071670071
A155F,0.144738625878358
A155G,0.0517487071289666
A155H,8.58871266040744
A155I,-0.245689565361339
A155K,0.754255679048855
A155L,0.728315960927155
A155M,-0.731941115601107
A155N,-0.537189467908356
A155P,0.037896594918434
A155Q,0.124986500037583
A155R,-0.355719368941647
A155S,-0.702580944891324
A155T,3.71412292985123
A155V,-0.452476811188707
A155W,1.1227205171352
A155Y,-0.923844413596231
A156C,1.36732034771173
A156D,-0.0928637091035965
A156E,-0.195868653068639
A156F,-0.414507381444908
A156G,0.639036968308597
A156H,-0.402040286992004
A156I,-1.00475737426698
A156K,0.360919407852238
A156L,0.272213726299675
A156M,-0.434002626771598
A156N,0.790628503007868
A156P,1.74757612231577
A156Q,1.0399032929416
A156R,-1.43553760669097
A156S,-0.750569392960497
A156T,1.7055535409189
A156V,-0.58741076430732
A156W,5.81522971076727
A156Y,1.43437209686381
I157A,-0.0820841047869169
I157C,-0.0274484984055402
I157D,0.371193200378969
I157E,0.633619788908601
I157F,0.888380557498407
I157G,2.09816013069929
I157H,0.0601504571543139
I157K,1.08944975192217
I157L,-0.276955046746507
I157M,0.73580448445921
I157N,0.990538387769554
I157P,-1.27931561199001
I157Q,-0.0550961955598031
I157R,-0.293070244877022
I157S,0.458417517318786
I157T,-0.193999892037206
I157V,0.991680970481335
I157W,-0.00925222121684681
I157Y,0.878655848299612
V158A,-0.204901758892533
V158C,-0.440569359925274
V158D,-1.71091056257604
V158E,-0.963704119688089
V158F,-0.113636075127167
V158G,-0.325605843121123
V158H,-1.48699502754362
V158I,-0.797894412046048
V158K,-0.576231084424376
V158L,-0.0567736880987823
V158M,0.160524466233799
V158N,0.227828297390798
V158P,-0.997937701297876
V158Q,-0.248204441556832
V158R,0.697381281676537
V158S,-1.35767939779924
V158T,-0.194685757096908
V158W,0.639979138156452
V158Y,-0.614994196855984
L159A,-0.63291532753307
L159C,4.54721476721251
L159D,2.76136074712363
L159E,1.59962435492718
L159F,-0.753554214390259
L159G,1.39825875141114
L159H,1.98445395127686
L159I,0.803533906102586
L159K,3.32046264557042
L159M,-1.06448647471099
L159N,1.16190980151128
L159P,-1.04740283056675
L159Q,0.692419111111828
L159R,1.47768557130577
L159S,1.9918852799382
L159T,-0.20131847059775
L159V,4.49238407910869
L159W,0.0573450092260752
L159Y,-1.48862101208949
Q160A,-0.270123517975468
Q160C,0.404355377429414
Q160D,-1.11417118148334
Q160E,0.261923880171342
Q160F,0.348393954566297
Q160G,0.770266772181544
Q160H,-1.16025880079482
Q160I,-0.577205488480007
Q160K,-0.0660667031573844
Q160L,-0.012407142826761
Q160M,3.14950874035814
Q160N,1.12855800674895
Q160P,0.906157995807021
Q160R,-0.819016648992721
Q160S,-0.411373171219191
Q160T,0.12508472451466
Q160V,-0.79110104630396
Q160W,0.107287875497443
Q160Y,-0.574732905310935
L161A,0.364198462455969
L161C,12.6981739240834
L161D,-0.370312489483625
L161E,2.1593413806365
L161F,1.13274966489466
L161G,-0.0627534351455289
L161H,-0.122941704951637
L161I,0.887663861763642
L161K,0.748400587289172
L161M,0.324338444196052
L161N,1.00009242872002
L161P,-0.00961452531580503
L161Q,0.282014797391548
L161R,0.487562390960613
L161S,0.487527293906058
L161T,0.0912284076329937
L161V,0.20883043431942
L161W,0.88410098689404
L161Y,0.0049650084351032
P162A,-0.673771941289723
P162C,1.79445363471712
P162D,-1.0777667849672
P162E,-0.292076273654839
P162F,0.357376844958163
P162G,0.656140423587099
P162H,-0.0369938078859018
P162I,3.39104119066918
P162K,1.0806539619132
P162L,-1.50155320584313
P162M,-1.18295575361814
P162N,-0.345171575077673
P162Q,-0.777987382463376
P162R,0.554499332372758
P162S,-0.70655424467495
P162T,0.469519505856732
P162V,7.20566419618002
P162W,0.133611862827812
P162Y,0.0657343939528205
Q163A,0.405184199545982
Q163C,5.36979993631366
Q163D,0.549212856285819
Q163E,0.683221775389953
Q163F,0.0216140904801032
Q163G,0.333000465114467
Q163H,0.916831228158538
Q163I,0.393813693949959
Q163K,-1.13587330962225
Q163L,-1.03045951750416
Q163M,0.381547182665986
Q163N,0.240709241600753
Q163P,-0.675245923941501
Q163R,4.23623163104853
Q163S,0.92621298097544
Q163T,0.205328743854905
Q163V,-1.43637623679978
Q163W,0.352615977113403
Q163Y,0.986848351941218
G164A,-0.600109988023604
G164C,0.38166248398586
G164D,1.26413669622434
G164E,-0.313399509728765
G164F,0.246651050966988
G164H,-0.308913202756865
G164I,3.41227521190441
G164K,-0.386041231970721
G164L,0.0739467406036471
G164M,-0.859176470128503
G164N,-1.1729870660887
G164P,-0.442581051810701
G164Q,0.361433154846557
G164R,3.85756415162325
G164S,-1.01447502350111
G164T,-0.280833241598681
G164V,0.0373204750291587
G164W,-0.0624781884807539
G164Y,1.54310749377667
T165A,-0.142054085672971
T165C,-0.00566816285638019
T165D,-0.631559890572371
T165E,-0.386936652220965
T165F,0.267659038676252
T165G,-0.657014548712377
T165H,0.273087865224696
T165I,-0.626532967716304
T165K,0.235454834520797
T165L,-0.0234949852986915
T165M,0.0559687076452867
T165N,4.21866775123412
T165P,0.44984273508418
T165Q,1.48918800337667
T165R,-0.738408495268346
T165S,-1.4683366981769
T165V,-0.337848970931172
T165W,-0.190342196976604
T165Y,-1.11661570085264
T166C,4.49623031130214
T166D,-1.59794374851905
T166E,5.82846195762484
T166F,0.0689629461688697
T166G,0.0322247980449649
T166H,-0.774017162590708
T166I,-0.377539067298779
T166K,0.558849526270975
T166L,-0.538697722966688
T166M,1.00902669795649
T166N,-0.315047602848317
T166P,-0.398777325879548
T166Q,0.426382625777397
T166R,1.70695202574984
T166S,-1.19462392934807
T166V,0.0774474540311581
T166W,0.303804407166757
T166Y,-0.246777414612687
L167A,-0.260985656924123
L167C,-0.0931109353404975
L167D,0.658351349510644
L167E,-0.638991146255313
L167F,-0.367469573621932
L167G,0.772794881608748
L167H,1.38815241835597
L167I,0.139372238881371
L167K,0.361651397699662
L167M,0.322067282834641
L167N,2.10992099970335
L167P,0.298953015790201
L167Q,-0.429067531262289
L167R,0.175167553385524
L167S,0.888372744777711
L167T,-0.124152320592773
L167V,1.30029016202986
L167W,0.388681195827294
L167Y,-0.334993884051218
P168A,2.6369149957395
P168C,1.12814913990079
P168D,-0.878395777354195
P168E,1.00210672709137
P168F,2.25550175763037
P168G,1.2276155441931
P168H,-0.345123865789801
P168I,2.48884925430183
P168K,0.664669305389819
P168L,0.768916336047738
P168M,0.646322190514327
P168N,-0.748480142064644
P168Q,0.927553170045227
P168R,0.0858128919918685
P168S,-0.0968064153953108
P168T,-0.656072409205361
P168V,0.538997245804264
P168W,2.26973964386956
P168Y,0.771531425176295
K169A,-0.278015272559855
K169C,-1.20722977001858
K169D,-0.501405188945919
K169E,0.763556283057607
K169F,0.181100932089486
K169G,-1.01989684424067
K169H,5.02035719960669
K169I,-0.170487143099623
K169L,-0.721238568764072
K169M,-0.661600304861468
K169N,3.48696462784502
K169P,1.71543618024813
K169Q,0.59209897775137
K169R,0.407542780598593
K169S,-0.664625061742684
K169T,-0.770577596501667
K169V,-0.221965072718206
K169W,0.61474849120996
K169Y,-1.0642662239351
G170A,-1.47985149056639
G170C,-0.138345067549814
G170D,5.33019825707927
G170E,-0.00580656388765951
G170F,1.21932908999841
G170H,-0.865768285186807
G170I,-0.119761880063623
G170K,2.72791975155272
G170L,0.892168375221944
G170M,-0.279956813271197
G170N,-0.380715848263159
G170P,-0.417222016859057
G170Q,-0.0644948146740867
G170R,1.31332376130212
G170S,0.229712462451276
G170T,-1.13128301044258
G170V,-0.505915914620233
G170W,1.2834626585025
G170Y,0.864757928200123
F171A,-1.0823292319946
F171C,0.00326723832607468
F171D,0.915988029447123
F171E,-0.717888894876909
F171G,-1.32057377673418
F171H,-0.345793210066213
F171I,-0.388625772292424
F171K,-0.0471690178815633
F171L,-0.748386747554529
F171M,0.0326707753678129
F171N,-0.793117036867203
F171P,0.0783957556728518
F171Q,-0.177566429741839
F171R,0.0657343939528205
F171S,-0.253571200716019
F171T,-0.212442152244913
F171V,-0.180797044382946
F171W,0.635931347980147
F171Y,-0.820135223349511
Y172A,-1.29992014543964
Y172C,0.246796515698217
Y172D,-0.949903902048409
Y172E,-0.553252233198798
Y172F,-0.293664389550067
Y172G,-0.481954748254878
Y172H,0.0342143647747913
Y172I,0.0580342670834932
Y172K,12.6981739240834
Y172L,0.472626610510791
Y172M,0.897401679625869
Y172N,-2.16428718224469
Y172P,-1.84298637909863
Y172Q,-0.969089041880834
Y172R,-1.32996276738619
Y172S,4.49548591062112
Y172T,-2.60541177571671
Y172V,0.388274742566217
Y172W,-0.649130308057228
A173C,-1.31904000833728
A173D,0.657649740124762
A173E,-0.911292276543835
A173F,-0.537177167101677
A173G,-0.0394436251561058
A173H,-0.897629142474024
A173I,3.96566175267639
A173K,0.59330470940508
A173L,-0.257107792429843
A173M,0.1365763551234
A173N,-0.208446734973023
A173P,0.450357349296738
A173Q,0.627278202814335
A173R,0.00586879897861924
A173S,-0.578060278832135
A173T,-0.303483590649863
A173V,-0.264250522234245
A173W,-0.426036793635868
A173Y,1.11400503246113
E174A,-1.86328752238765
E174C,0.644306167439838
E174D,1.1860674636874
E174F,2.22239401041589
E174G,-0.731058950684162
E174H,2.23688407439034
E174I,-2.19503262239606
E174K,-0.945076225978098
E174L,-1.31617452627381
E174M,-0.747601567667359
E174N,0.604548541201893
E174P,-1.20698079809546
E174Q,-0.373105139442675
E174R,-0.401710586012354
E174S,-0.855516833343283
E174T,-0.270907867620646
E174V,-0.891840813689233
E174W,-0.555855626112753
E174Y,1.33902736974188
G175A,0.87202514955834
G175C,1.23083536144027
G175D,-0.764916497303672
G175E,0.587128952052025
G175F,-0.0303387904441928
G175H,7.91173015692379
G175I,-1.70602963985526
G175K,3.86720030458227
G175L,-0.326444373727011
G175M,9.53734456482491
G175N,2.97571566514993
G175Q,-0.594720616171823
G175R,4.22807991958507
G175S,0.192730635599989
G175T,2.4833547474106
G175V,-0.940536096316353
G175W,-0.909830481572834
G175Y,-0.820096251668528
S176A,-1.0540239794152
S176C,-1.47068381478237
S176D,-0.310291206045725
S176E,-1.56192896148549
S176F,-0.454765301788351
S176G,0.011894799802406
S176H,-1.85926193441356
S176I,-0.246054292929259
S176K,-0.025471381843858
S176L,-1.60353508794647
S176M,-0.996112094639587
S176N,-0.933500977041219
S176Q,0.456457136232134
S176R,-1.59891616837052
S176T,0.518445680672377
S176V,0.11822790672768
S176W,-0.100250097465164
S176Y,0.322896320445341
R177A,0.258697603357602
R177C,-0.329201472068509
R177D,1.96564892642808
R177E,3.09262158832606
R177F,-1.22731949720349
R177G,0.280566805639458
R177H,1.32198239570236
R177I,0.200476346466275
R177K,0.801089817435688
R177L,0.277370799514381
R177M,-0.49211854410066
R177N,6.96992790883235
R177P,0.261477070495451
R177Q,0.0599191145875838
R177S,-1.13892307995002
R177T,-0.977542273376279
R177V,1.10434420879982
R177W,1.37861129202879
R177Y,-1.34515859240969
G178A,-1.49321518457671
G178C,-0.680081531316438
G178D,3.67655715106869
G178E,0.583199027565461
G178F,-0.0709437447338177
G178H,-0.969243961684324
G178I,0.124997529841097
G178K,-0.651300250481238
G178L,-0.235053710341871
G178M,1.33855050306994
G178N,0.853968735894119
G178P,1.62706355595208
G178Q,-0.894264667691926
G178R,-0.385637238253866
G178S,0.664428678599437
G178T,3.30073055738013
G178V,0.974922007628055
G178W,-1.35872189482874
G178Y,0.303936773722565
G179A,-0.0349035784880628
G179C,-0.951663561006134
G179D,0.936441210929525
G179E,1.28086531310272
G179F,1.18638559940173
G179H,-0.364360948958161
G179I,0.335298159710803
G179K,6.39528118598432
G179L,0.169385838152851
G179M,1.28497612662188
G179N,-0.943460769586525
G179P,-0.232579855014019
G179Q,-0.700552368129073
G179R,-0.538100838936433
G179S,-1.48935240092413
G179T,1.19346910167379
G179V,-0.56417886867777
G179W,-1.78216506589305
G179Y,1.83387183591087
S180A,3.72419343365296
S180C,0.366218762376719
S180D,11.01970951608
S180E,-0.0645456937179466
S180F,5.35918268420535
S180G,4.7273713699271
S180H,4.10511886588961
S180I,0.760471972998118
S180K,0.886283694018638
S180L,5.90603881091435
S180M,0.913896001115108
S180N,-0.914602548684853
S180P,3.52854453770715
S180Q,0.13143538022449
S180R,0.898990290590514
S180T,-0.765894611729428
S180V,-1.77634046377885
S180W,3.43171024638167
S180Y,1.24305710777348
Q181C,0.726042692843071
Q181D,0.426736562312544
Q181E,1.70541416979197
Q181F,0.550300332446165
Q181G,2.28227534961561
Q181H,0.305389149187983
Q181I,0.67299119791617
Q181K,-1.73045406078705
Q181L,-0.991941552636269
Q181M,0.395779890006249
Q181N,0.204319210872116
Q181P,-0.0714626748714975
Q181R,-1.21577879858357
Q181S,0.613000219287937
Q181V,2.57405671861697
Q181W,2.18433459999493
Q181Y,0.163349938952053
A182C,0.941227574863056
A182D,-0.0106798572448925
A182E,-1.24905142266863
A182F,1.07039945106585
A182G,0.0202947059931106
A182H,-1.12865787848839
A182I,-0.784066964680964
A182K,0.131311242970758
A182L,0.127859769921179
A182M,-0.637656750024482
A182N,-1.61758120679959
A182P,-0.287721060630215
A182Q,-0.272132074399004
A182R,-1.98950832183635
A182S,-1.86360921189763
A182T,3.59285874157709
A182V,-0.422706079857294
A182W,1.15895895974012
A182Y,1.99780746998724
S183A,-0.570552396646151
S183C,-0.907438984531422
S183D,-0.565654411511087
S183E,0.629082705821715
S183F,-0.263257850885947
S183G,-0.493169701042548
S183H,0.251284671589188
S183I,-2.8508713895807
S183K,-0.375549685346723
S183L,-0.310278373738405
S183M,-1.50702462058418
S183N,-1.12002787161233
S183P,0.100871367793496
S183Q,-0.137256483582878
S183T,0.229823204412144
S183V,-1.69959457941638
S183W,-1.45992827132338
S183Y,0.721463465333873
S184C,0.442357900822268
S184D,0.267537815650813
S184E,-0.134721771140105
S184F,0.929831610377924
S184G,1.07822377200738
S184H,2.17236557772076
S184I,0.283644264816623
S184K,-0.414111770259333
S184L,-0.520278807495858
S184M,1.40012386785206
S184N,4.10370854296505
S184P,0.636794643538443
S184R,1.28035678339546
S184T,-0.831815975525684
S184V,0.639741244903372
S184W,-0.906810328707974
R185A,3.4112238458633
R185C,0.690884053677563
R185D,-0.390425151866522
R185E,-0.474368179489258
R185G,4.14280924375304
R185H,8.66727727552833
R185I,-0.22788873298919
R185K,0.146125076449473
R185L,-0.553113499279217
R185M,0.441445289429694
R185N,-1.75380071282715
R185P,-2.14693474742375
R185Q,-0.834228002080906
R185S,-2.34686704106408
R185T,-1.01425480109742
R185V,1.40280364023713
R185W,1.46965940315554
S186A,1.18860031347287
S186C,0.901107427240797
S186D,0.00802444068304169
S186E,-0.998458052815548
S186F,0.589034442455923
S186G,0.75198909625591
S186H,-0.0792648531141898
S186I,1.01207089457611
S186K,-0.0205529233809121
S186L,-1.06985327376691
S186M,-1.4357707450681
S186N,-0.83051137656999
S186P,0.0312390424181258
S186Q,1.5529770004839
S186R,2.60960783873806
S186T,3.62967170030131
S186V,0.537803749934829
S186W,1.3279032881241
S186Y,2.21820258684715
S187A,0.045210649682955
S187C,3.46171409317699
S187D,-1.28596122805296
S187E,-0.727662908161695
S187F,1.14705800952888
S187G,-0.40233463803447
S187H,-1.24437019823673
S187I,-0.565126068261978
S187K,4.1165239250382
S187L,-0.256660667545346
S187M,0.0944441308820186
S187N,0.752881920298535
S187P,-1.65526705244581
S187Q,3.77462042434432
S187R,-0.606985110147723
S187T,-2.47091476150546
S187V,-1.4199948756019
S187W,0.72996507067675
S187Y,-0.538546778600562
S188A,-1.14327290906838
S188C,-0.330256594313859
S188D,0.370669202451584
S188E,0.712838271089372
S188F,-0.545022534180808
S188G,-0.0732654356770063
S188H,0.00627270268375753
S188I,-0.65653964981807
S188K,2.31560617409888
S188L,-0.038709043074705
S188M,1.39650310249271
S188N,-0.821612095126529
S188P,-0.668279082464312
S188Q,-0.338577418068559
S188R,0.261675112042905
S188T,-1.13430996252726
S188V,-1.32875723360131
S188W,2.56095235145801
S188Y,-0.759102807586359
R189A,-0.940825186023069
R189C,2.81600122991126
R189D,-0.408333026307321
R189E,0.303400862897213
R189F,0.247801707450333
R189G,-0.718328249888311
R189H,-0.113528747190425
R189I,-1.51254758972774
R189K,-0.675928366374324
R189L,3.45068470315585
R189M,-0.876862302844977
R189N,0.0997845702049515
R189P,0.264850375128598
R189Q,0.290829613599333
R189S,-0.190945478232714
R189T,-0.803772871897966
R189V,-0.656743714950844
R189W,-0.94643588889682
R189Y,-0.213736450421208
S190A,-0.390051551838769
S190C,-0.0398674157750865
S190D,1.15933443207744
S190E,0.578203541467492
S190F,-1.53490147298971
S190G,-0.654857251462433
S190H,0.257111343476186
S190I,-0.229751269848829
S190K,1.05838338162795
S190L,-0.113566865156237
S190M,-1.47553567801699
S190N,-1.18361367659106
S190P,-0.0714626748714975
S190Q,0.414089739025974
S190R,4.05942686849231
S190T,-0.875635668650424
S190V,1.50627425994207
S190W,0.584463636441396
S190Y,-0.0752288956004703
R191A,0.696450679491211
R191C,0.619013193795747
R191D,-0.889867912000955
R191E,6.21380657840818
R191F,-1.2476115009255
R191G,-0.733709123144751
R191H,0.776963294772778
R191I,1.43511241553467
R191K,-1.02272272561847
R191L,1.5640231194995
R191M,3.1452901429351
R191N,-0.656608167732197
R191P,0.285826408996753
R191Q,4.25168763891039
R191S,3.79801047547353
R191T,0.25608388008214
R191V,1.31085966722687
R191W,-0.993116413734536
R191Y,-0.385280870786174
N192A,-0.198119368385662
N192C,0.959874339959013
N192D,-1.24191044272455
N192E,-0.517416413660458
N192F,-0.7109247577491
N192G,0.080908545300046
N192H,-2.31839383156673
N192I,3.6584981870689
N192K,2.07005164071311
N192L,0.26032038694259
N192M,2.60580726687711
N192P,0.113741640111964
N192Q,1.56828386868202
N192R,0.713894791127585
N192S,-0.911075345334105
N192T,3.47947692627013
N192V,-0.749302676976011
N192W,1.0425898918174
N192Y,0.689366761923661
S193A,0.00698132047778501
S193C,-0.642859719426184
S193D,-0.522386588434394
S193E,-0.00407475794166513
S193F,-1.19066228243303
S193G,2.48780472529993
S193H,0.738324861483465
S193I,-0.850716339667564
S193K,-0.668078258149066
S193L,-0.65753599766777
S193M,-0.134721771140105
S193N,0.629034704759952
S193P,2.96714540270186
S193Q,0.107605874497185
S193R,-0.990360984041403
S193T,0.368208486069125
S193V,-0.0826415526270384
S193W,-0.537513204635483
S193Y,1.13743956636422
S194A,1.04680038538706
S194C,0.212945803520791
S194D,-0.220608153111223
S194E,-1.36915253906976
S194F,1.01024707060374
S194H,1.42822096233323
S194I,0.925498577830445
S194K,-0.678314017758617
S194L,-0.226201887362396
S194M,4.62633417848909
S194N,0.22635637122527
S194P,-0.854182503266834
S194Q,2.34856686406874
S194R,10.0399404724193
S194T,-0.952824748734313
S194V,1.38992989411481
S194W,-0.0423541500590686
S194Y,-0.426633776534691
R195A,-0.0163571143495623
R195C,0.677050543566879
R195D,-0.35334507957573
R195E,0.767312257466556
R195F,0.243955729281584
R195G,-1.02477046295117
R195H,-0.351364908758344
R195I,-0.35703620919017
R195K,-0.4086523917192
R195L,2.11900825631616
R195N,0.379352317853566
R195P,-0.424526911469929
R195Q,0.0720342866376876
R195S,0.624236005668059
R195T,-0.17464876508305
R195V,-0.19467734777774
R195Y,-0.189681804111163
N196A,-0.166658329445748
N196C,-0.156024118965525
N196D,-0.828283979051076
N196E,-1.00491246846822
N196F,-0.420581682024175
N196G,0.327181063225013
N196H,0.419751485100764
N196I,0.210582417937341
N196K,-1.51747712468742
N196L,-1.59516344494742
N196M,1.74929261825033
N196P,-0.602688709446387
N196Q,0.234008140043793
N196R,-0.33770648339908
N196S,-0.791901809674774
N196T,-0.610337634405543
N196V,0.756033881520268
N196W,0.565124780064092
N196Y,1.05147173652075
S197A,-0.661338232570031
S197C,-0.777137038076374
S197D,0.627252794881432
S197E,6.14291979815605
S197F,-1.50137281802784
S197G,1.09544405452432
S197H,-0.470489139894283
S197I,-0.101042356171871
S197K,-1.39468937401056
S197L,-0.0575723124640333
S197M,0.633254878876896
S197N,0.479719868745516
S197P,-0.873976263521694
S197Q,-1.01116191577922
S197R,-0.0481176863914097
S197T,2.41572451709144
S197V,0.583199027565461
S197W,-0.546893134623147
S197Y,1.39016391340592
T198A,-0.198965141725862
T198C,-0.866652257832424
T198D,1.81817454455207
T198F,1.59794939358172
T198G,-0.541937370872999
T198H,0.131108032139492
T198K,0.0614968426466635
T198L,0.717272565925397
T198M,0.066474580926496
T198N,-1.16083572532357
T198Q,-1.16529078173916
T198R,-2.30756235341815
T198S,-0.919463328229499
T198V,-2.20689281164959
T198W,1.41001587555335
T198Y,0.240956212396526
P199A,-0.670913326926004
P199C,0.233445292790772
P199D,-1.81860022716501
P199E,0.640862417054052
P199F,0.349693422682278
P199G,0.260097235798383
P199H,-0.527392955972284
P199I,-0.229465231161705
P199K,1.80034584904786
P199M,1.17178144844872
P199N,-0.173521522692535
P199Q,2.33032605904002
P199R,0.0851382043040071
P199S,-1.40356618384837
P199T,-0.432963564378771
P199V,-0.814042971643372
P199W,-1.59363150419045
P199Y,6.80823638824228
G200A,0.0137707419555562
G200C,-0.412491747684916
G200D,-0.710405283437484
G200E,-0.0286090808289606
G200F,-0.470485093556792
G200H,-0.278594217226819
G200I,-0.702142975518864
G200K,1.01785558067363
G200L,-1.29436109082851
G200M,-0.18587760020971
G200N,-0.207694475797856
G200P,0.89632652477393
G200Q,-0.768156634969384
G200R,-0.301073112060013
G200S,0.263614527860562
G200T,0.571984031500403
G200V,-0.150210753578252
G200W,3.01733580881746
G200Y,-0.12989092249416
S201A,-0.198965141725863
S201C,-0.935241129330488
S201D,-0.227453094062858
S201E,0.913608374880566
S201F,2.66391267236682
S201G,0.015572848228107
S201H,-0.251557666895935
S201K,-1.46457711566861
S201L,-0.412036056996553
S201M,0.507527439775284
S201N,-1.03934377238223
S201P,-0.126299469780806
S201Q,-1.37632912550505
S201R,1.22482876953511
S201T,0.363421190504338
S201V,-1.79743477959686
S201W,-0.273506755395931
S201Y,1.71525980772015
S202A,-1.50901212068783
S202D,0.0958450674374251
S202E,3.36936101693245
S202F,2.654330253059
S202G,2.32171896977152
S202H,0.878283138562834
S202I,1.04206534946889
S202K,-1.33048884031841
S202L,2.92576184383127
S202M,-0.55340773489901
S202N,0.360296308165278
S202P,0.825171215325464
S202Q,-0.995595073177426
S202R,1.32413312237581
S202T,1.22956189777637
S202V,-1.02412432259709
S202W,1.92667714949033
S202Y,-1.05659470172067
R203C,0.73404374965304
R203D,4.06789720312737
R203E,2.10762739245033
R203F,0.335129764435131
R203G,-0.393899019165272
R203H,0.276034770036533
R203I,-1.91029431398128
R203K,1.81388622952481
R203L,-0.0859066945503606
R203M,0.501716430861508
R203N,1.34523370758232
R203P,-0.789931354946741
R203S,0.165938610751104
R203T,1.61692743099984
R203V,0.850288141801165
R203W,-0.706230419815703
R203Y,3.52440774797096
G204A,0.482791863769014
G204C,4.25031201287519
G204D,0.0774674202096512
G204E,1.51072522849297
G204F,-0.39697660629433
G204H,-0.140621601696012
G204I,-0.70661939685969
G204K,-0.557393694934898
G204L,0.438279982189504
G204M,2.75180175581346
G204N,-1.21939868425421
G204P,-1.25716053303583
G204Q,1.08694653104226
G204R,1.00793745912453
G204S,0.46292313048357
G204T,-0.595021971755941
G204V,0.524550202640944
G204W,-0.337880620352739
T205A,-0.783382121584768
T205C,-0.547716460524945
T205D,1.89331992859437
T205E,-0.385963552490557
T205F,-0.691140405402967
T205G,0.668062926409255
T205H,-0.588947683163578
T205I,-0.31573122587387
T205K,0.338983079566392
T205L,0.0176390814208987
T205N,0.689453643140995
T205P,1.01632132154626
T205Q,1.63696460455666
T205R,1.54042737657881
T205S,-0.465171300640017
T205V,-0.086316703437591
T205W,5.42285105948307
T205Y,-0.0795076554953968
S206A,-2.26624359411581
S206C,0.0741700569212645
S206D,-1.57103855456052
S206F,0.926719182916712
S206G,-1.56894683465677
S206H,-0.224604860359332
S206I,0.437666136961978
S206K,1.8238837945524
S206L,-1.98619421212577
S206M,1.58098997342943
S206N,0.943780049876789
S206P,0.101980701718853
S206Q,-0.92826191100941
S206R,-2.75976794059726
S206T,-2.03033175343447
S206V,3.39298190570549
S206W,0.0865441661633286
S206Y,0.75198909625591
P207A,0.557614791651902
P207C,-1.23378084102704
P207D,2.2295250301638
P207E,0.701570616267872
P207F,1.28024834763557
P207G,2.06798816130914
P207H,-1.12610456482025
P207I,1.59804572367149
P207K,-0.780169529141858
P207L,0.212176210504524
P207M,0.976140762557824
P207N,-2.26624359411581
P207Q,0.64457834170946
P207R,2.6669803458087
P207S,3.7908009936528
P207T,1.85765616933821
P207V,1.14293854709489
P207W,-1.23219035361228
P207Y,-0.734033829379265
A208C,0.628162865937534
A208D,0.62263084644006
A208E,0.181394927303596
A208F,-0.291822565342515
A208G,-0.339174441326896
A208I,0.802710246445018
A208K,1.29210699691521
A208L,1.96987696207302
A208M,-0.324312627516646
A208N,4.01041624328003
A208Q,-1.38701937793752
A208R,-0.962266064229545
A208S,-0.710564727992088
A208T,-0.217995613446876
A208V,-0.783947108261886
A208W,0.543632972576424
A208Y,-0.0700314986549473
R209A,0.860061260047824
R209C,4.33381204552667
R209D,-0.275853949885113
R209E,-0.1482588993801
R209F,-0.129730823624079
R209G,-0.757325236689373
R209H,3.01432225741829
R209I,-0.271561973037941
R209K,0.545670281470123
R209L,-0.672027609439282
R209M,7.18949578898577
R209N,1.1656455589669
R209P,-1.01308960598169
R209Q,0.23292885925908
R209S,-2.51517081937706
R209T,1.14665834508136
R209V,0.967999534356481
R209W,0.215121222068232
R209Y,1.05942830912069
M210A,-0.145475558869584
M210C,1.32326242528066
M210D,-0.286696627345138
M210E,6.06368953892863
M210F,1.2912281764992
M210G,7.08795586799925
M210H,-1.66478809980989
M210I,-1.1195486076516
M210K,-0.910474130722235
M210L,-0.490255153918811
M210N,-1.2629149529802
M210P,-0.593042757400937
M210R,0.722716837647184
M210S,2.10924212465746
M210T,0.13540555130244
M210V,-0.751945359907367
M210W,-0.957930476109639
M210Y,1.63213874495579
A211C,0.995757819112444
A211D,-0.439364345144261
A211E,0.241229303367205
A211F,0.491335694264747
A211G,-0.404309748986479
A211H,0.043272913426414
A211I,-0.367333108387231
A211K,-0.252359052227061
A211L,0.618298021871656
A211M,-0.239774105895002
A211N,-0.0840022960489523
A211P,-0.618412430510558
A211Q,-0.878943737812821
A211R,1.38998015462378
A211S,-0.54747201478427
A211T,2.00284804700142
A211V,-0.733962581277187
A211W,-0.329991542765929
A211Y,-0.131487198534813
G212A,-0.654152395653136
G212C,0.19742867311114
G212D,-0.805980807313187
G212E,0.318019784667731
G212F,-0.193513734916162
G212H,-0.835075127827836
G212I,-0.517688453500198
G212K,0.402638228796826
G212L,2.82813030566501
G212M,1.26780746142406
G212N,5.03128324166273
G212P,2.68408869983121
G212Q,-0.695305240930363
G212R,-0.192520768050969
G212S,-0.220608153111223
G212T,-1.1376139735592
G212V,-0.670201473073495
G212W,1.24623456861935
G212Y,0.940874625158436
N213A,-0.375026195519836
N213C,1.177402136268
N213D,0.117459594019094
N213E,-1.02718829977739
N213F,-0.0169797462596151
N213G,0.343364383394573
N213H,0.794851062683407
N213I,0.589287106955247
N213K,0.182148785900976
N213L,0.688081563098296
N213M,-0.0515288958543745
N213P,-1.33918025202192
N213Q,-0.134774691393046
N213R,1.56282714968349
N213S,-0.214176409896574
N213T,2.24908773143482
N213V,0.130020570660158
N213W,0.4902081747692
N213Y,-0.17076028741829
G214A,3.97044090035183
G214C,-0.107371560667146
G214D,-0.822884396830977
G214E,-1.65463957949966
G214F,0.9293232506335
G214H,1.29494778651826
G214I,0.119737097852219
G214K,-0.172450583882895
G214L,-0.433390986530591
G214M,0.697511955947942
G214N,-0.896569738892494
G214P,7.39073173400104
G214Q,0.103273628712027
G214R,5.72463692448523
G214S,-0.59777719916205
G214T,0.753393518344003
G214V,-0.242472510705209
G214W,-0.317579559244316
G214Y,-0.0329683956899745
G215A,-0.0646084780497951
G215C,-0.93408507732933
G215D,-0.272289543831066
G215E,0.176001301041402
G215F,0.849500713952248
G215H,-0.307879537074685
G215I,0.885520996480026
G215K,-0.819222964795806
G215L,0.405106325623309
G215M,-0.0202889968218169
G215N,-0.76338746769788
G215P,-0.378019655904408
G215Q,-2.14830045236672
G215R,0.107605874497185
G215S,-0.692065793697114
G215T,-1.35947393566759
G215V,-0.0865047716969022
G215W,1.3900713422541
G215Y,4.35542092938622
D216A,-0.212586197019427
D216C,-0.790917786579131
D216E,-0.0696362548234799
D216F,-0.0817436299275306
D216G,-0.244522490587144
D216H,0.44028360229423
D216I,-0.35446230816107
D216K,0.165169435948014
D216L,-0.740647214796665
D216M,0.673174645184514
D216N,1.00837713233857
D216P,0.255643164544756
D216Q,-0.249094480961686
D216R,-0.369149474261604
D216S,2.11939159195417
D216T,4.07489396774639
D216V,-0.536783699251837
D216W,-0.446317160477661
D216Y,0.405548353881291
A217C,0.433383468962453
A217D,-0.179783266129869
A217E,0.116849644270156
A217F,1.4526577486932
A217G,-0.00544650135003147
A217H,-0.530883749841554
A217I,-1.39883388928322
A217K,3.11617515929602
A217L,0.271011218576331
A217M,4.09848217385881
A217N,-0.991870902797029
A217Q,-0.03402636158802
A217R,0.537558413595812
A217S,6.50136311838525
A217T,-0.0196413935534862
A217V,0.154966015436708
A217W,0.369442874548079
A217Y,1.41750634348127
A218C,2.89970570485232
A218D,-0.0764547066507741
A218E,0.0482466012433117
A218F,0.320360682236351
A218G,-1.23896214536176
A218H,0.387191558102268
A218I,-0.13497103959242
A218K,-0.230873312145335
A218L,1.21124884119661
A218M,-0.740283203531063
A218N,-1.6230908949977
A218P,0.0237210660544115
A218Q,12.6981739240834
A218R,-2.12036877827544
A218S,-1.58895505987575
A218T,12.6981739240834
A218V,-0.569119425551897
A218W,1.12897742612879
A218Y,-0.25344594520817
L219A,-0.456673099984691
L219C,-0.0757764393502168
L219D,0.241818120947265
L219E,-1.20105032535499
L219F,0.0469649559908635
L219G,-0.563894557167848
L219H,-0.499800355833583
L219I,-0.291130077201007
L219K,1.48305178470511
L219M,-1.33299521474694
L219N,0.298238789565579
L219P,-2.09449091328731
L219Q,0.384930983373925
L219R,-0.135019538023276
L219S,1.05721632267487
L219T,-0.802016662821547
L219V,0.33260800365395
L219W,0.0212220156046243
L219Y,-0.791830746270562
A220C,-0.082590406543089
A220D,-1.19097966801466
A220E,-0.395371960573347
A220F,1.38117700903806
A220G,0.508716311568111
A220H,-0.540492872771842
A220I,0.377738392441904
A220K,-0.859775964653848
A220M,0.559923617176367
A220N,0.297839566663638
A220P,-1.33095467165043
A220Q,0.670511850324503
A220R,-0.396307078790843
A220S,0.371276424357271
A220T,0.163843456143743
A220V,0.372782972097158
A220W,0.593168682417021
A220Y,1.568538780016
L221A,-0.704110365778132
L221C,-1.06529019000565
L221D,-0.493583659347773
L221E,-1.04447215780411
L221F,-0.680512934968898
L221G,-0.475604165903905
L221H,1.98414331998899
L221I,0.592020248961545
L221K,-1.13128535119843
L221M,-0.499572161446365
L221N,-1.66552897193503
L221P,-1.97188722645951
L221Q,0.0767507661882687
L221R,-0.103033940684422
L221S,-0.637237751686096
L221T,-0.887617286969654
L221V,-0.459580288826787
L221W,-0.591665937949977
L221Y,-0.808663798509817
L222A,0.752124134905114
L222C,2.8137821969168
L222D,-2.10245878068005
L222E,-0.442904462868803
L222F,0.79198863071413
L222G,0.376932864332224
L222H,-0.110286290639155
L222I,-1.23596900125411
L222K,-0.845809498650234
L222M,-0.106673294879564
L222N,-1.45251761233818
L222P,-0.852721405142599
L222Q,-0.217105099600964
L222R,-0.829035179139148
L222S,-1.06562083233289
L222T,-0.572348244169429
L222V,-0.962229047356185
L222W,-0.0497666436082488
L222Y,4.42054826813868
L223A,-1.80261989285994
L223C,-1.50109825957436
L223D,-1.14950815926597
L223E,-0.892657779473996
L223F,-0.263951072659297
L223G,-0.556444097264288
L223H,-0.558487233193369
L223I,0.715889208868321
L223K,0.00192484779515241
L223M,0.377007404001525
L223N,-0.987307210582546
L223P,-0.872313107870768
L223Q,-0.112946597980294
L223R,-0.566460089853762
L223S,0.281988984501044
L223T,-1.07722614056137
L223V,0.868929766235382
L223W,1.53191762269873
L223Y,3.54826637846564
L224A,1.11321081117131
L224C,-0.350263753136573
L224D,-0.717385192879806
L224E,1.95408332693859
L224F,5.97747241702175
L224G,1.08303558713183
L224H,1.79906652176773
L224I,0.028663253167822
L224K,0.006687919758912
L224M,-0.14896240440564
L224N,-0.124585333190284
L224P,-0.988252837958058
L224Q,4.51838411074411
L224R,-0.218717280331086
L224S,-1.20389025258135
L224T,-1.27230270139336
L224V,-0.409206967263652
L224W,6.15659008588788
L224Y,-0.972056579731134
D225A,1.45691900383605
D225C,0.902029939420157
D225F,-0.221848143884298
D225G,0.172469761964805
D225H,0.0742938189116541
D225I,0.66656851374446
D225K,0.307851584525409
D225L,-2.14814305410092
D225M,0.444451362519485
D225N,0.263278521043821
D225P,-0.638086212065168
D225Q,-0.91803653811386
D225R,2.02414488723511
D225S,-0.283543356777093
D225T,-0.00889926077305711
D225V,-0.624241047099431
D225W,-0.425944736561055
D225Y,-0.455532378226752
R226A,-0.169543447735073
R226C,-0.188917478083779
R226D,-0.837224804924639
R226E,-1.14055304554794
R226F,1.8852742491605
R226G,0.583823431757834
R226H,-1.27494557109731
R226I,-0.465236665784596
R226K,-0.810079673456683
R226L,0.0312666728725407
R226M,0.21971580272344
R226N,-0.72639242784916
R226P,1.25577106263843
R226Q,-0.18452613293219
R226S,-1.01442587867976
R226T,-0.417893680463361
R226V,-0.175951120366479
R226W,0.414383935696615
R226Y,-0.571774900794188
L227A,0.57365909406545
L227C,0.0174517615654156
L227D,2.91713288282373
L227E,-1.57216249189493
L227F,0.883110573804407
L227G,-0.728606731915988
L227H,-0.730404680482598
L227I,2.24163617809252
L227K,1.57221048067763
L227M,-0.174154886781951
L227N,-0.633965485809971
L227P,-1.11828914149707
L227Q,1.11228720752293
L227R,-0.713954490125884
L227S,-0.889952329088578
L227T,3.54785997781458
L227V,0.0352523879388417
L227W,-0.118737094857265
L227Y,-1.10388997527507
N228A,-0.0662291751366663
N228C,-2.88129592936606
N228D,-0.205825357308472
N228E,0.0588201145751701
N228F,-0.197875215575739
N228G,-0.99759489603883
N228H,1.39175965062463
N228I,1.38465711622094
N228K,0.413173765556329
N228L,0.188449428034679
N228M,3.6738939701117
N228P,0.376038692029151
N228Q,-1.33755132622742
N228R,-0.759320474713244
N228S,0.745962423290959
N228T,0.0728605075896614
N228V,2.4663034573745
N228W,2.80338611126029
N228Y,-0.300692036451292
Q229A,1.18109837885989
Q229C,0.620813801600363
Q229D,-0.47400266865256
Q229E,-0.321048222277575
Q229F,0.0580586565277574
Q229G,0.101798489377958
Q229H,1.52865486714871
Q229I,0.50113731254005
Q229K,0.71081133518062
Q229L,0.469582924871767
Q229M,0.586645280363562
Q229N,-0.463793749472505
Q229P,-0.456037138254216
Q229R,-1.42741606487441
Q229S,-0.578769936084653
Q229T,0.157409477622435
Q229V,-0.661703048940691
Q229W,-0.170799811421036
Q229Y,0.108475110640672
L230A,4.26470432209015
L230C,-0.361889830908104
L230D,-0.217005067301182
L230E,-1.20588091337596
L230F,-0.0531445926406753
L230G,-0.233274568841484
L230H,-0.99317031458461
L230I,-0.60593018717102
L230K,-1.19679576376517
L230M,-0.394895564452876
L230N,0.00803349823203171
L230P,-0.650760307774291
L230Q,0.884901265484105
L230R,0.202720111487154
L230S,-1.61647729063924
L230T,-0.680049595013738
L230V,-0.82402807257784
L230W,-0.896390819862397
L230Y,-0.578850789173528
E231A,-0.360330157877662
E231C,-0.219973652999048
E231D,-0.425475674157915
E231F,0.379928103950731
E231G,-0.0760771128037282
E231H,1.43305821130004
E231I,-0.312737415642867
E231K,0.204999827865758
E231L,-0.840917921863479
E231M,-0.336380506756389
E231N,1.22767107448137
E231P,1.41698442102466
E231Q,0.120942093336306
E231R,1.32091097495496
E231S,-0.2351940153873
E231T,-0.436892884873656
E231V,0.549776805268645
E231W,-0.48807415134954
E231Y,-0.416232755166831
S232A,0.998873045924386
S232C,0.256430456831832
S232D,2.14896484257888
S232E,-0.584735043767209
S232F,1.07062366565982
S232G,4.7448423750501
S232H,0.170342253165154
S232I,1.03168436342621
S232K,0.101581158246666
S232L,4.92384017734846
S232M,3.74293393893628
S232N,0.600419273002392
S232P,-0.770845107646259
S232Q,-2.83257975027949
S232R,9.50959936979612
S232T,-1.73665133838168
S232V,2.36910280357114
S232W,0.411580454165217
S232Y,-0.229040937445035
K233A,-0.3722509356071
K233C,1.31817232116867
K233D,-1.86147392575154
K233E,0.623226674199927
K233F,0.674216157065092
K233G,0.160715020595068
K233H,0.192382057860701
K233I,-1.11901901995333
K233L,1.12314914690217
K233M,-1.15693138356819
K233N,-1.45303679176274
K233P,1.56820166029165
K233Q,1.51712318626521
K233R,0.103788184260647
K233S,5.37183497338031
K233T,0.194732328441071
K233V,-0.201242696674025
K233W,0.497155838892789
K233Y,-0.257343266877868
M234A,-0.38073927077713
M234C,-0.612762646686918
M234D,0.257709541454929
M234E,-0.908824455138469
M234F,-1.11800115380475
M234G,2.38067954978257
M234H,1.73423566169811
M234I,-0.563973545026538
M234K,-0.299520007116695
M234L,-0.539478592686299
M234N,-0.967246857676704
M234P,0.745936520953814
M234Q,-0.606734210277455
M234R,-0.0834114244932332
M234S,0.90377404678683
M234T,-0.866369788812165
M234V,0.887965512080829
M234W,-0.616061689503389
M234Y,-0.958965989003874
S235A,-0.649458037945997
S235C,-0.000549235418212673
S235D,-1.74941613602422
S235E,3.1995906303454
S235F,1.60775296497211
S235G,1.37176462300339
S235H,0.0115963458840825
S235I,1.37469654218933
S235K,0.116172361054912
S235L,0.167771884376302
S235M,-0.401328417236186
S235N,-0.746449641406691
S235P,1.33233671270486
S235Q,0.0108854222398234
S235R,4.96322389256469
S235T,-0.485863717029059
S235V,-0.341458518549895
S235W,0.0698735191780107
S235Y,-0.0368539283744858
G236A,0.210197556279661
G236C,2.27071388063051
G236D,0.622494078294342
G236E,0.132731725074704
G236F,0.243830178651795
G236H,0.442381062490944
G236I,-1.56257238318984
G236K,0.47306329684674
G236L,0.103958281474641
G236M,0.455557697477771
G236N,-0.214968245609377
G236P,0.274753656987952
G236Q,1.85836281461837
G236R,2.66494008708632
G236S,0.366727862820782
G236T,-0.409936338363656
G236V,-0.872593363452346
G236W,1.86974704590484
K237A,0.370691136767231
K237C,-0.340644935804859
K237D,0.516550780749976
K237E,-0.375391224031498
K237F,1.08359431890008
K237G,0.370803664169416
K237H,0.590193869183356
K237I,2.98531838485939
K237L,-2.36184213212633
K237M,0.618483938335948
K237N,0.386749961677728
K237P,-0.338780195448124
K237Q,0.0899451478041564
K237R,7.82507047503108
K237S,-0.00206074729625341
K237T,0.266371058802175
K237V,-0.516535561234054
K237W,-0.0773338874762598
K237Y,0.0451007243393718
G238A,1.10745393150698
G238C,-0.634085425964718
G238D,0.218051044818554
G238E,1.10460890551634
G238F,-0.250635108469491
G238H,-0.681674618252944
G238I,-0.570281387244212
G238K,-0.539737119064328
G238L,3.31657819768869
G238M,4.62551852932093
G238N,-0.848886865687759
G238P,1.09842914998712
G238Q,0.0643013248759853
G238R,0.477485575090282
G238S,-0.401613885574116
G238T,-0.266612722884733
G238V,0.608284283134066
G238W,1.87882928609382
G238Y,-1.05316935532883
Q239A,-2.65268398255487
Q239C,-0.900321713753826
Q239D,0.331885888797748
Q239E,0.950263034784804
Q239F,-0.591067536243355
Q239G,3.74151080049444
Q239H,-1.51687011670207
Q239I,4.14073378780334
Q239K,-1.20529214114627
Q239L,-0.367889046975332
Q239M,2.03457191755393
Q239N,0.301030688086555
Q239P,-0.116001883766119
Q239R,1.27563278702456
Q239S,-0.195245690694044
Q239T,0.690204519144931
Q239V,0.816880686520793
Q239W,0.77168043530454
Q239Y,0.0296828932494003
Q240A,-0.609020572992713
Q240C,-0.225804049587111
Q240D,-0.86970013174086
Q240E,-0.486696559365848
Q240F,2.30770241726154
Q240G,0.409573438396943
Q240H,0.566297491688318
Q240I,2.13962557311516
Q240K,2.1434598817501
Q240L,0.346468045815632
Q240M,0.409284418583228
Q240N,-0.774646345108705
Q240P,-0.398466346289027
Q240R,0.261910841505314
Q240S,1.41918427730875
Q240T,0.611628540240077
Q240V,-0.0948803320902088
Q240W,-0.0625150318115149
Q240Y,1.01783041208624
Q241A,-0.558514422798834
Q241C,0.672324619242709
Q241D,1.41972925870386
Q241E,-0.419300848607979
Q241F,-1.49057833988853
Q241G,0.525326416037893
Q241H,1.27083616897065
Q241I,-0.808374677627218
Q241K,0.106951847355727
Q241L,-0.0226563195128471
Q241M,0.346836265053288
Q241N,-0.470208557338514
Q241P,0.838940915613257
Q241R,-0.390678956573166
Q241S,-0.0505857699076193
Q241T,3.13518189693578
Q241V,0.403855081760158
Q241W,-0.656703363793978
Q241Y,-0.205767309405986
Q242A,-0.561091287343714
Q242C,-1.47254568842589
Q242D,0.676279309206492
Q242E,0.107049885594039
Q242F,-0.50101693782618
Q242G,0.505616791439701
Q242H,0.342309810178258
Q242I,-0.656503727469216
Q242K,-0.933321662259232
Q242L,-1.65303778511568
Q242M,-0.511151247988704
Q242N,-0.334762157654496
Q242P,-1.46546921583538
Q242R,0.359951947515297
Q242S,-0.922197965430553
Q242T,0.954824044246151
Q242V,-0.62628715920263
Q242W,-0.250780368144974
Q242Y,0.494776235572485
G243A,-0.347427152186458
G243C,-0.175582727729515
G243D,-0.406018447888041
G243E,0.00211662452508563
G243F,0.199958610354386
G243H,-0.149159562850938
G243I,0.665634716260381
G243K,-1.22783025048017
G243L,-0.467012480041958
G243M,-0.307917237221091
G243N,0.507810239261437
G243P,-0.540552720166764
G243Q,1.03711395678056
G243R,0.107500869269059
G243S,5.86937763188257
G243T,0.508361748391265
G243V,-0.594615621772593
G243W,-0.265448628871597
G243Y,0.671545453095973
Q244A,1.09697642926402
Q244C,-0.0540172808673628
Q244D,0.147674825141827
Q244E,-0.132378003179882
Q244F,-0.339431993535198
Q244G,2.88504492674852
Q244H,0.319569895055392
Q244I,-0.312585087936162
Q244K,-0.247555740901123
Q244L,-0.360673885037524
Q244M,1.27303234208292
Q244N,-0.317086882714624
Q244P,3.64271752218578
Q244R,4.23501357882471
Q244S,-0.825106344514882
Q244T,-1.77654389410126
Q244V,-0.461038961992708
Q244W,-0.742212843712674
Q244Y,4.25247509589986
T245A,-0.146164937380676
T245C,-1.24771669148497
T245D,-1.52277671443246
T245E,-1.00149358396651
T245F,-0.253639234056997
T245G,0.00590075157186977
T245H,2.15425697939598
T245I,-0.250701551154592
T245K,-0.471643018060088
T245L,1.17835214874519
T245M,1.07746464332654
T245N,-0.768851322628699
T245P,0.268415434508999
T245Q,-0.687606471553159
T245R,0.0378133233629256
T245S,-0.688900251799314
T245V,3.71573347252921
T245W,0.222922731504431
T245Y,5.01183727063387
V246A,-0.185972514385537
V246C,0.142859016278102
V246D,-0.549831824627844
V246E,-0.194751966828714
V246F,-0.457838078493777
V246G,0.836238591806026
V246H,0.394265843712443
V246I,-0.988340343559436
V246K,-0.119170055102045
V246L,1.43104565113893
V246M,-1.52396156121074
V246N,-2.36583565158717
V246P,-0.969113295594946
V246Q,0.484606298635356
V246R,-0.105362453665955
V246S,-0.580093924252248
V246T,-0.24788203954827
V246W,-0.436583048563413
V246Y,0.752718525630706
T247A,0.557378383899211
T247C,1.12201102028109
T247D,-0.710370946538227
T247E,0.752083343885148
T247F,0.950231824349229
T247G,0.121280337429754
T247H,0.947485833344381
T247I,-0.206058460579623
T247K,-0.394381797454037
T247L,0.857291595380484
T247M,0.876518771342159
T247N,0.562993836279467
T247P,-0.210448438774117
T247Q,-0.310698911399601
T247R,4.79711606286478
T247S,-1.55305186166278
T247V,-0.313968256969232
T247W,-0.0294439204260205
T247Y,0.00856918011581364
K248A,2.3954947134499
K248C,-0.0134079952874581
K248D,-0.0974760293122346
K248E,0.716678137968689
K248F,-0.0529440262910156
K248G,-1.44978125100106
K248H,-0.0125200027155472
K248I,-0.351514992838888
K248L,-0.857411008480543
K248M,-0.165722343145747
K248N,1.49419167959375
K248P,4.00652462622669
K248Q,-0.757696647349385
K248R,-1.27917314702759
K248S,3.53038589883826
K248T,-1.12129283680992
K248V,0.495792685499952
K248W,0.532939624814816
K248Y,-0.587868539743162
K249A,-0.952841886829687
K249C,0.0501063722693631
K249D,-0.667751281958913
K249E,0.0699694565597052
K249F,-1.20671368574942
K249G,-0.712588038517829
K249H,-0.418671574535262
K249I,0.0937419612464853
K249L,0.548649100376429
K249M,1.80880454807711
K249N,-1.02455406933437
K249P,-0.752548320165331
K249Q,-0.528179346277959
K249R,0.366617705993022
K249S,-0.362839208526518
K249T,-0.0123192899602674
K249V,4.19119653463381
K249W,-0.343458967342248
K249Y,0.517945952340927
S250A,-0.809710515311393
S250C,1.10426234667815
S250D,-0.905650526575202
S250E,-0.181980222655921
S250F,2.49955999337624
S250G,-0.89450658836492
S250H,-1.26596260616326
S250I,0.05296629522743
S250K,-0.17215435667318
S250L,-0.339304279335253
S250M,0.925843386723885
S250N,0.316125099252597
S250P,-0.701234488075978
S250R,0.970213932167507
S250T,0.0554223219011707
S250V,-0.447846201582068
S250W,1.47469562775998
S250Y,0.748944882115412
A251E,-0.941098392129251
A251S,-1.89525552049832
E253A,-0.938374046040441
E253C,-0.467023602399664
E253G,2.5184106583858
E253H,0.18543094155298
E253I,-1.16083572532357
E253K,0.894481351386575
E253L,-0.330641165729863
E253M,-0.443940480430046
E253N,0.212176210504524
E253Q,1.45584872892383
E253R,0.614455535612567
E253T,-0.266416694864328
E253W,-1.94262443324995
E253Y,-0.845222091138755
A254C,1.06079771146238
A254D,-0.685734612853074
A254E,-0.507969762114989
A254F,-0.154914679175686
A254G,-0.173042324732275
A254I,0.0149357018632116
A254K,1.86523627493228
A254L,2.02712784372451
A254M,-2.21598111359046
A254N,-0.242369166762342
A254P,0.0924996585608741
A254R,-0.36015890662523
A254T,-0.68188375384085
A254V,0.363083703790504
A254W,-0.7819782706626
A254Y,0.251299424894275
S255A,-0.523467959780707
S255E,-0.0641412651973529
S255G,-0.608761941004647
S255M,-1.20569890820964
S255P,0.172726566312351
S255Q,1.06300062143238
S255R,3.90958782739566
S255W,-0.992372866311529
K256A,-0.576231084424376
K256C,-1.94497227704874
K256D,0.107855527527376
K256E,0.119376547550844
K256F,-0.62840927517278
K256H,-1.58895505987575
K256I,0.27074180747164
K256L,-1.36737957692535
K256N,-0.279841787412846
K256P,-0.0324844284713837
K256Q,0.12202736238219
K256R,-0.756661578056415
K256S,0.352067079480358
K256V,-0.461645627689498
K256W,-1.73006613738978
K257A,-0.791740969357768
K257C,-0.648895204347693
K257E,-0.679402664116964
K257F,1.24141917529623
K257G,-0.152496974933127
K257H,0.509408818801939
K257I,-0.306349702804374
K257M,-0.594568159606818
K257N,-0.0432241158479593
K257P,0.269738951072681
K257R,-0.528094375313241
K257S,1.34390655460869
K257T,-0.741578874037947
K257V,-1.70635656975253
K257W,-0.38467466695003
P258A,-0.499700349792466
P258C,4.13164666049284
P258D,-0.0893007161198161
P258E,-0.449391927428792
P258F,-0.210894399141328
P258G,-0.155818919497392
P258H,0.0874477769544873
P258I,-0.450064626654359
P258K,0.353721697595272
P258L,-1.77965580914634
P258M,-0.029810471186935
P258N,-0.910507925317566
P258Q,-1.32193109874248
P258R,-1.07184785022919
P258S,-0.496439976614619
P258T,0.0350072595538222
P258V,0.680740650456612
P258W,0.722195016729091
P258Y,-0.661244692546453
R259A,-2.48881789847506
R259C,-0.884193363398573
R259D,-1.43065737980599
R259E,-0.0162302527645293
R259F,0.119058202335833
R259G,-1.39937274753904
R259H,0.303088459710208
R259I,1.22624486159289
R259K,-0.777286769237127
R259L,-0.244669997828893
R259M,-1.66813453071783
R259N,-1.06922067426403
R259P,-0.26416988762904
R259Q,-0.116271179486245
R259S,0.255308912840421
R259T,0.958791148085964
R259V,-0.138441535666687
R259W,0.264607344046805
R259Y,1.89071641063828
Q260A,0.231315593710025
Q260C,0.737572914154109
Q260D,-0.672603797703628
Q260E,0.0965507195215244
Q260F,1.11044121050473
Q260G,-0.73143537066281
Q260H,-1.0234616826919
Q260I,0.0617822995244587
Q260K,2.13637132371863
Q260L,0.71829784593572
Q260M,4.27052104605667
Q260N,1.22568555367149
Q260P,3.72122723186447
Q260R,3.12800168764161
Q260S,-0.819569031495043
Q260T,-0.728036210732206
Q260V,-0.0416587867277969
Q260W,1.42895217953152
Q260Y,1.26947390313829
K261A,-0.139372429760291
K261C,-0.608901020527257
K261D,-1.83577490297269
K261E,-1.07074787852538
K261F,0.229152585372909
K261G,-0.200817603899488
K261H,-0.174155187423908
K261I,-0.389169926916196
K261L,0.43322981160031
K261M,-0.393510728407868
K261N,-0.411218046307492
K261P,-1.4632374449834
K261Q,5.17700776460203
K261R,0.538275303128408
K261S,0.348659414439027
K261T,-0.103318953695194
K261V,-0.620653807320241
K261W,-0.296959195401229
K261Y,-1.0189060332258
R262A,-0.958500347867563
R262C,-1.58065388839
R262D,1.64259075679147
R262E,-0.0104168084159784
R262F,-0.776405872967048
R262G,-1.46230179652795
R262H,1.33008606583566
R262I,0.666346049339647
R262K,-0.793649371188536
R262L,0.295208754590901
R262M,-1.02504113684918
R262N,-0.578655550603357
R262P,-0.405983613289505
R262Q,-1.08807963190405
R262S,-1.4918748666916
R262T,-1.50069526820311
R262V,-0.261369753934408
R262W,-0.608118444873725
R262Y,-0.687482086889791
T263A,-0.543049310803696
T263C,-0.606328609922767
T263D,-0.821099359037363
T263E,-0.047323010862008
T263F,2.39996081070284
T263G,-1.40365421082382
T263H,-0.167468885341901
T263I,0.875937778969126
T263K,0.396938906044579
T263L,-0.183948914313291
T263M,0.0713207696798899
T263N,1.11343796353856
T263P,-1.13782765028392
T263Q,-0.639754492930568
T263R,-0.0418199422286857
T263S,0.586285902147901
T263V,12.6981739240834
T263W,0.485300714759229
T263Y,0.38579258915539
A264C,-0.453382217272044
A264D,-1.67406317362998
A264E,0.257646684136243
A264F,-0.110135194756842
A264G,-0.392027686771526
A264I,0.822046255582818
A264K,-1.41356346037024
A264L,0.995066663437301
A264M,-1.86403849979516
A264N,-0.976918741965047
A264P,0.171850046269089
A264Q,-0.185890335478262
A264R,0.017258836179423
A264S,-0.99597444820934
A264T,0.637698941974445
A264V,-0.0937119192099569
A264W,0.0818055744843605
A264Y,0.346588106112947
T265A,0.445511153704019
T265C,-0.428063282962619
T265D,2.27447498110972
T265E,-1.06378717287215
T265F,-0.456551929123989
T265G,-1.26082906645398
T265H,-1.00389311468062
T265I,-0.698509871533468
T265K,0.679309242902845
T265L,2.09219089128259
T265M,-0.791056278825767
T265N,-0.0814306360219666
T265P,2.50755552467215
T265Q,-2.51572703977586
T265R,2.04783409967318
T265S,-0.082590406543089
T265V,-1.28888610433928
T265W,-0.596906959509404
T265Y,0.697945900340237
K266A,-0.370190795235487
K266C,-0.153529347333773
K266D,0.31641229157121
K266E,0.540514465533639
K266F,-0.160612355509022
K266G,0.929317627685142
K266H,-0.13232496674862
K266I,0.539696994735894
K266L,-1.21421114839626
K266M,-1.51567657547888
K266N,-0.300038715795384
K266P,-0.79472191411832
K266Q,-0.234219649643061
K266R,0.346858476085932
K266S,0.305226833206618
K266T,-0.0742548958877043
K266V,-1.05656899562169
K266W,0.448301509741989
K266Y,-0.156753406986137
A267C,1.40101160986416
A267D,0.0568799773312837
A267E,0.140333401434225
A267F,-0.928781681351749
A267G,-0.536766095863628
A267H,-0.445743363782022
A267I,0.278375604434798
A267K,0.208344587882377
A267L,-0.241229400562013
A267M,7.32098353970094
A267N,0.396714271846383
A267P,0.808657254917986
A267Q,0.806320862533008
A267R,1.16661197798688
A267S,0.295310666033454
A267T,1.05730143361581
A267V,-1.19136729029715
A267W,-0.151671122720766
A267Y,-0.130495309685784
Y268A,0.231638454543083
Y268C,-0.244701355169973
Y268D,-0.441428435627449
Y268E,0.094456635175839
Y268F,-0.499492721735062
Y268G,-1.00296437686449
Y268H,0.973891167212593
Y268I,-0.0830791596902129
Y268K,-1.60661295377642
Y268L,0.107241086471656
Y268M,0.792309534903422
Y268N,-1.4021105433293
Y268P,-1.47036520527738
Y268Q,0.0685969161722219
Y268R,-1.30063567973793
Y268S,1.16399171891437
Y268T,-0.251571593406458
Y268V,-0.982402283890719
Y268W,-0.984416151755696
N269A,1.35142015627017
N269C,0.251299424894275
N269D,-1.33748114922989
N269E,-0.00878087421758002
N269F,-1.22905453199002
N269G,-1.0095414356743
N269H,-0.335764380564177
N269I,-1.62615531126752
N269L,-0.402485911531074
N269M,-1.26569171762254
N269P,-0.48470266810704
N269Q,-0.930302595146672
N269R,1.11317488299078
N269S,0.952360472603997
N269T,-0.408220279221797
N269V,-0.676808741061483
N269W,-0.758874550603095
N269Y,-0.467061225315925
V270A,-0.385140229968665
V270C,-1.24056071613541
V270D,-0.793645381681701
V270E,-0.409732577544114
V270F,-0.553259206106488
V270G,0.554792720590936
V270H,-2.74153022528569
V270I,-0.57959632638004
V270K,8.62528176997219
V270L,0.781085141740822
V270M,-1.36688424534604
V270N,-1.19836629814002
V270P,3.80804343363688
V270Q,-1.5052125325411
V270R,1.55053607132061
V270S,0.842851057696329
V270T,-0.150076001569225
V270W,-0.347706026153547
V270Y,1.6759796830086
T271A,0.191426443732197
T271C,0.312646811228111
T271D,0.712731146781338
T271E,1.28026573107094
T271F,0.469387057796686
T271G,0.864924279777095
T271H,1.22890124981195
T271I,4.686480940879
T271K,0.0988740311876941
T271L,0.618889660646381
T271M,0.217718979458247
T271N,0.883581553051472
T271P,-0.329995187811341
T271Q,0.0315566719670501
T271R,-0.00626835077760733
T271S,2.65211492803872
T271V,0.0753754864825042
T271W,0.235817677320377
T271Y,1.39191643846056
Q272A,1.46884425463046
Q272C,4.20286472221716
Q272D,-1.10251525030729
Q272E,0.779282863792239
Q272F,-0.609237859983816
Q272G,-0.735046535245376
Q272H,-0.379363027561316
Q272I,-0.626220604562291
Q272K,0.196769129696778
Q272L,0.219632959673693
Q272M,-0.00487951168130129
Q272N,-0.0535265017788604
Q272P,0.120107539021679
Q272R,1.29006606691903
Q272S,0.517266660005163
Q272T,-0.355149518562983
Q272V,0.64747582349134
Q272W,0.15483524523917
Q272Y,-0.533401443396277
A273C,0.00192825683971392
A273D,-0.00205263584202531
A273E,0.359993351304834
A273F,-1.90382732527178
A273G,-1.02588022703193
A273H,3.47931679450974
A273I,-0.629668630210483
A273K,-1.78394064685231
A273L,-0.650853367426224
A273M,-0.316778667481472
A273N,-0.670142339400869
A273P,-3.14343666510339
A273Q,-2.61164264431718
A273R,-0.965248544371716
A273S,0.0774816949274182
A273T,0.516418751616962
A273V,-0.396520586828924
A273W,-1.16083572532357
A273Y,1.33137905797438
F274A,-1.25738870036554
F274C,-0.56087475635502
F274D,0.0318894096260552
F274E,-1.45129024417452
F274G,0.314374928266808
F274H,-1.90382732527178
F274I,-0.886659330105389
F274K,2.75442721651551
F274L,-1.76408162762046
F274M,0.886519233492882
F274N,-0.613171685757095
F274P,0.790737577253049
F274Q,-0.480878561787292
F274R,1.69295309097869
F274S,3.60631165520051
F274T,0.570171438908136
F274V,1.06606185974829
F274W,-0.707416853122349
F274Y,0.292209626775919
G275A,-0.589187538855062
G275C,0.315459348870589
G275D,-1.55339231311673
G275E,-0.376118564746742
G275F,-0.987563914601843
G275H,-1.20264074729323
G275I,-0.535103202099309
G275K,-0.442223045685469
G275L,0.530128339641358
G275M,0.223098889412745
G275N,-0.404147441573962
G275P,-0.488685205277382
G275Q,-1.67445657044859
G275R,-0.8417570717249
G275S,0.48912799076165
G275T,-0.0799892597961947
G275V,-0.820540035538345
G275W,0.677946004378915
G275Y,-0.83768119713736
R276A,-0.315733030029442
R276C,-0.288805105940576
R276D,-0.229612785586841
R276E,0.161004082327775
R276F,-0.797945826626455
R276G,2.58097604699284
R276H,2.20268188950355
R276I,0.178576831421074
R276K,-0.31373409068413
R276L,-1.52567569900799
R276M,2.24585996636772
R276N,-0.962931865744831
R276P,-0.536192564192493
R276Q,-0.289962456202753
R276S,-0.458640521463172
R276T,-0.170485672463898
R276V,0.667158266285447
R276W,-0.902547101453937
R276Y,-0.86429230294008
R277A,1.89741785483589
R277C,1.241667639687
R277D,-0.0250405883641451
R277E,0.971794488879225
R277F,-0.651889942926278
R277G,0.49143151869162
R277H,-0.859176470128503
R277I,4.28932863007711
R277K,-1.56495066932313
R277L,0.589110270340451
R277M,3.28019466812474
R277N,-0.198965141725863
R277P,-1.50137281802784
R277Q,-0.658633968018993
R277S,0.00899783727346476
R277T,-0.302103132657109
R277V,-0.921457708523259
R277W,-0.349332348472799
R277Y,-0.213049850688312
G278A,-1.26197591415103
G278C,-0.350724553542813
G278D,1.09698473683422
G278F,-2.69012223013166
G278H,-0.62327312726127
G278I,2.04961212249321
G278K,-0.800815916504014
G278L,-0.27728560877414
G278M,5.51072273400581
G278N,2.30640664156259
G278P,0.830655866387423
G278Q,0.563608067261908
G278R,2.21812861315107
G278S,-0.817108970161854
G278T,0.653556652509832
G278V,-0.760331525281781
G278W,-1.03470419212312
G278Y,5.15956577584471
P279A,3.78749031015962
P279C,1.91495604576814
P279D,2.45975017507174
P279E,0.7346939700799
P279F,-0.438147614116867
P279G,-0.0345560653801862
P279H,-1.10543614771298
P279I,-0.526346812870221
P279K,-0.940590320728294
P279L,-0.301717747187001
P279M,-1.98683248091539
P279N,0.146431140989819
P279Q,0.928499162285482
P279R,-0.642474797317472
P279S,-0.432211994644542
P279T,0.393687604470367
P279V,1.15105007288165
P279W,0.60306367537927
P279Y,-0.261360329115396
E280A,-0.803361060443283
E280C,1.06338776569073
E280D,-0.92571626637704
E280F,1.06216754843475
E280G,-0.648637090693216
E280H,0.350955884735405
E280I,0.505604611289475
E280K,0.476435222955389
E280L,-0.210752527729155
E280M,1.09256861085809
E280N,0.939481964007064
E280P,-0.0219192125445308
E280Q,0.126722505725691
E280R,1.01801638415261
E280S,0.335376144400887
E280T,-0.195794788111755
E280V,0.398033597867043
E280W,0.505000534549529
E280Y,8.88044336548373
Q281A,4.12053233609991
Q281C,4.49719555938442
Q281D,0.385588278199837
Q281E,-0.906329228778084
Q281F,3.544623497335
Q281G,0.523091957090152
Q281H,-0.579570696218315
Q281I,-0.090726428265396
Q281K,1.00935773996563
Q281L,1.45506641908055
Q281M,0.638296601043792
Q281N,4.17084660888338
Q281P,-1.98202419383615
Q281R,-0.122223258589056
Q281S,1.2209831843727
Q281T,0.626281330970238
Q281V,0.644680507238459
Q281W,1.05069101375598
Q281Y,1.97287944762189
T282A,-0.564966628449211
T282C,0.394736144094615
T282D,-0.0437200065417499
T282E,-0.800494702888094
T282F,-0.245943576756923
T282G,0.00909007815356248
T282H,-1.17006689494607
T282I,0.85056124845611
T282K,1.21423268892657
T282L,0.169037054391686
T282M,-0.313697290969446
T282N,0.48340543919657
T282P,2.17281057463194
T282Q,0.637232051153179
T282R,0.355810725405205
T282S,0.211268113585348
T282V,-0.229785020534499
T282W,0.798101943172337
T282Y,12.6981739240834
Q283A,-0.869741955587081
Q283C,-0.843580592083789
Q283D,0.115230708656754
Q283E,1.48484890423368
Q283F,0.0251365701677611
Q283H,-0.184094158160716
Q283I,1.70489512020601
Q283K,-0.405723980316262
Q283L,0.309827739908641
Q283M,0.44924180888651
Q283N,-0.421818651569756
Q283P,-2.07471555419428
Q283R,-0.620380621107722
Q283S,-0.657331984746148
Q283T,1.19290006679484
Q283V,-0.745610384779951
Q283W,0.902911087536832
Q283Y,-0.268114722970628
G284A,1.64870006950367
G284D,-0.0808551008701149
G284E,-0.555267073069765
G284F,1.12794525052851
G284I,-0.0783296930759317
G284K,0.149425122235781
G284L,0.940113969594895
G284M,-0.315244244307369
G284N,0.935086633110891
G284P,1.59667800347475
G284Q,-0.459122806181279
G284R,2.15558089930584
G284S,-1.29239174977267
G284T,0.588040042340445
G284W,0.309394234350261
G284Y,2.13788457456013
N285A,0.303936773722565
N285C,-1.69926526568143
N285D,0.582352832345731
N285E,-1.88951560196872
N285F,-0.290292641482387
N285G,0.936238160832041
N285H,0.0442457202085659
N285K,0.763894802605132
N285L,-0.0883302379897872
N285M,0.116089573400148
N285P,5.02419630168433
N285Q,0.475169905562927
N285R,-0.0038006838161581
N285S,8.31360683772383
N285T,3.71692718473449
N285V,1.6032439043877
N285W,0.965346936835171
N285Y,-1.17650153000022
F286A,-0.83592499989113
F286C,-0.829218018428348
F286D,-0.625309076463561
F286E,0.690243873697028
F286G,0.356370211514427
F286H,-0.697035957187955
F286I,0.79238079044451
F286K,1.30814354080357
F286L,4.4924261846223
F286M,-0.704225972544363
F286N,-1.71473538569813
F286P,0.648076314285575
F286Q,1.86018636253235
F286R,-0.491863984152614
F286S,-1.06120227729015
F286T,0.671714042791864
F286V,0.602517650638445
F286W,0.948433371710286
F286Y,4.35295897078075
G287A,1.86838782397803
G287C,0.926591344225953
G287D,0.898646261367975
G287E,-1.53490147298971
G287F,-0.223785702698836
G287H,-0.441477278044191
G287I,-1.15109162714733
G287K,-0.330641165729863
G287L,2.73129904487414
G287M,-0.0648568390093529
G287N,0.423422443497263
G287P,1.41900001957873
G287Q,-0.490255153918811
G287R,0.260273503620523
G287S,3.79628231034475
G287T,-0.106533299264803
G287V,8.54562107205712
G287Y,0.886927398898042
D288A,0.554827055659259
D288C,-0.986074456331865
D288E,-1.04523210794812
D288F,-1.71881518503943
D288G,-0.742648305763037
D288H,0.283351645121702
D288I,-1.52166671057107
D288K,-0.637702051118801
D288L,0.283595384299502
D288M,-0.422258116397968
D288N,-0.768122216058445
D288Q,-0.198965141725863
D288R,3.15605778983799
D288S,-0.578977427190623
D288T,-1.09677229261068
D288W,-0.372865089164875
D288Y,-0.976914162106935
Q289A,2.32145981655585
Q289C,0.101546941211942
Q289D,0.78426146094784
Q289E,-0.291534186664925
Q289F,-0.112614415286299
Q289G,0.867788383599972
Q289H,0.357129527675838
Q289I,0.85904816894903
Q289K,-0.765859424533422
Q289L,0.187877974825333
Q289M,0.579290791032468
Q289N,4.66757043733264
Q289R,1.11408034321879
Q289S,-0.622412755853384
Q289T,-2.01320830970542
Q289V,-0.497493873372179
Q289W,1.35900971654476
Q289Y,-0.229222125913906
E290A,0.115849305577538
E290D,2.68068405329704
E290F,3.63345903408758
E290H,-1.09493412119167
E290I,-0.269798163328448
E290K,-0.48906440549279
E290L,-1.02958200533201
E290M,0.619442249524845
E290N,-1.15872796602542
E290P,0.29952652136141
E290Q,-0.105743231900931
E290R,6.30860694800624
E290S,-0.553999736632311
E290T,-0.352466461433538
E290V,-0.141895368430618
E290W,0.266112402997824
E290Y,-0.544033144733827
L291A,2.19135708248274
L291C,-1.13802066087958
L291D,-0.26431786317203
L291E,0.600921423466567
L291F,-0.0250031647835998
L291G,-1.52975565845183
L291H,-1.81724471895741
L291I,-1.92941853624391
L291K,-1.05590568370248
L291M,-0.785665991904428
L291N,2.07908124625376
L291P,-2.20225018260388
L291Q,-0.756661578056415
L291R,4.1106805129142
L291S,-0.397651718380599
L291T,1.70695202574984
L291V,1.99652964743554
L291W,-0.561503714916442
L291Y,-0.30447605399494
I292A,-1.13803367067204
I292C,0.0895177544810562
I292D,-0.052984320508615
I292E,6.23474355404827
I292F,0.377018984843041
I292G,-2.65938769895978
I292H,-0.697706902544264
I292K,4.64334511898089
I292L,-0.938272871252805
I292M,-0.643221745920314
I292N,-1.57740047970681
I292P,4.75802314722378
I292Q,2.57675933628918
I292R,-0.814529546314493
I292S,0.373278021157522
I292T,-2.06433719045554
I292V,-1.75853384237302
I292W,-0.192015217585747
I292Y,4.46731382601704
R293A,-1.43665654992755
R293C,-0.0290391952638034
R293D,-0.273505686930452
R293E,-0.302270947928351
R293F,-1.15808101573642
R293G,-1.22808997172985
R293H,4.34338260853091
R293I,0.622363671625835
R293K,-0.106791417189275
R293L,-2.4543879716467
R293M,0.178708319595658
R293N,0.459010812423378
R293P,0.224113967423904
R293Q,0.734599537577151
R293S,-0.67888844696499
R293T,-1.25977022407335
R293V,-0.33532839618861
R293W,0.0124296307001874
R293Y,0.471476302903419
Q294A,-0.0626698789305565
Q294D,0.311908134380064
Q294E,-0.996019381288269
Q294F,-0.0389578345032443
Q294G,-0.701679753677841
Q294H,-0.826670604590231
Q294I,-0.156354560783436
Q294K,0.244927765021647
Q294L,-0.492676186176505
Q294M,0.115994968024623
Q294N,1.92739934479181
Q294P,2.79827560558956
Q294R,0.00961815213702608
Q294S,2.6772704897304
Q294T,-0.852136759193039
Q294V,-0.0993596003605983
Q294W,0.458149130125037
Q294Y,-0.976660706849907
G295A,0.544927617598256
G295C,-0.150268122264766
G295D,-0.265876216536384
G295E,1.41199193384528
G295F,-1.69368605469062
G295H,-1.38368127998193
G295I,0.064094028376681
G295K,-2.27682330710182
G295L,-0.0416126872833167
G295M,-1.16796656791971
G295N,0.248859039014677
G295P,-0.885344964118474
G295Q,-1.24437019823673
G295R,0.0595108842299608
G295S,-1.00553483141704
G295T,0.374931800838739
G295V,0.357073813983752
G295W,-0.443940480430046
G295Y,0.378221986540075
T296A,-0.910963785986227
T296C,-0.748993171857655
T296D,-0.373832189232303
T296E,-0.634995362899507
T296F,12.6981739240834
T296G,-0.608171690689065
T296H,-1.26625765396139
T296I,0.581243552904033
T296K,-0.00785094783480268
T296L,-0.523831212173557
T296M,-0.228500060110282
T296N,-0.00699467602211348
T296P,-0.741772377675805
T296Q,0.0017600423075711
T296R,-0.398858479914524
T296S,-1.34197314437999
T296V,-0.582228100796834
T296W,-0.188428928459727
T296Y,-0.694902661258965
D297A,-0.216828445017218
D297C,-2.23682059707229
D297E,1.26206990157083
D297F,-0.334153356699987
D297G,0.921240164573726
D297H,-0.414234562466331
D297I,0.273406596582411
D297K,-0.837142430717399
D297L,-0.540726745028143
D297M,0.813347354217811
D297N,-0.0436287751029163
D297P,-1.01897875548803
D297Q,0.146466162270235
D297R,0.786037954709374
D297S,0.326940919322516
D297T,0.393539486255384
D297V,-0.448486743907462
D297W,-0.786922456297478
D297Y,-0.582724286551384
Y298A,-1.1259635205701
Y298C,0.385517592257212
Y298D,-1.73662668090034
Y298E,-0.259953366081259
Y298F,0.416884907537187
Y298G,-1.50137281802784
Y298H,1.10658317080077
Y298I,-2.24118949167352
Y298K,-2.14696893382168
Y298L,12.6981739240834
Y298M,-2.25102335801072
Y298N,-1.84724668492629
Y298P,-1.4357707450681
Y298Q,-1.10434344993744
Y298R,0.153924819085763
Y298S,10.3612703917176
Y298T,-1.21939868425421
Y298V,-0.873673368587551
Y298W,-0.681902705828188
K299A,-0.707932679485444
K299C,5.12174738542007
K299D,-0.508527166040363
K299E,-0.572281632860277
K299F,-0.982088004925166
K299G,-0.483215134913772
K299H,-0.55699000536655
K299I,-0.779540686022965
K299L,-1.6042259043307
K299M,-1.21693717355046
K299N,0.584519585816375
K299P,0.161058228707084
K299Q,-0.628794345164306
K299R,0.0729551868803009
K299S,-0.934692628846517
K299T,-0.245693297957408
K299V,-0.962846290223163
K299W,-0.902599155943081
K299Y,0.160922900851353
H300A,0.21987739066116
H300C,-0.74066231495217
H300D,0.784213050243351
H300E,-0.231965829960577
H300F,0.148116524364793
H300G,-0.687665010763645
H300I,-0.0686622537790209
H300K,4.94730144438753
H300L,0.929604526325845
H300M,0.296219805305735
H300N,0.561942546485583
H300P,0.216938525290755
H300Q,0.892072810336402
H300R,0.920025664927988
H300S,-0.745900174422382
H300T,-0.822005909357862
H300V,-0.399752261275382
H300W,0.0516104428895523
H300Y,0.601032751650374
W301A,-0.970959791910421
W301C,-0.532892150559732
W301D,-2.26624359411581
W301E,-0.178580922559723
W301F,0.127035251671061
W301G,-1.23424702491555
W301H,-1.42023019473748
W301I,0.261073627352325
W301K,-0.467023602399664
W301L,3.22744583777861
W301M,0.179247221696799
W301N,-0.216593981766925
W301P,0.773656957272756
W301Q,2.0278560473452
W301R,3.05407342069438
W301T,-0.772403365519849
W301V,0.399508413663565
W301Y,0.114544209489359
P302A,0.596366918388349
P302C,-1.25468379285148
P302D,-0.0338312044143511
P302E,-0.237966378261169
P302F,0.0304291247872451
P302G,0.818955173250949
P302H,-0.573715818327904
P302I,-0.597151805179827
P302K,-0.0866114153736824
P302L,-0.956216473719801
P302M,-0.534821672662832
P302N,-0.379986567251168
P302Q,2.65612905007852
P302R,-0.506353353535053
P302S,5.67605606497978
P302T,0.727627556070856
P302V,-0.0743266839711253
P302W,0.371067505670808
P302Y,-0.652791085204426
Q303A,0.455181550053189
Q303C,-0.213198838513545
Q303D,0.313447614046484
Q303E,0.044227794256785
Q303F,-0.334474587388003
Q303G,0.629370838664769
Q303H,0.0597092300638554
Q303I,0.468242267032076
Q303K,0.980207620854017
Q303L,1.64436173094885
Q303M,-0.216059597262321
Q303N,-0.00576850517501264
Q303P,2.093564823149
Q303R,-0.371931915188291
Q303S,0.0300711828733159
Q303T,2.35662785235352
Q303V,1.60608304034468
Q303W,0.26690545657004
Q303Y,0.386489646109139
I304A,-0.233216018570348
I304C,-0.816171662729532
I304D,4.07748671080878
I304E,-1.00012747941698
I304F,-0.450137322528912
I304G,4.80682968664157
I304H,-0.649648300674477
I304K,1.02818567032983
I304L,1.88624864541673
I304M,-0.139224911483164
I304N,-0.464410803880116
I304P,-0.378218341693613
I304Q,-0.91174189320006
I304R,1.9136712608538
I304S,0.865114396984787
I304T,0.577758377139139
I304V,-0.703458586842689
I304W,2.7470839227235
I304Y,-0.778695339713918
A305C,-0.487183671500989
A305D,0.130211023474464
A305E,0.902203318765015
A305F,-0.514241413705591
A305H,-0.984521301677345
A305I,-0.131916470663911
A305K,-1.12532112128782
A305L,-0.128900049051712
A305M,-0.798744004932603
A305N,-0.21879482247421
A305P,-2.37266792510069
A305Q,-0.0929445163831219
A305R,1.41676190882314
A305S,-0.68716059779836
A305T,-1.02144774856756
A305V,-0.706393588255605
A305W,-0.761792391281625
A305Y,-0.959213393574292
Q306A,0.24984192677993
Q306C,-0.45241705120547
Q306D,-0.587466127296127
Q306E,-0.636677806755864
Q306F,-1.11523001478956
Q306G,-1.6933217899208
Q306H,-0.476219112668106
Q306I,-0.987307210582547
Q306K,-0.994372339698898
Q306L,2.82251800784857
Q306M,-0.321172361155015
Q306N,-0.322445224362754
Q306P,-1.27959913483247
Q306R,-0.682781961689018
Q306S,0.491675059044561
Q306T,-0.738060210748176
Q306V,-0.1218245056583
Q306W,5.96626005807455
Q306Y,0.0753825544270467
F307A,0.641425782237318
F307C,-0.341313663374271
F307D,0.224926764642314
F307E,0.0864041416786443
F307G,-1.42390560626232
F307H,-0.658364177163732
F307I,-0.743379865773632
F307K,1.14518513055394
F307L,12.6981739240834
F307M,-0.653734218756999
F307N,0.11961071278533
F307P,0.102028428385406
F307Q,-1.14842913927886
F307R,-0.960945979193584
F307S,-0.756661578056415
F307T,0.904619537726787
F307V,0.0714832549248266
F307W,0.276994688567058
F307Y,-0.0108665564854092
A308C,-1.31724116737983
A308D,-1.67117856445063
A308F,-0.833468020596566
A308G,-1.5276585425528
A308H,-0.653284259558248
A308I,-1.51918361167945
A308K,0.352247743557462
A308L,0.451645902074531
A308M,0.079467477488321
A308N,-0.645185527021334
A308P,-0.682250796562466
A308Q,-0.90961036472191
A308R,-2.21598111359046
A308S,-0.337244762867356
A308T,5.14498593274274
A308V,0.0772440273698378
A308W,0.0647554128386516
A308Y,-0.537177167101677
P309A,-1.72021459926928
P309D,-0.142317797851395
P309E,0.446944302494529
P309F,-0.74988518356145
P309G,-0.0310595732892469
P309H,-0.331933511436831
P309I,1.1797369336617
P309K,1.41254441875692
P309L,-0.132033800936374
P309M,0.709184564413737
P309N,1.0796456202363
P309R,12.6981739240834
P309S,-0.220608153111223
P309T,-0.123181568454514
P309V,-0.985188015005761
P309W,-2.28528687055962
P309Y,-0.389046363610483
S310A,12.6981739240834
S310C,-0.179416791275113
S310D,-1.40471772878155
S310E,-0.148955141368706
S310F,-0.308383990335232
S310G,0.19969375727643
S310H,1.14357644532506
S310I,-0.93277004819097
S310K,6.39109928889761
S310L,-1.05325409511888
S310M,1.99593701319143
S310N,5.5232457218247
S310P,-0.287157690437043
S310Q,0.496323110581189
S310T,-0.342876785739295
S310V,-1.24223338869569
S310W,2.91087293324198
S310Y,-0.32904707248242
A311C,-0.340763463519506
A311D,-0.562039261219431
A311E,0.399968654486477
A311F,-0.414140543541951
A311G,1.12332851714572
A311H,0.316883347849631
A311I,-0.450176328034859
A311K,0.487031930036699
A311L,-0.222525665839644
A311M,-0.920865357218924
A311N,-0.287831117916184
A311P,0.0319235109602761
A311Q,-0.279311130451482
A311R,-0.401227070575786
A311S,-0.447205047189207
A311T,-0.482412054552263
A311V,-0.65696237302746
A311W,0.747543934475849
A311Y,2.1996311515418
S312A,-1.18995414774665
S312C,-1.57392491122496
S312D,-1.18230013133713
S312E,-0.156024118965525
S312F,-1.22266413538165
S312G,1.15503564383288E-05
S312H,-0.185145967275032
S312I,-1.53490147298971
S312K,-1.13159732313834
S312L,-1.71436269438476
S312M,-0.918348082112228
S312N,1.02903037948241
S312P,-0.976340948476981
S312Q,-0.975399821838981
S312R,2.64954456852
S312V,0.072603134770716
S312W,-1.18995414774665
S312Y,-0.206350567997893
A313D,3.83778721930401
A313E,-0.709779500641212
A313F,0.645102249576583
A313G,6.62112492130885
A313H,-0.264250522234245
A313I,0.360705110186594
A313K,0.46496490657276
A313L,-0.507815986278868
A313M,0.106045149241349
A313N,0.571984031500403
A313P,-0.917495183549399
A313Q,-0.391320259554246
A313R,-0.0714626748714975
A313S,-2.3273291559566
A313T,-1.16817085001248
A313V,2.8314645764512
A313W,-0.475013891076148
A313Y,0.0725310799440974
F314A,0.101194079822963
F314C,2.70833859635389
F314D,-1.18922575864103
F314E,-0.391102306176671
F314G,0.0636645194365008
F314H,-0.220608153111223
F314I,-0.202683739309666
F314K,0.157521064693846
F314L,-1.33649800751083
F314M,4.21844894895909
F314N,-0.335282842131728
F314P,1.3390437747318
F314Q,1.5451035632323
F314S,-0.634277758126847
F314T,0.212176210504524
F314V,4.95219118170224
F314W,-1.75954307654522
F314Y,0.00516798482423317
F315A,-2.31735171183435
F315C,-0.633333821289223
F315D,-0.949569941618245
F315E,0.71386595311798
F315G,-2.76940248444117
F315H,0.748580213479784
F315I,0.0658709639662739
F315K,-1.10353192088398
F315L,-1.44278075968048
F315M,-1.79070139698672
F315N,-0.750803741816471
F315P,-1.62016718801844
F315Q,2.44335568983905
F315S,2.74816191819082
F315T,-0.666903621996037
F315V,-0.029810471186935
F315W,2.21275999013264
F315Y,-0.735896026235879
G316A,0.318774327346473
G316C,0.0410611620708098
G316D,-1.68317704254535
G316E,-1.32156308548908
G316F,4.24360590614345
G316H,0.196051087639774
G316I,-0.831579758262063
G316K,-0.0985605198146435
G316L,-1.07264121600893
G316M,-1.78912096431639
G316N,-1.22768712225561
G316P,0.230413381100416
G316Q,2.01683451726929
G316R,-0.442369403992311
G316S,-1.11565598541945
G316T,1.10195149500671
G316V,0.775414238297718
G316W,-0.60476483763611
G316Y,-1.9610176355883
M317A,0.111420127167964
M317C,1.90282430811085
M317D,-0.383106728655789
M317E,-3.52733275801077
M317F,0.011442445186219
M317G,-0.698903682642269
M317H,1.01922493925819
M317I,0.703422402570666
M317K,-2.48881789847506
M317L,0.537758594377047
M317N,-0.537177167101677
M317P,0.952438572894235
M317Q,-0.732667633717621
M317R,3.11016901115745
M317S,-1.14251265583424
M317T,-1.33851997606202
M317V,1.69289157011465
M317Y,2.12612961654642
S318A,0.402039718023797
S318C,0.680291889605356
S318D,-1.51708261637558
S318E,-1.90382732527178
S318F,-0.901569094739289
S318G,-1.35976135661332
S318H,-1.06678495022647
S318K,-0.58524015194995
S318M,1.25799611898011
S318N,2.13527777364495
S318P,1.06281722463646
S318Q,-0.965248544371716
S318R,0.738672924117599
S318T,-0.0202224212011945
S318V,-0.304993508239726
S318W,-0.775768995838192
S318Y,1.18151095471724
R319A,-2.40648983710801
R319C,-1.75209896228848
R319D,-0.953495598127088
R319E,0.396878744635015
R319F,1.75058688832834
R319G,-0.747020636092877
R319H,1.32721509082109
R319I,0.118751610358046
R319K,-0.999631732570086
R319L,0.260074147222178
R319M,-2.20292331791697
R319N,0.18178633317045
R319Q,0.0899315008513073
R319S,0.38764062833934
R319T,0.146832715174199
R319V,0.616185160749939
R319W,0.891172679841922
R319Y,0.224352155885375
I320A,-0.928951034098164
I320C,-0.819073465066575
I320D,2.33476554771056
I320E,-0.375549685346723
I320F,0.869707186223646
I320G,-0.656511635241096
I320K,-0.697913892522172
I320L,0.607494015457032
I320M,1.73444153280019
I320N,-0.976131253531224
I320P,-0.69531075640382
I320Q,1.5800917665948
I320R,1.33444902666317
I320S,0.197040672545204
I320V,-2.76163072807879
I320W,0.591298077130741
I320Y,-1.37196780845385
G321A,-0.205790746233662
G321C,-0.237615431488609
G321D,1.62787762877946
G321E,-0.254641084249724
G321F,-0.255147875077439
G321I,1.87767617698751
G321K,0.692129450405423
G321L,1.14971838765021
G321M,-0.646407687946133
G321N,-1.91399983018823
G321R,-0.0901285032992691
G321S,0.553697271055179
G321T,0.968374588668887
G321V,-0.290087770787056
G321W,1.87415332824057
M322A,-2.02013907326083
M322C,1.37473775012999
M322E,-1.95161496517091
M322F,0.464030033316764
M322G,-1.97810076038359
M322H,0.549189438144147
M322I,-0.394118972535152
M322K,-0.575417500958146
M322L,1.33215352380396
M322P,0.252185812381664
M322Q,0.255223104104154
M322R,7.57353093177499
M322S,-0.669714451238339
M322T,0.111034921922814
M322V,-0.0326474725407338
M322W,-0.577018195470394
M322Y,-1.38665001269572
E323A,-0.478810597915865
E323C,1.20503476674225
E323D,9.01248381318301
E323F,-0.534049134803474
E323G,0.172169220392559
E323H,-0.884630670037642
E323I,1.34745963446024
E323K,0.645110713908097
E323L,-0.576191664861415
E323M,0.104140127616219
E323N,-0.311022011669097
E323P,0.803904924074105
E323Q,0.705064504484866
E323R,-0.297194547212405
E323S,-0.239291837734659
E323T,-0.464565330869079
E323V,0.0242099557386676
E323W,0.375363394295815
E323Y,0.323095031037473
V324A,1.84430904463072
V324C,0.36496759658984
V324D,0.216508571213164
V324E,-0.376919333338274
V324F,-0.0549872302417346
V324G,-0.278868477615209
V324I,-0.454047231223847
V324K,-0.173559142455789
V324L,0.452712408433376
V324M,-0.411768462248697
V324N,1.53263170506723
V324P,4.11791798610394
V324Q,0.341641027864975
V324R,-0.280419159776504
V324S,0.544960544031908
V324T,-0.0710382303992462
V324W,4.7698360883228
V324Y,-0.324680768974397
T325A,1.12871208373477
T325C,6.63287167167436
T325D,-0.0751700758396123
T325E,0.753060843820208
T325F,2.38114479002975
T325G,0.672416098372538
T325H,2.30863031613891
T325I,5.76762356123457
T325K,0.306578458236624
T325L,0.507393520256886
T325M,0.643516445567449
T325N,-0.547167293388572
T325P,-0.243673952458581
T325Q,0.72151506128326
T325R,0.978350349051152
T325S,-0.791740969357768
T325V,-0.57159175553026
T325W,-0.60065459539667
T325Y,0.730191279198253
P326A,-0.178649618766761
P326C,-1.4528808084849
P326D,0.110676350573113
P326E,-0.175601323611233
P326F,-0.714979007043315
P326G,-0.307317850799894
P326H,-0.308654813493827
P326I,0.176905243792619
P326K,0.55940768207717
P326L,-1.15736485629709
P326N,-0.252220338077449
P326Q,-1.13411591311673
P326R,0.425771780971365
P326S,-0.577117625322857
P326T,0.514685146481075
P326V,-0.990455659086782
P326W,0.518857457942275
P326Y,-0.596053538438752
S327A,2.45122786667457
S327C,-1.27183672639604
S327D,3.59893168149453
S327E,-0.301469956642188
S327F,0.467901523075742
S327G,0.328954359586562
S327H,-0.275494476733245
S327I,-0.916233841908409
S327K,-0.0618568452520976
S327L,1.47381031682189
S327M,-1.49758935104283
S327N,3.2508402826469
S327P,-2.37726752162519
S327Q,-2.18228952929657
S327R,-0.971935897608587
S327T,-0.942027007660472
S327V,-0.675150413423131
S327W,-0.304562958301251
S327Y,-0.573698909774879
G328A,1.08264618577026
G328C,-0.752387618644951
G328D,-0.910447003726469
G328E,-0.327503350268158
G328F,0.753109067628412
G328H,0.622415129958281
G328I,1.24013229659186
G328K,-0.859176470128503
G328L,1.40828789797137
G328M,1.94795589475921
G328N,-0.96939164991612
G328P,-0.350220873033974
G328Q,-0.950224959632406
G328R,-0.284792310622302
G328S,-0.193837026154208
G328T,0.241712763901063
G328V,-0.781965781558403
G328W,0.174600181003238
G328Y,0.474582052253107
T329A,0.163085078720466
T329C,-0.248944785961529
T329D,0.924847129000896
T329E,-0.532287042021067
T329F,2.22071502327542
T329G,-0.919849337723013
T329H,-0.23680210107859
T329I,2.7589608340686
T329K,1.02277106534651
T329L,-0.283303372349207
T329M,-1.4826555154592
T329N,0.698727580633207
T329P,-0.536256769514102
T329Q,-0.829970564451446
T329R,-1.35924261644439
T329S,-0.129972305175179
T329V,-0.641810218379341
T329W,0.207834780781857
T329Y,0.111050211906095
W330A,1.03453249837159
W330C,0.281069401401466
W330D,-2.77908776056971
W330E,-1.44860628399725
W330F,-0.578093905532668
W330G,-0.0631936066757717
W330H,-0.570907521020449
W330I,0.468537514878399
W330K,-0.870415082658711
W330L,-1.2819068217286
W330M,-0.258552661031012
W330N,-1.18235741386176
W330P,-1.4683366981769
W330Q,-0.585674538723805
W330R,0.791073917786439
W330S,-1.40290931674794
W330T,-0.419749929850519
W330V,-0.678739708109452
W330Y,0.437999330824348
L331A,0.211414227095252
L331C,1.24274244708399
L331D,-0.620066420149313
L331E,-1.13458417586159
L331F,-1.33152021186816
L331G,-2.40235730926558
L331H,1.25347643759634
L331I,-0.522309014073076
L331K,1.65956534849881
L331M,-0.632425390053988
L331N,1.50209342039115
L331P,-0.943471960941759
L331Q,0.802710246445018
L331R,-1.7902278370491
L331S,-1.78571127900709
L331T,-0.427133721563084
L331V,0.351070912550095
L331Y,0.636092075147107
T332A,-1.45273434536329
T332C,0.776947044408303
T332D,-0.79957768792444
T332E,-1.70995737171772
T332F,-1.28219209692151
T332G,-1.63779033355085
T332H,0.0489852479119694
T332I,-0.0626499103427373
T332K,-0.156998611033112
T332L,1.55019443175886
T332M,1.65702070833122
T332N,-1.90382732527178
T332P,-0.640270230846343
T332Q,-0.335240421430317
T332R,-0.315362802104454
T332S,0.304535189230253
T332V,-0.156565459718455
T332W,-0.995742418278148
T332Y,-0.720366586322813
Y333A,-0.220608153111223
Y333C,-1.40365421082382
Y333D,-0.433298419531882
Y333E,0.219785059994625
Y333F,0.273049897721183
Y333G,-0.463574574927709
Y333H,-1.88488767202995
Y333I,-1.30981473286458
Y333K,3.42373046941768
Y333L,-1.32183442177836
Y333M,0.363425170893683
Y333N,-0.576302601292942
Y333P,1.97466248821088
Y333Q,-0.491575867111534
Y333R,-0.774092785689849
Y333S,0.194698367645767
Y333T,-1.05198671029422
Y333W,-0.207424675463146
T334A,0.763029297883712
T334C,-0.0433524796972496
T334D,1.46588971559708
T334E,0.442892736267325
T334F,-0.794748754379664
T334G,2.80119888510799
T334H,-0.881455085603435
T334I,1.58977471852374
T334K,0.156372659104061
T334L,-0.790659476895323
T334M,0.173753657505614
T334N,-1.1042594944771
T334P,-0.177437863933359
T334Q,0.706445909274506
T334S,-0.652177592653005
T334V,0.390798614225016
T334W,1.13487632477025
T334Y,-0.0387007082763095
G335A,1.06047654393656
G335C,0.887606617560797
G335D,0.0436867978098799
G335E,-0.468552897378775
G335F,0.160682545913775
G335H,2.18173942875439
G335I,0.877914069439304
G335K,0.481349963218834
G335L,0.192492845045806
G335M,-0.373033673214876
G335N,2.40706362989614
G335P,0.73413144116158
G335Q,-0.346006434491149
G335R,-0.574757670326833
G335S,-1.53945994198718
G335T,-0.237640219743774
G335V,-1.003545755766
G335W,-0.0817863470615333
G335Y,0.133335431148172
A336C,0.0546464091016423
A336D,-1.3485245941635
A336E,-1.12966263277119
A336F,-0.413893591107539
A336G,-0.160157470512639
A336H,-0.996181582206904
A336I,-0.660536082507865
A336K,0.550891033769389
A336L,0.182071059222119
A336M,1.41958493423193
A336N,0.421338545373517
A336P,0.330742033772667
A336Q,0.217577058857563
A336R,-0.81904114040826
A336S,-1.32816585600706
A336T,0.598516485989055
A336V,-0.665528841649162
A336W,1.0872430661096
A336Y,0.0611101107493218
I337A,-2.25439782731647
I337C,-0.286254633111158
I337D,-0.841711314317972
I337E,-1.04461850230327
I337F,-0.723077506735001
I337G,0.132314051413356
I337H,-0.725796778530444
I337K,-1.55744061100497
I337L,0.315531695234461
I337M,-0.453897640310917
I337N,-1.91323487800569
I337P,-1.1954519559638
I337Q,-1.93484181880138
I337R,2.32772569382389
I337S,-1.38195209050751
I337T,-2.76628557480548
I337V,-0.10333087269297
I337W,2.16749883115945
I337Y,-2.31839383156673
K338A,-0.305626032334439
K338C,0.0224016807245927
K338D,-1.10618278779329
K338E,0.575756682115903
K338F,-0.526108625654387
K338G,1.82880132062888
K338H,-0.941055450804926
K338I,0.69261013211892
K338L,-0.745284411333144
K338M,0.314040047705334
K338N,-1.12468733104541
K338P,0.865919423529377
K338Q,3.5071912119525
K338R,0.995974824352409
K338S,0.118320496808174
K338T,-0.490542829190737
K338V,0.256829955220786
K338W,-0.614634363340416
K338Y,-0.47812236489489
L339A,-0.0673348315877421
L339C,-1.58116862372338
L339D,0.7301316013847
L339E,-0.946935472950621
L339F,-0.599778085576683
L339G,0.681468096179064
L339H,-1.07867567806636
L339I,0.012663016902877
L339K,-0.928495637469497
L339M,5.72823818749716
L339N,1.62624245247378
L339P,-0.390242387884433
L339Q,-0.346940220263067
L339R,-0.315008465619098
L339S,2.64845499190476
L339T,1.63965919056529
L339V,0.891463576123407
L339W,-1.14017046769509
L339Y,-0.327799331424941
D340A,0.694756632455305
D340C,-0.701850067352657
D340E,0.920883510855812
D340F,0.855309575035868
D340G,0.278790137073458
D340H,2.64808713567348
D340I,-0.639200962028068
D340K,-0.713353606945921
D340L,-0.754363304596466
D340M,-0.858816838714815
D340N,-0.906040878980034
D340P,-0.0179450236032363
D340Q,-0.0307761146609833
D340R,-0.71044869034672
D340S,-0.584364063124693
D340T,-0.754466270323975
D340V,-0.0714626748714975
D340W,-0.798987275928231
D340Y,0.115418284279517
D341A,0.558774167989057
D341C,0.152771191409424
D341E,-1.28384842623363
D341F,-0.961302338044105
D341G,-0.829660758750654
D341H,1.02284974520362
D341I,1.71215786972474
D341K,0.0580489716758356
D341L,-0.90529994562606
D341M,-0.16251692844419
D341N,1.02073721288773
D341Q,3.29892624913175
D341R,2.10051268696784
D341S,0.198517666383282
D341T,-0.140826450097371
D341V,2.1365477635238
D341W,-0.602323430639635
D341Y,0.0512602270117965
K342A,-1.1037994016691
K342C,0.196926458609232
K342D,0.449295173578006
K342E,-0.147868418354773
K342F,0.878406967977541
K342G,1.34034420706722
K342H,-0.493309161299158
K342I,0.0149087205345506
K342L,0.117234315712699
K342M,-0.717400389351252
K342N,0.765550451391298
K342P,0.339684164420231
K342Q,0.690421757912247
K342R,-1.04568030109602
K342S,0.661647963991302
K342T,0.0832972324860737
K342V,0.207497144885641
K342W,0.236726840376365
K342Y,0.390313555316784
D343A,1.42434925135086
D343C,2.32161653412068
D343E,-0.599987565999293
D343F,2.00756271822351
D343G,-1.60623568298796
D343H,1.07931849060695
D343I,-1.4357707450681
D343K,0.651044590510661
D343L,-0.755176637823204
D343M,-0.98899283329302
D343N,0.144583620416798
D343P,-1.42069752505436
D343Q,0.299948138617745
D343R,-1.54877933064124
D343S,-0.145830945642128
D343T,2.80777309527989
D343V,-2.05716984442425
D343W,-0.782291962218197
D343Y,-2.34474021171199
P344A,2.09725994563777
P344C,-1.00204911582476
P344D,-0.720612650517849
P344E,0.10991537553817
P344F,-0.942144373679852
P344G,0.139573392087305
P344H,-0.792151731491599
P344I,-0.28292781842305
P344K,-0.698305576352031
P344L,-0.447498435122399
P344M,3.45049456431582
P344N,1.7006271359254
P344Q,0.0964964410379237
P344R,1.10183190162437
P344S,-0.251112102115893
P344T,0.827183835353426
P344V,1.46947227554228
P344W,-1.20103285567479
P344Y,0.142326839582013
N345A,-0.167129440168203
N345C,-0.439959365722854
N345D,3.13140645437389
N345E,0.255810919456017
N345F,-0.684615880602556
N345G,0.110354797535469
N345H,-0.578414716017153
N345I,-1.10552190462042
N345K,0.187978375030151
N345L,2.02584499336186
N345P,-2.94721883459897
N345Q,0.0225473717877769
N345R,0.951368930237126
N345S,-1.29020671822203
N345T,-0.643312205798716
N345V,-0.669363683697313
N345W,-0.694185751862367
N345Y,1.78595064529107
F346A,1.17546354345826
F346C,-0.342641290107927
F346D,-0.442273817004673
F346E,-0.886659330105389
F346G,-1.6386946737404
F346H,0.554041847175206
F346K,-0.228366775528529
F346L,-0.0429181549750274
F346M,-0.142856951029435
F346N,-1.4415651713379
F346P,2.28184338405861
F346Q,9.06381358722447
F346R,-1.85860609044681
F346S,-0.732770209376948
F346T,-2.00797005237959
F346V,-0.855464457875386
F346W,-0.488306229295873
F346Y,-0.278798175114091
K347A,-0.507511648438093
K347C,-1.12865787848839
K347D,1.26897609349417
K347E,1.15239966491638
K347F,1.28538899188505
K347G,1.89004357258152
K347H,-0.198965141725863
K347I,-1.78036041717819
K347L,-0.288531732485176
K347M,-0.763931525093743
K347N,-1.1108306983217
K347P,-1.78190657395581
K347Q,3.333604813002
K347R,-0.312520322726762
K347S,1.20859319839322
K347T,-0.364371094556841
K347V,-0.225176068338287
K347W,-0.512737973605663
K347Y,0.299961724342284
D348A,-0.472722389166311
D348C,-1.85589151743048
D348E,-0.723941430537152
D348F,-0.641598339171708
D348G,1.08156591238959
D348H,-2.10852061686694
D348I,-0.529698471768026
D348K,0.691169442768738
D348L,-0.150590136083826
D348M,-0.868208582946223
D348N,-0.429779691354381
D348P,0.474683080899356
D348Q,-1.62979087526369
D348R,-0.142955898070267
D348S,-0.246143508959086
D348T,0.68145418869432
D348V,-0.810661257173525
D348W,-0.663303516786353
D348Y,-0.0920418606902561
Q349A,-0.44095950171686
Q349D,-0.941208810066195
Q349E,-0.459020111149143
Q349F,-0.0327326012473325
Q349G,-1.18874141920535
Q349H,-0.191607262127251
Q349I,-1.70492996842731
Q349K,0.577306548281157
Q349L,1.39684511579742
Q349M,-1.05742533283097
Q349N,-1.26493272137474
Q349P,-0.321136601843847
Q349R,-0.13296857967072
Q349S,0.269461359218885
Q349T,0.0952601556466321
Q349V,-0.455406634332005
Q349W,-0.228478194536772
Q349Y,-0.596418188164278
V350A,-1.54093359605051
V350C,6.44888140470687
V350D,-1.39658083105328
V350E,-0.204035908965931
V350F,1.25439857313225
V350G,0.873230344857058
V350H,-0.498685302960832
V350I,-1.41372544093083
V350K,-0.475966472514857
V350L,-0.481712057846423
V350M,-0.400029478375106
V350N,-0.343738534464366
V350P,-0.156024118965525
V350Q,-0.154026584129201
V350R,0.189968739551322
V350S,0.852227196386008
V350T,-0.14366169445277
V350W,-1.14355476422436
V350Y,-1.08807185583596
I351A,-0.847402665050052
I351C,-0.719310049527396
I351D,0.578993430146892
I351E,-0.481759207929721
I351F,0.147953081905253
I351G,-0.211195279670523
I351H,-0.725970451577494
I351K,-0.309137564077796
I351L,1.05701529713044
I351M,3.7963202733673
I351N,0.586450287193552
I351P,0.245043754009729
I351Q,-0.61297946189032
I351R,4.57375665468992
I351S,-0.476453927358019
I351T,-0.562741465483425
I351V,6.18542410846257
I351W,-0.845104230048399
I351Y,-0.849882918133076
L352A,-2.24237000100704
L352C,2.35877015043312
L352D,3.4188644237376
L352E,-0.242739902904426
L352F,-0.0732857126968644
L352G,-1.64367442583064
L352H,1.84025147492348
L352I,-1.28558896013795
L352K,0.19522094105121
L352M,-0.516911207923091
L352N,-1.01755347328997
L352P,-1.67845950739992
L352Q,-0.540926858689836
L352R,-1.50528170051439
L352S,2.7571527194252
L352T,-0.100794348481215
L352V,-0.685182266275216
L352W,-0.936631689106777
L352Y,2.46458811313669
L353A,1.05236657953159
L353C,1.69114787012631
L353D,-0.670381468780215
L353E,5.31057007732958
L353F,0.960450180393612
L353G,0.0251640348151342
L353H,-0.0943398545155022
L353I,1.178389229622
L353K,-1.18995414774665
L353M,0.0640712305446599
L353N,5.60343664629573
L353P,0.34266628778158
L353Q,2.42018393518293
L353R,-0.410693560137373
L353S,-0.761456481496226
L353V,-0.688894057861327
L353W,3.36663692422687
L353Y,0.661376447362529
N354A,-0.0338380620242061
N354C,-0.0398342087291244
N354D,-0.69781932489231
N354E,4.50416970541964
N354F,0.111997655884734
N354G,-0.667557665612261
N354H,0.388068058039256
N354I,1.54354820567343
N354K,-0.890753395136147
N354L,1.09828436491645
N354M,1.04799654149762
N354Q,-0.759089773955516
N354R,-1.06332440449178
N354S,2.57981676692952
N354T,0.217725016246625
N354V,0.11565071682105
N354W,0.902509983564233
N354Y,0.786697015888781
K355A,-2.50114902233236
K355C,-0.827273560089194
K355D,-1.46706238943052
K355E,-2.05424865204996
K355F,-0.395694117110808
K355G,-0.207493132355218
K355H,0.0707307867819125
K355I,-1.03925423082826
K355L,-2.12540050188791
K355M,-1.02246352276275
K355N,0.696248331067762
K355P,-2.28751920398405
K355Q,1.61867544085339
K355R,2.08649291890707
K355S,3.11819403037556
K355T,0.0676327002300499
K355V,-0.747794172112749
K355W,-0.416231269951535
K355Y,-1.20300016614202
H356A,3.42790520730785
H356C,-0.0274162368001377
H356D,2.10259978666073
H356E,5.31157737424858
H356F,-2.86687814823543
H356G,3.39585245040321
H356I,-0.897082022352021
H356K,0.662451136655978
H356L,-0.629022793372357
H356M,-1.9211820216646
H356N,2.47892706131385
H356P,0.937679277872195
H356Q,-0.316143868011036
H356R,-1.28589410904824
H356S,-0.327445481794642
H356T,-1.15288159390873
H356V,0.839380733943139
H356W,1.55698093645172
I357A,-0.181655352010033
I357C,4.8938839034583
I357D,-0.419005827952021
I357F,7.68841527768689
I357H,-1.17648867804032
I357K,-2.15739466477719
I357L,-1.54060745679531
I357M,0.310424762284957
I357N,-0.495905261064053
I357P,-1.85799572783058
I357Q,1.2948901585126
I357R,-1.75579823748338
I357S,-0.4880054460031
I357T,-0.260343767552003
I357V,-0.429959605272367
I357W,-0.649256328644983
D358A,-1.17853799895581
D358C,-1.6538837129942
D358E,-1.81058184811281
D358F,-0.0732459411898979
D358G,0.132939849250778
D358H,-0.70661939685969
D358I,-1.73609631887119
D358K,0.454512709344167
D358L,-0.242369166762342
D358M,-0.311952054965399
D358N,-0.364354331666919
D358Q,-0.875086035750672
D358R,-0.861175008806302
D358S,-0.293213367904847
D358T,-2.03033175343447
D358V,-0.614317450805121
D358W,-0.308383990335232
D358Y,-0.479753376683175
A359C,-0.194932170172046
A359D,0.178734345581026
A359E,-0.308383990335232
A359F,1.32163627914656
A359G,-0.124947096809815
A359H,-0.221007589576022
A359I,-0.0822702459990936
A359M,-3.4069440602983
A359N,-2.10335548606413
A359Q,-0.582378984120293
A359R,-1.08233789940239
A359S,-1.36546403096985
A359T,-0.985925696287596
A359V,-2.53590481294808
A359W,1.67457831407873
A359Y,-0.526044846034861
Y360A,-0.56497280207712
Y360C,-2.20120985917335
Y360D,0.112916615075024
Y360E,-0.0714626748714975
Y360F,-1.9469943734475
Y360G,0.194155117320349
Y360H,-1.27854633265583
Y360K,-0.671611574343234
Y360L,-0.711182117655087
Y360N,-0.539500208062886
Y360P,5.55776338014305
Y360Q,-0.501490893701618
Y360R,-1.27599650375638
Y360S,-0.161253965039219
Y360T,5.25814130740407
Y360V,-2.03033175343447
Y360W,3.54943289074848
K361A,-1.03076913299855
K361C,-1.5088038736715
K361D,-0.634466975066401
K361E,1.35701851031142
K361F,-0.810962374619037
K361G,-1.0080199288304
K361H,-1.08914946734374
K361I,0.496486727211459
K361L,2.89074205070596
K361M,-0.345304963049203
K361N,-1.31253793075315
K361P,-0.406319425135069
K361Q,-0.209878797565855
K361R,-1.86984718729145
K361S,-1.33704239983047
K361T,-1.21939868425421
K361V,2.47538520830737
K361W,-0.719035768173797
K361Y,-1.27127609392941
T362A,0.941809745638929
T362C,0.465437034358385
T362D,-1.71085462240981
T362E,0.500541735745367
T362F,0.611845836687657
T362G,0.524160462743601
T362H,-2.07546573133033
T362I,0.962187874288465
T362K,0.50069606796848
T362L,0.0566620845655345
T362M,-0.403043901692298
T362N,-0.332584696123689
T362P,1.36066178710429
T362Q,-0.334972918869035
T362R,0.959074644929825
T362S,0.940854771638779
T362V,-0.433463729328738
T362W,-0.519709454003402
T362Y,0.712013280214832
F363A,0.551876025329588
F363C,0.127708070551797
F363D,9.28247454245622
F363E,-0.00125870643803152
F363G,-1.40358325654553
F363H,-0.00858075326752157
F363I,-0.565492447642567
F363K,0.60276726932443
F363L,4.58380922920235
F363M,-1.45028296734241
F363N,5.12192815728519
F363P,-0.91174189320006
F363Q,-0.384482779943651
F363R,-0.621821774489896
F363S,-0.403022758450282
F363T,0.00477780334258698
F363V,0.00411529520126658
F363W,-0.022234054713193
F363Y,0.796371878249387
P364A,1.26781960986824
P364C,0.671741529968047
P364D,5.75066758634391
P364E,-1.53218834532366
P364F,0.100124045022811
P364G,1.07840783418151
P364H,0.251232372234565
P364I,-0.758160033255912
P364K,-1.05854413137245
P364L,-0.483127490429761
P364M,0.216092764644925
P364N,-0.356340954924646
P364Q,-1.23115432743401
P364R,0.0569946830443338
P364S,2.78195829744589
P364T,2.12688708415217
P364V,3.07005769420206
P364W,0.240110005779114
P364Y,-0.678995121263373
P365A,-0.739186522510476
P365C,6.37909399060898
P365D,2.44704003633856
P365E,-1.04156553412856
P365F,0.971325489741808
P365G,0.100425344029565
P365H,0.0234864646124528
P365I,-2.1893157423712
P365K,0.618007968158181
P365L,3.13902096194087
P365M,1.08379748714045
P365N,0.288358134121752
P365Q,-0.239519729233817
P365R,-1.11097134286063
P365S,-0.648836547976432
P365T,1.60587742799674
P365V,-0.532656355144606
P365W,-0.823695651771676
P365Y,0.392803912540933
T366A,2.64975121694109
T366C,0.730389245231458
T366D,-1.71085462240981
T366E,-0.556280539773928
T366F,-0.570613631834617
T366G,1.76124821354696
T366H,-0.777464616790215
T366I,-0.156607538523264
T366K,-1.09265542816592
T366L,0.227690909580969
T366M,0.440511643435304
T366N,5.74193881496784
T366P,-0.469512605791433
T366Q,1.21832649273676
T366R,2.49121565084312
T366S,-1.20686035758019
T366V,-0.16598184915197
T366W,-1.90360615305011
T366Y,-0.0287697065484753
E367A,-1.86360921189763
E367C,1.58678688228412
E367D,2.48257248815925
E367F,-0.0473232225609516
E367G,0.746220152570881
E367I,-0.158529673256884
E367K,0.883324122328645
E367M,1.07930069199523
E367N,6.82642674868593
E367R,0.860661689915643
E367S,-0.100703802804967
E367T,-0.693464658186253
E367V,-0.152560326795299
E367W,-0.559282824133133
E367Y,0.551685826730183
P368A,1.28187737894727
P368C,0.614652139778729
P368E,3.05473717546367
P368F,-1.63988478981861
P368G,0.170585548305842
P368H,0.69155258124068
P368K,-1.31423888813857
P368L,-1.07532545240059
P368M,-1.36588787774708
P368N,0.0503000273290448
P368Q,0.616822454308102
P368R,0.233413053747685
P368S,0.072492437738011
P368T,-0.868691714250436
P368V,1.28994803261805
P368W,0.999421227188568
P368Y,0.971356675362652
K369A,-0.464866717646875
K369C,0.734243322434577
K369D,-1.64144624076856
K369F,-1.40365421082382
K369G,-2.6892605062226
K369H,0.837601774800948
K369I,1.80858930286641
K369L,1.12345093712356
K369M,2.89960933044148
K369N,3.87381415343006
K369P,0.973192755529156
K369Q,5.97845390568397
K369R,1.55092814549521
K369S,-0.0389614537453729
K369T,-3.05638444702059
K369V,0.172726566312351
K369W,4.68735398486431
K369Y,0.203591963519647
K370A,-2.45230245081714
K370C,6.60170848171926
K370D,4.52617944204834
K370E,3.10250426978287
K370F,-0.533768641990078
K370H,-0.591725500431876
K370I,-0.967499256848269
K370L,-0.525887976105714
K370M,0.586285902147901
K370N,-0.287366934368115
K370P,-1.36712313057796
K370Q,-0.16110596075113
K370R,-0.0579425464825849
K370S,-0.329871151682419
K370T,-1.2660152537429
K370V,0.00657828659923015
K370W,7.15666996286705
K370Y,-1.0983290959344
D371A,-0.363974726490941
D371C,-0.153314363533883
D371E,-0.46504891003645
D371F,0.470217556902748
D371G,-0.885344964118474
D371H,-0.0351407755619186
D371I,0.719716907877313
D371K,-0.257640509883201
D371L,0.472990296392649
D371M,-0.0957673880364702
D371N,1.09130279643955
D371P,-0.773089987458489
D371Q,0.559830810019792
D371R,-0.712066952264704
D371S,0.886751277757886
D371T,0.17844372089603
D371V,-0.485606342618593
D371W,-1.18995414774665
D371Y,1.20034562168882
K372A,2.23062215666517
K372C,-1.0049636380428
K372D,12.6981739240834
K372E,0.275449304498338
K372F,-0.538479191410783
K372G,-0.233989509245187
K372H,-1.22187116564311
K372I,0.394078274451574
K372L,0.00287275411902092
K372M,0.26999815233418
K372N,0.435755262922916
K372P,0.693655394199332
K372Q,-0.0991738825768058
K372R,-0.315037997405277
K372S,1.36109087754737
K372T,-1.36298821488679
K372V,2.67596012335223
K372W,8.23616511277834
K372Y,0.699328015883979
K373A,2.4600685401664
K373C,-1.81803102045611
K373D,1.84511204756945
K373E,-1.52965012155226
K373F,0.436671212531158
K373H,0.98677811357786
K373I,-1.43704965792983
K373L,-0.36455933778616
K373M,3.04732061775627
K373N,-0.899728031465319
K373P,0.406388407478967
K373Q,0.199539060774988
K373R,-0.719422299956205
K373S,0.0791331093363626
K373T,7.53366056543353
K373V,1.02824762419013
K373W,-0.0145316148289922
K374A,0.208671017202854
K374C,-0.77365939708856
K374D,0.114124593204511
K374F,0.00989336621364061
K374G,-3.05638444702059
K374H,-0.469956983595502
K374L,-2.19436226726191
K374M,11.9404674469578
K374N,-1.54906197960528
K374P,2.26140599169183
K374Q,0.182424443940556
K374R,-0.188142271050677
K374S,-1.59610075709809
K374T,-2.81098889747724
K374V,0.623433950799936
K374W,-0.183978359158111
K374Y,0.2871770970744
K375A,11.6998004178843
K375C,3.42202016671872
K375D,1.86765778101943
K375E,-0.932982146870165
K375F,0.331754297551719
K375G,0.31726490719796
K375H,-0.335684801249873
K375I,3.18930150830618
K375L,0.370787777374552
K375M,0.156506798419505
K375N,3.16953124891564
K375P,-0.861555731482328
K375R,3.68340676331494
K375S,-1.76224633891157
K375T,2.0701345087349
K375V,-1.30341122246027
K375W,-1.83380074686299
K375Y,-1.64086931440107
A376C,-0.0570634679556361
A376D,0.110094417950199
A376E,-0.570486303364798
A376F,1.20017646409867
A376G,1.91032637628971
A376H,0.0788285183175406
A376I,-0.577716306219177
A376K,0.112578596964357
A376L,1.16672692683366
A376M,0.0945444546826987
A376N,2.48509685900079
A376P,0.058728869005663
A376Q,1.08600170312907
A376S,-0.10984042980796
A376T,0.163489418851551
A376V,-0.596469996251105
A376W,-0.602313472387084
A376Y,1.0325590738886
D377A,-0.511425606509129
D377C,-0.174975028569585
D377E,0.478617816400377
D377F,-1.24902527263512
D377G,1.65886877949884
D377H,-0.0357753646324677
D377I,0.718541446151267
D377K,0.293442428953776
D377L,2.74244298551492
D377M,0.352165386938148
D377N,0.0195771034187092
D377P,1.69265807435229
D377Q,-0.735434078263925
D377R,0.31634069408401
D377S,0.71730989788678
D377T,6.47439289185527
D377V,0.279802621380017
D377W,-0.657331984746148
D377Y,-1.04203045388579
E378A,-1.51204110138069
E378C,-0.156383246411573
E378D,0.668226740078159
E378F,-1.06255757771726
E378G,0.485967026927895
E378H,1.1424921444092
E378I,1.17851360642385
E378K,0.961617772699935
E378L,-1.19423534916534
E378M,0.990507343940793
E378N,-0.232843219800719
E378P,0.721661220303128
E378Q,-0.674846760798633
E378R,1.02862740372479
E378S,1.58663042619779
E378T,1.83350305691255
E378V,4.11059273453153
E378W,0.081260660091506
E378Y,-0.31833412875954
T379A,7.07417338973928
T379C,0.902210758304213
T379D,-0.659722521456456
T379E,-1.14494746922838
T379F,-0.704568405003434
T379G,0.319080516238737
T379H,-0.702762146660443
T379I,1.22228655362341
T379K,1.41795106873389
T379L,-1.98711403502479
T379M,-0.712226001221721
T379N,2.08568602446968
T379P,-0.532613983347457
T379Q,-0.659462289018361
T379R,-0.552055556902835
T379S,3.63045138914736
T379V,0.961672263577499
T379W,-1.7304060357395
T379Y,-0.399934966213953
Q380A,-0.173345722701555
Q380C,-2.21598111359046
Q380D,0.241560050776985
Q380E,-3.1943577641031
Q380F,-0.740315743404538
Q380G,0.402837590973693
Q380H,0.691859107715122
Q380I,0.289660522430801
Q380K,-0.474137345177945
Q380L,-0.224285332961696
Q380M,12.6981739240834
Q380P,4.93423312552485
Q380R,0.328664289496242
Q380S,-1.13164526867857
Q380T,-0.591837777312934
Q380V,-0.987117068865486
Q380W,2.15074240012916
Q380Y,-0.250103139935228
A381C,-0.601069342949831
A381D,0.324732055723664
A381E,-1.26861151226167
A381F,0.268511841076818
A381G,0.078085972810393
A381H,-0.513029444943175
A381K,0.316155254746253
A381L,-2.20926668270021
A381M,4.79343372414449
A381N,0.430864705540711
A381P,0.531422950161094
A381Q,1.30381925152626
A381R,0.890194267739861
A381S,0.495886060521725
A381T,-0.211893233465573
A381V,0.67198688131905
A381W,-0.0387681345419758
A381Y,1.56256491583788
L382A,3.10912531422823
L382C,0.383031934689932
L382D,-0.266940977586282
L382E,1.32634146479007
L382F,-0.563903129033689
L382G,1.39180744567547
L382H,-0.029810471186935
L382I,0.0103658874522516
L382K,-0.661774849190617
L382M,0.758972762463338
L382N,1.17292765194268
L382P,-1.040323046955
L382Q,-0.132604429636652
L382R,-0.223248413755202
L382S,-0.917922478889708
L382T,-0.432285972031023
L382V,0.265639818104747
L382W,-1.74792592501519
L382Y,2.23070893703851
P383A,-1.01975487182411
P383D,-0.391906011773199
P383E,-0.296666141562478
P383F,1.20044667341238
P383G,0.010254200887388
P383H,2.98090738300357
P383I,-0.771599825331146
P383K,2.19471324036249
P383L,-0.997023465459608
P383M,1.06705577703131
P383N,-0.877809515191041
P383Q,0.176182321940529
P383R,0.15605433487679
P383S,-0.517032418511244
P383T,0.198649223434656
P383V,-0.487563674269793
P383W,-0.207950305190924
P383Y,-1.51224979737117
Q384A,1.93393557783594
Q384C,0.526451655586285
Q384D,-0.40467856058295
Q384E,1.0028053553891
Q384F,-2.15318745022009
Q384G,4.54576217534317
Q384H,-0.0478171315050901
Q384I,-0.710300986286149
Q384K,0.152876027836278
Q384L,-0.684464571597637
Q384M,-2.16741086835995
Q384N,0.152097535605556
Q384P,-0.947096646353975
Q384R,1.16732814454477
Q384S,3.89339225915242
Q384T,-1.7146260686241
Q384V,1.36707671829713
Q384W,-0.7819782706626
Q384Y,-0.186498616752671
R385A,0.679786850276683
R385C,2.26201056719016
R385D,0.933642989525344
R385E,2.04680616316053
R385F,1.37430767522149
R385G,0.395253210600094
R385H,-0.0396947291365451
R385I,-1.06457448368592
R385K,-1.00843765434774
R385L,-0.66596115884307
R385M,-1.54522929962793
R385N,2.13186405062111
R385P,-0.653585741218782
R385Q,-0.507857225502822
R385S,-1.69444287040597
R385T,1.03510977259033
R385V,-0.965103821127555
R385W,-0.148742041440576
R385Y,-0.457521288794965
Q386A,-1.93048007101674
Q386C,6.71805545579641
Q386D,-0.866848344611444
Q386E,-1.6006773806503
Q386F,-0.516349145997157
Q386G,-0.145078720469164
Q386H,-0.444718425508432
Q386I,0.746117342306817
Q386K,0.958506578763554
Q386L,1.19312419238777
Q386M,0.393624011993756
Q386N,0.972387456775694
Q386P,-0.253640707771415
Q386R,0.0672782881859789
Q386S,-0.430079811926915
Q386T,0.36546332899675
Q386V,-0.154994613517296
Q386W,0.179069840768207
Q386Y,-0.990814776063952
K387A,-1.26432365772784
K387C,-1.10512207898445
K387D,0.103145448354162
K387E,-1.20868405139587
K387F,2.48162589431539
K387G,1.04962184608712
K387H,5.26626415817924
K387I,-0.501189281302696
K387L,-0.132242396220396
K387M,-0.827001249683736
K387N,-0.293959052153476
K387P,2.58104347462724
K387Q,0.353721697595271
K387R,-1.14208186035855
K387S,-1.94497227704874
K387T,0.306995623985505
K387V,2.7739222241791
K387Y,-0.408918731583839
K388A,0.419038808959627
K388C,0.328606637868806
K388D,0.295704215908116
K388E,1.10323488355011
K388F,1.88510220387947
K388G,4.41430708561979
K388H,-0.576519556083385
K388I,2.87764789696795
K388L,2.10342263631581
K388M,-1.78526432718913
K388N,1.14113850607531
K388P,-0.00314300653984435
K388Q,2.28681578158792
K388R,-0.500195971821283
K388T,0.435322757568873
K388W,-0.287864020880249
K388Y,-1.79300840930063
Q389A,0.589709064725668
Q389C,-0.377655286519745
Q389D,-0.754834151972504
Q389E,-0.278854898555835
Q389F,-1.42117205457221
Q389G,5.22911817265725
Q389H,-0.513502114202031
Q389I,-0.561446914778549
Q389K,-0.00383497007811056
Q389L,-1.01156922264424
Q389M,-1.26218404322006
Q389N,0.300198138409306
Q389P,0.516510273803044
Q389R,0.232641580585351
Q389S,-0.12117849251792
Q389T,-1.20438557710449
Q389V,-1.6586416022503
Q389W,0.262382377596382
Q389Y,-0.49460263975742
Q390A,-0.941231078474907
Q390C,0.0911919979575644
Q390D,-0.702517490709643
Q390E,-0.2538933909591
Q390F,0.332606838392808
Q390G,1.75493987298186
Q390H,0.586975652067084
Q390I,-0.301878399612297
Q390K,1.01784352266822
Q390L,-0.842750480661072
Q390M,0.152009436198044
Q390N,-0.171397172914701
Q390P,-0.362056276579946
Q390R,0.105361233827991
Q390S,0.10318455929489
Q390T,0.137700535259865
Q390V,-1.14348895483418
Q390W,-0.217929292908652
Q390Y,-0.39613583753851
T391A,-0.5974137184628
T391C,-0.113002237402944
T391D,0.494964520643539
T391E,-0.382413867395315
T391F,0.940003621675894
T391G,-1.14606594873527
T391H,-1.34069357190191
T391I,-0.330641165729863
T391K,0.308591762226902
T391L,-0.469207616530127
T391M,-0.259516512732528
T391N,-1.08239950576503
T391P,0.011432669476758
T391Q,1.52327799435027
T391R,-1.11823269306572
T391S,0.159813267133252
T391V,1.36059835932746
T391W,0.988852671992395
T391Y,2.49771066342437
V392A,0.885113030255433
V392C,-1.60860815032407
V392D,-0.611790375221312
V392E,1.02661559781884
V392F,-1.06781415780295
V392G,3.25230972631365
V392H,0.091709946602514
V392I,-0.394089818276879
V392K,0.648119677677729
V392L,2.68861469217097
V392M,3.9799731022837
V392N,0.452003412180498
V392P,-0.0934228378266614
V392Q,-0.111120651600892
V392R,0.493559976036851
V392S,0.0519726016663498
V392T,-0.995857396810966
V392W,9.09181170390966
V392Y,10.1922085625608
T393A,1.71573861340578
T393C,1.11884650215067
T393D,0.485814490663828
T393E,-0.746032474380478
T393F,0.43015354074136
T393G,6.75448823785108
T393H,-0.432875833044455
T393I,0.015572848228107
T393K,-0.031196873212938
T393L,1.41637660163234
T393M,0.48728311705802
T393N,-0.6426051510459
T393P,1.26471645574061
T393Q,-0.271460009552597
T393R,-0.0620644167536678
T393S,0.20230238795302
T393V,-1.20387777233733
T393W,-1.20775283548824
T393Y,-0.612531455633842
L394A,1.6812676148668
L394C,-0.448868854445787
L394D,-0.285031346845283
L394E,-0.702660686610616
L394F,-0.898405382455401
L394G,-0.868866051409057
L394H,1.45848966791461
L394I,1.0495185975275
L394K,-0.317020897100501
L394M,-1.10212731811021
L394N,0.109659528571853
L394P,0.249404995961044
L394Q,7.29906585478164
L394R,-0.729289706258615
L394S,0.231400944229522
L394T,3.68137442673279
L394V,0.633142685288549
L394W,0.543632972576423
L394Y,0.653382033755821
L395A,-0.100530947867356
L395C,0.904549861431445
L395D,-0.736813506145237
L395E,-1.09624893131778
L395F,0.458060573909866
L395G,-0.373628997295264
L395H,-0.987123664053012
L395I,-0.572763609949014
L395K,-1.33205519157936
L395M,0.647906908900143
L395N,0.396649779838267
L395P,-0.687394024703039
L395Q,0.788705815225596
L395R,-0.410015568329718
L395S,-0.0308974660826135
L395T,5.10572432699094
L395V,-1.28233305504824
L395W,-0.292247143826134
L395Y,0.524946106341236
P396A,-0.41095978694544
P396C,-0.12673559158309
P396D,-1.15720437411265
P396E,0.00676487256744576
P396F,-0.564986919820264
P396G,-0.879713831913836
P396H,0.564730915428778
P396I,0.0749589159715557
P396K,-1.12916391821878
P396L,-1.16751830468972
P396M,-0.513380349366678
P396N,-0.226392088306141
P396Q,2.92373564810258
P396R,-0.461235577870246
P396S,1.84070177303133
P396T,1.89030258852569
P396V,-1.1442624576182
P396W,-1.21766949348747
P396Y,-1.54724362209738
A397C,0.407076210968922
A397D,0.0424868577521834
A397E,-0.312819863613385
A397F,-0.435020560584837
A397G,0.241903340902051
A397H,-0.140475930812569
A397I,0.168314930071935
A397K,0.242701448984687
A397L,-1.22446723676786
A397M,0.748185028535439
A397N,0.0882663181574601
A397P,0.777426774194091
A397Q,-0.281285039399953
A397R,1.73750352273742
A397S,1.03989469316368
A397T,3.82591232387822
A397V,4.27710826291792
A397W,-0.588653865683005
A397Y,1.50144160715744
A398C,-1.36069619060893
A398D,0.327481915762015
A398E,0.200558672873178
A398F,-1.63911806414519
A398G,-1.56384166059885
A398H,0.550664693703965
A398I,1.23902087711291
A398K,-0.706836202719353
A398L,0.160413989562505
A398M,-1.29298395910285
A398N,-0.267217211776431
A398P,-0.771910427759332
A398Q,3.21820804330968
A398R,0.0840694276718744
A398S,-0.626127655567353
A398T,6.64824382221834
A398V,-0.0291928486478481
A398W,2.8074721926836
A398Y,-0.799356395345989
D399A,1.72029185294181
D399C,-1.12654745511633
D399E,1.71732955298978
D399F,0.24041562674653
D399G,1.05247786000143
D399H,-0.11627634876175
D399I,2.32305646351214
D399K,0.713366991394258
D399L,-0.752630174779421
D399M,-0.110081407858761
D399N,0.0719642370702529
D399P,2.48386069431138
D399Q,-0.322903750544598
D399R,0.326113299044148
D399S,-0.283588386186418
D399T,-1.06584824662445
D399V,0.528707364091871
D399W,-0.598860795790051
D399Y,0.0116018854915158
L400A,0.970071287559873
L400C,-0.0546537286588119
L400D,0.693920948717008
L400E,-1.4694316342887
L400F,0.342924921402529
L400G,-0.444159803963237
L400H,-0.00522928046926969
L400I,-0.63431365048564
L400K,-0.363227084070769
L400M,0.0877964425294226
L400N,1.93182376275126
L400P,-1.37196780845385
L400Q,-0.127000721715834
L400R,0.214885024714413
L400S,-1.67708954991216
L400T,0.0721711944826102
L400V,-0.135900025787119
L400W,5.60445597860615
L400Y,1.83978898764317
D401A,-0.0183953947902049
D401C,-0.749464981762736
D401E,-0.59274495481252
D401F,0.599357895926724
D401G,-1.39616755524426
D401H,2.15736110146977
D401I,-1.34253311090583
D401K,-0.136923555342199
D401L,0.34774469575338
D401M,-0.0813219178102323
D401N,-0.514886704384117
D401P,0.747751066496747
D401Q,-1.39775694900219
D401R,-0.893529313539545
D401S,0.246802853807614
D401T,0.209721824915105
D401V,-0.68234008786612
D401W,0.0623194277060442
D401Y,-0.794309800149484
D402A,-0.123914668411542
D402C,-0.506912770529962
D402E,-1.20774134074652
D402F,0.3190843733722
D402G,-0.476558605675152
D402H,-0.0222607174559665
D402I,-0.465001452999685
D402K,0.547197953714541
D402L,4.50868792421283
D402M,0.0522605304370089
D402N,-0.0782039259888152
D402P,0.726709724954085
D402Q,0.963515075741822
D402R,-1.06913026521566
D402S,-0.735566315470153
D402T,-0.414411268452809
D402V,-0.925776104657249
D402W,-0.117228653921818
D402Y,0.301845934927012
F403A,1.89269549821098
F403C,-1.23466574644347
F403D,-0.286276886414329
F403E,0.128576057603174
F403G,-0.467964329270401
F403H,0.268474540072156
F403I,-1.33315308572375
F403K,-0.554524872026197
F403L,4.45101691960059
F403M,-0.325146934182489
F403N,0.705536132380691
F403P,2.08857403633851
F403Q,-0.306548996264892
F403R,0.803409728138076
F403S,-0.0990562429077984
F403T,-0.507037372348985
F403V,-0.0445683001655411
F403W,-2.64968367312168
F403Y,1.63186500628983
S404A,0.506016091577804
S404C,-0.517595378231746
S404D,2.783793144268
S404E,6.03310985209642
S404F,2.58586690457574
S404G,0.104447903040147
S404H,-0.63342994858078
S404I,1.66086545614266
S404K,0.577350938335778
S404L,-1.31180378741253
S404M,-0.466343378075249
S404N,-0.175131683828089
S404P,-2.38689600759255
S404Q,-1.06499035769254
S404R,-1.6334097522873
S404T,0.0185487544527359
S404V,7.48590672783618
S404W,1.1945431894127
K405A,1.35662079250771
K405C,-0.364026342109174
K405D,1.66613189887747
K405E,0.735013264799052
K405F,-0.0787541129040575
K405G,-0.571802366616293
K405H,3.32344618377243
K405I,-2.2467723738819
K405L,-1.30981473286458
K405M,1.86104840652329
K405N,1.27559048288366
K405P,2.43655478791343
K405Q,1.70535967971572
K405R,0.429213421960273
K405S,0.722326043745643
K405T,0.795397184833697
K405V,0.3589900181252
K405W,-1.16892915003591
K405Y,-0.545726181072865
Q406A,0.851483754712484
Q406C,-0.238423103327559
Q406D,-0.075378157071235
Q406E,-0.461930075415441
Q406F,0.865825546695659
Q406G,-2.04129718351131
Q406H,-0.0354170215782563
Q406I,-1.79820247275816
Q406K,0.212176210504524
Q406L,-0.373192006893829
Q406M,1.1900789654835
Q406P,0.387626938465672
Q406R,0.153934637354363
Q406S,0.137937127342116
Q406T,-2.89122973542048
Q406V,-1.29282952716988
Q406W,0.338538930433387
Q406Y,0.7238098091313
L407A,-1.39762971842579
L407C,-1.21254903071172
L407D,-0.131822230184172
L407E,1.70917366915172
L407F,-1.18257810556975
L407G,3.50431822687763
L407H,-0.196401625068782
L407I,0.152599881657355
L407K,0.092258747199704
L407M,0.422593913689334
L407N,-0.109598556924012
L407P,1.21699920755452
L407Q,-0.380316643307865
L407R,0.157470536055701
L407S,-1.10519632828653
L407T,-0.627262791342643
L407V,-0.689977785759254
L407W,0.762175038176024
L407Y,-0.247343336945915
Q408A,-0.975969473136572
Q408C,4.17077147425938
Q408D,-0.0831838518090506
Q408E,1.92389152416523
Q408G,7.3266690323661
Q408H,-2.16741086835995
Q408I,0.35943701014579
Q408K,11.4053093372005
Q408L,7.53895670441032
Q408M,2.12591414810965
Q408N,1.38351829514997
Q408P,-1.18468892625456
Q408R,-0.980036450699604
Q408S,3.34066004418999
Q408T,-0.158501989538442
Q408V,-0.89323365485371
Q408W,0.0783638733438342
Q408Y,0.711506579455034
Q409A,-1.56894683465677
Q409C,0.622902691083334
Q409D,-0.552041328881666
Q409E,-0.600444457594999
Q409F,0.182512726854627
Q409G,0.0218428249203336
Q409H,-0.531530821219157
Q409I,-0.390475311256442
Q409K,0.918875078417476
Q409L,-0.768244551345177
Q409M,-0.637119446244335
Q409N,-0.777298520683043
Q409P,0.358784696578431
Q409R,0.190951887523428
Q409S,0.10409028495369
Q409T,-1.01381193530664
Q409V,0.0232714912836037
Q409W,0.0173889164659689
Q409Y,-0.644054332083162
S410A,-0.941114053850454
S410C,-0.765959972200233
S410D,12.6981739240834
S410E,-0.0960324640798201
S410F,-0.227285226422866
S410G,-0.684286010806625
S410H,0.181065724274247
S410I,0.692587617533728
S410K,1.34495927876767
S410L,-0.32126194259117
S410M,-0.127432103679987
S410N,-1.08949033973096
S410P,1.53591894625745
S410Q,1.05794458698263
S410R,2.05209781992155
S410T,0.0881516301922947
S410V,-0.215817735391715
S410W,5.15963676766619
S410Y,12.6981739240834
M411A,0.265522536317629
M411C,-1.01013160897904
M411D,-0.605309281428681
M411E,0.0449011084047192
M411F,1.77863230600582
M411G,1.11800323068292
M411H,2.87683331408657
M411I,1.32636303023381
M411K,-0.747818775051727
M411L,0.111926772049409
M411N,-0.659573164800675
M411P,1.2144271413369
M411Q,-1.28395611461024
M411R,0.280540094798155
M411S,-0.331756171185508
M411T,-0.223461419049843
M411V,0.24433357130091
M411W,2.08770763222573
M411Y,-0.301857092566126
S412A,1.44343636664005
S412C,-1.3415661051454
S412D,0.411921052220383
S412E,0.306001208821713
S412F,7.25740193528422
S412G,2.02368525179763
S412H,-0.478802748804505
S412I,-0.0879474503082259
S412K,1.25116063924802
S412L,-1.40471772878155
S412M,0.400793662556165
S412N,0.889279581891078
S412P,-2.55151697053924
S412Q,1.21096870342116
S412R,-1.4683366981769
S412T,5.39277342007901
S412V,0.520834551490674
S412W,-0.0968806714340577
S412Y,-1.35021067068449
S413A,-1.9143904254632
S413C,-0.513802327387182
S413D,0.216273708456004
S413E,-0.383866697988291
S413F,-1.94416147281966
S413G,0.743891357133702
S413H,-1.05893542618502
S413I,-1.36341965517071
S413K,0.601973126355765
S413L,0.625163853390625
S413M,0.366704949522622
S413N,-0.0513693238102118
S413P,3.14666112697924
S413Q,0.993152919694643
S413R,-0.105542516037248
S413T,-0.207474630712279
S413V,-0.347264033073315
S413W,1.35958166423017
S413Y,-1.58054704775228
A414C,-0.896099388887922
A414D,-0.806392708538357
A414E,-0.941334052721097
A414F,-0.570281387244212
A414G,-1.5067327057462
A414H,0.0485549402271434
A414I,-0.898700821804754
A414K,0.192071874323625
A414L,-0.723111665660021
A414M,1.34106172052646
A414N,-0.766582542426417
A414P,-1.80748204791121
A414Q,-1.76830158749733
A414R,0.404723802769605
A414S,-0.16683350999047
A414T,-0.860583842735987
A414V,-0.297559999733837
A414W,-0.0908794250136617
A414Y,-0.289815346535089
D415A,0.755965740738027
D415C,-1.52111978776166
D415E,-1.0558991338585
D415G,1.22680249242205
D415H,0.623723144480406
D415I,-0.662986085887758
D415K,0.764242905041207
D415L,-0.938374046040441
D415N,-0.291299317338688
D415P,1.27261442867951
D415Q,-0.955882862139931
D415R,0.111578602137549
D415S,-1.00381456805982
D415T,-1.15155043064438
D415V,2.30439950211214
D415W,-0.541761700154785
D415Y,-1.26758983428858
S416A,0.909681025358722
S416C,-0.614613969253526
S416D,-1.15672521078724
S416E,0.485218166577829
S416F,-0.718166532170756
S416G,0.0140078138033107
S416H,-0.63651017545932
S416I,-1.39030578189789
S416K,3.62077084329807
S416M,-0.843672739214093
S416N,-1.03894852503836
S416P,0.322612552799943
S416Q,1.58807762117318
S416R,-0.114645887161698
S416T,4.15919651318947
S416V,-0.998428989471868
S416W,-0.0248030001011893
S416Y,5.40130557993644
T417A,-0.282911763842749
T417C,-1.4414538420147
T417D,0.570666723709453
T417E,0.750166370832375
T417F,-0.00988846503905517
T417G,0.145478309018743
T417H,1.29014061147415
T417I,1.52130661757219
T417K,-0.395338924312529
T417L,0.484810849006038
T417M,-0.485784287161946
T417N,-0.92116579979853
T417P,-1.08483985166388
T417Q,-0.444402498078755
T417R,1.2202196216978
T417S,-1.05708016919338
T417V,-0.915748641121563
T417W,1.62036970606893
T417Y,0.343318844972723
Q418A,0.124307111942094
Q418C,-2.35562153569791
Q418D,-1.10197648323746
Q418E,-0.540996707483687
Q418F,-1.27626280955717
Q418G,-0.347077801806716
Q418H,0.112916615075024
Q418I,-0.657357952334577
Q418K,7.94175084127866
Q418L,0.296170654632174
Q418M,0.188529392110685
Q418N,-0.382971256524744
Q418P,1.41644538692058
Q418R,0.0144705448472782
Q418S,-0.148989689038903
Q418T,-0.430387422578443
Q418V,0.359476770194303
Q418W,0.693977437991605
A419D,-0.710278939003213
A419E,-0.0862104786512182
A419F,-1.02502017698846
A419G,1.01164458916002
A419H,0.614060537241922
A419I,1.73432627055326
A419K,2.60250989120051
A419L,0.281316802071917
A419M,-0.124884018171328
A419N,0.894504523283172
A419P,0.18789516673256
A419Q,0.503430973586674
A419R,-0.00700914727135512
A419S,-0.283026326995426
A419T,-0.375643618555809
A419V,-0.70704789826924
A419W,0.140557269125853
A419Y,-2.37902818210546
