Mutation,Escape_Score
S2A,-0.928423456939272
S2C,0.874943363385525
S2D,-1.40911587778404
S2E,-1.12509327249212
S2F,2.00037304469557
S2G,-1.48020800931278
S2H,-0.879983918594851
S2I,-0.919235238724213
S2K,0.527862262615008
S2L,2.62072439320827
S2M,-0.267693391674491
S2N,-0.932411937374432
S2P,0.377020227832848
S2Q,-1.13277758269425
S2R,0.151496311205349
S2T,2.34139856506684
S2V,0.830336579398462
S2W,0.25015891594923
S2Y,0.102625960019757
D3A,0.524221727261961
D3C,1.72954991275215
D3E,1.44097902765589
D3F,0.667085322219196
D3G,-1.27783971945454
D3H,0.0125301059150223
D3I,3.60163649051266
D3K,-1.12318210053399
D3L,2.67224728769265
D3M,1.24086395761525
D3N,-0.314415451873728
D3P,-0.0822122992198438
D3Q,-0.229235043715422
D3R,0.377795561901984
D3S,0.251508056769525
D3T,-1.87193583596795
D3V,2.0887654008674
D3W,0.304216360439077
D3Y,-0.0629040876382271
N4A,1.87882833787369
N4C,2.57736608953245
N4D,1.07758901485278
N4E,-0.374082483558146
N4F,1.37932015694176
N4G,0.981325067793512
N4H,-0.427656150626368
N4I,0.41783613817829
N4K,0.851174500386861
N4L,1.71930862911235
N4M,2.5825593708494
N4P,0.546113296460496
N4Q,-0.00442240030824172
N4R,-0.787487682191441
N4S,-0.777356863030872
N4T,-1.14218802911226
N4V,2.5376079550904
N4W,-0.370458130862229
N4Y,-0.638710810714442
G5A,0.477872806662512
G5C,3.85807247230943
G5D,-1.00580715208113
G5E,0.839640657319671
G5F,-0.146058216519796
G5H,-0.128475100816178
G5I,1.97711292327329
G5K,0.367136998166111
G5L,1.90661710415274
G5M,1.97778435098604
G5N,0.00275761226971718
G5P,0.274346686865083
G5Q,-1.17353956262221
G5R,1.297935659097
G5S,4.0293436675845
G5T,2.11589336294271
G5V,13.0810014567397
G5W,1.23902630321959
G5Y,-0.707005664006615
P6A,0.751919167302783
P6C,0.441709634810139
P6D,-0.409817080930179
P6E,-0.829297847527784
P6F,-0.742812104380027
P6G,0.886461100660958
P6H,1.34257047587857
P6I,3.36944798527799
P6K,0.995444305824004
P6L,13.0810014567397
P6M,1.90263859736267
P6N,-0.418284729459445
P6Q,0.203548438064897
P6R,-1.93111662419191
P6S,-0.741438247653531
P6T,1.17797720322715
P6V,1.54347207832336
P6W,0.752326337647527
P6Y,-0.774129030347953
Q7A,0.778178651231366
Q7C,0.75307452149139
Q7D,-1.2440412977132
Q7E,-0.456166332170003
Q7F,-0.817721032213963
Q7G,0.210139270182806
Q7H,0.501330124326296
Q7I,1.30167906222665
Q7K,-0.51277845487221
Q7L,-0.0449719956891019
Q7M,7.54625553671057
Q7N,0.987408261470078
Q7P,13.0810014567397
Q7R,-0.30252961893918
Q7S,7.34132514741244
Q7T,-0.474314564556599
Q7V,0.846545475675161
Q7W,0.79350269784976
Q7Y,-0.53261281240812
N8A,-0.321887912402163
N8C,0.46997743882002
N8D,-0.0140619980274933
N8E,0.330533465763239
N8F,-0.136944251462991
N8G,-0.366808774822557
N8H,1.47551283723638
N8I,-0.0313687696416237
N8K,-1.9337951536089
N8L,1.18299588182944
N8M,1.60996758625635
N8P,0.48104266180243
N8Q,0.0137402943011495
N8R,0.324646575521542
N8S,-0.670053977371097
N8T,0.792668091234667
N8V,-0.139404366382052
N8W,2.95945290567967
N8Y,1.30538171467477
Q9A,1.5437054580497
Q9C,3.68734337819652
Q9D,-0.459449276087752
Q9E,0.564696561886227
Q9F,-1.28983427338102
Q9G,0.364467765664819
Q9H,0.271656086901157
Q9I,0.190877530679805
Q9K,0.236959522327583
Q9L,-0.563924145975895
Q9M,1.84946083164483
Q9N,0.732521401197373
Q9P,0.165876945355629
Q9R,-0.609998743449697
Q9S,-0.222462332151852
Q9T,0.998162969461084
Q9V,0.396749248019355
Q9W,0.875610083134469
Q9Y,2.74939482002138
R10A,-0.224168749295705
R10C,3.20956099910158
R10D,-0.560273391322017
R10E,-0.308182672573034
R10F,0.468598187303975
R10G,0.370317827388124
R10H,-3.10835165021074
R10I,0.73187946415544
R10K,-0.368276781453351
R10L,1.05368613180262
R10M,2.76812793236897
R10N,-0.661072012018128
R10P,-0.572074035961993
R10Q,0.286490004769379
R10S,-1.55624854395266
R10T,-0.446753695786933
R10V,0.828358451297522
R10W,0.820664372158323
R10Y,3.03588076051838
N11A,0.092267091866825
N11C,1.65832528631373
N11D,-0.589672831526903
N11E,-1.06662806934983
N11F,1.4313841733362
N11G,1.58152135646427
N11H,-0.202486318802281
N11I,1.03275048398404
N11K,0.807742750801902
N11L,1.87980113078924
N11M,-0.432723705459056
N11P,-0.289751280408153
N11Q,0.154486285245135
N11R,0.423634469027416
N11S,-0.0391833382877304
N11T,-0.837410438246263
N11V,0.258518873134346
N11W,1.76455974382367
N11Y,1.09603521400004
A12C,-0.121921808354035
A12D,-1.14689931075011
A12E,1.4478717447151
A12F,0.0903407998993371
A12G,1.04402728799772
A12H,-0.406695924710323
A12I,0.276880588472337
A12K,0.214193821714985
A12L,2.48783514078835
A12M,-0.52216520788099
A12N,-0.117459928751811
A12P,-2.05730228644484
A12Q,-1.46248579663008
A12R,-2.46641122652353
A12S,0.032680025996375
A12T,1.36315450358775
A12V,3.92710369445968
A12W,4.71461996573552
A12Y,0.470825822717362
P13A,-0.211464491811982
P13C,1.40879593628405
P13D,1.4313225411286
P13E,-0.794242159443527
P13F,0.594436369612745
P13G,-0.571611160469531
P13H,-0.826223455140037
P13I,-1.68792044212641
P13K,-2.26352369495927
P13L,1.8705652792549
P13M,0.099769836313614
P13N,2.75725261531114
P13Q,0.0897209007653626
P13R,0.254361769928012
P13S,1.81604218885185
P13T,-0.85412549631654
P13V,0.452861973194903
P13W,1.6605521584139
P13Y,1.01238457191183
R14A,0.37863689228724
R14C,8.49841320962853
R14D,-0.604320513496603
R14E,-0.684140451117032
R14F,0.891730215896831
R14G,0.569022296130294
R14H,-0.427656150626368
R14I,0.586548009157492
R14K,-0.947467956091143
R14L,2.60324564681052
R14M,0.714945004876013
R14N,0.146926917557999
R14P,-1.25919078104787
R14Q,-0.386134835720856
R14S,-1.7592227530563
R14T,-0.410119801612694
R14V,0.921261449200096
R14W,0.769544377396462
R14Y,-0.543400689707168
I15A,-1.15721778472606
I15C,1.25130871267806
I15D,-0.484994156331157
I15E,-1.03195889136945
I15F,0.0121448088435009
I15G,-1.12188162960962
I15H,0.472977440087097
I15K,3.26743626626408
I15L,-1.16681137267482
I15M,1.44925839998593
I15N,-1.5754391741574
I15P,0.398730578584731
I15Q,-0.0533825096115692
I15R,1.21990500407356
I15S,-0.570952366695752
I15T,1.74377622998624
I15V,-0.732988158094798
I15W,0.858153395488445
I15Y,0.421228659273315
T16A,0.911041312655943
T16C,2.24433866401709
T16D,-0.571959316172406
T16E,0.285602535087715
T16F,2.2875593321625
T16G,2.08798387480713
T16I,1.15679669308326
T16K,0.484485913552813
T16L,0.86791358355335
T16M,0.570539509843801
T16N,0.198148950279601
T16R,2.05755494375128
T16S,0.264911508505745
T16V,0.902319377595697
T16W,1.71478389809332
T16Y,1.35858893045761
F17C,0.474738492755985
F17D,-0.900991224360968
F17E,0.0547464094659945
F17G,-0.0621174943476406
F17H,1.45171894309006
F17I,0.215621892900644
F17K,0.011026135508664
F17L,-0.267554423614881
F17M,-0.302680597824832
F17N,-0.365076282761382
F17P,-2.11031334152623
F17Q,-0.26107476475035
F17R,2.12251962505566
F17S,0.941481162531114
F17T,-1.70010222351921
F17V,-0.487759790671216
F17W,0.463608235956399
F17Y,1.26307787759173
G18A,-1.33379522142425
G18C,0.0235528801790409
G18D,0.00274554888375204
G18E,-0.126637941001079
G18F,-0.400595831266777
G18H,0.195248197526956
G18I,0.744017585209289
G18K,0.906652682641883
G18L,-0.932161157742576
G18M,1.33403737731533
G18N,1.25772266050042
G18P,0.600042116681782
G18Q,0.298260601992372
G18R,-0.338346821539224
G18S,1.2812330381254
G18T,-0.909681212229597
G18V,0.364094578338554
G18W,-0.0337908923739246
G18Y,-0.0635394700805606
G19A,-1.11041197962396
G19C,1.06246436101351
G19D,0.633080028498014
G19E,-0.895115323885275
G19F,2.72911457561246
G19H,-0.23092594706751
G19I,-1.95525434663354
G19K,-0.0407912798994911
G19L,0.407371513624028
G19M,1.04437346026572
G19N,0.911989219989582
G19P,-1.12363849680821
G19Q,0.573801160928647
G19R,1.49239687827045
G19S,4.74608403605795
G19T,-0.108404899571635
G19V,-0.640672870747529
G19W,-1.65990976329716
G19Y,0.210869725933794
P20A,1.94877307616445
P20C,-0.519864032457644
P20D,0.286359566399329
P20E,0.865538307451213
P20G,0.0363708320080715
P20H,2.18361020126697
P20I,0.0140688886594251
P20K,2.99608841050408
P20L,-0.274071677852494
P20M,1.02334749860046
P20N,-1.55741751086815
P20Q,-0.879170346904159
P20R,-0.369423678837458
P20S,0.051964720016938
P20T,-0.30841995376688
P20V,-0.622229254767493
P20W,0.0252862560017868
P20Y,-0.125471268889638
S21A,0.121754906954823
S21C,1.77568657887631
S21D,0.354928146887856
S21E,-0.0391654530287406
S21F,-0.343911440885124
S21G,0.215399534092167
S21H,1.49241230964221
S21I,-0.0708498535813743
S21K,-0.264070186270334
S21L,-0.798547478330524
S21M,1.93677359944552
S21N,-1.74489694025039
S21P,-0.771762300486714
S21Q,1.20176361125997
S21R,0.651904238931164
S21T,-0.000865760569681091
S21V,0.374483118718981
S21W,0.774601612473042
S21Y,0.593116511254799
D22A,1.60533498073952
D22C,-1.99060827377486
D22E,1.56403705691942
D22F,0.552541956823309
D22G,2.29605481261661
D22H,-1.07678706108521
D22I,0.419727398469152
D22K,-1.72776163572111
D22L,0.256817784027721
D22M,0.310303218503636
D22N,-1.9383341330223
D22P,0.11839867859426
D22Q,0.0114491305250324
D22R,2.43784147095371
D22S,1.95706405699821
D22T,-1.50311990387023
D22V,2.88860357376613
D22W,0.0299538669933594
D22Y,0.945321352067468
S23A,-0.769244501663089
S23C,2.24909389350515
S23D,0.571662049862096
S23E,-0.326937023262378
S23F,2.33076455811591
S23G,0.588995398112711
S23H,-0.441799041266711
S23I,0.349884807694163
S23K,-0.349592348712661
S23L,1.55092912734719
S23M,0.0632635977226076
S23N,3.81659014158095
S23P,-0.332975660966374
S23Q,0.0722138161233192
S23R,0.505595258737042
S23T,-0.746593126462515
S23V,-0.0103673641160885
S23W,0.45333968688406
S23Y,0.384717732381872
T24A,0.612350576705823
T24C,1.3169813984001
T24D,-1.25195049636245
T24E,-0.88753466312707
T24F,-1.48859571181475
T24G,1.69253955749138
T24H,-0.30187704786253
T24I,1.17043960282899
T24K,-1.05593887413817
T24L,1.3905320310699
T24M,0.271800726233199
T24N,-1.02390783731966
T24P,0.130053049995964
T24Q,-0.794015637113062
T24R,1.18195293675916
T24S,-0.207610505561224
T24V,-0.00480345357294095
T24W,1.55384271641891
T24Y,0.51042250294301
G25A,-2.12751128299288
G25C,0.375242191831727
G25D,-1.26104054505618
G25E,-1.18517478317277
G25F,3.13927914246976
G25H,-0.348944387727713
G25I,1.87170836266536
G25K,-1.16134832634282
G25L,0.0603735167923392
G25M,0.243460568940399
G25N,2.07605606577956
G25P,-0.14684333113424
G25Q,0.545497938841837
G25R,-0.319175978314795
G25S,1.16046697935204
G25T,1.20428690046587
G25V,-0.634694802618199
G25W,0.808736669588405
G25Y,-1.43078875134108
S26A,0.681845696888443
S26C,0.262877710126113
S26D,0.856767938773125
S26E,0.505588813486789
S26F,0.545808655077562
S26G,0.600495662785599
S26H,0.335439522677264
S26I,1.48252066710417
S26K,0.893101077629046
S26L,1.48022914336767
S26M,1.36507224462644
S26N,-0.725745090706898
S26P,0.201148147843422
S26Q,1.1597255255323
S26R,0.8079808605788
S26T,0.582682978349455
S26V,-0.697728361328079
S26W,1.79573749360206
S26Y,-1.00295595234715
N27A,-0.268741543156544
N27C,0.539440766006942
N27D,1.72516450127956
N27E,0.802201456736455
N27F,0.799249094697017
N27G,1.12404293254161
N27H,1.26075143267126
N27I,0.0886097751145685
N27K,0.0933887180508963
N27L,0.269508700386607
N27M,0.0540913234203109
N27P,-0.20900423920942
N27Q,0.298462287426598
N27R,-0.509426424805245
N27S,-0.138514061907299
N27T,-0.395583035105164
N27V,0.5928840585887
N27W,0.148570770162679
N27Y,1.19658395030396
Q28A,-1.05655694221632
Q28C,-0.156968006415974
Q28D,1.31727457327935
Q28E,0.371202944643623
Q28F,0.880870712901753
Q28G,0.358081481970519
Q28H,-0.586955100388447
Q28I,0.836698481214034
Q28K,0.10601739055286
Q28L,0.774476058689644
Q28M,-0.463260814845135
Q28N,1.09865130566566
Q28P,0.274315846679804
Q28R,-1.68069619269402
Q28S,0.266536951167248
Q28T,1.29617556496344
Q28V,0.208894043442431
Q28W,0.682548759534179
Q28Y,1.79599552578113
N29A,1.25918737025656
N29C,-1.1908700124084
N29D,-0.750038552574978
N29E,-0.654837995976265
N29F,0.631762274140038
N29G,0.789563642598455
N29H,1.16422232753687
N29I,1.61426869167309
N29K,-1.00488361821714
N29L,-0.409551645248827
N29M,0.308917787202912
N29P,-0.0975447224449037
N29Q,0.380172125401096
N29R,0.140626445239751
N29S,-0.156741964376739
N29T,-0.279678963302423
N29V,2.16926231945743
N29W,0.806308547234899
N29Y,-0.367568362262814
G30A,-1.61242528779622
G30C,0.32198138494469
G30D,-0.591657566180548
G30E,-0.111253580942329
G30F,0.873010794544853
G30H,-0.560682089534495
G30I,0.928068099590416
G30K,-0.560612147933277
G30L,-0.100203883190124
G30M,-0.452038647429985
G30N,0.955703552520707
G30P,-0.678536922337373
G30Q,1.4168886002266
G30R,-1.73637871204096
G30S,4.31336821466785
G30T,-0.194575610308655
G30V,-2.01347859130622
G30W,-0.0828429044851038
G30Y,-0.785527299265918
E31A,0.408531245007593
E31C,-1.54196597957251
E31D,0.863866758011812
E31F,-0.467241030183615
E31G,-0.778478357632126
E31H,-0.166683719109501
E31I,0.813494556004156
E31K,1.58051224672382
E31L,5.33368186697626
E31M,-2.02309173319915
E31N,-0.791061350024671
E31P,-0.56304108434675
E31Q,2.25214371994138
E31R,1.06617643268938
E31S,0.205395026094971
E31T,-0.332981006597115
E31V,-0.0219262017505817
E31W,0.322425673905324
E31Y,0.653504075230527
R32A,-1.10697057329708
R32C,2.77602640547638
R32D,1.08933781490371
R32E,0.382328874262965
R32F,0.733730043623327
R32G,-0.283197044940506
R32H,0.792526741618339
R32I,-0.625497928469538
R32K,-1.52132983809884
R32L,0.452900325990676
R32M,2.10685517936535
R32N,1.356564973339
R32P,2.11393681381
R32Q,-2.00807504707328
R32S,1.36816151102993
R32T,2.12519735745314
R32V,2.29241062713666
R32W,4.68009277575605
R32Y,1.27039661257241
S33A,-0.0507680514244793
S33C,2.16949031633911
S33D,2.08718616908421
S33E,0.968260742485019
S33F,1.38021519800296
S33G,-1.60654391676953
S33H,1.05329781476867
S33I,0.0204728616470427
S33K,0.613500357336081
S33L,1.93270528885351
S33M,-0.0255314015043006
S33N,0.915244391240424
S33P,-1.38609782823616
S33Q,-1.05830203168363
S33R,3.61250584643575
S33T,-1.03998239158078
S33V,1.07480930887635
S33W,0.765246187900375
S33Y,0.314259292776346
G34A,-2.48891514764934
G34C,-0.550295378740085
G34D,2.80392149530448
G34E,0.267784992018589
G34F,-0.603835179870828
G34H,0.282043349078651
G34I,0.366166453597119
G34K,-0.803927530814029
G34L,-2.01829032278286
G34M,-1.40360996209054
G34N,-0.429708410862424
G34P,0.260526981958973
G34Q,-1.38597594125602
G34R,1.11263997497973
G34S,-0.529675178704825
G34T,0.780770591992161
G34V,-1.94323362616461
G34W,0.159340209392604
G34Y,-0.560215437700503
A35C,3.65980460343042
A35D,1.56612633509928
A35E,1.24070513867125
A35F,1.34042767829265
A35G,0.365773837211227
A35H,0.930812729016477
A35I,1.95696149731209
A35K,-0.898364468092981
A35L,3.40536090454494
A35M,0.355270452196779
A35N,0.677925548121269
A35P,0.0819789685272144
A35Q,1.35871698862204
A35R,0.211772554328513
A35S,-0.0109584514941865
A35T,1.19022580573443
A35V,0.438162049547576
A35W,3.11167620941198
A35Y,2.25351982986759
R36A,1.79096568349209
R36C,5.25121257830731
R36D,3.39928912189566
R36E,1.30866002329486
R36F,3.46172245337426
R36G,2.36936369576349
R36H,3.74588611723964
R36I,1.53888474965349
R36K,1.36844414516018
R36L,3.93084395379944
R36M,5.93060436865237
R36N,2.30104150519158
R36P,1.32869688310232
R36Q,2.53514684192778
R36S,1.66090385480082
R36T,2.47608073909039
R36V,0.816894824779964
R36W,4.21698469062428
R36Y,1.56913682870865
S37A,2.24935942694979
S37C,2.78183800931553
S37D,4.05801140346627
S37E,1.55567173889995
S37F,3.94000437521946
S37G,1.06521379183469
S37H,0.908016631283808
S37I,0.990455064728981
S37K,2.29244846466645
S37L,2.85850143288805
S37M,2.56895604658404
S37N,2.7961857182511
S37P,0.829877208973862
S37Q,2.15926660810157
S37R,0.314169615175045
S37T,-0.536466116465213
S37V,1.65042280839406
S37W,3.45960594892785
S37Y,2.8312696775197
K38A,2.18987895380396
K38C,6.30191691432945
K38D,5.91031183537484
K38E,2.59931389160539
K38F,1.72409033528986
K38G,3.70421861132855
K38H,2.76636047514252
K38I,8.70036958284938
K38L,2.64172610485935
K38M,4.31155935433722
K38N,2.88707597977586
K38P,4.2389258290765
K38Q,1.04376384120773
K38R,1.12309214360439
K38S,0.702183116765151
K38T,4.38442030613561
K38V,2.81964358804272
K38W,4.75972053183433
K38Y,4.73101173209757
Q39A,0.783082053514039
Q39C,2.52190275271574
Q39D,1.22926728465834
Q39E,0.985737458694943
Q39F,0.977848960241025
Q39G,5.28736655709704
Q39H,0.565736979371712
Q39I,0.286521677504064
Q39K,0.159466236572298
Q39L,1.31588807042814
Q39M,1.18246665791196
Q39N,0.502091250032021
Q39P,-1.37738563888901
Q39R,-1.29812406503397
Q39S,0.0791891015894985
Q39T,0.156207154706718
Q39V,-0.0453520039532414
Q39W,1.07186895583819
Q39Y,1.49250581688732
R40A,0.818551145521436
R40C,2.60848761628609
R40D,2.00118006530787
R40E,0.11083471987185
R40F,1.19017283105944
R40G,1.25245417185652
R40H,3.87955068388676
R40I,7.28233465488427
R40K,-0.204337445026595
R40L,1.20157397324243
R40M,2.24749336380133
R40N,0.255185415063803
R40P,1.65520009090303
R40Q,1.43169086721187
R40S,1.13515621485831
R40T,2.30855607488317
R40V,1.43318763624692
R40W,2.34300875339609
R40Y,1.64758737245382
R41A,1.16214201522763
R41C,13.0810014567397
R41D,0.790307419542025
R41E,1.133002905029
R41F,1.00049466326587
R41G,0.472690180332203
R41H,0.945527144855804
R41I,-0.698982667079022
R41K,0.551495618178086
R41L,1.09382515769054
R41M,1.72586533590923
R41N,0.74161997911344
R41P,1.37971143377936
R41Q,0.662940291238249
R41S,-0.0372742830900518
R41T,2.55234752784186
R41V,0.535673130317319
R41W,7.94408551375162
R41Y,0.661521619268302
P42A,-2.81218150422212
P42C,-0.0981727924464634
P42D,0.0408965988824554
P42E,-0.135393396716388
P42F,-0.178867907312635
P42G,2.35158661554323
P42H,0.0645806336702925
P42I,-1.44995056732425
P42K,-1.55572093341662
P42L,0.81165177695688
P42M,0.622666276765753
P42N,-0.106142055313446
P42Q,-0.354978562706098
P42R,-2.90535507972501
P42S,-1.31540562482445
P42T,-0.848149453025544
P42V,-0.973582180250177
P42W,-0.286543162201386
P42Y,0.898266245865211
Q43A,3.493528797023
Q43C,0.408943878995804
Q43D,-0.45680900520808
Q43E,-0.0212057000060777
Q43F,1.39839610040167
Q43G,-1.60199176417736
Q43H,-0.441020933416059
Q43I,0.757756076511327
Q43K,2.05136974678584
Q43L,1.26451806291767
Q43M,0.693972554792794
Q43N,3.23263853368314
Q43P,-1.64748172086391
Q43R,-0.488211042378505
Q43S,0.406430393474157
Q43T,1.39867176231352
Q43V,0.843246865260118
Q43W,1.8784374156556
Q43Y,0.178189800907912
G44A,-0.585076663846021
G44C,-0.143063145384103
G44D,-1.23182873380718
G44E,0.0830016083957198
G44F,-0.62464596981932
G44H,0.523775928258749
G44I,-0.376722915310767
G44K,-0.547012251464402
G44L,-0.559862983568201
G44M,-1.15557699281122
G44N,0.189922375346942
G44P,-0.968221913193041
G44Q,0.283195145830423
G44R,-0.264037715573941
G44S,0.130399896378627
G44T,1.56176245992312
G44V,-0.772216250635022
G44W,-0.425686339592535
G44Y,0.739645340259124
L45A,0.923316720289482
L45C,-2.37527400883919
L45D,1.16090657455999
L45E,0.238093088303327
L45F,-0.0904927458485769
L45G,-0.255044480638971
L45H,-0.555884215112434
L45I,1.29507374365367
L45K,-0.331632126058586
L45M,0.691349803770265
L45N,0.518672458845679
L45P,-0.948256336175184
L45Q,0.479821491067375
L45R,0.243419684732545
L45S,-2.55701610601163
L45T,0.478070433388366
L45V,0.537990475577148
L45W,0.836998567583981
L45Y,0.469380908470158
P46A,0.0578640440511442
P46C,0.686433295004838
P46D,1.98876934940669
P46E,-0.941900087048519
P46F,2.000720518658
P46G,-0.759866549141557
P46H,0.00100964469221882
P46I,0.615089291172687
P46K,-0.0581095866506162
P46L,1.51205239073768
P46M,-0.357716010949854
P46N,-0.226702763893894
P46Q,-1.03738262724325
P46R,-0.422370231862285
P46S,-0.335214444066581
P46T,-0.624719843493171
P46V,-0.0723398004139217
P46W,-0.0896757299595959
P46Y,0.38031069692196
N47A,1.57512977381079
N47C,1.15391106172216
N47D,2.19555808703525
N47E,-0.0547444741791461
N47F,-0.347066355414381
N47G,-0.603467280046916
N47H,1.52671354340821
N47I,0.340352643117757
N47K,0.200602296092682
N47L,0.984133198103287
N47M,-0.400756908926474
N47P,1.5585662287647
N47Q,-2.74616270350952
N47R,-1.15898030694359
N47S,5.48461216314211
N47T,-1.13962644136533
N47V,-0.584618435655187
N47W,1.50339719119702
N47Y,1.94785095551173
N48A,-2.90871378914172
N48C,-0.322017924201779
N48D,4.82549151319292
N48E,0.799796630855715
N48F,2.17814576885133
N48G,-0.580578548688782
N48H,-0.254927011198781
N48I,0.95473652392334
N48K,-0.627160587681556
N48L,-0.126673854944309
N48M,0.0539409770991627
N48P,-1.47781050129022
N48Q,1.44513856337457
N48R,0.405618429248672
N48S,-1.1333664815323
N48T,0.0622387441992329
N48V,0.65004706724859
N48W,-0.498651598331769
N48Y,0.552529925256392
T49A,-2.68926416715795
T49C,0.243293592190844
T49D,2.16913678760376
T49E,1.4687264521327
T49F,0.77383391358348
T49G,0.456424031576636
T49H,0.296786772136496
T49I,-0.207662608200166
T49K,1.57616877403796
T49L,-2.15793872899097
T49M,0.725440657892845
T49N,-0.447201072201093
T49P,-0.717261060705637
T49Q,0.989985344970094
T49R,-0.800673056067071
T49S,0.981644894997657
T49V,0.319231935812468
T49W,0.381950948382475
T49Y,0.785740998991417
A50C,0.195592987087315
A50D,1.0047046913929
A50E,0.0367722644939328
A50F,-0.390125099720318
A50G,-1.03338905871517
A50H,-0.357226784945721
A50I,-0.121923299208693
A50K,-2.47221084522096
A50L,1.80166387500126
A50M,0.294791193181696
A50N,-0.0602304697566632
A50P,1.12751406166768
A50Q,-0.386020895182563
A50R,-1.24939743225516
A50S,-0.0971549148581347
A50T,-0.746380226226729
A50V,0.397811495675317
A50W,0.731128825978795
A50Y,0.568896309555149
S51A,0.01316704759888
S51C,-0.743020381800546
S51D,0.958736517922068
S51E,-0.133610772039384
S51F,2.20579355122994
S51G,-1.83581168487411
S51H,0.494377600430822
S51I,1.33121599704556
S51K,-0.839794619027976
S51L,-0.521201808734476
S51M,1.65621721797821
S51N,0.726415878971114
S51P,-0.694330201150342
S51Q,0.268573786111081
S51R,0.111682598751238
S51T,-0.427844046095506
S51V,0.78110299332621
S51W,3.57453919954538
S51Y,0.811089993900538
W52A,0.216373614498294
W52C,1.2579137222063
W52D,-0.639704858060034
W52E,-0.152340685307162
W52F,-0.33398446622722
W52G,-1.21727774356015
W52H,-0.216321908595494
W52I,0.845969547677416
W52K,0.484008033360093
W52L,0.383268193237134
W52M,0.0947575026334906
W52N,1.58036903101593
W52P,0.750120145923498
W52Q,-0.519118779152603
W52R,0.194166671023283
W52S,-0.326040523223907
W52T,-0.818667839313437
W52V,0.208208510408121
W52Y,0.428289203829544
F53A,-0.583274230049735
F53C,-2.99523644335591
F53D,0.529619139003382
F53E,-0.716278292167504
F53G,0.091652133008041
F53H,2.09603233934661
F53I,0.717289316304931
F53K,3.45589099690199
F53L,-0.763178387340478
F53M,-0.227555066842437
F53N,1.0877358931346
F53P,0.438717421269756
F53Q,0.430240427077742
F53R,1.31520664542762
F53S,1.65968547628269
F53T,0.104707680874808
F53V,0.193189768046864
F53W,0.685558778060611
F53Y,-0.0661609783220237
T54A,-1.36293501597371
T54C,-1.71409576450747
T54D,0.179313968932063
T54E,-0.63301038299925
T54F,-0.406710180717461
T54G,0.283527108118913
T54H,-0.824894440096413
T54I,1.07733170537481
T54K,-1.68309015000002
T54L,1.07400682652039
T54M,1.86772269488859
T54N,-1.88812719835664
T54P,0.200672073998158
T54Q,-0.21013724922607
T54R,-0.78394506457147
T54S,0.114076255551246
T54V,1.62550455653448
T54W,0.497311649771805
T54Y,-0.357727128153549
A55C,0.300163058071586
A55D,-1.28950027582025
A55E,-0.984717152542883
A55F,0.19253908627118
A55G,-1.43534437927788
A55H,-0.221450906818034
A55I,0.412936945865478
A55K,-1.27212526868485
A55L,0.260698524249563
A55M,2.09984248710383
A55N,-0.646558483980513
A55P,-0.647544362209267
A55Q,-0.00386033697908624
A55R,-0.178585983891161
A55S,1.75723908507261
A55T,0.25478570608813
A55V,-1.15568311507944
A55W,0.785189091485633
A55Y,-0.948258507000467
L56A,5.74861247408385
L56C,-0.475744350541416
L56D,0.882620858641751
L56E,1.02646201625815
L56F,-0.840449913374531
L56G,0.899519470146462
L56H,0.478048614378961
L56I,-0.0971082460966158
L56K,0.454358737757368
L56M,-0.343406454459218
L56N,0.0225957902810265
L56P,-0.13881074034101
L56Q,3.12733974600757
L56R,-0.982080129275037
L56S,-0.202466456633167
L56T,0.0809411028952003
L56V,-0.753290575863356
L56W,2.42095401155687
L56Y,0.395366417691439
T57A,-0.202542201352882
T57C,0.954241194801649
T57D,-1.20131527449325
T57E,-1.04742616943909
T57F,-0.568237081708344
T57G,-0.400480956542311
T57H,0.684528390383901
T57I,-1.06077682587515
T57K,-0.175423214281822
T57L,0.683273372049168
T57M,-0.59950483418341
T57N,5.39310362591849
T57P,-0.0549623172911968
T57Q,-0.567330252879338
T57R,-1.70387165130557
T57S,-0.503194097156754
T57V,0.208930654075277
T57W,-1.09244801459507
T57Y,0.20237925328081
Q58A,-0.0970067161139945
Q58C,1.25053467918538
Q58D,-0.349237688010349
Q58E,-0.708449767345713
Q58F,0.330786043200326
Q58G,-1.4995542901447
Q58H,-0.909245030524081
Q58I,0.424596471890846
Q58K,0.334138526521018
Q58L,0.742642969966472
Q58M,-1.34603048873395
Q58N,1.02153265055545
Q58P,0.388926084943773
Q58R,0.186438919728682
Q58S,0.624418644800541
Q58T,0.702939215307476
Q58V,-2.18798652386516
Q58W,-1.5018492230469
Q58Y,-0.921659276067408
H59A,-0.874549613642594
H59C,-0.323281123073721
H59D,-1.17834180100022
H59E,-0.873394240808453
H59F,1.28237665067229
H59G,-0.397697882539963
H59I,3.15024055139299
H59K,-1.40049253511993
H59L,-1.08115986689991
H59M,-1.21431874631774
H59N,-0.491819987782071
H59P,0.16913644610055
H59Q,0.859169645143327
H59R,-1.53011004920745
H59S,0.314518138652955
H59T,0.374073702057263
H59V,-0.811733335933927
H59W,0.689958604934226
H59Y,-0.392221354039078
G60A,-0.589516813756297
G60C,0.0804584106471313
G60D,-1.13750252329521
G60E,-1.67365370198333
G60F,-0.0116389566223724
G60H,-1.76982934029007
G60I,0.566587466304667
G60K,-0.433857443023102
G60L,0.636561987733782
G60M,-0.537823620750873
G60N,-0.501762593489515
G60P,0.0448394349558678
G60Q,-1.31150210108936
G60R,-1.21733746580215
G60S,-0.242420094584418
G60T,-0.686469610291074
G60V,-0.425462456621987
G60W,0.243282107591146
G60Y,-0.522998404887803
K61A,0.240894123595496
K61C,-0.865179912864704
K61D,-0.171113185141171
K61E,-0.791335035414227
K61F,1.03694506441273
K61G,-0.324858569068882
K61H,0.545490596389452
K61I,-0.442613792964405
K61L,1.26406813257709
K61M,-0.0650130064986988
K61N,0.0982491304863157
K61P,0.427003186560629
K61Q,-1.71336866158368
K61R,-0.714408594446541
K61S,-1.95898286348963
K61T,-0.99864685474539
K61V,-0.53357357314706
K61W,0.6420610638214
K61Y,-0.0297909171344437
E62A,-2.50706396479261
E62C,0.0361590093841946
E62D,-0.372118545427866
E62F,0.659327129017974
E62G,0.53443040694322
E62H,2.56111085459181
E62I,0.238029447117499
E62K,1.12123330016338
E62L,0.839418735467098
E62M,-0.23763318435207
E62N,-0.532443458852748
E62P,0.87750228044661
E62Q,0.396499779725392
E62R,3.88713931236184
E62S,-0.180232226383124
E62T,-1.35441388712175
E62V,-0.136874842531673
E62W,0.0636803275770816
E62Y,1.10552745985836
D63A,-0.243900011649237
D63C,-0.227400250346893
D63E,0.412088251936874
D63F,0.231937765963376
D63G,13.0810014567397
D63H,-2.08431918891265
D63I,-0.214683923076295
D63K,0.0358544937700375
D63L,-0.834178684541497
D63M,-2.24364632690499
D63N,1.40828052756772
D63P,-0.741958897890486
D63Q,0.0911440946325264
D63R,-1.10607585861249
D63S,6.1526674731132
D63T,0.666285689717867
D63V,0.282497540450878
D63W,0.29753785546304
D63Y,0.0645806336702925
L64A,3.07499053271631
L64C,-0.433406137122311
L64D,0.736315186686857
L64E,-0.569242704543837
L64F,-0.199799644651419
L64G,-0.88717992924301
L64H,0.105755295334994
L64I,-0.311487997266103
L64K,0.532695476779475
L64M,1.44814196475242
L64N,0.553044951258759
L64Q,0.309912883466223
L64R,-0.0490808539637427
L64S,1.14147876639173
L64T,-0.411826236617658
L64V,1.03596969893924
L64W,1.00926861598248
L64Y,2.89984520027487
K65A,0.346467096561336
K65C,0.0122196570358942
K65D,0.234465353590964
K65E,-0.910869685166288
K65F,-0.289751280408153
K65G,-0.137012461326898
K65H,0.0935067536167381
K65I,-2.50055048041832
K65L,0.535170206091039
K65M,-0.332034892515256
K65N,-1.26680298251359
K65P,-1.09459043499192
K65Q,-0.508605689451146
K65R,0.195655360664717
K65S,1.02451133932838
K65T,-0.644281044608168
K65V,0.0016988037349136
K65W,-0.0499733384766544
K65Y,-0.75647538542931
F66A,-0.268448176897337
F66C,2.51303367131349
F66D,0.164975512461734
F66E,0.432040314240065
F66G,-0.228048272000322
F66H,0.06907191019771
F66I,0.397259987586806
F66K,0.360888496949425
F66L,2.03158636374432
F66M,-1.61421989112608
F66N,0.823820894613095
F66P,0.23052151975238
F66Q,-0.880600453276875
F66R,-1.52936564473466
F66S,-1.54420589856539
F66T,0.670817690234849
F66V,-0.982280309093042
F66W,-0.738982244390244
F66Y,-0.360611644454359
P67A,-0.042716365365983
P67C,1.05821780288604
P67D,-2.59054594353144
P67E,0.142396953615688
P67F,0.536327007722438
P67G,2.36635016336366
P67H,0.582960372004091
P67I,-1.51275874270736
P67K,-0.254762280550729
P67L,-0.182332502008051
P67M,0.850233904812409
P67N,-0.38894918171842
P67Q,1.0708592697431
P67R,0.0158569161611097
P67S,-2.28218619094733
P67T,-0.424348407605508
P67V,1.37147015624828
P67W,-0.899545714298076
P67Y,0.268173144011845
R68A,-0.208917990089048
R68D,4.27497902100027
R68E,-1.23061354481224
R68F,0.954593946073868
R68G,0.00516690158597499
R68H,0.254308554972768
R68I,-0.607862362694563
R68K,-0.32129871413031
R68L,2.96548907753532
R68M,1.11484985314712
R68N,-0.363888894144585
R68P,-0.692659031971452
R68Q,0.983209639636729
R68S,2.26961732848635
R68T,0.0441070677054339
R68V,-1.06291900222558
R68W,0.273680668004576
R68Y,-0.0649277711049856
G69A,0.862480634009989
G69C,-1.18635540237458
G69D,-0.905818955193091
G69E,-0.885163448724271
G69F,-0.430952147210168
G69H,0.833892418930873
G69I,0.173474308314602
G69K,0.142672943099586
G69L,0.269325299077705
G69M,-0.173011566931872
G69N,-0.472114264489141
G69P,-1.00753192959515
G69Q,-0.488656041484897
G69R,1.2157188448528
G69S,1.30297201174346
G69T,-0.365476274965021
G69V,-1.04018256725985
G69W,0.931485057523071
G69Y,-1.34602886941236
Q70A,-0.482271343324474
Q70C,-0.574690162489067
Q70D,-0.202440017614113
Q70E,-0.265084344523492
Q70F,0.737093850243263
Q70G,-0.586094627465544
Q70H,-0.595867547902305
Q70I,-0.575922097636725
Q70K,0.446509181582745
Q70L,-0.249631124891336
Q70M,0.240803942601653
Q70N,0.296894568599132
Q70P,0.539173228808119
Q70R,0.308683643129729
Q70S,-0.367517536334517
Q70T,-1.05330267311493
Q70V,-0.722706031074458
Q70W,0.0755798330642204
Q70Y,0.0147309146756445
G71A,0.466067687097072
G71C,0.231069901489147
G71D,0.622345027121429
G71E,-0.196759102847725
G71F,-0.578476739082024
G71H,0.838741832904534
G71I,1.19629308622968
G71K,-0.959939473082244
G71L,0.563666661791711
G71M,-0.717287848358659
G71N,-0.465668587104345
G71P,-0.528564355739964
G71Q,-0.867103590088241
G71R,-0.230324119785556
G71S,-0.222127152820247
G71T,0.34086804436792
G71V,-1.06401234657134
G71W,0.323698786949313
G71Y,0.712406598397312
V72A,1.03056931379391
V72C,-0.0260649991912243
V72D,0.17071545727706
V72E,-0.711567874394017
V72F,-0.0305487106174491
V72G,0.441702015193469
V72H,0.783562334543605
V72I,0.211891700856412
V72K,0.306874075928597
V72L,-0.229311601350928
V72M,0.180798083705768
V72N,-1.35877890268652
V72P,1.01476881129657
V72Q,0.453342813695378
V72R,-0.0116702223573897
V72S,-0.158038830533615
V72T,0.247833924108649
V72W,0.841193323787292
V72Y,-0.473169957019253
P73A,0.224998190821952
P73C,0.941844372501136
P73D,0.811083134113555
P73E,1.90391401423736
P73F,-0.45894125060063
P73G,-0.344515221221876
P73H,1.50139515393164
P73I,-0.213795908832003
P73K,1.41473424078323
P73L,0.174312196530577
P73M,1.14938086939421
P73N,-1.13179150270555
P73Q,0.259592892801655
P73R,1.47688858141778
P73S,0.767090800314028
P73T,1.05955541759601
P73V,-0.736284133306883
P73W,0.79709154962481
P73Y,0.511303399810181
I74A,-1.01192420442052
I74C,0.251407375207874
I74D,0.239737551675796
I74E,3.04481116408187
I74F,-0.658967759808194
I74G,0.373003929782279
I74H,0.127957975251964
I74K,-1.62615478713369
I74L,0.0447847844699026
I74M,-0.429274404364439
I74N,-0.0842523392445432
I74P,0.291900928910858
I74Q,0.126943713377993
I74R,0.0422555850465799
I74S,0.142117463826679
I74T,-1.27835152785538
I74V,0.160522291242236
I74W,-0.143721580947836
I74Y,-0.937965309247862
N75A,-1.36375772227952
N75C,-1.25731883454787
N75D,-0.34951932806867
N75E,1.9875135769141
N75F,0.325186118181546
N75G,0.127232963499051
N75H,-0.218298774663501
N75I,-0.363750884053801
N75K,-1.23334614538777
N75L,0.237084871586683
N75M,-1.04585684753998
N75P,-1.22725387501154
N75Q,0.123764075455143
N75R,0.68849021362441
N75S,-0.419417117989751
N75T,-0.124718095627481
N75V,-2.04644500845627
N75W,-0.186940576015868
N75Y,-0.711829626707275
T76A,1.33059417406952
T76C,2.38154164545894
T76D,1.22686727661528
T76E,1.01576489671051
T76F,0.173215211365191
T76G,-0.327214061999026
T76H,-0.866969184028277
T76I,0.29879004225151
T76K,-0.693379442108109
T76L,-0.150326183029138
T76M,2.79859216493888
T76N,-0.361845414325784
T76P,0.0452976403581456
T76Q,0.363162824417743
T76R,-0.307045617267284
T76S,0.310596722210243
T76V,0.926307549643271
T76W,0.441020095476515
T76Y,-1.83994495624957
N77A,1.08213782878272
N77C,-1.06533916827065
N77D,-1.33730539153047
N77E,0.111064345569691
N77F,6.84215553848343
N77G,0.428096957919898
N77H,-0.52163962267
N77I,-0.611389334556474
N77K,0.480045040367605
N77L,-0.443328297518739
N77M,2.42715058654969
N77P,1.03387158386634
N77Q,0.641661711342498
N77R,1.32344558901079
N77S,-1.51681872215684
N77T,-0.523126620470818
N77V,1.50231615535032
N77W,-0.46230212651375
N77Y,0.218491968642058
S78A,-0.261437377548119
S78C,0.465078377539206
S78D,-0.318297205304744
S78E,-1.48228331793622
S78F,-0.240317109996747
S78G,0.634298041459805
S78H,0.78277725527816
S78I,-0.22558355001825
S78K,0.272140016250877
S78L,-0.386641167324724
S78M,0.75218537312018
S78N,1.9435308149899
S78P,1.34432259362461
S78Q,-0.204694069790545
S78R,-1.50336207725369
S78T,-2.24468015347411
S78V,0.990943604036163
S78W,-0.0909121227561392
S78Y,0.427661127527568
S79A,5.18045263090824
S79C,-0.665335697900312
S79D,0.449830095379733
S79E,-1.06189287323641
S79F,2.33735221058003
S79G,1.54228491866679
S79H,-1.21161578952913
S79I,-0.0880492064104316
S79K,0.654546237524979
S79L,0.510124086602432
S79M,0.0711649487382443
S79N,-0.888995415251388
S79P,-0.51511212952717
S79Q,-1.63151257555753
S79R,0.292304413841239
S79T,-0.494374824622025
S79V,-0.21459372425026
S79W,1.91925033915016
S79Y,0.0198812001803548
P80A,-0.812900414975671
P80C,-0.327790500426217
P80D,-0.48443731533289
P80E,0.674265966902714
P80F,-0.0505684314034864
P80G,-0.771536313555528
P80H,-0.294804230037896
P80I,-0.470039638199282
P80K,-1.08371195903393
P80L,0.0172837039391543
P80M,-0.372979158100815
P80N,-2.94710437471306
P80Q,-0.823357303277267
P80R,0.233530418135861
P80S,-0.637716025942825
P80T,2.0631879952172
P80V,1.29684447307294
P80W,-0.402558216484017
P80Y,0.0303953236401794
D81A,0.24682319900518
D81C,1.09653949888397
D81E,-0.495719950107994
D81F,0.421927690613572
D81G,-1.53183577241193
D81H,0.128823515689699
D81I,-0.979056480227437
D81K,0.847156529892543
D81L,-0.501227129816346
D81M,0.613473955035546
D81N,-0.288706747416295
D81P,-0.757156090284793
D81Q,1.59905542127573
D81R,2.40250521111876
D81S,0.355774671039021
D81T,-2.44187027948985
D81V,0.366183864942335
D81W,0.659212651843199
D81Y,-0.173554374090959
D82A,0.0627352167389226
D82C,-1.05540349405583
D82E,9.57908713825172
D82F,0.664175415691064
D82G,0.307904939766128
D82H,-1.79203418362663
D82I,5.7531413906821
D82K,1.83262132514174
D82L,-0.0669456179923424
D82M,0.933797725642457
D82N,1.0866226027262
D82P,1.76469304473758
D82Q,-0.240711178686573
D82R,2.74620090080736
D82S,-0.0578903481721778
D82T,-0.471336148461501
D82V,1.82954210996488
D82W,0.828384783100575
D82Y,-0.894030406926416
Q83A,1.0169140684526
Q83C,1.24486966718835
Q83D,-0.705158704400172
Q83E,0.140009711431112
Q83F,0.335334139044259
Q83G,0.0725537153903098
Q83H,2.86419425699675
Q83I,0.665708998503011
Q83K,0.602572626945088
Q83L,-0.150950768617498
Q83M,-0.520647228601525
Q83N,-0.507279406895973
Q83P,-0.646961544404874
Q83R,0.77053355152657
Q83S,-0.460340199265148
Q83T,1.21287295642042
Q83V,1.17404856899128
Q83W,-0.443806507173342
Q83Y,-0.665547701217484
I84A,-0.208383530115328
I84C,-0.0273810607859342
I84D,0.418108668924954
I84E,0.432870947458257
I84F,2.048461651464
I84G,-1.71929222666677
I84H,0.33028664445611
I84K,-0.472251652893438
I84L,-0.340837711709551
I84M,0.890997195872247
I84N,0.552819541095038
I84P,3.93283350676677
I84Q,-0.121697752222117
I84R,-0.952995889093059
I84S,-0.521373416928524
I84T,-0.14996687748
I84V,0.0581176314682299
I84W,1.36464131591803
I84Y,-0.781456157660973
G85A,0.0195786293972291
G85C,-0.772162748378018
G85D,0.599573418714692
G85E,1.58750502321064
G85F,1.79921729954327
G85H,0.210435040437945
G85I,2.47176076498181
G85K,1.28980819198196
G85L,0.672713775314404
G85M,1.2523145267701
G85N,-0.534526148787638
G85P,0.296296580339296
G85Q,1.86027529603068
G85R,0.773624206040821
G85S,3.3180151910366
G85T,0.871466131313763
G85V,1.86041410651436
G85W,1.10600905997236
G85Y,1.60315612207341
Y86A,1.21194533112314
Y86C,-0.308876842660701
Y86D,2.08383313544228
Y86E,-0.143611374937644
Y86F,1.28474217498388
Y86G,0.322515158900384
Y86H,1.10259438691599
Y86I,1.76585481977387
Y86K,3.1470274348047
Y86L,1.10247848555458
Y86M,-0.195759553663458
Y86N,1.9378939759673
Y86P,2.32688979048963
Y86Q,-0.421785037041396
Y86R,1.59184130422603
Y86S,0.629293757126914
Y86T,1.36744038612311
Y86V,0.808715719330556
Y86W,1.48530642557248
Y87A,-0.934054795545309
Y87C,1.3559158909484
Y87D,0.686969669858677
Y87E,0.261731554627357
Y87F,0.118988311023635
Y87G,-0.710550726871102
Y87H,-1.10697057329708
Y87I,0.381832934361374
Y87K,1.11623801168913
Y87L,0.566521108042421
Y87M,0.46806892899228
Y87N,0.791294647686262
Y87P,2.08216977465259
Y87Q,1.07101085004169
Y87R,2.30051032039964
Y87T,0.141773015026082
Y87V,0.578068751004075
Y87W,0.27840033669185
R88A,-0.293445052303949
R88C,-2.25865393005968
R88D,-1.10056231343128
R88E,-1.47716116606051
R88F,-0.189075670705932
R88G,0.872731070117884
R88H,-0.119709907296599
R88I,-1.45369887647995
R88K,2.31665147393474
R88L,1.38145476922264
R88M,0.234069146342544
R88N,-0.324726346278602
R88P,0.97429462960395
R88Q,2.25248978825848
R88S,-0.0614210971013858
R88T,-0.626266239950688
R88V,0.0217510416311586
R88W,-2.83064866131734
R88Y,0.205024449503911
R89A,-0.152488497738576
R89C,-0.327623791944261
R89D,0.103422084534477
R89E,-1.34590212297521
R89F,1.25203055231435
R89G,-0.305033060245747
R89H,-0.595058361931219
R89I,-1.00009796032357
R89K,1.21408282476954
R89L,-0.450204158232489
R89M,-1.9722932894702
R89N,-0.551572335054047
R89P,0.0572077634194088
R89Q,-0.146943307289638
R89S,-0.447018410069583
R89T,-0.799673905861919
R89V,1.15716957491584
R89W,0.545361226057489
R89Y,0.304689897394598
A90C,-0.098929894457983
A90D,2.06410548403514
A90E,0.214710388140859
A90F,1.00305892347912
A90G,-0.083112911750309
A90H,-1.02272842546821
A90I,0.880419961848219
A90K,-1.11748448343311
A90L,1.20198455114257
A90M,0.494147787699406
A90N,-2.2024097200395
A90P,-0.632864617382216
A90Q,0.111009371738862
A90R,-0.0622691589737327
A90S,-0.356963467914802
A90T,-0.0982478907343305
A90V,0.189123537644669
A90W,0.0501130797832676
A90Y,0.485614956840164
T91A,-0.778135116619024
T91C,1.04166763950103
T91D,0.66293110570374
T91E,-0.397710503816125
T91F,0.0669036678963917
T91G,0.0407701285011983
T91H,0.701577982691583
T91I,-0.265763390956262
T91K,-0.640016004309913
T91L,4.42702065596591
T91M,-0.634905493033554
T91N,3.17507837819839
T91P,-0.374042326076399
T91Q,0.654132330136723
T91R,-0.543542045847988
T91S,0.495858170121727
T91V,-0.138307865292215
T91W,0.990603121516176
T91Y,-0.410664351212542
R92A,-0.538552170211096
R92C,0.432880625930773
R92D,1.06188987584275
R92E,-1.06940325993471
R92F,0.390819259519698
R92G,-1.15785157787902
R92H,0.139760924198714
R92I,1.4798181691062
R92K,-0.983432969377568
R92L,-0.960645436670462
R92M,0.829562691135134
R92N,-0.58573727422426
R92P,-1.61865869335524
R92Q,0.37305149421284
R92S,1.82761564850662
R92T,0.504263930600645
R92V,0.267347168866151
R92W,-0.198232059026271
R92Y,-0.682092276684498
R93A,1.8023218777107
R93C,-0.640001368196214
R93D,-1.20797877950921
R93E,-0.446388174053795
R93F,0.210605720170177
R93G,0.277357879277389
R93H,-0.55382384862809
R93I,0.186699576992108
R93K,-3.32587409341328
R93L,0.605022775937049
R93M,0.172913410322938
R93N,-0.867410333099175
R93P,-0.655184837054921
R93Q,1.83085718538342
R93S,-1.09165152181965
R93T,-3.22060060402384
R93V,-0.4909089746556
R93W,1.17551758054794
R93Y,1.89422965713157
I94A,-0.316980585161229
I94C,-2.44019662290019
I94D,-0.54161377406598
I94E,-0.343081428386391
I94F,0.218251757211913
I94G,-1.10000544083951
I94H,0.172969326118719
I94K,-0.566867683920212
I94L,0.685314262875813
I94M,-1.28041040006997
I94N,-0.386048097992509
I94P,0.674504522964746
I94Q,-0.290182771398353
I94R,-0.086578211592689
I94S,-0.147820241432868
I94T,-0.245832677710925
I94V,0.90644996916617
I94W,-2.40256285000595
I94Y,-0.502969501878053
R95A,-1.46599611861618
R95C,1.73546205674688
R95D,0.156797722753278
R95E,2.35072528929653
R95F,-0.249149999513819
R95G,1.19615110748828
R95H,-0.545398403673366
R95I,1.44697601119981
R95K,0.395157989586904
R95L,1.13109449884986
R95M,3.83841892367354
R95N,-0.400230021494875
R95P,0.287079703123381
R95Q,-1.03293638199792
R95S,-2.10511850375791
R95T,-1.38786093080794
R95V,-1.00344381118558
R95W,-0.10853065712155
R95Y,2.12938505991783
G96C,-0.390735394161953
G96D,-0.767762312361326
G96E,-0.186106305592516
G96F,-0.173437831015191
G96I,0.228714346909639
G96K,-0.476450160430315
G96L,-2.51738708968519
G96M,-1.80579643106264
G96N,-0.167575851167626
G96P,4.24231270455713
G96Q,-0.435960744486737
G96R,2.33708526071537
G96S,0.76302023078324
G96T,0.519887177306997
G96V,-2.01690058358262
G96W,0.358213329805758
G96Y,-0.0706197814049939
G97A,0.100332627528928
G97C,1.14383309866284
G97D,-0.897519608764741
G97E,2.68205232927654
G97F,1.71114247120049
G97H,0.666833209964296
G97I,0.145254053967783
G97K,3.41820396323715
G97L,1.31996177368356
G97M,-0.519572608909677
G97N,1.49146311297552
G97P,0.498079045301776
G97Q,9.18853292350456
G97R,-1.31343576218622
G97S,0.0266029016679438
G97T,1.7469778694367
G97V,1.11017552571715
G97W,-0.86461245396491
G97Y,-0.219791806363461
D98A,-2.49019045376831
D98C,-0.572796921671023
D98E,-0.294322850113592
D98F,0.671382328728424
D98G,2.23019953185091
D98H,-0.0117828684402367
D98I,4.40121016534297
D98K,1.31539789886004
D98L,-1.54314422792695
D98M,0.795081135851807
D98N,-0.57246270971208
D98P,0.717891930055015
D98Q,-3.38521661798565
D98R,0.74303735701357
D98S,0.82203516018017
D98T,-1.14218802911226
D98V,1.78101962404303
D98W,0.929105013500326
D98Y,1.48805414566778
G99A,0.253213575214898
G99C,-1.37410141368532
G99D,1.38749779146424
G99E,-0.723679491869106
G99F,0.218457896587554
G99H,0.606305857396518
G99I,-1.94286333740514
G99K,0.481173063941787
G99L,-1.95898286348963
G99M,-0.444488918353903
G99N,-0.200153201153449
G99Q,3.10026065755882
G99R,-0.930723978274655
G99S,0.0817035863097372
G99T,-1.79689511311174
G99V,-0.0182949289241049
G99W,0.553186424162667
G99Y,-1.69331936125993
K100A,-0.726584881768899
K100C,-0.139905965695258
K100D,1.80573896576002
K100E,1.74202447436422
K100F,0.0253816509259126
K100G,0.414235175502055
K100H,-0.0982374665382614
K100I,0.372362906279357
K100L,0.0097889737743267
K100M,1.05374402861025
K100N,0.705176736740967
K100P,-0.73160137412377
K100Q,0.488505051566227
K100R,-0.631344644866274
K100S,-0.109965937887705
K100T,1.07245487745357
K100V,0.425012634868766
K100W,-0.543873812112377
K100Y,-1.07328748048317
M101A,-0.856385850275777
M101C,-1.60884038413353
M101D,3.3583046085779
M101E,0.713449571779888
M101F,2.50900114996971
M101G,-0.691887127082554
M101H,-2.55701610601163
M101I,-0.67730287154088
M101K,-0.261876993665812
M101L,-1.43912787383031
M101N,1.03883411452872
M101P,-0.374354782218556
M101Q,0.264498764018233
M101R,0.824161181346792
M101S,0.598892927345174
M101T,-2.18342155014901
M101V,-0.0337444241988052
M101W,1.64391397930206
M101Y,1.30716326461519
K102A,-0.280498014172235
K102C,0.0633236662364164
K102D,-1.8889372903641
K102E,-0.435712708566678
K102F,-0.224979285514361
K102G,-0.67730287154088
K102H,-0.791211277807904
K102I,-0.526324728085065
K102L,-0.71909849975273
K102M,-0.355009260009345
K102N,0.761581897057161
K102P,0.10232946698216
K102Q,-0.458543930060856
K102R,-0.530238209750264
K102S,-0.517349186249682
K102T,-1.03323774452959
K102V,-0.0174988870040507
K102W,-0.513069119975761
K102Y,1.33429080426797
D103A,-0.322234400227653
D103C,-0.828395875634811
D103E,0.805348311758661
D103F,1.65826865471549
D103G,-0.0810986863891549
D103H,0.429878253267902
D103I,0.576756473212926
D103K,0.589362209244629
D103L,0.674763728896914
D103M,-0.597503936429882
D103N,0.684528390383901
D103P,0.43551621058542
D103Q,-0.0217728721179657
D103R,-2.32729247880155
D103S,-1.07974453315367
D103T,-0.240777117436762
D103V,-0.519077385293598
D103W,-0.880900774210004
D103Y,0.288530268670198
L104A,-0.575602325343058
L104C,-1.17427848796276
L104D,0.866128036613091
L104E,-1.28511764354378
L104F,-0.558168001601861
L104G,3.15744712619841
L104H,-0.754176848915661
L104I,0.841091511675237
L104K,1.35270346099261
L104M,-0.732230739051832
L104N,0.207273789167563
L104P,-0.501843104723497
L104Q,-0.653630603358315
L104R,1.58359608877673
L104S,-0.841837230308318
L104T,-1.31823895740819
L104V,-0.376357703141437
L104W,-2.43438645514382
L104Y,0.572625094419858
S105A,0.574711298613564
S105C,2.08618310937382
S105D,-1.28222006182423
S105E,-1.16671390319633
S105F,-0.707516693457771
S105G,-0.415232056250257
S105H,-0.219228113308011
S105I,-1.16804915360818
S105K,-1.24854328983015
S105L,1.21425476684115
S105M,0.643342330114292
S105N,-0.523782788856624
S105Q,-0.552145219184385
S105R,0.251422850329269
S105T,-0.212960453655126
S105V,-0.515461690981935
S105W,-0.0103685720855688
S105Y,-0.682428563765168
P106A,-0.41691849770926
P106C,-0.488282301815116
P106D,-0.430076763923427
P106E,-1.28598614041658
P106F,2.01452218500387
P106G,1.7386511361534
P106H,-0.603010383097501
P106I,0.69913569504069
P106K,-0.756625039468052
P106L,-1.42773308833537
P106M,1.89531870964877
P106N,2.8123405936774
P106Q,-0.214248068629497
P106R,0.99582710691719
P106S,-0.0186746955383443
P106T,0.398730578584731
P106V,-0.875075168277978
P106W,0.534175166082066
P106Y,0.103710930285991
R107A,-0.114535081678778
R107C,0.159671314989251
R107D,-0.84598384225164
R107E,-1.41163383491241
R107F,-0.583914147963709
R107G,-1.44071213575262
R107H,1.96828532809382
R107I,-0.0596162836154063
R107K,1.11971769168001
R107L,-0.996782698688703
R107M,-0.0913844041537918
R107N,-0.387969613402531
R107P,-0.390937422065323
R107Q,0.453972106943221
R107S,-0.75870552037324
R107T,-1.15010485406429
R107V,-1.16881798896559
R107W,-0.578270247360689
R107Y,0.348151727221232
W108A,-1.49717924527803
W108C,-0.0525728642752484
W108D,-2.72814001698344
W108E,-0.467048772581587
W108F,-0.839101233324339
W108G,-1.33080518456801
W108H,-0.634335070569856
W108I,-0.734173237987576
W108K,0.696535084156034
W108L,-0.795103205911914
W108M,-0.420044742349433
W108N,0.0916082852782343
W108P,0.707164752876941
W108Q,-1.17601629553552
W108R,-0.768902549495237
W108S,-0.215786272369154
W108T,1.05597588849441
W108V,0.342512618938225
W108Y,-1.1251237664303
Y109A,-0.64371581097904
Y109C,0.409179541409473
Y109D,-0.956733031932446
Y109E,0.528880970952679
Y109F,-0.50172308303374
Y109G,0.442681192816339
Y109H,-1.22805199162507
Y109I,-0.818545578014667
Y109K,-0.365330411847657
Y109L,1.29490357599734
Y109M,-1.25983616833014
Y109N,-1.16239109330564
Y109P,-0.293204181816549
Y109Q,-0.738100992655155
Y109R,0.0788323960517198
Y109S,-1.29614874974801
Y109T,5.34060665125161
Y109V,0.28836608680462
Y109W,-0.196955544520364
F110A,1.05810099009564
F110C,-1.08647436395135
F110D,0.190217103368739
F110E,-0.187366016995666
F110G,-0.224798654345651
F110H,1.11733298842251
F110I,1.20802971355135
F110K,2.30694749502558
F110L,1.07637218801655
F110M,0.558922088124616
F110N,0.376089677661757
F110P,0.150186086241772
F110Q,0.75912231915637
F110R,0.580170460299065
F110S,0.437094742938094
F110T,0.719643669631856
F110V,1.16313783307278
F110W,-0.0794353170633621
F110Y,-0.337749270104238
Y111A,1.22138868418441
Y111C,0.740205731942484
Y111D,0.656666230957732
Y111E,-0.616640505725905
Y111F,0.574986275821187
Y111G,-0.66617127797918
Y111H,-1.06145156690567
Y111I,1.76083599663493
Y111K,1.20987389931746
Y111L,0.446891718243178
Y111M,1.90652408704617
Y111N,-0.517715772692721
Y111P,8.27235090453825
Y111Q,-0.135774975708893
Y111R,1.88566714388
Y111S,-1.68909961968246
Y111T,0.109394259100194
Y111V,1.24885053951196
Y111W,0.390398775390613
Y112A,-0.51277845487221
Y112C,-0.200429129461359
Y112D,0.341286361418795
Y112E,-0.327444229307509
Y112F,-0.974117851007914
Y112G,-0.662155928724189
Y112H,0.969668153274855
Y112I,0.156373183928242
Y112K,-0.780784591216612
Y112L,0.782489437596158
Y112M,0.0704956867812799
Y112N,1.13386021616198
Y112P,0.678271953745976
Y112Q,-0.282014901378075
Y112R,0.913414684386533
Y112S,-1.72414000003482
Y112T,-1.31968071279785
Y112V,0.512991454944595
Y112W,0.996974479709389
L113A,0.610392725541798
L113C,0.710774761640306
L113D,-0.0467656262913598
L113E,-0.594750208730835
L113F,-0.886676583718656
L113G,0.243519931492713
L113H,0.458758057925018
L113I,0.403136733103458
L113K,0.351162237844153
L113M,0.382487458710234
L113N,1.12994320464639
L113P,-0.619921389782755
L113Q,-0.413837246407752
L113R,0.622016209934173
L113S,-0.0340868220243636
L113T,-1.15549337247498
L113V,0.563430320742052
L113W,-0.957947467976213
L113Y,0.448688609675734
G114A,0.618352293305265
G114C,0.203415360610225
G114D,-0.118151284779311
G114E,0.241909800627051
G114F,-0.801701095862524
G114H,0.149186034522028
G114I,1.44750994972166
G114K,-0.985787002473598
G114L,0.999417661287837
G114M,-2.25766518860109
G114N,-0.643277849781132
G114P,-0.886524624222597
G114Q,1.16718986163868
G114R,0.845678194267328
G114S,0.651519929833514
G114T,0.502446180533407
G114V,-0.534999221331375
G114W,0.0726169546496413
G114Y,1.8030786217023
T115A,-0.437551990012188
T115C,-2.1987275768759
T115D,0.977598836063355
T115E,0.809188504296975
T115F,0.76246813464926
T115G,-0.158743621148351
T115H,0.0823744733321265
T115I,0.651118277552905
T115K,-0.0674402978896101
T115L,0.288315070254614
T115M,-0.281762560642044
T115N,-1.64513937569763
T115P,-0.245369142523189
T115Q,1.0330976801507
T115R,2.16256243707201
T115S,1.15820150389213
T115V,2.78824219165227
T115W,-0.0760745508469441
T115Y,1.20314855516769
G116A,1.40256269466071
G116C,0.0163828433885225
G116D,-1.01016855828182
G116E,0.714953291531807
G116F,0.38277680979602
G116H,1.87417031364426
G116I,1.76702646666384
G116K,2.9176082636339
G116L,1.47177945829628
G116M,1.26168503901884
G116N,2.8025571534716
G116P,0.458445431606357
G116Q,3.39648101002956
G116R,4.06131523792163
G116S,1.80201753247281
G116T,2.7653065305231
G116V,2.63262956123773
G116W,0.629047194290175
G116Y,1.33571433118345
P117A,1.22847132327027
P117C,0.472402110445738
P117D,0.80097234141192
P117E,-0.203767085798999
P117F,1.06731751014339
P117G,0.729408437743228
P117H,3.29530476515566
P117I,0.993163014751536
P117K,-0.287360901337942
P117L,0.645132967188548
P117M,-0.096815676596362
P117N,2.53463720306504
P117Q,3.76045127639326
P117R,0.0764293296414338
P117S,0.321441530422955
P117T,-0.233202779597202
P117V,-0.286457819748076
P117W,0.247708870922579
P117Y,1.0612628940203
E118A,-0.885751229758922
E118C,0.273522724406365
E118D,1.424024842391
E118F,-0.182825970757557
E118G,0.040757436975248
E118H,0.2286191298432
E118I,5.89746528479754
E118K,-2.24917115358453
E118L,0.546276715892736
E118M,0.968520742041345
E118N,-0.586754895212708
E118P,0.30318772860175
E118Q,0.291953619325739
E118R,-0.0529157673168759
E118S,0.198318688638743
E118T,0.464901740800857
E118V,-2.90535507972501
E118W,-1.19316660376567
E118Y,1.28648500175063
A119C,0.0177270791623894
A119D,0.584358246389495
A119E,0.547429843735932
A119F,0.496818913156007
A119G,-0.0429622915494595
A119H,2.70817422316694
A119I,0.0454266130848923
A119K,-0.201076526098383
A119L,0.0304914512149412
A119M,0.236000596322343
A119N,-1.24476545520447
A119P,2.55320644519689
A119Q,-0.17338309191315
A119R,0.318734405218299
A119S,0.670961536660044
A119T,-0.354047192062625
A119V,0.0484957253767195
A119W,1.76496244290727
A119Y,-0.302264547341956
G120A,3.58318197017952
G120C,0.837117552898733
G120D,0.0738086276142572
G120E,-1.02524254678149
G120F,-0.736527745179688
G120H,0.881463609155696
G120I,-0.201190012479509
G120K,-0.482243750998011
G120L,1.2577867462026
G120M,0.893954393236463
G120N,-1.38731544622936
G120P,4.28137776803067
G120Q,13.0810014567397
G120R,1.0049968959369
G120S,-0.9958801933788
G120T,0.864734905614663
G120V,-0.153289367647378
G120W,2.65665414818388
G120Y,0.22272464440266
L121A,0.793902765180584
L121C,0.249438850602076
L121D,-0.0789574194964627
L121E,0.540199848420887
L121F,-0.0445324044563968
L121G,0.418577294990434
L121H,0.401221844625816
L121I,-1.12902763115277
L121K,1.82399265743208
L121M,0.63510599598267
L121N,0.682509788071708
L121P,1.50141806201692
L121Q,0.503984336066461
L121R,0.666371445776123
L121S,-0.66939097386793
L121T,-0.474545197427382
L121V,0.186330338548023
L121W,1.03983891286025
L121Y,0.690337488544701
P122A,-0.110113990766191
P122C,0.379029716045581
P122D,-0.398607003413967
P122E,-0.608397791661631
P122F,1.51578789182101
P122G,-1.02585740121086
P122H,0.95286981643065
P122I,0.853516104628404
P122K,0.588462183049734
P122L,-0.0200275412570682
P122M,0.0203732879455812
P122N,-0.556915288389399
P122Q,0.765606971905371
P122R,-1.09024592112955
P122S,-0.114879307068095
P122T,-0.754743968992436
P122V,1.5045320609944
P122W,1.39612705970188
P122Y,0.643218571582035
Y123A,1.25148841144259
Y123C,-0.77355800274686
Y123D,-1.70106263128782
Y123E,0.391720614993006
Y123F,-2.44019662290019
Y123G,0.374574210645593
Y123H,-0.0678571166863194
Y123I,-0.0398331464108649
Y123K,0.203743234641513
Y123L,0.994978423624031
Y123M,-0.182371029543181
Y123N,0.104115505134758
Y123P,-0.844669827993762
Y123Q,-0.428395234050186
Y123R,-0.223018545366641
Y123S,0.852138796273204
Y123T,-0.446734013878324
Y123V,1.84472392412159
Y123W,0.189987512585397
G124A,-0.483738475711729
G124C,-1.31178776008776
G124D,0.47041408287104
G124E,-0.0390784039881813
G124F,1.39702422892576
G124H,-0.529488108661946
G124I,-0.363546853590393
G124K,-0.539935618393493
G124L,1.01939362006049
G124M,-0.501435294922406
G124N,0.606671833153719
G124P,0.87579131093871
G124Q,0.0729449538647839
G124R,-0.373140806049192
G124S,1.28076299175952
G124T,0.335837264987206
G124V,0.390163831799254
G124W,0.711411644796195
G124Y,0.0796287517267315
A125C,0.682848330607318
A125D,2.94262213142255
A125E,-0.00844319215698716
A125F,-1.08772304029175
A125G,-0.352074532251382
A125H,-0.457937568029219
A125I,0.116901234725369
A125K,-0.757201707462602
A125L,-0.268026814207705
A125M,0.00479202832067431
A125N,-0.100475334836272
A125P,-0.0839100603572921
A125Q,0.656721770465093
A125R,0.270023716362607
A125S,-0.134649340193819
A125T,-0.688996782705636
A125V,-0.126171507624116
A125W,2.79755532912151
A125Y,0.668812876475019
N126A,0.679163549521127
N126C,0.372916668932529
N126D,1.54753155550344
N126E,-0.445019881414375
N126F,-0.943002652249915
N126G,0.517200528605013
N126H,0.637765733752233
N126I,-0.926626525250591
N126K,-1.62594589973565
N126L,0.51749904842006
N126M,0.0307776039373383
N126P,0.91366218035258
N126Q,1.82940621260433
N126R,0.0395851855972928
N126S,0.235414055793485
N126T,1.53139827502572
N126V,0.0237425794737942
N126W,0.470781759538853
N126Y,0.527695787371344
K127A,2.30176011867959
K127C,-1.20010258291306
K127D,-1.49040016395761
K127E,-0.534284718412174
K127F,0.928984152347916
K127G,0.206274874608825
K127H,-1.69502655565485
K127I,0.131465925150461
K127L,0.669259292571766
K127M,0.863799414817573
K127N,-0.592207823834766
K127P,-0.505199389498822
K127Q,0.155812310614041
K127R,-0.467643519115996
K127S,0.224890787770839
K127T,-0.217009244719947
K127V,0.261615460788505
K127W,0.907918249345763
K127Y,2.37748336924366
D128A,-0.510975114926351
D128C,0.984558326523962
D128E,-0.916330853755575
D128F,0.351392820071968
D128G,1.17345825388233
D128I,0.248482190923274
D128K,0.527582008624615
D128L,0.959041906444378
D128M,-0.373157549809112
D128N,2.6361310270155
D128P,0.411487394737245
D128Q,-0.177135254111576
D128R,-0.828023973188092
D128S,-1.5994111386118
D128T,1.24747070073364
D128V,4.12079166103717
D128W,0.533174740902049
D128Y,0.627766040756724
G129A,1.40510857619946
G129C,-0.339761921902866
G129D,-0.359753015769367
G129E,0.0293224740056472
G129F,0.599824024946819
G129H,-0.217238909456424
G129I,1.57404225413712
G129K,2.79848435217262
G129L,0.705719077266923
G129M,-0.498247499401903
G129N,0.314357015533198
G129P,-0.260593364452513
G129Q,-0.682760023923093
G129R,0.887141331306216
G129S,-0.381077305972511
G129T,-1.0533439998125
G129V,1.86183636428253
G129W,1.31815495860705
G129Y,1.31727128470853
I130A,-0.858217747706112
I130C,0.957522461914352
I130D,2.80029260198992
I130E,0.486751583104176
I130F,1.03459364672116
I130G,1.673351758572
I130H,0.0898785333627695
I130K,0.734664149175701
I130L,8.4131496140055
I130M,0.934760803122904
I130N,-0.00595804887386834
I130P,2.21713603281963
I130Q,0.654965683440416
I130R,2.07684641158572
I130S,0.372808485944775
I130T,-1.60896147955355
I130V,1.43425440554333
I130W,2.0014065044305
I130Y,0.818422260203883
I131A,-0.663269531113012
I131D,-0.707008528214407
I131E,0.313088916470665
I131F,-0.483032253377689
I131G,2.48559874934601
I131H,-1.90537623419558
I131K,-0.183502028862191
I131L,-0.40676652670654
I131M,0.605667865852791
I131N,-1.51000217375582
I131P,1.34487204277407
I131Q,0.240319863343526
I131R,-0.0374351833877859
I131S,-1.08876675342399
I131T,-1.68679007335251
I131V,8.79562017676742
I131W,0.23596219230872
I131Y,0.414013511440729
W132A,0.199397717421267
W132C,-0.138783026149391
W132D,1.90133607084115
W132E,1.10264041097794
W132F,1.14591712224963
W132G,1.56927418591508
W132H,7.47906441032319
W132I,1.26116797676049
W132K,1.71653776379419
W132L,0.518645562481986
W132M,0.543500476841712
W132N,1.82701865891638
W132P,1.3721323966342
W132Q,1.14253122568175
W132R,7.72514534800653
W132S,2.58826142879522
W132T,1.6219128289408
W132V,1.61629426707695
W132Y,0.192778549613364
V133A,-0.411368175487715
V133C,4.13516394632028
V133D,-1.20101941013195
V133E,-0.115169441322789
V133F,-0.221391184091328
V133G,-0.45017513529172
V133H,0.796678121045655
V133I,0.479340053344441
V133K,3.23195260983832
V133L,0.702659350236475
V133M,0.27343722373176
V133N,-0.272210198231251
V133P,2.71984676269496
V133Q,0.563273537807583
V133R,1.26350689021512
V133S,-0.981735624792635
V133T,-1.54806004234151
V133W,2.05974746238471
V133Y,12.9320292013313
A134C,0.492872156281878
A134D,-0.814409473394763
A134E,1.64568795753726
A134F,0.122976190485942
A134G,-0.935415822421987
A134H,0.910929192485475
A134I,-1.02112676347492
A134K,0.638144642434897
A134L,0.785210457140577
A134M,-0.84997341319226
A134N,-0.163935620276128
A134P,4.89892422496167
A134Q,-1.26048587626833
A134R,1.1618267319541
A134S,-1.59282418295022
A134T,-0.96112406025533
A134V,0.481126481987745
A134W,-0.767493985348468
A134Y,-0.290490785726823
T135A,13.0810014567397
T135C,0.303120485809465
T135D,1.00887501229235
T135E,0.471524457038488
T135F,0.0242741502354082
T135G,-0.223968572495049
T135H,-0.236063883193241
T135I,0.566410860599936
T135K,-0.0412003751122272
T135L,0.00726756049662509
T135M,0.273372517831581
T135N,0.539887347313604
T135P,13.0810014567397
T135Q,0.253289909078665
T135R,1.79316332883732
T135S,-1.65464521176495
T135V,0.992806913318827
T135W,0.431287194292025
T135Y,1.6456366020674
E136A,-0.341374485679767
E136C,1.35402711687708
E136D,-0.822955802527334
E136F,0.289071989352363
E136G,0.865274543048216
E136H,-0.59663997314059
E136I,0.17234008664993
E136K,0.834280355410477
E136L,0.126403785746885
E136M,-0.21561523908337
E136N,0.0915407563595179
E136P,0.292276016328556
E136Q,-1.00290881752125
E136R,0.955559329957195
E136S,0.444989564222335
E136T,0.403394182055732
E136V,0.0277957886383483
E136W,0.782510322673833
E136Y,1.70695707257564
G137A,-0.15419409239766
G137C,-0.044870369053025
G137D,-0.133481186869782
G137E,-0.291523355383226
G137F,0.402262953379999
G137H,0.865203608146735
G137I,0.667407732391918
G137K,1.86516501798474
G137L,1.54448131748429
G137M,-0.141763049107619
G137N,-0.724591269093309
G137P,0.420441374529331
G137Q,0.3156173512644
G137R,1.27716479387259
G137S,-1.27867992840256
G137T,0.04371741510108
G137V,0.290270372656783
G137W,-0.85893585350508
G137Y,0.518245283182724
A138C,-0.358803356908138
A138D,0.283104061873436
A138E,0.503357736733441
A138F,-1.18223165218485
A138G,0.0355890589512012
A138I,-0.0497941293555561
A138K,-0.262108494085428
A138L,1.50617109340522
A138M,1.33094788006589
A138N,1.87680950394531
A138P,-0.45580460789641
A138Q,-0.0303918317104631
A138R,0.899375677457172
A138S,1.43275662516857
A138T,-0.754743968992436
A138V,1.17873614226634
A138W,0.286261589710042
A138Y,0.282464730531748
L139A,0.307026369536574
L139C,1.52353718079949
L139D,-1.03281547759318
L139E,0.103158822896048
L139F,0.591137401340584
L139G,1.2525112406784
L139H,1.00518684598242
L139I,0.735316350146323
L139K,0.119663313990842
L139M,0.344329481478869
L139N,-0.204485673105681
L139P,-0.00418439445650749
L139Q,-0.649106208905147
L139R,0.74989062654264
L139S,1.01824560778005
L139T,9.72530276504054
L139V,-0.956921764450774
L139W,2.05190098035209
L139Y,2.70456888484143
N140A,-1.1144938080554
N140C,-0.452788379805112
N140D,0.185055724713973
N140E,-0.41011706031601
N140F,0.795883238493694
N140G,-0.333281791097589
N140H,-0.936551955855684
N140I,-0.753517222440625
N140K,2.6611892691754
N140L,2.90164920064728
N140M,0.734218448915325
N140P,-0.840544267584862
N140Q,-0.108375847143504
N140R,1.39650211178666
N140S,-0.600946188310797
N140T,1.27999941658811
N140V,0.193840258478413
N140W,0.841887061126741
N140Y,0.682614839957718
T141A,0.0198895279191577
T141C,-0.563470802641445
T141D,-0.293675274764339
T141E,0.453842900064506
T141F,1.05535925027402
T141G,0.43253864189751
T141H,-0.367404908983637
T141I,0.0919287964272013
T141K,0.45774736725619
T141L,-0.292333384950803
T141M,-0.589584746217539
T141N,-0.385056543697314
T141P,1.26580749884109
T141Q,-0.551199229151773
T141R,-0.558635074607693
T141S,-0.26137150034579
T141V,-1.14762245052517
T141W,-0.919369425476978
T141Y,0.160431454604702
P142A,-0.810460380267323
P142C,-0.358193245090484
P142D,-0.167856711405986
P142E,-0.556195451197637
P142F,-0.825354362959962
P142G,-0.609309615854506
P142H,-0.243493485835364
P142I,1.14855437642147
P142K,-0.57779788683205
P142L,0.97730720060407
P142M,-0.184628739296032
P142N,-0.284178932075906
P142Q,0.153722864101173
P142R,1.18852319300157
P142S,-0.636772642789213
P142T,0.0989296306717437
P142V,0.923571791334504
P142W,0.822760108384259
P142Y,0.298183315348838
K143A,0.329801304329915
K143C,0.0612406278849492
K143D,0.424278379462559
K143E,-0.0187540630324341
K143F,0.274800710044871
K143G,-0.794259771617201
K143H,0.727068214289979
K143I,-0.190478217907508
K143L,0.18350155916103
K143M,-0.488756646535758
K143N,1.15955724615333
K143P,0.52274679411281
K143Q,0.937919006534342
K143R,3.33798416701581
K143S,1.19085654509872
K143T,0.087088312964915
K143V,-0.826584146453548
K143W,1.2679798664766
K143Y,-1.23567554525558
D144A,3.47866670225705
D144C,0.30334482877597
D144E,0.63036611858119
D144F,-0.0748249263635079
D144G,0.835743846735087
D144H,0.223050142442852
D144I,0.896383222265892
D144K,0.473155714662994
D144L,0.300084178040223
D144M,2.23284619470029
D144N,0.83996371647476
D144P,-0.533798203540194
D144Q,-1.03921896896784
D144R,1.17032197602065
D144S,4.25196525817176
D144T,0.936375121369405
D144V,1.17968957822039
D144W,0.426910552123609
D144Y,-2.3183134665673
H145A,-0.550538637526254
H145C,-0.704369322179846
H145D,0.82982999603648
H145E,-0.0703513449347366
H145F,-0.937197266938386
H145G,-0.860275335934475
H145I,1.21218806379277
H145K,0.362345916206821
H145L,-1.2277673688777
H145M,-0.741333959012135
H145N,-0.702447056565086
H145P,-2.22281040469704
H145Q,0.338517350519865
H145R,0.292168362099984
H145S,-1.02269257851129
H145T,0.0799924764145863
H145V,-0.63344475598556
H145W,-0.729839738294122
H145Y,0.277568444823972
I146A,-0.573265324015384
I146C,-0.510469003186048
I146D,-1.63151257555753
I146E,1.83634710108673
I146F,-0.551087142576259
I146G,0.32288033047357
I146H,0.0891353025479083
I146K,1.97958521793939
I146L,0.0628913726436981
I146M,-0.0476460465524328
I146N,-0.80166128896356
I146P,-0.383925576101611
I146Q,1.15431572276271
I146R,1.20685200057218
I146S,0.0231241430397959
I146T,0.622865370092172
I146V,-0.184901512532059
I146W,-0.708767054354416
I146Y,0.143791591751721
G147A,-0.533372188502315
G147C,-0.882052162470596
G147D,-0.749423255572131
G147E,-0.408200658546543
G147F,0.542305996476471
G147H,0.0219589760405837
G147I,1.25457780237851
G147K,0.311909070194422
G147L,-0.554771539513514
G147M,-0.0724114443277296
G147N,-0.267678126889521
G147P,-0.536818788958426
G147Q,0.123344660926991
G147R,-0.0849813064180647
G147S,-1.36270728254969
G147T,-0.552200756958467
G147V,0.218542980442487
G147W,2.14256101141054
G147Y,0.954182600082575
T148A,0.190300522722039
T148C,-0.760719786105748
T148D,0.542587656636171
T148E,0.499447566201485
T148F,-0.795142845056944
T148G,0.773347622815266
T148H,-2.1125282073387
T148I,0.502091250032021
T148L,0.194440983165428
T148M,0.840779214706678
T148N,-0.713750593628152
T148P,0.685848086333399
T148Q,0.232267715431718
T148R,0.00799133144498013
T148S,-1.27517750434354
T148V,-0.108590821909675
T148W,0.702353629780109
T148Y,0.386079138434955
R149A,-0.561389704626002
R149C,-0.731318449950227
R149D,-0.834351913496326
R149E,0.282505945107496
R149F,-0.684301699079932
R149G,-1.19217928704649
R149H,1.41892107055675
R149I,-0.196690361823537
R149K,0.177597637657044
R149L,-0.217352791731245
R149M,-0.708422955639261
R149N,-0.855163847198758
R149P,-1.24384016668696
R149Q,-0.308831397207468
R149S,-0.374212070707734
R149T,-0.509840999632895
R149V,-0.802747244435352
R149W,-0.201230755155685
R149Y,-0.68019926614537
N150A,1.26814100024405
N150C,-0.599369127913077
N150D,0.969186164784823
N150E,-0.484495397207495
N150F,0.264234224234066
N150G,-0.197610994551065
N150H,-0.274796477096342
N150I,0.464006400471682
N150K,-1.07316707915717
N150L,-0.118956039536641
N150M,-0.479928669811843
N150P,-2.47845985515954
N150Q,-0.559923445281308
N150R,-0.535589799734141
N150S,0.934976165052844
N150T,0.72936657567054
N150V,1.26624970311465
N150W,0.230331944504406
N150Y,0.120640424847515
P151A,-0.134358388101215
P151C,-0.145142632538972
P151D,0.403181244157701
P151E,0.88715133548261
P151F,0.651563558408891
P151G,-0.914811219959958
P151H,0.57714944777262
P151I,0.229016942691084
P151K,-1.14894336284009
P151L,-0.203402920797097
P151M,-0.330424010779058
P151N,1.58427526494849
P151Q,-0.44324087175934
P151R,-1.58665434447072
P151S,-0.0462616293138625
P151T,0.0323353287780886
P151V,0.594220815861133
P151W,0.547202406498369
P151Y,1.17892699239687
A152C,-0.898488079050856
A152D,-0.159967663387667
A152E,-0.0915826938794842
A152F,-0.235984192012948
A152G,0.536627501004383
A152H,0.636473330030635
A152I,-0.123858286385257
A152K,-1.06583296155957
A152L,-0.117082851946108
A152M,0.523775928258749
A152N,-1.27250682586464
A152P,0.0827017260077617
A152Q,-0.112606476979808
A152R,1.4625086797678
A152S,0.519026840881531
A152T,-0.785923532422955
A152V,-0.310196878145989
A152W,-0.235451133750419
A152Y,0.800771388887633
N153A,-1.25245699142499
N153C,0.355072543804021
N153D,-1.34445950399442
N153E,-0.948037486445763
N153F,0.426030392862821
N153G,-1.06908764104064
N153H,-1.4220574121985
N153I,0.13151968239322
N153K,0.222468901629254
N153L,0.798323316247391
N153M,-1.25327841332715
N153Q,0.302418501225184
N153R,1.91834248553747
N153S,-0.659931804613972
N153T,0.686835447363449
N153V,-0.417827161293792
N153W,0.551859149239435
N153Y,-0.607977764563747
N154A,2.41568469822493
N154C,-0.0156461110153763
N154D,0.496577118329798
N154E,0.0196841817027943
N154F,-0.342105571896259
N154G,-0.828085984565035
N154H,0.35242098042987
N154I,-0.213929290561206
N154K,-0.403394251868979
N154L,-0.937069171522565
N154M,-0.760061331926698
N154P,-0.476952367018132
N154Q,-0.407278137705103
N154R,0.369328196716408
N154S,-0.213468128223982
N154T,3.50462827412669
N154V,1.21112915155678
N154W,0.670405185198204
N154Y,1.11057052261983
A155C,-0.594281471796855
A155D,0.573660576538262
A155E,0.554180659302982
A155F,0.42032259366791
A155G,0.704763482000743
A155H,1.03576620864623
A155I,0.762322759476866
A155K,0.795929527252374
A155L,0.356274533601493
A155M,1.33675108796932
A155N,-0.521493030762104
A155P,-0.131683987298683
A155Q,-0.281897246978198
A155R,-0.0229190292712422
A155S,-0.295099090507602
A155T,0.535917093347856
A155V,1.15755917085255
A155W,0.997030519567099
A155Y,-0.799878317659576
A156C,0.359393724780998
A156D,-0.430150952888965
A156E,0.801957630698957
A156F,0.422445701718127
A156G,2.90436070799667
A156H,-0.865043098672911
A156I,0.825475407256935
A156K,0.08519339442001
A156L,0.228158157763227
A156M,0.162741780058265
A156N,0.0438644355654886
A156P,2.01574759941101
A156Q,0.721158236239511
A156R,1.21015074859528
A156S,-0.599728864129505
A156T,-0.161821713410086
A156V,-0.302027510845921
A156W,1.02495392540812
A156Y,2.3662825951165
I157A,0.128800188886211
I157C,-0.344194781443659
I157D,-0.500555473636488
I157E,-0.0497568144289425
I157F,-0.23408112375865
I157G,-1.41260410516621
I157H,-1.42393695042068
I157K,-0.038405969445054
I157L,0.0903902030519706
I157M,-0.0371035727473979
I157N,-0.402434094901724
I157P,-1.7760721863151
I157Q,-1.30951132721411
I157R,1.1488164842358
I157S,-0.996337561968509
I157T,0.265795987860245
I157V,1.37899069465848
I157W,-0.327460887925195
I157Y,-0.13458931696138
V158A,-0.53342839626572
V158C,-0.657389543740166
V158D,-0.743392821176496
V158E,0.158650843716789
V158F,1.05231516381698
V158G,-0.559623409947936
V158H,-1.31135399546233
V158I,0.229534026575208
V158K,-0.748877208158479
V158L,2.34451378668404
V158M,1.07790373129387
V158N,-0.387096464496323
V158P,0.0558125840485788
V158Q,-0.462126989811332
V158R,1.83223913608813
V158S,-0.531681242783304
V158T,-0.879310301408423
V158W,-1.89812026349604
V158Y,0.0814537992081005
L159A,1.1079187961274
L159C,0.301732548909304
L159D,0.57136451137591
L159E,0.329327774901172
L159F,0.0110150260552587
L159G,0.180666395608765
L159H,0.267838702107344
L159I,0.0564550012616773
L159K,2.99495296115629
L159M,10.8228200703832
L159N,-0.357059623125145
L159P,-0.709826214659689
L159Q,-1.31303375529469
L159R,0.320428693699331
L159S,-0.425188752377857
L159T,-1.29096631628669
L159V,1.45200185032729
L159W,-0.169767515495815
L159Y,-0.427765812887301
Q160A,-0.236335926615133
Q160C,2.2351626892686
Q160D,-0.879508615905153
Q160E,-0.211549363494583
Q160F,-0.0387458556704578
Q160G,1.03271776304923
Q160H,3.5412023989584
Q160I,0.0404974864411877
Q160K,1.24278204572836
Q160L,1.03280359566729
Q160M,0.446231106020277
Q160N,-0.37742426656067
Q160P,0.102790376141865
Q160R,-0.340918555468592
Q160S,-1.59690901802959
Q160T,-0.155581725338385
Q160V,-0.31735000412315
Q160W,0.529521569157117
Q160Y,-0.0931459048497558
L161A,-0.590980758794146
L161C,0.559855393904837
L161D,-0.548782018135778
L161E,-3.91839118412412
L161F,0.2144145057054
L161G,0.536545441524106
L161H,-0.378442889165697
L161I,2.54790928735406
L161K,0.999955222201917
L161M,-0.0700210749322628
L161N,1.95804846477494
L161P,-0.168015141862095
L161Q,-0.679384373254891
L161R,-0.232861523693128
L161S,-0.718479346901946
L161T,0.322850079619725
L161V,-1.37248440967286
L161W,1.10484532458227
L161Y,0.752912713752666
P162A,0.97077960750161
P162C,2.06810526684422
P162D,-0.438796316106301
P162E,-0.0997916923038304
P162F,-0.268106522934191
P162G,-0.0372097767658507
P162H,-0.430616206961464
P162I,0.171463175563372
P162K,-0.585721735510935
P162L,-0.335364955557948
P162M,0.699245614487799
P162N,-1.24629474451198
P162Q,-0.269608444264191
P162R,-0.64292703529331
P162S,0.419342290424241
P162T,0.550054113646473
P162V,1.82387256911061
P162W,0.107190154153613
P162Y,-0.943066299112135
Q163A,0.414038545515998
Q163C,0.0909013333362379
Q163D,0.198509903430359
Q163E,-0.194249982814976
Q163F,0.0360838194659057
Q163G,0.445405481951299
Q163H,-0.882833562643668
Q163I,-0.571746446442354
Q163K,4.28220934153005
Q163L,-0.50742812964926
Q163M,-0.356273772965811
Q163N,0.456019853628599
Q163P,-0.276015829009565
Q163R,1.57715598379707
Q163S,-0.517048715460702
Q163T,-0.291667078045243
Q163V,1.62978931506906
Q163W,0.101900797270504
Q163Y,-0.150037167627687
G164A,0.806446655218708
G164C,-0.656130699248232
G164D,-0.637569116436018
G164E,-0.503371343514979
G164F,1.39712586286648
G164H,0.261123551231486
G164I,-0.367577441140285
G164K,-0.0102276942838208
G164L,1.42381926720118
G164M,-3.47717531999963
G164N,-1.22042554723324
G164P,-0.854200690587761
G164Q,-1.08599568705544
G164R,0.583723770364168
G164S,-0.92669321723421
G164T,-0.624858150041103
G164V,-0.552878652827746
G164W,-0.598101243660737
G164Y,0.240112977630879
T165A,-0.85387070055517
T165C,1.32371720616104
T165D,-0.572928111470717
T165E,-0.759338655323034
T165F,-0.58678710351198
T165G,-1.19185501693412
T165H,0.396946916418931
T165I,0.716070018308867
T165K,0.278938960212002
T165L,0.304975914434991
T165M,-0.172994240435848
T165N,-0.895916617787267
T165P,-0.410650142641796
T165Q,0.432695851998623
T165R,0.27306580696859
T165V,-0.00601872978159093
T165W,0.0683055730170368
T165Y,-0.598098625484793
T166C,0.122533188285918
T166D,-0.53030969247194
T166E,0.942318728999695
T166F,-0.00119611669427476
T166G,-0.191661923214087
T166H,0.108893869060593
T166I,-0.234336918814054
T166K,1.45942120929243
T166L,-0.294462807609561
T166M,0.153990703991489
T166N,-0.497778735862049
T166P,0.406726992512863
T166Q,0.445306919820432
T166R,-4.61351698437017
T166S,-0.542618605269643
T166V,0.0385069772774095
T166W,0.790814599331794
T166Y,0.868166032727218
L167A,-0.39596694319941
L167C,-0.278682615316634
L167D,-0.797863296107501
L167E,-0.0267654670243737
L167F,-0.279131467886148
L167G,-1.09666684552667
L167H,0.799872607024443
L167I,1.26236576162909
L167K,0.041685021690716
L167M,-0.948123523661509
L167N,0.128035158146884
L167P,-1.28197661492362
L167Q,-0.308884342160848
L167R,-0.449370177174288
L167S,0.285871321249257
L167T,-2.25839883033591
L167V,0.592204167982459
L167W,-0.804408778281498
L167Y,0.742406315432929
P168A,1.0372501612532
P168C,-0.0314141485008396
P168D,-0.606886678308447
P168E,-0.60082891600489
P168F,0.570347494886313
P168G,-0.695752314429557
P168H,-0.168539221184163
P168I,0.288169664545318
P168K,1.43978427964075
P168L,0.253300254968755
P168M,0.499317485957949
P168N,0.00612957741080066
P168Q,0.149818612437127
P168R,0.0651925923992141
P168S,-0.0912115154890451
P168T,-1.1248250089499
P168V,0.140333516711312
P168W,1.00665276756329
P168Y,2.95774512890434
K169A,-1.55834175350581
K169C,0.154463095013213
K169D,-1.1646895754529
K169E,0.121506584239797
K169F,-1.00158607248701
K169G,-0.558471764529663
K169H,0.834642725928586
K169I,0.139061806337132
K169L,-1.30674945940251
K169M,-0.0872531480949504
K169N,-0.816575264918171
K169P,1.10201068279933
K169Q,-0.319498274667766
K169R,4.70705499121619
K169S,0.36335642937147
K169T,-2.4456891287208
K169V,-0.176064296727884
K169W,0.597643588771799
K169Y,-0.90227720185777
G170A,-1.68979260393166
G170C,0.0724052152203214
G170D,-0.0516932535500483
G170E,-0.341613432963589
G170F,1.15852591360661
G170H,0.0855833742231335
G170I,0.396345574372668
G170K,3.86240838948016
G170L,2.84235458120082
G170M,0.389760819027748
G170N,-0.386220697062619
G170P,-1.08993536534606
G170Q,-1.1020592707582
G170R,0.134866054632537
G170S,-0.976236549754845
G170T,-0.836940375070577
G170V,-0.592721196285451
G170W,0.687408418781289
G170Y,0.941847361968319
F171A,-0.405889539692538
F171C,-0.0484919590361942
F171D,4.18713369706449
F171E,-0.837493050295901
F171G,-0.880376470768007
F171H,-0.884066476256535
F171I,-0.0037421806250611
F171K,0.165900926650678
F171L,-0.513830953747776
F171M,-0.0242205703303039
F171N,-2.0104605270872
F171P,-1.03163051703192
F171Q,0.69417343752388
F171R,-0.476535869581235
F171S,-0.151756180764903
F171T,-0.654029672974549
F171V,-0.185985382332727
F171W,0.206022127604892
F171Y,0.301677823678947
Y172A,0.710058423143505
Y172C,-0.909867436759566
Y172D,-4.38580311022332
Y172E,-0.238529020462261
Y172F,2.74473241090677
Y172G,0.26844426894394
Y172H,-1.4371876619624
Y172I,1.36453130231847
Y172K,1.5898762789617
Y172L,-0.689444413600424
Y172M,-0.657264629801574
Y172N,-1.27271638768563
Y172P,-2.27253691521465
Y172Q,-0.674678803873682
Y172R,0.0147659951269444
Y172S,1.42828729415708
Y172T,-0.583218596858877
Y172V,0.770951341840479
Y172W,0.241709569164971
A173C,-1.41679445876947
A173D,-1.17471635293811
A173E,0.925528500609588
A173F,0.754909023490532
A173G,-0.701053760378466
A173H,0.0411445767789618
A173I,1.14019303795753
A173K,-0.63746470093661
A173L,-1.6400770151297
A173M,-0.639256308468918
A173N,0.110091300533405
A173P,-0.478061203072941
A173Q,-0.295996001326173
A173R,0.971289723989414
A173S,-0.50370719090894
A173T,-0.654247440927919
A173V,-0.577578489987422
A173W,-0.841032499211746
A173Y,-0.237476581367868
E174A,-0.709103156022008
E174C,0.822071893121531
E174D,3.51648747015526
E174F,0.165684762912813
E174G,-1.22225649230471
E174H,-0.652471521290234
E174I,-0.206413795874844
E174K,-1.31991869786858
E174L,-0.450714712334976
E174M,-0.0282464223611144
E174N,-0.477389366643648
E174P,0.792264813382815
E174Q,1.12092807232328
E174R,-0.134669001511292
E174S,-1.57487411788182
E174T,-1.10879181872498
E174V,-0.441268930698545
E174W,0.136903253040714
E174Y,1.0502673788154
G175A,-1.08626904583271
G175C,-0.798063009425874
G175D,-2.60529375805354
G175E,-0.980094436499402
G175F,-0.315565674510626
G175H,0.988981797994384
G175I,-1.65241580222672
G175K,1.01728007868377
G175L,2.58489544294531
G175M,-1.00568755781824
G175N,-0.277709627253024
G175P,-2.32905949746211
G175Q,-1.54631958853342
G175R,0.0827362694403469
G175S,-0.318469571146442
G175T,0.504051182147008
G175V,-0.930057495134492
G175W,-0.0309796246872145
G175Y,-1.77841432670427
S176A,-1.78898757539287
S176C,-1.08110870553394
S176D,0.441842243173363
S176E,-0.697622173117529
S176F,-0.378464085772905
S176G,-1.24340761516664
S176H,2.24835051073704
S176I,-0.266010403823224
S176K,-2.11020544148817
S176M,3.07303271170851
S176N,-0.759286478096085
S176P,-3.05518912725739
S176Q,-0.200833467694699
S176R,2.38017167070838
S176T,-0.380428945327625
S176V,-0.246268778509074
S176W,-0.165761414398807
S176Y,0.28479799491066
R177A,-1.66097299200837
R177C,0.386580741033074
R177D,-0.321323038082144
R177E,-1.19024681501878
R177F,-0.10043270873136
R177G,1.07067157978662
R177H,0.166329607280767
R177I,0.345318329024395
R177K,-0.921088886292701
R177L,-0.591018987503165
R177M,0.08226800872593
R177N,-2.12082255074623
R177P,-1.25622030525881
R177Q,0.675773152214646
R177S,-1.0231711104537
R177T,-0.198280215601304
R177V,1.02573866955567
R177W,0.821216334258577
R177Y,0.808672773668748
G178A,-1.99725198177636
G178C,1.74388749855815
G178D,-0.19333705877896
G178E,-1.39594790134993
G178F,0.125440855565714
G178H,-1.12581243180489
G178I,0.683472457158546
G178K,1.51868423499597
G178L,-1.3245725988605
G178M,3.06934766250649
G178N,0.510100000001767
G178P,-0.14303079154947
G178Q,-0.398542958159202
G178R,2.03700203674764
G178S,1.76348796963565
G178T,0.228714346909639
G178V,0.0545725944660614
G178W,1.37889005075447
G178Y,-2.93745722792848
G179A,-0.54398000882766
G179C,1.35708480648997
G179D,-0.0753803457043202
G179E,0.8563303418611
G179F,1.23703034717286
G179H,0.685192559287688
G179I,-0.43782771009093
G179K,1.78931552215016
G179L,-0.319315022349871
G179M,-0.741065235451969
G179N,0.170141148385991
G179P,-0.711329874218515
G179Q,0.334374069357526
G179R,2.5017374454953
G179S,-0.3575223408838
G179T,0.950483314165733
G179V,1.24772664748696
G179W,0.989388231841765
G179Y,1.35559600184004
S180A,1.94970688702355
S180C,-1.13358166331395
S180D,2.38862563582223
S180E,11.5996941698815
S180F,0.600376070885404
S180G,13.0810014567397
S180H,-0.120068987983607
S180I,0.0176036929793832
S180K,1.47522519773143
S180L,-0.771148629923882
S180M,0.26286810844136
S180N,-1.92351615485036
S180P,0.288449880169002
S180Q,-1.01937191002044
S180R,-1.48084109450576
S180T,1.06676552171509
S180V,-0.901418717700418
S180W,0.325484601754087
S180Y,0.219100624216752
Q181C,1.29777003317844
Q181D,0.0187205955263196
Q181E,-1.03409416005101
Q181F,-0.252738962691389
Q181G,0.495251036644363
Q181H,0.637340074531791
Q181I,0.167787471817294
Q181K,-1.161467247755
Q181L,-0.258484910870608
Q181M,-0.175324260410374
Q181N,0.479520150662652
Q181P,-2.85817011721104
Q181R,-0.204185155630796
Q181S,-0.883410186572362
Q181T,-2.40256285000595
Q181V,-0.444707375506642
Q181W,0.79511953722085
Q181Y,-0.0718296382832615
A182C,-0.791477584573493
A182D,-0.978286893555473
A182E,2.25517262097736
A182F,-1.80443908642541
A182G,-0.083747501255476
A182H,-1.25210066656903
A182I,-0.295199488006459
A182K,2.02703107306371
A182L,-0.452376185917109
A182M,0.117252722835066
A182N,-0.158948840733947
A182P,-1.0993188267219
A182Q,-0.723446456744737
A182R,-0.0396715887754776
A182S,0.0567972646349966
A182T,-0.186546065906646
A182V,-2.11858135100126
A182W,0.119725384381803
A182Y,0.143375853436481
S183A,1.7261305974788
S183C,-2.66853072437388
S183D,0.648592842947244
S183E,-0.0100371089808941
S183F,0.158931340135068
S183G,-1.05375031806855
S183H,2.11698341879877
S183I,-2.18836807832474
S183K,-2.36552685512666
S183L,0.596228291244727
S183M,0.977377132379829
S183N,1.13888498764627
S183P,-0.441727924121833
S183Q,0.180248861435346
S183T,-0.288022148837402
S183V,-1.19425849383256
S183W,0.0735817410091036
S183Y,-0.962396848341994
S184A,0.0179422753286408
S184C,-2.47845985515954
S184D,-0.516120094758783
S184E,-0.754743968992436
S184F,1.13595535490717
S184G,3.52782731356339
S184H,-0.65527511561949
S184I,-1.33080518456801
S184K,-0.565363705701967
S184L,0.120675714537038
S184M,0.347272866852715
S184N,6.31523718167377
S184P,0.499365371143194
S184Q,-2.32905949746211
S184R,-1.22640943334506
S184T,-1.8847682267253
S184V,-0.541046558388204
S184W,-0.369169947687911
S184Y,1.24374724732235
R185A,3.27300905213582
R185C,0.739034288440936
R185D,0.679756968632447
R185E,0.100577708414823
R185F,-1.71746074520656
R185G,0.736048239431433
R185H,4.77502866568092
R185I,1.20894211935045
R185K,0.9930078664989
R185L,-1.06728490016139
R185M,0.185244426026642
R185N,-1.08002685558845
R185P,-0.68504493269238
R185Q,-0.250453538066613
R185S,-1.63708107378636
R185T,-0.398568324522111
R185V,0.468599843000755
R185W,0.184444211199586
S186A,-0.265388050923617
S186C,1.54079519089115
S186D,-2.05200857248407
S186E,-0.964092525003578
S186F,0.490921364363139
S186G,0.35935581502033
S186H,-0.571147068366126
S186I,2.57603874494587
S186K,-0.217250800754342
S186L,-1.12335212026781
S186N,0.328643099289435
S186P,0.391017829395714
S186Q,-0.0108298189111105
S186R,2.69769238876935
S186T,-0.34815430398775
S186V,2.83513691469965
S186W,0.709013994609035
S186Y,-0.762092866706778
S187A,0.554340992409814
S187C,0.597473516164506
S187D,1.10827688086292
S187E,-1.23361145099339
S187F,0.00149542443155893
S187G,-1.20567704255214
S187H,-0.207674393642817
S187I,-0.309984231913976
S187K,1.05969368692641
S187L,1.39769892982521
S187M,-0.15215242139014
S187N,1.48805570736346
S187P,1.56854679859284
S187Q,0.0561924831816534
S187R,0.199450785406388
S187T,0.182588568097592
S187V,-0.242586611408446
S187W,1.11460422543091
S187Y,-0.156697413930913
S188A,1.6862441959486
S188C,-0.588362058654049
S188D,1.24121013195785
S188E,-0.625577306682252
S188F,-0.568315191921493
S188G,1.09743022727382
S188H,0.483836746590773
S188I,-0.147755486472778
S188K,1.20327234805892
S188L,0.583494318580603
S188M,-0.950249867442769
S188N,0.417063133577337
S188P,0.521917689281992
S188Q,4.031180803057
S188R,0.172855492725498
S188T,-0.0254956768453526
S188V,1.21559716440846
S188W,-0.84261073215374
S188Y,-0.0362427664905765
R189A,-1.88871550400303
R189C,1.67745950086088
R189D,-0.845757191561686
R189E,2.52625615464108
R189F,-0.767780672669248
R189G,0.102065964246296
R189H,-1.74662984235034
R189I,0.102383370675223
R189K,0.258229818592314
R189L,1.72324356989193
R189M,0.665645045318636
R189N,-0.575961841449655
R189P,-0.661730510009453
R189Q,-0.513632410734806
R189S,-1.41017068942741
R189T,-1.08930745782336
R189V,-0.740047479013582
R189W,-1.08021009606137
R189Y,-0.153470204589584
S190A,-1.92489789617773
S190C,-0.354833636515287
S190D,-1.39916839216024
S190E,0.166944547183394
S190F,-1.05828504624839
S190G,0.361526532015731
S190H,0.137063911737646
S190I,-0.126554099978024
S190K,-0.178061226280372
S190L,-0.191112488634169
S190M,1.9747750989947
S190N,0.596637399149357
S190P,-0.220698991317377
S190Q,0.552592672315103
S190R,-1.57666240625499
S190T,0.553367789424585
S190V,-1.21545449035284
S190W,-0.180880084931126
S190Y,0.607460485309733
R191A,-2.06269375409093
R191C,0.114894839017117
R191D,0.463368697298545
R191E,2.09624751187828
R191F,-0.543772262434727
R191G,-1.10109292381374
R191H,1.83349812238198
R191I,1.8084211911643
R191K,-0.846319855424134
R191L,-1.01096090148055
R191M,4.1629766730872
R191N,-0.42856863521733
R191P,0.326429851560494
R191Q,-0.101253633369882
R191S,-0.28075502003944
R191T,-1.27686859401245
R191V,0.150838194002662
R191W,0.404561179161393
R191Y,0.76301553863028
N192A,1.17425384827096
N192C,-0.56119016048483
N192D,-0.558130963605772
N192E,-1.21786779449953
N192F,-1.13126746365071
N192G,-0.541538204133596
N192H,-1.13153430275323
N192I,-0.354172309425359
N192K,2.46534884406626
N192L,0.793891560525807
N192M,1.16648935615502
N192P,-0.662483440713988
N192Q,1.37901428719069
N192R,0.175328041508825
N192S,-0.92443841448606
N192T,0.618958724014661
N192V,-0.078193986672509
N192W,0.653236102797817
N192Y,-0.385325988250327
S193A,-0.543311770948984
S193C,0.0598179107030252
S193D,-0.486790992123241
S193E,2.18698272987071
S193F,-1.23549307793275
S193G,1.16672818694432
S193H,2.38239589447243
S193I,-0.137552820147218
S193K,-2.22056437143671
S193L,1.25012097792659
S193M,-3.40798792774743
S193N,-0.655958093837223
S193P,-1.03197465889157
S193Q,0.319900496296362
S193R,0.30498248709401
S193T,0.7701480023622
S193V,0.18867723929131
S193W,-1.36780815836234
S193Y,0.332995807435229
S194A,-0.904469203670809
S194C,-0.622343976456854
S194D,-1.13153430275323
S194E,2.05883274053593
S194F,-0.465211137994732
S194H,-1.60664570362045
S194I,3.48575615317907
S194K,-0.555404724517742
S194L,1.19407552770849
S194M,-0.0566642508930088
S194N,0.983642698311483
S194P,0.921582959995863
S194Q,1.23058768989977
S194R,0.651331276641779
S194T,0.507009771297858
S194V,0.609262859212628
S194W,-0.883231176678093
S194Y,-0.0892372804494639
R195A,-0.803367768413655
R195C,-0.788797232825428
R195D,-1.60854554920602
R195E,0.245526192240329
R195F,0.415039025870672
R195G,-0.567365410131973
R195H,1.9609374182324
R195I,-1.547741384069
R195K,1.70477446241784
R195L,0.21304245987175
R195N,-0.57166436716639
R195P,-1.4993395331488
R195Q,0.00612037433731987
R195S,-0.664358046911319
R195T,1.43650778661058
R195V,-0.662782171257518
R195Y,-0.1638106875723
N196A,-1.87933882456848
N196C,-0.80010445286003
N196D,0.0522235004835448
N196E,0.649235715820162
N196F,-0.526869402148043
N196G,-0.00653587426474005
N196H,-0.131195790047337
N196I,-1.12290406776696
N196K,1.61799158211547
N196L,1.06809911118918
N196M,-0.311479707686588
N196P,0.419400058682622
N196Q,-0.195623157909146
N196R,1.16096830515887
N196S,-0.207443253359206
N196T,0.512340671615554
N196V,-0.627968798714908
N196W,-0.413793128138941
N196Y,0.744579028695661
S197A,-0.438656585673474
S197C,0.763735085856311
S197D,3.43367209067508
S197E,-0.0135589440589911
S197G,0.771268698459863
S197H,2.00385775677939
S197I,-1.04550805296037
S197K,4.20308363958215
S197L,-0.583570895778588
S197M,-0.00898677073297803
S197N,1.13160981354856
S197P,-0.0657056794133888
S197Q,1.2800745022872
S197R,-0.404338880587743
S197T,1.13793496624681
S197V,0.0867377542351901
S197W,6.44281810871655
S197Y,-0.127009053097284
T198A,0.567958214773077
T198C,-0.166187049965507
T198D,3.05938665046495
T198E,-1.27985857879331
T198F,2.48575981401208
T198G,1.61419881847962
T198H,-0.296928734345054
T198I,-2.51738708968519
T198K,1.61891973571717
T198L,0.451238864145741
T198M,0.750341992207615
T198N,-2.85817011721104
T198P,-1.85309758757982
T198Q,-2.18242091175886
T198R,1.02211449981245
T198S,0.266908241707102
T198V,-0.591511129748018
T198W,0.469602630615415
T198Y,2.49329243573766
P199A,-0.206290600498827
P199C,0.235043453927022
P199D,-1.00473574631992
P199E,-0.750438184515864
P199F,-1.99252352701742
P199G,-0.620453805136043
P199H,3.52598934995097
P199I,0.560322785303724
P199K,-0.417377656373016
P199L,-0.0115577161997333
P199M,1.30407797222633
P199N,-0.512370815880934
P199Q,-1.45520394157262
P199R,-0.502614932011909
P199S,-0.0465475006567603
P199T,-0.32861547754806
P199V,1.50211819897172
P199W,-0.219038226234985
P199Y,1.04623395587833
G200A,0.535775490826826
G200C,-0.249631124891336
G200D,-0.446625512396816
G200E,-0.823270179764814
G200F,-0.295435036157965
G200H,0.179420586140289
G200I,0.232905009431591
G200K,0.105060183525625
G200L,0.27244941898935
G200M,-1.02589183246638
G200N,0.266441141473739
G200P,0.174545020770756
G200Q,-1.09298739672419
G200R,-0.0558748774599103
G200S,-0.359068260149322
G200T,-3.91839118412412
G200V,0.0513394588131004
G200W,-0.0406303304786891
G200Y,0.00238314451787395
S201A,-3.05518912725739
S201C,-0.349670142003933
S201D,0.0922944707113964
S201E,0.263872475888028
S201F,1.15336709981709
S201G,1.0150856678238
S201H,3.04692574361433
S201K,-0.817547299287106
S201L,1.51425104185871
S201M,0.364595634719872
S201N,0.339896205448653
S201P,-0.697759603311584
S201Q,-1.21267886935536
S201R,-0.694222137074426
S201T,-1.06765386173937
S201V,-0.514909310197631
S201W,0.608584695528879
S201Y,0.612783522179192
S202A,-0.0720566260890985
S202D,0.0422941607485122
S202E,0.845035074661734
S202F,3.87383063048937
S202G,1.62627700195208
S202H,-0.565085916640002
S202I,1.93568776201059
S202K,1.71589402227724
S202L,-0.373512059071223
S202M,1.32451373716605
S202N,3.19055194462285
S202P,2.0146340995201
S202Q,-0.125155626361446
S202R,3.93466194914654
S202T,0.189335994192555
S202V,0.857761507779683
S202W,-1.68174425334587
S202Y,-0.344756331493028
R203A,0.11259659490858
R203C,-0.551272698986426
R203D,0.104742841339907
R203E,1.2722206875851
R203F,-1.82226091770307
R203G,-0.271346513363429
R203H,-0.866208858728632
R203I,0.403162726663902
R203K,-0.6609446846772
R203L,0.317776394058188
R203M,0.248290843977001
R203N,-0.838698449235954
R203P,-2.14805409381736
R203Q,0.13378155585952
R203S,-0.194188846638309
R203T,1.9545632254283
R203V,-0.439925088364153
R203W,0.425159080047952
R203Y,-0.622204036242955
G204A,0.0387733246773673
G204C,1.22026099995423
G204D,-1.06182380159148
G204E,0.478792565383834
G204F,1.69710840880395
G204H,-0.0517555028426046
G204I,-1.23133866231219
G204K,0.662689897725721
G204L,0.66969993252139
G204M,-0.190720909250828
G204N,-4.21235578568499
G204P,-1.3434908874361
G204Q,-0.308747716737001
G204R,0.168176228828268
G204S,2.58923471601092
G204T,-1.62632784810251
G204V,0.685016664554634
G204W,1.93088825926649
G204Y,-1.83581168487411
T205A,-0.826416421193217
T205C,-0.393325625980526
T205D,3.2650035972845
T205E,-1.37965554467681
T205F,1.34749037092869
T205G,1.51869571689901
T205H,-0.0606596463602554
T205I,2.84468854836209
T205K,0.0746184269234409
T205L,-0.200947548350714
T205M,-1.99060827377486
T205N,1.46916437798312
T205P,2.91117422132324
T205Q,4.93448145376469
T205R,0.968139328780182
T205S,-0.255486036357006
T205V,-0.481226698385825
T205W,1.2316739060728
T205Y,-0.0385946334118089
S206A,-0.869011407509475
S206C,0.356571188986203
S206D,2.06873692949402
S206E,-0.534284718412174
S206F,-0.451751441323198
S206G,-2.36552685512666
S206H,0.480241471422701
S206I,0.0812372996675828
S206K,-0.253236912234318
S206L,-1.46204064235836
S206M,0.467262040385915
S206N,-2.32905949746211
S206P,0.676548280023325
S206Q,-1.44480781952108
S206R,-0.0877133454729263
S206T,-2.32905949746211
S206V,0.885114656672838
S206W,2.73855462291302
S206Y,-2.44019662290019
P207A,2.20164792271968
P207C,-0.363413597650872
P207D,0.929800159712695
P207E,-1.20346221229685
P207F,-0.301710482707247
P207G,0.822378431910286
P207H,-2.04296942119168
P207I,-2.32905949746211
P207K,0.240418330515604
P207L,-0.80010445286003
P207M,0.0615608099401797
P207N,-2.85817011721104
P207Q,2.7961857182511
P207R,1.35319422094192
P207S,0.929397498959152
P207T,1.29206451465938
P207V,2.38483160539738
P207W,-0.888392322894428
P207Y,-0.495402101921707
A208C,0.611404604287742
A208D,-0.437997884373636
A208E,0.289907781573253
A208F,-0.223152142997348
A208G,8.11956010385969
A208I,-1.61764671706145
A208K,0.215496795092393
A208L,-0.651029485714279
A208M,-1.13607324976064
A208N,0.885033589172939
A208P,-0.30252961893918
A208Q,0.0887648749859099
A208R,0.555569993114676
A208S,-0.46881541049759
A208T,0.174487251824639
A208V,-0.42595200735091
A208W,-2.19907502932195
A208Y,-1.88705522871572
R209A,-0.857909979287427
R209C,0.510216799842516
R209D,1.28266545722858
R209E,1.34931609367924
R209F,0.380252604036046
R209G,2.76575281633032
R209H,1.68176587431222
R209I,-0.221547360135947
R209K,2.81915557165907
R209L,-0.977742176542777
R209M,-0.348084585302317
R209N,0.320490406188709
R209P,-0.0127516493825181
R209Q,0.910494903347006
R209S,-2.14455251353145
R209T,-0.210762572635823
R209V,-0.132302002790249
R209W,-0.752246264425037
R209Y,0.675407481207503
M210A,-0.197301040706936
M210C,-0.562062235976954
M210D,-1.14439485554941
M210E,1.13950678660637
M210F,-0.407364946298658
M210G,2.04994532397309
M210H,-1.04333315732543
M210I,1.46079989082766
M210K,-0.645258690814448
M210L,4.22781482720065
M210N,0.468135312994915
M210P,-1.21896920831821
M210Q,-1.80579643106264
M210R,0.237569104046872
M210S,3.17537129399624
M210T,-0.915784833422625
M210V,-1.40900666584587
M210W,1.24080771035962
M210Y,2.84278782133787
A211C,0.804234615006188
A211D,-1.18200334176828
A211E,0.105596521309042
A211F,0.775289983665512
A211G,-1.05546048038342
A211H,0.200508324534821
A211I,0.832646403379214
A211K,0.83266353359034
A211L,-0.0490631156726741
A211M,0.451998818412985
A211N,0.0298612584418877
A211P,-0.101995773371202
A211Q,-0.0592296485417945
A211R,-0.464480945724828
A211S,-0.412127097795243
A211T,0.384678525584495
A211V,1.01232131094918
A211W,0.476506449353461
A211Y,0.480504041588397
G212A,-0.574513098981047
G212C,-0.694168918473633
G212D,-1.47936261133401
G212E,1.22265191381451
G212F,0.682938035918412
G212H,-0.0253998531270267
G212I,-0.0930259281859598
G212K,0.552829220286131
G212L,0.331742431982448
G212M,1.49344203745515
G212N,0.213394952231753
G212P,0.602945773006466
G212Q,0.178585253176762
G212R,0.37561684238698
G212S,-0.845924053872153
G212T,0.186188438019078
G212V,-1.14633731951538
G212W,1.68458036068846
G212Y,0.221285724748357
N213A,-0.384924740717301
N213C,2.93936341714502
N213D,-2.43855631117442
N213E,-0.797293223709693
N213F,1.61340798212869
N213G,5.42605766243832
N213H,0.253101702078494
N213I,2.16597055873031
N213K,0.0712649594580525
N213L,1.60238657064451
N213M,1.88067909455657
N213P,-0.638141139745202
N213Q,-0.456572142361406
N213R,-0.809000826642578
N213S,-0.233337205049674
N213T,1.06849302287443
N213V,-1.45954594517765
N213W,0.278732914871159
N213Y,1.96019820160549
G214A,-1.03370097285374
G214C,3.10723283907913
G214D,-1.25537751217388
G214E,-1.80173704395397
G214F,5.58646183750168
G214H,1.94921438580972
G214I,1.21253973552956
G214K,0.44943270271739
G214L,5.94702255519956
G214M,4.20173856782134
G214N,0.231407081100165
G214P,1.34587549794887
G214Q,1.61234213504782
G214R,0.389590091050172
G214S,0.530583877109976
G214T,0.22535571934671
G214V,0.245040229873851
G214W,9.61241495414338
G214Y,5.04153261357582
G215A,-0.130616856893155
G215C,0.425325392262854
G215D,-0.423814061549396
G215E,-0.191705439810035
G215F,1.2829234926362
G215H,1.07016074266303
G215I,2.44348734523593
G215K,3.45975687368237
G215L,3.05741164292979
G215M,2.22740073036564
G215N,-0.196113960751533
G215P,-0.858401978355582
G215Q,-0.938715710766575
G215R,0.788867866921253
G215S,0.324984266461808
G215T,4.49639768985932
G215V,3.56026025208917
G215W,2.10579873916772
G215Y,2.57334474224347
D216A,2.30085273390171
D216C,1.9598507145624
D216E,0.731634256554418
D216F,1.38883387017324
D216G,-0.305316911213313
D216H,0.262321794943275
D216I,3.22441519180509
D216K,2.31900287498583
D216L,6.24041887506188
D216M,4.22841276210308
D216N,1.06053652126924
D216P,0.982409574778345
D216Q,1.06833905468145
D216R,0.113478659227655
D216S,1.63441285215647
D216T,2.15230900707867
D216V,2.661019213069
D216W,-0.489603387507496
D216Y,3.12230468323145
A217C,3.51587998216511
A217D,0.0989548830556093
A217E,-0.379031238609424
A217F,0.927175270113558
A217G,0.0988901729472392
A217H,-0.280949525406025
A217I,2.27824230552428
A217K,0.0397874346083497
A217L,2.18550060333689
A217M,1.59218096109228
A217N,1.61612765164835
A217Q,-1.73634992885696
A217R,1.00751046346098
A217S,1.55577996754939
A217T,1.31233436660907
A217V,0.716896869160409
A217W,1.96090040664478
A217Y,1.12409231625879
A218C,1.82054851786902
A218D,-0.382401076105774
A218E,-1.39962215072218
A218F,3.91373711472763
A218G,-1.04647212965506
A218H,0.0679078594193424
A218I,3.19376160727444
A218K,-0.41434756470172
A218L,3.00090512647939
A218M,4.77441904156786
A218N,-0.911974032179315
A218P,-1.40057680012691
A218Q,4.10277436614874
A218R,2.45626871493029
A218S,-0.678506326712577
A218T,1.0125807695453
A218V,0.34067173324118
A218W,2.97650618063437
A218Y,3.40060559941664
L219A,-1.01373643403863
L219C,-1.4431867562838
L219D,-0.891791865225696
L219E,-2.2487302584987
L219F,-0.575602325343058
L219G,-0.52530324292338
L219H,-1.06712775298951
L219I,-1.52206283750539
L219K,0.251077571137187
L219M,0.24026803476577
L219N,-0.647401286619904
L219P,-1.75819607187642
L219Q,-0.702958057173056
L219R,-0.438385202187047
L219S,5.39779764611278
L219T,-1.26730219726026
L219V,0.190257559693884
L219W,1.4322103216201
L219Y,-0.338352063883874
A220C,-0.0436353466678792
A220D,0.00437905687574321
A220E,-0.363337870676089
A220F,3.01900514008618
A220G,-1.04074496753691
A220H,0.332785874465623
A220I,2.97728354789048
A220K,-0.815713017954419
A220L,-1.41253318217806
A220M,1.66262845430228
A220N,-0.945074166633808
A220P,10.5604035667021
A220Q,-1.2449208302397
A220R,-0.171669675099423
A220S,1.37320021933915
A220T,-0.988078691668941
A220V,1.15477218554066
A220W,2.90674844251282
A220Y,0.629572716740296
L221A,-0.835648902420427
L221C,0.172588604696426
L221D,-2.32019707390041
L221E,-0.697564795430906
L221F,-0.913734098776718
L221G,-0.228403847063747
L221H,-0.185822020654992
L221I,-0.306912087374557
L221K,0.170318994674333
L221M,1.51258965027685
L221N,-0.498726659947981
L221Q,-0.921300092325705
L221R,-1.1470375924687
L221S,-0.947084546615605
L221T,1.61499437508422
L221V,0.376765692548872
L221W,0.486612440771875
L221Y,-0.615886961974287
L222A,-0.196182006281477
L222C,0.641675562959131
L222D,-2.54911455451459
L222E,-0.00588943422364677
L222F,2.70880797649057
L222G,0.442761316709204
L222H,0.449082917463367
L222I,-0.507102791412566
L222K,-0.00592144439666494
L222M,0.843921943821029
L222N,0.517791593406361
L222P,-0.0906379794428602
L222Q,1.46736539395883
L222R,-0.963206944453167
L222S,0.00506907848424418
L222T,-0.499579316411622
L222V,0.279185259510133
L222W,0.293193146046441
L222Y,1.19064055846711
L223A,-1.588038718171
L223C,-1.03688405076407
L223D,-1.77942385281324
L223E,-2.51736338942771
L223F,-1.31489999797815
L223G,-0.942505266708339
L223H,-1.00952026154983
L223I,0.194802946944547
L223K,-0.929901565395354
L223M,0.541020333149539
L223N,-1.82542348630027
L223P,-2.2555590045887
L223Q,-0.093332987798243
L223R,-0.74325787401444
L223S,-1.14721463676905
L223T,-0.275753784869042
L223V,3.14700205035301
L223W,0.246280084733796
L223Y,1.06430282416779
L224A,-1.63899643053691
L224C,0.590410723751984
L224D,-0.84590105410102
L224E,-0.640706208893344
L224F,-0.620616962403973
L224G,-1.63114114238019
L224H,-0.336881624250405
L224I,0.152177664692919
L224K,-0.176822468496289
L224M,-0.373489595821809
L224N,-1.3408738679027
L224P,-0.0743174720389713
L224Q,8.0281395915127
L224R,-1.72787048068986
L224S,-1.39168756865591
L224T,0.39156435268801
L224V,-0.808442796505959
L224W,1.82656040076676
L224Y,-1.09378449795716
D225A,2.41877481051151
D225C,2.93094705657824
D225F,2.21596060692525
D225G,0.419657877630592
D225H,1.97891705684684
D225I,2.53583208532293
D225K,0.847457268237713
D225L,-0.540817810154518
D225M,3.86501275021963
D225N,1.45836353231266
D225P,-0.425568653485516
D225Q,0.505899991174071
D225R,2.16652105004134
D225S,2.39040019747102
D225T,0.188687948250024
D225V,1.92538277622119
D225W,2.23343371527128
D225Y,3.60615367274952
R226A,-0.432522793628159
R226C,-0.72925386347032
R226D,-2.19211261594293
R226E,-1.28900469508254
R226F,-0.331185765484841
R226G,-0.630920835685436
R226H,0.118122791909774
R226I,0.585124106953707
R226K,0.372580525383806
R226L,1.23859055944069
R226M,1.22282581106783
R226N,-1.70870699865878
R226P,-0.735167062035299
R226Q,-1.01785450667872
R226S,-2.38569101347817
R226T,-1.01631786974295
R226V,0.394405333706202
R226W,0.367725955306059
R226Y,0.559097477293925
L227A,-1.85524887627385
L227C,-1.16133697367537
L227D,1.25813055766866
L227E,-0.423232239384754
L227F,3.13906828645914
L227G,0.698277460781342
L227H,-2.14726951307005
L227I,0.901213910922105
L227K,-0.814692213279194
L227M,-1.57613955925628
L227N,-0.114280483559071
L227P,13.0810014567397
L227Q,0.00306680886797937
L227R,-0.717599366961741
L227S,-0.166869864620201
L227T,0.931511260496762
L227V,-0.169364783116725
L227W,-0.738059817227764
L227Y,-0.748620596910724
N228A,-0.223914794873906
N228C,-0.718479346901946
N228D,0.402079883033672
N228E,0.14483042764112
N228F,3.64993341307391
N228G,-1.11673761455839
N228H,-0.454977201359942
N228I,10.7629903164606
N228K,0.880654807221612
N228L,2.85642810487336
N228M,2.8019642141334
N228P,0.79466315827523
N228Q,-0.550363232273518
N228R,-0.714447733599884
N228S,1.8692988140292
N228T,-1.17518305991158
N228V,2.95789633347033
N228W,1.12104872252369
N228Y,0.819591868343878
Q229A,-0.613560559916264
Q229C,4.41008268624889
Q229D,0.0496807121187844
Q229E,-1.13075492078113
Q229F,0.576116892297837
Q229G,-1.54950254320507
Q229H,-0.779174449631912
Q229I,0.404438316684811
Q229K,0.873678574452262
Q229L,1.13920018674918
Q229M,-0.760534478129055
Q229N,-0.262871833879985
Q229P,0.103184981873393
Q229R,0.0103602624453294
Q229S,0.841208359097616
Q229T,-0.263647569100018
Q229V,0.822168208070778
Q229W,0.530222328514077
Q229Y,1.3196660702049
L230A,1.09544220719071
L230C,0.408039944635755
L230D,-2.49115230771019
L230E,-1.73970586948967
L230F,-0.0641152501762785
L230G,1.06736656862655
L230H,0.606276685666421
L230I,-0.104177727581102
L230K,-2.4855706259374
L230M,-1.06879856437208
L230N,-1.77572942637987
L230P,-2.02016712049301
L230Q,-0.71591045269174
L230R,-1.52277640130919
L230S,-0.933363363477672
L230T,-0.764647058067627
L230V,-0.829194410812137
L230W,-0.271731061869311
L230Y,-0.971258132136215
E231A,1.14810002834876
E231C,1.92417954075077
E231D,-0.708581714496503
E231F,3.40136195885356
E231G,-0.955019950169837
E231H,-0.0333657859864526
E231I,1.05925009169855
E231K,1.46588038755027
E231L,0.747702138823875
E231M,2.37945954698899
E231N,0.260441696175364
E231P,-0.410399239778785
E231Q,1.0887155227516
E231R,2.34016003555786
E231S,0.340248532247088
E231T,1.80592321502336
E231V,1.6459928283534
E231W,2.38865811761877
E231Y,1.78190005012789
S232A,2.14208500355472
S232C,-0.0783163519930305
S232D,-0.986497127350428
S232F,0.0208356408805686
S232G,0.446794789570178
S232H,1.15157860734962
S232I,-1.0837961246071
S232K,5.24080781200576
S232L,-0.255330073308347
S232M,-0.519748197855774
S232N,0.33485581353329
S232P,-1.43474827625785
S232Q,2.59465299390215
S232R,-0.297104886426273
S232T,-1.01240655779307
S232V,-0.430607364023025
S232W,0.636360613199124
S232Y,0.127998094426657
K233A,-1.32749273395672
K233C,2.80886077174752
K233D,-0.972537330712021
K233E,-0.528834172563858
K233F,0.479857983115874
K233G,-1.93860679366157
K233H,-0.79267157447402
K233I,-0.0530537066572515
K233L,0.246538142716793
K233M,-0.831600623320536
K233N,-1.96251079058063
K233P,-0.337581120942847
K233Q,-0.316144776635727
K233R,0.821807129229725
K233S,1.02528990702511
K233T,-2.70613221560764
K233V,0.0686822117805333
K233W,-1.26567875171967
K233Y,0.443662148760264
M234A,-0.546905456853028
M234C,0.308426151264086
M234D,0.0616656646003841
M234E,-1.59056745183545
M234F,-0.371659786009869
M234G,0.723290691243549
M234H,-0.333970027009663
M234I,-0.00567038666632878
M234K,1.84475617457139
M234L,1.40907828931838
M234N,0.95585865457979
M234P,-0.679010859569121
M234Q,3.29214213961219
M234R,-0.742205533004497
M234S,2.42424232565864
M234T,-0.644555889110338
M234V,1.03302970271832
M234W,0.99071813711637
M234Y,0.151624301958356
S235A,-0.268237666430111
S235C,1.30320190410606
S235D,-2.09929219137151
S235E,-0.130952328861731
S235F,-0.407752329197733
S235G,0.666462360957911
S235H,0.0445184937478685
S235I,1.59497808252961
S235K,1.95719874934625
S235L,2.37797362776886
S235M,0.969293029978852
S235N,-0.173051396567868
S235P,-0.411976800916336
S235Q,0.469145827899222
S235R,0.830756795839948
S235T,-0.0684577326836009
S235V,0.0613171633851338
S235W,0.100441211116434
S235Y,-0.188024995740203
G236A,-0.0634089336026766
G236C,0.696553111827053
G236D,-0.900841309869401
G236E,0.944271526902349
G236F,0.255126211295883
G236H,0.0649610453326251
G236I,-0.284854158851267
G236K,-0.436121564235867
G236L,-0.23742476296154
G236M,-0.654698594413303
G236N,-0.0332360739546307
G236P,-1.31898016521525
G236Q,0.967831747846929
G236R,-0.10217568545618
G236S,0.0616843012219414
G236T,-2.8484958348107
G236V,1.34467363421313
G236W,3.49151390603315
G236Y,0.377814523385769
K237A,-1.76718871537467
K237C,0.697673479122135
K237D,1.75464378354126
K237E,0.0372767747580751
K237F,-1.47451112377829
K237G,0.561255666350923
K237H,0.959065395583557
K237I,-1.71746074520656
K237L,-2.25233108409592
K237M,-0.885564999771517
K237N,-1.02017283188631
K237P,0.825729126171991
K237Q,-0.354699418837894
K237R,0.505543584342633
K237S,-1.11206623604978
K237T,-1.07495667075993
K237V,4.42765953183386
K237W,0.494309755784362
K237Y,-0.818863298735456
G238A,-1.51715533538025
G238C,-0.206223037395926
G238D,0.350703388108227
G238E,-0.552145219184384
G238F,0.132336782213537
G238H,-0.784274955784474
G238I,-0.909563504046623
G238K,0.658695831492594
G238L,-1.21878121275482
G238M,-0.324629094884027
G238N,-0.42791413643459
G238P,-1.23614287803951
G238Q,0.0690342362307096
G238R,0.485688657250407
G238S,0.583830160483378
G238T,0.0985095170931296
G238V,1.84007081764863
G238W,1.934078454243
G238Y,1.23132764514644
Q239A,0.881333570989058
Q239C,0.463308586200043
Q239D,-0.0938571360510375
Q239E,-1.21955515616842
Q239F,-1.68025872108404
Q239G,-0.972473660639798
Q239H,0.445999933204601
Q239I,1.77350805944969
Q239K,0.676612823299825
Q239L,1.03308700886565
Q239M,-0.322456398268648
Q239N,-0.445578538511824
Q239P,-0.410529116336378
Q239R,1.39619398406733
Q239S,0.31185351610683
Q239T,-0.711454988425182
Q239V,1.14859432302257
Q239W,0.202970071136945
Q239Y,0.0676582238975004
Q240A,-1.97086647798737
Q240C,1.65883270999336
Q240D,0.254642276476689
Q240E,-0.498999594631717
Q240F,-0.464489892056602
Q240G,0.260584985883905
Q240H,0.232692493500871
Q240I,-0.177387573866073
Q240K,1.67447853729853
Q240L,0.069833413260357
Q240M,0.703659937909611
Q240N,-0.824745862399433
Q240P,-0.747762592562926
Q240R,4.57898749034454
Q240S,-0.0183387005982786
Q240T,1.67696163269117
Q240V,1.31023489826702
Q240W,1.29593166768774
Q240Y,2.34335229606518
Q241A,-0.157189625841684
Q241C,4.43409172597448
Q241D,0.43721241346338
Q241E,1.73698947347241
Q241F,-0.0449765181312592
Q241G,0.76655584662607
Q241H,-0.0379520807473531
Q241I,0.913846534865838
Q241K,0.737069677401983
Q241L,0.70857727626525
Q241M,0.947445588113841
Q241N,0.795342954232268
Q241P,0.850291373723301
Q241R,3.92245339091971
Q241S,-2.36552685512666
Q241T,-1.27669067955707
Q241V,-0.000685057948185143
Q241W,-0.442642219840841
Q241Y,-1.61264521265031
Q242A,-0.0818238600149707
Q242C,-0.0799093227847895
Q242D,0.233579737285983
Q242E,0.131234187750702
Q242F,-0.781132002228931
Q242G,1.04682583813555
Q242H,-0.897386249795479
Q242I,-0.197017927953523
Q242K,0.506495161987807
Q242L,-0.414062796917488
Q242M,-0.622530110659329
Q242N,0.386371955016311
Q242P,0.35698600961896
Q242R,1.34738098904908
Q242S,-1.51487203268797
Q242T,2.07756017699211
Q242V,0.28236307400472
Q242W,1.01562001156851
Q242Y,0.324129443497891
G243A,0.860382276710863
G243C,-0.0735432600598983
G243D,-0.791270413166048
G243E,1.53490322547541
G243F,0.548678636048178
G243H,0.868753645701305
G243I,0.518471415000783
G243K,0.952716974700289
G243L,-1.31167360363467
G243M,0.510911734998654
G243N,0.664175415691064
G243P,-0.301057561106068
G243Q,-0.193893850481766
G243R,2.32021893244392
G243S,1.59023039272588
G243T,-1.38529528157862
G243V,1.02009905550903
G243W,0.200111185901338
G243Y,1.34347153802663
Q244A,-0.647887349871388
Q244C,1.20407692746841
Q244D,-1.13180914908851
Q244E,0.189099898946953
Q244F,-0.165738134941959
Q244G,1.195859996726
Q244H,0.621127805880157
Q244I,-0.0644089107731265
Q244K,1.27308999624098
Q244L,-0.516166506566142
Q244M,2.56707046336683
Q244N,0.352727821035944
Q244P,0.603272437571641
Q244R,0.0245702964310122
Q244S,-0.687759866361268
Q244T,0.0694558773644885
Q244V,0.379005089950118
Q244W,2.37339055499662
Q244Y,0.556149364041352
T245A,-0.533725314998925
T245C,0.683967652835774
T245D,-1.91199874483908
T245E,-0.395358022192047
T245F,0.723040737433685
T245G,0.662928787932792
T245H,0.618618882594333
T245I,-1.00010459117185
T245K,5.58471354961688
T245L,-0.0268383369188282
T245M,0.369479997967012
T245N,0.41551122442643
T245P,-0.0127882844523812
T245Q,0.118257792148213
T245R,-0.185515529568403
T245S,0.469027915130319
T245V,1.59093903450148
T245W,0.3102992343409
T245Y,0.797210141643444
V246A,0.604524410921457
V246C,2.2553822902285
V246D,0.735580529662206
V246E,-0.335328920973355
V246F,0.531838945042118
V246G,-0.583171499214194
V246H,1.60708153128104
V246I,2.07893271200767
V246K,-0.469712364753461
V246L,0.605040439825741
V246M,10.2928596736036
V246N,0.193890557473989
V246P,0.0351833687875172
V246Q,0.639346369022679
V246R,4.30521236422078
V246S,0.497336982161983
V246T,-0.200939974645898
V246W,0.722212817549894
V246Y,-0.477906244060456
T247A,-0.0293840914278819
T247C,1.66484143923144
T247D,-0.0874722606823425
T247E,-0.575935855516609
T247F,-0.242274897633481
T247G,-1.03111755980996
T247H,1.03297117490815
T247I,0.170080194555766
T247K,-0.0326646286835895
T247L,-1.4190267182574
T247M,-0.669187854852313
T247N,-0.136297975996027
T247P,1.02042755658322
T247Q,-2.54076991061532
T247R,1.98701161790527
T247S,0.752635900454641
T247V,2.71066303333005
T247W,1.53411676426866
T247Y,0.806566827186482
K248A,-0.675780287110335
K248C,0.510689470442191
K248D,-1.59886425097105
K248E,-0.253324215325809
K248F,-0.874139939020856
K248G,-0.814402012750997
K248H,2.44062341598406
K248I,-0.691744981123244
K248L,-0.72937796248229
K248M,-1.46970337888081
K248N,1.04987555489245
K248P,-0.941563301793527
K248Q,-0.755424669747492
K248R,-0.233310849975658
K248S,4.75369085157701
K248T,-0.24291107674969
K248V,1.15278860767119
K248W,0.365282677151525
K248Y,-1.72460096505594
K249A,-0.401076983824352
K249C,2.2005557337861
K249D,-0.798552039389828
K249E,0.0479484216192347
K249F,-0.737632124760897
K249G,-0.164161656930606
K249H,-0.859532081269643
K249I,1.16272844738921
K249L,0.720797482024517
K249M,0.553312774181406
K249N,1.94906484892942
K249P,-1.3779983235022
K249Q,1.09557382606655
K249R,1.18187575819817
K249S,-0.191215960588389
K249T,-2.05269342218577
K249V,0.00176011945590382
K249W,0.291611351701675
K249Y,-0.132986100522426
S250A,-0.420524934997254
S250C,1.24724030647173
S250D,-0.0520048643334836
S250E,0.671828690388595
S250F,2.11158653740654
S250G,-2.99672174315732
S250H,0.621943606810064
S250I,-1.2371801086441
S250K,0.255122942132959
S250L,-0.732022050957295
S250M,-0.976330656460723
S250N,-1.14429361232096
S250P,-1.89437368913873
S250R,0.102678579410982
S250T,-0.773545457524566
S250V,-1.97036336951282
S250W,0.240270555477572
S250Y,0.187894991982727
A251E,0.757720195575257
A251S,-2.53822792414132
E253A,-1.74662984235034
E253C,-2.32905949746211
E253G,0.13449817331292
E253H,-1.19450736296
E253I,-2.44019662290019
E253K,0.548774158587187
E253L,-1.38609782823616
E253M,0.928208673994506
E253N,-1.43916427153912
E253Q,-2.12082255074623
E253R,3.00943332167808
E253S,-2.81218150422212
E253T,0.993271952374253
E253V,-0.709826214659689
E253W,0.361548921295837
E253Y,-2.48773619317055
A254C,1.47008695030133
A254D,-1.52562700413863
A254E,0.615393854074321
A254F,-1.61805105078842
A254G,2.165557198552
A254H,-2.95383851422967
A254I,-2.83923456273129
A254K,0.468438103344539
A254L,4.39146198172123
A254M,-0.470039638199282
A254N,-1.10697057329708
A254P,-0.602231225568773
A254Q,-1.80579643106264
A254R,-2.14801886613082
A254S,-0.471785228873579
A254V,-1.77969196755582
A254W,-0.915552555544408
S255A,0.440390400970098
S255E,0.873913473138695
S255F,-1.71746074520656
S255G,-2.55701610601163
S255M,-2.16822774800991
S255P,-3.05518912725739
S255Q,-0.0636010305186759
S255R,0.71364025464254
S255W,-2.12082255074623
S255Y,-0.441196971708196
K256A,-1.5295365383004
K256D,-0.804627760900208
K256E,0.136511353101595
K256F,-2.95999590205082
K256H,-1.35168770809073
K256I,1.21502579362425
K256L,0.228158157763227
K256M,-2.68055002647095
K256N,0.00833405907163435
K256P,-2.76032244373363
K256Q,-0.85733861265368
K256R,-2.12082255074623
K256S,-1.09888269778553
K256V,1.01670682054608
K256W,-0.78286236010828
K257A,-2.88052462404817
K257C,-1.92003772827569
K257E,-1.34468171393931
K257F,-2.3702665378827
K257G,-1.1588374440946
K257H,-0.51837004835861
K257I,-1.92899877801849
K257M,-2.11980213670485
K257N,-1.92424053794834
K257Q,-1.42364088456187
K257R,-0.867566841241913
K257S,-0.224084469060535
K257T,-2.89364630262829
K257V,-1.45909437576662
K257W,-2.61044017581571
P258A,0.48310235971764
P258C,-0.555884215112434
P258D,0.320551695721369
P258E,0.103804725085338
P258F,-0.77297219365705
P258G,-1.17726715619487
P258H,2.33162345187608
P258I,-1.27408018288389
P258K,0.434635588401216
P258L,13.0810014567397
P258M,-2.12082255074623
P258N,-1.59322559752882
P258Q,-0.476942049482067
P258R,0.615610048588735
P258S,0.538245530827461
P258T,-0.201034476907326
P258V,-0.223178234873561
P258W,-1.06465463244765
P258Y,0.194110342848716
R259A,0.0567972646349966
R259C,-0.685849775136954
R259D,4.33026284986038
R259E,0.206664234857495
R259F,1.24852253933305
R259G,5.30647463831207
R259H,0.0463329525358638
R259I,-1.03447552583507
R259K,0.148998034218627
R259L,-0.330770112262783
R259M,-0.333182992325911
R259N,0.938834973422818
R259P,1.15386227836406
R259Q,-0.257237960862946
R259S,1.19013387875105
R259T,0.0115949638779915
R259V,0.604161852166569
R259W,-1.76764835441426
R259Y,-0.933280664675549
Q260A,1.09847975343504
Q260C,6.8859487569838
Q260D,-0.2155624901337
Q260E,-1.21942028325107
Q260F,-0.834959095923174
Q260G,2.0916314049336
Q260H,-1.15704623744021
Q260I,-1.03984185675598
Q260K,0.578276727625726
Q260L,-0.53001434651127
Q260M,1.47420220594218
Q260N,1.13003590340258
Q260P,1.12515033850337
Q260R,-0.0195057800391644
Q260S,-0.680166177756548
Q260T,-0.467963363502844
Q260V,-0.499013316826873
Q260W,0.386648057712275
Q260Y,-3.60451449861863
K261A,-0.524355026476843
K261C,-0.292256893799307
K261D,1.53123990943905
K261E,-0.639066556186446
K261F,0.305639594717989
K261G,-0.739401728756585
K261H,-0.993099640026896
K261I,-1.03856974957266
K261L,-1.6336833366974
K261M,0.0185904139921949
K261N,0.377871898388973
K261P,11.052279350149
K261Q,-1.08723249643911
K261R,-0.74579824089523
K261S,-0.798655395079331
K261T,-1.35932727979771
K261V,0.231451337278406
K261W,0.967673656565671
K261Y,2.39446953865506
R262A,0.316826735853534
R262C,8.02710806642309
R262D,9.31672630486025
R262E,1.78140107734679
R262F,4.08181625578461
R262G,6.94578376616793
R262H,0.0591390750662883
R262I,-1.3815745755803
R262K,1.3585441553465
R262L,-0.789511354731502
R262M,-1.60049294359403
R262N,8.0834008148391
R262P,13.0810014567397
R262Q,-0.430211531930618
R262S,4.75983383630378
R262T,1.98846487938001
R262V,-0.731506326094825
R262W,0.882064144442874
R262Y,3.71889273694607
T263A,-1.11392468534236
T263C,-0.327512563683282
T263D,-1.44254331932249
T263E,-0.172365667677885
T263F,1.06431635745579
T263G,-3.91839118412412
T263H,-0.113267998144248
T263I,-0.216056309287974
T263K,0.702375862410586
T263L,-2.12570104304548
T263M,0.743273782615325
T263N,-0.373296554192108
T263P,13.0810014567397
T263Q,1.45306824223349
T263R,-0.733892493471425
T263S,0.166006539635069
T263V,1.23355495367457
T263W,-0.763644529371859
T263Y,-0.148759701539055
A264C,5.88732203582886
A264D,13.0810014567397
A264E,3.3738161715419
A264F,4.16601424639868
A264G,6.99397338530636
A264H,7.50248219948139
A264I,0.873679364570711
A264K,13.0810014567397
A264L,0.876600906463768
A264M,13.0810014567397
A264N,13.0810014567397
A264P,13.0810014567397
A264Q,9.33503327313969
A264R,13.0810014567397
A264S,1.22775937589372
A264T,1.47296920075349
A264V,-0.591087421028366
A264W,2.57017624585291
A264Y,-0.294837686937503
T265A,-2.06373800754109
T265C,13.0810014567397
T265D,13.0810014567397
T265E,-0.867007456416145
T265F,13.0810014567397
T265G,13.0810014567397
T265H,13.0810014567397
T265I,13.0810014567397
T265K,1.97827524439736
T265L,2.32224222520613
T265M,11.1429014956856
T265N,0.819036008290169
T265P,-1.99060827377486
T265Q,3.02058785299545
T265R,3.6253218616781
T265S,-0.430274459748624
T265V,-1.81707962643743
T265W,7.94353004372185
T265Y,1.01363111188655
K266A,3.27233585596472
K266C,9.66117801414548
K266D,8.34314948419841
K266E,13.0810014567397
K266F,6.84601822454943
K266G,13.0810014567397
K266H,13.0810014567397
K266I,10.566930439538
K266L,4.28997876757092
K266M,4.69341860438354
K266N,8.19892738335204
K266P,13.0810014567397
K266Q,13.0810014567397
K266R,3.78897157617218
K266S,13.0810014567397
K266T,9.07829462233397
K266V,13.0810014567397
K266W,13.0810014567397
K266Y,13.0810014567397
A267C,9.49998665889378
A267D,13.0810014567397
A267E,10.1372302490517
A267F,13.0810014567397
A267G,0.577488174053688
A267H,5.36938780591004
A267I,13.0810014567397
A267K,4.45765312702078
A267L,13.0810014567397
A267M,0.600912709293816
A267N,13.0810014567397
A267P,1.96215996161609
A267Q,3.26833237271435
A267R,12.4538877928349
A267S,0.323223972082758
A267T,0.86626516814813
A267V,1.89049605356379
A267W,13.0810014567397
A267Y,13.0810014567397
Y268A,-0.211811685364911
Y268C,-1.84271059562826
Y268D,-1.3350016866323
Y268E,2.19745150027225
Y268F,-0.204856890967264
Y268G,2.4523878016351
Y268H,-1.11656844766468
Y268I,0.0859524651408757
Y268K,1.98376708445522
Y268L,-1.00117104871317
Y268M,-1.54035695526723
Y268N,0.303428268897076
Y268P,9.90305352246582
Y268Q,-0.379512975935067
Y268R,-0.900211239659309
Y268S,-1.50210380438931
Y268T,1.20016128665474
Y268V,1.11352752853454
Y268W,-0.0698046137200839
N269A,1.47326456512743
N269C,5.68616226796661
N269D,0.413320064712272
N269E,0.342690988070724
N269F,5.97264221355205
N269G,5.45480080590038
N269H,1.94668733806359
N269I,4.78840296225166
N269K,1.37971143377936
N269L,-0.131121759230133
N269M,6.39841394447072
N269P,1.03281746743604
N269Q,1.98057604521547
N269R,0.377814523385769
N269S,3.77730379187162
N269T,1.41003612641799
N269V,-0.846265093758185
N269W,13.0810014567397
N269Y,4.40336014153501
V270A,-0.659057848377745
V270C,6.23254899578172
V270D,0.565485886103402
V270E,1.09828354071463
V270F,-2.66742733895627
V270G,-0.0544499047671922
V270H,-0.999218898228039
V270I,1.25459025443935
V270K,2.11978520070123
V270L,2.52859986011701
V270M,-1.07017598018801
V270N,-1.02939812498175
V270P,-0.191211423350664
V270Q,-0.184980551764151
V270R,0.669880303574801
V270S,0.832649530626647
V270T,1.33187761006034
V270W,-1.39275998623698
V270Y,0.190909109661558
T271A,0.580592034142223
T271C,5.0019202611345
T271D,1.70813188223296
T271E,-0.550679551608574
T271F,5.04234968921081
T271G,2.82288467677588
T271H,3.81189086795665
T271I,2.73029844129187
T271K,6.22247286713752
T271L,-0.171413461495711
T271M,0.519465284610405
T271N,2.90342848874741
T271P,-1.80363199807768
T271Q,2.47210258783495
T271R,2.43815109751068
T271S,0.995561106122568
T271V,2.36213332289394
T271W,3.84034179252964
T271Y,9.19800761934219
Q272A,-0.242652154180277
Q272C,-1.71924666399416
Q272D,-0.930762360201282
Q272E,-0.215022632239143
Q272F,0.152211804407488
Q272G,-0.128182265865602
Q272H,-1.20838396547342
Q272I,-0.510394559362334
Q272K,0.226222888461342
Q272L,1.19651090843029
Q272M,0.301373386105209
Q272N,1.70894666291129
Q272P,4.39472140567574
Q272R,1.67913301618815
Q272S,0.175025482708374
Q272T,-0.0357563214057557
Q272V,0.530107985568291
Q272W,0.872197218238225
Q272Y,-2.132055515994
A273C,0.107295199408876
A273D,-0.199395253189959
A273E,1.45208879096395
A273F,-2.72344594479952
A273G,0.209893719489293
A273H,-0.709103156022009
A273I,-0.762525352355588
A273K,9.69897384703839
A273L,1.07974630525275
A273M,2.11429289603925
A273N,0.553142292583762
A273P,-1.96735411576823
A273Q,-2.50907044977287
A273R,-0.220698991317377
A273S,-2.01148133792203
A273T,1.07853803177926
A273V,-0.824801664590871
A273W,-1.83581168487411
A273Y,1.29178690047536
F274A,1.30775382484487
F274D,0.301774500791045
F274E,5.47631788745516
F274G,-2.14496061644747
F274H,-1.41253318217806
F274I,4.96292945196633
F274K,2.52191042465082
F274L,-1.12016133502737
F274M,-0.195509219596925
F274N,0.886823714728095
F274P,1.54841366146109
F274Q,0.0260022902927527
F274R,1.36316672664278
F274S,4.72134938195624
F274T,-0.425177386347281
F274V,2.04921326635428
F274W,0.795209077262475
F274Y,0.254358005319548
G275A,-1.04491084562161
G275C,1.6061435590817
G275D,0.718041262440696
G275E,4.13681433304601
G275F,0.475588388333538
G275H,2.99754754454972
G275I,2.09591241593214
G275K,-0.0894743647843087
G275L,0.521954528198561
G275M,1.76928825679365
G275N,1.22931434762473
G275P,2.32936792158094
G275R,0.123068933632804
G275S,1.74663403760963
G275T,0.381515234288875
G275V,0.522695589540156
G275W,0.607726252206675
G275Y,-0.488382058889568
R276A,-0.0142702443278201
R276C,-2.34361860004284
R276D,-0.659565853281422
R276E,0.544519478834158
R276F,-1.25410966721183
R276G,-0.770740647759699
R276H,0.186929485628631
R276I,-0.248107735258587
R276K,-0.341635716505993
R276L,-2.12024205961057
R276M,0.318566093646487
R276N,1.13611439718558
R276P,0.23813472776991
R276Q,-0.556763559443032
R276S,-1.47521775415997
R276T,-0.0584771402109556
R276V,-0.300320119992472
R276W,-0.35936386506008
R276Y,0.628551474324073
R277A,-0.343001410694621
R277C,3.2869069335252
R277D,0.794377024513223
R277E,-0.477809594011906
R277F,-1.1327331817837
R277G,7.68540853762658
R277H,-0.777367867336239
R277I,-0.245180169582153
R277K,1.70067272792695
R277L,1.49151187510403
R277M,0.729739495787027
R277N,-1.74662984235034
R277Q,-0.986590628696332
R277S,0.0970881923632761
R277T,0.788592165544713
R277V,-0.707373719534114
R277W,-1.54499308431215
R277Y,-0.6407776019709
G278A,-0.283747693748609
G278C,2.20174048146072
G278D,2.24294463662716
G278E,-1.89675413225752
G278F,1.93699166514373
G278H,1.33630951134456
G278I,-0.291728615411571
G278K,0.241374851753841
G278L,-0.360316723771168
G278M,1.06349526677577
G278N,2.38027886591883
G278P,1.04362952437151
G278Q,2.44470472456532
G278R,1.50955295868909
G278S,0.255807406054484
G278T,0.040352919833445
G278V,0.307996899409863
G278W,1.00000232827779
G278Y,1.45850775244799
P279A,-1.53087563771137
P279C,0.945824474501278
P279D,-0.276929319357937
P279E,-0.643164603734639
P279F,0.282196534590454
P279G,-0.454859168553933
P279H,-0.903716450846393
P279I,0.62423410046219
P279K,-1.58258405591316
P279L,-1.30052734767856
P279M,-0.221649951584804
P279N,0.177397381249277
P279Q,-0.108614298533349
P279R,-0.161588284896465
P279S,-1.36155868264235
P279T,-2.45162707013794
P279V,0.503896922103364
P279W,0.768127223922697
P279Y,-0.00735320538306769
E280A,-0.390359979610656
E280C,0.169546080380317
E280D,0.588862647614404
E280F,1.18067703829021
E280G,-0.340441353157425
E280H,-1.29145106124685
E280I,1.14332490248064
E280K,-0.456305845620264
E280L,1.81109503287052
E280M,0.756516513386171
E280N,-1.35089030059374
E280Q,0.463816000598301
E280R,0.849918424866353
E280S,0.690097345656201
E280T,0.763999720509398
E280V,2.02144167269553
E280W,0.573312781194692
E280Y,2.69551693851998
Q281A,13.0810014567397
Q281C,-0.752204309384243
Q281D,0.0664928383509852
Q281E,-1.56332498469868
Q281F,-1.29844373216145
Q281G,-0.0456733003771411
Q281H,-0.250339032320775
Q281I,1.81528137938886
Q281K,0.494069099177516
Q281L,1.36242917580784
Q281M,-0.413188562372208
Q281N,0.172657484595843
Q281P,3.11286455301921
Q281R,-0.387291570624259
Q281S,4.78806450535429
Q281T,1.03117684448541
Q281V,0.789865406081825
Q281W,-0.431750130107879
Q281Y,-0.438921100382689
T282A,0.102361832516458
T282C,-0.0927561513040625
T282D,-1.10457544194564
T282E,0.20332458641877
T282F,1.50071070299388
T282G,0.325081175572286
T282H,-0.777839551131819
T282K,0.733485012127145
T282L,-0.0406489266343942
T282M,-0.250578299366243
T282N,0.41377664279442
T282P,1.43754083752565
T282Q,-0.109014698592665
T282R,-0.38038570587577
T282S,-1.24124759192103
T282V,-0.959228146503322
T282W,1.24488197001083
T282Y,1.08912736501335
Q283A,-0.0981239236065879
Q283C,1.53071055186057
Q283D,-0.540146142976054
Q283E,0.274381662576175
Q283F,1.39323634465101
Q283G,-2.47845985515954
Q283H,-0.11807852382052
Q283I,1.05527736487234
Q283K,-0.0181960455479692
Q283L,-0.377042188451321
Q283M,-0.0126195598779699
Q283N,0.448839103394534
Q283P,-0.643246040578117
Q283R,-0.812592508971527
Q283S,-1.33379522142425
Q283T,-0.564542016646221
Q283V,-0.705556506734727
Q283W,0.792504128133269
Q283Y,1.47310663340392
G284A,-0.186620681786019
G284C,-1.95898286348963
G284D,-0.881602457828921
G284E,1.72583216364184
G284F,-0.332927355003663
G284H,-0.489920261290794
G284I,-2.307366288151
G284K,0.00928500482901213
G284L,-0.757577784826935
G284M,0.36173340094481
G284N,0.758478399209377
G284P,-1.41735222365495
G284Q,-0.95000513468126
G284R,0.575398787543186
G284S,1.92738128733132
G284T,1.2211549482884
G284V,-0.812290200238645
G284W,-2.72344594479952
G284Y,-1.34371276775228
N285A,1.25877672639273
N285C,0.483160960785666
N285D,1.53299695437934
N285E,-0.103561023864113
N285F,-0.596167239877556
N285G,-0.204796404277544
N285H,0.247626356933302
N285I,-0.869011407509475
N285K,0.507195336079431
N285L,-0.584641088766882
N285M,1.64362079591663
N285P,0.574284062608844
N285Q,-0.122552122509535
N285R,1.63711827741438
N285S,0.226418254139574
N285T,0.162071580517116
N285V,-0.764531020160347
N285W,-0.168600623478332
N285Y,4.17743951695495
F286A,1.24800191403458
F286C,-0.139064422679297
F286D,0.0918710991896829
F286E,2.05787522644146
F286G,-0.601669825805952
F286H,-1.39026172492168
F286I,-1.12676114257447
F286K,4.39576863358996
F286L,-0.606506870202694
F286M,-1.00442647035406
F286N,-0.00798293060222111
F286P,0.240466118748438
F286Q,-1.28222006182423
F286R,4.31077409719249
F286S,1.43894529151928
F286T,2.35712963929416
F286V,-0.728120429470194
F286W,0.46527080131827
F286Y,-0.384669757775965
G287A,-1.14699305565469
G287D,0.347442224946159
G287E,1.0643275655996
G287F,4.37520299518745
G287H,-0.0405071211884959
G287I,-0.114895304505888
G287K,-0.200429129461359
G287L,3.00636434921713
G287M,-0.548770211167754
G287N,0.211108443133598
G287P,10.7503003324324
G287Q,-0.732230739051832
G287R,1.51887565051364
G287S,0.926299567383573
G287T,0.667229394336342
G287V,2.09556248983879
G287W,-2.05494466158452
G287Y,0.0412464657718191
D288A,1.10049501375803
D288C,8.1860058201958
D288E,0.0286835949539235
D288F,1.16355119368727
D288G,4.92923077794216
D288H,-1.42063742813927
D288I,1.02621989392521
D288K,-0.767022452629003
D288L,0.229127088255289
D288M,-0.10169644922796
D288N,0.127020774855011
D288P,-2.68080741850734
D288Q,4.04213481241894
D288R,6.21607148466639
D288S,-1.27723741421349
D288T,0.605899253903684
D288V,-1.24418887943167
D288W,2.18945732626436
D288Y,0.701733190336958
Q289A,1.13657063361146
Q289C,-0.488793001063099
Q289D,0.0512663505912634
Q289E,-0.0265586111957562
Q289F,0.724301540775921
Q289G,-0.839517363872424
Q289H,0.910498158276528
Q289I,0.225341130131182
Q289K,0.963986501507874
Q289L,2.01390276156021
Q289M,1.71771273076755
Q289N,0.20699987501943
Q289R,1.542115956028
Q289S,0.289897865216697
Q289T,-0.114514012961756
Q289V,1.13301535781542
Q289W,1.8495323831322
Q289Y,-0.0523599215088833
E290A,1.21976942773586
E290D,5.72474072483387
E290F,2.52482872181158
E290G,0.702183116765151
E290H,1.04919721777096
E290I,0.363065697464988
E290K,0.518091361406534
E290L,1.02054055635224
E290M,-0.0739065993306561
E290N,0.152126611863804
E290P,-1.37134031771934
E290Q,0.722153665060344
E290R,1.08856612340542
E290S,2.43056281263641
E290T,0.758491902299346
E290V,0.467036878690138
E290W,3.54951234872402
E290Y,2.30505142238753
L291A,0.200714091453907
L291C,1.38899672832633
L291D,0.116700281444215
L291E,-0.555296199325684
L291F,-0.53873831787493
L291G,-1.1432500932297
L291H,2.26642979731182
L291I,-0.0460148357288172
L291K,1.07045624356809
L291M,-0.919212678624695
L291N,1.71634812269706
L291P,0.826905510441036
L291Q,-1.65990976329716
L291R,3.39338894204969
L291S,7.34262079018773
L291T,-1.46599611861618
L291V,0.758965831738057
L291W,0.0695299176356819
L291Y,0.232753324069935
I292A,7.25370662504026
I292C,0.415104311503603
I292D,1.06623847878816
I292E,-0.846188539683447
I292F,-0.652863572323823
I292G,1.42467274459414
I292H,-0.853490994522179
I292K,1.41325668889486
I292L,-0.567546263252077
I292M,0.566744766205078
I292N,-0.85176261120058
I292P,1.02945851934188
I292Q,0.050506801390501
I292R,0.422886725357175
I292S,-1.83232424448758
I292T,-1.45547044904348
I292V,-0.270308265206838
I292W,1.30913822240083
I292Y,-0.26910117922187
R293A,3.41190779263787
R293C,1.35694728888437
R293D,2.12486470893947
R293E,4.68388278971322
R293F,2.32468862536227
R293G,3.74826216306813
R293H,0.879201034714401
R293I,6.12902064697548
R293K,0.679182867525857
R293L,-0.146092896486762
R293M,-0.491790543608185
R293N,3.5843685312456
R293P,2.28686527260198
R293Q,0.569228858988702
R293S,0.841940122965832
R293T,1.6172538132693
R293V,-0.334050533552048
R293W,3.89680502462005
R293Y,-0.257690104565195
Q294A,0.549011470723083
Q294C,3.64123294210065
Q294D,13.0810014567397
Q294E,4.84640112570678
Q294F,4.0943784974135
Q294G,1.40846176260428
Q294H,0.499792224960972
Q294I,0.483160960785665
Q294K,3.76061626052681
Q294L,1.8907077186899
Q294M,1.65313537818548
Q294N,8.18227177996904
Q294P,-1.80941793198749
Q294R,3.06165988104632
Q294S,1.16639686764751
Q294T,0.459762276500449
Q294V,0.00992639440230155
Q294W,10.7532745459235
Q294Y,13.0810014567397
G295A,0.139860285014296
G295C,2.58387613352993
G295D,3.46311771531756
G295E,0.224115468900794
G295F,2.60080221125103
G295H,13.0810014567397
G295I,0.752589411952818
G295K,1.63685534841686
G295L,0.865609447655741
G295M,-0.290320573207703
G295N,6.79108720117226
G295P,-0.939011091117848
G295Q,0.490234988338967
G295R,-1.63725187462033
G295S,0.370128708467274
G295T,0.679786494899589
G295V,0.929229966730496
G295W,-0.0408121582255282
G295Y,1.98805714056027
T296A,-0.436407990063916
T296C,0.123732929526191
T296D,-1.22073439304524
T296E,-1.21998658627294
T296F,2.48653090099431
T296G,-0.463785151066395
T296H,2.88415686612049
T296I,-1.43813332727848
T296K,1.22887557499975
T296L,2.26220075373853
T296M,-0.521036805649529
T296N,0.532746666325579
T296P,0.00303287168132781
T296Q,0.373761340161314
T296R,1.38874489603102
T296S,-1.23486822140247
T296V,-0.13175090523544
T296W,1.47449521886403
T296Y,2.50354221473447
D297A,13.0810014567397
D297C,13.0810014567397
D297E,7.8484437395934
D297F,13.0810014567397
D297G,13.0810014567397
D297H,13.0810014567397
D297I,1.05020040413879
D297K,10.8911911226922
D297L,13.0810014567397
D297M,13.0810014567397
D297N,13.0810014567397
D297P,0.644487224186872
D297Q,13.0810014567397
D297R,11.5006954840706
D297S,13.0810014567397
D297T,13.0810014567397
D297V,1.11221801741679
D297W,13.0810014567397
D297Y,13.0810014567397
Y298A,0.341009374449867
Y298C,0.399907211309035
Y298D,9.69546404379777
Y298E,0.385368937941424
Y298F,1.00446675412538
Y298G,-0.577578489987422
Y298H,-0.00213532489971993
Y298I,-0.0565929026846189
Y298K,6.68300174784276
Y298L,6.05065443756277
Y298M,-0.124000215998866
Y298N,13.0810014567397
Y298P,-2.32905949746211
Y298Q,-0.0337258017270998
Y298R,0.222194314497463
Y298S,0.691235161335961
Y298V,-0.524042912049196
Y298W,0.680334759379456
K299A,-0.132145816135442
K299C,4.96272571992122
K299D,-1.70706414497108
K299E,-0.908739078394855
K299F,-0.562726654529773
K299G,-0.187637986902443
K299H,0.0834805117706557
K299I,-0.155319225921161
K299L,-0.865884411708575
K299M,-0.809913659533976
K299N,-2.0567823507396
K299P,-1.26165633172049
K299Q,-0.575602325343058
K299R,3.16701952018252
K299S,-0.411960457493855
K299T,-0.412139241485585
K299V,0.607726252206675
K299W,13.0810014567397
K299Y,0.733440052588478
H300A,-0.472770370673747
H300C,-0.825426930665113
H300D,-0.734523974221599
H300E,-0.0988561909276247
H300F,-0.339172337523587
H300G,-0.166525989449312
H300I,0.450792709096011
H300K,1.05798223908872
H300L,0.505908531465545
H300M,0.168555096984614
H300N,-0.0535735066252946
H300P,0.670606251758554
H300Q,-0.265196099870511
H300R,1.62133352051541
H300S,-0.0348966222606968
H300T,-0.406059176873628
H300V,-0.357735716368498
H300W,1.09580769170824
H300Y,-0.422558048585129
W301A,-1.01557181834294
W301C,-0.857510595031816
W301D,-0.14005316206498
W301E,-1.49406614850821
W301F,0.606559384222332
W301G,2.68931087375672
W301H,-0.343672793579767
W301I,3.48132475389945
W301K,-2.25772521382275
W301L,-0.0742413706774898
W301M,-1.60867932187687
W301N,-0.212334270122744
W301P,2.41980018439971
W301Q,2.07038800707038
W301R,-0.440928359834164
W301S,-1.33379522142425
W301T,2.51036028625904
W301V,-1.29665404725275
W301Y,2.68498253591304
P302A,0.45495576333839
P302C,-1.32441876077945
P302D,-0.750647388429359
P302E,-0.921204983734325
P302F,-1.12507948595405
P302G,2.02723295094715
P302H,0.360032670645804
P302I,-0.211022864551751
P302K,0.465146436296052
P302L,-0.498564644173597
P302M,-0.591563513678053
P302N,0.577920943213758
P302Q,-0.0172514649132282
P302R,0.302911936540835
P302S,2.40901361164085
P302T,-0.236861206923049
P302V,0.486597906296209
P302W,1.37002570562137
P302Y,0.459589238852956
Q303A,0.5996030174643
Q303C,0.110494079978455
Q303D,-0.179980706034517
Q303E,-1.10606817629117
Q303F,0.308616979894882
Q303G,0.333669876938866
Q303H,-0.893092816958973
Q303I,1.21646664198978
Q303K,2.70661665475168
Q303L,0.426178880575882
Q303M,0.159729642878742
Q303N,-0.917527516493898
Q303P,0.655338116418214
Q303R,0.857535782469396
Q303S,-0.265525198076786
Q303T,-0.848194138071929
Q303V,0.744642455940598
Q303W,0.37489358378087
Q303Y,0.958713498902875
I304A,6.18522485630552
I304C,0.840686981098085
I304D,0.590328170568916
I304E,4.10029079585752
I304F,-0.554650899617843
I304G,0.108113857768483
I304H,-0.706960596651342
I304K,-0.677819787218336
I304L,0.270558399294411
I304M,0.251441882847835
I304N,-0.0789813612531004
I304P,1.60714053476851
I304Q,-1.23133866231219
I304R,6.08447687805313
I304S,-1.35000023094686
I304T,-0.0453025822728229
I304V,-0.731654630346459
I304W,-0.366808774822557
I304Y,2.10690482994402
A305C,0.676525126215689
A305D,-0.660117556877903
A305E,-0.612562329269685
A305F,1.38412112962744
A305G,-2.44019662290019
A305H,0.443211368685484
A305I,0.210374191852276
A305K,-0.127942127067425
A305L,-0.194106010539339
A305M,-0.280113849208513
A305N,1.23093631163767
A305P,0.737372994698655
A305Q,0.250088553193842
A305R,0.095621600368829
A305S,-0.51982202286262
A305T,0.00536686933966162
A305V,-0.435820208781888
A305W,0.442127318429376
A305Y,-0.0995591002227277
Q306A,-0.557411141717804
Q306C,1.18108728506411
Q306D,-0.895928902249352
Q306E,-1.11541646492416
Q306F,0.301476371953894
Q306G,-1.78647674526834
Q306H,-0.620633489943785
Q306I,0.302418501225184
Q306K,1.10850941605991
Q306L,3.11659307641587
Q306M,-0.738050965892273
Q306N,0.169546080380317
Q306P,-0.72788420077506
Q306R,-0.181715813094268
Q306S,-0.132290948863644
Q306T,-0.469624232395779
Q306V,-0.357158865771478
Q306W,0.0407894040871963
Q306Y,1.39139774972022
F307A,0.337029054172956
F307C,4.11492435673213
F307D,2.46772111773747
F307E,1.98728887954376
F307G,-1.96563423066845
F307H,-1.22572787694185
F307I,1.02316398056122
F307K,0.384889336050437
F307L,3.24982956434782
F307M,-0.908362248407994
F307N,1.4632794974755
F307P,-1.47777989515516
F307Q,-0.664187350071045
F307R,0.00825695170114621
F307S,-0.200429129461359
F307T,-0.440555546084389
F307V,0.549150316333204
F307W,1.41043699824516
F307Y,-1.16483092141044
A308C,2.46342923429487
A308D,0.941592674932149
A308E,2.16832084392727
A308F,-0.615048411917073
A308G,-0.121425429510835
A308H,-0.674868083064111
A308I,0.689895138307319
A308K,0.217499819482896
A308L,-0.286161792708118
A308M,-0.972670005897529
A308N,-0.242470263395003
A308P,0.43256364928315
A308Q,-0.275383077450058
A308R,-2.76729975702532
A308S,-0.186118947067828
A308T,-1.00748999988885
A308V,-0.371291515809097
A308W,-0.275921086579596
A308Y,0.451162676407757
P309A,3.69879898485236
P309C,-1.33379522142425
P309D,3.29704715714572
P309E,0.0242711237021976
P309F,4.20068889567056
P309G,2.07683097551545
P309H,-1.05968603866568
P309K,0.835658667155262
P309L,3.73090554790525
P309M,0.524622341507843
P309N,-0.0605262566620264
P309Q,-1.60335797884611
P309R,2.13309164394493
P309S,-0.709826214659689
P309T,2.5655738060049
P309V,5.32365565654126
P309W,-0.692543974069015
P309Y,13.0810014567397
S310A,0.606611902035627
S310C,1.02797421738517
S310D,-2.57075179064702
S310E,1.07676032552273
S310F,-2.22281040469704
S310G,0.71554316030099
S310H,2.75866892419889
S310I,1.0647991532068
S310K,9.13894799319095
S310L,-2.00455184414969
S310M,0.469380908470158
S310N,2.53422648840182
S310P,-0.965135161866581
S310Q,-0.570335244521344
S310T,0.450420500886067
S310V,0.886391985386531
S310W,1.95935785277573
S310Y,-0.596411270463772
A311C,-0.70366153813342
A311D,-0.583908317709859
A311E,-0.818725749173182
A311F,2.95868182539792
A311G,3.36762009594133
A311H,-1.03884040522552
A311I,2.42877825036889
A311K,4.10167205731122
A311L,1.93845203853109
A311M,0.502883936163226
A311N,-1.33565043738088
A311P,-2.36552685512666
A311Q,0.454513023556132
A311R,0.988636882290641
A311S,-0.419389500327201
A311T,-0.983727666879852
A311V,0.381038104569929
A311W,-0.954008269323757
A311Y,4.361509236596
S312A,-0.241042873787664
S312C,-1.02004308757193
S312D,-2.77239065834786
S312F,6.24192850525599
S312G,2.43540808301915
S312H,0.636481714737424
S312I,-0.777367867336239
S312K,2.70794588858276
S312L,0.26132900644059
S312M,0.186188979193766
S312N,-1.0341571380223
S312P,1.08967015165225
S312Q,2.41858912820873
S312R,-0.120344272391595
S312T,-1.89675413225752
S312V,1.08119518960698
S312W,4.24209506674531
S312Y,1.72453858653629
A313C,-0.939011091117848
A313D,-1.14394443583695
A313E,1.53616033364972
A313F,0.699191123654929
A313G,-0.556929138506169
A313H,0.595638738423966
A313I,2.70765760492291
A313K,0.032304467771626
A313L,2.67165954244363
A313M,-0.0279802813486561
A313N,-0.100153745710249
A313P,1.27790285342994
A313Q,-0.0343423352666734
A313R,-0.0211632871679224
A313S,-0.981486873602898
A313T,8.77465175404352
A313V,-0.0766141700313506
A313W,4.93215459893531
A313Y,0.0868411706310835
F314A,0.813469187898625
F314C,1.44785784866443
F314D,2.59717777379011
F314E,0.169546080380317
F314G,0.421558532770167
F314H,1.11483598920854
F314I,5.03817166350896
F314K,2.9898021378868
F314L,1.69768881699974
F314M,-0.900334535837794
F314N,-0.943280603579453
F314P,-0.787332070772016
F314Q,0.458498765160147
F314R,-3.00373782957196
F314S,1.48286862497449
F314T,3.88486612940634
F314V,-2.47845985515954
F314W,2.71828409281028
F314Y,1.93769869559897
F315A,10.0020993105151
F315C,-1.26238768101028
F315D,0.540281580564624
F315E,0.757418860413749
F315G,-1.26802595935953
F315H,1.73478818773135
F315I,-0.329012273248105
F315K,-0.754743968992436
F315L,2.71484772672481
F315M,1.82940924939981
F315N,6.15555243353229
F315P,0.618055228347772
F315Q,-0.692812007235375
F315R,-1.0341571380223
F315S,1.78545085921596
F315T,1.65485477830141
F315V,-0.448804182073847
F315W,-0.318445270577759
F315Y,0.663420772601344
G316A,0.733734344060397
G316C,6.55747622534018
G316D,-1.04078851231387
G316E,-0.861944167609059
G316F,-0.267454389226781
G316H,-0.23308546152196
G316I,-0.288773826384817
G316K,1.49990319172446
G316L,6.82894913704894
G316M,6.91089792745507
G316N,1.74252825982935
G316P,0.0571238152799893
G316Q,0.0951454079205117
G316R,13.0810014567397
G316S,0.452171650238924
G316T,0.576756473212927
G316V,3.08136401643771
G316W,0.927479230577856
G316Y,-0.874063250193872
M317A,-0.675153884067246
M317C,2.90649260701487
M317D,-0.226807504508094
M317E,6.7351596975695
M317F,-0.892220129780906
M317G,-1.10854278097671
M317H,-0.876217287219902
M317I,0.174525614949816
M317K,-1.0341571380223
M317L,-0.0558225996037357
M317N,-0.822955802527334
M317P,1.43723804153196
M317Q,-1.50989133637968
M317R,1.41242629460047
M317S,-2.47423013245427
M317T,-1.29462676632959
M317V,0.760779536491098
M317W,-3.40798792774743
M317Y,3.60981186081673
S318A,1.04683482785652
S318C,1.00232983039796
S318D,5.75765682580817
S318E,-0.687528486730494
S318F,6.11132507248482
S318G,1.89470974959083
S318H,-2.57839224587977
S318I,4.9725035272472
S318K,0.693478636437979
S318L,0.505678684088171
S318M,7.99282133833931
S318N,-2.43313836656708
S318P,1.1984019881619
S318Q,-0.986316493088319
S318R,-0.934734497716547
S318T,2.66181291690507
S318V,5.33007251937102
S318W,3.19220945489314
S318Y,2.35818033197346
R319A,0.797685063984193
R319C,-0.507567830384942
R319D,0.430963451461207
R319E,-0.2102908507627
R319F,1.74694262672068
R319G,0.151496311205348
R319H,-2.15437831894644
R319I,5.06352277924974
R319K,0.0630096753398339
R319L,0.494689696978154
R319M,-0.550986568281793
R319N,2.05270003938327
R319Q,0.184761259979682
R319S,0.695650948651934
R319T,1.03797380858668
R319V,4.32164839429275
R319W,2.02857605257501
R319Y,-0.309728036575339
I320A,0.981704586256523
I320C,0.0413139833516005
I320D,-1.15624959151933
I320E,1.68557235036216
I320F,0.44927666557102
I320G,-0.258908749933035
I320K,-0.49639048400022
I320L,-0.592786623204823
I320M,-0.354489545959849
I320N,2.03869930092296
I320P,6.96279371873245
I320Q,-0.247793750940316
I320R,-0.327854811857179
I320S,-1.13890353988756
I320V,1.17342148541217
I320W,-0.653406421682587
I320Y,1.0135318158338
G321A,8.54708004329026
G321C,0.652816642505579
G321D,-0.38987422143203
G321E,1.56373688062615
G321F,-0.557732628027347
G321I,1.31847746733713
G321K,-0.0944557235186014
G321L,0.956200653433025
G321M,0.861230091395588
G321N,0.194509850250111
G321R,-0.483754878340841
G321S,0.317385486458903
G321T,3.18287565523442
G321V,0.107348997870182
G321W,2.22655263812055
G321Y,-2.63854951002739
M322A,0.237779215559986
M322C,2.97162884832792
M322D,-1.74662984235034
M322E,1.62227527760106
M322F,-0.262459526349922
M322G,3.22196301190939
M322H,-0.412121134856508
M322I,-0.120008201261504
M322K,-3.10356967182597
M322L,11.8239511583749
M322N,-2.25772521382275
M322P,1.15654816035522
M322Q,0.816573132848233
M322R,1.78793252434192
M322S,-1.00272414051856
M322T,-0.180232226383123
M322V,1.55548358766226
M322W,-0.307602813669695
M322Y,1.32393637589309
E323A,1.43199061738426
E323C,1.1978470378658
E323D,2.18790933290535
E323F,-0.692970050588854
E323G,-0.150421624813783
E323H,-0.765346144196871
E323I,-0.0166085144747814
E323K,-0.159793355287534
E323L,-0.115787927314844
E323M,0.425319534987011
E323N,0.993400330739605
E323P,-1.35214686325717
E323Q,1.52341535369269
E323R,-1.05519740493096
E323S,0.568069031104962
E323T,0.629266788813108
E323V,0.332126064714006
E323W,2.33485892835244
E323Y,0.668742700114553
V324A,0.186935096460389
V324C,0.669217688184841
V324D,0.506436023056877
V324E,-0.0414516333746942
V324F,-0.0520890145544616
V324G,4.20601732021837
V324H,-4.04606932949922
V324I,-0.0320796722121743
V324K,1.17285646466178
V324L,0.675992019001963
V324M,0.0505204147620778
V324N,0.18370423593697
V324P,1.91031380959311
V324Q,0.778367227793662
V324R,0.242676407897448
V324S,0.146109882502915
V324T,-0.595429277238243
V324W,-0.351320039015816
V324Y,-0.0299439234724885
T325A,-3.28570816332576
T325C,0.329729717280244
T325D,0.354153127558799
T325E,0.252620497519179
T325F,1.57160901911448
T325G,1.24488839526701
T325H,2.16104418846297
T325I,-0.189102854304928
T325K,1.67254665662318
T325L,-0.544379175656652
T325M,0.158365958273217
T325N,0.168657702456053
T325P,0.0865281256063961
T325Q,0.392083823843004
T325R,0.794163387946857
T325S,-0.0340782943594425
T325V,0.442502375757364
T325W,-0.732969796299173
T325Y,0.0709197990720281
P326A,0.167788917249473
P326C,-0.10701772969034
P326D,0.000495507540420365
P326E,1.89003833733907
P326F,0.781745572883084
P326G,0.852705327191681
P326H,0.177033652546945
P326I,0.325512896242194
P326K,1.02594086441379
P326L,0.00726277873637382
P326M,-3.10835165021074
P326N,0.345893880409914
P326Q,-0.233565043034086
P326R,1.14186754423257
P326S,-0.169167218248159
P326T,0.617212355828562
P326V,0.832186085249068
P326W,0.45099596412092
P326Y,0.896761524416764
S327A,0.532256479679251
S327C,0.661940374382865
S327D,0.683917080877531
S327E,0.830182761942118
S327F,-0.0435051347342103
S327G,-0.745069087223667
S327H,0.453255295920387
S327I,1.00207459215376
S327K,1.47839412327411
S327L,0.136098604591818
S327M,0.35347137074792
S327N,-0.103825814877506
S327P,-0.641283954937473
S327Q,0.0361401569998637
S327R,-0.567586843753439
S327T,0.373286016872489
S327V,-0.56818768163603
S327W,0.424586898873247
S327Y,-0.002347306961269
G328A,1.36272661386183
G328C,-0.0191735331371315
G328D,-0.406684934177627
G328E,-0.704965994820364
G328F,0.219385172568162
G328H,0.70573384845935
G328I,3.31902202368274
G328K,0.171923264085302
G328L,0.528179867495874
G328M,0.228867322193862
G328N,-0.457060642666688
G328P,0.282170085013145
G328Q,-0.0909564871243632
G328R,-0.461346141096314
G328S,-0.562593146216529
G328T,1.390790777993
G328V,11.0006831247113
G328W,2.82601100977948
G328Y,0.754700489698549
T329A,0.227479116822612
T329C,-0.339306576765695
T329D,-0.966781811704576
T329E,1.49749432815365
T329F,0.427366775653718
T329G,-0.831298749353572
T329H,0.617202235750757
T329I,1.33325748247566
T329K,-0.852042130562987
T329L,-0.0662388264279915
T329M,0.633554276101452
T329N,-0.422139796367528
T329P,0.117161497769609
T329Q,0.161231707888028
T329R,-1.70958580501097
T329S,1.30466637857225
T329V,1.63802997551076
T329W,0.817325142499708
T329Y,-0.322265310247951
W330A,0.490875997030504
W330C,9.3994900031264
W330D,6.70739790366921
W330E,1.92578369537296
W330F,2.07947302379413
W330G,1.04954726498796
W330H,0.531713316251761
W330I,0.597199855457883
W330K,-0.0196285287392553
W330L,0.157389347711364
W330M,0.0383950263588926
W330N,-0.772303982078389
W330P,0.928208673994506
W330Q,-0.741830640993502
W330R,0.984385422875806
W330S,-1.10735657729505
W330T,-1.77296731868361
W330V,0.221834830924736
W330Y,0.551849181980538
L331A,0.332682651874546
L331C,0.15849892455598
L331D,2.19414323105584
L331E,-2.2690689241311
L331F,1.47107578235438
L331G,13.0810014567397
L331H,4.29995130686641
L331I,0.000462863518372749
L331K,1.79978865214347
L331M,-0.404387803432069
L331N,1.46225877041459
L331P,1.03446055108584
L331Q,0.664175415691064
L331R,-1.96404112650624
L331S,-2.72344594479952
L331T,0.882134200624782
L331V,2.22787974946475
L331W,-1.83581168487411
L331Y,-0.0410551426608221
T332A,-0.71379959884883
T332C,-0.565600569798152
T332D,6.06966359180181
T332E,-1.29347800438738
T332F,1.45925315826952
T332G,-1.28763781421951
T332H,0.282048534393872
T332I,0.253757127829952
T332K,0.538613207236628
T332L,0.111894599329973
T332M,2.0446100630118
T332N,-0.915552555544408
T332P,2.70670750896854
T332Q,-0.328845141927365
T332R,0.285006947546517
T332S,0.439745485797617
T332V,0.758850896694388
T332W,0.2754522131772
T332Y,1.41927329788241
Y333A,0.190909109661558
Y333C,-1.8661275444318
Y333D,2.29429794399118
Y333E,0.962192018559314
Y333F,13.0810014567397
Y333G,1.0147925019007
Y333H,-0.20494153193901
Y333I,-0.427656150626368
Y333K,-1.00838142616904
Y333L,2.31404686010705
Y333M,1.56034893229211
Y333N,-0.614477276076119
Y333P,0.78277725527816
Y333Q,0.206106289942623
Y333R,1.23516497275638
Y333S,-0.70350755364727
Y333T,1.09162056710639
Y333V,-1.37848557673177
Y333W,2.48975269381685
T334A,-0.554619740891762
T334C,0.16737588662558
T334D,0.263195044047675
T334E,2.59551551590544
T334F,-0.509680784694943
T334G,0.516670540437534
T334H,0.680541318831016
T334I,1.19446433404268
T334K,-0.374684836361056
T334L,0.168532385965562
T334M,0.203872160300617
T334N,-0.494468631447321
T334P,-3.8106846875679
T334Q,2.74982295263154
T334R,-4.61351698437017
T334S,3.07853066297843
T334V,-0.104872337545764
T334W,0.162824739038655
T334Y,-0.0720648417132561
G335A,-0.103327873623733
G335C,-0.516970700274168
G335D,-1.75426047878564
G335E,2.57650785272735
G335F,6.33324958206742
G335H,1.40229218081981
G335I,3.25775889688938
G335K,6.36380980608643
G335L,2.13769409316868
G335M,7.00631481250675
G335N,-1.15624959151933
G335P,-1.79129949033349
G335Q,13.0810014567397
G335R,8.2847533518549
G335S,1.0889229909767
G335T,4.99811116331586
G335V,13.0810014567397
G335W,0.7703441430675
G335Y,13.0810014567397
A336C,-0.375419229682759
A336D,-1.19183867628049
A336E,-1.77139369693751
A336F,0.443404464311722
A336G,-0.138640584656737
A336H,-0.846037638180894
A336I,-0.518317914452205
A336K,1.48822912062358
A336L,1.1474236335733
A336M,-1.02720885856836
A336N,-1.10395265284239
A336P,0.567725239888011
A336Q,0.442473471484317
A336R,-1.94287554711098
A336S,0.51842031881751
A336T,0.184453830370883
A336V,0.917424709649436
A336W,0.332580198103036
A336Y,0.00624831068311214
I337A,13.0810014567397
I337C,4.2563753599845
I337D,1.03121069498531
I337E,-0.56674471238211
I337F,-0.681552315196978
I337G,2.95390724070896
I337H,2.97498583774793
I337K,2.34398576672218
I337L,-0.877262382284828
I337M,-0.394768080381262
I337N,1.29381335707201
I337P,-0.151756180764903
I337Q,0.253573234069788
I337R,2.9584510515289
I337S,0.732246677867006
I337T,-2.47845985515954
I337V,0.699319876183337
I337W,0.47600680121453
I337Y,-0.30252961893918
K338A,-0.0371096180071893
K338C,-0.446191434399263
K338D,-1.48508447271415
K338E,0.837520183627759
K338F,0.144094829226224
K338G,1.40279608709265
K338H,0.107201182614502
K338I,0.400322769539797
K338L,-0.648618250371203
K338M,-0.801817904952482
K338N,0.0561636099483439
K338P,-1.23173291786554
K338Q,-2.127159383275
K338R,-0.0605177621126924
K338S,0.330459266810317
K338T,0.392099643314568
K338V,-0.0755670133317579
K338W,0.76572193155648
K338Y,0.0911971063485211
L339A,3.33421810963989
L339C,-1.6141788839614
L339D,0.601973957158969
L339E,0.297015830717545
L339F,-0.798244131654928
L339G,1.31144933712335
L339H,1.99729251103057
L339I,1.00862041582243
L339K,0.440843681290311
L339M,-1.46834413412236
L339N,0.984363984556099
L339P,1.28136464776299
L339Q,4.45957797928793
L339R,0.0597776756847932
L339S,0.157622161857443
L339T,-0.829608608672384
L339V,0.0156246636192817
L339W,0.199851274302881
L339Y,6.33405776244717
D340A,-0.0753687388310966
D340C,-0.0999679440403545
D340E,1.35338090616064
D340F,2.46999701656659
D340G,2.67563551461914
D340H,0.781128411683801
D340I,4.33582794156935
D340K,-0.524593341537756
D340L,2.10864331240585
D340M,1.94958969480887
D340N,0.805336404804983
D340P,1.22092605594785
D340Q,0.806768686587045
D340R,0.448628665003225
D340S,0.916686262660203
D340T,2.9287038134812
D340W,6.51708542030162
D340Y,3.40354838150657
D341A,0.782198951259336
D341C,0.370868663753015
D341E,0.149515606506442
D341F,6.38886910483148
D341G,2.06819036454531
D341H,1.37298877186599
D341I,0.905808190284891
D341K,1.10332731864163
D341L,0.995390232254497
D341M,-0.302381232681078
D341N,0.866389244099264
D341Q,0.849531873374321
D341R,2.0050476897993
D341S,-0.356180818538669
D341T,0.140891512130738
D341V,0.856408470127999
D341W,3.98640106120168
D341Y,1.09239526237872
K342A,-0.906292683028353
K342C,1.18309741983513
K342D,-0.0251786987229813
K342E,-0.649819591902859
K342F,-0.280298372187866
K342G,0.980142374448622
K342H,0.239017759275089
K342I,0.696985875275439
K342L,0.349187948603582
K342M,0.0358304004296231
K342N,0.907338070378759
K342P,0.349424914065911
K342Q,1.66627948929899
K342R,-0.24946509445193
K342S,-1.43334498110976
K342T,-0.435788128012021
K342V,-0.156299454873459
K342W,0.933176729299189
K342Y,-0.85928082110844
D343A,-0.266084279301527
D343C,1.53766526160776
D343E,-0.221771562736233
D343F,5.74586832844497
D343G,-0.8585931970424
D343H,-0.457579237248935
D343I,-0.621257755090318
D343K,0.336543436395093
D343L,-1.03261736173709
D343M,13.0810014567397
D343N,-1.50370803733373
D343P,-1.2347298661683
D343Q,3.61799795297118
D343R,-0.966800138638029
D343S,-0.096898036420725
D343T,1.95003931071947
D343V,-0.0681607273248431
D343W,7.60177967006015
D343Y,0.996307844035519
P344A,-0.352021037019517
P344C,4.23747853430233
P344D,-0.985123215787612
P344E,-1.29047803808779
P344F,0.959080069975001
P344G,0.985788932383268
P344H,0.137906736082785
P344I,1.91469835852232
P344K,2.5007819443088
P344L,0.733366485433584
P344M,0.0782394621946052
P344N,0.28849717382227
P344Q,0.0108775440241258
P344R,2.37992665046805
P344S,-0.64274159965822
P344T,0.493462487764228
P344V,0.73169881582102
P344W,3.34023452280444
P344Y,0.0224637967708041
N345A,-0.481729603778118
N345C,0.0707206997430338
N345D,0.361441512173052
N345E,-1.5010895719786
N345F,1.08974603615014
N345G,0.481625835184485
N345H,0.507890123096824
N345I,1.23554785503118
N345K,2.43488473825347
N345L,-2.68055002647095
N345M,-1.68855666415551
N345P,-1.25418906247305
N345Q,0.369123745840371
N345R,-0.676268052117052
N345S,-1.10938155528781
N345T,0.400652225477249
N345V,1.13462743738825
N345W,0.572896127928337
N345Y,0.944433623262462
F346A,2.46663748749363
F346C,0.315949081110335
F346D,0.374686179510434
F346E,-0.885317236099682
F346G,-1.89675413225752
F346H,-0.391097485072904
F346I,1.76469304473758
F346K,0.983542025072822
F346L,1.03808692197504
F346M,-0.00064065467567897
F346N,0.227347617854431
F346P,1.54316965782046
F346Q,0.708584360670166
F346R,-0.240109460063008
F346S,-0.700896604681443
F346T,0.0345164819167904
F346V,-0.0178990762895044
F346W,-1.04834120977523
F346Y,0.9064721867356
K347A,1.08724790697244
K347C,-0.600788948614886
K347D,0.117666733434396
K347E,-0.402035101279282
K347F,-1.39646011486633
K347G,-0.407993956242475
K347H,-1.5202832409702
K347I,-0.700714601932888
K347L,0.165058728754297
K347M,0.335234708784849
K347N,-1.38020458864058
K347P,-0.983579915715375
K347Q,0.0276841036933857
K347R,-0.862282127360725
K347S,-1.14388267130003
K347T,0.0220499461586721
K347V,0.210162640622625
K347W,0.0076103522374972
K347Y,0.321503227393951
D348A,1.32189075667742
D348C,4.87800180623577
D348E,0.134809275238472
D348F,0.875097692279487
D348G,1.65901003030002
D348H,3.11936972204405
D348I,2.83599710266357
D348K,8.60252522933371
D348L,0.371492436009796
D348M,0.889132712098012
D348N,-1.30928977150658
D348P,2.91883288230859
D348Q,0.453383047477145
D348R,5.64217875920802
D348S,-0.0318251244060531
D348T,2.25968023038317
D348V,1.41184945317519
D348W,-0.400701823819366
D348Y,2.19709728623948
Q349A,-0.126531033425837
Q349C,-2.76729975702532
Q349D,-1.34296137410634
Q349E,-0.75689677685744
Q349F,0.0996252674403432
Q349G,-1.07956566517634
Q349H,0.737057733470166
Q349I,-0.518436081813265
Q349K,-0.526932315955681
Q349L,0.123558785623299
Q349M,-1.16171491056276
Q349N,1.63710866033398
Q349P,-0.54786667642843
Q349R,3.27710228360335
Q349S,-0.503162288789562
Q349T,-0.0862851470350033
Q349V,0.0598142849533193
Q349W,-0.696873268765596
Q349Y,-1.00781337461457
V350A,1.50398683574785
V350C,3.86551316289191
V350D,2.00068723534803
V350E,0.221978761314019
V350F,-0.451518418576563
V350G,0.672758209527631
V350H,-1.49212797735295
V350I,-0.0880283552616911
V350K,0.406135994963466
V350L,13.0810014567397
V350M,-0.182320424488267
V350N,-1.8888386979181
V350P,-1.8661275444318
V350Q,-0.484552474061134
V350R,2.15197521076331
V350S,2.83307201799482
V350T,0.5312412472253
V350W,2.10098908288987
V350Y,-1.54574486416628
I351A,-0.891622211913288
I351C,2.31287464028633
I351D,0.369044345672757
I351E,-0.142058948323682
I351F,-0.135039308405312
I351G,0.685055456238162
I351H,-0.314497286153996
I351K,-0.0842233608665694
I351L,-0.144569982050064
I351M,0.911290124369751
I351N,0.389448707815425
I351P,-1.21805537952942
I351Q,0.20804224822514
I351R,2.51226188940573
I351S,0.100608024167666
I351T,0.109183536791409
I351V,0.736072671795743
I351W,0.33637026326822
I351Y,0.351025361090333
L352A,-0.60177650968758
L352C,0.950978030313183
L352D,0.935094310797611
L352E,-0.717499078711752
L352F,-0.0736587277954838
L352G,-1.6714350117752
L352H,1.78166894025577
L352I,-1.18826535049642
L352K,-0.359529394544573
L352M,0.443497261787519
L352N,-1.45913634894682
L352P,-0.047864775955434
L352Q,-0.817814410459666
L352R,4.62186501957979
L352S,0.819851927904319
L352T,-0.778080555870903
L352V,-0.464155711423342
L352W,1.24910354626949
L352Y,0.0567972646349966
L353A,-0.128687037006176
L353C,1.00338900135687
L353D,0.0641479334090948
L353E,1.37716847954159
L353F,-1.13554134674413
L353G,0.614533777495161
L353H,0.408871023091297
L353I,1.02823786115742
L353K,-0.261461862124315
L353M,3.08845188894733
L353N,0.793717278201786
L353P,0.0545009908979753
L353Q,-0.293515318869187
L353R,0.192639875299304
L353S,1.26224691000637
L353V,-0.821863625266506
L353W,1.05013664858564
L353Y,0.735641449502685
N354A,0.00563905891830012
N354C,0.0771566070981703
N354D,1.38583910883311
N354E,-0.821349158487282
N354F,1.45253906811452
N354G,0.241290451340193
N354H,-0.363217215480527
N354I,1.02180944527688
N354K,0.0122059147473581
N354L,1.40247869319709
N354M,0.891472799248804
N354Q,-0.478276554051628
N354R,0.0500154379356518
N354S,-0.0881387082179129
N354T,-0.924308197130357
N354V,-0.0115460546770466
N354W,2.45288420028543
N354Y,-0.178230827337389
K355A,-1.09250888017034
K355C,0.33367557275695
K355D,5.47077482042981
K355E,-0.69537738220386
K355F,1.79412544277221
K355G,4.15369648983311
K355H,-0.466164318829646
K355I,7.01466188740731
K355L,0.547556629169411
K355M,0.155695234079558
K355N,-0.439508314894262
K355P,-3.43579368533825
K355Q,-0.679019856816172
K355R,1.55902691347247
K355S,-0.276402802938542
K355T,-0.828052589359301
K355V,4.81334486392609
K355W,0.701966150437093
K355Y,0.753541301684542
H356A,-0.24614053677928
H356C,2.14461749788063
H356D,2.64324163635618
H356E,5.08789922971447
H356F,4.38034269914095
H356G,-0.381061172460779
H356I,13.0810014567397
H356K,-0.267099611725929
H356L,3.3664345664144
H356M,0.270795466981735
H356N,-2.18836807832474
H356P,1.42526012808004
H356Q,-0.857681180905622
H356R,13.0810014567397
H356S,1.01656442602613
H356T,2.95514390004996
H356V,3.9553141036361
H356W,2.54107359615137
H356Y,-0.100153745710249
I357A,2.72765762458558
I357C,2.54675241834158
I357D,-0.304317968795092
I357F,1.762353237766
I357G,0.467258263742408
I357H,0.367424096543305
I357K,-0.345715801012594
I357L,-2.54337022021543
I357M,1.48599692901926
I357N,-0.711780148273383
I357P,0.249919131675177
I357Q,0.930767979161574
I357R,-1.68930026983334
I357S,2.41381105816266
I357T,0.305988274966909
I357V,-0.175893068197962
I357W,-0.498588007977782
I357Y,-3.342506872941
D358A,4.1637909705329
D358C,7.24672581178104
D358E,-1.92899877801849
D358F,2.24811899865011
D358G,-2.25772521382275
D358H,-1.38609782823616
D358I,-0.823126540075831
D358K,-0.255310425887901
D358L,-0.51277845487221
D358M,-0.93854240439192
D358N,-0.846817483383
D358Q,0.82003538674281
D358R,2.43876952426881
D358S,-1.06306673842881
D358T,-2.72344594479952
D358V,-0.929867187077671
D358W,0.876600906463768
D358Y,-0.115346939676145
A359C,1.7361708800402
A359D,-0.675027922418639
A359E,0.171923264085302
A359F,0.208716759759829
A359G,-1.35012158088023
A359H,-0.0359843441541455
A359I,0.662098191962283
A359K,-1.49303395636302
A359M,-1.54774966542654
A359N,0.101605995753682
A359P,-0.986316493088319
A359Q,1.45471248951335
A359R,-0.394186724474335
A359S,-0.36497201904706
A359T,-1.79063778821023
A359V,0.288333955057302
A359W,1.17190000652751
A359Y,-0.119783802752447
Y360A,0.247934439821064
Y360C,2.48786473597773
Y360F,-2.19985322086496
Y360G,-0.231713226267638
Y360H,-0.822897657119375
Y360I,-2.55701610601163
Y360K,1.43268536577419
Y360L,4.05005824955987
Y360M,1.0980312219973
Y360N,-0.708963689076228
Y360P,2.79202688499713
Y360Q,-0.696563997096816
Y360R,2.37454738746926
Y360S,-0.140385813099958
Y360T,-1.20614826634105
Y360V,2.39607417060177
Y360W,1.63895197830733
K361A,-0.671883476792031
K361C,7.90937661544125
K361D,-1.11846723372463
K361E,-0.372129877436802
K361F,1.42327439578304
K361G,-0.122834074429091
K361H,-1.00862230073878
K361I,1.73083048894671
K361L,-1.12933833532445
K361M,2.03884725005106
K361N,-0.0478069630142479
K361P,1.31137501857948
K361Q,-1.21598625603051
K361R,-0.202264485314275
K361S,-1.47365714797831
K361T,0.842017044810493
K361V,0.032826170637862
K361W,0.543769730835836
K361Y,0.868717752968986
T362A,0.220134413649096
T362C,1.36108777421914
T362D,-0.180232226383123
T362E,-1.15285495214336
T362F,-0.282538238806182
T362G,-1.47553368980782
T362H,-1.38643473944675
T362I,-1.05297687761625
T362K,-0.454223347926754
T362L,-0.0120462549227898
T362M,0.758874851506529
T362N,-2.42803205910055
T362P,1.23056799123308
T362Q,0.300383815805437
T362R,1.20688513486442
T362S,-0.612529663782321
T362V,0.410231391503175
T362W,-0.591482162426839
T362Y,0.543517708079408
F363A,2.35200337329658
F363C,0.121500971421807
F363D,-0.132404205913605
F363E,0.22244630975198
F363G,-2.33623522878334
F363H,0.409345231325599
F363I,-1.25538448676676
F363K,0.37787536135007
F363L,0.052440813459694
F363M,0.193901763326634
F363N,0.155197820131208
F363P,-1.68855666415551
F363Q,-0.511284837868553
F363R,-0.54717958577262
F363S,-0.107605697831205
F363T,0.000190683308404249
F363V,-0.0972907112889731
F363W,-0.0292144687888497
F363Y,-1.80443908642541
P364A,0.145588791581101
P364C,1.65660143714856
P364D,0.854170149408694
P364E,0.0246381921434806
P364F,0.121800252313776
P364G,-0.733724588307589
P364H,0.721399709302683
P364I,-0.544533047575925
P364K,0.0416028623584781
P364L,0.175220752377989
P364M,-0.270364118820913
P364N,-0.194846798630677
P364Q,-0.904384843645363
P364R,-0.672005511662211
P364S,2.38300515037193
P364T,-0.664049165940128
P364V,0.435838186310367
P364W,-0.809293214671032
P364Y,-1.5770846417592
P365A,0.436154584582193
P365C,1.25194257386124
P365D,0.516670540437536
P365E,13.0810014567397
P365F,0.626062222260766
P365G,-0.183175231775561
P365H,0.853099677327839
P365I,-0.561170285805931
P365K,1.15246859564123
P365L,0.25418935977053
P365M,-0.744905338071573
P365N,-0.154675292009502
P365Q,1.38191830027943
P365R,0.618908105565935
P365S,-0.139291200548362
P365T,-0.267291227393424
P365V,-0.0603870596447966
P365W,-0.00897894996737412
P365Y,-2.21597155525168
T366A,1.11483598920854
T366C,0.0704824768548668
T366D,0.928208673994506
T366E,1.37846956075069
T366F,-0.756625039468052
T366G,0.749210516770439
T366H,0.158862578805178
T366I,0.385288045044978
T366K,1.06580017278229
T366L,-0.417047654894051
T366M,-0.927420389616471
T366N,1.64721904927382
T366P,0.401509411416376
T366Q,-0.409025220765871
T366R,1.42990552186123
T366S,0.440697589394191
T366V,-0.770943752447757
T366W,-0.555354482443421
T366Y,-0.871162903358883
E367C,3.75923579951923
E367D,1.82054466417806
E367F,0.343968477039583
E367G,-0.186721571213658
E367I,0.730337475108406
E367K,0.669455838965822
E367M,4.5882851780762
E367N,-0.654321029744165
E367R,3.42967735684014
E367S,0.834180217009779
E367T,0.883399327832451
E367V,1.3637544385328
E367W,1.13116091525817
E367Y,0.567854717395588
P368A,0.59134430756929
P368C,0.265508977757384
P368E,0.254799229017372
P368F,-0.866953454727269
P368G,0.697294035876745
P368H,-0.107261589092187
P368K,1.0021097379375
P368M,0.269307120909548
P368N,0.86673534095178
P368Q,0.976662147248645
P368R,1.00338580360216
P368S,0.0718903648178574
P368T,1.5518133421474
P368V,-0.597806645508947
P368W,-0.852388417717994
P368Y,0.501190096766155
K369A,-0.0920729134898151
K369C,-1.63151257555753
K369D,1.2177827118222
K369E,0.0567972646349966
K369F,-2.85817011721104
K369H,0.885588756352606
K369I,-2.09122290231758
K369L,0.151111132253993
K369M,0.267246397120108
K369N,0.478787805026523
K369P,-0.711264810134448
K369Q,-1.63939038410097
K369R,0.702183116765151
K369S,0.561037949131771
K369T,-4.21235578568499
K369V,-0.448804182073847
K369W,-0.777367867336239
K369Y,2.60101099968959
K370A,-0.310206523607965
K370C,0.616486303582465
K370D,0.53478697861554
K370E,0.190909109661558
K370F,-1.3552682535532
K370G,-0.120068987983607
K370H,-0.366207613543242
K370I,-0.158433375335277
K370L,-0.558930131757067
K370M,0.182171361793662
K370N,-0.372352297966849
K370P,-0.601400759529829
K370Q,-0.390757713265801
K370R,0.155427531658205
K370S,-0.566927310066242
K370T,0.78573438101872
K370V,-0.69279924786179
K370W,-1.10228027375832
K370Y,-0.293864642165312
D371A,0.519303083441351
D371C,0.78515211158127
D371E,1.1305579913868
D371F,0.881284153179012
D371G,-4.61351698437017
D371H,0.190230687416546
D371I,0.158382175523797
D371K,0.634734337033148
D371L,0.816725569820228
D371M,0.729142503777466
D371N,-0.764694432608521
D371P,0.331277938112739
D371Q,0.645717190038472
D371R,1.70031639858028
D371S,1.22017733088405
D371T,0.398852764976075
D371V,-0.0559521240677464
D371Y,0.614031405090314
K372A,-1.2548517127738
K372C,-0.240889055152645
K372D,5.04552832894714
K372E,-0.789033757064725
K372F,0.556767554782835
K372G,-2.08650165136153
K372H,0.0831262060320196
K372I,-2.23998406002437
K372L,0.0502692419050336
K372M,0.600937491740108
K372N,0.105373100849811
K372P,-0.272334118418656
K372Q,-1.35319926721252
K372R,0.219845414268186
K372S,-0.966266949550628
K372T,0.0506577797351787
K372V,-0.060986144812931
K372W,3.20707296146007
K372Y,0.35278132644298
K373A,0.0923455479674079
K373C,0.922073193053199
K373D,1.71193274759723
K373E,-1.2396742285226
K373F,1.20668154946552
K373G,-1.43916427153912
K373H,0.248190238657353
K373I,-0.663108221911275
K373L,0.479418951949629
K373M,-1.14383912535213
K373N,-0.353031755688817
K373P,-0.270070544707679
K373Q,0.0284019799140951
K373R,0.149169534692654
K373S,-2.95086555283476
K373T,0.112957527073392
K373V,0.287668014140301
K373W,0.94987830400632
K374A,0.876285061983259
K374C,-0.341227001086809
K374D,-1.11296440465329
K374E,0.945341305912001
K374F,4.68515367169439
K374G,-0.599369127913077
K374H,0.0217377592042993
K374L,-0.582077962394682
K374M,2.54438394414128
K374N,0.0251470730737222
K374P,-0.763279658868425
K374Q,-0.470200949842409
K374R,-0.102854121216532
K374S,13.0810014567397
K374T,-2.43933299088409
K374V,0.170983150127027
K374W,0.645569819797801
K374Y,7.79251774961764
K375A,-0.41986436194865
K375C,0.506402470956769
K375D,0.108841360505978
K375E,-0.311620102571901
K375F,0.83316741266038
K375G,0.128406818434066
K375H,-0.833207403929093
K375I,-0.0817949536156329
K375L,-0.729149215416935
K375M,-1.04250184309323
K375N,13.0810014567397
K375P,0.133326840600931
K375Q,-0.817499846088979
K375R,0.542387130130891
K375S,0.367186193531542
K375T,0.802686527829801
K375V,-0.137353825466609
K375W,-0.427142618376088
K375Y,-1.03340828076439
A376C,0.83979512485229
A376D,0.294618026580426
A376E,1.0102318034947
A376F,2.02152413815618
A376G,-0.950769057033298
A376H,1.16987361884621
A376I,0.959772424925707
A376K,-0.00476200997242702
A376L,-1.26629606629557
A376M,-0.0656783316573754
A376N,0.428584662935207
A376P,-1.27403187999564
A376Q,-0.30981745714942
A376R,-2.40256285000595
A376S,-0.0745645257383797
A376T,-0.272134744329879
A376V,-0.208383530115328
A376W,-1.22226378668041
A376Y,-0.0417239443887238
D377A,-0.131360969664313
D377C,0.923670861857867
D377E,-0.804950863958081
D377F,-1.80443908642541
D377G,0.296569489620824
D377H,0.156388609893391
D377I,0.983967679929626
D377K,0.856652667514538
D377L,2.59273398277301
D377M,-0.678437866650295
D377N,-0.0821796037175176
D377P,1.01134279712548
D377Q,0.559630972530707
D377R,2.71727462898375
D377S,2.18640871550835
D377T,7.11374641302193
D377V,1.7247239120745
D377W,-0.51277845487221
D377Y,2.73709661500331
E378A,-0.760795493394515
E378C,0.971232653729296
E378D,-0.300686659769975
E378F,1.09301682390703
E378G,1.26825749798967
E378H,-0.0814406748698873
E378I,0.497658744005285
E378K,1.5099059582921
E378L,1.11048482914753
E378M,-0.57299492805179
E378N,0.0952756639564138
E378P,-1.57050947289917
E378Q,0.228688286946896
E378R,1.94793539271133
E378S,0.416167617667772
E378T,-0.33235103796044
E378V,1.7927781048964
E378W,0.15987400653016
E378Y,0.23392207029566
T379A,7.87488367057504
T379C,1.10557075745216
T379D,0.660750546994186
T379E,-0.690975953127878
T379F,2.13644352705613
T379G,0.415696981886287
T379H,2.14834572594184
T379I,-0.624654143235503
T379K,0.590621571734328
T379L,-0.080306480377081
T379M,2.29703379565734
T379N,0.564703465630465
T379P,-1.50774333631543
T379Q,0.0537415718751444
T379R,1.73747312569724
T379S,0.45270634703208
T379V,-0.616731749713811
T379W,-1.18651779661828
T379Y,0.395823865726688
Q380A,0.445566070964828
Q380C,-0.939011091117848
Q380D,0.998998366426665
Q380F,-0.414958722503217
Q380G,-0.154937631238744
Q380H,0.0144705900159493
Q380I,-1.76311142836671
Q380K,0.798547335461471
Q380L,0.56958362031488
Q380M,2.35078539746648
Q380P,-1.90221077412478
Q380R,0.168003226117662
Q380S,-0.150243648297894
Q380T,-0.645334056800425
Q380V,-0.448957660508664
Q380W,-0.545917459399678
Q380Y,1.6622989069097
A381C,1.05091500228275
A381D,-0.227411265559703
A381E,0.166593204234651
A381F,0.681644906873538
A381G,0.536199085091038
A381H,-0.674756115605829
A381I,-2.25772521382275
A381K,1.88262918044687
A381L,-0.772927220588571
A381M,-1.39982148942131
A381N,0.292852592067878
A381P,0.764222925274804
A381Q,-1.01421176379945
A381R,-2.12128324991887
A381S,0.031420096579236
A381T,3.41481869494343
A381V,1.89127532175426
A381W,0.336764744773228
A381Y,1.28792022800557
L382A,0.847546455390178
L382C,0.448101222493336
L382D,0.329467867347627
L382E,-0.794989501688478
L382F,-0.675722133008542
L382G,2.2141416905095
L382I,3.91544133002809
L382K,-1.22606272707876
L382M,-0.471946551483957
L382N,-0.631324088835463
L382P,0.227994638852099
L382Q,-2.29605806210918
L382R,-0.426420432809854
L382S,1.32293591874977
L382T,-0.339183050118085
L382V,0.215094239193332
L382W,-2.12082255074623
L382Y,1.10039541059817
P383A,-0.080306480377081
P383D,0.701326160222194
P383E,1.47281666681228
P383F,1.85493838192969
P383G,-0.886899095796924
P383H,1.88243870617586
P383I,1.45818035383432
P383K,-1.44796907995503
P383L,1.76572949394395
P383M,-2.28359766452106
P383N,1.43494295928418
P383Q,0.651209345323117
P383R,1.01049366511393
P383S,-0.68455085126857
P383T,-1.34987059540478
P383V,1.2881122893769
P383W,1.05906312596107
P383Y,5.17807731414236
Q384A,0.367855312407127
Q384C,0.896449152154097
Q384D,0.448628665003225
Q384E,0.937204031360745
Q384F,0.981293379697746
Q384G,0.830103895258219
Q384H,1.68024462483819
Q384I,4.42925212490898
Q384K,1.68557235036216
Q384L,-0.233559949231115
Q384M,-0.555884215112434
Q384N,1.04205752251493
Q384P,0.464950712145706
Q384R,0.716746443864469
Q384S,0.0231743249717155
Q384T,-0.504575564195838
Q384V,0.418549203071119
Q384W,-0.621257755090318
Q384Y,1.06778294437651
R385A,-0.471132257973589
R385C,-0.777367867336239
R385D,0.0684166871604179
R385E,-0.150142161007464
R385F,-1.24774693688535
R385G,0.00420732112652598
R385H,0.65402699121607
R385I,0.0198770531004698
R385K,-0.110000443556006
R385L,-0.455097402329711
R385M,-0.743989469612448
R385N,-0.240397144075538
R385P,0.163506860059656
R385Q,0.784957841177559
R385S,-0.398319800744826
R385T,-0.100485440547583
R385V,-0.913660384037979
R385W,4.04990321558501
R385Y,-0.768900829619558
Q386A,0.666577264835398
Q386C,1.6299366864985
Q386D,-0.0922574318426743
Q386E,-0.166275576468871
Q386F,0.13934614724344
Q386G,-1.0861138646078
Q386H,0.448378803349815
Q386I,-0.388255245943006
Q386K,1.48180674916375
Q386L,1.25776417355444
Q386M,0.38638136158596
Q386N,0.172411871869325
Q386P,-0.27505012752874
Q386R,0.493657127061336
Q386S,1.68741719830775
Q386T,0.692112734197653
Q386V,-0.50069985198511
Q386W,-0.19237033328592
Q386Y,0.760426404623262
K387A,0.115328383262964
K387C,-1.45496501574589
K387D,0.422973456187438
K387E,-0.0670410216548297
K387F,-0.0239571050782954
K387G,-0.707226967016833
K387H,2.41076605905191
K387I,0.503653593033522
K387L,-1.38238154161464
K387M,-1.11454861061
K387N,-0.997725772190586
K387P,-2.13153982043365
K387Q,0.269853811415109
K387R,-0.268304103057627
K387S,-0.939011091117848
K387T,-0.258217947199129
K387V,-0.509031073008106
K387W,-1.35985338638981
K387Y,1.78262572705594
K388A,1.76383661404907
K388C,0.0761328574716266
K388D,0.228116257701039
K388E,0.158179832186285
K388F,-0.269255662357785
K388G,-1.13295950730324
K388H,-1.22386727984135
K388I,1.92639181387895
K388L,0.340302654050655
K388M,0.617323595069759
K388N,-0.623957288759283
K388P,0.287012840562923
K388Q,-0.890997772908712
K388R,-1.71047843743275
K388S,-2.85817011721104
K388T,-0.470880200266261
K388V,0.266302247511921
K388W,0.260091889750091
K388Y,-1.6613361170194
Q389A,-0.23952091396883
Q389C,1.53275568429403
Q389D,0.131706643357938
Q389E,0.45599309081251
Q389F,-1.19884664209657
Q389G,1.14894565572542
Q389H,-1.01789981279899
Q389I,0.579033777273268
Q389K,1.27156027495363
Q389L,-2.34234784709066
Q389M,-0.323365137031531
Q389N,0.484871157542956
Q389P,-0.543887826098676
Q389R,0.271777962021886
Q389S,1.8357543726598
Q389T,-1.18344447099525
Q389V,-1.22531791223764
Q389W,0.501354910217972
Q389Y,-1.23605282872621
Q390A,0.473925527520808
Q390C,0.365532466448039
Q390D,0.219857029248402
Q390E,-1.1717064343837
Q390F,-0.00783378759266279
Q390G,-0.42935171063537
Q390H,1.85866769945816
Q390I,-1.0624192958528
Q390K,-1.1535280202351
Q390L,0.13394010747278
Q390M,1.23624762086005
Q390N,0.342008671283831
Q390P,2.3781172691571
Q390R,2.70165520617404
Q390S,0.425167342149412
Q390T,-1.19384369886282
Q390V,-1.80177977863213
Q390W,0.55441018942239
Q390Y,-0.551700139238548
T391A,1.34975626076791
T391C,0.140684610154067
T391D,0.152230524104455
T391E,-1.22509139284843
T391F,-0.285823236800581
T391G,0.439380137196709
T391H,-3.22060060402384
T391I,-2.51738708968519
T391K,0.65344568324965
T391L,-0.508049228925275
T391M,1.00242146116183
T391N,0.886411798540661
T391P,1.13298230847849
T391Q,1.94519863530119
T391R,0.00817494423413379
T391S,-1.11882658567832
T391V,0.962676615107822
T391W,-0.733256305713297
T391Y,-0.361834968952039
V392A,-0.311626696400639
V392C,-0.269619490339179
V392D,0.936443053776565
V392E,0.644602570824676
V392F,-1.33482430462591
V392G,-0.726424197782583
V392H,-0.95466347499299
V392I,-0.398164039782303
V392K,1.26025544815974
V392L,2.7374214067533
V392M,0.718021914268567
V392N,1.02695536985285
V392P,-0.756625039468052
V392Q,-0.0942340807359733
V392R,1.2541245968961
V392S,0.592434165268674
V392T,-1.06162867034362
V392W,1.9730629331177
V392Y,1.98318714566405
T393A,2.81476845942379
T393C,-0.721786939807966
T393D,3.03342544383547
T393E,-0.564780314903383
T393F,4.88818145499271
T393G,1.00210621898506
T393H,2.99607041330953
T393I,-2.33462970207643
T393K,0.597372404803744
T393L,2.52309646640296
T393M,-0.517715772692721
T393N,2.11564496972735
T393P,-0.212269500338098
T393Q,-0.24982348034491
T393R,0.0733074454592437
T393S,1.8361341878629
T393V,-0.317420224629278
T393W,-1.41498885617156
T393Y,-0.335708616542463
L394A,2.9152640629021
L394C,-1.28061036885874
L394D,-0.645403116679229
L394E,0.470767249778274
L394F,0.0945039330235595
L394G,1.01234636125683
L394H,1.50710012919458
L394I,0.875421942860719
L394K,0.388848551683997
L394M,0.157080255624218
L394N,-0.716283643324007
L394P,-0.557868887458773
L394Q,2.22031460704867
L394R,-0.158010410118104
L394S,0.175248783751828
L394T,0.684055855469594
L394V,1.44093309597658
L394W,0.262458737619906
L394Y,0.29224778919156
L395A,0.543998836519723
L395C,0.795405218468218
L395D,-0.48974139756706
L395E,-0.37485623888729
L395F,-0.684539452373853
L395G,-0.846938498616491
L395H,0.686765347676835
L395I,1.66939395994713
L395K,0.956650211849373
L395M,-1.28456894449357
L395N,-0.17956156332852
L395P,0.514950338408276
L395Q,-0.715148321614037
L395R,0.0241053914770734
L395S,1.11907063537011
L395T,-0.150032234506432
L395V,-0.85928082110844
L395W,-0.476364003407835
L395Y,0.689696799722729
P396A,0.257593465829641
P396C,-0.0619871675215087
P396D,-0.355805790877949
P396E,1.38100697394671
P396F,0.350345314778657
P396G,-0.398780724884202
P396H,1.7795495724245
P396I,1.68329934491789
P396K,1.1869790824099
P396L,0.107575215678343
P396M,1.03835533887011
P396N,0.723319786022672
P396Q,0.665074785051146
P396R,1.3517821683672
P396S,-0.036063917146527
P396T,-0.14437508192269
P396V,0.0519433109333747
P396W,2.02782562463898
P396Y,-0.178717998280566
A397C,0.24375730743074
A397D,-0.476491688309816
A397E,-0.286628021081319
A397F,2.16430387667146
A397G,-0.484687726601695
A397H,0.931444685814629
A397I,1.80167288033624
A397K,0.286173551128066
A397L,0.0167957210662011
A397M,-0.319315022349872
A397N,0.0721214900509481
A397P,-0.746809322515478
A397Q,-1.02447440853828
A397R,0.039624091507964
A397S,1.26613132110242
A397T,3.59930980910877
A397V,-0.61028818510176
A397W,-0.65366452876528
A397Y,-1.36282220459116
A398C,-0.554101599376596
A398D,1.69652652251372
A398E,0.25232464846842
A398F,1.05866432653845
A398G,0.234392348755425
A398H,-0.338176003088131
A398I,2.06769780216644
A398K,-0.715756637962862
A398L,0.23128765531579
A398M,-0.248434308992815
A398N,-0.126466843149459
A398P,-1.3364650360286
A398Q,-0.205355249613166
A398R,0.220462813650469
A398S,0.592227163341411
A398T,1.47521368284789
A398V,0.035204569928521
A398W,-0.302847352114651
A398Y,-0.614282462279261
D399A,0.686135030376942
D399C,-1.42347058645414
D399E,-0.3457773905434
D399F,0.881838026780366
D399G,0.16142238672812
D399H,-0.403318482146125
D399I,0.134964825523553
D399K,0.108154306225953
D399L,-0.606968575673091
D399M,-0.565482511507438
D399N,-0.10612136989211
D399P,0.887175571624193
D399Q,-0.360374715459052
D399R,1.29525187369246
D399S,0.249670098501384
D399T,-1.13297287626203
D399V,0.556063428465248
D399W,0.129248807973861
D399Y,0.304669912759409
L400A,0.29135083643238
L400C,1.82996116374716
L400D,-1.41814691198096
L400E,0.347777931710617
L400F,-0.0513260144014088
L400G,0.252556345841176
L400H,-1.15240990299285
L400I,-0.305896566427468
L400K,-0.16565418860193
L400M,-1.84249742686168
L400N,2.21168451880279
L400P,-2.51738708968519
L400Q,2.37646779459232
L400R,-0.0204998677200634
L400S,0.556556669516059
L400T,-0.2079121420042
L400V,0.718944666332383
L400W,1.88900951911635
L400Y,0.631292767627074
D401A,0.138373567693032
D401C,-0.512287961063258
D401E,-0.660550878264098
D401F,0.897528065357652
D401G,-1.74670273950036
D401H,0.950013452607113
D401I,0.378602083577661
D401K,0.266731405739463
D401L,0.228714346909639
D401M,-0.282245063343967
D401N,-1.51625703999141
D401P,-0.296821868353309
D401Q,-0.0700816062961419
D401R,0.942685463596008
D401S,1.04960897578813
D401T,0.0505723873212744
D401V,-0.0493669184409829
D401W,0.535870513525614
D401Y,-0.444667590308864
D402A,5.35665967844305
D402C,1.13321265656445
D402E,-0.188293779773174
D402F,0.352686951605123
D402G,0.214215831698175
D402H,-0.142549360028903
D402I,0.214499521386587
D402K,0.919887029400994
D402L,-0.283832756191251
D402M,0.731549061094167
D402N,-0.570221807232007
D402P,1.83750125558679
D402Q,0.0103455963639229
D402R,-1.1724141039088
D402S,-1.66201105447089
D402T,-0.858876095713897
D402V,0.881187794374605
D402W,2.82181483828795
D402Y,-0.556420897104226
F403A,0.0461829297215394
F403C,-0.602395915127327
F403D,0.47395569972665
F403E,3.88309105146291
F403G,0.480199450454095
F403H,2.7459825400177
F403I,-1.77033898124563
F403K,0.46710273330473
F403L,1.09629037884969
F403M,-1.50341808072462
F403N,0.265059693220887
F403P,-1.71822907054328
F403Q,-0.752590844037859
F403R,1.71839936216177
F403S,-1.49042374394191
F403T,-0.271117461637022
F403V,0.780199336185557
F403W,-1.84399951952947
F403Y,-0.290156276151896
S404A,0.219975346366192
S404C,0.272944256989366
S404D,0.702994632545658
S404E,-0.163525935474372
S404F,2.26279147628226
S404G,-2.19306147543461
S404H,0.356514371787009
S404I,0.366104117855781
S404K,0.0657887621806674
S404L,-0.566260978322946
S404M,-0.0282657730400716
S404N,-0.88091827950394
S404P,-0.525702839584668
S404Q,0.432480702624916
S404R,-0.207691979643244
S404T,-0.526802428372799
S404V,2.45230212868836
S404W,0.262195260008583
S404Y,-2.44019662290019
K405A,-0.0515069255677098
K405C,0.0079418171381327
K405D,-0.810080197230691
K405E,1.37718235141674
K405F,0.448556765399599
K405G,-0.274955104108318
K405H,0.494091008336435
K405I,-1.66357543210028
K405L,-1.20614826634105
K405M,-0.0430400042647731
K405N,0.572686598471984
K405P,-0.600846674537159
K405Q,-1.95293115911623
K405R,-1.81527198084621
K405S,0.173748272077643
K405T,-0.579988384080552
K405V,0.35754852750658
K405W,-0.111320993778927
K405Y,-0.0268154259122007
Q406A,-0.98367551247194
Q406C,3.32854148147186
Q406D,-0.907148597114727
Q406E,-1.30944594594039
Q406F,0.542677490654224
Q406G,-0.747013797233746
Q406H,-0.502892452085561
Q406I,-0.661194597197334
Q406K,-1.0341571380223
Q406L,-0.510358615999076
Q406M,-0.193351967986031
Q406N,-0.845924053872153
Q406P,1.44093174095208
Q406R,-1.37335160042303
Q406S,0.620817223722253
Q406T,1.41105167037941
Q406V,0.476313483383077
Q406W,0.945940323522359
Q406Y,-0.566795309889503
L407A,-0.559907263790414
L407C,-0.975498109692497
L407D,0.717732225188584
L407E,2.24885618880629
L407F,-1.91929181725709
L407G,2.35982766025276
L407H,0.948282819440702
L407I,-0.246152973522657
L407K,2.0115821581794
L407M,0.584977036451024
L407N,0.285371071224899
L407P,0.515628599748035
L407Q,-0.595964865759722
L407R,-0.529306944640282
L407S,0.07136577414987
L407T,0.433613099672455
L407V,0.475373458029889
L407W,-0.35160141853099
L407Y,-0.652112525715741
Q408A,-0.65035303676407
Q408C,1.71398507483437
Q408D,-0.335302679510859
Q408E,1.23051600609361
Q408F,-0.080306480377081
Q408G,1.18736871345509
Q408H,-1.38609782823616
Q408I,-0.672923084219083
Q408K,-0.0330624353966989
Q408L,0.0158569161611097
Q408M,-1.07750974714126
Q408N,-2.47286990827694
Q408P,-0.515687294138769
Q408R,13.0810014567397
Q408S,-0.0565560631489598
Q408T,-0.308339368296813
Q408V,-0.656671301159548
Q408W,-1.22368572924036
Q408Y,-0.447769259362917
Q409C,-0.478555927228358
Q409D,0.31988123306424
Q409E,-0.389141881593085
Q409F,2.54950092642406
Q409G,1.53427433735361
Q409H,0.647105975409703
Q409I,0.186616037069793
Q409K,6.08615160685241
Q409L,0.66191483231701
Q409M,1.39634109302552
Q409N,-0.183107064461208
Q409P,1.43821793881428
Q409R,-0.482569634566187
Q409S,-0.843743764646021
Q409T,-0.275119173553996
Q409V,2.05826792548203
Q409W,-0.135625118688805
Q409Y,0.0872513297344095
S410A,0.0699269570770576
S410C,-0.489330818250219
S410D,1.41244354091435
S410E,0.133398862309847
S410F,-3.03192865976282
S410G,-0.165467114895533
S410H,-1.03661695193588
S410I,1.05236619250243
S410K,-0.00344072152390028
S410L,-0.629571816406998
S410M,-0.284502116126109
S410N,-1.41645945498879
S410P,-1.26307766954148
S410Q,-0.437641584592291
S410R,-0.378710602765779
S410T,-0.189675361112424
S410V,4.9274935171213
S410W,-0.645429230831211
S410Y,2.32852267695485
M411A,-1.08916189894846
M411C,0.725069834331907
M411D,0.860969126295887
M411E,0.392502809161017
M411F,-0.993257861820612
M411G,-0.144589882709375
M411H,0.668782907244548
M411K,1.4053654602031
M411L,0.067875306110038
M411N,0.650949647734332
M411P,-0.630238396179054
M411Q,-1.22361119720555
M411R,0.564672176449259
M411S,-1.14859900028861
M411T,-0.1361490426411
M411V,0.245052839972094
M411W,0.448925423573454
M411Y,1.27244035851613
S412A,2.2054425622029
S412C,-0.626018143979627
S412D,-0.377784770336742
S412E,-0.262130075130457
S412F,1.22365836840391
S412G,1.77741723592846
S412H,-0.362888840790573
S412I,0.498975719651415
S412K,1.09792773662948
S412L,0.273002786322008
S412M,-0.0969339532844365
S412N,1.83217513207487
S412P,-1.9277021379206
S412Q,4.17895930695239
S412R,-0.687528486730494
S412T,1.54576753736104
S412V,0.907680670628052
S412W,-1.62890796300059
S412Y,0.276946067073745
S413A,2.41950361838225
S413C,0.0422715763388863
S413D,0.874382675832685
S413E,2.78849463654752
S413F,1.1387387173417
S413G,0.449105490713933
S413H,0.901657871564409
S413I,13.0810014567397
S413K,-0.722344276093617
S413L,0.0252285979032579
S413M,1.09124623265569
S413N,-0.700206049459488
S413P,-0.858911301674482
S413Q,1.52041677769094
S413R,0.514476562459309
S413T,-0.892455881723128
S413V,-1.55528062875203
S413W,0.719797837584147
S413Y,-0.100275904267214
A414C,-0.0331472658093107
A414D,1.2054641798378
A414E,-0.635557798412391
A414F,0.702569308834195
A414G,0.102265939986926
A414H,-0.817684491049716
A414I,0.144542922756667
A414K,0.635314924365446
A414L,0.305636328794344
A414M,1.52648074673626
A414N,-1.2415617426149
A414P,0.604257855763326
A414Q,-0.0506609983286486
A414R,-0.100153745710249
A414S,-0.336731660326189
A414T,0.243323958082517
A414V,0.623561825270808
A414W,-1.29780015188239
A414Y,-0.0963070636564732
D415A,-1.78172057493714
D415C,0.261650442406446
D415E,-1.51341133485165
D415G,-0.0094463421491718
D415H,-0.649982510848589
D415I,-0.242554778935142
D415K,0.0429850101797376
D415L,-1.38609782823616
D415M,1.46105119575175
D415N,0.551868778086291
D415P,0.863852367541988
D415Q,2.77970031136533
D415R,0.671850977945411
D415S,-0.876415811264809
D415T,1.512267223755
D415V,-0.474851346496144
D415W,-3.12245280937054
D415Y,-1.97856854004717
S416A,-0.797496227935723
S416C,-1.40847205047842
S416D,0.6042962946444
S416E,1.26929181396958
S416F,0.625172248854382
S416G,-0.177712691416182
S416H,0.578243069968582
S416I,-0.260153188114285
S416K,1.1506281113245
S416M,0.932792305748676
S416N,-0.03010004921846
S416P,-0.876748153788291
S416Q,0.36057418367515
S416R,0.966528389984597
S416T,0.496741094766022
S416V,2.47869505709082
S416W,-0.0896367332697191
S416Y,2.00061215083663
T417A,-0.0343664417773701
T417C,0.0470430382928385
T417D,-0.331266367100618
T417E,-1.17988394128161
T417F,-0.350746945823017
T417G,-1.18325636903075
T417H,2.78991433319694
T417I,-0.604653798667318
T417K,-0.182961817954427
T417L,-0.275422890987065
T417M,1.29263258160592
T417N,0.578369699443738
T417P,1.13093897148239
T417Q,-2.33466828796612
T417R,1.19762282251539
T417S,0.790217960090662
T417V,0.546186891240344
T417W,0.845621563515947
T417Y,0.355674122596969
Q418A,0.208805922132204
Q418C,-2.2200428094617
Q418D,-1.09571688643548
Q418E,-0.431010648937866
Q418F,-2.49685408249997
Q418G,0.0877478830886142
Q418H,-1.99060827377486
Q418I,-0.214465319156426
Q418K,-0.51677689041416
Q418L,0.888769469782385
Q418M,0.194796732098259
Q418N,-0.566129123939709
Q418P,2.99947896898482
Q418R,0.285315753393264
Q418S,-0.70821692158335
Q418T,-1.27422570077904
Q418V,0.0382131217886503
Q418W,-0.171491378580392
Q418Y,-1.20614826634105
A419D,-0.0921543707911273
A419E,-0.886493679998068
A419F,0.391659489787162
A419G,0.313632908551058
A419H,-0.0732702940714549
A419I,-0.580783649229601
A419K,0.957157719939816
A419L,-0.0162781455710383
A419M,0.669666533422884
A419N,-0.138490258984455
A419P,0.250756641284079
A419Q,0.12969579879997
A419R,0.093716479481142
A419S,-0.211412812131785
A419T,-0.707839405899914
A419V,-0.414385859932566
A419W,-0.79712325058933
A419Y,-0.996284112119142
