Mutation,Escape_Score
S2C,0.074076943996652
S2F,0.675305178823636
S2H,0.164877483260588
S2I,0.58906490292919
S2N,0.356401832502686
S2P,0.316187130933632
S2T,0.126146875898083
S2Y,0.126080116235496
D3A,0.734655152525526
D3C,0.246536666995799
D3E,0.116361641736379
D3F,0.474880271477419
D3G,0.0383889542755927
D3H,0.34726834259268
D3I,1
D3K,0.206758299034347
D3L,0.4783897253203
D3M,0.35505743476507
D3N,0.308347307646124
D3P,0.77738119330377
D3Q,0.0846249153615737
D3R,0.0785527403413241
D3S,0.162211408804834
D3T,0.286620274426167
D3V,0.195795636373151
D3W,0.324900410425477
D3Y,1
N4A,0.053522282004507
N4C,0.202012339511099
N4D,0.0623879007371156
N4E,0.0477921866215146
N4F,0.116425097279488
N4G,0.171150996673457
N4H,0.129711529505495
N4I,0.0344865689303374
N4K,0.282847063826103
N4L,0.0466494641888943
N4M,0.134689889291768
N4P,0.02679920436861
N4Q,0.130228267068698
N4R,0.19603341183591
N4S,0.0603804856826721
N4T,0.041292325453758
N4V,0.121130967091585
N4W,0.281322916463356
N4Y,0.305176718657841
G5A,0.421299186973469
G5C,0.418225624437946
G5D,0
G5E,0.164330415974483
G5F,0.121473309806171
G5H,0.104924017455911
G5I,0.0914512077112295
G5K,0.253277527268755
G5L,0.0279327774502538
G5M,0.371983215815529
G5N,0.29733871784128
G5P,0.176470370945718
G5Q,0.148616196842751
G5R,0.511941475244789
G5S,0.285381368240474
G5T,0.115609111121396
G5V,0.166158220934538
G5W,0.157057450881155
G5Y,0.255354335858818
P6A,0.0809220805372341
P6C,0.101277316128522
P6D,0.121418698912677
P6E,0.0659572281483357
P6F,0.159740698414868
P6G,0.153991117216241
P6H,0.240456053068772
P6I,0.0927932956078799
P6K,0.292282811234679
P6L,0.222456370971019
P6M,0.192846334716835
P6N,0.219503196078912
P6Q,0.115449235912045
P6R,0.274317426358515
P6S,0.168489935804579
P6T,0.054398546859235
P6V,0.244639021867764
P6W,0.0981909254266551
P6Y,0.199848703639324
Q7A,0.0393852551572738
Q7C,0.167181918805546
Q7D,0.0132601368197102
Q7E,0.0333711816484996
Q7F,0.140053106444852
Q7G,0.103318136311003
Q7H,0.16125708587454
Q7I,0.114248437895721
Q7K,0.289919021495038
Q7L,0.0861298666990342
Q7M,0.115116696341012
Q7N,0.214731043095203
Q7P,0.0494735892584488
Q7R,0.187405877221177
Q7S,0.0492067968505364
Q7T,0.205013926109725
Q7V,0.090140280082926
Q7W,0.0705643260693251
Q7Y,0.0935112746623046
N8A,0.139426183267322
N8C,0.243681083746078
N8D,0.220616206916059
N8E,0.0794682734455354
N8F,0.0667405571159518
N8G,0.0226526376472428
N8H,0.00675345960584541
N8I,0.0855822673995079
N8K,0.332972772383337
N8L,0.198486858927816
N8M,0.107778351539094
N8P,0.0421604828000164
N8Q,0.255950064947165
N8R,0.0848325526827764
N8S,0.0686445453254946
N8T,0.118678547971908
N8V,0.210959890088433
N8W,0.109176505005152
N8Y,0.0958637970207174
Q9A,0.0412189289161013
Q9C,0.478586917009113
Q9D,0.27134435030899
Q9E,0.145887013433424
Q9F,0.79909310419564
Q9G,0.144073357857919
Q9H,0.0181218888314777
Q9I,0.231976061320473
Q9K,0.166603687848102
Q9L,0.133824508126816
Q9M,0.0966111000590691
Q9N,0.022436220712365
Q9P,0.166652840671777
Q9R,0.092915294499748
Q9S,0.0519798839617871
Q9T,0.0112053173722183
Q9V,0.106856806416419
Q9W,0.648816253556283
Q9Y,0.562558866407782
R10A,0.0832953415971848
R10C,0.496209916099773
R10D,0.0560067950625976
R10E,0.0766587021858861
R10F,0.205652050024026
R10G,0.0434515628604878
R10H,0.0644698785613445
R10I,0.0950234762193437
R10K,0.0571768281266536
R10L,0.0484323551649917
R10M,0.174767384222674
R10N,0.103793410661209
R10P,0.602885342831647
R10Q,0.163742832819774
R10S,0.130325146107649
R10T,0.0526690554753105
R10V,0.230425005845092
R10W,0.0349232289247723
R10Y,0.140247923574001
N11A,0.252478815026404
N11C,0.230583883142519
N11D,0.00447206195012489
N11E,0.117465664767039
N11F,0.247874245676487
N11G,0.128124858032451
N11H,0.383764206086502
N11I,0.0225780331519973
N11K,0.123319355804659
N11L,0.559641293627902
N11M,0.259670788569069
N11P,0.358563047065706
N11Q,0.110848211684526
N11R,0.332578653885033
N11S,0.0983572423035993
N11T,0.248512305807098
N11V,0.427893205625236
N11W,0.194137244837519
N11Y,0.12009095145988
A12C,0.318100953299132
A12D,0.422057716513243
A12E,0.138931324819617
A12F,0.154717859395678
A12G,0.170980285362502
A12H,0.680514792641155
A12I,0.160501810637474
A12K,0.198845021160478
A12L,0.190651509743185
A12M,0.149618422618866
A12N,0.0935881036935632
A12P,0.150295955204143
A12Q,0.0348715436094663
A12R,0.060604983515198
A12S,0.0902520846474787
A12T,0.148585660689012
A12V,0.285560651750704
A12W,0.431507649758181
A12Y,0.194089105856702
P13A,0
P13C,0.168507680693225
P13D,0.233922359096186
P13E,0.0413063848086963
P13F,0.395068266595092
P13G,0.0705597886707609
P13H,0.344808700166804
P13I,0.326014222867361
P13K,0.636193925308533
P13L,0.279912817002616
P13M,0.106604586410202
P13N,0.142930209580409
P13Q,0.234729387945612
P13R,0.0952279711857105
P13S,0.269275415277571
P13T,0.0461310083616556
P13V,0.0830348911865195
P13W,0.341788894971983
P13Y,0.163918279097298
R14A,0.0991468871484724
R14C,0.278594558929592
R14D,0.0527268617108084
R14E,0.313605096266253
R14F,0.0441236723556095
R14G,0.176381418642314
R14H,0.00416357280961082
R14I,0.105499971796162
R14K,0.0849810261150482
R14L,0
R14M,0.0643732730497553
R14N,0.206549667031063
R14P,0.0173459230631757
R14Q,0.00717040812945966
R14S,0.0826639704590682
R14T,0.148629091957445
R14V,0.465956766800775
R14W,0.0719728678626998
R14Y,0.0740549529963208
I15A,0.225665646280906
I15C,0.161597875963606
I15D,0.200145125287682
I15E,0.088417315041933
I15F,0.117829110511986
I15G,0.057605342916971
I15H,0.167583170895858
I15K,0.0342648451933966
I15L,0.0821919844305638
I15M,0.0956030942434038
I15N,0.117829110511986
I15P,0.0643593568450875
I15Q,0.0413124469235811
I15R,0.0752215023788329
I15S,0.0620860164319015
I15T,0.417237311447879
I15V,0.149957993526037
I15W,0.0936675232440789
I15Y,0.0756785699206104
T16A,1
T16C,0.096908210485479
T16D,0.0585107699943136
T16E,0.174866203529983
T16F,0.0906183062584126
T16G,0.136482388800626
T16I,0.0627553936649473
T16K,0.0196992753954792
T16L,0.257228030871795
T16M,0.0585970451087298
T16N,0.0269149895926718
T16R,0.268875623019487
T16S,0.00229117291884684
T16V,0.112404684809099
T16W,0.142239529152637
T16Y,0.211368057518847
F17A,0
F17C,0.198774829262103
F17D,0.073558057429448
F17E,0.793863035931475
F17G,0.00899509347719906
F17H,0.0890039633051913
F17I,0.214854818010279
F17K,0.0958765965241785
F17L,0.01479532447117
F17M,0.19727968341436
F17N,0.221502073471296
F17P,0
F17Q,0.127935706625484
F17R,0.133776554562288
F17S,0.120960020123776
F17T,0.247223105563363
F17V,0.0252641332842853
F17W,0.130416581568883
F17Y,0.137954666614033
G18A,0.0616208775822401
G18C,0.490169099729862
G18D,0.0627030729353264
G18E,0.0466685214726234
G18F,0.140443540885802
G18H,0.181193405590939
G18I,0.408862849903782
G18K,0.153249480368663
G18L,0.453083697674717
G18M,0.116485921524826
G18N,0.201992760877691
G18P,0.328872503685934
G18Q,0.164386210192422
G18R,0.226563116871549
G18S,0.00410861157451508
G18T,0.0657906704819493
G18V,0.279921108526477
G18W,0.100180280827015
G18Y,0.160289686577625
G19A,0.0465836018303201
G19C,0.169137629093792
G19D,0.0316178292965974
G19E,0.148362219149005
G19F,0.0808073656038513
G19H,0.073616309983499
G19I,0.0210553736997364
G19K,0.372969545476207
G19L,0.150907907143654
G19M,0.165806557737782
G19N,0.0911081802228821
G19P,0.0338677279914288
G19Q,0.29437494365654
G19R,0.465122671532922
G19S,0.392726596019166
G19T,0.135575834978239
G19V,0.0257517242796209
G19W,0
G19Y,0.104001231427108
P20A,0.0667090926352224
P20C,0.0842128819612387
P20D,0.0822620448762701
P20E,0.00376864721277717
P20F,0.126514705584497
P20G,0.140944425318844
P20H,0.595390911774347
P20I,0.122518329981981
P20K,0.108102030884714
P20L,0.373056123741129
P20M,0.0494441070579671
P20N,0.161753571827105
P20Q,0.0547650495765399
P20R,0.440924491332468
P20S,0.145290109821391
P20T,0.059061345148907
P20V,0.173642899701874
P20W,0.142107698500278
P20Y,0.130925558302996
S21A,0.151907467060518
S21C,0.181304946697811
S21D,0.0932634217805187
S21E,0.061872223917114
S21F,0.158524040327638
S21G,0.411439129167842
S21H,0.188305041476265
S21I,0.0561775259758076
S21K,0.176040859473276
S21L,0.0497609337155276
S21M,0.0899357732952199
S21N,0.00876663923827844
S21P,0.0298237013086044
S21Q,0.150351160790875
S21R,0.139610438290371
S21T,0.118044717301578
S21V,0.432340464765777
S21W,0.148133292073352
S21Y,0.572182473996255
D22A,0.145083496073889
D22C,0.19394645022266
D22E,0.209819355899332
D22F,0.151488491665825
D22G,0.155979599353405
D22H,0.116440632574218
D22I,0.391883369271761
D22K,0.0631987999215193
D22L,0.432950652329462
D22M,0.5257713297746
D22N,0.14535927651946
D22P,0.107676859369785
D22Q,0.23555571636063
D22R,0.645007838579787
D22S,0.507370582293297
D22T,0.120941577582114
D22V,0.429680713951836
D22W,0.0534018629436882
D22Y,0.239068735341651
S23A,0.139817228479787
S23C,0.0697776697513781
S23D,0.201353543279976
S23E,0.164442824560684
S23F,0.0786445611950252
S23G,0.0715181665794145
S23H,0.0545324808981093
S23I,0.39187183653244
S23K,0.32743501486674
S23L,0.112715059400339
S23M,0.408999526458019
S23N,0
S23P,0.0949771038035194
S23Q,0.0907818485852049
S23R,0.2151236872418
S23T,0.0631200794151385
S23V,0.111380751230236
S23W,0.207947538332563
S23Y,0.105165067450601
T24A,0.0438169488710373
T24C,0.036813199863494
T24D,0.067670118883458
T24E,0.0466445126704677
T24F,0.325842582746503
T24G,0.0356508590779856
T24H,0.412495550631786
T24I,0.0512300480486896
T24K,0.235080829512888
T24L,0.164438291916377
T24M,0.142094641074219
T24N,0.0762136274551709
T24P,0.14472718786673
T24Q,0.0102586330302017
T24R,0.310443233719254
T24S,0.176497161352682
T24V,0.311435246158889
T24W,0.0693578500222247
T24Y,0.0932061495988663
G25A,0.143992739775278
G25C,0.294267519516981
G25D,0.0655755194279407
G25E,0.349823905262268
G25F,0.107949481023928
G25H,0.2629539882863
G25I,0.0741113617735024
G25K,0.246733542116483
G25L,0.0880460047414432
G25M,0.136668995390596
G25N,0.115217513538448
G25P,0.205237624506248
G25Q,0.248123769239346
G25R,0.0959336627731688
G25S,0.0994049223228392
G25T,0.0536620418387278
G25V,0.0745997067396662
G25W,0.309491054220324
G25Y,0.0539929856060367
S26A,0.378473698350664
S26C,0.367392630292031
S26D,0.190672676205035
S26E,0.183526154070588
S26F,0.14044632702845
S26G,0.282789865228767
S26H,0.273589967967683
S26I,0.0274525211493285
S26K,0.16108591943831
S26L,0.258974228757793
S26M,0.0333926855492797
S26N,0.0809774277417826
S26P,0.109022834778806
S26Q,0.311425284181648
S26R,0.0706586428770395
S26T,0.211862114015037
S26V,0.31308533356102
S26W,0.0931656659435401
S26Y,0.166363482222876
N27A,0.220804484249551
N27C,0.383580916304585
N27D,0.0979964879505627
N27E,0.0780046469814209
N27F,0.20976865226196
N27G,0.0349830017714399
N27H,0.187352800239365
N27I,0.07631399954237
N27K,0.0345775188843613
N27L,0.0492176920810786
N27M,0.323944172632079
N27P,0.0121082061415691
N27Q,0.54406699134133
N27R,0.204933963713051
N27S,0.100981477623375
N27T,0.100154743935188
N27V,0.0450975698382048
N27W,0.25201914106919
N27Y,0.238482681202999
Q28A,0.137643580921243
Q28C,0.229523832870158
Q28D,0.034219624099307
Q28E,0.0689199955403442
Q28F,0.0647058242712027
Q28G,0.155346837242171
Q28H,0.129388295403985
Q28I,0.0904445197959808
Q28K,0.540184597963626
Q28L,0.179216026838087
Q28M,0.272438930412661
Q28N,0.215708023038305
Q28P,0.0188667636734493
Q28R,0.154473346974876
Q28S,0.0909089942809824
Q28T,0.194855207489786
Q28V,0.31371115601848
Q28W,0.854766858922601
Q28Y,0.203764627201179
N29A,0.168059624289879
N29C,0.112539742609347
N29D,0.209126299597484
N29E,0.220669358909373
N29F,0.202268086660936
N29G,0.116285718684365
N29H,0.0737276334407514
N29I,0.127435405383448
N29K,0.216615132456379
N29L,0.122586529997447
N29M,0.102379050691279
N29P,0.365633748496186
N29Q,0.127971803251582
N29R,0.524892775658008
N29S,0.129405860266192
N29T,0.0754408070504913
N29V,0.281377681132743
N29W,0.231338805435071
N29Y,0.0891368400940048
G30A,0.0741952420015505
G30C,0.129151324577088
G30D,0.257450271570275
G30E,0.124910064407864
G30F,0.294572776279965
G30H,0.0757239712985617
G30I,0.0804845881294204
G30K,0.146072118680508
G30L,0.0745264189770954
G30M,0.239354820569446
G30N,0.0593478282184138
G30P,0.0786852070198086
G30Q,0.108902662745927
G30R,0.301698135470218
G30S,0.407687282797733
G30T,0.0852858323705805
G30V,0.0785527403413241
G30W,0.382206058430166
G30Y,0.178008986231832
E31A,0.0509697259804292
E31C,0.900738089247183
E31D,0.147230468397597
E31F,0.713846343616355
E31G,0.0406521526286174
E31H,0.52065535333671
E31I,0.339357238752048
E31K,0.094968390146173
E31L,0.0267392744553385
E31M,0.131029882229097
E31N,0.258006034343549
E31P,0.10557488301874
E31Q,0.265440303239894
E31R,0.307643851240298
E31S,0.183712471480303
E31T,0.0184777162672814
E31V,0.026302727535104
E31W,0.877239234527856
E31Y,0.132320864879591
R32A,0.0682825940776174
R32C,0.165848007431434
R32D,0.130929672267267
R32E,0.100929504276457
R32F,0.0698848517519366
R32G,0.336882841870589
R32H,0.132115398660825
R32I,0.024109894953109
R32K,0
R32L,0.363583972432267
R32M,0.0487867366513491
R32N,0.0647495431567464
R32Q,0.143580419903392
R32S,0.107164973862183
R32T,0.0718674007378071
R32V,0.0308685963723982
R32W,0.0691515861392327
R32Y,0.174592733652667
S33A,0.0852637083003858
S33C,0.460415635719386
S33D,0.0529598938269571
S33E,0.0462836575708138
S33F,0.115764388943763
S33G,0.292184877362613
S33H,0.0830066334427169
S33I,0.173165707086296
S33K,0.0392029563946421
S33L,0.0415383600757787
S33M,0.0451054775163611
S33N,0.100916033278592
S33P,0.11815611081868
S33Q,0.0461244599672952
S33R,0.282646389903942
S33T,0.115007934661725
S33V,0.0254200962463982
S33W,0.151059932604236
S33Y,0.0961593890385174
G34A,0.111892930341265
G34C,0.168812001723664
G34D,0.0507453265500234
G34E,0.054657090965857
G34F,0.232833960402316
G34H,0.311385590676257
G34I,0.155724670793836
G34K,0.149974047151888
G34L,0.488300818337961
G34M,0.187956052545011
G34N,0.0266468659815092
G34P,0.185189823247157
G34Q,0.17444575365426
G34R,0.166346979546333
G34S,0.448643785214734
G34T,0.0688553081027466
G34V,0.0466347168936328
G34W,0.238905807815469
G34Y,0.325964829428548
A35C,0.241291485271557
A35D,0.109196530579138
A35E,0.0668375069333191
A35F,0.144380890346629
A35G,0.170837905633057
A35H,0.77897726825099
A35I,0.199119258292285
A35K,0.0375540908369753
A35L,0.152899098841521
A35M,0.424732840217625
A35N,0.0744901573869627
A35P,0.178845873328591
A35Q,0.139675416886816
A35R,0.128345571191939
A35S,0.024458559525062
A35T,0.107117373192715
A35V,0.112850415701621
A35W,0.0549723173578225
A35Y,0.108583035254684
R36A,0.161860147705103
R36C,0.11023023394567
R36D,0.0156882951673183
R36E,0.0624955398802125
R36F,0.0605679260309179
R36G,0.213671711572327
R36H,0.0100120327572585
R36I,0.0470008068409973
R36K,0.0239258716268794
R36L,0.016477901315815
R36M,0.111524342410869
R36N,0.0993357523598807
R36P,0.0708785428765844
R36Q,0.0586180215308858
R36S,0.166843423700168
R36T,0.116681871346934
R36V,0.0338023622023295
R36W,0.063947948692688
R36Y,0.036981057268954
S37A,0.4934187340071
S37C,0.280276630372954
S37D,0.00055340482432244
S37E,0.187028047012605
S37F,0.219836644347451
S37G,0.151206190161826
S37H,0.11012636607075
S37I,0.033574275259645
S37K,0.108887138488942
S37L,0.22408753610323
S37M,0.0612850817396662
S37N,0.0293154287790656
S37P,0.16291747534374
S37Q,0.0990402287349356
S37R,0.103832402460204
S37T,0.0665224872873355
S37V,0.184400286353528
S37W,0.249814368576649
S37Y,0.11005358545282
K38A,0.0345619185278911
K38C,0.147304259086976
K38D,0.0125005343175781
K38E,0.0142016253724428
K38F,0.0144141141992776
K38G,0
K38H,0.0345269907731938
K38I,0.0616508710925273
K38L,0.120190799075878
K38M,0.0447684568124021
K38N,0.092925017368381
K38P,0.000902712913052033
K38Q,0.0358919472522632
K38R,0.154314266558845
K38S,0.0390902262362039
K38T,0.0188162841957401
K38V,0.0473821963594567
K38W,0.0067495921782023
K38Y,0.0338385638263331
Q39A,0.23053108809275
Q39C,0.241274552217458
Q39D,0.021257702196237
Q39E,0.0831136849989275
Q39F,0.118306569398082
Q39G,0.441156422742042
Q39H,0.635868540890117
Q39I,0.0149611962689561
Q39K,0.550900831887185
Q39L,0.0871498628499951
Q39M,0.0986446481046255
Q39N,0.129843885644693
Q39P,0.0727654197249056
Q39R,0.00867545339218686
Q39S,0.172412231042045
Q39T,0.312778040162427
Q39V,0.224226722699058
Q39W,0.142227220264824
Q39Y,0.127594523344709
R40A,0.0624768306900764
R40C,0.0595456621934806
R40D,0.0958631405550334
R40E,0.0577122173936259
R40F,0.0420413618894072
R40G,0.107241439644012
R40H,0.0228415769786829
R40I,0.0418597657560233
R40K,0.135732473593313
R40L,0
R40M,0.0541316161950958
R40N,0.0993893886856391
R40P,0.130868549301039
R40Q,0.0388335747214722
R40S,0.0704943960305604
R40T,0.132997815627694
R40V,0.0215425971573207
R40W,0.0583541314247827
R40Y,0.0513014117789294
R41A,0.0842071987466576
R41C,0.668875513805553
R41D,0.13782346640756
R41E,0.150467220935494
R41F,0.10543639938969
R41G,0.0924130991461826
R41H,0.176604123950698
R41I,0
R41K,0.143412354109502
R41L,0.0155456697527058
R41M,0.11245366070799
R41N,0.168931688519862
R41P,1
R41Q,0.106748268102029
R41S,0
R41T,0.0313575725089792
R41V,0.0273333986767617
R41W,0.165502066527638
R41Y,0.0140121104392632
P42A,0.305472972087828
P42C,0.179471481791008
P42D,0.0718028050549589
P42E,0.0246561065843043
P42F,0.224475844982413
P42G,0.096091245260299
P42H,0.0748918788678068
P42I,0.0441687701802789
P42K,0.223569701328794
P42L,0.0285708317734503
P42M,0.200819325367784
P42N,0.17973011787773
P42Q,0.165084297689794
P42R,0.0740865310242589
P42S,0.0547139115813451
P42T,0.137177646849746
P42V,0.21582353850106
P42W,0.443064180637213
P42Y,0.0454004479506281
Q43A,0.0581901959700587
Q43C,0.0704367947047411
Q43D,0.113550503720424
Q43E,0.0373100307141077
Q43F,0.102711168469424
Q43G,0.157693890722658
Q43H,0.274482382620344
Q43I,0.191271860395614
Q43K,0.0367313164117925
Q43L,0
Q43M,0.261461606033062
Q43N,0.0786287101095459
Q43P,0.100149805581856
Q43R,0.0510118931244227
Q43S,0.102991885448991
Q43T,0.097105397607868
Q43V,0.084534415345289
Q43W,0.573194117255017
Q43Y,0.275371832935498
G44A,0.0311812404408309
G44C,0.369392931555409
G44D,0.0396379099797644
G44E,0.133580474836451
G44F,0.183368595676284
G44H,0.388431448597265
G44I,0
G44K,0.0616914196438552
G44L,0.170437479043374
G44M,0.223054772991492
G44N,0.0707214048871825
G44P,0.0421607707254052
G44Q,0.0332338516828679
G44R,0.0743988069531089
G44S,0.165259847363278
G44T,0.36403299540842
G44V,0.0732843199265706
G44W,0.206287183857455
G44Y,0.0660173105419832
L45A,0.0830266050230154
L45C,0.343911114073854
L45D,0.0161849340667737
L45E,0.140825754207547
L45F,0.349025359609137
L45G,0.0307134816092575
L45H,0.0569723171706307
L45I,1
L45K,0.0792392810562094
L45M,0.171884733375732
L45N,0.0861392544583078
L45P,0.187986901503856
L45Q,0.0650476839799989
L45R,0.13560895071712
L45S,0.120946282747753
L45T,0.0150630990730209
L45V,0.0575358995167733
L45W,0.218745879025748
L45Y,0.685707945564876
P46A,0.13764944973323
P46C,0.111954458909734
P46D,0.000920376506750824
P46E,0.171558351086005
P46F,0.101532726952374
P46G,0.0663941422711018
P46H,0.0583727291806774
P46I,0.220735272990792
P46K,0.0360407527620423
P46L,0.423291878828518
P46M,0.0615807614062643
P46N,0.120054795973312
P46Q,0.120354535415795
P46R,0.294746565528508
P46S,0.1343656200823
P46T,0.109706732878548
P46V,0.433160523455012
P46W,0.0694489459309057
P46Y,0.0616293152207445
N47A,0.459656853567215
N47C,0.502640409602908
N47D,0.243374988966823
N47E,0.352715996693644
N47F,0.147255692817689
N47G,0.0472809524757706
N47H,0.187212108821072
N47I,0.283484680622449
N47K,0.197936060038006
N47L,0.40881152608383
N47M,0.422246751231054
N47P,0.278637468415335
N47Q,0.15941585539857
N47R,0.441027362033179
N47S,0.00582900193345515
N47T,0.355569117940764
N47V,0.11643764723244
N47W,0.999453454198691
N47Y,0.191102768841124
N48A,0.0891004581256715
N48C,0.0822119465387948
N48D,0.214724842909163
N48E,0.439676452904764
N48F,0.684148716479749
N48G,0.113186990707643
N48H,0.263563887592752
N48I,0.375602329190837
N48K,0.319615966434654
N48L,0.226590610828124
N48M,0.301912029929963
N48P,0.268817433649257
N48Q,0.150674262175171
N48R,0.224721811427319
N48S,0.000333085824768865
N48T,0.0357761473027884
N48V,0.257129498134747
N48W,1
N48Y,0.420160274144449
T49A,0.158797385859231
T49C,0.304800735584497
T49D,0.351628269687159
T49E,0.221084059796088
T49F,0.74130897341978
T49G,0.407026665400032
T49H,0.736119672739193
T49I,0.279743654831329
T49K,0.0605454079966434
T49L,0.402913774896792
T49M,0.0773664547025516
T49N,0.291202378382025
T49P,0.0452585829983101
T49Q,0.226797392265572
T49R,0.692354106330603
T49S,0.279988274199558
T49V,0.0104705544015455
T49W,0.170264108657131
T49Y,0.339197916543451
A50C,0.164091114578701
A50D,0.202692798801337
A50E,0.27985548639401
A50F,0.199563114480841
A50G,0.0536204067942249
A50H,0.105970909294326
A50I,0.58243590636527
A50K,0.156550337641367
A50L,0.3987443302816
A50M,0.0255744335901166
A50N,0.287294288101486
A50P,0.174911681631859
A50Q,0.0191949286996955
A50R,0.227694480269892
A50S,0.135883902663736
A50T,0.273332357791862
A50V,0.187721752457382
A50W,0.368980096821504
A50Y,0.632594582192825
S51A,0.0559752173581887
S51C,0.64900710261546
S51D,0.295782628753972
S51E,0.473944224927125
S51F,1
S51G,0.100790685163002
S51H,0.591887626305496
S51I,0.998828306032375
S51K,0.933168698512597
S51L,1
S51M,0.436385143039392
S51N,0.641411331815398
S51P,0.114333307931351
S51Q,0.469774722733627
S51R,0.502561861129398
S51T,0.079021013011019
S51V,0.674981569196401
S51W,1
S51Y,0.325488015967209
W52A,0.0522042791869815
W52C,0.10625334474297
W52D,0.0476789315513961
W52E,0.0797801269091573
W52F,0.0996035452282798
W52G,0.33484485161989
W52H,0.0835672907859702
W52I,0.0057178771132333
W52K,0.135417062296778
W52L,0.134937846515129
W52M,0.0924313163733602
W52N,0.316261199808196
W52P,0.427406586090887
W52Q,0.0254149204837468
W52R,0.0475526835907543
W52S,0.069658567077178
W52T,0.148651957301545
W52V,0.0642170967810641
W52Y,0.162564968735945
F53A,0.36419906885523
F53C,0.0207093588172582
F53D,0.385929965551366
F53E,0.539304483914418
F53G,0.209235640180987
F53H,0.104643597030707
F53I,0.179639726783888
F53K,0.145372795168752
F53L,0.0699811642577202
F53M,0.0617761817812193
F53N,0.0504221005304933
F53P,0.609819749754101
F53Q,1
F53R,0.327014711993618
F53S,0.0505314211216171
F53T,0.161392215941275
F53V,0.336405918470047
F53W,0.203570941408733
F53Y,0.0745753863999912
T54A,0.103031966401179
T54C,0.698036456641982
T54D,1
T54E,0.517296047361296
T54F,0.192871045831338
T54G,0.203777877051321
T54H,0.0864668798761286
T54I,0.0957776648017385
T54K,0.680122450812383
T54L,0.399251675482252
T54M,0.177418197118299
T54N,0.0778107637385108
T54P,0.25275813728875
T54Q,0.0549252346258217
T54R,0.287172244305475
T54S,0.0140891747800809
T54V,0.10824492448948
T54W,0.124870241984401
T54Y,1
A55C,0.608021236758688
A55D,0.0197517006060555
A55E,0.10117729221676
A55F,0.0587084161543276
A55G,0.0905347175483411
A55H,0.071235877005489
A55I,0.397525874899767
A55K,0.0202090625587418
A55L,0.164182304136822
A55M,0.0815940521908223
A55N,0.714535889414932
A55P,0.084200826947461
A55Q,0.0679200225287826
A55R,0.116517998009918
A55S,0.522587222335777
A55T,0.175565374662859
A55V,0.129809760445584
A55W,1
A55Y,0.438681004031742
L56A,0.109931717046035
L56C,0.102777055930632
L56D,0.3996964702492
L56E,0.0311815854080332
L56F,0.0359955277936378
L56G,0.117320678535667
L56H,0.329707760480252
L56I,0.151065196027936
L56K,0.0977864776789023
L56M,0.0796836214315093
L56N,0.0565623239937529
L56P,0.189679644567307
L56Q,0.13240890837682
L56R,0.0503806842503257
L56S,0.214770256310312
L56T,0.101883870600874
L56V,0.0402843796709174
L56W,0.0218347263912664
L56Y,0.195223566478304
T57A,0.213060857364139
T57C,0.263321312306964
T57D,0.0887496840593103
T57E,0.0639399744833673
T57F,0.0147107280250068
T57G,0.0649299727472473
T57H,0.0432841630452194
T57I,0.103737588389688
T57K,0.289926942779778
T57L,0.0191316902765652
T57M,0.143358751122916
T57N,0.0418393784534037
T57P,0.382270651479409
T57Q,0.0263068896225043
T57R,0.312628244433711
T57S,0.220979442192418
T57V,0.208377415897955
T57W,0.0565074635810999
T57Y,0.0868888333945686
Q58A,0.187692388426173
Q58C,0.399327876466742
Q58D,0.0525735748267225
Q58E,0.135181616098074
Q58F,0.0188481159672269
Q58G,0.162472438097273
Q58H,0.09585523039854
Q58I,0.0270453394597982
Q58K,0.120866208598577
Q58L,0.0201097710050474
Q58M,0.0228284095599121
Q58N,0.0501273836217682
Q58P,0.195517394859123
Q58R,0.140559175355513
Q58S,0.394863531946607
Q58T,0.0989268588902553
Q58V,0.0641998939579711
Q58W,0.144491172014698
Q58Y,0.175339178252466
H59A,0.128390823499055
H59C,0.0727500572069595
H59D,0.0975664795673552
H59E,0.185181365063197
H59F,0.614714733140832
H59G,0.00577306263943894
H59I,0.04090246192932
H59K,0.078149546182018
H59L,0.224135339597876
H59M,0.0765385675120594
H59N,0.0428008475455633
H59P,0.0477364655652127
H59Q,0.0371731523408508
H59R,0.0313228284394647
H59S,0.0204196789719103
H59T,0.170595087894963
H59V,0.0259250809434128
H59W,0.207627752060974
H59Y,0.312125490382783
G60A,0.0239751539999575
G60C,0.041687812698408
G60D,0.0577171049459119
G60E,0.022360936679382
G60F,0.0332942352239244
G60H,0.106944848764076
G60I,0.0745508751801391
G60K,0
G60L,0.258655049433756
G60M,0.068153701395935
G60N,0.0287453851562058
G60P,0.0281712010579593
G60Q,0.301178756159928
G60R,0.0708576972809426
G60S,0.02518815602256
G60T,0.146927677988643
G60V,0.117279674218798
G60W,0.00206868957738674
G60Y,0.018738146784899
K61A,0.034371728540959
K61C,0.0124826987059247
K61D,0.211611463776628
K61E,0.253010266093199
K61F,0.122397254488759
K61G,0.0578912255120924
K61H,0.0405627739323492
K61I,0.0940434872707258
K61L,0.0554489931821111
K61M,0.0982839973938842
K61N,0.0733811186462547
K61P,0.0981087572882228
K61Q,0.092230656853587
K61R,0.181937185176565
K61S,0.0732788814491504
K61T,0.212158781519047
K61V,0.156199973589376
K61W,0.0249222938136572
K61Y,0.0330909004684695
E62A,0.691985800957318
E62C,0.0414171289452588
E62D,0.0513396922978275
E62F,0.130618650778042
E62G,0.0616140397224772
E62H,0.13785324836778
E62I,0.308106458696558
E62K,0.065918383503209
E62L,0.595878644589187
E62M,0.126687054606857
E62N,0.375929578310901
E62P,0.130754343365867
E62Q,0.195075748282314
E62R,0.514575381221926
E62S,0.50155546720121
E62T,0.243770022100702
E62V,0.146004927184705
E62W,0.136852472123191
E62Y,0.416457916103781
D63A,0.251904965272041
D63C,0.092131521814415
D63E,0.110991467364263
D63F,0.0549829165710542
D63G,0.472149156609867
D63H,0.164270542353949
D63I,0.165356432323342
D63K,0.176271089121541
D63L,0.0340178809412015
D63M,0.222104594211833
D63N,0.103713074165545
D63P,0.0740772404004628
D63Q,0.119377156116387
D63R,0.310901644144708
D63S,0.192305115855506
D63T,0.377741206838426
D63V,0.10538071943464
D63W,0.10534638322335
D63Y,0.0487658178893856
L64A,0.102361196390722
L64C,0.162120684334282
L64D,0.462625500563373
L64E,0.0996913710286804
L64F,0.0969151521590351
L64G,0.233370277130536
L64H,0.201639317726549
L64I,0.0576696446080937
L64K,0.0363549872654062
L64M,0.0925748169062671
L64N,0.116739910391112
L64P,0
L64Q,0.0510904035437075
L64R,0.252305371794551
L64S,0.136523525017179
L64T,0.0711144957576222
L64V,0.0429099396467046
L64W,0.0293439407780812
L64Y,0.188646861746966
K65A,0.0674167577738136
K65C,0.254716588064422
K65D,0.10186888380694
K65E,0.0447688440995409
K65F,0.12227637531081
K65G,0.0306892445858011
K65H,0.117562166446486
K65I,0.00484893458897062
K65L,0.0564146976232182
K65M,0.0298559220416205
K65N,0.0548720948007667
K65P,0.0631308773923021
K65Q,0.0766007917901965
K65R,0.0906013522222104
K65S,0.0501298674544566
K65T,0.0434340234992249
K65V,0.140076785466143
K65W,0.229432516614071
K65Y,0.0964474842342487
F66A,0.0910554629266678
F66C,0.0603593263658131
F66D,0.0842348748935174
F66E,0.0298240373465229
F66G,0.0702442774206071
F66H,0.0526155147569246
F66I,0.175487423201012
F66K,0.0510364461229242
F66L,0.108623711253237
F66M,0.00566713156771076
F66N,0.0604809688373932
F66P,0.276667576112154
F66Q,0.0168419839104543
F66R,0.0515432021150809
F66S,0
F66T,0.109001522428026
F66V,0.330587681083099
F66W,0.171990381887222
F66Y,0.299329852170201
P67A,0.0615268503251792
P67C,0.0510496781973691
P67D,0.353139239628981
P67E,0.0565598854679163
P67F,0.0867110368159423
P67G,0.083540215918551
P67H,0.0242267757199079
P67I,0.0578022298817624
P67K,0.284670329810792
P67L,0.128335611891463
P67M,0.160347718220257
P67N,0.0129940884295043
P67Q,0.0634565712477959
P67R,0.229386671593496
P67S,0.0847855743720409
P67T,0.103554854084274
P67V,0.0489307368719845
P67W,0.109473186157905
P67Y,0.0315325749368113
R68A,0.130895836960616
R68C,0.204468162359035
R68D,0.147894188965402
R68E,0.164631331359741
R68F,0.0561421055968875
R68G,0.0203508957814755
R68H,0.0218127711680338
R68I,0.0741267853727615
R68K,0.121826351223026
R68L,0
R68M,0.0292503178320153
R68N,0.0569879732072261
R68P,0.375137233142226
R68Q,0.117052215277841
R68S,0.065228604637859
R68T,0.103718640139541
R68V,0.236552220345004
R68W,0.0443965947271584
R68Y,0.0296224799198573
G69A,0.126245475548557
G69C,0.0279160775151793
G69D,0.10438186964992
G69E,0.167971461768466
G69F,0.0279088449375142
G69H,0.109079229844596
G69I,0.04601341987932
G69K,0.204365899871609
G69L,0.0574423857941507
G69M,0.0382246623198198
G69N,0.104119624050571
G69P,0.116331616799794
G69Q,0.101685594583572
G69R,0.0267413584140678
G69S,0.109081703245532
G69T,0.0983892909325676
G69V,0.108219620930002
G69W,0.127804329579825
G69Y,0.087962369499136
Q70A,0.057774273541361
Q70C,0.0899721171047334
Q70D,0.0485893239224685
Q70E,0.123404282255956
Q70F,0.192948805164319
Q70G,0.0203240243086751
Q70H,0.362012316066548
Q70I,0.0888689639884817
Q70K,0.306401093539454
Q70L,0.0318987240908309
Q70M,0.0648136262655173
Q70N,0.0872136835071624
Q70P,0.0887508154031802
Q70R,0.148147414397504
Q70S,0.1034431392265
Q70T,0.110869471601346
Q70V,0.0525692790015135
Q70W,0.613641133956201
Q70Y,0.151233894475017
G71A,0.210746598631402
G71C,0.0666106007624066
G71D,0.0740134138069589
G71E,0.0637443251493066
G71F,0.262299834560404
G71H,0.402526036488924
G71I,0.0944305567064925
G71K,0.0690177570394838
G71L,0.0213857646303781
G71M,0.0118228531225586
G71N,0.109961916486907
G71P,0.0826765077600108
G71Q,0.153520391564226
G71R,0.0416102801128915
G71S,0.272523566491089
G71T,0.0321510109804092
G71V,0.0861555135145925
G71W,0.152374463366637
G71Y,0.0195400604603267
V72A,0.145413284943221
V72C,0.521809297012194
V72D,0.248593686527472
V72E,0.451398965423407
V72F,0.128755382926777
V72G,0.150366371591704
V72H,0.101334687236296
V72I,0.0298515220599641
V72K,0.14215400741124
V72L,0.0410417966892365
V72M,0.366394407245752
V72N,0.191550552356633
V72P,0.172101120348251
V72Q,0.107816246106819
V72R,0.18681884055693
V72S,0.0667082378773126
V72T,0.105900549332006
V72W,0.146268848965081
V72Y,0.149804186000289
P73A,0.0533620206725029
P73C,0.122636115020478
P73D,1
P73E,0.484515433204128
P73F,1
P73G,0.104054076086998
P73H,1
P73I,0.425147470025741
P73K,0.44841049330342
P73L,0.402356123996545
P73M,0.583594866972306
P73N,0.830742282871618
P73Q,0.595259023613256
P73R,0.449696421770516
P73S,0.519364043879631
P73T,0.360500622628423
P73V,0.339633259950003
P73W,0.748680114176064
P73Y,0.663872698829151
I74A,0.0286369483775966
I74C,0.0752187683619942
I74D,0.122973938553511
I74E,0
I74F,0.0544401446726072
I74G,0.0393617270757209
I74H,0.13645496463247
I74K,0.0335049399635297
I74L,0.138111357945352
I74M,0.0953177496870586
I74N,0.0880262098920089
I74P,0.103641238934349
I74Q,0.0406874972426619
I74R,0.149290842765684
I74S,0.0449245929799094
I74T,0.147415548959749
I74V,0.123465705636043
I74W,0.0655142224956933
I74Y,0.0531390973003278
N75A,0.0224920491352079
N75C,0.228308257015427
N75D,0.0310637258392638
N75E,0.0227744113093957
N75F,0.0118534674047986
N75G,0.00895309387879406
N75H,0.0457850257989432
N75I,0.0776506328992418
N75K,0.0705757839211208
N75L,0.117895343851228
N75M,0.116763747849129
N75P,0.395052591226795
N75Q,0.208085530033848
N75R,0.0257452464287952
N75S,0.0581951102121614
N75T,0.677147390652458
N75V,0.153073904594561
N75W,0.129653879151289
N75Y,0.0801712720791261
T76A,0.201467558691321
T76C,0.30712282146014
T76D,0.148857775515566
T76E,0.123654698832951
T76F,0.084424420777372
T76G,0.0835686507850118
T76H,0.202987422200194
T76I,0.291917195325188
T76K,0.144401051151363
T76L,0.0427164821200537
T76M,0.350572830569231
T76N,0
T76P,0.0858699819073653
T76Q,0.0570448659340147
T76R,0.108864435589206
T76S,0
T76V,0.490015670165818
T76W,0.0941929951296414
T76Y,0.110984265917929
N77A,0.197872141520741
N77C,0.311426442584541
N77D,0.0779395513246909
N77E,0.027904272012988
N77F,0.117181884984456
N77G,0.0650091644204061
N77H,0.175296641603797
N77I,0.133023618680198
N77K,0.00705422733059187
N77L,0.027201510353991
N77M,0.215442442259661
N77P,0.0840179881116966
N77Q,0.0690455357326534
N77R,0.0632526816525151
N77S,0.0108871920674662
N77T,0.0590917661140231
N77V,0.197069860384099
N77W,0.107083095633293
N77Y,0.185018875835383
S78A,0.0475162614985432
S78C,0.160422095247238
S78D,0.0933666566339808
S78E,0.058106122250765
S78F,0.0575548870526843
S78G,0.112610912059458
S78H,0.125128258950782
S78I,0.24027143252852
S78K,0.0242976089119816
S78L,0.0995519877593018
S78M,0.052548358928463
S78N,0.195266044882553
S78P,0.037662678369455
S78Q,0.0301215138412409
S78R,0.00986899644865588
S78T,0.191394628190666
S78V,0.0883072807781576
S78W,0.0912462744948402
S78Y,0.138718270462394
S79A,0.335180650030448
S79C,0.218304891051662
S79D,0.232827491642303
S79E,0.334590210038753
S79F,0.0427532947431469
S79G,0.167829781615947
S79H,0.246447392588925
S79I,0.0507500573873469
S79K,0.412856334148138
S79L,1
S79M,0.0226221183487937
S79N,0.192595495743333
S79P,0.0604940826234111
S79Q,0.0224708445097606
S79R,0.117660421735305
S79T,0.049826171292836
S79V,0.176768326527819
S79W,0.0434093134546851
S79Y,0.232545988839292
P80A,0.0842173604169907
P80C,0.122177812305926
P80D,0.0306703877723749
P80E,0.0452374646504647
P80F,0.0533623316961766
P80G,0.033522365246255
P80H,0.111981710738108
P80I,0.11217175255694
P80K,0.135570322796986
P80L,0.13309372599316
P80M,0.0414724871037955
P80N,0.338330889934832
P80Q,0.0387397604415785
P80R,0.456478702205695
P80S,0.151550197657849
P80T,0.204723583200939
P80V,0.24840681931066
P80W,0.0672705338169648
P80Y,0
D81A,0.0930165170030769
D81C,0.201087978074207
D81E,0.0918846462112192
D81F,0.111775961273862
D81G,0.323631212624798
D81H,0.0802490619766019
D81I,0.0382018594489158
D81K,0.0930215974035238
D81L,0.342028430781942
D81M,0.0103523524562788
D81N,0.0789821943531735
D81P,0.072934200577993
D81Q,0.0596501512921065
D81R,0.165003994757335
D81S,0.0628421922730593
D81T,0.26535761326261
D81V,0.0994826961358484
D81W,0.156534836484936
D81Y,0.127967370498677
D82A,0.143679868528995
D82C,0.691305898376174
D82E,0.0477005498451495
D82F,0.174292675025434
D82G,0.240887192456998
D82H,0.00359326385297035
D82I,0.0769894007170589
D82K,0.174452133505826
D82L,0.15679725804678
D82M,0.14542704308194
D82N,0.0270232024108434
D82P,0.990097614125453
D82Q,0.188893955663256
D82R,0.12546189055302
D82S,0.0493352247685999
D82T,0.0304987957829557
D82V,0.0537884405736626
D82W,0.248352030435737
D82Y,1
Q83A,0.0223033673469117
Q83C,0.268909081907369
Q83D,0.149624267316808
Q83E,0.0670664164590266
Q83F,0.102895038894639
Q83G,0.0713625581590519
Q83H,0.299439630844591
Q83I,0.275981140243069
Q83K,0.0287513297981317
Q83L,0.103495523240276
Q83M,0.049177425088475
Q83N,0.160408169294317
Q83P,0.0225754825382206
Q83R,0.0832088301129896
Q83S,0.125070957506577
Q83T,0.163157904938455
Q83V,0.0513262762248097
Q83W,0.0239497493825759
Q83Y,0.0713955165306973
I84A,0.0430387440366073
I84C,0.033491361808042
I84D,0.16913995264997
I84E,0.342445853095044
I84F,0.345744275702314
I84G,0.0729664611774547
I84H,0.775262798504756
I84K,0.00640883547260661
I84L,0.10087989095737
I84M,0.227295898209671
I84N,0.0969361604816945
I84P,1
I84Q,0.0673309202925635
I84R,0.0116580038669103
I84S,0.178863983952
I84T,0.186244055152382
I84V,0.202871826340507
I84W,0.376482725266739
I84Y,0.0998062469159981
G85A,0.593249490661205
G85C,0.244656941493736
G85D,0.212467542254609
G85E,0.542789433177094
G85F,1
G85H,0.502360449952861
G85I,0.88789813138436
G85K,0.286077949170338
G85L,0.622163711653219
G85M,1
G85N,0.39659554269888
G85P,1
G85Q,0.589671106130457
G85R,0.352690515911194
G85S,1
G85T,0.868179393427427
G85V,1
G85W,0.468083386313635
G85Y,0.801991130798853
Y86A,0.35138756671532
Y86C,0.256476085072026
Y86D,0.640795277633452
Y86E,0.849737180549992
Y86F,0.493403550928667
Y86G,0.884327789756338
Y86H,0.303776786044487
Y86I,0.712949337273901
Y86K,0.904029054510341
Y86L,0.571429003724
Y86M,0.136921504401972
Y86N,0.686329594859482
Y86P,1
Y86Q,0.217719691165005
Y86R,0.423842988981069
Y86S,0.562804856622101
Y86T,1
Y86V,0.745318915186625
Y86W,0.803523157713048
Y87A,0.56462543394945
Y87C,0.192116293020953
Y87D,0.701741966649497
Y87E,0.693903690123361
Y87F,0.0707449917335002
Y87G,0.641465376517132
Y87H,0.0831485352307805
Y87I,0.872445868808966
Y87K,0.380125327584932
Y87L,0.248510317088171
Y87M,0.139145167006533
Y87N,0.286334775929397
Y87P,0.2899098899383
Y87Q,1
Y87R,1
Y87S,0.990097614125453
Y87T,0.573162960369272
Y87V,0.599581121908211
Y87W,0.0346444234461736
R88A,0.0799955457761647
R88C,0.0300334136573138
R88D,0.0593865582478474
R88E,0.127111602539545
R88F,0.18292719434554
R88G,0.0347045948402726
R88H,0.0545815912341304
R88I,0.168827092488434
R88K,0.0307850214401077
R88L,0.12476023465975
R88M,0.204096096628302
R88N,0.0559801138064609
R88P,0.65556931973478
R88Q,0.0803397957595738
R88S,0.089525293135691
R88T,0.0563400539690805
R88V,0.0845656567789637
R88W,0.242376547500533
R88Y,0.0650463408392512
R89A,0.078446731245047
R89C,0.837792350768368
R89D,0.0504736494598727
R89E,0.0410284495335216
R89F,0.0386416593702763
R89G,0.0483769158291005
R89H,0.0139815339466215
R89I,0
R89K,0.0232071659020922
R89L,0.0467805989273624
R89M,0.0329249339501706
R89N,0.162991276788915
R89P,0.00339774983968652
R89Q,0.0922651887799592
R89S,0.0383228137048034
R89T,0.0317232220609193
R89V,0.297796955920841
R89W,0.0292553094225238
R89Y,0.0226197092630301
A90C,0.162233552752408
A90D,0.0569391165195988
A90E,0.0700170882412432
A90F,0.0179427061554622
A90G,0.0367132982201869
A90H,0.179726938114735
A90I,0.0220156104770875
A90K,0.106565446388467
A90L,0.186859429492848
A90M,0.0310339282211007
A90N,0.018617749168914
A90P,0.139126489598715
A90Q,0.155215041079754
A90R,0.0273939511771533
A90S,0.0154596094796103
A90T,0.0189821483060209
A90V,0.219439485922529
A90W,0.140889316251502
A90Y,0.173802681528147
T91A,0.168049073788051
T91C,0.233375202736334
T91D,0.255729523693219
T91E,0.0340313890609153
T91F,0.277079628360264
T91G,0.095945543102924
T91H,0.139686969666496
T91I,0.0485793075703921
T91K,0.525974812703695
T91L,0.0219852601560438
T91M,0.0478032602580061
T91N,0.180358488078166
T91P,0.113256637566745
T91Q,0.248274424528891
T91R,0.304373996429943
T91S,0.0468453230452648
T91V,0.0818412605958753
T91W,0.142163892985413
T91Y,0.0986092468480818
R92A,0.171114886603394
R92C,0.0989903559699518
R92D,0.0753535014619684
R92E,0.805306870405661
R92F,0.0949645651987489
R92G,0.058119021134065
R92H,0.0322804641991008
R92I,0.0598078570654097
R92K,0.108164345553488
R92L,0.0639739866430112
R92M,0
R92N,0.050131121339323
R92P,0.393761649406057
R92Q,0.0958001898510496
R92S,0.171346912614758
R92T,0.344066729504745
R92V,0.440308781386896
R92W,0.0431725473718183
R92Y,0.0966352444087119
R93A,0.0369197879604223
R93C,0.332379622396623
R93D,0.0416111245001879
R93E,0.212325723892886
R93F,0.090281188834724
R93G,0.0807347609063609
R93H,0.0471652536492001
R93I,0.0670354567806963
R93K,0.0769932701700556
R93L,0.0669317434591732
R93M,0.067651645540067
R93N,0.0853749386339949
R93P,0.0538647362340508
R93Q,0
R93S,0.20961686235693
R93T,0.0287678232181627
R93V,0.127951886329167
R93W,0.0100580446262572
R93Y,1
I94A,0.101591176554504
I94C,0.271464947186625
I94D,0.152605572767703
I94E,0.0799893303256204
I94F,0.0727454022477213
I94G,0.0783333192789182
I94H,0.109218521666879
I94K,0.123559640203775
I94L,0.0491287477727942
I94M,0.123484410647319
I94N,0.0924547914902194
I94P,0.0675432462500383
I94Q,0.0526625846362634
I94R,0.267697723182025
I94S,0.0364533065119082
I94T,0.118611409380387
I94V,0.147347959039772
I94W,0.311435246158889
I94Y,0.245323086982198
R95A,0.0108252893049881
R95C,0.0769093775726772
R95D,0.077654237217225
R95E,0.370557980055363
R95F,0.306723437401931
R95G,0.319424942383585
R95H,0.0504803400284649
R95I,0.189553503247607
R95K,0.0424069046986653
R95L,0.0247554849850721
R95M,0.0408917320460712
R95N,0
R95P,0.132248247645097
R95Q,0.31574413769802
R95S,0.081937628112347
R95T,0.0485418521628862
R95V,0.0246848695206675
R95W,0.178562880063295
R95Y,0.146537847452874
G96A,0.0249814368576649
G96C,0.146965395173374
G96D,0.107053660256987
G96E,0.0839234687237571
G96F,0.0718145820276214
G96H,0
G96I,0.0577154268373693
G96K,0.0955603146361879
G96L,0.107710357941404
G96M,0.348131462876323
G96N,0.0943112839739522
G96P,0.264312465986212
G96Q,0.0408138793232502
G96R,0.364478853038942
G96S,0.0293327943187734
G96T,0.261167616083268
G96V,0.223875309972774
G96W,0.0589799916372474
G96Y,0.121043344398208
G97A,0.0679066442796739
G97C,0.374124434476881
G97D,0.10798982238614
G97E,0.0270635028845529
G97F,0.224507201101702
G97H,1
G97I,0.0929376881553357
G97K,0.427172540740443
G97L,0.0899431827799985
G97M,0.381021281758691
G97N,0.226883712794356
G97P,0.129009975013124
G97Q,0.257062524767984
G97R,0.970945179201243
G97S,0.385560175299774
G97T,0.205671065650502
G97V,0.0174121035267827
G97W,0.651370883665016
G97Y,0.17669265749503
D98A,0.518334789031093
D98C,0.586143201509782
D98E,0.11520561627987
D98F,0.287355949064164
D98G,0.333666748446739
D98H,0.48446072529231
D98I,0.0835848920027119
D98K,0.916497306919129
D98L,0.623718165823927
D98M,0.109700757967161
D98N,0.400079034510025
D98P,0.0408942399322932
D98Q,0.0782433838964779
D98R,1
D98S,0.123875976135383
D98T,0.389529710472868
D98V,0.134141756233491
D98W,0.586575655585265
D98Y,0.209965218519412
G99A,0.268837537341427
G99C,0.0304822661082445
G99D,0.127172091893142
G99E,0.163986012683348
G99F,0.0982177169479175
G99H,0.0549274231265257
G99I,0.126693569057448
G99K,0.0878725569919897
G99L,0.129275366961722
G99M,0.0182485671820967
G99N,0.00773495255002097
G99Q,0.332479040514442
G99R,0.135581797767854
G99S,0.0401068024295562
G99T,0.353383881921813
G99V,0.049049261613625
G99W,0.162783126141902
G99Y,0.107487725812796
K100A,0.101301613944172
K100C,0.0956952242468595
K100D,0.184445568577337
K100E,0.0426660383275964
K100F,0.0421315915152424
K100G,0.0197355645155062
K100H,0.603246805136416
K100I,0.551315897865938
K100L,0.0866647226772255
K100M,0.0522111363085964
K100N,0.0204101057515765
K100P,0.0618427140659331
K100Q,0.159178112353923
K100R,0.138214269508538
K100S,0.197449343575849
K100T,0.0879698817272723
K100V,0.130961393789907
K100W,0.0363162837798473
K100Y,0.422727118125476
M101A,0.0861204417229545
M101C,0.118149008549575
M101D,0.0888982038277063
M101E,0.16274376099983
M101F,0.134124302977847
M101G,0.121413097726207
M101H,0.0422042450379296
M101I,0.126725967843462
M101K,0.187962433090938
M101L,0.0778116767531984
M101N,0.0610274666461708
M101P,0.2203710847808
M101Q,0.0611106569590907
M101R,0.131696019953545
M101S,0.00666171649537731
M101T,0
M101V,0.0856786857193494
M101W,0.546840643002615
M101Y,0.109687600985376
K102A,0.645744195289082
K102C,0.502062931661312
K102D,0.0439048986419522
K102E,0.0230756147425808
K102F,0.26052262964974
K102G,0.0200396895026718
K102H,0.320404178222456
K102I,0.22682179949605
K102L,0.218394644373496
K102M,0.142314275479236
K102N,0.0462499014787605
K102P,0.210676784166307
K102Q,0.0555315416619654
K102R,0.07984655018224
K102S,0.0354577111263229
K102T,0.030525676298442
K102V,0.294195924114149
K102W,0.038948227777806
K102Y,0.0621964369170895
D103A,0.412401886791952
D103C,0.0968593735865631
D103E,0.110708092551955
D103F,0.857664136265318
D103G,0.0472540035234124
D103H,0.38089350983282
D103I,0.157788547989964
D103K,0.618874743519878
D103L,0.24665458648977
D103M,0.51721284960491
D103N,0.0971722671064049
D103P,0.32684770655064
D103Q,0.167949929791716
D103R,0.511013845283223
D103S,0.521147255304115
D103T,0.602437002396231
D103V,0.294217155222082
D103W,0.23302176932577
D103Y,0.118051681555643
L104A,0.162251095729397
L104C,0.116165941742544
L104D,0.0624577655367191
L104E,0.00558797089917841
L104F,0.164723964018504
L104G,0.0900237957048823
L104H,0.176235294725502
L104I,0.0604514566974538
L104K,0.00832205602257831
L104M,0.0327229780593198
L104N,0.0621406803967271
L104P,0.0977153403182685
L104Q,0
L104R,0.116380931500107
L104S,0.0493559524624349
L104T,0.0295859120281188
L104V,0.061181977800092
L104W,0.10612138667807
L104Y,0.0785295342141922
S105A,0.0315101522609579
S105C,0.0674498795156953
S105D,0.335513399423961
S105E,0.0916025776989686
S105F,0.0344824259018739
S105G,0.169687899602727
S105H,0.112146723926786
S105I,0.156718080976868
S105K,0.101371625006321
S105L,0.168153543517751
S105M,0.0445824965083984
S105N,0.190339332365516
S105P,0.136565188155235
S105Q,0.106279854920726
S105R,0.269535830584331
S105T,0.010755915504531
S105V,0.0093099544108236
S105W,0.137955060989196
S105Y,0.044327266142705
P106A,0.0553949844225182
P106C,0.419079362523601
P106D,0.192124412254658
P106E,0.0972175457877808
P106F,0.0777866596028116
P106G,0.13438090489545
P106H,0.0975353061589379
P106I,0.208565458171915
P106K,0.00624260188142973
P106L,0.0549757443071571
P106M,0.0376398547468845
P106N,0.143271293618488
P106Q,1
P106R,0.21833266541193
P106S,0.200114304513818
P106T,0.203617580025422
P106V,0.0454756675165179
P106W,0.0863770548575864
P106Y,0.188600829114105
R107A,0.447931632072969
R107C,0.505063416625573
R107D,0.839202341422366
R107E,1
R107F,1
R107G,0.983512371416374
R107H,0.0795882755247314
R107I,0.431829563828413
R107K,0.339747541264243
R107L,0.508210648147903
R107M,0.726908672498047
R107N,0.0545000511156273
R107P,0.932109580586023
R107Q,0.57522788060775
R107S,0.376109172209361
R107T,1
R107V,0.980969628185914
R107W,0.700561266205601
R107Y,0.667470170583019
W108A,0.140306551272305
W108C,0.398725506529125
W108D,0.105485609768157
W108E,0.0841718976611836
W108F,0.1380012901885
W108G,0.0154529980999326
W108H,0.150189286258412
W108I,0.143880831802596
W108K,0.0848293515550377
W108L,0.237737002444392
W108M,0.0915540363145661
W108N,0.0696190535174122
W108P,0.0980744329144412
W108Q,0.171061551301665
W108R,0.0270463809641812
W108S,0.219429140109278
W108T,0.0484926649465372
W108V,0.0780704736075565
W108Y,0.0816853332171265
Y109A,0.248262307399647
Y109C,0.46489224852269
Y109D,0.279514202420737
Y109E,1
Y109F,0.15866901848083
Y109G,0.0346087435706703
Y109H,0.0806825594574366
Y109I,0.2837894759224
Y109K,0.720020524542031
Y109L,0.0405952693397395
Y109M,0.0874957800177295
Y109N,0.00753612135384656
Y109P,0.214035325743847
Y109Q,0.969951732453198
Y109R,0.243646635295971
Y109S,0.129904866881129
Y109T,0.370923926365086
Y109V,0.0132691904744384
Y109W,0.0220123209805632
F110A,0.412445637389944
F110C,0.483304168526414
F110D,0.480311030636646
F110E,0.681523264818422
F110G,0.279719628833527
F110H,0.752773963977636
F110I,0.441811266407545
F110K,0.12958509945111
F110L,0.798340970986649
F110M,0.123092425849496
F110N,0.401935755781157
F110P,0.875301963803326
F110Q,0.548026097599555
F110R,0.145725048336379
F110S,0.640910018193416
F110T,0.306388855272195
F110V,0.858247019471793
F110W,0.128335715817962
F110Y,0.0313502481181835
Y111A,0.70789400593677
Y111C,1
Y111D,0.199598450134528
Y111E,0.198861090166409
Y111F,0.130241290208251
Y111G,0.882677435637493
Y111H,0.192664965090818
Y111I,0.607163425344492
Y111K,1
Y111L,0.405189513452497
Y111M,0.17526300895599
Y111N,0.00485707783789867
Y111P,0.876643765485191
Y111Q,0.22900120913064
Y111R,0.327180520196119
Y111S,0.248993339913966
Y111T,0.719683503959188
Y111V,1
Y111W,0.0559380648831952
Y112A,0.347285799403749
Y112C,0.243152652081272
Y112D,0.161853740939811
Y112E,0.172167620249888
Y112F,0.153979505136331
Y112G,0.156603546239573
Y112H,0.0784075411909705
Y112I,0.814786851658314
Y112K,0.195274017922585
Y112L,0.18563207509142
Y112M,0.45097926409519
Y112N,0.334053406919568
Y112P,0.438100945524517
Y112Q,0.550894859773284
Y112R,0.287615777906753
Y112S,0.135729173535604
Y112T,0.411489896772509
Y112V,0.305590660642926
Y112W,0.0162902460119327
L113A,0
L113C,0.78975818336911
L113D,0.154794785393019
L113E,0.169707524587673
L113F,0.0767399847949859
L113G,0.0993090118767689
L113H,0.572770138037366
L113I,0.059526125033737
L113K,0.0602481736838917
L113M,0.0763877738243069
L113N,0.0306941299020084
L113P,0.13038495814446
L113Q,0.0956526566061021
L113R,0.216943062466153
L113S,0.235585955393484
L113T,0.0801769511378553
L113V,0.0400296156259898
L113W,0.183853695855284
L113Y,0.048464706049513
G114A,0.0262791663700131
G114C,1
G114D,0.188361347566926
G114E,0.178164696954462
G114F,0.0766865442741216
G114H,0.081873903995461
G114I,0.444265869749447
G114K,0.0562340285405704
G114L,0.767693174090043
G114M,0.378224934847867
G114N,0.0450076859895569
G114P,0.600106400049418
G114Q,0.0448462122351201
G114R,0.161442143888443
G114S,0.125091237213125
G114T,0.142213965925999
G114V,1
G114W,0.155312954555658
G114Y,0.108068210931841
T115A,0.325410863796774
T115C,0.663828868464215
T115D,0.191821823186137
T115E,0.139429049102161
T115F,0.435499070386631
T115G,0.0798197200242487
T115H,0.178692998786987
T115I,0.858709794183142
T115K,0.219242571219123
T115L,0.0852171592019928
T115M,0.024408496382261
T115N,0.160324855286801
T115P,0.599579663857968
T115Q,0.101043863457387
T115R,0.116628748229413
T115S,0.0654719130023461
T115V,0.232043709290754
T115W,0.352852704369826
T115Y,0.288192375989867
G116A,1
G116C,0.594262584756458
G116D,1
G116E,0.940703142375669
G116F,0.742447951310621
G116H,0.480083046739253
G116I,0.62201878814673
G116K,0.218730164014501
G116L,1
G116M,0.90144007977749
G116N,0.711980474956413
G116P,0.49575200450913
G116Q,0.934412248478774
G116R,0.65395678163694
G116S,0.893176731754549
G116T,0.883299710871192
G116V,0.558698250725153
G116W,1
G116Y,0.692581681477928
P117A,0.0776520148938376
P117C,0.0473921771156396
P117D,0.135586484933714
P117E,0.0740789526147842
P117F,0.273697875955819
P117G,0.0757118927091315
P117H,0.160368861747485
P117I,0.160853283607744
P117K,0.16314238170671
P117L,0.278602771552259
P117M,0.076820868900728
P117N,0.207940722034277
P117Q,0.080121499403182
P117R,0.305432360374347
P117S,0.107505822603348
P117T,0.0670280476407284
P117V,0.171724538300399
P117W,0.14568532148884
P117Y,0.272195734521012
E118A,0.150647992199139
E118C,0.126230838391971
E118D,0.312247142856763
E118F,0.05920689700315
E118G,0.100059059042661
E118H,0.0310652177470645
E118I,0.303690505069583
E118K,0.00943490602825731
E118L,0.186689472962894
E118M,0.0852990463401758
E118N,0.0694627202345808
E118P,0.754065755205983
E118Q,0.197145716397994
E118R,0.0481691332281704
E118S,0.124775248699371
E118T,0.0242236186431376
E118V,0.275175973627641
E118W,0.0177641321381342
E118Y,0.163541126879287
A119C,0.137974352713966
A119D,0.21882014553004
A119E,0.0364017847848725
A119F,0.0171942320131905
A119G,0.330023305641347
A119H,0.400234135226112
A119I,0.0677795438591991
A119K,0.0928610719153358
A119L,0.048140828716124
A119M,0.0243529894377591
A119N,0.150487986625086
A119P,0.0253150951792859
A119Q,0.066674033265319
A119R,0.274324077668666
A119S,0.0373563577702927
A119T,0.0691393954243886
A119V,0.144406315527914
A119W,0.0241700739511766
A119Y,0.0324056300368575
G120A,0.0229960538049966
G120C,0.252019983519937
G120D,0.0172765512519182
G120E,0
G120F,0.00443162583784019
G120H,0.0615421254259272
G120I,0.204562643331605
G120K,0.158701739577285
G120L,0.158148072010281
G120M,0.240849462573168
G120N,0.0266533934192847
G120P,0.000136297409499116
G120Q,0.0919918838695988
G120R,0.18611952414974
G120S,0.0689651659307325
G120T,0.127940786265101
G120V,0.240233516539581
G120W,1
G120Y,0.0960243527948221
L121A,0.133750166629121
L121C,0.304359116679393
L121D,0.137812739941666
L121E,0.100651613678311
L121F,0.0795424631970835
L121G,0.158107134066108
L121H,0.0132443573831302
L121I,0.187450700832062
L121K,0.217608233192012
L121M,0.0308807681881653
L121N,0.110199887529196
L121P,0.878394903604751
L121Q,0.0189601931055012
L121R,0.256691173166955
L121S,0.112333237084723
L121T,0.116268460041629
L121V,0.0512059092076373
L121W,0.0749080042671575
L121Y,0.0504878570517903
P122A,0.081307750105832
P122C,0.108572105777724
P122D,0.145132887560178
P122E,0.0607402744891943
P122F,0.124757844204793
P122G,0.406723375441976
P122H,0.0890020816146351
P122I,0.329151497201978
P122K,0.0871050525370756
P122L,0.0733979571847436
P122M,0.27801912288343
P122N,0.0784709997166193
P122Q,0.213785571003082
P122R,0.320677039026833
P122S,0.0834188393005212
P122T,0.0237775399236351
P122V,0.128501547717268
P122W,0.0737091507715353
P122Y,0.0623710134014848
Y123A,0.0640414707515528
Y123C,0.106050086927317
Y123D,0.153810097429305
Y123E,0.0767400888507545
Y123F,0.161464257589404
Y123G,0.242092333869211
Y123H,0.128500634833344
Y123I,0.0637093740157476
Y123K,0.00914740787939059
Y123L,0.126738829698663
Y123M,0.113666033562575
Y123N,0.0741752817135409
Y123P,0.0658669616936713
Y123Q,0.134003883709304
Y123R,0.0508753648162748
Y123S,0.104348822329016
Y123T,0.301960775170588
Y123V,0.0459516911940256
Y123W,0.0736540001146091
G124A,0.175367741972192
G124C,0.113583016439482
G124D,0.0205312859911023
G124E,0.0707309352039759
G124F,0.162424754827284
G124H,0.127061747664432
G124I,0.0750769553704691
G124K,0.068899828172817
G124L,0.128160594465291
G124M,0.142290971477592
G124N,0.117418873763589
G124P,0.217114623304053
G124Q,0.0776246597607319
G124R,0.022387234869832
G124S,0.327127855570562
G124T,0.141244558179819
G124V,0.18236867355624
G124W,0.202274802051803
G124Y,0.387553282015631
A125C,0.0719784385181072
A125D,0.094011370000331
A125E,0.0403465089521236
A125F,0.114179809976444
A125G,0.101646571729224
A125H,0.0963893483863891
A125I,0.0733810287211683
A125K,0.0715642854238601
A125L,0.0757845456666431
A125M,0.123222696556549
A125N,0.0720316416271573
A125P,0.140468207298698
A125Q,0.230429977829521
A125R,0.0735224675223356
A125S,0.0763484542603176
A125T,0.0376519665284274
A125V,0.157282600728514
A125W,0.15443004783636
A125Y,0.0951215277577794
N126A,0.0421959918274069
N126C,0.090767641810329
N126D,0.324849045483269
N126E,0.131068336412209
N126F,0.319444802766556
N126G,0.0218291888556582
N126H,0.267268109066486
N126I,0.0794556454027186
N126K,0.0912093432832152
N126L,0.160876955087633
N126M,0.11187770493016
N126P,0.159870276926546
N126Q,0.0644571629491478
N126R,0.440529441319375
N126S,0.105997427638255
N126T,0.173178231588222
N126V,0.183819772944475
N126W,0.114810233025475
N126Y,0.00599750903909551
K127A,0.246023082364321
K127C,0.0265439204999529
K127D,0.000406307277627538
K127E,0.111907023501852
K127F,0.12178590284095
K127G,0.0234408044785118
K127H,0.0155882869938036
K127I,0.0319494777980184
K127L,0.0567882664766263
K127M,0.0914009111217891
K127N,0.0865733454170516
K127P,0.782585353213192
K127Q,0.0679267691447101
K127R,0.0255842804057668
K127S,0.0136216485253784
K127T,0.13424651923354
K127V,0.198357717328153
K127W,0.189546140410629
K127Y,0.050151677074977
D128A,0.270703676200083
D128C,0.681987555978908
D128E,0.233433718642625
D128F,1
D128G,0.315978805092255
D128H,0.232327362776284
D128I,0.536286575990192
D128K,0.229835869169375
D128L,1
D128M,0.219638866114071
D128N,0.144334379507753
D128P,0.0588061013804963
D128Q,0.257827100063599
D128R,0.353429769684218
D128S,0.199032831433213
D128T,0.566413567465369
D128V,0.115778859868482
D128W,0.598967643298793
D128Y,0.629494155981543
G129A,0.134364245357315
G129C,0.738323692474188
G129D,0.0494387876274068
G129E,0
G129F,0.918933273871256
G129H,0.110670009690564
G129I,0.637965471243504
G129K,0.101579881255247
G129L,0.431254940338511
G129M,0.216523337927655
G129N,0.0485611499166259
G129P,0.110078831347111
G129Q,0.192315087729372
G129R,0.0576669529093956
G129S,0.0213970991696128
G129T,0.137753861388262
G129V,0.901498414847007
G129W,0.706424145502168
G129Y,0.313759235558249
I130A,0.275834720415986
I130C,1
I130D,1
I130E,0.4140536967524
I130F,0.133260014459
I130G,0.873272287354915
I130H,0.0904913726839482
I130K,0.494132774170727
I130L,0.0251553637907497
I130M,0.0582077469007694
I130N,0.0560267014857549
I130P,0.381663857962738
I130Q,0.0523684935608827
I130R,0.548411058767635
I130S,0.194757483476157
I130T,0.021733959778232
I130V,0.128050701605018
I130W,0.845336996595375
I130Y,0.0464955115836255
I131A,0.133831947846637
I131C,0.124074469726402
I131D,0.154287964384937
I131E,0.117088451987314
I131F,0.160151847344085
I131G,0.0501129106834155
I131H,0.0950408957383573
I131K,0.0560845391816066
I131L,0.0519852172962891
I131M,0.057166822948703
I131N,0.0843180790819718
I131P,0.356861590141686
I131Q,0.104728621547714
I131R,0.125543482769722
I131S,0.0372091927932588
I131T,0.10677836799774
I131V,0.0300709709119131
I131W,0.0812187272267132
I131Y,0.304346619548241
W132A,1
W132C,1
W132D,0.412227411307482
W132E,0.709670332066171
W132F,0.0329496120568932
W132G,0.856703910487654
W132H,0.101175929559625
W132I,0.40079714948526
W132K,0.461676097559339
W132L,1
W132M,0.204645191071034
W132N,0.394965820979305
W132P,0.818202142604454
W132Q,0.569935464232677
W132R,0.386330270116381
W132S,0.223055194034999
W132T,0.829931471934173
W132V,1
W132Y,0
V133A,0.0404612157406371
V133C,0.693275708866426
V133D,0.017185818118196
V133E,0.0444638152875419
V133F,0.186147161838926
V133G,0.149445510523436
V133H,0.0574885266285343
V133I,0.0761811185784417
V133K,0.271024672840803
V133L,0.153274765378107
V133M,0.109461417491588
V133N,0.322605620753804
V133P,0.720894574629905
V133Q,0.0466992437992459
V133R,0.189587883034639
V133S,0.357983330713162
V133T,0.0320813454626744
V133W,0.397915949296051
V133Y,0.0725752451116615
A134C,0.0665425020221588
A134D,0.0536769757201284
A134E,0.217522806225899
A134F,0.330854266070909
A134G,0.0775833808307216
A134H,0.073525882747386
A134I,0.103811281427507
A134K,0.262031523737846
A134L,0.0254015189146503
A134M,0.0541005254490831
A134N,0.137211650584372
A134P,0.769143039513606
A134Q,0.0469993262817041
A134R,0.240746657645273
A134S,0.118701918738001
A134T,0.0590868920243976
A134V,0.119231838018081
A134W,0.109806375774059
A134Y,0.464616847988983
T135A,0
T135C,0.0587101029181184
T135D,0.0325479344982724
T135E,0.277477665522231
T135F,0.126524917408937
T135G,0.0674867338194193
T135H,0.0776546928727279
T135I,0.0398975347461225
T135K,0.319225936082386
T135L,0.105300611658142
T135M,0.0589539629852613
T135N,0.0706474798827464
T135P,0.766879868614114
T135Q,0.17719029575269
T135R,0.129773604909141
T135S,0.129822518104606
T135V,0.489169337580064
T135W,0.0380901510685279
T135Y,0.105464507746774
E136A,0.131423753878801
E136C,0.152068324414847
E136D,0.122294054327148
E136F,0.412177117399284
E136G,0.0445192458206008
E136H,0.284314467315755
E136I,0.206513211356697
E136K,0.0793936701812501
E136L,0.203760398403271
E136M,0.124839318390857
E136N,0.188817676249977
E136P,0.163026010237311
E136Q,0.0447857252624744
E136R,0.110637662452569
E136S,0.202378009316296
E136T,0.157929460476438
E136V,0.115310048822794
E136W,0.297355900278042
E136Y,0.176374645247075
G137A,0.0897493711194926
G137C,0.0480511413541643
G137D,0.111307775277541
G137E,0.3795982144054
G137F,0.0369950111497602
G137H,0.0405769122292933
G137I,0.0201229168052491
G137K,0.107724844118193
G137L,0.252267631295148
G137M,0.158755748336878
G137N,0.0597891303002791
G137P,0.121756747529052
G137Q,0.169028940286168
G137R,0.0683628117913001
G137S,0.0595626009627933
G137T,0.0708594307202666
G137V,0.0531926950333906
G137W,0.0400868035762973
G137Y,0.0763131515741459
A138C,0.108459124073143
A138D,0.192717583082286
A138E,0.183899953553312
A138F,0.17987266339159
A138G,0.0857402553771918
A138H,0.157390608596773
A138I,0.0729477703021485
A138K,0.0522978208300313
A138L,0.33426345415285
A138M,0.129248299255072
A138N,0.0506646382679928
A138P,0.443136912687517
A138Q,0.203667659392431
A138R,0.0913490844872949
A138S,0.130142986874217
A138T,0
A138V,0.127168011345145
A138W,0.0938067549555757
A138Y,0.102145253432462
L139A,0.0922445624234228
L139C,0.0862089128386625
L139D,0.101522522398096
L139E,0.307559113282094
L139F,0.142426433245128
L139G,0.0270390732205002
L139H,0.125249079687804
L139I,0.19280511734452
L139K,0.172573754581414
L139M,0.187319754869041
L139N,0.239321302179785
L139P,0.084586333395606
L139Q,0.0697644033000917
L139R,0.0983595907773431
L139S,0.113142725434805
L139T,0.252823251418503
L139V,0.027230913010496
L139W,0.156767692076579
L139Y,0.0385799340318045
N140A,0.0610675788699995
N140C,0.030858272302089
N140D,0.0582891971034362
N140E,0.0347925541036221
N140F,0.188261046429292
N140G,0.0500605330296176
N140H,0.141424895515976
N140I,0.099913138503539
N140K,0.123099652832682
N140L,0.214628353531019
N140M,0.0756036613524007
N140P,0.448261334356435
N140Q,0.092816792935273
N140R,0.238549320454509
N140S,0.0465367302104671
N140T,0.015687812108687
N140V,0.0809033392089916
N140W,0.0400594967480716
N140Y,0.178301406551019
T141A,0.0610328671913938
T141C,0.0378541903570865
T141D,0.110382181776482
T141E,0.0541134452694042
T141F,0.0533274980211213
T141G,0.120664267165306
T141H,0.0710271017179668
T141I,0.0146704228503066
T141K,0.0771819098647172
T141L,0.0204803539333927
T141M,0.0262803798571938
T141N,0.167083664160872
T141P,0.0504535883909299
T141Q,0.179312564943161
T141R,0.209648166390241
T141S,0.0893931253102492
T141V,0.00316319759763721
T141W,0.0621405281500961
T141Y,0.513781831273846
P142A,0.0828213084473805
P142C,0.144606437546395
P142D,0.0400524543124894
P142E,0.20722602473873
P142F,0.143706936962999
P142G,0.0505899050581793
P142H,0.136265545172528
P142I,0.0875599449459994
P142K,0.174556105322105
P142L,0.0854057753772952
P142M,0.0621465599965546
P142N,0.11004304594071
P142Q,0.0830248867927424
P142R,0.187258977586286
P142S,0.0389294057698612
P142T,0.139136227620543
P142V,0.124766371113179
P142W,0.213432715657421
P142Y,0.161529207009191
K143A,0.0827360223713354
K143C,0.419035521218769
K143D,0.1502536659652
K143E,0.108091031318505
K143F,0.19674891973341
K143G,0.057723024924973
K143H,0.159858875704921
K143I,0.0887155758497146
K143L,0.154735819171862
K143M,0.0699459197229346
K143N,0.0179427061554622
K143P,0.0887584701593048
K143Q,0.0306206989692285
K143R,0.559436024219611
K143S,0.0531336176551164
K143T,0.0531539839128643
K143V,0.0560638509694128
K143W,0.109535313898278
K143Y,0.16747827099125
D144A,0.167186024578898
D144C,0.221288817302998
D144E,0.0786496950936585
D144F,0.137526986129491
D144G,0.277711163691256
D144H,0.101098569019391
D144I,0.136396992283421
D144K,0.202177229152465
D144L,0.148247566104812
D144M,0.216183186579927
D144N,0.310454091175059
D144P,0.348529037996683
D144Q,0.10707964252234
D144R,0.139719421240749
D144S,0.088804321462541
D144T,0.299777242291979
D144V,0.161766550790161
D144W,0.0870130386778617
D144Y,0.300737714005415
H145A,0.127254428594974
H145C,1
H145D,0.12964430351127
H145E,0.0366659651700392
H145F,0.0588905379077436
H145G,0.0595899845185759
H145I,0.2029533836056
H145K,0.0812727673689774
H145L,0.0921631981186417
H145M,0.102774646279529
H145N,0.00357516264828059
H145P,0.222873687034205
H145Q,0.127013048039892
H145R,0.00841934217312388
H145S,0.0293506256452739
H145T,0.0898925718819933
H145V,0.2021296123417
H145W,0.508033228544564
H145Y,0.0557901438334049
I146A,0.0888687026271125
I146C,0.216910203440197
I146D,0.545498203196985
I146E,0.113587879439892
I146F,0.197363760107577
I146G,0.203079742118748
I146H,0.428015284827992
I146K,0.0497546431211082
I146L,0.0139669602233848
I146M,0.0547944727726118
I146N,0.0346370136941275
I146P,0.0355971354947302
I146Q,0.0672523850045084
I146R,0.0219947672955708
I146S,0.0955728877460509
I146T,0.111745482625347
I146V,0.0519132849989478
I146W,0.0417787427854134
I146Y,0.0517554844389326
G147A,0.020485421660165
G147C,0.121835173092804
G147D,0.0716604926911839
G147E,0.345434853969588
G147F,0.0936017916488199
G147H,0.0691720407763861
G147I,0.397030144472763
G147K,0.124479128720701
G147L,0.12765558028421
G147M,0.0358654386253165
G147N,0.0509486435594081
G147P,0.258728460210511
G147Q,0.0597365111261396
G147R,0.109910231020087
G147S,0.0409637994076238
G147T,0.0645569872468025
G147V,0.15884046123855
G147W,0.048779400747916
G147Y,0.126204500061524
T148A,0.0723572467019402
T148C,0.121990088656365
T148D,0.00836038034674846
T148E,0.106995608208143
T148F,0.0330115695136583
T148G,0.010249147744381
T148H,0.0207129116322894
T148I,0.644657747481991
T148K,0.0408136057937799
T148L,0.07251022185353
T148M,0.0697060907936815
T148N,0.216653525780104
T148P,0.0424677727348108
T148Q,0.0899909889349017
T148R,0.0119662651134204
T148S,0.0518827004851788
T148V,0.04444174887797
T148W,0.0960240001266826
T148Y,0.0821649802883857
R149A,0.587570814154495
R149C,0.0080429426970639
R149D,0.828882301182454
R149E,0.333547020526238
R149F,0.519960655065473
R149G,0.309355322271404
R149H,0.15185434251522
R149I,0.270777641325865
R149K,0.316532138282059
R149L,0.108875313398911
R149M,0.118370438737922
R149N,0.144404956779443
R149P,0.587823115853848
R149Q,0.391577736710348
R149S,0.171218183728136
R149T,0.474632976823888
R149V,0.779957777676666
R149W,0.642326331148674
R149Y,0.208190772745682
N150A,0.0694882063494967
N150C,0.536006934093741
N150D,0.250480625045597
N150E,0.0784556117597583
N150F,0.087395898736747
N150G,0.0677423472762854
N150H,0.166840151735916
N150I,0.0420453116685938
N150K,0.235541961418139
N150L,0.16577155817956
N150M,0.107543387686707
N150P,0.0721331256031773
N150Q,0.0582131915029456
N150R,0.0786077107684349
N150S,0.0203545125523114
N150T,0.110674594737014
N150V,0.149288207283097
N150W,0.110983962681953
N150Y,0.0588947919030055
P151A,0.0690992523082259
P151C,0.280575291025356
P151D,0.00470090119995782
P151E,0.0350600279471589
P151F,0.354139429635854
P151G,0.187436507431454
P151H,0.127080716932568
P151I,0.164037557562254
P151K,0.0724538215961131
P151L,0.153667470409534
P151M,0.0474094803113573
P151N,0.0375111400506323
P151Q,0.0798117738102094
P151R,0.0182345624117145
P151S,0.220307182064821
P151T,0.0293074101895274
P151V,0.0715726981589642
P151W,0.108386886945986
P151Y,0.600207060893709
A152C,0.37268364915109
A152D,0.126180880421865
A152E,0.182997709841003
A152F,0.0517916240724367
A152G,0.137289388694105
A152H,0.0133497197639526
A152I,0.177788835282325
A152K,0.913487874428614
A152L,0.00634879806674776
A152M,0.193189778365942
A152N,0.0834953846774074
A152P,0.0872293528489732
A152Q,0.122301647226204
A152R,0.0377960258258175
A152S,0.140747816217979
A152T,0.0463089396001759
A152V,0.05254266815144
A152W,0.205515890427883
A152Y,0.021082541923865
N153A,0.171412971579129
N153C,0.528800401039443
N153D,0.13941019062098
N153E,0.262586602704035
N153F,0.417820642363442
N153G,0.086006650008749
N153H,0.295266666162397
N153I,0.240742779263702
N153K,0.350259861512954
N153L,0.110747582223584
N153M,0.0963635189508248
N153P,0
N153Q,0.287903203986834
N153R,0.0536077479886593
N153S,0.152361620697559
N153T,0.238434020063518
N153V,0.0993180437160101
N153W,0.168638738888536
N153Y,0.0908960941095738
N154A,0.12958954938699
N154C,0.516628729265955
N154D,0.0773594205851395
N154E,0.102275438349907
N154F,0.11742220189157
N154G,0.110519612341267
N154H,0.0999529159318643
N154I,0.136647626609623
N154K,0.0999646969827495
N154L,0.017911866204628
N154M,0.0617454784777163
N154P,0.071352343984861
N154Q,0.0533272722785847
N154R,0.190918091262865
N154S,0.0720402279524594
N154T,0.0512855409613962
N154V,0.0871612598307843
N154W,0.538041346181865
N154Y,0.0680175458703307
A155C,0.28357958051628
A155D,0.0415768831970205
A155E,0.0446477216616465
A155F,0.112888604606018
A155G,0.0534776598390255
A155H,0.611928856942453
A155I,0.0342995698408179
A155K,0.493163032469353
A155L,0.111407979403377
A155M,0.126049746129101
A155N,0.0525235400245282
A155P,0.0875388507402673
A155Q,0.347230335729006
A155R,0.252650787109677
A155S,0.172822523396663
A155T,0.0766097396968391
A155V,0.0544992798058012
A155W,1
A155Y,0.225183192149399
A156C,0.68018389304999
A156D,0.207296992986959
A156E,0.860979738704419
A156F,0.0787971219222588
A156G,0.0945431200545707
A156H,0.156753856956859
A156I,0.0333624826579455
A156K,0.729065304740726
A156L,0.0974454501278563
A156M,0.131799594985646
A156N,0.0914084887606089
A156P,0.0738337679548305
A156Q,0.175880785089565
A156R,0.0230324392976105
A156S,0.037120388037189
A156T,0.0265374371110175
A156V,0.221708172861043
A156W,0.384353169216853
A156Y,0.245678616147239
I157A,0.264718421020438
I157C,0.574787008014261
I157D,0.0919458663407896
I157E,0.0490640344335842
I157F,0.0398925262878961
I157G,0.040803013534186
I157H,0.0855063713160538
I157K,0.119270531628827
I157L,0.0795346495955907
I157M,0.0340984564182597
I157N,0.0921156970148308
I157P,0.0275632555769557
I157Q,0.0208897937756611
I157R,0.0389517720700781
I157S,0.0541661115917795
I157T,0.0163273594242937
I157V,0.0369108701007338
I157W,0.102182949935804
I157Y,0.144129997929422
V158A,0.149321897545829
V158C,0.786488713172663
V158D,0.0570713420556318
V158E,0.212318269420959
V158F,0.065327836795016
V158G,0.0204075160474368
V158H,0.0533425019492332
V158I,0.178426938775293
V158K,0.289699705092372
V158L,0.0549545920083337
V158M,0.0413972404669589
V158N,0.170087391248583
V158P,0.0382717370725087
V158Q,0.186163306106922
V158R,0.313712213807574
V158S,0.152404971479255
V158T,0.154474929349522
V158W,0.0592254196280689
V158Y,0.257741942506778
L159A,0.0617238878839568
L159C,0.626025476560016
L159D,0.058116476876353
L159E,0.0425241850640758
L159F,0.0430873810710186
L159G,0.0649711917776372
L159H,0.0439718574625134
L159I,0.291157039446089
L159K,0.320015026142825
L159M,0.12578050810817
L159N,0.0213364378872546
L159P,0.0380618440294277
L159Q,0.0372246194901051
L159R,0.189461728489908
L159S,0.117829110511986
L159T,0
L159V,0.0803869667655378
L159W,0.0115965381171726
L159Y,0.000328748971435441
Q160A,0.0488724176078847
Q160C,0.0730653240303991
Q160D,0.0704019455106574
Q160E,0.0816561287781506
Q160F,0.0759692279923205
Q160G,0.0494817156629733
Q160H,0.118016736484139
Q160I,0.0834003523432947
Q160K,0.332260182883151
Q160L,0.15237623683308
Q160M,0.0919561449869766
Q160N,0.0770449472865772
Q160P,0.0866020227199674
Q160R,0.245897381696805
Q160S,0.0423252208231792
Q160T,0.427858065393688
Q160V,0.104333358295252
Q160W,0.156018782693737
Q160Y,0.077882113645183
L161A,0.0986234845695038
L161C,0.631276027251665
L161D,0.0319058674560164
L161E,0.203812515480192
L161F,0.0948753876849759
L161G,0.2092539385563
L161H,0.061113447950306
L161I,0.0474446222224538
L161K,0.0854151544603617
L161M,0.072954382688363
L161N,0.03623316473371
L161P,0.185086310818828
L161Q,0.0602265069423095
L161R,0.18969869886092
L161S,0.0673607127351708
L161T,0.0683676200377488
L161V,0.0677871877743919
L161W,0.27447251625145
L161Y,0.340873771402822
P162A,0.0668046233647946
P162C,0.0329244978655502
P162D,0.0822279585269593
P162E,0.119444932686416
P162F,0.0704179102258231
P162G,0.0434845526889473
P162H,0.091659929466171
P162I,0.223048046768041
P162K,0.0413225343091591
P162L,0.153130774779891
P162M,0.0980749343289226
P162N,0.069248087726862
P162Q,0.0883236213003104
P162R,0.248588850761145
P162S,0.0379895262836635
P162T,0.0245256184026865
P162V,0.109169596561536
P162W,0.13802033117951
P162Y,0.0603049496650887
Q163A,0.120615851148716
Q163C,0.552378237977567
Q163D,0.0681689446223851
Q163E,0.112331323673581
Q163F,0.413129226980297
Q163G,0.256819819620859
Q163H,0.0416391631510216
Q163I,0.145518258097973
Q163K,0.150100777722275
Q163L,0.10596816693727
Q163M,0.0431934205650407
Q163N,0.0499628737153298
Q163P,0.154382682057299
Q163R,0.756035478316851
Q163S,0.226701918917558
Q163T,0.195687922051708
Q163V,0.0386396527292664
Q163W,0.210276098798643
Q163Y,0.237698551941929
G164A,0.0360914691809477
G164C,0.0926332610688917
G164D,0.264466387602454
G164E,0.0839439868993077
G164F,0.0244659055854749
G164H,0.473395779292274
G164I,0.055628935828255
G164K,0.20622488591369
G164L,0.120302870843177
G164M,0.331904771689704
G164N,0
G164P,0.099073657172955
G164Q,0.0317726230296233
G164R,0.26176158089909
G164S,0.0064860060832286
G164T,0.123076338329144
G164V,0.045699177627777
G164W,0.121512765205215
G164Y,0.294311243776609
T165A,0.0285476704803387
T165C,0.165724434075547
T165D,0.0718615791152898
T165E,0.220993408864568
T165F,0.192681303905202
T165G,0.308991510179826
T165H,0.26918994333652
T165I,0.133667770345615
T165K,0.222981775127905
T165L,0.0616627002119847
T165M,0.75495087631174
T165N,0.0913308097971467
T165P,0.430888647344592
T165Q,0.292279265613065
T165R,0.279453111656746
T165S,0.044731421583254
T165V,0.194185547378272
T165W,0.165691747721434
T165Y,0.227511265879738
T166A,0.144059619212534
T166C,0.237042321913541
T166D,0.0747818170206994
T166E,0.0897016124807753
T166F,0.0680232031744749
T166G,0.107113604771494
T166H,0.173332337842358
T166I,0.463742753856816
T166K,0.439613542358621
T166L,0.0471634397821757
T166M,0.0824803773583903
T166N,0.261594191844423
T166P,0.0396302113433707
T166Q,0.0623894083810114
T166R,0.256952638586379
T166S,0.0711618497013827
T166V,0.0948723454420564
T166W,0.0492047371931346
T166Y,0.0299949116487273
L167A,0.118623240995639
L167C,0.127024391723627
L167D,0.100792948771049
L167E,0
L167F,0.337232074684305
L167G,0.0298989669119227
L167H,0.0679856780263648
L167I,0.173840911738025
L167K,0.0870192754288617
L167M,0.123557989735302
L167N,0.357189021258285
L167P,0.0764392136953692
L167Q,0.103941367916858
L167R,0.0344231116909752
L167S,0.0646725473878086
L167T,0.0326472852540527
L167V,0.173239548018479
L167W,0.173578764350895
L167Y,0.116224200895336
P168A,0.0589373992091749
P168C,0.0602271993442655
P168D,0.0777888732779277
P168E,0.0657278031427406
P168F,0.167689736909949
P168G,0.0684103154618984
P168H,0.064848395353719
P168I,0.484031141092877
P168K,0.0981937490334251
P168L,0.162303823793471
P168M,0.228719720724224
P168N,0.122130974742611
P168Q,0.179949542548189
P168R,0.0343267028760367
P168S,0.0845509322513485
P168T,0.0571404368536812
P168V,0.180561887778929
P168W,0.0829429012667351
P168Y,0.0474776765742531
K169A,0.0154403420818327
K169C,0.062043965812316
K169D,0.057435569745826
K169E,0.0272156537320805
K169F,0.0592164119659258
K169G,0.032276218409732
K169H,0.174173938043407
K169I,0.0701089604349277
K169L,0.144925160892535
K169M,0.0880400810194413
K169N,0.135399247462805
K169P,0.162437735579788
K169Q,0.0404661511607721
K169R,0.115544895468607
K169S,0.054096826681704
K169T,0.0161286995377624
K169V,0.207766145946353
K169W,0
K169Y,0.121124594869313
G170A,0.230665462103973
G170C,0.237323650147817
G170D,0.121715834643458
G170E,0.151302112003078
G170F,0.0870069754382561
G170H,0.0401740189930187
G170I,0.0127541918122883
G170K,0.0423826527217624
G170L,0.0333332352106277
G170M,0.116043089582472
G170N,0.0773299392774803
G170P,0.0602909998733549
G170Q,0.0219499617276576
G170R,0.118069741779199
G170S,0.0522005381613931
G170T,0.0484751691988332
G170V,0.189802560418631
G170W,0.500479146899661
G170Y,0.152776804553629
F171A,0.0109253312837634
F171C,0.0526885023281491
F171D,0.0297745473953238
F171E,0.0791673940216161
F171G,0.0473026175211359
F171H,0.0435191879360114
F171I,0.0366737987197302
F171K,0.109366720876237
F171L,0.0480447759106996
F171M,0.0393189231177592
F171N,0.0430758988001071
F171P,0
F171Q,0.243472974116145
F171R,0.0622243617310489
F171S,0.206515951300416
F171T,0.0646358086205674
F171V,0.0696894580743308
F171W,0.0563517022063651
F171Y,0.0900519057525065
Y172A,0.52510378641959
Y172C,0.0751547846522592
Y172D,0.163884143554742
Y172E,0.103833862748964
Y172F,0.0984067296583621
Y172G,0.0188964755963441
Y172H,0.0967427003848613
Y172I,0.269979501822454
Y172K,0.172237453326303
Y172L,0.180089931384929
Y172M,0.0569171719032402
Y172N,0.0649668957829417
Y172P,0.0362636415411007
Y172Q,0.117040662932352
Y172R,0.0667629265888653
Y172S,0.925564181171256
Y172T,0.0290862791692057
Y172V,0.035174985744174
Y172W,0.0419594188160797
A173C,0.166346979546333
A173D,0.0769840268978461
A173E,0.0527221269583872
A173F,0.0906876056716771
A173G,0.262166730922438
A173H,0.049507267671831
A173I,0.104490209563068
A173K,0
A173L,0.256466667682461
A173M,0.157347367488934
A173N,0.0274255345728814
A173P,0.200863047449963
A173Q,0.14695441280984
A173R,0.189643342412446
A173S,0.0968095111691051
A173T,0.0685551188433374
A173V,0.0766097396968391
A173W,0.0323876592526124
A173Y,0.242755263973729
E174A,0.0210583578436898
E174C,0.195895355764491
E174D,0.0677216740825344
E174F,0.539990144226685
E174G,0.0369303139919466
E174H,0.212737909729461
E174I,0.0414515656483749
E174K,0.176214371214885
E174L,0.237323650147817
E174M,0.0129571530459916
E174N,0.102749480305245
E174P,0.0886103175904232
E174Q,0.0732580252464945
E174R,0.424713983272469
E174S,0.0503066673740898
E174T,0.0469317644583789
E174V,0.0765124094233676
E174W,0.098536031608071
E174Y,0.123082637732266
G175A,0.0661908549091237
G175C,0.138438544799366
G175D,0.0256122946664307
G175E,0.0333632149930348
G175F,0.052333358711127
G175H,0.231280668930648
G175I,0.037090161466345
G175K,0.129941551199537
G175L,0.0375846056813553
G175M,0.214465283391532
G175N,0.0476077214189843
G175P,0
G175Q,0.0695473847497082
G175R,0.333918539330788
G175S,0.0454693248033806
G175T,0.152637343158646
G175V,0.220076184596348
G175W,0.0368784444128743
G175Y,0.0400966065228742
S176A,0.0786293771611693
S176C,0.1540521939556
S176D,0.220640785370484
S176E,0.00290487791709057
S176F,0.0502489395273228
S176G,0.0672209623389012
S176H,0.0952437386605059
S176I,0.462641906304731
S176K,0.0279235953098423
S176L,0.106587463926037
S176M,0.0179200446077101
S176N,0.0373437705786158
S176P,1
S176Q,0.226321524469932
S176R,0.120907031014309
S176T,0.186011491858833
S176V,0.144636791739581
S176W,0.0119178784784114
S176Y,0.0492270523389791
R177A,0.102259261843454
R177C,0.0919090338521602
R177D,0.0229544193441648
R177E,0.0455785957567855
R177F,0.124907184288325
R177G,0.0370275234098918
R177H,0.0749180702656984
R177I,0.105123114263228
R177K,0.0590583662126798
R177L,0.253730719371293
R177M,0.028130373230339
R177N,0.43460955403798
R177P,0.234727501351682
R177Q,0.105892448545529
R177S,0.0520424491036277
R177T,0.105873919414403
R177V,0.101529982833095
R177W,0.0595800773971312
R177Y,0.102768246762334
G178A,0.0149624267316808
G178C,0.824361730234754
G178D,0.050059662181445
G178E,0.104185739821125
G178F,0.364643378969465
G178H,0.0847258437080293
G178I,0.281088492511697
G178K,0.433966837206409
G178L,0.0997983213589064
G178M,0.338611895657369
G178N,0.120195156907809
G178P,0.165229420441075
G178Q,0.0903820185441783
G178R,0.241232265673685
G178S,0.0166458884678891
G178T,0.0907136248293115
G178V,0.125568117770405
G178W,0.268507548803071
G178Y,0.503966296133948
G179A,0.0160553801154173
G179C,0.347810892635381
G179D,0.177393381603246
G179E,0.274300012508481
G179F,0.102926435265612
G179H,0.158856820467307
G179I,0.0632426110394168
G179K,0.115845959398256
G179L,0.177681369012163
G179M,0.32857489102771
G179N,0.00980789631399657
G179P,0.0855043102830342
G179Q,0.131568900783702
G179R,0.577096289375174
G179S,0.0720405960643231
G179T,0.141180906335153
G179V,0.145778241939207
G179W,0.660250790842939
G179Y,0.282290236491613
S180A,0.394023906097123
S180C,0.067286826697087
S180D,0.140313568645499
S180E,0.112746286136959
S180F,0
S180G,0.06937125121052
S180H,0.0174705435684988
S180I,0.0247909565847849
S180K,0.190497800882594
S180L,0.168202613841978
S180M,0.547242798973601
S180N,0.167594893871512
S180P,0.259247871055694
S180Q,0.105524323270385
S180R,0.14928928761386
S180T,0.00361209746812643
S180V,0.836878134731774
S180W,0.805234981378732
S180Y,0.104392895705829
Q181A,0.063713487833171
Q181C,0.105928873177205
Q181D,0.06063166289662
Q181E,0.0900657296339866
Q181F,0.442978825974571
Q181G,0.217103820987501
Q181H,0.10901196618796
Q181I,0.335819920632744
Q181K,1
Q181L,0.202510456782247
Q181M,0.280073080038205
Q181N,0.0511189199618161
Q181P,0.0127904615609529
Q181R,0.720011603644898
Q181S,0.0658939799204661
Q181T,0.111184421111612
Q181V,0.364033362421562
Q181W,0.28916693061884
Q181Y,0.27864148085019
A182C,0.286114504031595
A182D,0.0627732647666488
A182E,0.00648715060521258
A182F,0.133569079082251
A182G,0.0659138197823905
A182H,0.292817874634042
A182I,0.0383065832528679
A182K,0.330308202946403
A182L,0.0214130647869207
A182M,0.236446727228603
A182N,0.101341077983005
A182P,0.0191524349242098
A182Q,0.0983947820192364
A182R,0.625480520559222
A182S,0.108252893049881
A182T,0.270109034050805
A182V,0.0223875309972774
A182W,0.87022696348208
A182Y,0.437976394961073
S183A,0.1663271338079
S183C,0.0232536207131923
S183D,0.121910342272737
S183E,0.86429895361624
S183F,0.0606238750409832
S183G,0.163163194103773
S183H,0.194707776059151
S183I,0.0758204711120607
S183K,0.144059619212534
S183L,0.0598217789253574
S183M,0
S183N,0.0481637240048994
S183P,0.136845834043984
S183Q,0.0555460450954987
S183R,0.129493401653273
S183T,0.0213756899367469
S183V,0.0528591693949285
S183W,0.0474025157232128
S183Y,0.119007401617106
S184A,0
S184C,0.385546842169962
S184D,0.167970926770792
S184E,0.20964301392578
S184F,0.0786903108147765
S184G,0.415336328241484
S184H,0.019847482092999
S184I,0
S184K,0.162563978116347
S184L,0
S184M,0.217163525196774
S184N,0.106369200777625
S184P,0.180080741503386
S184Q,0.143376376324457
S184R,0
S184T,0.127392860222573
S184V,0.122861296537075
S184W,0.00175763446546853
S184Y,0.102540667601519
R185A,0.328920644402185
R185C,0.124820418082162
R185D,0.0441917681062038
R185E,0.0792508628114745
R185F,0
R185G,0.0927044742905561
R185H,0.833579526601181
R185I,0.106809121759067
R185K,0.189239962311335
R185L,0.108907023492271
R185M,0.0636052045598142
R185N,0.0132695974299213
R185P,0
R185Q,0.0481936290965186
R185S,0.0571005863525288
R185T,0.0157274593148399
R185V,0.334324811833317
R185W,0.139173385613973
R185Y,0
S186A,0.0677789633850834
S186C,0.214375228186338
S186D,0.277702969708866
S186E,0.0908040851652003
S186F,0.248962977508698
S186G,0.0648714331398545
S186H,0.608349089685627
S186I,0.0416357280961082
S186K,0.575410870966509
S186L,0.147772481830214
S186M,0.0606869546319255
S186N,0
S186P,0.0890656873891459
S186Q,0.0584659672718104
S186R,0.50015845224289
S186T,0.187993800865309
S186V,0.147610094487543
S186W,0.140226379452281
S186Y,0.160004105787494
S187A,0.438555799644241
S187C,0.121205723447166
S187D,0.143484210193214
S187E,0.0249398993601373
S187F,0.0136061328535781
S187G,0.0577148642573845
S187H,0.334362258174947
S187I,0.0643911195473953
S187K,0.125156298896765
S187L,0.0774067020287162
S187M,0.0244657102972382
S187N,0.208986641682728
S187P,0.213003268160419
S187Q,0.00722877978601142
S187R,0.327958279423233
S187T,0.274795805434314
S187V,0
S187W,0.180438287489189
S187Y,0.0402610145481995
S188A,0.0556415244084379
S188C,0.0460721453909265
S188D,0.00606194780769061
S188E,0.17451994390213
S188F,0.0278291891631467
S188G,0.398870275160716
S188H,0.0596567302172263
S188I,0.0272952756002537
S188K,0.120686266440987
S188L,0.0460990260219038
S188M,0.209011355042463
S188N,0.140212418243654
S188P,0.0104736987121765
S188Q,0.0327353323141512
S188R,0.0517315584567605
S188T,0.0656722679066035
S188V,0.124876724141225
S188W,0.68796067457854
S188Y,0.131247372207301
R189A,0.284975347205316
R189C,0.164031811521873
R189D,0.0705244002941998
R189E,0.229829219090517
R189F,0
R189G,0.0417094196502606
R189H,0.588477334541904
R189I,0.030792417610319
R189K,0.0529257313234731
R189L,0.0691639665953491
R189M,0.00946801191227078
R189N,0.181789507771594
R189P,0.293920585631375
R189Q,0.0529633820756428
R189S,0.0601604824064219
R189T,0.253942048517212
R189V,0.00601787264186062
R189W,0.112383429739858
R189Y,0.0542039719770364
S190A,0.226100055416007
S190C,0.122087541985672
S190D,0.127738977078158
S190E,0.123887924896457
S190F,0.620815814316909
S190G,0.0834643892020664
S190H,0.30394081510159
S190I,0.597056340898191
S190K,0.567078616668994
S190L,0.0666171649537731
S190M,0.086602314439905
S190N,0.0433745526706469
S190P,0.114914609545259
S190Q,0.0478101379111239
S190R,0.267592124367478
S190T,0.0301441561869438
S190V,0.0402291662125379
S190W,0.12563670458233
S190Y,0.194662057129861
R191A,0.0642415123439169
R191C,0.194863604611419
R191D,0.0545885053999512
R191E,0.0618655152173057
R191F,0.0122745180230397
R191G,0.0395678460160844
R191H,0.0312262091573913
R191I,0.0756597380965354
R191K,0.367227121807674
R191L,0.155715166694306
R191M,0.0626508061625896
R191N,0.040912477384057
R191P,0.0805451383291914
R191Q,0.186247519905589
R191S,0.0903200034362794
R191T,0.0808682549342552
R191V,0.042093389300792
R191W,0.154569476151855
R191Y,0.103170055818369
N192A,0.208099145056968
N192C,0.289253899313095
N192D,0.0457211973306201
N192E,0.101523981848273
N192F,0.242936614947156
N192G,0.129519727220747
N192H,0.0932640309352823
N192I,0.135307819894207
N192K,0.204530198989338
N192L,0.226019295316952
N192M,0.0425686658638797
N192P,0.201767978657916
N192Q,0.16126918485597
N192R,0.326038711222305
N192S,0.0913261654990662
N192T,0.0806968598047349
N192V,0.154782520267885
N192W,0.252975986285921
N192Y,0.232505144186537
S193A,0.00532113206251583
S193C,0.0815739995852212
S193D,0.170644260153588
S193E,0.12041049692479
S193F,0.819384563507793
S193G,0.127526718854285
S193H,0.0565749880797623
S193I,0.184829977273704
S193K,0.179311548002051
S193L,0.189245498265101
S193M,0
S193N,0.195423890605245
S193P,0.0152161826406978
S193Q,0.124860065665994
S193R,0.114054498313767
S193T,0.152756540040914
S193V,0.108931550926399
S193W,0.169897568891373
S193Y,0.170703158771027
S194A,0.201844127499561
S194C,0.37212435424439
S194D,0
S194E,0.0567634516035944
S194F,0.138792571891419
S194H,0.337451417087582
S194I,0.728625241681893
S194K,0.328526647689183
S194L,0.0222984325594863
S194M,0.298391534651634
S194N,0.0477685583156701
S194P,0.091598601811438
S194Q,0.205918932905194
S194R,0.141668423779982
S194T,0.179614080664677
S194V,0.085476655831628
S194W,0.0778418558133483
S194Y,0.0475496632221319
R195A,0.140590513551152
R195C,0.0814418075193817
R195D,0.00536695741462463
R195E,0.0751004812475926
R195F,0.0418582619581083
R195G,0.755344577075195
R195H,0.113316088793792
R195I,0.0736614150664623
R195K,0.352581948688995
R195L,0.083954764366865
R195N,0.0716326706180383
R195P,0.0307446462735258
R195Q,0.114902635871819
R195S,0.0141816227684072
R195T,0.107384921916498
R195V,0.208425785474838
R195Y,0
N196A,0.0814376783391692
N196C,0.244822707397127
N196D,0.148135417552813
N196E,0.0781568091904102
N196F,0.0920109373393039
N196G,0.184592202860401
N196H,0.123134367850213
N196I,0.0466349406944395
N196K,0.102942191234404
N196L,0.101757330044646
N196M,0.0939351307475886
N196P,0.193612244059449
N196Q,0.0560759975297948
N196R,0.401380547597499
N196S,0.12219315164206
N196T,0.0521250000670759
N196V,0.167660556395788
N196W,0.232448539160563
N196Y,0.0304835081421497
S197A,0.0490850279709868
S197C,0.0656327703304532
S197D,0.0715702745332064
S197E,0.267419492527424
S197F,0.088572470688267
S197G,0.178235824809397
S197H,0.6631603855907
S197I,0.0300279849441872
S197K,0.201286921695043
S197L,1
S197M,0.0859072797756712
S197N,0.158215766765211
S197P,0.0826999347071704
S197Q,0.311758057820746
S197R,0.125331338522113
S197T,0.427118919113583
S197V,0.134699350847128
S197W,0.216947973324544
S197Y,0.311998208116245
T198A,0.55158618217815
T198C,0.331291961793498
T198D,0.557086041925927
T198E,0.00425416265981518
T198F,0.0191018117481986
T198G,0.0729069799441216
T198H,1
T198I,0.0251645085264292
T198K,0.129641801456322
T198L,0.117363382802453
T198M,0.08949702155953
T198N,0.185695347308643
T198P,0.163055227648112
T198Q,0.0966268221897704
T198R,0.467831662439457
T198S,0.0515013107721205
T198V,0.142255955502954
T198W,0.283035983475267
T198Y,0.159018069143133
P199A,0.0629760544177153
P199C,0.1928231802931
P199D,0.178200916251343
P199E,0.0396961455024117
P199F,0.124484166378318
P199G,0.0901807801203566
P199H,0
P199I,0.0541520013879936
P199K,0.439748518359375
P199L,0.208080213945237
P199M,0.246197497456171
P199N,0.0749443105729947
P199Q,0.178650285679176
P199R,0.0672914145697241
P199S,0.430998525705092
P199T,0.349463898494086
P199V,0.0791768824325719
P199W,0.0703241701982626
P199Y,0.305849390371933
G200A,0.0479248251081524
G200C,0.227770587467557
G200D,0.0623072661360199
G200E,0.0724224901876455
G200F,0.141272425977745
G200H,0.154773204721879
G200I,0.214414398164369
G200K,0.0925800154022748
G200L,0.166001759013625
G200M,0.0860178996012292
G200N,0.138032600049085
G200P,0.0175506122595829
G200Q,0.102928158931919
G200R,1
G200S,0.0722203741978863
G200T,0.0249814368576649
G200V,0.102635975703455
G200W,0.43435573651814
G200Y,0.322258680865744
S201A,0.0151462750752648
S201C,0.174077564455922
S201D,0.077774320251772
S201E,0.246961013458484
S201F,0.0219272986842346
S201G,0.0974909660864091
S201H,0.0586676375893712
S201I,0.0337520779682705
S201K,0.0676689269205382
S201L,0.105463449939558
S201M,0.121198446867281
S201N,0.0581890065459439
S201P,0.0380813487658752
S201Q,0.170427568687234
S201R,0.321417634791106
S201T,0.0612321050486719
S201V,0.0624498677406054
S201W,0.10759211075945
S201Y,0.0877226850148795
S202A,0.0328231216939144
S202C,0.109918322173726
S202D,0.0544722493997704
S202E,0.0476186531575421
S202F,0.0266468659815092
S202G,0.0853953135417879
S202H,0.317264248092344
S202I,0.227200666598968
S202K,0.154038056187147
S202L,0.263741843218539
S202M,0.110534237331457
S202N,0.326566110922293
S202P,0.0606188036278843
S202Q,0.0435921741751106
S202R,0.470154057260962
S202T,0.176269430957869
S202V,0.0622630015608652
S202W,0.313855519101309
S202Y,0.0278113618545262
R203A,0.142974299880505
R203C,0.0580337994693446
R203D,0.188567525250285
R203E,0.446783742982375
R203F,0.191052628306409
R203G,0.219134973990506
R203H,0.070328096054803
R203I,0.0591335684725581
R203K,0.208198915269875
R203L,0.190270996824016
R203M,0.270761352066181
R203N,0.0584194749597242
R203P,0.0869549005423898
R203Q,0.0629184570695072
R203S,0.329556583063899
R203T,0.19930990929791
R203V,0.138188124235185
R203W,0.199848869657782
R203Y,0
G204A,0.0268359227522375
G204C,0.213832605724603
G204D,0.209136112994751
G204E,0.101213952747561
G204F,0.09826891663033
G204H,0.914143322552912
G204I,0.0991450497420663
G204K,0.166819402808596
G204L,0.0787868449589764
G204M,0.440578413218731
G204N,0.230661933652439
G204P,0.0499454737095583
G204Q,0.139105631394202
G204R,0.159915497410305
G204S,0.000256848197301332
G204T,0.0333124031030173
G204V,0.0640355048302637
G204W,0.329232295288834
G204Y,0.112859447347535
T205A,0.173576216560668
T205C,0.232783485212612
T205D,0.0528324342921218
T205E,0.041968274656185
T205F,0.0240869336476591
T205G,0.286913884096686
T205H,0.213501018336419
T205I,0.358621591569253
T205K,0.278233987077785
T205L,0.0215610250375063
T205M,0
T205N,0.174245954116154
T205P,0.0949524594865071
T205Q,0.1084098147452
T205R,0.0821560770542289
T205S,0.124318249931487
T205V,0.0393232579981638
T205W,0.376705318625774
T205Y,0.061833320814949
S206A,0.19235706380402
S206C,0.079351243419762
S206D,0.1540521939556
S206E,0.0582900193345515
S206F,0.362907863126708
S206G,0.22084909784487
S206H,0.0146226773836817
S206I,0.105177343147827
S206K,0.11323559124452
S206L,0.318096962654267
S206M,0.163887548397127
S206N,0
S206P,0.0480468217621691
S206Q,0.0655921016910339
S206R,0.105500296762424
S206T,0.316431533530422
S206V,0.489524030868781
S206W,0.501294166277142
S206Y,0.0648874594754947
P207A,0.200299268519942
P207C,0.250497269424282
P207D,0.216318488599513
P207E,0.082928357177313
P207F,0.169442598184108
P207G,0.225665646280906
P207H,0.179025168731752
P207I,0.116471284654614
P207K,0.53127189050634
P207L,0.168208341508277
P207M,0.611545831683539
P207N,0
P207Q,0.040899360673582
P207R,0.28335305141792
P207S,0.261471299357784
P207T,0.302428050314098
P207V,0.0989492574738916
P207W,0.123636968087633
P207Y,0.0577634715831406
A208C,0.252201286526065
A208D,0.0198528386679753
A208E,0.0199892088681367
A208F,0.0957270040681229
A208G,0.0883718328839896
A208H,0.195687922051708
A208I,0.279792092805847
A208K,0.162295151215709
A208L,0.212777980146426
A208M,0.34447010633499
A208N,0.35717903276048
A208P,0
A208Q,0.102056497413565
A208R,0.318707029904865
A208S,0.12058462548731
A208T,0.0824368979818176
A208V,0.0681093124346741
A208W,1
A208Y,0.0658967827221594
R209A,0.0974499426524431
R209C,0.176652848351817
R209D,0.0924110409654022
R209E,0.0723669614660124
R209F,0.0413435475480653
R209G,0.272112050585537
R209H,0.152428456900485
R209I,0.152901989560704
R209K,0.105324531375437
R209L,0.270816097135818
R209M,0.0358337440201101
R209N,0.0968921450584619
R209P,0.183304681344746
R209Q,0.148601549092951
R209S,0.0555141591443257
R209T,0.132421776872206
R209V,0.25861553598288
R209W,0.231838160426043
R209Y,0.228937929549905
M210A,0.0106036289527187
M210C,0.702251555266584
M210D,0.18895825715744
M210E,0.0503541130206941
M210F,0.214655915611613
M210G,0.612411173106884
M210H,0.0496537388779607
M210I,0.0642415123439169
M210K,0.158571472726343
M210L,0.195563593141421
M210N,0.109501626665891
M210P,0.0139153022802564
M210Q,0.269799518062781
M210R,0.375502406237963
M210S,0.11879889742978
M210T,0
M210V,0.0422533077630594
M210W,0.22388045310287
M210Y,0.181154155075591
A211C,0.0418028379884846
A211D,0.134679671866984
A211E,0.138227225366403
A211F,0.373068262437367
A211G,0.118217590967643
A211H,0.261910968123002
A211I,0.228579725691156
A211K,0.177926688965891
A211L,0.5034882128362
A211M,0.104491046018403
A211N,0.087832681379983
A211P,0.0344540694711947
A211Q,0.033198662307315
A211R,0.153584355580469
A211S,0.114973800887302
A211T,0.326295998340885
A211V,0.458409020813437
A211W,0.24565039904738
A211Y,0.420328862110371
G212A,0.0242570166632312
G212C,0.179072757064554
G212D,0.0380908127458417
G212E,0.0360346948139088
G212F,0.120869350069733
G212H,0.106863262635871
G212I,0.223667304274051
G212K,0.0882470894215601
G212L,0.108216474919335
G212M,0.316559324305246
G212N,0.236310612284882
G212P,0.501967255950279
G212Q,0.0936711823266141
G212R,0.306879372266773
G212S,0.144201006249509
G212T,0.138039935642687
G212V,0.0711975157489064
G212W,0.380494418678822
G212Y,0.410952847209985
N213A,0.214535955167694
N213C,0.615119560862573
N213D,0.094868114642255
N213E,0.0245521031699063
N213F,0.40986880605279
N213G,0.120310768273401
N213H,0.144229997974645
N213I,0.285857605384108
N213K,0.0655013633250735
N213L,0.173187144059612
N213M,0.313453043815484
N213P,0.00197755150509627
N213Q,0.269018671338804
N213R,0.091139376341961
N213S,0.0851085229477726
N213T,0.0468272224907057
N213V,0.149068415897421
N213W,0.462936943335935
N213Y,0.236718550477398
G214A,0.179399246722757
G214C,0.140726588255268
G214D,0.0464246695417225
G214E,0.00328776095938035
G214F,0.156174359838085
G214H,0.188263836092479
G214I,0.155902230261357
G214K,0.157258158506441
G214L,0.092250926072755
G214M,0.0916392783546718
G214N,0.0691104848042786
G214P,0.270486787278955
G214Q,0.196810998840923
G214R,0.133754823248451
G214S,0.350074350403887
G214T,0.116981419069454
G214V,0.191720359723485
G214W,0.115905789906464
G214Y,0.232064570199363
G215A,0.263125142055483
G215C,0.135431825696478
G215D,0
G215E,0.0356518644887156
G215F,0.481909102538631
G215H,0.061051352596884
G215I,0.171087868463404
G215K,0.115016531439328
G215L,0.192045100971265
G215M,0.423878084323379
G215N,0.0481860982634865
G215P,0.0878364764027409
G215Q,0.11740509532022
G215R,0.242735189050637
G215S,0.0990949656684944
G215T,0.0313394828998114
G215V,0.559071455875774
G215W,0.306794450385323
G215Y,0.365767757270773
D216A,1
D216C,0.359176505326773
D216E,0.123847764392799
D216F,0.531631501787044
D216G,0.110577707575626
D216H,0.398923046545414
D216I,0.253576036176208
D216K,0.286040323449787
D216L,0.42305589618555
D216M,0.571110277145931
D216N,0.567091975726137
D216P,0.139726300349875
D216Q,0.0600433156798282
D216R,0.333507358047849
D216S,0.251759554135497
D216T,0.410464840468378
D216V,1
D216W,0.083740185458204
D216Y,0.92138380217513
A217C,0.438786249546054
A217D,0.058145800679699
A217E,0.0570564663836314
A217F,0.35049674497474
A217G,0.0699501357965449
A217H,0.103260723950168
A217I,0.318152033856765
A217K,0.92629555811254
A217L,0.220824911680331
A217M,0.197323597387727
A217N,0.274459952280185
A217Q,0.0514670014964544
A217R,0.131547134212178
A217S,0.137151904087917
A217T,0.0993029468298774
A217V,0.461593804245384
A217W,0.325409926383408
A217Y,0.231031917806755
A218C,0.46122459693465
A218D,0.0635410727590738
A218E,0.0713194381515365
A218F,0.613299470044563
A218G,0.0257792848347612
A218H,0.0661346078135613
A218I,0.389844940756943
A218K,0.110104067094848
A218L,0.165236148297276
A218M,0.105201171996197
A218N,0.000891679755225841
A218P,0.00315385928550091
A218Q,0.471788860800415
A218R,0.17289701095745
A218S,0.148131216438866
A218T,0.017559704328385
A218V,0.0754946364725014
A218W,0.420829884675843
A218Y,0.722587630096279
L219A,0.0449596090384117
L219C,0.0129127792341903
L219D,0.0392368567197861
L219E,0.0676662626846659
L219F,0.0824244526253981
L219G,0.0693289342004156
L219H,0.0888056881664741
L219I,0.00967554748838704
L219K,0.0822393980923001
L219M,0.0404811668016639
L219N,0.150318608753057
L219P,0.0614310264391566
L219Q,0.136291506171826
L219R,0.156897708461832
L219S,0.111485944693233
L219T,0.109196086573484
L219V,0.0965383971318034
L219W,0.146878193794902
L219Y,0.0397779562416922
A220C,0.196013567183756
A220D,0.215064987423853
A220E,0.0489529831361849
A220F,1
A220G,0.117112927785285
A220H,0.0467562883125818
A220I,0.762767111820882
A220K,0.00382501467220224
A220L,0
A220M,0.171550589468819
A220N,0.0792046303026629
A220P,0.122038105577581
A220Q,0.0755695014384738
A220R,0.0173866472019363
A220S,0.0527285269541138
A220T,0.0504813406397698
A220V,0.292687722912153
A220W,0.370968397860133
A220Y,0.388154172224835
L221A,0.159067135601198
L221C,0.0243761274375464
L221D,0.0757171357712735
L221E,0.349825075398424
L221F,0.220609169716477
L221G,0.0575345046379873
L221H,0.266766078319677
L221I,0.181284125582034
L221K,0.153308679385942
L221M,0.0788575036404175
L221N,0.0339394152188678
L221P,0.102988721782859
L221Q,0.0724692324686495
L221R,0.174149147222871
L221S,0.0190495025415134
L221T,0.129865767300897
L221V,0.0523993393824471
L221W,0.173181390333896
L221Y,0.168087176193989
L222A,0.0228656305450372
L222C,0.13604740457335
L222D,0.0210409125914261
L222E,0.191202821600523
L222F,0.0545881537118122
L222G,0.132415641445359
L222H,0.0269517160826267
L222I,0.0270466820733795
L222K,0.058131348465293
L222M,0.114969496136626
L222N,0.0723110179473389
L222P,0.000854763224606356
L222Q,0.355077963349724
L222R,0.0845252513737926
L222S,0.0757978389652769
L222T,0.0470647908087593
L222V,0.118183076739006
L222W,0.0752417207423312
L222Y,0.228714129384819
L223A,0.0779068573047779
L223C,0.0439291738941876
L223D,0.0571939521273236
L223E,0.0767554367265159
L223F,0.0278816315345401
L223G,0.0263533370494598
L223H,0.1031745913757
L223I,0.166665804614942
L223K,0.353930631425018
L223M,0.121727653921519
L223N,0.0713954880822788
L223P,0.0408159179531037
L223Q,0.0753931987741973
L223R,0
L223S,0.277872587388503
L223T,0.102684470576826
L223V,0.00964585520069894
L223W,0.095981443172832
L223Y,0.0323092508681876
L224A,0.0275383798809714
L224C,0.113424792121829
L224D,0.0976891568209506
L224E,0.00135435759209179
L224F,0.107630456408848
L224G,0.0916077416401612
L224H,0.0787253837266896
L224I,0.0900336570847413
L224K,0.0506823557563279
L224M,0.0300046897789492
L224N,0.0914813979457418
L224P,0.0644360159901296
L224Q,0.043262308979257
L224R,0.171274144722993
L224S,0.0152776804553629
L224T,0.0032427706182615
L224V,0.0614320308804435
L224W,0.275433078938797
L224Y,0.137686187362534
D225A,0.275714503231383
D225C,0.482734515256962
D225E,0.0473021022308516
D225F,0.35060286002303
D225G,0.0597641435714698
D225H,0.263357258940472
D225I,0.231908090199275
D225K,0.183599600206053
D225L,0.158021547625404
D225M,0.350939675092456
D225N,0.701606766474964
D225P,0.0700817508686701
D225Q,0.0672938743941907
D225R,0.185498037432524
D225S,0.102713475005812
D225T,0.121959054952364
D225V,0.139733044200629
D225W,0.430397690806825
D225Y,0.184811341803951
R226A,0.0591056811449014
R226C,0.157814614981995
R226D,0.0749425510070953
R226E,0.029655643133909
R226F,0.136078797121186
R226G,0.0166855908242498
R226H,0.0111579008174398
R226I,0.0504631949386053
R226K,0.0821175324475754
R226L,0.0760476107148554
R226M,0.179615063034172
R226N,0.0132041454230931
R226P,0.184618592024499
R226Q,0.0729592015554094
R226S,0.0153160439070233
R226T,0.0898902492565668
R226V,0.0953726892982363
R226W,0.218040981479171
R226Y,0.14349212521366
L227A,0.0758373710050825
L227C,0.0483261832189981
L227D,0.0588117375330332
L227E,0.049350240545089
L227F,0.0869844693155298
L227G,0.168581956254452
L227H,0.123469168120909
L227I,0.0530986733372475
L227K,0.0625747786889186
L227M,0.151462750752648
L227N,0.0494378417473163
L227P,0.0536632253470334
L227Q,0.0778659663075893
L227R,0.0156884516574796
L227S,0.0604442014585484
L227T,0.274843123169086
L227V,0.0768664110869605
L227W,0.0400603120735974
L227Y,0.158733516751898
N228A,0.0392162225900025
N228C,0.0757828975930405
N228D,0.0368554715492873
N228E,0.204116967732045
N228F,0.0770576245111935
N228G,0.0570849106828256
N228H,0.0902013272811319
N228I,0.378661219484498
N228K,0.131841879600795
N228L,0.339128228462813
N228M,0.366703550882485
N228P,0.100648079525596
N228Q,0.0832379154042846
N228R,0.112515433305429
N228S,0.140902890773587
N228T,0.0690387432549621
N228V,0.157389504020659
N228W,0.148000694551886
N228Y,0.00620726367761849
Q229A,0.511409523129528
Q229C,0.175707776637059
Q229D,0.130548641578049
Q229E,0.0393668687194424
Q229F,0.0474040208994654
Q229G,0.163522314474996
Q229H,0.375823632485187
Q229I,0.180244429081819
Q229K,0.132227487826418
Q229L,0.209579983339808
Q229M,0.147509816593049
Q229N,0.0111322451962384
Q229P,0.0512467172617207
Q229R,0.201410313470315
Q229S,0.0762789581249996
Q229T,0.229259001326745
Q229V,0.0419558515451534
Q229W,0.143063414118997
Q229Y,0.141557375504306
L230A,0.0661961295011158
L230C,0.0299337511957187
L230D,0.0457508343159821
L230E,0.081676997059445
L230F,0.0767083857121788
L230G,0.0562356467776376
L230H,0.082274188987456
L230I,0.244002839997936
L230K,0
L230M,0.0991563446018424
L230N,0.0887786460909871
L230P,0
L230Q,0.0493800740913758
L230R,0.11249844137916
L230S,0.0319174256188239
L230T,0.0453739159300276
L230V,0.103842351004223
L230W,0.0414460114013496
L230Y,0.0184428172975283
E231A,0.105994745700739
E231C,0.241831352660981
E231D,0.0567903632791206
E231F,0.229460110741385
E231G,0.0535910700817028
E231H,0.56145098679493
E231I,0.128962444717257
E231K,0.223218400132727
E231L,0.126041829301735
E231M,0.25118991923406
E231N,0.0763743177715227
E231P,0.0899042924137698
E231Q,0.127204862775847
E231R,0.216647137647249
E231S,0.0578570270493134
E231T,0.109398741540247
E231V,0.167171254753441
E231W,0.185804171377746
E231Y,0.1351110811864
S232A,0.26401634650167
S232C,0.10801790479064
S232D,0.107458718388018
S232E,0.0906669995986911
S232F,0.234471358131294
S232G,0.196027732266903
S232H,0.0723199356893574
S232I,0.38802939377499
S232K,0.191458422735781
S232L,0.198771766091877
S232M,0.161016820450681
S232N,0.126309058425572
S232P,0.0484723693134648
S232Q,0.135514130715413
S232R,0.552577897573452
S232T,0.0491305846590601
S232V,0.0874170351697568
S232W,0.083869987942935
S232Y,0.111166260900332
K233A,0.0231578477980127
K233C,0.0382895266990374
K233D,0.029899174241282
K233E,0.140579165570552
K233F,0.0592697679061154
K233G,0.330048207401854
K233H,0.20518182835448
K233I,0.181140274369173
K233L,0.068808832274483
K233M,0.234425698947487
K233N,0.0117665685948169
K233P,0.0557749081106894
K233Q,0.196818188552665
K233R,0.0313419996075516
K233S,0.0598117312243584
K233T,0.0713073316436174
K233V,0.0272037354285665
K233W,0.290488100607176
K233Y,0.00379015114229662
M234A,0.0565992863934858
M234C,0.0673658308976236
M234D,0.137370364772612
M234E,0.0495699978949376
M234F,0.0475526835907543
M234G,0.176511588172711
M234H,0.0517496635040333
M234I,0.277288198585124
M234K,0.0536006934093741
M234L,0.307020932950821
M234N,0.0618025236508947
M234P,0.0179785083029476
M234Q,0.0177273559560143
M234R,0.0601524486349128
M234S,0.222254140812002
M234T,0.0860489981947375
M234V,0.104022871300481
M234W,0.330898331075111
M234Y,0.0402216333523069
S235A,0.110883262786638
S235C,0.469221702305509
S235D,0.0281006924740756
S235E,0.162092956259875
S235F,0.539134644437134
S235G,0.134380121253359
S235H,0.1917921612677
S235I,0.472859212725679
S235K,0.0664790295484683
S235L,0.149591740302174
S235M,0.138015848253332
S235N,0.372916085607254
S235P,0.108545604835284
S235Q,0.0914377443773282
S235R,0.341591340724192
S235T,0.0506225464370496
S235V,0.0676229796732119
S235W,0.168255621256293
S235Y,0.0995259112475897
G236A,0.0947291695714156
G236C,0.179814759431538
G236D,0.128394593310947
G236E,0.124940060779771
G236F,0.19951743555083
G236H,0.0665762516020435
G236I,0.0126553641884314
G236K,0.263303605227799
G236L,0.121669801407182
G236M,0.038196735350805
G236N,0.0413751075080257
G236P,0.00113570226999505
G236Q,0.374902229923645
G236R,0.0105995942763787
G236S,0.238073459013969
G236T,0.0435734619414531
G236V,0.271487135505673
G236W,0.085568655766418
G236Y,0.00582900193345515
K237A,0.224908898661475
K237C,0.30597081837723
K237D,0.0905829980486198
K237E,0.725294383434205
K237F,0.389147228267209
K237G,0.102490069796871
K237H,0.111038958380787
K237I,0.0880360504447067
K237L,0.595175534702315
K237M,0.30219828988058
K237N,0.0862379867989602
K237P,0.0417547370305743
K237Q,0.093559831033398
K237R,0.275375898724642
K237S,0.211554031230762
K237T,0.0766712375786577
K237V,0.0823674421086983
K237W,0.254759004640979
K237Y,0.161695968279421
G238A,0.369480756508499
G238C,0.0960894222256418
G238D,0.0561841366241152
G238E,0.230344074998421
G238F,0.117829110511986
G238H,0.042964418637681
G238I,0.0803619044948019
G238K,0.0328332802325534
G238L,0.559230389787458
G238M,0.134959984881625
G238N,0.062960485378078
G238P,0.144647777368606
G238Q,0.101381100726934
G238R,0.258278709288451
G238S,0.0821313721746456
G238T,0.0744054184518972
G238V,0.121390620329341
G238W,0.461738650456233
G238Y,0.138839443800596
Q239A,0.0760702609625915
Q239C,0.416026101206841
Q239D,0.0191848126471521
Q239E,0.112444291210947
Q239F,0.260639657881637
Q239G,0.111565153394488
Q239H,0.129040857113665
Q239I,0.285224710316837
Q239K,0.0256712325410127
Q239L,0.0891982615002767
Q239M,0.100958426143303
Q239N,0.208972958229225
Q239P,0.179818651792888
Q239R,0.0491789454911675
Q239S,0.18207148758267
Q239T,0.00957907627342705
Q239V,0.243890822631797
Q239W,0.126612433799096
Q239Y,0.153237568775907
Q240A,0.0594209840977351
Q240C,0.0804519845468687
Q240D,0.0409582298505141
Q240E,0.0777987050020793
Q240F,0.15992579684558
Q240G,0.270362447121472
Q240H,0.229106092543232
Q240I,0.0132609549931426
Q240K,0.286915725998816
Q240L,0.262912937280107
Q240M,0.166578081212833
Q240N,0.199660695254769
Q240P,0.0551948990178347
Q240R,0.214147348222702
Q240S,0.153675027578335
Q240T,0.162503764428861
Q240V,0.0688085327067661
Q240W,0.278307508718162
Q240Y,0.229588767089724
Q241A,0.239750884806461
Q241C,0.379457514820811
Q241D,0.3231110255419
Q241E,0.302267269851411
Q241F,0
Q241G,0.244721998755664
Q241H,0.124673187574692
Q241I,0.0439685088625715
Q241K,0.113856774168765
Q241L,0.00429712462704301
Q241M,0.170625745801637
Q241N,0.180993240245461
Q241P,0.123756128143374
Q241R,0.42028582970942
Q241S,0.617041490384323
Q241T,0.333784758958544
Q241V,0.157760210854086
Q241W,0.0819680768779034
Q241Y,0.10453463591017
Q242A,0.146969643219252
Q242C,0.0409873818912636
Q242D,0.0359190697338289
Q242E,0.0628304592274519
Q242F,0.210293833242527
Q242G,0.0674752805153914
Q242H,0.301945550703505
Q242I,0.165138671012681
Q242K,0.14531948429208
Q242L,0.110075758476443
Q242M,0.241478613616753
Q242N,0.0405951388041295
Q242P,0.0398423121039569
Q242R,0.141361624031906
Q242S,0.162092332981248
Q242T,0.0027315494533864
Q242V,0.0529892407905915
Q242W,0.268088251440115
Q242Y,0.181742476516973
G243A,0.178190689932162
G243C,0.152440136044708
G243D,0.145006552859962
G243E,0.0633511162113245
G243F,1
G243H,0.0985542414116807
G243I,0.0671335546593099
G243K,0.106135496152262
G243L,0.0119930993910416
G243M,0.0937861569276043
G243N,0.0617389532459833
G243P,0.0440482656119574
G243Q,0.103603728149491
G243R,0.150616341263148
G243S,0.150509861741395
G243T,0.234365762773384
G243V,0.126371184461671
G243W,0.0779122065060724
G243Y,0.424555913151849
Q244A,0.467354286249299
Q244C,0.357845043382305
Q244D,0.0552693722129433
Q244E,0.0497089086400157
Q244F,0.0975530139111316
Q244G,0.175457692026484
Q244H,0.0891201933897989
Q244I,0.0484480500182068
Q244K,0.070372592831761
Q244L,0.143357163557429
Q244M,0.442601784864351
Q244N,0.0607106008614595
Q244P,0.0573093931170265
Q244R,0.309625019838778
Q244S,0.0377305290825542
Q244T,0.0160398313791165
Q244V,0.0393853915049561
Q244W,0.207341225110608
Q244Y,0.175941015151413
T245A,0.0265608652792876
T245C,0.254702157005618
T245D,0.107529107671199
T245E,0.182116376781891
T245F,0.109774148989525
T245G,0.155994963771378
T245H,0.0504660052670839
T245I,0.0749913938993713
T245K,0.121545859869578
T245L,0.0470315770196463
T245M,0.053695904272565
T245N,0.0937480660632437
T245P,0.0844112543951674
T245Q,0.138680105127528
T245R,0.141693864818642
T245S,0.0699212878321889
T245V,0.0810641391624348
T245W,0.0908328970835608
T245Y,0.505818451573281
V246A,0.149394782244236
V246C,0.0836563008323545
V246D,0
V246E,0.247934370212198
V246F,0.131887964310129
V246G,0.0131823008212116
V246H,0.0945314627720629
V246I,0.0440745578516781
V246K,0.287030082354458
V246L,0.0965698941618627
V246M,0.0688298276899937
V246N,0.571576599700291
V246P,0.224710773103543
V246Q,0.281997983216614
V246R,0.351596531719523
V246S,0.108716355933383
V246T,0.129380984091593
V246W,0.247169341725279
V246Y,0.0592187612211703
T247A,0.0994076139254636
T247C,0.0744963040704001
T247D,0.0686212491830576
T247E,0.42621126243448
T247F,0.127791732352352
T247G,0.114269318653618
T247H,0.363242801448758
T247I,0.159753727965226
T247K,0.0378129679416053
T247L,0.10052439857975
T247M,0.108896217657287
T247N,0.163443192523658
T247P,0.0245811296306184
T247Q,0.108497343575979
T247R,0.135942760210208
T247S,0.316774454057088
T247V,0.0555971996856271
T247W,0.0783527151749402
T247Y,0.0884120201658832
K248A,0.163961704901966
K248C,0.310093277395792
K248D,0.0679656498401735
K248E,0.109008825899714
K248F,0.0425336138770512
K248G,0.0732819641499812
K248H,0.0617034703912256
K248I,0.108308815119097
K248L,0.0574468627742772
K248M,0.0123799587050596
K248N,0.113877457926722
K248P,0.0589145552559931
K248Q,0.03418838917585
K248R,0.0884395161871941
K248S,0.0963073630540004
K248T,0.153370432107726
K248V,0.0792316182199361
K248W,0.0979826031527875
K248Y,0.0771901877658191
K249A,0.10050722418031
K249C,0.0860477746838239
K249D,0.0478300475540348
K249E,0.086392424095264
K249F,0.0672723207100635
K249G,0.0101678117140698
K249H,0.0992702116195548
K249I,0.0638008335355186
K249L,0.26661229084392
K249M,0.137655922775298
K249N,0.155015200205231
K249P,0.181712363199208
K249Q,0.115292306257138
K249R,0.0616485777380987
K249S,0.0595879236561407
K249T,0.0461399789848222
K249V,0.256148635040627
K249W,0.0853657173702517
K249Y,0.299714291107754
S250A,0.0702595878559647
S250C,0.283723708995062
S250D,0.0192374057978753
S250E,0.0646206835382375
S250F,0.0982754886615373
S250G,0
S250H,0.0565923757057569
S250I,0.245657862651581
S250K,0.156299811550942
S250L,0.0387699163089683
S250M,0.0367923207381121
S250N,0.225655749842989
S250P,0.0331751864548311
S250Q,0
S250R,0.298265927504968
S250T,0.047353035017865
S250V,0.0956685897276218
S250W,0.251012722677092
S250Y,0.0720514867847615
A251E,0.17013889499937
A251S,0.180772011426509
E253A,0.138230617279079
E253C,0.0566245902107071
E253F,0.0624535921441623
E253G,0
E253H,0.136067597740263
E253I,0.0949236266821605
E253K,0.00190238725347304
E253L,0.114531977817247
E253M,0.180186085524173
E253N,0.0607881630203179
E253P,0.767762826092235
E253Q,0
E253R,0.119078182354869
E253S,0.22316750259514
E253T,0.329388253232811
E253V,0
E253W,0
E253Y,0
A254C,0.181572727674208
A254D,0
A254E,0.0152630916215809
A254F,0.0212194415467473
A254G,0.0657844503918509
A254H,0.0885067517128201
A254I,0.106393133592066
A254K,0.164877483260588
A254L,0.251479797700493
A254M,0.0347896143515179
A254N,0.206513211356697
A254P,0.0777073600104876
A254Q,0
A254R,0.233992791900128
A254S,0
A254T,0
A254V,0.0190164920751809
A254W,0
A254Y,0.0160156072540564
S255A,0.00832714561922164
S255C,0
S255D,0
S255E,0.0616208775822401
S255F,0.209011355042463
S255G,0.129070757097935
S255H,0
S255I,0
S255K,0
S255M,0.298111813168135
S255N,0
S255P,0.0466320154676412
S255Q,0.148750813133394
S255R,0.766353112463784
S255T,0.0516283028391741
S255V,0
S255W,0.0826479068994026
S255Y,0.252312512262416
K256A,0.208076880181235
K256C,0.0874350290018272
K256D,0.0529569036008927
K256E,0.318042802357556
K256F,0
K256G,0
K256H,0.0183899429873962
K256I,0.0144532341989272
K256L,0
K256M,0.0416357280961082
K256N,0.0377679719070916
K256P,0.00321260852290562
K256Q,0.0339699162122799
K256R,0.110751036735648
K256S,0
K256T,0
K256V,0.0188731534141322
K256W,0.0485212190218522
K256Y,0.292282811234679
K257A,0.0882677435637493
K257C,0.14197680476506
K257D,0
K257E,0.0367206577270077
K257F,0
K257G,0.169289171021303
K257H,0.0339487440586537
K257I,0.0562245659163304
K257L,0
K257M,0.102760260885946
K257N,0.225528116500317
K257P,0.236490935585894
K257Q,0
K257R,0.275823525207735
K257S,0.0486340331262092
K257T,0.0523219851296564
K257V,0.00837623499088241
K257W,0
K257Y,0.0699372784974369
P258A,0.0726366343741951
P258C,0.0632863067060844
P258D,0.127311303435284
P258E,0.167989725470143
P258F,0.33093630560065
P258G,0.0939424224505548
P258H,0.0885725049655522
P258I,0.147879942956897
P258K,0.121440218325634
P258L,0.0114859725561393
P258M,0.085640573166148
P258N,0.0353126997864668
P258Q,0.268334266742443
P258R,0.00794474184773301
P258S,0.0363145455348416
P258T,0.302486671762114
P258V,0.0832329078970224
P258W,0.179430739805407
P258Y,0.0715027398825682
R259A,0.190691634680175
R259C,0.0407798704446308
R259D,0.137955258002157
R259E,0.201108766300545
R259F,0.210181656588948
R259G,0.0294423171010143
R259H,0.156112109452651
R259I,0.576354892537248
R259K,0.122856941932962
R259L,0.351842247968601
R259M,0.369427078581346
R259N,0.0811346346206913
R259P,0.529662024426136
R259Q,0.0939028169433955
R259S,0.1016658640213
R259T,0.108059195394409
R259V,0.220259317433141
R259W,0.0257438172361149
R259Y,0.104589470238495
Q260A,0.0951806926763489
Q260C,0.16986928346557
Q260D,0.0602444939117279
Q260E,0.0232445010583553
Q260F,0.254910547250336
Q260G,0.0179320238786627
Q260H,0.091898026338538
Q260I,0.0963580281520242
Q260K,0.169818445473834
Q260L,0.0168019572576507
Q260M,0.156726913259317
Q260N,0.243381631944822
Q260P,0.0701543359642427
Q260R,0.0248543029642851
Q260S,0.0145284816408548
Q260T,0.0203776983312222
Q260V,0.10240195092732
Q260W,0.0274827050175001
Q260Y,0.193382827188025
K261A,0.0622862204309974
K261C,0.0137688750950206
K261D,0.039562224393156
K261E,0.00824963141463504
K261F,0.212796167067061
K261G,0.0529764057829889
K261H,0.0536866425029015
K261I,0.0109248304950723
K261L,0.12689484988803
K261M,0.0289875716065934
K261N,0.0169481904955923
K261P,0.0370439654717967
K261Q,0.213259380513837
K261R,0.102416672438852
K261S,0.130441317355645
K261T,0.0474532656246045
K261V,0.0263531774048313
K261W,0.0580362229272821
K261Y,0.00827123315054382
R262A,0.0451583386503264
R262C,0.0526673564659614
R262D,0.0295181494463345
R262E,0.0326652505978436
R262F,0.0931600769717654
R262G,0.0106725664092432
R262H,0.178847757027122
R262I,0.42054230543388
R262K,0.0355062887932489
R262L,0.0919432257048862
R262M,0.0377733754998714
R262N,0.00879874489393248
R262P,0.0334654673137296
R262Q,0.0273279730603756
R262S,0.0575963294068917
R262T,0.107558964248279
R262V,0.0830012879309862
R262W,0.032116214197237
R262Y,0.0203485511735985
T263A,0.0129016338020522
T263C,0.0370423354264729
T263D,0.0430193418767753
T263E,0.0169014701653232
T263F,0.0564100123576023
T263G,0.570369089221993
T263H,0.0285738117179881
T263I,0.0299777242291979
T263K,0.064644399782137
T263L,0.0806624056067255
T263M,0.0574577165998112
T263N,0.0668407787859851
T263P,0.0970542539836039
T263Q,0.344771825763218
T263R,0.0939702852928629
T263S,0.297553207696242
T263V,0.121978702446479
T263W,0.48810582603506
T263Y,0.0250566818769991
A264C,0.127368885323679
A264D,0.1338514163656
A264E,0.171600202805669
A264F,0.0662163592181111
A264G,0.0453679032470983
A264H,0
A264I,0.0777788217172717
A264K,0.017987439092651
A264L,0.190330658894002
A264M,0.0267540080632703
A264N,0.0124405303676349
A264P,0.0166638398048485
A264Q,0.0509426187362052
A264R,0.0335948826616984
A264S,0.0144059393971917
A264T,0.0973356136447443
A264V,0.154890945111205
A264W,0.131963263833563
A264Y,0.190475629775015
T265A,0.0595026629714082
T265C,0.0796268102556087
T265D,0.0562157550965654
T265E,0.367808683231628
T265F,0.247952684944595
T265G,0.0131191174590665
T265H,0.130664021261927
T265I,0.0794211376603217
T265K,0.116139433480939
T265L,0.00525243100145397
T265M,0.0396351706990638
T265N,0.138199566905584
T265P,0.0659474082317574
T265Q,0.208278842647743
T265R,0.194810796046484
T265S,0.764746830829871
T265V,0.0385602512194438
T265W,0.102357000243516
T265Y,0.158425149413252
K266A,0
K266C,0.0812132903952216
K266D,0.0115730476864617
K266E,0.0792387904753095
K266F,0.123731951338884
K266G,0.153385807226968
K266H,0.206123219708303
K266I,0.610701634675604
K266L,0.0306597920451159
K266M,0.0747761662864528
K266N,0.119915553288992
K266P,0.0953044292331443
K266Q,0.362072780967566
K266R,0.237991470737081
K266S,0.107778351539094
K266T,0.196529395444485
K266V,0.266010727060345
K266W,0.110294075467255
K266Y,0.0404629674567848
A267C,0.249950306475951
A267D,0.0404203421173804
A267E,0.144357944613847
A267F,0.116620418983576
A267G,0.0754535426950807
A267H,0.276679476038763
A267I,0.254101038321501
A267K,0.154660259193424
A267L,0.192890617949251
A267M,0.121838122255314
A267N,0.0793856230774484
A267P,0.149624267316808
A267Q,0.0764712368263685
A267R,0.199264125553676
A267S,0.056379556726997
A267T,0.421227754864872
A267V,0.0910197282354224
A267W,0.0647376259654317
A267Y,0.0538208008863885
Y268A,0.0668560156823495
Y268C,0.809398554188343
Y268D,0.0325843213726277
Y268E,0.180862894834658
Y268F,0.0970679608680797
Y268G,0.173253953435743
Y268H,0
Y268I,0.666945047445927
Y268K,0.0272044122394196
Y268L,0.0321047350482868
Y268M,0.134087953450636
Y268N,0.0292418271737186
Y268P,0.0831386074171135
Y268Q,0.00611452235983784
Y268R,0.232892279462658
Y268S,0.0319662571105073
Y268T,0.224840163731309
Y268V,0.0152682534253866
Y268W,0
N269A,0
N269C,0.166900659215224
N269D,0.275976690677662
N269E,0.0965675021262678
N269F,0.0520649598443689
N269G,0.298500413297032
N269H,0.148651749436539
N269I,0.0157607661958496
N269K,0.0334286573785471
N269L,0.329315407456647
N269M,0.0265373345652734
N269P,0.172839512380313
N269Q,0.303265087711177
N269R,0.152603890978274
N269S,0.175040791328266
N269T,0.315613688871391
N269V,0.0540640507067023
N269W,0.146045886819382
N269Y,0.0135047691131216
V270A,0.0609675439819147
V270C,0.0180141795084343
V270D,0.0592343419859839
V270E,0.111660279490831
V270F,0.0344828962392905
V270G,0.063285285596873
V270H,0.0421638269679738
V270I,0
V270K,0.54463233303318
V270L,0.083192870756453
V270M,0.0477816146988598
V270N,0.187002419170764
V270P,0.0482305685515384
V270Q,0.174487363651792
V270R,0.0142137926320148
V270S,0.0874437739622208
V270T,0.0627999027762403
V270W,0.279655219058377
V270Y,0
T271A,0.226558938846774
T271C,0.155047972048825
T271D,0.0686310092006516
T271E,0.535435463315951
T271F,0.325211006314279
T271G,0.120475930190412
T271H,0.360019951625945
T271I,0.180860548705474
T271K,0.723022166594729
T271L,0.247924715011206
T271M,0.180095315561304
T271N,0.19962783185915
T271P,0.0452296782477112
T271Q,0.362900676452894
T271R,0.220693328500147
T271S,0.229019961276818
T271V,0.123709471017763
T271W,0.0637059001289449
T271Y,0.994446988066958
Q272A,0.0885187112765946
Q272C,1
Q272D,0.0418707312100797
Q272E,0.097341020407623
Q272F,0.0157868128647127
Q272G,0.0311957084237798
Q272H,0.124140145860186
Q272I,0.00734791780475638
Q272K,0.319389796448594
Q272L,0.128971470437057
Q272M,0.135146933670808
Q272N,0.242515999942659
Q272P,0.0346391884862169
Q272R,0.329661113609225
Q272S,0.0357273005769275
Q272T,0.0830771285635652
Q272V,0.0589427845589428
Q272W,0.0949290679628056
Q272Y,0.0476106538317603
A273C,0.209040199070963
A273D,0.0129320347952314
A273E,0.0439286964778931
A273F,0.12017630394848
A273G,0.142154354877502
A273H,0.426485341177302
A273I,0.034246936229809
A273K,0.0106547599931051
A273L,0.272134015234639
A273M,0.0482491803677233
A273N,0.0393550803313247
A273P,0
A273Q,0.0123228288082616
A273R,0.130352661686403
A273S,0.0854074481543601
A273T,0
A273V,0
A273W,0.074572734830697
A273Y,0.158436883061315
F274A,0.101270083366864
F274C,0
F274D,0.070577842844743
F274E,0.00615812430113973
F274G,0.179033630813265
F274H,0.258051875286087
F274I,0.133507596237255
F274K,0.14391341741922
F274L,0.162232080578608
F274M,0.140026491898106
F274N,0.0982312502420254
F274P,0.0978628411889527
F274Q,0.0124100624199196
F274R,0.112459929834141
F274S,1
F274T,0.128021940141051
F274V,0.0987802610874927
F274W,0.100645041678956
F274Y,0.269022019340986
G275A,0.0103479680057912
G275C,0.716019115051515
G275D,0.11158375129757
G275E,0.119795303649913
G275F,0.1035892743637
G275H,0.45312775957101
G275I,0.10804322797792
G275K,0.0288174172129073
G275L,0.0858452248129707
G275M,0.234844202989347
G275N,0.0479799859859961
G275P,0.00187402163836161
G275Q,0.102423891116426
G275R,0.324732704566978
G275S,0.123802881783452
G275T,0.0154543675609482
G275V,0.0357100852062784
G275W,0.277999103971014
G275Y,0.00618119923997304
R276A,0.0457463668973398
R276C,0.214953172764992
R276D,0.218395885310914
R276E,0.22733333821606
R276F,0.140401323249846
R276G,0.0869612026877194
R276H,0.13803704095969
R276I,0.143930495751983
R276K,0.0604992504773834
R276L,0.143619609220541
R276M,0.0372233893567053
R276N,0.0724056599108456
R276P,0.399720214587526
R276Q,0.118791887656333
R276S,0.182265762505195
R276T,0.0102596093039372
R276V,0.151688050314281
R276W,0.0423735023237479
R276Y,0.17113050958266
R277A,0.221320201336086
R277C,0.161374651353372
R277D,0.0138548392905596
R277E,0.0837159440017902
R277F,0.0340828005613183
R277G,0
R277H,0.300451543818072
R277I,0.0615168919710536
R277K,0
R277L,0.0227121838980652
R277M,0.168108977384157
R277N,0.143923947669275
R277P,0.109918322173726
R277Q,0.0554913853787335
R277S,0.133461217898027
R277T,0.0612629690703567
R277V,0
R277W,0.0406496698269789
R277Y,0.166957325368551
G278A,0.0928375116168691
G278C,0.214972556095787
G278D,0
G278E,0.26563594525317
G278F,0.261591900849577
G278H,0.207379234501096
G278I,0.118970026774039
G278K,0.0565910188962037
G278L,0.159979361426843
G278M,0.196591884918394
G278N,0.306584481720508
G278P,0.0468452139028245
G278Q,0.0503468647771998
G278R,0.0625110081240577
G278S,0.380014304059599
G278T,0.0695365593419073
G278V,0.0198067282541604
G278W,0.0532396135698259
G278Y,0.123042787968269
P279A,0.0768011354966634
P279C,0.201872741411928
P279D,0.277440415304923
P279E,0.056273467781135
P279F,0.0187700693766605
P279G,0.144066639189946
P279H,0.0341191156731668
P279I,0.116943177350242
P279K,0.0322960891140488
P279L,0.163163886598544
P279M,0.0569592381262848
P279N,0.131081219116751
P279Q,0.152177152673476
P279R,0.102789215594564
P279S,0.101150104001157
P279T,0.709266652843149
P279V,0.0259282502045929
P279W,0.0510734682963874
P279Y,0.0435802016592488
E280A,0.0516778766525817
E280C,0.0385296711179879
E280D,0.0419869672783177
E280F,0.268089594715684
E280G,0.261012753278578
E280H,0.102822572852441
E280I,0.00153606662264403
E280K,0.0352685772961047
E280L,0.268966803500859
E280M,0.0808901978988207
E280N,0.0777071780125693
E280P,0.0599622833248411
E280Q,0.14075622713168
E280R,0
E280S,0.21825645248377
E280T,0.0257947428310386
E280V,0.178284943508259
E280W,0.0602744046287141
E280Y,0.53087100676641
Q281A,0.23690226894793
Q281C,0.477873432059741
Q281D,0.127180627219287
Q281E,0.181299517033644
Q281F,0.4124432303395
Q281G,0.22728950396239
Q281H,0.0667277112876349
Q281I,0.0729345339450005
Q281K,0.0684854366914284
Q281L,0.145466373275095
Q281M,0.225277192462299
Q281N,0.163429641981314
Q281P,0.118316190638116
Q281R,0.0790543919513175
Q281S,0.0998992668887431
Q281T,0.119748151399804
Q281V,0.026822886945818
Q281W,0.17101267790261
Q281Y,0.162191629337842
T282A,0.125903053844713
T282C,0.157105480682648
T282D,0.0141561475526768
T282E,0.144742723498011
T282F,0.0395387958065462
T282G,0.0660761869728913
T282H,0.0273878127713707
T282I,0.0588800821399861
T282K,0.301759784625801
T282L,0.139056809272631
T282M,0.133720408582798
T282N,0.249567902162256
T282P,0.155416789962977
T282Q,0.087138177743287
T282R,0.269854300038415
T282S,0.0213872455382523
T282V,0.114469421006553
T282W,0.00588056558932278
T282Y,0.14805413611657
Q283A,0
Q283C,0.219764992164216
Q283D,0.277884928860036
Q283E,0.051295792434142
Q283F,0.0133561335201445
Q283G,0
Q283H,0.109083292041899
Q283I,0.0999094751834853
Q283K,0.109811872064779
Q283L,0.0448307292908596
Q283M,0.115053692491361
Q283N,0.0513950207692389
Q283P,0.0169865316677178
Q283R,0.0829666934286287
Q283S,0.0484707185299407
Q283T,0.201418917807015
Q283V,0.0547750973287775
Q283W,0.0469215477224551
Q283Y,0.0862383324712885
G284A,0.258952084316357
G284C,0.0399702989722639
G284D,0.128630112308918
G284E,0.149069814134162
G284F,0.257919095322654
G284H,0.0244221844129823
G284I,0.221502073471296
G284K,0.0901648845656938
G284L,0.00464351174431473
G284M,0.0874823591367855
G284N,0.261669919225959
G284P,0.195610410619386
G284Q,0.215058427310959
G284R,0.217729263246738
G284S,0.0163279931888516
G284T,0.00168193813577776
G284V,0
G284W,0.0105913807201785
G284Y,0.134488753386432
N285A,0.00956583053627964
N285C,0.172371914317888
N285D,0.118160194494068
N285E,0.0333085824768865
N285F,0.0192024851338614
N285G,0.152771536387954
N285H,0.0951562502891351
N285I,0.0516283028391741
N285K,0.134661840585127
N285L,0.0386061249459067
N285M,0.114418937551164
N285P,0.147540017836657
N285Q,0.0530696165436752
N285R,0.0140775520324954
N285S,0.608206143966281
N285T,0.0203625850404746
N285V,0.126383087795721
N285W,0.0893686369110747
N285Y,0.133988250719757
F286A,0.287813300661253
F286C,0
F286D,0.170017519844668
F286E,0.00247587433740563
F286G,0.250033534026805
F286H,0.0251502903974357
F286I,0.068144067994685
F286K,0.112416465859492
F286L,1
F286M,0.160713910450978
F286N,0.0224832931718984
F286P,0.0511278434640538
F286Q,0.307109170066522
F286R,0.0377211979735086
F286S,0.040333810906026
F286T,0.0691153086395396
F286V,0.116328557861439
F286W,0.463047732538332
F286Y,0.086620798322205
G287A,0.0524574799560584
G287C,0
G287D,0.913827453496542
G287E,0.0767392505886083
G287F,0.704145147553619
G287H,0.0625793020543833
G287I,0.0833620917907929
G287K,0.00115236293899253
G287L,0.172518399964775
G287M,0.0299098610518068
G287N,0.343668238993293
G287P,0.0723556158367847
G287Q,0.0171252419701465
G287R,0.129109272758921
G287S,0.30633751784612
G287T,0
G287V,0.160885140453951
G287W,0.122152484980393
G287Y,0.029483602272883
D288A,0.03184570554378
D288C,0.0878130227392851
D288E,0.0302703235073255
D288F,0.0704072844407331
D288G,0.0311812404408309
D288H,0.0924660607499422
D288I,0.0418788864398022
D288K,0.0141939357547442
D288L,0.0571292657027812
D288M,0.395197730280577
D288N,0.218473036674932
D288P,0
D288Q,0.0144235257688872
D288R,0.685874736054668
D288S,0.10638285406225
D288T,0.0367077609442811
D288V,0.127011854973544
D288W,0.073440779470284
D288Y,0.0865911282308551
Q289A,0.176607730015197
Q289C,0.0750644888487973
Q289D,0.179144922522489
Q289E,0.0658829435120783
Q289F,0.275444673924123
Q289G,0.0230585343467683
Q289H,0.171044432889752
Q289I,0.255964940069655
Q289K,0.257658273617463
Q289L,0.160984628353825
Q289M,0.341473787986825
Q289N,0.0429262661028487
Q289R,1
Q289S,0.213255611347105
Q289T,0.260398585691388
Q289V,0.123678782665063
Q289W,0.657138333652395
Q289Y,0.072227714495659
E290A,0.107508669533145
E290C,0
E290D,0.322460374003242
E290F,0.0736763035814183
E290G,0.21567307153784
E290H,0.167738475192729
E290I,0.0204449429591068
E290K,0.140918396972448
E290L,0.130826534998842
E290M,0.175100630362434
E290N,0.0770487850770572
E290P,0.310164727848603
E290Q,0.0699544629928389
E290R,0.313296494073779
E290S,0.0690566573010712
E290T,0.214155605363492
E290V,0.181084142961065
E290W,0.0402914652247746
E290Y,0.0392763701706621
L291A,0.0690548983370388
L291C,0.094990488320174
L291D,0.103030223818112
L291E,0
L291F,0.16284150533879
L291G,0.101197463036387
L291H,0.0795170847509861
L291I,0.130428244531207
L291K,0.00598370430022782
L291M,0.0150035888409839
L291N,0.415193349509817
L291P,0.271006954177568
L291Q,0.109711447366066
L291R,0.15670824811455
L291S,0.0278764463325914
L291T,0.18036998540461
L291V,0.054276966358291
L291W,0.0346614130872632
L291Y,0.126691470960751
I292A,0
I292C,0.0737023628317795
I292D,0.0491839230065047
I292E,0.0849888407669588
I292F,0.197353351175553
I292G,0.0489624126788741
I292H,0
I292K,0.0773597664810002
I292L,0.0429163089683479
I292M,0.0152892444435968
I292N,0.418801155232511
I292P,0.249782846258848
I292Q,0.212342213290152
I292R,0.0659595283549358
I292S,0.142674865444226
I292T,0.156810723683244
I292V,0.0485443092899518
I292W,0.0387569012149834
I292Y,0.0343485274535976
R293A,0.144413409618709
R293C,0.120816327398206
R293D,0.0508100824667071
R293E,0.138494188200113
R293F,0.0924648887387076
R293G,0.138840595253634
R293H,0.144071441247131
R293I,0.0430693484127954
R293K,0.0593810421862921
R293L,0.044925255897407
R293M,0.146127025406029
R293N,0.0522650569201022
R293P,0.0741724760100235
R293Q,0.092839206190734
R293S,0.0748983724291917
R293T,0.173621228651907
R293V,0.0774017048870553
R293W,0.180817395149056
R293Y,0.0318777470585809
Q294A,0.080436233410157
Q294C,0.234304570668221
Q294D,0.147992287147424
Q294E,0.0593047178735824
Q294F,0.387496316785774
Q294G,0.0549982534106933
Q294H,0.0305380676736763
Q294I,0.0133012627415022
Q294K,0.257304856856667
Q294L,0.0999934641542942
Q294M,0.423249439964775
Q294N,0.386962883958338
Q294P,0.124454289085177
Q294R,0.0610296473408196
Q294S,0.190147729754921
Q294T,0.0744183855865176
Q294V,0.0550617303725853
Q294W,0.0937128458495329
Q294Y,0.39056017525277
G295A,0.219620631923061
G295C,0.102733717429433
G295D,0.0835412182247362
G295E,0.128121412333816
G295F,0.104704760356497
G295H,0.182564719172754
G295I,0.0104065596178677
G295K,0.0372518150072259
G295L,0.472149156609867
G295M,0.0527435588683913
G295N,0.138992142909825
G295P,0.13437245267556
G295Q,0.124277469793737
G295R,0.129446065069506
G295S,0.0114212384987386
G295T,0.654830734234709
G295V,0.0983566073851914
G295W,0.37136028650126
G295Y,0.0881302477749574
T296A,0.154861116672896
T296C,0.180329769131388
T296D,0.0576871686881599
T296E,0.188810173845173
T296F,0
T296G,0.0207794824149394
T296H,0.0566486108230703
T296I,0.279656780960742
T296K,0.034670302496113
T296L,0.238142102141485
T296M,0.118368486381995
T296N,0.125785236851835
T296P,0.378228055603192
T296Q,0.165837210281809
T296R,0.0890990500861688
T296S,0.105775915698299
T296V,0.18560691744366
T296W,0.0529767103168064
T296Y,0.0426352548636615
D297A,0.0208455656381895
D297C,0.0628290618526094
D297E,0.173165858768627
D297F,0.0859278873550968
D297G,0.0880066600208326
D297H,0.113017882852589
D297I,0.0920453286823045
D297K,0.132865307909107
D297L,0.120886464695515
D297M,0.0343329039341023
D297N,0.202672680409397
D297P,0.00199816191647247
D297Q,0.0643082879570543
D297R,0.133687133754382
D297S,0.114046249651316
D297T,0.0790332359055296
D297V,0.412974614159962
D297W,0.00733923413407992
D297Y,0.0654628871302937
Y298A,0
Y298C,0.0266468659815092
Y298D,0
Y298E,0.088450581621188
Y298F,0.0468209496316217
Y298G,0
Y298H,0.0386871690330891
Y298I,0.0139473877322954
Y298K,0
Y298L,0.224226877701374
Y298M,0.209011355042463
Y298N,0
Y298P,0.34993469503811
Y298Q,0.0421643385655637
Y298R,0.180433076672155
Y298S,0.190253728117956
Y298T,0.00557111633626412
Y298V,0.171539199755966
Y298W,0.0667594843287109
K299A,0.0685165179881328
K299C,0.197753263893041
K299D,0.133896716490893
K299E,0.0228684046415663
K299F,0.0459583301538618
K299G,0.042954320951613
K299H,0.138983349383079
K299I,0.132408371650386
K299L,0.0683334966919042
K299M,0.111775443466096
K299N,0.0102406452068009
K299P,0.0519166932775043
K299Q,0.158711328866798
K299R,0.182175504195837
K299S,0.0535586865963573
K299T,0.07591767723249
K299V,0.113884079176864
K299W,0.15020646290948
K299Y,0.0126687725934472
H300A,0.0830967543826573
H300C,0.0737897476900311
H300D,0.00493121665703261
H300E,0.0713394492172356
H300F,0.0684373441396179
H300G,0.0618508545348697
H300I,0.0722938015183844
H300K,0.0884705723620723
H300L,0.149228846284045
H300M,0.0643253840865845
H300N,0.0394773534815273
H300P,0.145027836674215
H300Q,0.10598890815908
H300R,0.292438436440329
H300S,0.0529415949770972
H300T,0.0330970002188586
H300V,0.0300234526510497
H300W,0.400992271849682
H300Y,0.155965560117965
W301A,0.0320312145081127
W301C,0.109593304171702
W301D,0.119628682381624
W301E,0.00385838397142524
W301F,1
W301G,0.0304787577331848
W301H,0.0416382008936195
W301I,0.0626874085482488
W301K,0.0838484307014134
W301L,0.0786010804892265
W301M,0.177402563609253
W301N,0
W301P,0.101328109368325
W301Q,0.295581093851584
W301R,0.0740505191514206
W301S,0
W301T,0.213370242995223
W301V,0.26066482072504
W301Y,0.19806941708195
P302A,0.20129617759813
P302C,0.0873560646899208
P302D,0.0766474576270255
P302E,0.0763585297172648
P302F,0.0253377402651579
P302G,0.517024231852507
P302H,0.0600565156383984
P302I,0.0997578177112834
P302K,0.0630523668291565
P302L,0.0281910594243506
P302M,0.0505570934471348
P302N,0.0756642130208574
P302Q,0.0804609040743118
P302R,0.0774095611679576
P302S,0.334209586792632
P302T,0.0666421697467561
P302V,0.0633185183514489
P302W,0.0852218023102924
P302Y,0.108154081875352
Q303A,0.0629211964659313
Q303C,0.163634953270574
Q303D,0.0822633421578038
Q303E,0.17726932755132
Q303F,0.0784375603701491
Q303G,0.0241783621597876
Q303H,0.0874150600297362
Q303I,0.0807678935396695
Q303K,0.141394932614383
Q303L,0.0643257588537385
Q303M,0.0474504814318066
Q303N,0.09355704076615
Q303P,0.0682068816879791
Q303R,0.194001838469342
Q303S,0.122162905472142
Q303T,0.0796079463414881
Q303V,0.028926004716828
Q303W,0.0450812210659685
Q303Y,0.0852485565686505
I304A,0.183206300186138
I304C,0.181770504953644
I304D,0.0913031443608376
I304E,0.0390480191812977
I304F,0.0288579724253343
I304G,0.381108378512868
I304H,0.0117039557938591
I304K,0.159048481327133
I304L,0.132120072407673
I304M,0.0761664512670991
I304N,0.0214373950249228
I304P,0.0258500566697562
I304Q,0.122553390886287
I304R,0.07822475395159
I304S,0.0294887827377591
I304T,0.152689794095414
I304V,0.0283007563354424
I304W,0
I304Y,0.0481870375340709
A305C,0.094005645817374
A305D,0.0970938201146255
A305E,0.0744989159489195
A305F,0.053012964898869
A305G,0.0674498795156953
A305H,0.0133169591133296
A305I,0.0554718116978239
A305K,0.0965998183109735
A305L,0.0703294884881669
A305M,0.06044203048287
A305N,0.00620486449767579
A305P,0
A305Q,0.103705991880845
A305R,0.056085458196479
A305S,0.0147286388139983
A305T,0.0213004256608729
A305V,0.00675321237169302
A305W,0.0940273774267977
A305Y,0.0481080059491499
Q306A,0.116029951846253
Q306C,0.0259456007106233
Q306D,0.0333113333378231
Q306E,0.0414896517753125
Q306F,0.139808865651114
Q306G,0.226231892183013
Q306H,0.0605330869937951
Q306I,0.0703937369851744
Q306K,0.0716151478499931
Q306L,0.198308795725402
Q306M,0.13406334351586
Q306N,0.0430358634326242
Q306P,0.0446070736533496
Q306R,0.0722396613242257
Q306S,0.0249704075257189
Q306T,0.131056741548762
Q306V,0.196457421969609
Q306W,0.0902756522371504
Q306Y,0.0932019142966027
F307A,0.0610137921646275
F307C,0.124907184288325
F307D,0.0825505734242272
F307E,0.357527186753512
F307G,0.0402047941315307
F307H,0.0094613709556093
F307I,0.0814024454325709
F307K,0.635124038594093
F307L,0.215811289899304
F307M,0.067891292868622
F307N,0.0158215766765211
F307P,0.0624024998621068
F307Q,0.0665221404692294
F307R,0.0429506112511433
F307S,0
F307T,0.0728907863489124
F307V,0.0359445531929353
F307W,0.0699166709965701
F307Y,0.0508987249801624
A308C,0.179677590385765
A308D,0.0415012234444909
A308E,0.739450530986881
A308F,0.0560265868610915
A308G,0.0225647116557007
A308H,0.0948770482907148
A308I,0.0192722963937164
A308K,0.015402498106142
A308L,0.185559858122201
A308M,0.160313585597405
A308N,0.0621895012766598
A308P,0.0325944980669395
A308Q,0.00459391803738146
A308R,0.0433011572199525
A308S,0.187747541377776
A308T,0.316717963716615
A308V,0.126964350354571
A308W,0.285646328513906
A308Y,0.139063331841001
P309A,0.171278400642104
P309C,0.259264053011094
P309D,0.0146425594115172
P309E,0.223875309972774
P309F,0.0852276882252501
P309G,0.11070065898635
P309H,0.00782267953606547
P309I,0.330778448419103
P309K,0.0509503912207428
P309L,0.113729556723129
P309M,0.072088650796242
P309N,0.0124907184288325
P309Q,0
P309R,0
P309S,0.00775711303583938
P309T,0.0179613429204518
P309V,0.0423882024968173
P309W,0.126796635736792
P309Y,0.102417888024837
S310A,0.197357760662031
S310C,0.0873659746235214
S310D,0.0259338832445649
S310E,0.0022214443458662
S310F,0
S310G,0.0728691833478543
S310H,0.0373234014881429
S310I,0.0200227530757661
S310K,0.174249370345692
S310L,0.14405169440338
S310M,0.0271913331950737
S310N,0.27845329748111
S310P,0.0925217034043309
S310Q,0.196449220270413
S310R,0.333085824768865
S310T,0.100467160252098
S310V,0.152164054240722
S310W,0.094671944284197
S310Y,0.103955981330826
A311C,0.053719548265765
A311D,0.0312417278912909
A311E,0.0411013775145537
A311F,0.053908245714046
A311G,0.122325168011756
A311H,0.383134656116394
A311I,0.0667371150180578
A311K,0.0426385497183452
A311L,0.00949158347736578
A311M,0.103046861025285
A311N,0.0340444334312305
A311P,0.164038425456666
A311Q,0.0860858980901163
A311R,0.0586326674318017
A311S,0.0599413280042134
A311T,0.090698977706728
A311V,0.0848441107880824
A311W,0.0284055765924736
A311Y,0.164716126805683
S312A,0.0997217416359794
S312C,0.180786821520842
S312D,0.0651613195515882
S312E,0.389641573712132
S312F,0.00514912354750122
S312G,0.0301122522783235
S312H,0.419118529899312
S312I,0.0834903411627788
S312K,0.0185284104981993
S312L,0
S312M,0.0239052171608538
S312N,0.00102907520097804
S312P,0.0636183121626592
S312Q,0
S312R,0.0454098539106811
S312T,0
S312V,0.00298301545599965
S312W,0.015075778449345
S312Y,0.00565501730218883
A313C,0
A313D,0.0988352596020654
A313E,0.0238797048203973
A313F,0.0171246271264323
A313G,0.151798696967523
A313H,0.240467572473441
A313I,0.0983645917256057
A313K,0.398203642173471
A313L,0.00164652032156487
A313M,0.109674180247669
A313N,0.0918761733320787
A313P,0.11697182514852
A313Q,0.00529210831844959
A313R,0
A313S,0.522112030325197
A313T,0
A313V,0.135516293888332
A313W,0.0208178640480541
A313Y,0.695316659205007
F314A,0.280605510951896
F314C,0.0146502730516163
F314D,0.059377477376915
F314E,0.104709612059789
F314G,0.113909639060444
F314H,0.203182353109008
F314I,0.304781976472255
F314K,0.000287038028043815
F314L,0.14239419008869
F314M,0
F314N,0.236459779598884
F314P,0.23439801663347
F314Q,0.00625641294753909
F314R,0
F314S,0.155141662174115
F314T,0.144059619212534
F314V,0.386379556731884
F314W,0.0364617768685299
F314Y,0.00336842083141746
F315A,0.108010017969321
F315C,0.184245519153717
F315D,0.0153905466042167
F315E,0.0687360728647348
F315G,0.152522349292313
F315H,0.390543129541495
F315I,0.115124835844498
F315K,0.00166542912384433
F315L,0.153219479393678
F315M,0.0745842512304697
F315N,0.0819183791756735
F315P,0.0105502538420965
F315Q,0.30015271382019
F315R,0.368059836369596
F315S,0.0384219950645209
F315T,0.0420118346212175
F315V,0.00708107635288378
F315W,0.0132873461061979
F315Y,0.0357933713064713
G316A,1
G316C,0.300737714005415
G316D,0.125839742252603
G316E,0.0268256476381755
G316F,0.182291043438091
G316H,0.0287351947697364
G316I,0.133071346404988
G316K,0.0700677435487159
G316L,0.169721441140779
G316M,0.00475277084418095
G316N,0.0865449324068581
G316P,0.632030352498922
G316Q,0.0883059329340388
G316R,0.0250622578889718
G316S,0.00632253763722853
G316T,0.171659668613909
G316V,0.0136963752390001
G316W,0.0366749246243885
G316Y,0.12219315164206
M317A,0.138442842588597
M317C,0.0900507450804039
M317D,0.0396040633663648
M317E,0.0196939527508877
M317F,0.153221004511923
M317G,0.045090540561478
M317H,0.042792917815198
M317I,0.327990696278113
M317K,0
M317L,0.0410453408065685
M317N,0
M317P,0.119862370976267
M317Q,0.271180232281262
M317R,0.0263858050131809
M317S,0
M317T,0.0957715010241423
M317V,0.247741868595448
M317W,0
M317Y,0.0313490294022715
S318A,0.166065580595917
S318C,0.717291497632874
S318D,0.0791078833826055
S318E,0.0358080510863792
S318F,0.161880723256589
S318G,0.0159256659967614
S318H,0.00549132541175497
S318I,0.00459260844870104
S318K,0.0159768285439981
S318L,0.147396715022485
S318M,0.127834147995899
S318N,0.0513941960062617
S318P,0.243985366643194
S318Q,0
S318R,0.0852606147974372
S318T,0
S318V,0.0731429344292832
S318W,0.146134427562352
S318Y,0.194017344351009
R319A,0.053968923344755
R319C,0.0241487222957427
R319D,0.256630147016738
R319E,0.0763608997017372
R319F,0.10989026973281
R319G,0.00920539925874892
R319H,0.636193925308533
R319I,0.0180979352747168
R319K,0.00437458942633691
R319L,0.0349740116007309
R319M,0.0179549120780169
R319N,0.0569106588187144
R319P,0.141561475526768
R319Q,0.0690935098290181
R319S,0.351516094393016
R319T,0.00301353223815821
R319V,0.0424957447748147
R319W,0.0678410030220526
R319Y,0.482141731352933
I320A,0.0783308399448797
I320C,0.387624737385226
I320D,0.116454645808241
I320E,0.173248011982891
I320F,0.0436795506830681
I320G,0.359239618820796
I320H,0.0649517358299288
I320K,0
I320L,0.0233614097669365
I320M,0.180209227841861
I320N,0.103583496074169
I320P,0.0721835992325681
I320Q,0.057995809754925
I320R,0.114700904038217
I320S,0.224526247412752
I320T,0.0707807377633839
I320V,0.109907825771685
I320W,0
I320Y,0
G321A,0.380084502430748
G321C,0.0333268560058285
G321D,0.102139987689041
G321E,0.250104702006285
G321F,0.161778457502477
G321I,0.128671399169701
G321K,0.276288948786726
G321L,0.087919093366653
G321M,0.128941500576301
G321N,0.0215844381331438
G321R,0.13579750536825
G321S,0.0615321528889715
G321T,0.146528890968965
G321V,0.0886914217546263
G321W,0.403252277831741
G321Y,0
M322A,0.0866373928896174
M322C,0.0554450965557456
M322D,0.0224832931718984
M322E,0.0948803966806828
M322F,0.124164865862478
M322G,0.0573054352445959
M322H,0.152386764831756
M322I,0.207861587841613
M322K,0.0846829904950028
M322L,0
M322N,0.0402794994677517
M322P,0.0494977452121904
M322Q,0.0240130030260975
M322R,0.472598354401656
M322S,0.0332867237196361
M322T,0.222765470071166
M322V,0.121199843772901
M322W,0.0325494780419851
M322Y,0.0266814754007794
E323A,0.0998536199890885
E323C,0
E323D,0.187743225391951
E323F,0.0649995448340758
E323G,0.125167886358985
E323H,0.0416357280961082
E323I,0.015355313210412
E323K,0.21096292410107
E323L,0.0662788746629922
E323M,0.180627336699033
E323N,0.17258472962873
E323P,0.0799893303256204
E323Q,0.05639105552141
E323R,0.25575762430043
E323S,0.170574449311893
E323T,0.0963611018713822
E323V,0.233134004978948
E323W,0.299429349458168
E323Y,0.0917997590639031
V324A,0.130178310860955
V324C,0.0597471806621806
V324D,0.122324024760845
V324E,0.113093755305602
V324F,0.0547550624527955
V324G,0.127577469578575
V324H,0.0410416002906918
V324I,0.136438902997541
V324K,0.106378046618517
V324L,0.0790610457790728
V324M,0.168382219915987
V324N,0.502637739931414
V324P,0.286301105198178
V324Q,0.373904046007746
V324R,0.0757939564846048
V324S,0.0369726464075034
V324T,0.142577752534513
V324W,0.0821404856934519
V324Y,0.330424694247135
T325A,0.12221970094171
T325C,0.287447701756786
T325D,0.0671950012003757
T325E,0.114383814882981
T325F,0.3457048758011
T325G,0.381383269360351
T325H,0.138414028093691
T325I,0.116384462413755
T325K,0.0576167748167362
T325L,0.236789018629654
T325M,0.118866259207652
T325N,0.10568665117239
T325P,0.0722105928376063
T325Q,0.25713555732094
T325R,0.191736515494117
T325S,0.0864438832066626
T325V,0.244799173778923
T325W,0.14819119673461
T325Y,0.136921956920855
P326A,0.281152445295872
P326C,0.178414040131559
P326D,0.104490887774002
P326E,0.16807905071804
P326F,0.154506147154809
P326G,0.113009165777386
P326H,0.117360738124942
P326I,0.39802354491279
P326K,0.0750623597890485
P326L,0.0520633461275377
P326M,0.0237916926017812
P326N,0.0849444842322151
P326Q,0.0194777578164936
P326R,0.188294274082133
P326S,0.0383904370089178
P326T,0.236779640158689
P326V,0.0370357853226776
P326W,0.150622867383918
P326Y,0.0561015536264198
S327A,0.0409620512938664
S327C,0.0381933413927428
S327D,0.206290479194237
S327E,0.0641168972541841
S327F,0.325932821063898
S327G,0.0660723984179362
S327H,0.109969488139058
S327I,0.126374683905391
S327K,0.162868301808125
S327L,0.0733969567647419
S327M,0.0801327385341477
S327N,0.131614856333477
S327P,0.00663419716468955
S327Q,0.11176558187646
S327R,0.632872502919903
S327T,0.0586899762651824
S327V,0.350747119663587
S327W,0.0422822611594457
S327Y,0.200684209423241
G328A,0.0777711210344453
G328C,0.0160400789417623
G328D,0.0291325776234463
G328E,0.04960113766547
G328F,0
G328H,0.105499285984366
G328I,0.00352653354009585
G328K,0.495845922303228
G328L,0.127631302723253
G328M,0.19711598861351
G328N,0.013458531730592
G328P,0
G328Q,0.1265839660306
G328R,0.300172291279926
G328S,0.106560139958819
G328T,0.105417097427751
G328V,0.0289801429219604
G328W,0.177205137480167
G328Y,0.145883660633888
T329A,0.15339982223187
T329C,0.127642234001434
T329D,0.0263153192518105
T329E,0.354475981586021
T329F,0.557767148130108
T329G,0.142759545920981
T329H,0.056852683280165
T329I,0.216050295083611
T329K,0.363738133479471
T329L,0.0941866100296462
T329M,0.136004682248799
T329N,0.0682460295072037
T329P,0.113450098400334
T329Q,0.102921343217222
T329R,0.0751867736669153
T329S,0.250732538889749
T329V,0.103944546942319
T329W,0.449152183362426
T329Y,0.277850304264072
W330A,0.122717585769279
W330C,0.112344406523768
W330D,0.0553552448843506
W330E,0.0594030673227924
W330F,0.059194253187722
W330G,0.0923960511391804
W330H,0.0493696844906441
W330I,0.2886266013532
W330K,0.0405105629486681
W330L,0.0602040667253445
W330M,0.145671199324875
W330N,0.209011355042463
W330P,0.160332294149814
W330Q,0.164595393133798
W330R,0.120503571515825
W330S,0.0571729425114224
W330T,0.0625641294753909
W330V,0.0584276581051171
W330Y,0.111131633726564
L331A,0.0922589408136377
L331C,0.120130229845971
L331D,0.0942632884095889
L331E,0.0799405979445277
L331F,0.0337817484369425
L331G,0.0427818570639798
L331H,0.422536367746052
L331I,0.119840460933465
L331K,0.330966667330394
L331M,0.183839675209443
L331N,0.0781296555639023
L331P,0.00777998386767108
L331Q,0.0910848081260245
L331R,0.477676034219506
L331S,0.0532937319630185
L331T,0.0808193074575206
L331V,0.168272165683675
L331W,0
L331Y,0
T332A,0.153933025848846
T332C,0.259523567720537
T332D,0.0204571391867619
T332E,0
T332F,0.153058746749186
T332G,0.0276629256912658
T332H,0.182211925537502
T332I,0.0659485735398735
T332K,0.0881841112575048
T332L,0.227416964069172
T332M,0.217782709433864
T332N,0.134407521717166
T332P,0.00560090840223345
T332Q,0.148972097414174
T332R,0.0870237091840234
T332S,0.183045708955816
T332V,0.0814679691075209
T332W,0.0869307445527507
T332Y,0.0273979268744407
Y333A,0
Y333C,0.0063473339604722
Y333D,0.227511829702371
Y333E,0.066336139977199
Y333F,0.0839916928507688
Y333G,0.0831253151483343
Y333H,0.0104158329734352
Y333I,0.0371591620976561
Y333K,1
Y333L,0.074248480596594
Y333M,0.110260165558273
Y333N,0.013300954806261
Y333P,0.054401687959364
Y333Q,0.0488999830761841
Y333R,0.0916507162677049
Y333S,0.056330583534239
Y333T,0.117855441039475
Y333V,0.00275382087086149
Y333W,0.043683459795237
T334A,0.0184918412669529
T334C,0.116393589573908
T334D,0.093189896926664
T334E,0.257274990170532
T334F,0.0401223227589532
T334G,0.326295998340885
T334H,0.0323894402257532
T334I,0.199044256269798
T334K,0.0879172452662736
T334L,0.25236428896983
T334M,0.0664950881785869
T334N,0.0722047402601217
T334P,0.133234329907546
T334Q,0.225930651314594
T334R,0
T334S,0.224968079949296
T334V,0.309103271970905
T334W,0.0994055807469541
T334Y,0.243513495058105
G335A,0.133007395038102
G335C,0.0238704185896084
G335D,0.0868746166910173
G335E,0.00848987040806887
G335F,0.0435097513866615
G335H,0.0132247793559829
G335I,0.0442804903309661
G335K,0.0448597757341385
G335L,0
G335M,0.0343191584015494
G335N,0.0764064906052224
G335P,0.0542124546017589
G335Q,0.195177054222308
G335R,0.0357618441114348
G335S,0.0101105547558302
G335T,0.0188043897296705
G335V,0.0615913308085155
G335W,0.153331667569645
G335Y,0.272246225289798
A336C,0.0739126673363217
A336D,0.301118837975076
A336E,0.0744796352865888
A336F,0.0758377313083245
A336G,0.0638353582662382
A336H,0.0380005716036336
A336I,0.00912760715233696
A336K,0.150883343008763
A336L,0.19451154751185
A336M,0.187613731518575
A336N,0.104840996046415
A336P,0.0367059899821233
A336Q,0.133002732842756
A336R,0.149137451518839
A336S,0.0979562060830058
A336T,0.0997723898728744
A336V,0.168334377767387
A336W,0.294807495623615
A336Y,0.0676407068661977
I337A,0.0519099675803957
I337C,0.131333120930214
I337D,0.0161651941538416
I337E,0.0308600051340916
I337F,0.196291295399134
I337G,0.0651820611342902
I337H,0.0428239132828509
I337K,0
I337L,0.0794849043070358
I337M,0.0263611195633409
I337N,0.182644795276379
I337P,0.0617538109309807
I337Q,0.229615702536178
I337R,0.0386786862767607
I337S,0.184792102278361
I337T,0.0756580659117852
I337V,0.27348717967679
I337W,0.188193490994409
I337Y,0.254871620075844
K338A,0.37048375104255
K338C,0.128524368235382
K338D,0.0206820985986076
K338E,0.0059796554433893
K338F,0.272418277785372
K338G,0.144792857886139
K338H,0.377473971890184
K338I,0.00101741271893782
K338L,0.0425135759410252
K338M,0.0975907534588732
K338N,0.0387454144906056
K338P,0.199800305469503
K338Q,0.23617163762751
K338R,0.203443662863793
K338S,0.0787332694774145
K338T,0.11907142878989
K338V,0.00310971673103799
K338W,0.0448872801950423
K338Y,0.0688480333034475
L339A,0.0642976110661853
L339C,0.160009181201102
L339D,0.123790969904787
L339E,0.117918714398307
L339F,0.0885415828511122
L339G,0.00597997489075856
L339H,0.0858197339411823
L339I,0.116204743134833
L339K,1
L339M,0.204643924869523
L339N,0.0333949560837477
L339P,0.159934249725411
L339Q,0.0629357502780467
L339R,0.0423519267565547
L339S,0.0156616055509182
L339T,0.13600108345056
L339V,0.111022489104578
L339W,0.190393176589665
L339Y,0.0371984355822749
D340A,0.0816291186422127
D340C,0.143208407222819
D340E,0.100973001647077
D340F,0.232004605194143
D340G,0.090824498918252
D340H,0.224000217157062
D340I,0.0468666246013937
D340K,0.15474435785158
D340L,0.138067281226368
D340M,0.0972070996286262
D340N,0.129877494429156
D340P,0.0530694891439812
D340Q,0.531067512287288
D340R,0.0834188393005212
D340S,0.136001759396919
D340T,0.0259614969141679
D340V,0
D340W,0.000680601360358043
D340Y,0.0178980927359979
D341A,0.110977373689263
D341C,0.15480343914875
D341E,0.10848667294712
D341F,0.0242628771361428
D341G,0.124883604183416
D341H,0.0949434805087561
D341I,0.0646904920457963
D341K,0.113257410030921
D341L,0.0849834828148626
D341M,0.134557181123532
D341N,0.139944341180932
D341Q,0.348774167115479
D341R,0.662758378302471
D341S,0.111785220594667
D341T,0.188958481920711
D341V,0.115379889367257
D341W,0.0453128927746205
D341Y,0.0485898335116025
K342A,0.0801723844720731
K342C,0.123205103208454
K342D,0.256404655831952
K342E,0.248128354774565
K342F,0
K342G,0.0516962561650296
K342H,0.119305956084882
K342I,0.093481125149231
K342L,0.0119782079194505
K342M,0.0244839710154776
K342N,0.100664519385925
K342P,0.0337773519955424
K342Q,0.118630669086898
K342R,0.0396334280813044
K342S,0.244116412281045
K342T,0.0652048043517132
K342V,0.102845902632067
K342W,0.0235344428452702
K342Y,0.0508912440951315
D343A,0.0988028802026853
D343C,0.394298934416874
D343E,0.027040935833256
D343F,0.00749443105729947
D343G,0.121062780211513
D343H,0.068696761650865
D343I,0
D343K,0.192910915814973
D343L,0.0266468659815092
D343M,0.0563612759752358
D343N,0.182263235396614
D343P,0
D343Q,0.040668425598867
D343R,0
D343S,0.188020691550432
D343T,0.165233191966519
D343V,0.32545640629837
D343W,0.164296928742065
D343Y,0.124186264529571
P344A,0.364279709286743
P344C,0.0372116532305261
P344D,0.056222731911375
P344E,0.0568302135898966
P344F,0.00923834853170507
P344G,0.0741414565467843
P344H,0.0357810879665247
P344I,0.120998108594216
P344K,0.0514828605952011
P344L,0.0942208465868021
P344M,0.107661471538651
P344N,0.21817851481181
P344Q,0.0849102323579745
P344R,0.196358541434811
P344S,0.100754391794896
P344T,0.191098769279793
P344V,0.107013878146152
P344W,0.136576709186837
P344Y,0.0112613516556103
N345A,0.0991447516442029
N345C,0.097810453882528
N345D,0.0715825857530583
N345E,0.04604508702547
N345F,0.0559619486606236
N345G,0.143162680495282
N345H,0.0997858431242239
N345I,0.0229143360766875
N345K,0.182218996182105
N345L,0.147682401179449
N345M,0
N345P,0.0692594522561114
N345Q,0.302989141316536
N345R,0.178080296166457
N345S,0.019885416404881
N345T,0.0672659917291184
N345V,0.0130254725802341
N345W,0.913833289517166
N345Y,0.00673309202925635
F346A,0.00703229203185386
F346C,0.145266574806359
F346D,0.11158375129757
F346E,0.020442980585388
F346G,0.186528061870565
F346H,0.110687349466266
F346I,0
F346K,0.030801368894508
F346L,0.087433211641369
F346M,0.0995816025687554
F346N,0.164406575249647
F346P,0.0030983679484977
F346Q,0.0822384994189229
F346R,0
F346S,0.0955624087123607
F346T,0.00787167335361912
F346V,0.0700004281455726
F346W,0
F346Y,0.252440300956472
K347A,0.205342777206486
K347C,0.0803337440567182
K347D,0.0615525204167092
K347E,0.186859429492848
K347F,0.0996611392361413
K347G,0.367176041420175
K347H,0.0249373778861346
K347I,0.146436178089599
K347L,0.103959889254539
K347M,0.0849162622689652
K347N,0.0440942332271146
K347P,0
K347Q,0.093476121074227
K347R,0.178874848330888
K347S,0.151890864187585
K347T,0.049063610746955
K347V,0.0569773261663376
K347W,0.13108999701978
K347Y,0.330173550311662
D348A,0.0390146195451824
D348C,0.153916600831174
D348E,0.00933050206301442
D348F,0.00918148913080412
D348G,0.0943434102016923
D348H,0.118180839200082
D348I,0.0279822055548705
D348K,0.0676920515694605
D348L,0.211051338507413
D348M,0.251146375085204
D348N,0.105634732725666
D348P,0.133781359319763
D348Q,0.0336957985002736
D348R,0.0830140980680265
D348S,0.456375575008961
D348T,0.102196137069219
D348V,0.513818407836487
D348W,0.130649894557332
D348Y,0.205813493295645
Q349A,0.0432152611619892
Q349C,0
Q349D,0.0667136584636988
Q349E,0.0996914448670848
Q349F,0.104808057198331
Q349G,0.130854204180404
Q349H,0.0755612511618809
Q349I,0.09642267649915
Q349K,0.00629421003688829
Q349L,0.0215674552943465
Q349M,0.153092870749347
Q349N,0.3296516717759
Q349P,0.0803154946827844
Q349R,0.0891004581256715
Q349S,0.0557870967990752
Q349T,0.132822335651984
Q349V,0.0672202696429455
Q349W,0.102712933557646
Q349Y,0.0563113201558147
V350A,0.0718557974685703
V350C,0.0405223791553865
V350D,0.0807600074252952
V350E,0.0812238290376359
V350F,0.096771759707598
V350G,0.0150027270975105
V350H,0
V350I,0.341195805619241
V350K,0.0778203138579551
V350L,0.101500036929223
V350M,0.216012276876972
V350N,0.0663006840985509
V350P,0
V350Q,0.0472105161888809
V350R,0.103392904720445
V350S,0.0828191831074663
V350T,0.0758650093935577
V350W,0.0223231658690217
V350Y,0.573974912000304
I351A,0.259549837901979
I351C,0.114514225050012
I351D,0.184471527035691
I351E,0.0758942960721308
I351F,0.15304976854546
I351G,0.0644483269159489
I351H,0.17427377282957
I351K,0.277651824351095
I351L,0.143745269966923
I351M,0.524395498615081
I351N,0.115072173033069
I351P,0.0175994239747078
I351Q,0.0637151814669832
I351R,0.0613418227454229
I351S,0.240662760875826
I351T,0.104810229770102
I351V,0.457357150549486
I351W,0.210068959921909
I351Y,0.083250775496051
L352A,0.161213887604266
L352C,0.060415852803057
L352D,0.135540686281577
L352E,0.141691527629402
L352F,0.0312814179463228
L352G,0.0982855347147469
L352H,0.0980912392079479
L352I,0.0630778815058244
L352K,0.0528429532986937
L352M,0.0853279980479626
L352N,0.0248637076412716
L352P,0
L352Q,0.0193934902262556
L352R,0.00272594818998233
L352S,0.165990623549019
L352T,0.00557404464971288
L352V,0.00651042456716914
L352W,0.0111755445021678
L352Y,0.287539923304201
L353A,0.117512365591255
L353C,0.137120786791954
L353D,0.00155770306625855
L353E,0.105106266935328
L353F,0.0458986346117538
L353G,0.00153773716818253
L353H,0.0178340035791751
L353I,0.186661146011473
L353K,0.127040954624358
L353M,0.231050152894172
L353N,0.157814760505143
L353P,0.0860981150567858
L353Q,0
L353R,0.123693416472951
L353S,0.124415020950122
L353T,0
L353V,0.0822587221191471
L353W,0.0877058422593567
L353Y,0
N354A,0.213901307091444
N354C,0.295439916920097
N354D,0.0328685170718016
N354E,0.446367063498727
N354F,0.00588178154279865
N354G,0.0280849450841137
N354H,0.0883518978889786
N354I,0.0686073662426655
N354K,0.67113020874141
N354L,0.141304039367882
N354M,0.274805073073709
N354P,0.103256605678348
N354Q,0.198838488845752
N354R,0.0910958743863842
N354S,0.102163968652011
N354T,0.0239751539999575
N354V,0.29183731182941
N354W,0.214024315580517
N354Y,0.0818871607111928
K355A,0.0955629444541656
K355C,0.00711334454892224
K355D,0.0583731085774916
K355E,0.0641698442224901
K355F,0.0319370299537576
K355G,0.000654000613387527
K355H,0.0627779364527392
K355I,0.0284956837376114
K355L,0.0200888975299124
K355M,0.22246014001486
K355N,0.106633339256282
K355P,0.178200916251343
K355Q,0.096752353095021
K355R,0.15962753420966
K355S,0.173427471760324
K355T,0.0697213671668557
K355V,0.00140846373056165
K355W,0.0931849220164427
K355Y,0.0152729034660221
H356A,0
H356C,0.0110543301972865
H356D,0.028402475546994
H356E,0.602831977946503
H356F,0.0225597779505485
H356G,0.00493628447892694
H356I,0.0431038039848671
H356K,0.599554484583958
H356L,0.247205172629323
H356M,0.0147748100955469
H356N,0.0318950384753195
H356P,0
H356Q,0.116480128175183
H356R,0.013144283244365
H356S,0.0274934591194634
H356T,0.43295347583474
H356V,0.0491387186276124
H356W,0.00389619942908024
H356Y,0.0104076185941187
I357A,0.0356813559634244
I357C,0.158216103147583
I357D,0.00461321150454758
I357E,0.325591393711566
I357F,0.479643587667166
I357G,0.230661933652439
I357H,0
I357K,0.217338500661685
I357L,0.0680222028417685
I357M,0.00435455408413862
I357N,0.301614001492104
I357P,0.131555206071857
I357Q,0.0346376178189551
I357R,0.0482974445914855
I357S,0
I357T,0.0160519149574434
I357V,0.096035938744725
I357W,0.110758451538174
I357Y,0.0647061556031924
D358A,0.0396540275761492
D358C,0.01169519707315
D358E,0.0324456970975034
D358F,0.165697186657481
D358G,0.0657844503918509
D358H,0
D358I,0.0230564357315832
D358K,0.118960269972901
D358L,0.0716134523253061
D358M,0.0377942429944106
D358N,0.0561269978834341
D358P,0.0416357280961082
D358Q,0.00880965312239149
D358R,0.490468876972154
D358S,0
D358T,0.0299777242291979
D358V,0.149964322469801
D358W,0
D358Y,0.12864573632398
A359C,0.318393470002438
A359D,0.0596149184901347
A359E,0.0679340474287347
A359F,0.196795286328791
A359G,0.159576340142926
A359H,0.00891679755225841
A359I,0.00708214037637783
A359K,0.107866882509515
A359L,0.262305087005482
A359M,0
A359N,0.0579288548463046
A359P,0.303108100539668
A359Q,0.0452826045202189
A359R,0.0803742531608331
A359S,0.0543872637919895
A359T,0.189257299985144
A359V,0.0668954346420906
A359W,0.143393856185635
A359Y,0.01403423648778
Y360A,0.140281586688286
Y360C,0.101840723169202
Y360D,0.0591695966207376
Y360E,0.0013875852072069
Y360F,0.0324044021322674
Y360G,0.0163816016289696
Y360H,0.118551988490587
Y360I,0
Y360K,0.0140847193528439
Y360L,0.0148088045868602
Y360M,0.255144172116394
Y360N,0.0306479935953848
Y360P,0.177410622997292
Y360Q,0.0129471509847072
Y360R,0
Y360S,0.611212488450868
Y360T,0.605383486517413
Y360V,0.0431459632909243
Y360W,0.391602603782303
K361A,0.221565702823203
K361C,0.0846750807378078
K361D,0.117766601700043
K361E,0.0736954027148618
K361F,0.0461458020696697
K361G,0.0203028621189884
K361H,0.0234975153716656
K361I,0.0484516902550879
K361L,0.0685653974123895
K361M,0.0589145552559931
K361N,0.101870807975112
K361P,0.129964803331185
K361Q,0.0435313773015816
K361R,0.0355695234758548
K361S,0.0609732794917044
K361T,0.398860332300275
K361V,0.0940385845039642
K361W,0.0327475804061457
K361Y,0.0528356522902394
T362A,0.456374638923062
T362C,0.0634118495503437
T362D,0
T362E,0.0200638516630447
T362F,0.0741144303016169
T362G,0.0253785776487355
T362H,0.0572288122956235
T362I,0.361604784164298
T362K,0.0750258826117136
T362L,0.0742918823812245
T362M,0.174590829141715
T362N,0.0801097817752453
T362P,0.102024095688454
T362Q,0.167694094584457
T362R,0.111536211423869
T362S,0.291727171643272
T362V,0.080723885407396
T362W,0.272198484508588
T362Y,0.167691454878723
F363A,0.192533621738611
F363C,0.0972720768743995
F363D,0.0620002140574641
F363E,0.190912989183978
F363G,0.259168724295143
F363H,0.0562542993941566
F363I,0.0648930213205603
F363K,0.0470925956180465
F363L,0.440506003256825
F363M,0.0649431226020995
F363N,0.21775746250115
F363P,0.0476148999053261
F363Q,0.205429810473777
F363R,0.130083338005233
F363S,0.177987445693677
F363T,0.0163859233136697
F363V,0.19242050021378
F363W,0.0711266077918481
F363Y,0.127408994166762
P364A,0.167683099863975
P364C,0.0300494687348201
P364D,0.128075120121724
P364E,0.141885494163352
P364F,0.820896700111429
P364G,0.0900824292528765
P364H,0.0771360993973868
P364I,0.126509155062827
P364K,0.170795442970872
P364L,0.0331076030977483
P364M,0.347982128181216
P364N,0.171669929160419
P364Q,0.108226297540745
P364R,0.263030027669456
P364S,0.143226904650612
P364T,0.0804288701729445
P364V,0.174096512292527
P364W,0.221261094980707
P364Y,0.0485476163482861
P365A,0.117441769583281
P365C,0.922647734609757
P365D,0.320595106340033
P365E,0.29115822523937
P365F,0
P365G,0.0683876004843796
P365H,0.097181717937013
P365I,0.139252585150529
P365K,0.0443668966176129
P365L,0.175303916128292
P365M,0.208407150528091
P365N,0.137357092538477
P365Q,0.0274795805434314
P365R,0.0885436956472801
P365S,0.129893214975492
P365T,0.0832714561922164
P365V,0.0745480908337272
P365W,0.0523684935608827
P365Y,0.203355484195479
T366A,0.0843685898236531
T366C,0.123357749128384
T366D,0.00744918973273011
T366E,0.150143037586702
T366F,0.0311765739876072
T366G,0.103039970671367
T366H,0.146032886964323
T366I,0.21220408528225
T366K,0.192037511940528
T366L,0.118592747002667
T366M,0.0480662660445496
T366N,0.258141514195871
T366P,0.185277250373304
T366Q,0.194989071769244
T366R,0.103741487994545
T366S,0.115068928329248
T366V,0.051509993666442
T366W,0.107020082208888
T366Y,0
E367A,0
E367C,0.194680101712467
E367D,0.231842426267024
E367F,0.180632535238918
E367G,0.15256356868187
E367I,0.226213903005836
E367K,0.3224947048922
E367M,0.168613534205511
E367N,0.599582277367796
E367Q,0
E367R,0.201297541738249
E367S,0.31035561214609
E367T,0
E367V,0.315414527356226
E367W,0.045611268585285
E367Y,0.308337859283702
P368A,0.0650523949863722
P368C,0.0921058539917638
P368D,0.0493238137026919
P368E,0.157987387951917
P368F,0
P368G,0.127326070006472
P368H,0.100242676107212
P368I,0
P368K,0.160663618746889
P368L,0.0233160077338206
P368M,0.0925324653173224
P368N,0.298664064839409
P368Q,0.380026465840531
P368R,0.133700567359349
P368S,0.0293198408739001
P368T,0.0276139027377878
P368V,0.242578632460534
P368W,0.024031249463549
P368Y,0.213540400144612
K369A,0.0480791902908179
K369C,0.23482550646205
K369D,0.144163285561765
K369E,0.222278358658142
K369F,0.0727939821790721
K369G,0.04345245798154
K369H,0.983304861328453
K369I,0.15865855255204
K369L,0.1398706232934
K369M,0.0568104639968505
K369N,0.015203756195095
K369P,0.157668582763948
K369Q,0.107299359895387
K369R,0
K369S,0.193757063053327
K369T,0
K369V,0.0863302393850196
K369W,0.766097396968391
K369Y,0.0841313418626849
K370A,0.167082795569603
K370C,0.367347040027841
K370D,0.0827005292301836
K370E,0.142784873864391
K370F,0.057562417922249
K370G,0.182364489060954
K370H,0.0318483567749895
K370I,0.0183117565649231
K370L,0.109133811592189
K370M,0
K370N,0.0512469278009297
K370P,0.0135079073243795
K370Q,0.122281092017477
K370R,0.174483785414716
K370S,0.0339320692619111
K370T,0.206200943395976
K370V,0.300328683145589
K370W,0
K370Y,0.302826506243365
D371A,0.385419188252781
D371C,0.124084027425822
D371E,0.225106360381108
D371F,0.126379151854027
D371G,0.300609956853901
D371H,0.406770179403064
D371I,0.136821302666879
D371K,0.19612811622757
D371L,0.218131140835314
D371M,0.436616767553949
D371N,0.671167936909264
D371P,0.10552771070875
D371Q,0.117787925922503
D371R,0.136176464031402
D371S,0.119568623409988
D371T,0.352023817880689
D371V,0.510801064446447
D371W,0.246805278780603
D371Y,0.285808147862571
K372A,0.152083572940003
K372C,0.177508789862213
K372D,0.101200810000093
K372E,0.0594865412293522
K372F,0.256693107578379
K372G,0.0688699127563936
K372H,0.0714951894783851
K372I,0.0842602052227205
K372L,0.131164987301927
K372M,0.0539492520335812
K372N,0.253925420631512
K372P,0.0806708095416177
K372Q,0.130851222547179
K372R,0.0518402810898076
K372S,0.00925196488731337
K372T,0.0942632884095889
K372V,0.0684182088181607
K372W,0.0513296422702483
K372Y,0.0681927978603116
K373A,0.258517710583791
K373C,0.21908287214461
K373D,0.372429886086932
K373E,0.000797040206394495
K373F,0.0825288901914904
K373G,0.397204846036872
K373H,0.0362693453637209
K373I,0.0173143447449616
K373L,0.289311701755898
K373M,0.118438167544454
K373N,0.0468943809677552
K373P,0.135624924846779
K373Q,0.068572679068451
K373R,0.0883124830969621
K373S,0.090899988823133
K373T,0.0814234384933326
K373V,0.222545673104282
K373W,0.212172013185435
K373Y,0
K374A,0.232389317579756
K374C,0.0639628149699156
K374D,0.00172826640913074
K374E,0.135928252879031
K374F,0.187116947325354
K374G,0.192243280237095
K374H,0.273800627751387
K374I,0
K374L,0.0709307912785026
K374M,0.870549192959145
K374N,0.0335675954365542
K374P,0.0514862872608818
K374Q,0.0772430319006199
K374R,0.0504981902194226
K374S,0.104891012102827
K374T,0.667004364099653
K374V,0.374257432157825
K374W,0.0751215966353536
K374Y,0.154383968418854
K375A,0.060753137034674
K375C,0.557858505468352
K375D,0.0728605127803586
K375E,0.01884299460776
K375F,0.0360017052587796
K375G,0.173392562624978
K375H,0.20866568717801
K375I,0.790394363781353
K375L,0.395127235486802
K375M,0.019153098441789
K375N,0.692635171640514
K375P,0.0529755879922841
K375Q,0.248981654014727
K375R,0.127812952929529
K375S,0.039503401212111
K375T,0.0882138244982456
K375V,0.173035060473031
K375W,0.0831587112568602
K375Y,0.236135261957219
A376C,0.523484482044958
A376D,0.144069272401477
A376E,0.150370363054105
A376F,0.045581261171742
A376G,0.160712954406704
A376H,0.152495925529375
A376I,0.332141478182338
A376K,0.173314776308636
A376L,0.611428173164479
A376M,0.148272240804909
A376N,0.0828426006637617
A376P,0.0422765805818074
A376Q,0.159786877560087
A376R,0.325916859925964
A376S,0.104118809288838
A376T,0.103002931043591
A376V,0.0587332797013593
A376W,0.268015846817619
A376Y,0.0248550971976778
D377A,0.11894662000331
D377C,0.114301827552362
D377E,0.106370332232828
D377F,0.262174439237446
D377G,0.121122935710542
D377H,0.0614370623792278
D377I,0.261792829421892
D377K,0.175556367573105
D377L,0.0882737905076181
D377M,0.131000340387948
D377N,0.120801863300133
D377P,0.194703082156495
D377Q,0.211383242237938
D377R,0.184156755502177
D377S,0.0665088253890714
D377T,0.28093210023373
D377V,0.341114696771697
D377W,0.655129854446643
D377Y,0.18180044765655
E378A,0.114840691042479
E378C,0.0454159312465899
E378D,0.161589790662763
E378F,0.100158931181475
E378G,0.202024686397033
E378H,0.205516900458061
E378I,0.296302969789225
E378K,0.0952041292159584
E378L,0.0784963492858027
E378M,0.148209458411998
E378N,0.147680981841464
E378P,0.129127792341903
E378Q,0.0465864832308168
E378R,0.270516823760777
E378S,0.114718110894508
E378T,0.0814164128719949
E378V,0.353125522598869
E378W,0.0923893534111551
E378Y,0.264580582527228
T379A,0.0975699551472771
T379C,0.171071486193963
T379D,0.141620442873736
T379E,0.123342281370457
T379F,0.0310052466742322
T379G,0.074104729205999
T379H,0.260268098535969
T379I,0.806708892157044
T379K,0.375497750685146
T379L,0.0316431533530422
T379M,0.00954717921071477
T379N,0.318305225407329
T379P,0.033813331859955
T379Q,0.429375507557335
T379R,0.375355381020172
T379S,0.795829402146529
T379V,0.365021112909489
T379W,0.0347171598220124
T379Y,0.0181112037084994
Q380A,0.0627227204246314
Q380C,0
Q380D,0.114946057807969
Q380E,0.107103736353352
Q380F,0.595632446893787
Q380G,0.0615458639313175
Q380H,0.0625466960711483
Q380I,0.046380718289629
Q380K,0.0742497001639565
Q380L,0.0230171573061461
Q380M,0.0191524349242098
Q380N,0.0974053980232419
Q380P,0.216622823526075
Q380R,0.256710355435447
Q380S,0.0311467587022501
Q380T,0.175429962134484
Q380V,0.0571715210768217
Q380W,0.145972021421673
Q380Y,0.132185976267731
A381C,0.0804366041643453
A381D,1
A381E,0.295613669482368
A381F,0.258598401831616
A381G,0.0689778241725284
A381H,0.138442453756635
A381I,0.323560490502627
A381K,0.167375626946355
A381L,0.675148287243186
A381M,0.140335794542366
A381N,0.341438947618788
A381P,0.028402128618987
A381Q,0.0064540001316706
A381R,0.275807399420649
A381S,0.0372865306842294
A381T,0.0540932044266603
A381V,0.179024506840709
A381W,0.195762349746517
A381Y,0.0361557818557327
L382A,0.809104897542435
L382C,0.161394801996982
L382D,0.343570188140513
L382E,0.0949294600591267
L382F,0.324758679149644
L382G,0.0554160662265398
L382H,0.0890711984497065
L382I,0.300969724952408
L382K,0.893859839346649
L382M,0.270096055817002
L382N,0.232062000415887
L382P,0.105348906948523
L382Q,0.0997383697428835
L382R,0.721292157616887
L382S,0.0648049532595092
L382T,0.135474207969778
L382V,0.107420178487959
L382W,0.185695347308643
L382Y,0.421288439819392
P383A,0.0349740116007309
P383C,0.0192414540735062
P383D,0.113574684229764
P383E,0.134210304880302
P383F,0.200858950043748
P383G,0
P383H,0.0991674097679147
P383I,0.144878173814607
P383K,0.382215983922273
P383L,0.0300661966809869
P383M,0.254810655948182
P383N,0.146539792144894
P383Q,0.0190504581839125
P383R,0.127520682372279
P383S,0.0998202944948704
P383T,0.286879466658908
P383V,0.103887663967811
P383W,0.764431967844546
P383Y,0
Q384A,0.853532425970218
Q384C,0.158084608324296
Q384D,0.181131913148378
Q384E,0.0255850941033816
Q384F,0.0218625749817277
Q384G,0.302275385977745
Q384H,0.00518999523246188
Q384I,0
Q384K,0.0824387416302942
Q384L,0.0714692496241388
Q384M,0.0599554484583958
Q384N,0.236006999841472
Q384P,0.444099577084613
Q384R,0.289163455837299
Q384S,0.196720440251333
Q384T,0.0464042265986534
Q384V,0.0724372249858922
Q384W,0.115736392719109
Q384Y,0.202910749303284
R385A,0.0348175101132648
R385C,0.218658001099357
R385D,0.0335645142387967
R385E,0.166726669034531
R385F,0.0539850676919254
R385G,0.148175129791199
R385H,0.113069592525025
R385I,0.205416968418261
R385K,0
R385L,0.133596996346923
R385M,0.0587369234311006
R385N,0.136825083004165
R385P,0.34927396013664
R385Q,0.0755106730570208
R385S,0.110299615934199
R385T,0.0641686765426753
R385V,0.383562086006959
R385W,0.00907994572621799
R385Y,0.040852679341391
Q386A,0.0259321288609598
Q386C,0.232566699937194
Q386D,0.037732757369195
Q386E,0.025539314593731
Q386F,0.297173040383319
Q386G,0.209294260813329
Q386H,0.252262865323764
Q386I,0.167496843460248
Q386K,0.633593770718527
Q386L,0.124438614214714
Q386M,0.216341973399057
Q386N,0.140728760964846
Q386P,0.242810638453553
Q386R,0.0891333135301555
Q386S,0.107971425241753
Q386T,0.0960794238606127
Q386V,0.493790659311811
Q386W,0.0910615798928097
Q386Y,0.0720616389520941
K387A,0.0416539769153204
K387C,0.091696462927995
K387D,0.0274426394168397
K387E,0.0397096450760196
K387F,0.0942058895431498
K387G,0.309627657228688
K387H,0.0582551709392593
K387I,0.167630061592608
K387L,0.0247932086702304
K387M,0.0477929300290964
K387N,0.359874330049692
K387P,0.0393758040191954
K387Q,0.178267610002422
K387R,0.0427216657996675
K387S,0.0274795805434314
K387T,0.0716607750870504
K387V,0.0566814813319241
K387W,0.0824387416302942
K387Y,0.0220533159219121
K388A,0.398231535458842
K388C,0.188193490994409
K388D,0.177318308434201
K388E,0.0240711321279847
K388F,0.142210604410253
K388G,0.110603740527761
K388H,0.0671905890706115
K388I,0.34943248360336
K388L,0.0255925123899229
K388M,0.0858506174615495
K388N,0.119002569726224
K388P,0.114241807381645
K388Q,0.292030664508889
K388R,0.167642321512155
K388S,0.0723534429954683
K388T,0.132325436410937
K388V,0.236490935585894
K388W,0.247884639408736
K388Y,0.245650795767038
Q389A,0.111071166070356
Q389C,0.0776306900003241
Q389D,0.0876141632333864
Q389E,0
Q389F,0.0915673955458038
Q389G,0.199971148592009
Q389H,0.506431077630987
Q389I,0.0369713127728441
Q389K,0.108010017969321
Q389L,0.172094741034723
Q389M,0.0231181121833534
Q389N,0.267625771006355
Q389P,0.116649133725743
Q389R,0.0652351896609407
Q389S,0.101906257740096
Q389T,0.442928006133591
Q389V,0.128176709452132
Q389W,0.0620249039110223
Q389Y,0.0875568093923059
Q390A,0.105231665893058
Q390C,0.0731285166728795
Q390D,0.0157523155716746
Q390E,0
Q390F,0.175900393285962
Q390G,0.154014881062662
Q390H,0.129328547080337
Q390I,0.0563560351593013
Q390K,0.130872519024476
Q390L,0.196718185136408
Q390M,0.139913495602126
Q390N,0
Q390P,0.0878508198102971
Q390R,0.0474427441665423
Q390S,0.0235016100530719
Q390T,0.147226049595067
Q390V,0.0420423117319763
Q390W,0.052677634609058
Q390Y,0.048358976137125
T391A,0.057386048360412
T391C,0.109496159810567
T391D,0.414433423180089
T391E,0.122205384413272
T391F,0.200545821329856
T391G,0.228070740422822
T391H,0.412724327672946
T391I,0
T391K,0.216148390089526
T391L,0.0854096485415095
T391M,0.162123166739693
T391N,0.0978560717190818
T391P,0.123535933528236
T391Q,0
T391R,0.127243744155872
T391S,0.203223798526513
T391V,0.0688605223159314
T391W,0.0530952400021358
T391Y,0.672022624830873
V392A,0.101241838084331
V392C,0.0454247194295169
V392D,0.0745579091592132
V392E,0.0847125714889753
V392F,0.132635954487829
V392G,0.273948495685849
V392H,0.105981912338918
V392I,0.327927641496905
V392K,0.381475381983497
V392L,0.525069887504652
V392M,0.135537531745001
V392N,0.159796237534119
V392P,0.180517693245605
V392Q,0.0761705936297899
V392R,0.0671178477599921
V392S,0.200771030469156
V392T,0.443479014717211
V392W,0.359321746689941
V392Y,0.122409040602558
T393A,0.149135383210356
T393C,0.0226503153444624
T393D,0.092118951765174
T393E,0.157445956956573
T393F,0.0464383394191008
T393G,0.393123080966549
T393H,0.0919036013479523
T393I,0.069596770815899
T393K,0.263457614949358
T393L,0.382785380636236
T393M,0.445618891304314
T393N,0.345795072267774
T393P,0.220656106157725
T393Q,0.094168222341045
T393R,0.464551134267352
T393S,0.164519955166664
T393V,0.165041736923318
T393W,0
T393Y,0.0687382598665509
L394A,0.140218903104475
L394C,0.135837337476325
L394D,0.168313957306856
L394E,0.0535194494633197
L394F,0.107070800421761
L394G,0.542097179811329
L394H,0.447374387662345
L394I,0.300713456047162
L394K,0.0813565537765615
L394M,0.160929092954094
L394N,0.192676532912682
L394P,0.153403871150301
L394Q,0.633695781622767
L394R,0.151406603731971
L394S,0.487325192327295
L394T,0.104601006613054
L394V,0.196995544137227
L394W,0.586895549444627
L394Y,0.0652896863735369
L395A,0.0625196701650649
L395C,0.147173525007308
L395D,0.0610128130354238
L395E,0.120389669451289
L395F,0.159882448562334
L395G,0.0587560407575465
L395H,0.447590308230565
L395I,0.13065404771057
L395K,0.098901270921766
L395M,0.265090126319817
L395N,0.318784628925199
L395P,0.03040751239019
L395Q,0.210203447394306
L395R,0.0352124943362236
L395S,0.131599362663112
L395T,0.364362329881265
L395V,0.256277423529551
L395W,0.0932857431964524
L395Y,0.0505704336961314
P396A,0.0938701151524061
P396C,0.04364589721039
P396D,0.182050171582826
P396E,0.0915506757934857
P396F,0.0756024026759223
P396G,0.176515782391562
P396H,0.174440574705009
P396I,0.28078945382877
P396K,0.344339876460542
P396L,0.104144371649665
P396M,0.308640651268734
P396N,0.111612359896016
P396Q,0.132700745819324
P396R,0.120581514650753
P396S,0.283040066392429
P396T,0.660411726489503
P396V,0.0183495902634589
P396W,0.213913157803659
P396Y,0.0678994135509704
A397C,0.169573182593145
A397D,0.160105697680632
A397E,0.132598057587654
A397F,0.0531176590305255
A397G,0.138818696076763
A397H,0.176419959420419
A397I,0.108185358907583
A397K,0.299777242291979
A397L,0.371891029861201
A397M,0.0406948194047208
A397N,0.115195076744952
A397P,0.228959925335952
A397Q,0.121765495050249
A397R,0.0602488570300835
A397S,0.452164007123735
A397T,0.127632788466673
A397V,0.106458691019658
A397W,0.0310505833392263
A397Y,0.238294219022003
A398C,0.214326364951239
A398D,0.0432152611619892
A398E,0.64907939077883
A398F,0.041888789287518
A398G,0.0487080885649891
A398H,0.216175483313987
A398I,0.45338884820816
A398K,0.201282768748068
A398L,0.200748536055562
A398M,0.237619315789775
A398N,0.396564640755394
A398P,0.0309383697992366
A398Q,0.288085555588856
A398R,0.02661648021991
A398S,0.0921799773378401
A398T,0.171044432889752
A398V,0.425517141142226
A398W,0.0918705899968934
A398Y,0.128923030728675
D399A,0.208161367231201
D399C,0.105931057007518
D399E,0.0816443393237155
D399F,0.166491583369236
D399G,0.0766900833749313
D399H,0.0830282402821854
D399I,0.178949023451359
D399K,0.276831329919013
D399L,0.137572594176863
D399M,0.04139125164139
D399N,0.0474778367645359
D399P,0.104736987121765
D399Q,0.13136605698313
D399R,0.0864499626695789
D399S,0.260009570529783
D399T,0.104518785065262
D399V,0.267950701555805
D399W,0.0419919370795948
D399Y,0.0760003130056054
L400A,0.104859629963828
L400C,0.832714561922164
L400D,0.0912193491319465
L400E,0.0175768891107786
L400F,0.0540529006830625
L400G,0.159671198749247
L400H,0.155862838462559
L400I,0.226231892183013
L400K,0.372025101077715
L400M,0.0888175413487874
L400N,0.383051726537148
L400P,0
L400Q,0.0883993888031926
L400R,0.162926390912944
L400S,0.123959549242328
L400T,0.12972868404884
L400V,0.100113196293964
L400W,0.120751489371527
L400Y,0.124189797008651
D401A,0.064617570538629
D401C,0.0876240793224638
D401E,0.0328704086889526
D401F,0.177962402873752
D401G,0.171585248487501
D401H,0.102902756595871
D401I,0.153304910908046
D401K,0.525135374934858
D401L,0.149055906584067
D401M,0.181880927543548
D401N,0.267267092635421
D401P,0.304137349370638
D401Q,0.0398166551670288
D401R,0.153641416906247
D401S,0.114483295878905
D401T,0.552249568460218
D401V,0.0202214975136082
D401W,0.0623682367605439
D401Y,0.185419487160906
D402A,0.118697525671251
D402C,0.0128513677920492
D402E,0.212901231675526
D402F,0.104491528984616
D402G,0.0720675722433776
D402H,0.3180366635543
D402I,0.109804905853464
D402K,0.227177869431118
D402L,0.32721969543456
D402M,0.0272741494383075
D402N,0.0379449677919955
D402P,0.0816435311639597
D402Q,0.0575640149062691
D402R,0.0648586802435071
D402S,0.0106034673952749
D402T,0.0948507062625812
D402V,0.105854788363243
D402W,0.0608653683439399
D402Y,0.0937798014333105
F403A,0.378437235925668
F403C,0.0362969920714628
F403D,0.235564891035448
F403E,0.0451336335496329
F403G,0.220621722872828
F403H,0.639998116044051
F403I,0.151409813709259
F403K,0.135532658761723
F403L,0.165764580595481
F403M,0.0838677881012364
F403N,0.161673478069604
F403P,0.529384176181162
F403Q,0.135512231108882
F403R,0.0585693882655941
F403S,0.103130591613763
F403T,0.239787003872101
F403V,0.1261350969907
F403W,0.276467020388893
F403Y,0.126909652320863
S404A,0.144192701448458
S404C,0.0121264950784205
S404D,0.356178939811561
S404E,0.0517754188886191
S404F,0.329076098775179
S404G,0.126408600486405
S404H,0.450719065403176
S404I,0.439643977142323
S404K,1
S404L,0.0654051418519923
S404M,0.0413358444649448
S404N,0.0328252890573148
S404P,0.0330748380384523
S404Q,0.0311099961747818
S404R,0.183849882036909
S404T,0.108660359603525
S404V,0.245503497813418
S404W,0.092525499834026
S404Y,0
K405A,0.673800995836139
K405C,0.0581132514028863
K405D,0
K405E,0
K405F,0.0044405020159889
K405G,0.0741543220509753
K405H,0.245153292463589
K405I,0.0708305181091647
K405L,0.412193708151471
K405M,0.0747551203629272
K405N,0.141833593211946
K405P,0.125020181354688
K405Q,0.0249814368576649
K405R,0.0047210328084936
K405S,0.095080600158805
K405T,0.199496368764661
K405V,0.210204436063586
K405W,0.150666731474343
K405Y,0.0653204759119968
Q406A,0.574851529317493
Q406C,0.0756965956445505
Q406D,0.0403985521755381
Q406E,0.477064203536334
Q406F,0.0956051145791204
Q406G,0.168443924727297
Q406H,0.546260752620939
Q406I,0.105880151253103
Q406K,0.0345957664715676
Q406L,0.0290561510447978
Q406M,0.182619521676123
Q406N,0.179901177879738
Q406P,0.0479132635116733
Q406R,0.0439200565356049
Q406S,0.0636792909332142
Q406T,0.251048145662273
Q406V,0.157282003694651
Q406W,0.0705254530071742
Q406Y,0.114606673482526
L407A,0.475387313428397
L407C,0.0303385042127004
L407D,0.217757024213619
L407E,0.118292023306382
L407F,0.107598732817048
L407G,0.157125052811798
L407H,0.0762254098990288
L407I,0.070801971061526
L407K,0.0247623941696558
L407M,0.138718200188459
L407N,0.150374918939761
L407P,0.0717130558261165
L407Q,0.0418097119997039
L407R,0.0413051991431751
L407S,0.126658118792718
L407T,0.156738656678386
L407V,0.123671249281737
L407W,0.131999662517546
L407Y,0.0710558348656445
Q408A,0.225310622083826
Q408C,0.00159094157653315
Q408D,0.138316608103214
Q408E,0.152291265406875
Q408F,0.0416954684026267
Q408G,0.409914799348099
Q408H,0.277605384366239
Q408I,0.092986996303463
Q408K,0.178161908152151
Q408L,0.0832564972479902
Q408M,0.312056148039225
Q408N,0.167715201456022
Q408P,0.149958623221426
Q408R,0.0604371978371619
Q408S,0.0561421055968875
Q408T,0.0695256850976802
Q408V,0.273196698709207
Q408W,0.338082112140398
Q408Y,0.0751374038047448
Q409A,0.00194919951219167
Q409C,0.0874933139529051
Q409D,0.137218710975984
Q409E,0.0571662809066835
Q409F,0.359369874118251
Q409G,0.0660636716689293
Q409H,0.11438430030681
Q409I,0.160051866120769
Q409K,0.14194425247691
Q409L,0.016050534765263
Q409M,0.170709951949089
Q409N,0.0608806028434235
Q409P,0.183267815959508
Q409R,0.0923525460769621
Q409S,0.537081526984867
Q409T,0.0133727868172494
Q409V,0.149243762617315
Q409W,0.175029665586544
Q409Y,0.257976008934031
S410A,0.0537148090836018
S410C,0.00257362454704011
S410D,1
S410E,0.0837007611038627
S410F,0.0497344117532126
S410G,0.099619830904661
S410H,0.0508559430656638
S410I,0.301241402534474
S410K,0.100607932821773
S410L,0.0880804803202562
S410M,0.101214138913271
S410N,0.0555361086466549
S410P,0.040431843112642
S410Q,0.285993554266751
S410R,0.199010584289929
S410T,0.108689840618032
S410V,0.200226562712627
S410W,0.258746793308204
S410Y,0.683428965497361
M411A,0.154073933382302
M411C,0.0262347955193998
M411D,0.156166773302144
M411E,0.0758640711529532
M411F,0.00207698771071976
M411G,0.0715233023758614
M411H,0.313619004015324
M411I,1
M411K,0.0859562733766885
M411L,0.0841904968251512
M411N,0.22365183341509
M411P,0.171469840094034
M411Q,0.019032408203843
M411R,0.06811512228416
M411S,0.143816586476007
M411T,0.0573051156934015
M411V,0.162144105086418
M411W,0.115215628589351
M411Y,0.0535427911906074
S412A,0.155566271581366
S412C,0.117356744367395
S412D,0.0432487291095569
S412E,0.527635773857218
S412F,0.335139755417159
S412G,0.150862878801218
S412H,0
S412I,0.0894919085893893
S412K,0.0512415766108384
S412L,0.545428038059017
S412M,0.102870428881109
S412N,0.27818254465921
S412P,0.153219479393678
S412Q,0.168056532955433
S412R,0.0224832931718984
S412T,0.148476581175457
S412V,0.297773365800915
S412W,0.0610070217015493
S412Y,0.0316431533530422
S413A,0.398870275160716
S413C,0.0445128672565125
S413D,0.115435599851557
S413E,0.136380311183
S413F,0.0403195350362201
S413G,0.0666581286216924
S413H,0.0847244414798461
S413I,0.033221909946726
S413K,0.0496809029479469
S413L,0.191903079755966
S413M,0.149056914306409
S413N,0.241157950532678
S413P,0.0378071037200048
S413Q,0.106087639945141
S413R,0.108648380809563
S413T,0.00880818313188216
S413V,0.0669132922549115
S413W,0.0230602700286913
S413Y,0.0973867359155021
A414C,0.0521487494403755
A414D,0.343078399511931
A414E,0.153001979321534
A414F,0.0753385938252088
A414G,0.413180493249079
A414H,0.136565188155235
A414I,0.00628293042106571
A414K,0.13830134979013
A414L,0.154601807683722
A414M,0.0711806235030537
A414N,0.139170277618987
A414P,0.0577091423607298
A414Q,0
A414R,0.000862229942004015
A414S,0.0558174035576071
A414T,0.137483432150386
A414V,0.159307070938851
A414W,0.707344613183415
A414Y,0.0228231636041664
D415A,0.130324630811007
D415C,0
D415E,0.139783788301172
D415F,0
D415G,0.0017486055212966
D415H,0.220009042284099
D415I,0.0904426104753181
D415K,0.352416730318052
D415L,0.319572923163339
D415M,0.0298022106212986
D415N,0.415510634237892
D415P,0
D415Q,0.103787624935111
D415R,0.178168689564772
D415S,0.0173840086733105
D415T,0.168404781652344
D415V,0.0887500290304261
D415W,0.0684756500038745
D415Y,0.0622966098100224
S416A,1
S416C,0.0744510940893246
S416D,0.108386359495346
S416E,0.0200260775789779
S416F,0.0632748407568669
S416G,0.0952133103532466
S416H,0.0444108230309609
S416I,0.135732473593313
S416K,0.394363607269499
S416L,0
S416M,0.262799282042394
S416N,0.14338057696832
S416P,0.0758363788192882
S416Q,0.12158390766032
S416R,0.124849796924402
S416T,0.166945303188458
S416V,0.130746409079852
S416W,0.174729492938715
S416Y,0.544872713003624
T417A,0.135688813630581
T417C,0.0184492344225448
T417D,0.221865913436293
T417E,0.315326401697833
T417F,0.0942632884095889
T417G,0.0574601511194038
T417H,0.335252847397046
T417I,0.0979205624279835
T417K,0.0706492415689194
T417L,0.103386827313137
T417M,0.0722031448690646
T417N,0.124286782176265
T417P,0.149607660849847
T417Q,0.323172740822165
T417R,0.0478763880184142
T417S,0.0316182362184673
T417V,0.352368194801109
T417W,0.0762753566966384
T417Y,0.929675731049898
Q418A,0.29057084174409
Q418C,0.164412712342306
Q418D,0.045386027752765
Q418E,0.0167344845668774
Q418F,0.135732473593313
Q418G,0.106968746510386
Q418H,0.0732788814491504
Q418I,0.0126132856926301
Q418K,0.184398400427641
Q418L,0.0893443308674485
Q418M,0.231980481680261
Q418N,0.192038131218604
Q418P,0.321559443526259
Q418R,0.311511554480715
Q418S,0.129052742285004
Q418T,0.202909779413531
Q418V,0.0814325534625815
Q418W,0.0823282307307565
Q418Y,0.0741115960110726
A419C,0.345576543197698
A419D,0.21349234874944
A419E,0.069048545810231
A419F,0.173908205889349
A419G,0.00238414893226908
A419H,0.136276522432658
A419I,0.030157847084608
A419K,0.156624300037372
A419L,0.081653506407429
A419M,0.29226436951525
A419N,0.0719029610548471
A419P,0.102936211785564
A419Q,0.0632898405053772
A419R,0.162379339574822
A419S,0.136962747564444
A419T,0.0442348487968586
A419V,0.0437149738780129
A419W,0.0951454314829407
A419Y,0.0973917420747037
