Mutation,Escape_Score
S2C,-0.52899379973863
S2F,-0.508581520162965
S2G,-0.336664191476715
S2H,5.0588151121959
S2I,9.79765496013873
S2K,2.2460963588855
S2L,-0.768639386517821
S2M,-0.447895480513389
S2Q,-0.882461262908834
S2R,-1.01228815522144
S2T,1.07977126113762
S2V,-0.19606733135014
S2W,1.34311405057913
D3A,0.274851401896582
D3E,-0.458823365618693
D3F,1.21947612251497
D3H,-0.0160895717279957
D3L,1.44477790958305
D3M,-0.323653398324104
D3N,3.88611291853245
D3Q,1.45359864635295
D3R,-0.069290342081815
D3T,-0.222412332055711
D3V,-0.927876836668246
D3W,-1.11355166605861
N4A,0.674168454811277
N4C,2.5899350045691
N4D,-0.586464911972385
N4E,0.202661741501131
N4F,0.575816976420528
N4G,0.931884748696977
N4H,0.587420225653408
N4I,0.514578975573134
N4K,0.224298979580316
N4L,0.631675757440693
N4M,0.92069938751119
N4P,0.870828407061587
N4Q,-0.421187556183264
N4S,0.845561122152657
N4V,1.26864221417179
N4W,2.99578284423723
N4Y,-0.631861868342426
G5A,0.0782276183253219
G5C,2.30672220071026
G5D,0.241240566713843
G5H,-0.285430075048153
G5I,-0.0361308603296292
G5L,2.38324455289235
G5M,0.529474085925758
G5N,-0.376918894488497
G5P,3.77125784233577
G5R,2.31111905670253
G5S,-0.254653806285994
G5T,0.490953573156693
G5V,-0.0688773906471932
G5W,1.17441848877757
G5Y,0.431595622453273
P6A,0.240574693709226
P6D,-0.921091255850635
P6E,1.60936008559617
P6G,-0.602638177690332
P6H,0.207310919382044
P6I,1.63437893034372
P6L,0.144845094768922
P6M,3.6024118957301
P6Q,-0.46182444697668
P6S,-0.9586532575819
P6T,4.3393694523424
P6V,0.974463951387904
P6W,-0.688366043340429
P6Y,1.39931724930967
Q7A,-0.375600042746909
Q7C,-0.77756130602413
Q7D,-0.208634430212333
Q7E,-0.74224028921411
Q7H,-0.281974740990288
Q7L,-0.840245427733714
Q7M,-0.795548723229427
Q7N,-1.06027607811615
Q7P,3.30786812870408
Q7S,-0.686319639436285
Q7T,-0.958235032466508
Q7V,-0.93378101952827
Q7Y,0.42070499694863
N8C,-0.738554538029243
N8D,4.12785746704075
N8E,4.50047973889102
N8F,-1.02875015354007
N8I,0.694170435931149
N8L,-0.165957738717575
N8Q,-0.745722074111812
N8R,-0.713834307706655
N8S,-0.156836181009428
N8V,1.39016038916215
N8W,1.59932310741643
Q9A,0.759935632830242
Q9C,-1.15744741727746
Q9D,-0.107312201421506
Q9E,4.27282644840561
Q9F,2.26842050195512
Q9G,-0.157205575322117
Q9H,0.136870067261616
Q9I,6.85553936568243
Q9L,1.05535933817913
Q9M,-0.816358616246291
Q9N,-0.881936204703654
Q9P,-0.732453080679741
Q9R,-0.64529459307366
Q9S,-0.906578574891642
Q9V,-0.765399670545926
Q9W,9.79765496013873
R10A,-0.676420414361786
R10D,0.210348044074695
R10E,-0.805864665976007
R10F,-0.642782340813879
R10G,0.123462599780006
R10I,-0.61195047713148
R10N,0.0999844880058698
R10Q,-0.381407845647429
R10T,-0.506451086463539
R10V,1.99221975876339
R10W,0.623088730994956
N11C,0.574507090181846
N11D,-0.141184339098344
N11F,1.19864153428278
N11G,0.0503306792493946
N11H,-0.360730286488893
N11K,-0.949925291422916
N11L,1.82140972423918
N11P,1.66665131875392
N11Q,0.283082521617616
N11R,-0.594219434708959
N11T,-0.0411662573584261
N11V,0.371888600026192
N11W,0.118405653836775
N11Y,-0.597146477282443
A12C,0.158023584292755
A12F,5.41320228736408
A12G,-1.18038503121829
A12I,-0.611879844387028
A12L,1.31138138486556
A12N,-0.638924915048523
A12Q,-0.233224386313182
A12S,-1.06106997494781
A12T,-0.0640553710320341
A12V,-0.798547325616272
A12W,6.99100432047982
A12Y,-0.39622946919124
P13A,0.926059336505335
P13D,0.508307683991804
P13E,-0.448974000454526
P13F,0.75725758434843
P13G,-1.28869293851662
P13H,-1.22752929055727
P13I,-0.164143645953804
P13L,1.64142851028876
P13M,-0.661845861678238
P13N,0.382000267174588
P13Q,-0.106174402165914
P13R,0.289901786660057
P13V,-0.477090649843897
P13W,-0.477853706917167
P13Y,2.25316448170209
R14A,-0.800502108736821
R14C,-0.36728924692883
R14E,-0.619857193394207
R14F,-1.25964096045816
R14I,0.167081823251345
R14K,1.61718655963943
R14M,-0.949318074472829
R14N,2.27440945843434
R14P,-0.735215957708846
R14T,-0.513243968654843
R14V,5.8860483068308
R14W,0.209884896437318
R14Y,1.54390440618627
I15C,-0.236464647522083
I15D,-0.682713538190331
I15E,0.465166519486648
I15F,2.06479425968986
I15H,-1.08041282678355
I15K,-0.450520322801237
I15M,-0.538433652306626
I15P,-0.932577651848565
I15Q,-0.248819369993721
I15S,3.2266133550225
I15W,-0.375331580390386
T16A,0.888961017038231
T16C,-0.652353222344851
T16D,-0.890116332559202
T16E,-0.494343846005692
T16F,-0.273809424962029
T16G,0.0773422699579459
T16K,-0.799621502552149
T16L,0.505286805814521
T16M,1.98008218851312
T16N,-0.0126219075747509
T16R,-0.219941239381728
T16V,0.17335337455473
T16W,-0.363535216065576
T16Y,-0.326364720454006
F17D,-0.470153309655594
F17E,9.79765496013873
F17G,1.79979144078357
F17I,-0.870216680418228
F17K,1.16718853522482
F17M,4.03088766616565
F17Q,-0.835913143400297
F17R,0.720966854038966
F17S,-0.580451281547873
F17V,-0.41754853259545
F17W,0.29355745111082
F17Y,3.01468098252375
G18C,-1.08339414355465
G18D,1.65060431511625
G18K,0.234359309123021
G18L,0.995806172273405
G18M,2.24604839718915
G18P,1.78580090316632
G18T,-1.11848718495983
G18V,-0.950624989868115
G18W,-0.473562451417775
G19C,-0.165006520438427
G19F,-0.784295181841021
G19I,1.24085190052089
G19L,1.91669516063622
G19M,6.50037137208752
G19N,-0.793761973597885
G19P,-0.269352176306658
G19Q,0.533745681972625
G19S,-0.413659776092905
G19V,-0.690104816429661
G19Y,-0.39392945523323
P20A,1.72042673388943
P20C,-0.112509322053432
P20D,-0.381067401188846
P20I,0.00124382694123653
P20K,4.55893281369395
P20L,-1.00635405195024
P20M,-0.0684536711274251
P20Q,-0.847978533507264
P20S,0.141768134440957
P20T,-0.788177310210971
P20V,-0.78230028175738
P20W,0.103556931397195
P20Y,-1.10710796422227
S21A,-0.494683139802462
S21C,-0.88572949497052
S21D,-1.24936326032934
S21G,4.55333141662533
S21I,-0.819010414712445
S21K,-0.443503376327642
S21M,1.44613330348614
S21R,-0.49781202644709
S21T,3.40719156852257
S21W,0.0304447578183643
S21Y,0.759935632830242
D22E,2.28072594945291
D22K,-0.452918540613788
D22L,-0.870012836105836
D22M,0.699236378512401
D22N,5.93013074558734
D22P,-0.184056411423381
D22R,0.792451460314118
D22S,-0.833172657001477
D22V,9.608198853856
D22Y,-0.17682158322581
S23A,0.119376585344694
S23C,0.275085361877946
S23D,0.50801338713004
S23E,-0.434047875958535
S23F,-0.29813416251415
S23G,-0.52780905600018
S23I,0.487524854911771
S23K,0.139366875652501
S23L,0.18638545218954
S23M,-0.149429258837464
S23N,0.381779386182096
S23V,-0.277656048577026
S23W,0.221371190989255
S23Y,0.211909042593721
T24A,0.430132100955889
T24C,-0.539808928743272
T24E,-0.875334084444658
T24I,-0.481249308290154
T24K,5.69363165645158
T24L,1.69031431550839
T24N,-0.590104796606476
T24P,0.0969184401770879
T24Q,-0.696384868260255
T24R,-0.209586146647373
T24S,-0.739227798351563
T24W,0.524594596275743
T24Y,-0.470459063188531
G25A,3.34690220399276
G25H,-0.129074259811695
G25K,-1.10390619178879
G25L,-0.291901180255543
G25N,-0.114009838021729
G25P,-0.77635995529233
G25R,1.31166854703072
G25T,-0.679650461475824
G25V,-0.52812181729719
G25W,1.57771899565826
G25Y,-0.519662518181586
S26D,-0.157339162650608
S26E,1.06953627636657
S26F,0.181506807783481
S26H,-0.615211486475622
S26I,-0.393764618492809
S26M,0.479021369981266
S26P,-0.666426104415283
S26Q,0.183271903103394
S26R,0.248612075628149
S26W,0.365822664516144
S26Y,-0.64094802639744
N27A,0.464029432234329
N27E,8.18824561358381
N27F,0.621980092263093
N27G,-0.59265975824547
N27H,-1.10932624705371
N27I,-0.20636166881631
N27K,-0.0555695423166966
N27L,-0.344684904931631
N27M,7.42370389955164
N27P,-1.19601715084614
N27Q,0.154900434208297
N27T,-0.500647662062462
N27W,-0.631636486016213
Q28A,0.244141757212802
Q28C,1.18070760470131
Q28D,-0.536612602872785
Q28F,1.59179348569312
Q28G,-0.951048530323175
Q28I,-0.369477483915659
Q28K,-0.707098295473121
Q28L,2.31460754819157
Q28M,-0.448974000454527
Q28P,-0.611909413625091
Q28W,0.755661808919298
N29E,-1.22648236990022
N29F,-0.357250144580329
N29H,-0.222910175254742
N29K,-0.161044184912083
N29L,-0.718916581385077
N29P,5.80716560831418
N29S,-0.926474785158859
N29T,-1.35643096193858
N29V,1.00754842250939
N29W,-0.804548770213957
N29Y,-0.904153293683648
G30A,0.000806753828249845
G30C,-0.0999197045411178
G30D,-0.0976282154617404
G30H,-0.185880441580694
G30I,4.20663846739503
G30L,4.72212560329727
G30N,-0.660488588773803
G30P,-1.15163544383803
G30Q,-0.595326034600727
G30V,-0.14661497292536
G30W,-0.49768205485067
E31A,-0.994958177962376
E31C,0.392206151002682
E31D,-0.905927644537232
E31F,9.79765496013873
E31K,5.1454723068452
E31L,-0.362580438843992
E31M,-0.994251204035454
E31P,1.18691963498656
E31Q,0.975399044501804
E31R,0.240373454329624
E31S,-0.507595669141583
E31T,-0.843062696704595
R32D,-0.144553848905515
R32F,2.07745874469168
R32G,-0.450300090492218
R32I,2.15853112373151
R32L,0.460349767961099
R32M,0.506203990069219
R32N,-0.00106209889144681
R32P,-0.528579630960286
R32Q,0.492024000413675
R32S,-0.244699817587302
R32T,-0.342562268444168
R32V,0.0408122952204739
R32W,0.536465056627275
R32Y,-0.485809678901173
S33A,-0.813875398027067
S33C,-0.505722292984935
S33D,-1.14466492981966
S33E,0.817389875191279
S33F,0.206753238117102
S33G,0.652105126061466
S33I,-0.752545518348903
S33L,-0.679803954920036
S33M,-0.938925482621533
S33Q,-0.449391312093255
S33T,0.28503677119495
S33V,0.774278098100294
S33W,1.18226591726156
S33Y,-0.714166135872324
G34C,3.00058831561626
G34E,-0.481870254097734
G34F,-0.00229856343005148
G34H,-1.34815380885638
G34I,4.05753583469146
G34K,0.520186913100846
G34M,-0.361815646710453
G34P,0.0777719266855255
G34R,5.05406409347902
G34S,2.62815198510343
G34T,-0.641347107509984
G34W,1.04232606847946
G34Y,1.3366327828329
A35C,1.6039434070865
A35F,0.59006726020177
A35H,2.83231939391495
A35I,-0.611649795937731
A35L,0.0939761362298663
A35Q,-0.0973926762920528
A35R,0.116822765588645
A35V,1.66085362823385
A35W,-0.265534067768201
A35Y,-0.0256162531719138
R36A,0.665446591230998
R36C,4.23196039124793
R36D,-0.364878415062845
R36E,0.365585767988015
R36F,1.14211143735928
R36G,1.03971270644833
R36H,0.692298409655168
R36I,0.144780617834242
R36L,0.753407416144669
R36M,0.845117744160698
R36N,1.27655099273891
R36P,-0.437907407732546
R36Q,1.11207348582601
R36S,-0.58155337868967
R36T,-0.269285645834731
R36V,-0.806300099886436
R36W,0.440833437532508
R36Y,0.883045163544718
S37A,-0.0537626915942741
S37C,0.358960633627997
S37E,0.149906612283541
S37F,0.254405545844893
S37G,0.738441331872405
S37H,-0.327722133574031
S37I,2.11868425313279
S37K,0.497864918560366
S37L,0.0489081767449676
S37M,-0.109051425691876
S37N,1.30828051825039
S37P,-0.0630964281042502
S37Q,-1.04662467253895
S37T,-0.662387585737303
S37V,0.0810596570338347
S37Y,1.18368282169355
K38A,0.943717182342235
K38C,2.55295629690548
K38D,0.816234804552535
K38E,0.169850260171978
K38F,-0.560860909863024
K38G,2.08164246971963
K38H,0.940435264930205
K38I,1.95157035178334
K38L,0.846543882932586
K38M,0.924237200684484
K38N,1.86993987298
K38P,2.51316645045658
K38Q,-0.078616970227931
K38R,0.830770523750208
K38S,-0.801697848483987
K38T,0.770556787726707
K38V,1.97029062509916
K38W,1.07900538684141
K38Y,0.917284654721157
Q39A,-0.560675803949702
Q39C,0.00960065677036468
Q39D,-0.334219088881242
Q39E,-0.610642589658363
Q39F,1.31129375674892
Q39H,0.861134384134462
Q39I,-0.372535872343873
Q39L,-0.80907895007686
Q39M,-0.614562147090247
Q39N,-0.0173410718659197
Q39P,4.39128544290033
Q39R,-0.662704050507564
Q39T,-0.215164627597482
Q39V,-0.56351980713418
Q39W,1.8081245194351
Q39Y,0.0490413235219203
R40A,0.169852857575085
R40C,1.48412515435444
R40D,0.392760474053532
R40E,-0.0211145723656736
R40F,1.04363260663371
R40G,0.702855297755521
R40I,-0.656045976279752
R40K,0.454370920413483
R40L,0.663645997422257
R40M,0.515061185962359
R40N,4.16880899280956
R40P,-0.00688182868670786
R40Q,-0.19112061183373
R40S,0.0322898696007418
R40T,0.448256423961169
R40V,0.227395832545184
R40W,1.97663532613389
R40Y,0.381830450008755
R41A,-0.490019643109217
R41C,2.52017018721807
R41D,-0.283766355894254
R41E,0.0362059755994654
R41F,0.592922843950473
R41G,-0.480097530940452
R41H,-0.508773978330372
R41K,4.10300275137357
R41L,1.06612950533507
R41M,0.660509390594562
R41N,0.66168661785768
R41Q,1.180785638814
R41S,-1.18457860857923
R41T,0.945387939242309
R41V,0.600304452741876
R41W,3.73677184873539
R41Y,0.711310800564363
P42C,-0.719208823858738
P42D,0.627479133764078
P42E,-0.555685695712756
P42F,-1.05349407632479
P42G,5.85737918125593
P42H,-0.668901966300391
P42I,-0.474575922248861
P42M,0.896583610930495
P42N,9.79765496013873
P42Q,4.52125822529774
P42V,-0.274592963954369
Q43E,-1.05253484808404
Q43F,-1.06591032163622
Q43H,-0.994642658519291
Q43K,2.24414480945643
Q43N,-1.13501114401924
Q43S,0.298258441287665
Q43T,-0.560838478592716
Q43V,0.383279065048862
Q43W,-0.149893297963173
Q43Y,-0.498212022224277
G44D,-0.975990758008927
G44E,-0.346276466511407
G44K,1.01211765167851
G44M,-0.107766628851682
G44N,-0.774723572249244
G44Q,-0.0523449609016711
G44S,-0.938113683180492
G44T,2.63541207149331
G44W,-0.668886192272638
G44Y,-0.940945025275517
L45A,-0.543957544984859
L45D,-0.577298146583129
L45E,-0.734053166177016
L45G,-0.86544094871759
L45I,3.48184900569315
L45K,-1.08632231861191
L45N,-0.261021761247141
L45Q,0.0509680742021953
L45T,-1.28194416223561
L45V,0.582758777595455
L45W,4.23655790026565
P46A,-0.360416468081777
P46C,-0.511898560976933
P46D,-1.12367779930795
P46E,-0.317280425362768
P46F,-0.127205724348011
P46G,-0.749320838809308
P46K,1.00382925390179
P46L,0.255788300342431
P46M,-1.00783433000283
P46N,0.36514430631707
P46R,-0.92876334898047
P46S,-0.890938576988702
P46V,1.85344921570212
P46W,-0.142939616953763
P46Y,0.582047621432436
N47A,-1.04581710820071
N47C,0.718033124517494
N47D,0.730245792009501
N47E,1.25670932400989
N47F,0.748971437339345
N47G,-0.887295774860476
N47H,0.362984464949416
N47K,-0.537151319121861
N47P,-0.69132304040063
N47S,0.0357382643350232
N47T,9.79765496013873
N47V,0.764012325354284
N47W,1.35366076738248
N47Y,1.44455330254591
N48A,-0.415516776002142
N48C,0.248882697224825
N48E,0.103760971162405
N48F,1.41388328698347
N48I,-0.514262160733172
N48K,-0.745114780945272
N48L,0.592669017917844
N48Q,0.183825362796146
N48R,-0.806715427695421
N48S,0.13054550009173
N48T,-0.188817074988271
N48V,0.378150450364886
N48W,6.60087026209555
N48Y,-1.31269443984358
T49C,-0.822442663283641
T49D,2.42114628038374
T49E,1.16442910725714
T49F,-0.550057991369599
T49G,-0.857249523281276
T49K,-0.606295891462578
T49N,-0.769543042018687
T49P,-0.882461262908834
T49Q,0.834000036675008
T49R,-0.805333882347655
T49S,-1.0404429752023
T49V,-0.936706347418315
T49W,-0.741689811240717
A50D,5.28231510005483
A50E,-0.411309962992014
A50F,1.03971270644833
A50G,-0.693947779536922
A50H,-0.707923958945184
A50L,4.60250798727632
A50M,1.3900934326611
A50N,0.541052114743698
A50P,-0.521109076228913
A50Q,-0.530842223921722
A50R,0.0507223515722491
A50S,0.102985746746531
A50T,-0.0643939319277572
A50V,-0.122213724009137
A50W,-0.772634377056392
A50Y,-1.00827305998083
S51A,-0.834157479163459
S51C,3.17886619426759
S51D,6.17054592703623
S51E,0.999357321389752
S51F,7.32885872296147
S51G,2.6497218559113
S51H,4.27663663726225
S51I,4.91211061018903
S51K,0.282359336622748
S51L,0.35239575179385
S51M,5.24837154322284
S51N,0.512755181381409
S51Q,3.52081290806185
S51R,-0.0212316816399945
S51T,0.113096603873129
S51V,4.22431245965926
S51W,7.30580111691632
S51Y,6.24782634304518
W52A,0.208172002835958
W52E,-0.420916551468264
W52H,-0.296571908958645
W52I,-1.01945624737242
W52L,-0.606096499877176
W52M,-0.426462533350938
W52N,4.85143728730097
W52Q,-0.77713945282795
W52R,4.27110123228369
W52S,-0.892970938034475
W52T,3.27325224205407
W52V,-0.845073168311346
W52Y,-0.529710530809821
F53A,1.16733400662304
F53C,-0.171303076645588
F53D,2.26611454261567
F53E,1.13768167452006
F53G,-0.646461669842861
F53H,1.68857028344614
F53I,0.478534757766333
F53K,-0.266052756092752
F53L,-0.830677305522231
F53N,-0.63274051406495
F53P,4.11897837647257
F53R,0.455263647598981
F53S,1.31392473454929
F53T,4.17022285290264
F53V,0.969021407452549
F53W,-0.386467114634578
F53Y,-0.197658307719291
T54C,1.36924820646756
T54D,-0.568835526674606
T54E,-0.792246219449531
T54F,-0.441620611548063
T54G,-0.439070794607183
T54H,-0.606488079470236
T54I,-0.863969645727825
T54K,0.401064731670117
T54L,5.82643546203959
T54M,-0.210504558033459
T54P,0.229128825526838
T54Q,0.226078554132355
T54R,-0.961678357357884
T54S,3.28970956677067
T54V,-0.401967613520778
T54W,-0.208847681240985
T54Y,-0.830698041980388
A55D,0.0665699131886588
A55E,-0.339000857613983
A55F,-0.407398789732041
A55I,0.228840572428818
A55L,-0.763210579333729
A55N,-1.28138611798446
A55Q,-0.480956621902798
A55R,1.22810901950004
A55T,-1.0542254175563
A55V,0.141414599090253
A55W,-0.927831649544254
L56A,0.244530729555615
L56C,-0.166078964861702
L56D,7.78396764916632
L56E,2.70877626841015
L56H,-0.928851872146168
L56K,-0.2066169868494
L56M,-0.433480165325717
L56N,-0.509443563670617
L56P,-0.282411604289318
L56Q,-0.266711754614987
L56R,-0.72467814474358
L56S,0.809010300079763
L56T,-0.677976846152328
L56V,-0.961502653078186
L56Y,-0.866000090428528
T57A,-1.02823547224472
T57C,0.334670986563067
T57D,-0.588224656553296
T57E,-0.321410764126706
T57F,-0.627299508877445
T57G,0.0716543351009692
T57K,-0.959187573772207
T57P,-0.194622307271249
T57S,-0.564516714424817
T57V,0.542112450648713
Q58A,-0.852602858004885
Q58C,-0.985823079498915
Q58D,1.78817578828012
Q58E,-0.35329340995293
Q58F,0.666833549858598
Q58H,-1.02771341731271
Q58I,-0.354327551740112
Q58K,0.129756329933325
Q58L,0.217953785032058
Q58M,-0.714670200079789
Q58N,2.03754735794453
Q58P,-0.60700078053596
Q58R,-0.695646279066301
Q58T,-0.41840330157737
H59A,0.0681104299187491
H59E,-0.0350454873489724
H59F,0.443160238932405
H59G,-0.846498788112944
H59I,-0.0749759529612732
H59L,-0.74101916239139
H59M,0.40161147876374
H59P,0.216905844489929
H59Q,0.47311033181528
H59S,0.559669048587146
H59T,-0.0497522869311435
H59V,-0.762682587303909
H59W,2.76846003012695
H59Y,-0.68929434080368
G60A,-0.970084165854647
G60C,1.34993627324172
G60D,2.12509980065386
G60E,-0.891727416142167
G60I,-0.37695037437385
G60M,-0.56607386229904
G60N,-0.765314023186299
G60P,-0.568985178209625
G60Q,-0.684898160390005
G60R,-0.949805803837561
G60S,-0.813060613379267
G60T,0.0512612777688102
G60V,-0.333471606682512
G60W,-0.608653288636352
G60Y,-0.771483182010756
K61A,-0.864416126133359
K61C,-0.159497736675877
K61E,-1.09538721831184
K61F,0.974757050064096
K61I,-0.206353598065474
K61L,-0.402067099001799
K61M,0.144960277975859
K61N,0.519435331688246
K61P,-0.38920138796348
K61R,-0.767271196254513
K61S,2.49583447026608
K61W,-0.084632525256125
K61Y,-0.290064697916382
E62F,-0.75458485445066
E62G,-0.984359067269372
E62K,-0.090854240564531
E62L,-0.927953908130149
E62M,-0.642855453571878
E62N,-0.919710852905604
E62P,-0.768168504427874
E62Q,0.432739253446372
E62R,0.721401162978784
E62S,1.69860315317011
E62V,0.329546169141669
E62W,0.0485186172565661
E62Y,2.1031464375626
D63E,-0.453199939342838
D63I,-0.0868686316898254
D63K,-0.200662722345356
D63P,0.0954295005154313
D63R,-0.919030570150793
D63S,-0.803799692418945
D63V,-0.427897102532625
D63W,-0.690026483690494
L64C,-0.0550073352342837
L64D,1.57980300397994
L64E,-1.20112881703295
L64F,-0.558829366496316
L64H,-0.909505158926778
L64I,-0.6213554016304
L64K,0.544735040995102
L64M,-0.601271842645493
L64N,0.00829600081391081
L64Q,0.575876238463437
L64V,-0.113111676816203
L64W,-0.91916734218835
L64Y,0.224079137393504
K65A,-0.425320673896457
K65D,-0.440671509917598
K65G,-0.363565837357534
K65M,-0.330169407400357
K65N,-1.13186345767214
K65Q,-1.10879325484328
K65R,-0.0401720360520631
K65S,4.66893488041493
K65V,-0.897796049144649
K65W,-0.933224031160796
K65Y,-0.424999822336307
F66A,0.163279176690265
F66C,6.91494215358064
F66E,4.15476351851173
F66G,4.691735347733
F66H,3.92600906736092
F66I,-0.770853550662494
F66M,-0.618288879018798
F66N,3.9780949285524
F66P,-0.0132434052185177
F66S,2.14943516305977
F66T,5.87029347070863
F66V,-0.552979204237777
F66W,0.066345633977124
P67A,-0.56390415627783
P67C,-0.187906922197948
P67D,-0.402968808450198
P67E,-0.593978786542246
P67F,-0.311122833443202
P67G,-0.445691166908676
P67H,3.72944016210531
P67I,-0.588957392553292
P67K,-0.153186333162512
P67L,-0.62292660896219
P67M,-1.2299664446327
P67N,-0.596076511599317
P67S,0.806754426956164
P67T,-0.743993852459503
P67W,0.314466396870321
P67Y,-0.571076789981965
R68A,2.06072584369787
R68C,4.0910434434036
R68D,1.12980237777587
R68E,0.706778814708344
R68F,-0.587201250967504
R68G,-0.00387944246057069
R68I,-0.231070847864035
R68L,0.504667158907546
R68M,5.92623044049631
R68N,-0.413488083299445
R68P,4.88161118430538
R68Q,0.838043157291682
R68S,-0.443803793724244
R68T,2.41804804536673
R68V,4.61514020668812
R68W,0.210561513059172
R68Y,0.902045609596351
G69A,3.35344816428841
G69C,1.67747817539047
G69D,-0.68198807360035
G69E,-1.02462318345087
G69F,-0.0433812535932619
G69H,-0.740045068988172
G69I,0.0381588351137809
G69L,0.923622431611876
G69M,-0.493785596334517
G69P,0.284903079786736
G69Q,2.90922230784158
G69R,0.640060264780313
G69S,-0.350723791061766
G69V,-0.816803210926462
G69W,-0.706832434663196
Q70A,-0.797868241768842
Q70C,1.81012860888881
Q70D,-0.479153317669684
Q70E,-0.496902283481967
Q70F,-0.828614907921371
Q70G,-0.498261988104343
Q70K,2.90294425108011
Q70M,0.255599978048189
Q70N,1.7484512350193
Q70P,-0.737302043888905
Q70R,1.61648661629598
Q70S,1.07632907531856
Q70T,-0.743739659200001
Q70V,-0.522885906511773
Q70Y,-0.469841186027895
G71A,2.666762627291
G71D,4.06883313581749
G71E,2.14696252616126
G71F,0.23720880008275
G71H,4.7532745482091
G71I,3.92711004151338
G71K,7.08365790158905
G71L,2.76416700202548
G71M,0.80345369347379
G71N,4.13941629556292
G71Q,0.272754500766309
G71R,0.135060695283233
G71S,-0.284355814263137
G71T,2.58060144653974
G71V,4.10899261047299
G71W,-0.0531251443932977
G71Y,0.847491465625045
V72A,4.64383086611584
V72C,4.12107339397771
V72D,4.50922622752576
V72E,9.79765496013873
V72F,-0.498201114628249
V72G,1.47393727127414
V72H,3.29016480932537
V72K,0.894999752791371
V72N,0.142564425877771
V72P,0.508778828720799
V72Q,2.19978754750957
V72R,1.33378105322008
V72S,4.99021646988943
V72T,-0.085123441973469
V72W,4.60785654825368
V72Y,0.109451597651875
P73A,0.485962634184509
P73D,3.13749835965617
P73E,2.49263221597605
P73F,9.79765496013873
P73G,2.02928059280463
P73H,9.79765496013873
P73I,5.20280426902621
P73K,4.16839237404299
P73L,5.23958252706428
P73M,1.99291813053547
P73N,2.32604708430456
P73Q,6.15436780843602
P73R,5.03279345223721
P73S,6.12972621047453
P73T,-0.0513985387423653
P73V,2.56900577367665
P73W,6.34513488445275
P73Y,3.4115382350218
I74A,0.0292105860262939
I74C,-0.692817736096996
I74D,-0.227826139194393
I74F,-0.759456025983256
I74G,2.60985448500832
I74H,-0.68925276623823
I74L,5.4650412089476
I74N,-1.00596831305148
I74P,0.0941336579251627
I74Q,-0.172466528937364
I74R,-1.04801117742733
I74S,-0.300834487433867
I74T,-1.08054313399327
I74V,2.14018892560838
I74W,-0.411326291160276
I74Y,-1.06429569399208
N75A,-0.514422942814057
N75C,-0.703025022857414
N75F,0.645796591012718
N75G,-0.856347204017052
N75H,0.358656860938129
N75I,4.08201427638216
N75K,-0.0278884178448531
N75L,-0.327244384647135
N75M,0.8322439356372
N75P,1.27841277657534
N75Q,-1.02144836662651
N75S,-0.868440628424262
N75T,2.51690759419685
N75V,0.511117022976656
N75Y,0.292920631010903
T76C,1.28476072069044
T76E,0.591553911783074
T76F,-0.996394879170253
T76G,-0.894671620534922
T76H,-0.821601501607442
T76L,-0.867813288319758
T76M,1.8162605829916
T76P,0.263508335431304
T76Q,0.944329302703353
T76V,4.16880899280956
T76W,0.34972443805138
N77C,0.485924249254244
N77E,-1.02682919338975
N77F,2.46786284388633
N77H,4.1523251601053
N77K,-0.279565744349058
N77L,1.09760844072915
N77P,0.842002261811022
N77Q,-0.624268441313925
N77R,0.629088759588731
N77T,-0.536686995487807
N77V,-0.764479538174801
N77Y,-0.317013167369981
S78A,0.76293884559594
S78C,0.255426216976775
S78E,-0.0441367696462377
S78F,-0.428875347758377
S78H,1.00714369177666
S78I,1.35609682001272
S78K,3.19377868377955
S78L,0.227238546314912
S78M,0.117532473717404
S78N,-1.18410586764826
S78P,-0.611538659102787
S78R,-0.457406526176273
S78T,0.963468513274799
S78V,1.62528530128834
S78W,-0.703389983498282
S78Y,-0.25885193709523
S79A,2.00641297332074
S79D,1.33936651168007
S79H,-0.651011525181153
S79K,-0.0950601306190254
S79P,-0.684980575489529
S79R,-0.694003946750827
S79T,0.0245541445640473
S79V,0.661072099241463
S79W,-0.106400871513923
S79Y,0.103556931397195
P80A,-0.279716516043638
P80C,-0.591557393659837
P80D,-0.844524621169456
P80E,-0.974407683863058
P80F,-1.0926898746315
P80G,-0.74053381791123
P80H,1.52679547203482
P80I,-0.519916668161444
P80L,-0.694878173409035
P80Q,-0.589458177550351
P80R,-0.564596602687873
P80S,0.859763246279691
P80V,-0.749563066614918
P80W,-0.781887310148586
P80Y,0.310103723250003
D81A,-0.679794475036475
D81E,-1.22895343381258
D81F,-0.685362004420493
D81L,0.405746183479087
D81M,-0.608908218256872
D81N,-0.251786503420196
D81P,-0.0220585931918531
D81R,0.790900623786382
D81S,1.77525578446464
D81W,-0.501747463345572
D82A,-0.548922512920455
D82C,0.0133953176169365
D82E,-0.996297210335668
D82G,-0.481905606309213
D82H,9.79765496013873
D82I,6.91978772288213
D82K,1.71698251301549
D82L,0.280433617526085
D82M,0.2079394279316
D82Q,5.44395320907391
D82R,2.36984957071993
D82S,-0.284646898172534
D82W,2.4670867071093
D82Y,2.53919518906357
Q83A,-0.363318224003118
Q83C,1.22804400828763
Q83D,0.106656358066225
Q83E,-1.28553159141276
Q83F,1.79931614344215
Q83G,-0.177924740724781
Q83H,1.59748078301151
Q83I,2.14343890658721
Q83K,-0.820939378870771
Q83L,-0.805647664890642
Q83P,4.1945013858807
Q83R,-0.93722600406951
Q83S,0.955981740232549
Q83T,0.673065643352741
Q83V,0.473330302485476
Q83W,2.28379344063904
Q83Y,-0.105989367907188
I84A,1.45359864635295
I84C,3.25676181811482
I84D,4.07331368741058
I84E,9.79765496013873
I84F,7.8787273035245
I84G,-0.0353786078167424
I84H,5.18366569720649
I84K,-0.213212873516742
I84L,-0.873011107907591
I84M,-1.00448525270155
I84N,5.19235848779076
I84P,4.35332475684138
I84Q,2.75873995452221
I84R,-0.846519647836628
I84S,6.6366242589719
I84T,2.10427526556438
I84V,-1.12586818043306
I84W,5.08914850425357
I84Y,7.89829186258614
G85A,3.99264279805915
G85C,2.40651218720291
G85D,3.81611362619313
G85E,4.12214924991973
G85F,0.745339887834578
G85H,0.992267920543509
G85I,6.09593809209951
G85K,5.99160591415856
G85L,7.58364003472669
G85M,8.14966194938922
G85P,1.92285968458359
G85Q,5.56809330430734
G85R,2.71040633873159
G85S,4.747215571501
G85T,5.20475658220191
G85V,4.80847351398577
G85W,6.89162045779125
G85Y,3.98267530562971
Y86A,3.38967644555735
Y86D,7.28034943741246
Y86F,-0.0652955908938316
Y86G,0.545377303106756
Y86H,1.18989301218063
Y86I,4.65546073370793
Y86K,5.32593999267042
Y86L,3.51338298307585
Y86M,0.060577561116993
Y86N,4.67913783379813
Y86P,5.71023305948775
Y86Q,3.07765491554391
Y86R,0.279545688834496
Y86S,3.92439711829148
Y86T,1.45050234212542
Y86V,5.26740702985523
Y86W,6.49153062661649
Y87A,9.79765496013873
Y87C,-0.479873121181897
Y87D,3.96444152625556
Y87E,5.44261154643994
Y87F,-0.808641706193048
Y87G,3.34161157240604
Y87I,1.83147709143305
Y87K,4.93124423068417
Y87L,4.09620759438809
Y87M,0.690707462495236
Y87N,4.36786793211533
Y87P,5.26790305620262
Y87Q,3.32976697176397
Y87R,6.29977754905831
Y87T,1.98396613076611
Y87V,3.95154651365996
Y87W,-0.91357709400602
R88C,-1.2068819265372
R88D,-0.125686976965279
R88F,1.63084753228436
R88I,5.62272806037563
R88K,0.629411735722679
R88L,-0.0305655924778771
R88M,-0.997444187304723
R88N,-0.802926612160852
R88P,9.79765496013873
R88Q,1.48699516679518
R88T,-0.265129070022292
R89D,-0.507689020034684
R89E,-0.942706508417678
R89F,0.398032510445887
R89G,-0.718663040664407
R89H,-0.710596309049047
R89I,0.206529901399994
R89K,-0.510379686798914
R89L,-0.916372490928832
R89M,0.334840228931411
R89N,0.369533015344698
R89P,-0.711501951822821
R89Q,-0.0761051744606491
R89S,-0.917026529143038
R89T,-1.07863644123303
R89W,-0.703398192312352
A90C,3.9733973063197
A90D,-0.420925296739272
A90F,-0.447895480513389
A90G,-0.778440204012498
A90H,-0.125740494735246
A90I,-0.883576425191204
A90K,-0.0682076037030665
A90L,-0.0923165588339376
A90M,-0.473957635269538
A90P,-0.903664227189494
A90Q,0.0500786231806776
A90T,4.46098968039657
A90V,3.38074696952292
T91A,-0.0263655671478804
T91D,0.532205913701906
T91E,-0.681500038855182
T91F,1.34518386918103
T91H,-0.46236512112945
T91I,0.254501910952207
T91L,-0.758993436676606
T91N,1.36620092468682
T91P,-0.868627886202611
T91Q,1.04485123050173
T91V,-0.648608185155365
T91Y,1.40045315358749
R92A,0.721768633196693
R92C,-0.735964094895513
R92D,-0.691090272145768
R92E,-0.806220499774024
R92G,-0.806449276976202
R92I,-0.417059802133528
R92K,0.0846202338984057
R92L,-0.355496196132968
R92M,-0.0794510946973344
R92N,-0.841718835506351
R92T,0.044793753290791
R92V,-0.639096160311509
R92W,-0.205916435003825
R92Y,-0.427610648084357
R93C,2.89618942628375
R93D,-0.158510465661952
R93G,-0.560458773282324
R93H,-0.600640739613902
R93I,-0.339539449616567
R93L,-0.547709676883882
R93N,0.168969246756613
R93W,1.20405284831508
R93Y,-0.184764796933664
I94A,-0.740320825874468
I94D,1.77237550142911
I94F,-1.0173742461919
I94G,-0.754267300069181
I94H,-0.844828127623852
I94K,-0.241763231704923
I94L,-1.06519753381885
I94M,-0.511831315073592
I94N,-1.04720493498326
I94P,0.271866390386216
I94Q,-0.535918514243165
I94R,-0.167084936761593
I94S,-0.779357905755936
I94T,1.6635807814233
I94V,-0.542649324611294
I94Y,-0.410638217770162
R95C,0.148993949436673
R95D,-0.698440002931287
R95E,-1.20281457700762
R95F,-0.467319718886439
R95G,-0.30164729023648
R95K,-0.677564229132254
R95L,-0.629449326971478
R95M,-0.892826975611697
R95P,-0.541374528487061
R95Q,-0.718396079609155
R95S,-0.680766355069362
R95T,0.629289823846351
R95W,0.481693387664696
R95Y,0.0250321363587166
G96C,-0.796860672757239
G96E,-0.924629575546038
G96F,0.211667733611602
G96N,0.367654946966862
G96P,1.41042901664949
G96Q,-0.278102634486001
G96R,0.0883749227503836
G96W,-0.773773992747105
G97A,-0.289963383685217
G97C,-0.861665026289713
G97D,-0.750037470504522
G97E,0.391157313073984
G97F,0.17633033826481
G97I,-0.380021579523774
G97K,-0.419244769055388
G97L,-1.12808569838171
G97M,0.602045241678205
G97N,0.472197422117863
G97P,-0.643695942538205
G97Q,3.28633666537226
G97V,-0.643773587513051
G97W,-0.717605672115396
G97Y,-0.106174402165914
D98C,-0.661548879638196
D98E,-0.173163134804338
D98F,-0.311029884412091
D98G,8.10524450008293
D98I,0.16732657338092
D98K,1.18424536025278
D98L,-0.743556595039036
D98R,-0.405644712119266
D98S,-0.741090651147749
D98T,2.46282490913795
D98V,-0.42620108429149
D98W,-0.656321884379985
D98Y,3.60386327121508
G99A,2.80704294460734
G99C,-1.40215564177856
G99F,-0.746354469912619
G99N,-0.900127288763746
G99V,0.292056068731037
G99W,-0.318414255720286
G99Y,-0.0235309068227973
K100A,-0.551135956430751
K100D,2.46570322101152
K100E,3.35357625328765
K100F,-0.471806468829355
K100H,3.96776703936349
K100I,2.58234123453426
K100L,-0.909106770166905
K100M,-0.675812703146888
K100N,1.79340257519238
K100P,-0.924864647916998
K100Q,0.146884534927102
K100R,-0.6418110607987
K100S,-0.513742173983218
K100V,-0.916609804090384
M101A,-0.286710754374594
M101C,-0.647907407987243
M101D,-1.22214157920422
M101E,-0.406715101547766
M101F,0.479112127788298
M101K,2.48688142225272
M101L,0.931333804711968
M101N,4.58873387489618
M101P,-0.683904963107764
M101Q,-0.700677874305616
M101S,0.688228452986888
M101V,-0.435939997418684
M101W,-0.800697499576867
M101Y,-0.777998103071891
K102C,0.0845029915248318
K102D,-1.09799543663826
K102E,-0.586711825102568
K102F,-1.03278310922773
K102G,-1.08802742196092
K102I,0.302365454573914
K102L,-0.506503081982141
K102M,0.806518465507097
K102N,-0.883194997346564
K102P,-1.12371773185367
K102Q,-0.717919114966556
K102R,-1.28266044717277
K102S,-0.863259952778841
K102T,-0.768977789979233
K102W,-0.745053213104978
K102Y,-0.506080382501738
D103A,0.0421855134676092
D103C,-0.723459540863766
D103F,0.044793753290791
D103G,-0.468089077313252
D103I,0.598487329213114
D103K,-0.637591687103603
D103L,-0.860651379891645
D103P,1.56514077608281
D103Q,-0.785903107181121
D103T,-0.941798718839048
D103V,-0.612303389241384
D103W,4.43160455934359
D103Y,1.05115856554139
L104A,-0.267785852699702
L104C,-0.345331164491289
L104D,-0.736531397529107
L104E,0.310785025825974
L104F,1.55555956744226
L104I,-0.516545923293306
L104K,3.04075935051041
L104P,1.3237620935391
L104T,4.10362656234208
L104V,-0.767024473541389
L104Y,-0.525747615937061
S105A,0.734226969365285
S105C,6.77243855037934
S105E,0.759878384180311
S105F,-0.715313097561614
S105G,-0.609992584299316
S105H,-0.287694050041251
S105I,-0.90061168144476
S105K,-0.641802252077368
S105M,0.132160019738769
S105R,-0.248511216310957
S105W,-0.593841258968514
P106A,-1.30029194109574
P106C,0.142265680676644
P106E,4.15355887309438
P106G,0.36045635545936
P106H,-0.246313316618662
P106I,-0.246912420796272
P106K,-0.0997815589827877
P106M,0.550127859221553
P106Q,-0.340294108664138
P106R,0.529617707797048
P106T,1.25088380743265
P106V,-0.407356651228922
P106W,-0.712863902877829
P106Y,-0.166500733776837
R107A,-0.715753396153545
R107C,0.246974702374509
R107D,-0.579768206321996
R107E,-0.544292403541543
R107F,2.38004273405641
R107G,-0.439583567327907
R107H,-0.214969323745889
R107I,-0.815993654263491
R107L,-0.848594396122806
R107M,-0.842792312864186
R107N,-0.711504233363738
R107Q,-0.542264160296011
R107T,-1.12503234654198
R107V,-0.652952789339393
R107W,-0.950515991577252
R107Y,1.58786244007009
W108A,-0.600313121949293
W108C,3.4006794282641
W108D,-0.293372021972193
W108E,1.70095005305102
W108F,0.0818548511493534
W108H,-0.370261100868102
W108K,2.78818533882153
W108L,-0.335256887318911
W108M,-0.77993249445645
W108N,0.028290825123105
W108P,4.28150473656008
W108Q,1.04776786598634
W108R,-0.060315313345963
W108S,1.23610834180316
W108V,2.41762482477374
Y109C,3.23586377430259
Y109E,-0.291180364606289
Y109F,-0.945715168243744
Y109G,-0.962174018242903
Y109H,-0.0807665581554039
Y109I,-1.36913738647223
Y109K,0.459418726605168
Y109L,-0.376093291692122
Y109M,-0.122753035082438
Y109N,-0.746263966495294
Y109P,-0.796239648808236
Y109S,-0.599328124661471
Y109T,2.73767550874273
Y109V,-0.511577938138032
Y109W,-0.602838153220626
F110A,0.822757968317207
F110C,5.38617343867767
F110D,4.5856950614729
F110E,5.06040015337819
F110G,0.929762691380053
F110H,0.315849572284224
F110I,2.86885162463291
F110K,6.80966473190769
F110L,6.2055411134969
F110M,1.56410627569141
F110N,-0.184764796933664
F110P,6.00200142074655
F110Q,5.72823456024383
F110R,9.79765496013873
F110S,3.02345459980455
F110T,1.17450355710992
F110V,9.79765496013873
F110W,0.837448423829798
F110Y,-0.35794781257459
Y111A,3.09231972548814
Y111C,6.10262353173194
Y111D,2.54889207047443
Y111E,4.50817122934094
Y111F,-0.235221256920305
Y111G,6.17941767484953
Y111I,4.32357893667244
Y111K,1.45106457930251
Y111L,5.49066270339862
Y111M,1.76794958916489
Y111N,1.53658040067113
Y111P,7.0248122832903
Y111Q,-0.638118697412514
Y111R,4.27285467302989
Y111S,0.922832163634515
Y111T,5.86695356939868
Y111V,1.72204461043076
Y111W,-0.0289269520666136
Y112D,3.54744918877691
Y112E,4.64364748124892
Y112F,3.48535299275514
Y112G,6.13114939006855
Y112H,-0.25823267134899
Y112I,3.50177262715259
Y112L,1.01842342845707
Y112M,1.50097120302487
Y112N,1.02040117767751
Y112P,3.98305592064906
Y112Q,0.018655032734778
Y112R,-0.0740123433584706
Y112T,6.40686059295672
Y112V,5.17815455669522
Y112W,4.69073082816563
L113A,0.697040952237444
L113C,5.89424703278889
L113D,2.82598503930844
L113E,-0.299959633155532
L113G,0.145430067679701
L113H,-0.412733988399686
L113I,0.761689590380039
L113K,9.79765496013873
L113M,0.134347950524179
L113N,2.05072229027548
L113P,-0.557527513920866
L113S,2.03897649944357
L113V,-0.477504201006768
L113W,1.88030916224647
L113Y,-0.532307320510787
G114A,-0.291001056504466
G114C,6.52355573727046
G114D,-0.826591604583587
G114F,2.94218150970446
G114H,-0.520356206550168
G114I,9.79765496013873
G114K,4.34178015976526
G114L,2.69631552421722
G114M,0.611923784915674
G114N,-0.170441945372062
G114P,5.85488591266428
G114Q,0.646780409666628
G114R,2.57204654911179
G114S,-0.518539294095909
G114T,-0.123854723517468
G114V,5.38442111825412
G114W,7.27880873826114
G114Y,4.22003880277154
T115A,0.435549909590142
T115C,-0.407259264022197
T115D,4.43379699208104
T115E,2.54371540339431
T115F,1.16926576704023
T115G,-0.205275907826549
T115H,1.29107099404132
T115I,4.51419304869501
T115K,4.01804163275196
T115L,0.0870336651240137
T115M,-0.410910137056001
T115N,4.61578748774536
T115P,0.719529659679076
T115Q,1.67088801679358
T115R,9.79765496013873
T115V,2.06927146711238
T115W,1.20930695178908
T115Y,5.03558966524885
G116A,4.56335936751298
G116C,2.8823410386427
G116E,6.06128659823117
G116F,5.17532850553835
G116H,5.95318386834062
G116I,9.79765496013873
G116K,7.7746608425523
G116L,3.65814340877813
G116M,4.90389993428204
G116N,7.10106992941413
G116P,5.68804276561893
G116Q,4.02480047517684
G116R,6.97794034651988
G116S,6.13223646993473
G116T,5.44447098076296
G116V,5.53714770479462
G116W,4.01627573166966
G116Y,2.96061712358998
P117A,-0.564343002440791
P117C,-0.35103218945758
P117D,-0.674409009480398
P117E,-0.681477259552534
P117F,0.135849786418242
P117G,1.3857900686468
P117H,0.86714458267419
P117I,4.90835290284233
P117K,-0.843583884694259
P117L,-0.878661445560295
P117M,-0.206682828901612
P117N,0.912224403692234
P117Q,6.76157418731703
P117R,-0.808980964737525
P117S,-0.618767559783072
P117T,-0.692195567852473
P117W,0.225741856184462
P117Y,3.2719707276304
E118A,3.22282569309913
E118C,-0.354048241874704
E118D,6.54483074921186
E118F,-0.353678705940619
E118H,-0.52231892136439
E118I,-1.11636958482401
E118L,-0.649360206376688
E118M,2.81302939487744
E118N,0.376030626117473
E118P,4.58155575070526
E118R,-1.0116591065755
E118S,-0.587290142852473
E118T,-1.19583120492789
E118Y,-1.136212584854
A119C,0.160773139792776
A119D,2.74311731429365
A119E,-0.662306230737613
A119F,-0.144947891555347
A119G,2.5505936153782
A119H,-0.332551728994847
A119K,-0.690445712271603
A119L,0.227089989445524
A119N,-0.666982028139138
A119P,0.0902835441716427
A119R,0.164144198448248
A119S,-0.360294774998596
A119T,0.442944094127099
A119V,-0.746085054059248
A119W,-0.356154401181505
A119Y,-0.878077814286415
G120A,-0.198673259897189
G120C,0.558494000320059
G120E,-0.675012255388123
G120F,-0.728522068176515
G120K,1.11576657686424
G120L,-0.796549785744938
G120M,1.2090746878642
G120P,-0.458818868903826
G120Q,-0.734797920792352
G120R,-0.569329905913177
G120T,-0.395253664657256
G120V,-1.15332436217612
G120W,8.05173630221359
L121C,3.20501453433084
L121D,-0.181944384181519
L121G,-0.163378689601029
L121H,-0.650643757107198
L121K,4.64166103232144
L121M,0.982298302447905
L121N,-0.886227770272554
L121P,5.66170198491895
L121Q,-0.618066595440375
L121R,-0.193337501636978
L121V,-0.946047463744311
L121W,0.628047012384918
P122A,0.125894477172766
P122C,9.79765496013873
P122E,-0.57978755380057
P122F,0.218808452975626
P122G,-0.300097668284821
P122H,-1.14271358926033
P122I,0.851245049044459
P122K,4.73437819906557
P122L,6.8512390760639
P122M,-0.571336707345852
P122N,-1.06355681486905
P122Q,3.48809596238203
P122R,-0.0915164875620174
P122S,0.585725965092527
P122V,-0.593751940639145
P122W,3.6494344715282
P122Y,-0.68369947806331
Y123C,3.8407738101844
Y123D,4.70867778936191
Y123E,1.5557119030254
Y123G,2.82685596472912
Y123H,-0.782287581128519
Y123I,-0.263605518558323
Y123K,5.48875395431021
Y123L,-0.856178255700279
Y123M,-0.821556274629348
Y123N,1.58065002089465
Y123P,5.94370856005367
Y123Q,-0.674192161022522
Y123R,2.26322340313793
Y123S,0.333974982482077
Y123T,0.737149243905927
Y123V,-0.792054727608072
Y123W,-0.497945411484557
G124C,4.54641577304768
G124D,0.598816005341875
G124E,0.0669732829946718
G124F,-0.117560543061567
G124H,-0.364872850073907
G124I,0.240664801911862
G124K,-0.698641043930961
G124L,0.000661550948767278
G124M,-0.487060841254773
G124N,-0.193077190009403
G124P,-0.634086596202128
G124Q,-0.167068109954002
G124R,-0.88572949497052
G124S,-0.0355828513561477
G124T,0.13288569408691
G124V,0.129354559707079
G124W,-0.29255059506077
A125C,3.89024966097029
A125D,1.73995959796804
A125E,1.51213755408606
A125G,-0.954746546760981
A125H,3.25413173163148
A125I,-0.333785854002821
A125K,-0.72266598981869
A125L,-0.887703199188671
A125M,-0.481337745339374
A125N,-0.664494656946694
A125P,-0.83821821274922
A125R,-0.497351866152599
A125S,-0.700701968652628
A125V,0.512040063733759
A125W,-0.622963191726301
N126D,0.841438667310175
N126E,-0.598401810904461
N126F,-0.0846237164518654
N126G,-0.212099174122998
N126L,-0.584670831280885
N126M,-0.434047875958535
N126P,-0.973628204699245
N126S,3.52520305851318
N126W,-0.532231376058091
N126Y,-1.16544635747757
K127A,0.760829172056806
K127C,-0.0871913067381248
K127G,-0.352128734722439
K127H,-0.696451438265316
K127I,-0.351437353429265
K127M,-0.414134033501246
K127N,-0.756084329681896
K127P,1.24390080121878
K127Q,1.25688236484947
K127S,-0.505986490141111
K127T,-0.992524111639265
K127W,-0.747290650751712
K127Y,-1.08923078984094
D128A,-1.11489297677944
D128C,2.04863472050876
D128E,-0.304751681912091
D128F,1.68101906839722
D128G,-0.86260369834705
D128I,-0.886024074983766
D128K,1.66263501224941
D128L,2.10211195706159
D128N,-0.273477594431089
D128R,0.208491525388061
D128S,-0.779932699937008
D128T,5.27513616130864
D128V,1.9866308698337
D128W,2.07983496718132
D128Y,0.93573665819747
G129A,0.603985949540535
G129C,2.09500563650536
G129D,-0.642010870310624
G129F,-0.898779454202213
G129H,-1.23971756603048
G129I,1.07677718092951
G129K,-0.156267286190453
G129L,1.85037235581373
G129M,-0.62486650531393
G129N,-0.868831441224554
G129P,-0.116145331653815
G129R,-1.07839059164323
G129S,-0.737929291575309
G129V,4.47943177227798
G129W,0.323665753798654
G129Y,-0.287791313604934
I130A,-0.159353578860854
I130C,4.40671639757395
I130D,1.57623591112059
I130E,1.35435655455207
I130F,-0.631855359573995
I130G,4.21707055692073
I130H,-0.712851460598502
I130K,5.65340920918785
I130L,-0.439278353983539
I130N,-0.255639291995128
I130P,2.90251183293527
I130R,2.94474614636169
I130S,-0.141788837448803
I130T,-0.153403187711518
I130V,0.199035151028822
I130W,3.9273795345871
I130Y,-0.116432356267722
I131A,0.238460484807297
I131D,-0.118069206731671
I131E,1.64128334608017
I131F,-0.822785516895642
I131G,-0.902973694625767
I131H,6.27344891541687
I131K,-0.825363822096341
I131L,-0.745648591030173
I131M,2.26459653441308
I131N,-1.05041222908356
I131P,4.41340711437786
I131Q,2.65399842571852
I131R,-0.0538895489601078
I131S,-0.820319508022042
I131W,-0.888307541960884
W132A,5.72383667307509
W132C,1.86970934143243
W132D,1.87070534443705
W132E,3.09079537977717
W132F,1.18190227502634
W132G,6.1356050505742
W132H,4.39104479217037
W132I,5.43130094325666
W132K,3.69118447042139
W132L,5.77723822905001
W132M,2.84024227217349
W132N,6.19230399344796
W132P,2.60164133989953
W132Q,3.14643801091384
W132R,6.26292095962801
W132S,1.31170839424218
W132T,6.12581627014935
W132V,4.6908312793441
W132Y,-0.328229929584187
V133A,-1.01183907680963
V133C,3.46664145721027
V133D,3.55295080052483
V133E,2.70879973058041
V133G,1.08783061319182
V133H,0.287190689591835
V133I,-0.689531543836408
V133K,6.98053793934207
V133L,-0.838421620609948
V133M,-0.0211184143640736
V133N,-0.535965183459794
V133P,5.96375528774617
V133Q,2.25851010061982
V133R,1.63972927164816
V133T,2.95115485337745
V133W,-0.395464390904211
V133Y,0.416507956424866
A134C,4.92512334134116
A134E,4.56375737355153
A134F,2.07400181585263
A134G,0.136272704747258
A134H,-1.13365029990128
A134I,5.04328392166701
A134K,9.79765496013873
A134L,5.27030226256127
A134M,3.95047761974816
A134P,6.3183760629679
A134Q,1.9209591322557
A134R,0.845273953359697
A134T,2.30199836900382
A134V,-0.161834687627523
A134W,0.841488357875983
A134Y,9.79765496013873
T135C,-1.00514719094629
T135D,-0.0486435193676244
T135F,1.33572668673128
T135G,-0.540983065332722
T135H,-0.0400996496794838
T135I,-0.800510928777802
T135K,-0.154645225447487
T135L,0.229780045647439
T135M,-0.686769944040675
T135P,6.77550743430957
T135Q,-1.32795219950431
T135V,-1.01464195130786
T135W,0.107760123966712
T135Y,-0.40899987386877
E136A,-0.38606324416188
E136C,9.79765496013873
E136F,-0.343240759959666
E136G,-0.309462150551865
E136H,0.627099040008429
E136I,1.87249054253683
E136K,0.560739965231596
E136L,1.90017981043769
E136M,0.0686053061373846
E136N,0.262939513465543
E136P,-0.191154277843519
E136R,1.18517700028846
E136S,1.1409918557466
E136T,-0.0373967942057523
E136V,3.90085414323858
E136W,4.21104060927419
E136Y,2.3395355809959
G137A,7.32295156778958
G137C,6.8679267366435
G137D,0.322722149074242
G137E,5.31466346004251
G137F,1.69812323716762
G137H,-0.982031951264744
G137I,2.54006653580378
G137K,6.03122273716587
G137L,9.79765496013873
G137M,2.87400538795854
G137N,9.79765496013873
G137P,0.123767527634464
G137Q,5.5329419274348
G137R,2.63967162004669
G137S,1.17752963066262
G137T,2.94752802197758
G137V,4.24795540550199
G137W,4.70586521748337
G137Y,4.6049173954744
A138C,6.15345562338719
A138D,3.30378134910548
A138E,9.79765496013873
A138G,-0.704095195075757
A138I,1.11114062215992
A138K,8.61647861447399
A138L,9.01743888798353
A138M,0.20246980409997
A138N,0.140179023541827
A138P,4.15144732586351
A138Q,4.2839087340813
A138R,3.71468825426124
A138S,-0.347677743585261
A138V,4.06494065948818
A138W,6.34148801087583
A138Y,5.19961863683493
L139A,4.76650761629108
L139C,6.13791006101904
L139D,1.695367927538
L139E,5.23118317928102
L139F,2.36799693247057
L139G,3.0293336420893
L139H,5.12689460485832
L139I,-0.633301374964112
L139K,9.79765496013873
L139M,-0.204779319288017
L139N,6.93691480046823
L139P,0.225771192163565
L139Q,4.18567880987199
L139R,4.61808127818223
L139S,6.08691797736745
L139T,-0.399913548734733
L139V,-0.114583745915259
L139W,5.41837524719261
L139Y,-0.270552572360529
N140C,2.23304737772364
N140D,-0.5891896595918
N140E,1.03971270644833
N140F,5.63088778669966
N140G,-0.932755631683955
N140H,-1.05012898614744
N140K,3.14979072415571
N140L,0.0562731528204795
N140P,1.10207507772724
N140Q,0.116021988303779
N140R,5.09601248339342
N140S,-1.19701380549923
N140V,1.38400936234217
N140W,0.43432442522702
N140Y,4.15616190175673
T141A,-0.542119360368736
T141C,1.74910831655011
T141D,2.64357043985387
T141E,5.89784269228536
T141F,-1.25666569483876
T141G,-0.157588586920691
T141H,2.4538144889553
T141K,0.0200664273680481
T141L,-0.719640852543641
T141N,-0.973791339468959
T141P,2.16605294059858
T141Q,-0.297114412693247
T141R,0.856524481692276
T141W,-0.363071729788466
T141Y,-0.315958623434989
P142A,-0.261135660831612
P142C,5.40042522651876
P142D,-0.868665602652205
P142E,-0.245295616011665
P142F,0.03610110657686
P142G,5.7017518647834
P142H,0.816348282366754
P142I,0.742964188014753
P142K,2.99344686788051
P142L,-0.645572377059184
P142N,-0.542671482930583
P142Q,-0.578210473113215
P142R,3.50485874742234
P142S,4.01071121405677
P142T,3.66438443222541
P142V,-0.335489589484039
P142Y,-0.140313823273272
K143A,1.77835620070876
K143C,0.541432839409931
K143D,3.19981339951003
K143E,0.684846354266285
K143F,5.85613896571495
K143G,2.50577476119508
K143H,0.0959570863531053
K143I,1.19748763068104
K143L,0.199577614050233
K143M,1.92885351050201
K143N,0.657446912048359
K143Q,0.043009171827768
K143R,2.90914042411745
K143S,5.43992595912192
K143T,1.64139327149239
K143V,1.95267118499749
K143W,3.07041079616741
K143Y,6.68411256761902
D144A,1.48047709168276
D144C,6.06669126251002
D144E,-0.297868767653467
D144F,-0.270133102293328
D144G,5.91996681493756
D144I,-0.286461407269214
D144K,0.257340863106528
D144L,-0.15188842937658
D144N,-0.376538408440446
D144Q,-0.585606064149998
D144R,0.981146974644695
D144T,0.11415422964522
D144W,-0.415188380678646
H145A,-0.561238781179232
H145F,-0.173982535906431
H145G,-0.919752491870302
H145K,-0.217584819572843
H145L,0.767972573200705
H145M,1.28743714228509
H145N,-0.499572805167528
H145Q,0.220729430573446
H145R,-0.682544765858421
H145S,-0.677530442199906
H145T,1.08668026420238
H145Y,-0.630759812898675
I146C,-0.170523417512904
I146D,3.46911216520972
I146E,1.53898572570291
I146F,6.49014922494138
I146G,1.68653320639917
I146H,0.547102622673823
I146K,-0.956989700846485
I146M,-0.727844488824393
I146N,0.558880783714211
I146P,2.33498665580818
I146S,0.179303058152882
I146T,-0.8377180505217
I146V,-0.0806657370981304
I146Y,-1.01244636529527
G147A,-0.788888510820418
G147E,1.46466789241534
G147F,-0.696714630984325
G147I,-0.850977469776757
G147K,-0.668841968512968
G147L,-0.750816559535508
G147N,-0.219700664755798
G147P,-0.448926080475294
G147Q,-0.548966680880762
G147R,-0.954062335742145
G147T,-0.840410789371748
G147V,-0.576010607592667
G147W,3.37146075482785
G147Y,-0.602226969037224
T148A,-0.72718792465978
T148C,-0.882461262908834
T148D,-1.08074137741058
T148H,-0.919414142516647
T148I,-0.0426413041992335
T148L,5.20349280963834
T148M,0.996621240730501
T148N,-0.567521363220825
T148P,-1.08081839899378
T148Q,-0.439039401887599
T148R,-0.178853420742048
T148V,0.190542764417294
T148Y,-0.885355278971749
R149A,-0.593751940639145
R149D,1.69108390129187
R149E,-0.302574188081889
R149F,-0.391243812893395
R149H,4.04522130153568
R149K,-0.529435295044023
R149L,2.16700336670331
R149M,-0.0469910735746074
R149P,0.11115378153278
R149Q,-0.767041451805727
R149S,1.45075058955994
R149T,0.0856062657817896
R149V,0.43382812857249
R149W,-0.170479592981624
R149Y,0.137962009142929
N150A,-0.760679603938204
N150D,-0.80700866973882
N150E,-0.856580357906408
N150L,-0.1762489423526
N150S,-0.561045789748815
N150T,1.11913074462086
N150V,-0.341493908926049
P151A,-1.01728021619997
P151D,-0.809579759012499
P151E,6.0834496759635
P151F,-0.0712329936626982
P151G,-0.930119121878261
P151H,0.324331656087757
P151I,5.32538681842055
P151K,-0.261332726046188
P151L,-0.813336166352706
P151Q,-0.603575434365085
P151S,-0.145745868382275
P151T,-0.457115892080421
P151W,-0.482438445637698
P151Y,0.897837922264638
A152C,-0.642752300090811
A152E,-0.00782701205058004
A152F,-0.322289051277695
A152G,-0.563364777149289
A152H,-0.703402198436237
A152L,-0.875480903097914
A152P,-0.163192272324063
A152R,-0.95116387459517
A152T,-1.05324731527938
A152V,-0.802517738588198
N153F,-0.142976790540712
N153H,0.962472878520792
N153I,-0.856420418943753
N153L,3.73689807345115
N153M,-0.67459832593806
N153R,-0.476810327199364
N153S,1.19812114264914
N153T,5.58484569089923
N153V,0.117502120923672
N153W,-0.635395346796132
N153Y,-1.24867265623076
N154A,-0.156763872537684
N154C,5.94553763233925
N154D,0.774959283326407
N154E,-0.815104779485237
N154F,0.445504766781741
N154K,-0.618436975110855
N154L,-1.00640338538233
N154M,-0.743556595039036
N154R,7.39842482451818
N154S,0.777353242901222
N154T,8.96236954734206
N154V,-0.0263765817541407
N154W,0.432972464869072
A155C,-0.652117615553702
A155D,1.80582981029419
A155F,-0.621683776549926
A155G,-1.02842150098008
A155H,9.79765496013873
A155K,0.0797088810138375
A155L,-0.73628464884003
A155M,1.89090407811281
A155P,-0.367680934585822
A155Q,-0.298255124263651
A155R,-1.06820072417948
A155T,6.97974171611356
A155V,-0.809190334227911
A155W,1.87138958383713
A155Y,-0.456953117809508
A156C,0.736435814964583
A156D,0.0852959088457678
A156E,-0.951764515576011
A156F,-0.72310933826441
A156I,-0.763193505350972
A156K,-0.302479220554808
A156L,-0.8686542061387
A156M,-0.703432178188817
A156N,1.41613300803866
A156P,3.62978312850505
A156Q,-0.12855939951504
A156S,-0.672216321880608
A156W,5.4592987230596
A156Y,-0.592606925050461
I157C,-0.77805036169079
I157D,0.434920659016222
I157E,0.678762147898343
I157G,0.891194899800115
I157H,0.903488890096529
I157K,2.65617307429921
I157L,-0.0627540142333131
I157M,3.29827441324536
I157Q,-0.756679655464689
I157S,0.156462953226315
I157T,-1.05631741803946
I157V,-0.749390334408615
I157W,-0.826222230783097
V158A,0.062459138420545
V158C,-0.277419166642976
V158D,0.274189954126355
V158E,-1.15416018406981
V158F,1.67705807980785
V158G,-0.83496137846475
V158M,-0.811564747805707
V158N,-1.41813215520987
V158P,-0.70493102971936
V158Q,3.73054502335068
V158R,-0.317118183173099
V158T,-0.79389064157892
V158W,0.227643083571356
V158Y,-0.542608396254859
L159A,-0.43485236526743
L159C,5.38210603090594
L159D,5.6274524253022
L159E,4.73175669609303
L159F,-1.01373282191581
L159G,2.76264872286659
L159H,0.224698131376295
L159I,-0.646012655305589
L159K,3.18720268792906
L159M,-0.223903726302648
L159Q,-0.659126913370271
L159R,0.60134493495219
L159V,1.29640242951738
L159W,1.01714848807279
L159Y,-0.678646480408266
Q160A,-0.317730322200046
Q160C,-0.263730547936968
Q160D,-0.535910257147653
Q160G,2.46670562426401
Q160I,-0.612831972520035
Q160K,-0.604818545215941
Q160L,-0.296671915027253
Q160M,0.0643823100045173
Q160N,0.024343282243192
Q160P,0.287265420461325
Q160V,-0.914341661525212
Q160W,-0.215997736704686
Q160Y,-0.106142816169119
L161A,0.230894467278005
L161C,9.79765496013873
L161E,2.57113317878973
L161F,0.697954690959404
L161H,-0.290187043569721
L161I,-0.792944960273369
L161K,0.651392459406927
L161M,-0.514844423981806
L161N,-0.140958810413047
L161P,-0.422744123594867
L161Q,-0.496140978536229
L161R,2.381438640655
L161S,-0.496329092844271
L161V,-0.925516568498504
P162A,-0.340523010335185
P162D,-0.686875227228732
P162F,-0.28058408001092
P162G,-0.877885844427893
P162H,-0.666224747365551
P162I,-0.896302289572475
P162K,3.03623807222195
P162L,-0.350462527118977
P162Q,-0.714942832720363
P162R,3.99514261839111
P162T,-0.985881997138293
P162V,1.35966100036199
P162W,0.989566311209591
P162Y,2.0152252434459
Q163A,-0.941946795495837
Q163D,0.907495288941883
Q163E,-0.152261651498282
Q163F,-0.41115753136697
Q163G,2.14468608298906
Q163I,1.42977087164906
Q163L,-0.682681090046805
Q163P,-1.06010713953314
Q163R,0.154432541045797
Q163T,1.4946674339522
Q163V,0.710455702645249
Q163W,-0.429200835818922
G164A,-0.68262122267898
G164D,0.456894228351162
G164E,-0.0731132713365359
G164F,-0.691758704176127
G164I,-1.12503234654198
G164K,-0.374863527596303
G164L,-0.556350479164945
G164M,1.41330997619552
G164N,-1.00666351747177
G164R,-0.450662147927577
G164S,-0.857450430311611
G164V,-0.583449300499517
G164W,-0.557979447079043
T165D,0.428856467172327
T165E,-0.371331578467071
T165F,-0.850705277446968
T165G,-0.585867343151557
T165H,-0.488674857852067
T165I,-0.604700619894216
T165K,-0.600431105395122
T165L,2.64400452675643
T165M,-0.562460604609771
T165N,0.0957287691855522
T165Q,1.10492471224822
T165R,-0.437495887393153
T165V,-0.589537998781086
T165W,-0.792421163291772
T165Y,0.0485186172565661
T166C,3.62967937720309
T166D,-0.692805491041665
T166E,2.83775605706092
T166I,-0.603178075993284
T166K,0.995783566114365
T166L,-1.00919513220429
T166M,-0.847961782278419
T166P,-0.999334173820307
T166S,-0.558540594059194
T166V,-0.0737404301648869
T166W,0.00525199973810371
T166Y,0.760519155727448
L167A,0.0964857375508737
L167C,-0.759456025983256
L167D,-0.0696111742517172
L167E,0.635754171257515
L167G,0.303287700128427
L167H,-0.537087068091383
L167I,-0.038155964350617
L167N,0.182512187333229
L167P,-0.955644909245413
L167Q,-0.0710356632547166
L167S,0.612240819895993
L167T,-0.857852905043439
L167V,-0.0840118794018451
L167W,1.22240363157351
L167Y,-0.509664514371189
P168A,-0.184515814824079
P168C,1.43793304490967
P168D,-0.913945335703114
P168E,-0.589976641962769
P168F,0.487942030675418
P168G,-0.704804551831215
P168I,0.180496587509481
P168K,-0.416372428270208
P168L,-0.571780452840397
P168M,-0.275186438505878
P168Q,-1.02306451080028
P168R,-1.06106997494781
P168S,-0.213859398963166
P168V,0.369907171731089
P168W,0.538418902938426
P168Y,-0.25279367509702
K169A,0.911655806174558
K169C,-0.84618881493876
K169D,-0.745301121523047
K169E,2.95360906899012
K169F,-0.519501900757178
K169G,-0.586922318081845
K169H,4.22816336027874
K169I,-0.679285139082247
K169L,-0.766614214140794
K169P,2.81312968584625
K169R,1.63022964883777
K169S,-0.159520523082277
K169W,-0.150531500045639
K169Y,-0.922115556748019
G170A,0.607719924367773
G170D,3.55333573362158
G170E,-0.678768057300872
G170F,2.36413863724756
G170H,-0.870173149485811
G170K,0.499507091425934
G170L,-0.488200477151429
G170N,-1.00573341282084
G170Q,-0.915290258769075
G170R,0.834000036675008
G170S,-0.261021761247141
G170T,-0.851656126252899
G170V,-0.834596907942374
G170W,6.55393779352913
G170Y,1.50712528787895
F171A,-0.79243773577753
F171C,-0.541133908206832
F171D,-0.187086213076016
F171H,-0.728407612686289
F171I,-0.681413186137422
F171K,0.0110997835037632
F171L,-0.52404534042062
F171M,-1.049698840076
F171P,-0.798100148788888
F171S,-0.628119301856503
F171T,-1.08151313944447
F171V,-0.509935594962137
F171W,1.06147173611523
F171Y,-0.671145178784301
Y172C,-0.890126988413804
Y172E,-0.682899553426087
Y172K,3.38778650385694
Y172M,-0.217161371705357
Y172P,-0.271842717713199
Y172S,4.65840000635262
Y172V,-0.72622191453308
Y172W,-0.498136587897697
A173E,-0.636093248489027
A173H,-0.64234251235345
A173I,1.61000581489459
A173K,0.0781615325490669
A173L,-0.384980488147912
A173N,4.99381652285565
A173P,3.86222620337741
A173R,-1.08254064881508
A173S,-0.598798316753203
A173T,-0.496421664213707
A173W,-1.19395425936903
A173Y,-0.395960406719555
E174A,3.54919401928495
E174D,0.57778004086169
E174F,-0.791561714076692
E174H,2.25974162657102
E174I,-0.452956768549441
E174L,2.97971607560447
E174M,-1.1006320797386
E174N,9.79765496013873
E174R,0.140179023541826
E174S,-0.407850970363721
E174V,-0.242396198870409
E174W,0.292088061253527
E174Y,-0.848731020350541
G175C,0.731166378190274
G175D,-0.343671188008788
G175E,-0.201738477778676
G175F,0.353747821608742
G175H,-0.184764796933664
G175K,2.03263900614516
G175L,-0.317731909756994
G175M,7.83958895489907
G175Q,0.0468719737389092
G175R,-0.0801165114362536
G175T,9.79765496013873
G175W,-1.29993159210051
S176D,-0.137619160588957
S176E,-0.382676625647074
S176F,-0.879748631417356
S176G,0.360709936542238
S176I,-0.915192002403534
S176K,-1.04870494898028
S176N,-0.777282772188698
S176R,0.100456651041239
S176T,-0.984053154987975
S176W,-0.928865856533457
S176Y,-0.908052653984361
R177A,2.20207233532372
R177C,-0.752583908850765
R177D,0.316457354378016
R177E,2.17564855403917
R177F,-0.359387611687162
R177H,1.33140520245321
R177I,-0.502974998513951
R177L,5.12517573753086
R177M,-0.379878208314025
R177P,-1.04447542969574
R177Q,-0.0579991539084453
R177S,-0.824432876400437
R177T,1.98199083941363
R177V,-0.0319644494281965
R177W,0.415145407499822
G178C,-0.955553171614541
G178D,1.25115345399993
G178L,-0.960539491307836
G178N,0.732151689378344
G178P,0.643068574990531
G178Q,-0.300661862112038
G178R,-0.445824428474296
G178S,-0.934725384189514
G178V,-0.685665974437721
G179A,-0.758073283386153
G179C,-0.953986636924212
G179D,3.27551425365372
G179E,-0.263354636066215
G179F,-0.92670028645253
G179H,1.2722614742846
G179I,0.499755185352318
G179K,5.62333052774809
G179M,-0.806506627401548
G179N,-0.929978063175146
G179S,-0.981518587329991
G179T,-0.0708291085487253
G179V,-1.26993156116831
S180D,7.66434320061497
S180E,-0.706562273598439
S180F,9.79765496013873
S180I,1.38477552285168
S180K,4.72492103706434
S180L,-0.340224009638926
S180N,0.127824128840774
S180P,1.26959957189905
S180V,-0.521662896891019
S180W,3.34080892896264
S180Y,2.01497846607515
Q181C,-1.18315443262033
Q181D,-0.273396838168965
Q181H,0.995783566114365
Q181I,2.11294017930799
Q181K,-0.374687148349456
Q181L,0.680473558779223
Q181V,2.69315129705773
Q181W,2.69400550815895
Q181Y,0.350091500672611
A182C,-0.399959137091105
A182D,-0.814727175359576
A182E,-1.22835774981447
A182G,-0.662111014857439
A182K,-0.920772908274367
A182Q,-0.235209183097748
A182R,-1.08190516473178
A182T,4.54816904074581
A182W,-0.0299518591543585
A182Y,0.327134715011916
S183C,2.75039071151524
S183D,-0.0151984182594326
S183E,-0.00753111227555317
S183F,-0.602738053116021
S183I,-0.372736213835166
S183L,-0.617348153828831
S183M,-1.23954349862678
S183W,-1.02124619353094
S184A,-0.28555339347048
S184E,-0.941363073139642
S184F,1.64937540063837
S184G,2.37753454383926
S184H,2.56476329280042
S184K,-0.0649143272935738
S184L,-0.222412332055711
S184M,-0.691950130656214
S184N,1.18825643002516
S184V,-0.515595511355902
S184W,0.337462960092048
S184Y,-0.878746918997273
R185A,3.77360864960704
R185D,-1.08859704917282
R185G,3.27543570237961
R185H,-0.267785852699702
R185K,-0.951095531049095
R185L,-0.433013237442467
R185M,-0.786761046211906
R185N,0.187106852786531
R185Q,-0.682317647462096
R185S,-1.37060203428516
R185T,-0.30006826834244
R185Y,1.62495945979885
S186C,-0.838242082516402
S186E,-0.821087587623723
S186F,1.30102554381948
S186H,0.186797322368748
S186I,1.2883027518193
S186N,0.094280753605061
S186R,-0.416956710614451
S186T,2.41314861746558
S187C,4.36760915075445
S187D,0.829886935994465
S187F,-0.463851786881497
S187G,-0.153046558375061
S187L,-1.10052100652115
S187N,0.0743871837539494
S187Q,2.61317919192261
S187R,-0.910155359525861
S187Y,-0.264951339773091
S188A,2.92160148647277
S188D,-0.747956818936828
S188G,-0.21602590589869
S188H,-0.255987194077382
S188I,-0.766875391862474
S188K,1.32000588005088
S188M,-0.625450843958615
S188N,-0.297918068557226
S188P,-0.246713795922834
S188Q,7.749240614515
S188T,-1.04798799826725
R189C,-0.0130257041884722
R189D,0.177005498932876
R189I,-0.811802271382934
R189L,1.00784245733508
R189M,0.365886410846088
R189N,-0.308331912344433
R189S,2.65722581642026
R189T,-0.668396174632517
R189V,-0.933042493589297
R189Y,-1.06017180664067
S190G,-1.09499465437655
S190L,2.01605022080291
S190N,-0.427897102532625
S190Q,0.584579499011248
S190V,0.494168042351959
S190Y,-0.141578744202362
R191A,0.618402965402844
R191C,-1.02500742377941
R191D,-0.673026246492753
R191E,9.79765496013873
R191F,-1.00683793467935
R191G,2.74994629764807
R191H,-0.826009820667282
R191I,0.141189741059159
R191L,0.113096603873129
R191M,1.62400756668658
R191P,-0.881641960701526
R191Q,-0.598788616467878
R191S,0.86646224341713
R191T,-1.0436827752175
R191V,-0.790916532055486
R191W,-0.04387179998483
R191Y,0.781984752209364
N192A,0.277988305459068
N192F,-1.08375135770369
N192G,-0.663649420778649
N192I,0.847875953276551
N192K,0.627393674616975
N192L,-0.0604647876887253
N192M,-0.285377746796283
N192P,-0.683572120296011
N192Q,-0.442194255710795
N192T,2.46119547742903
N192V,0.109636144879725
N192W,0.248391691258239
N192Y,-0.391567636024013
S193C,-0.322510919499458
S193D,-1.26941673423511
S193E,-0.547317852922359
S193I,-0.632175975540281
S193K,4.736603101968
S193M,-0.383398727854374
S193N,2.4611438373476
S193Q,2.5629810683978
S193R,-1.49277964686408
S193T,0.17097443292613
S193V,1.03436123624136
S194A,0.123518881209482
S194E,-0.76251813955075
S194H,2.68444423530206
S194N,-0.411252808624863
S194R,5.93395906301622
S194V,-0.619062714155909
R195A,1.32307090260238
R195C,-0.209586146647373
R195D,-0.828470984400177
R195F,-0.789027916709867
R195H,-0.722445162027804
R195L,1.52096992144822
R195N,-0.414350630399357
R195P,0.0317294852184447
R195S,-0.787190687782128
R195T,3.3672571486007
R195V,0.950689492292756
N196A,-0.582282822288663
N196D,-1.12118909749622
N196E,-0.442295967994984
N196G,-0.605327564566673
N196H,2.51738653455655
N196L,-1.1025240331277
N196M,3.9060430845955
N196Q,-0.378612795204792
N196R,-0.367661028058827
N196S,0.721991417546863
N196T,-1.11896974314644
N196W,-0.705086567697503
N196Y,0.483726911805072
S197C,0.120873747953353
S197D,0.155193069334607
S197E,4.02736391428652
S197G,-0.172063967393464
S197I,5.77507400140746
S197M,-0.373139563151187
S197R,-1.17914178781679
S197T,2.71836768096433
S197V,-0.271475922158099
S197Y,-0.0136617922438462
T198A,-1.13575815615349
T198C,0.360518500396057
T198D,2.18556196063161
T198G,0.669232073129429
T198M,0.737149243905927
T198N,0.000960069304995564
T198R,4.06229849390694
T198S,-0.714574191813793
T198V,3.17001548500371
T198W,1.6999553634188
T198Y,1.57006807501432
P199A,-0.649022868650047
P199C,-0.742783123257576
P199D,-0.81661664278051
P199E,-0.589887244433759
P199I,-0.550518054999675
P199L,1.84101206705951
P199M,-0.690694335901341
P199N,-0.869375275912881
P199Q,0.710642294127399
P199R,-0.645163323524976
P199T,-0.405299964678447
P199V,-0.442612128739425
P199Y,5.68329186131054
G200C,0.45349608138038
G200D,-1.01969944021085
G200E,-0.103360103995432
G200F,-0.494253156222507
G200H,-0.954781989359916
G200I,-0.671595367959038
G200K,-0.554393028581311
G200L,-0.600793078075794
G200M,-0.820484965468988
G200N,-0.554372707572376
G200R,-0.462934392172496
G200S,-1.07133793042663
G200V,1.30170001532762
G200W,0.712326149147438
S201C,0.451427667522297
S201D,-0.61471212101746
S201E,0.175675341193566
S201H,-0.210281050658884
S201K,-1.02271634943485
S201L,1.06283428127995
S201M,-0.510666722870801
S201P,2.20286983309374
S201Q,0.589192212180429
S201R,-0.546517038984108
S201V,-0.291166253394915
S201W,-0.774360672916079
S201Y,3.27072873475229
S202A,0.493777154145309
S202D,1.34880656766601
S202E,0.247012413693141
S202F,-0.120801124195875
S202G,2.91021583799839
S202I,2.27006389552733
S202L,-0.309393073929892
S202Q,-0.58032878992565
S202R,0.530426444234785
S202T,-1.1366555773641
S202V,-0.159231809361883
R203D,1.53500840546163
R203H,-1.06632218019592
R203I,-0.505397268603929
R203K,-0.374247351411076
R203N,2.43746319828185
R203S,-0.0553550446204711
R203T,-0.532920549949021
R203V,1.20358121918493
R203W,-0.0129168177796287
G204A,-0.141184339098344
G204C,4.61884728101577
G204D,0.382628551445423
G204E,-0.260867122211371
G204F,4.37885826407221
G204H,-0.511403526221765
G204I,-1.12793471318213
G204K,-0.697548939544697
G204L,0.0678080092819675
G204M,3.11861958087322
G204Q,0.547298736589703
G204R,-0.867893518720234
G204S,-0.424838467819481
G204V,0.629088759588731
G204W,-0.190452646426957
T205A,-1.23278205853261
T205C,-0.579358313221999
T205D,0.360999877900208
T205E,-0.676083254835465
T205F,-0.936860420071301
T205G,-0.94560033419633
T205H,-0.585190736393853
T205I,-0.450723382193497
T205L,-0.982269549926042
T205N,1.22705336516663
T205P,0.591826977248525
T205Q,1.50299664051071
T205R,-0.580981515497117
T205S,-0.893354598118079
T205V,1.08961868892024
T205W,0.571950434189217
T205Y,1.19147600918582
S206C,-0.865256536968487
S206D,0.549831833771454
S206H,-1.01094407905967
S206I,-0.648427114675229
S206K,4.89694949359294
S206M,-0.197036445590117
S206P,-0.0222630498609543
S206Q,-0.89009989617805
S206R,-0.598590554650606
S206V,4.30913599757596
S206Y,0.622861162378511
P207A,-0.921338502760424
P207C,0.66654437991924
P207D,1.87354094849231
P207F,2.12111996814658
P207G,0.640878445088645
P207H,4.21395212667354
P207L,2.00872841358371
P207M,-0.0721047831716101
P207R,-0.531643756914255
P207S,2.3758523578762
P207T,-0.415269725365959
P207V,1.92732070880881
A208C,-0.336310763418803
A208D,0.0631427723232488
A208E,0.280567288931946
A208G,-0.50255089069173
A208L,-0.832138985594803
A208N,2.87680071651782
A208Q,-0.888091032793825
A208V,-1.08648105448471
A208W,-1.00150626951494
R209A,0.751726155422202
R209C,0.47852009879463
R209E,0.728800577743944
R209H,5.55862092925714
R209K,-0.636597598702285
R209L,-0.0911102194932139
R209M,5.01712755239181
R209N,-0.33828168738863
R209P,1.35667282823024
R209Q,-0.719798771990505
R209T,0.448928168557765
R209W,1.01892523055339
R209Y,-0.227904788799785
M210A,-0.140657930694696
M210E,3.2799017038939
M210F,0.479739157336996
M210G,0.0392565594819451
M210I,-0.604201282564762
M210P,-0.89264873144905
M210V,-1.10988640466694
M210Y,-0.60354839836319
A211C,-0.113429408132589
A211D,1.4793475586098
A211E,0.888961017038231
A211F,0.967436596609074
A211H,-0.860905108949726
A211M,-0.842996345958037
A211Q,-0.533733646759426
A211R,0.118405653836774
A211S,-0.681805162335299
A211T,-0.708864824992892
A211W,-0.18357357776579
A211Y,-0.88402750475892
G212A,-0.697642555328284
G212E,-0.665289572548142
G212F,-0.217824887323388
G212H,-1.09977098685112
G212I,-0.630296045653454
G212L,0.883861467014706
G212N,1.43527420524063
G212P,1.9877649764097
G212Q,-0.0458067321446343
G212R,0.749680949930678
G212T,-1.0164683513146
G212V,0.0558850778067079
G212W,2.72609814349515
G212Y,1.08090458161422
N213E,-0.839938141585977
N213F,0.869848678063563
N213G,0.650658999939223
N213H,-0.652810556645712
N213K,-0.578180505260934
N213L,0.0792144240342646
N213M,-0.404840612940856
N213P,-0.948349742346652
N213Q,-1.11375853664298
N213S,-0.0664025401575865
N213T,-0.705646545482096
N213V,1.81457536225571
N213W,-0.932202739100298
N213Y,-0.690177708776005
G214A,1.99025421250785
G214C,0.599118212397567
G214D,-0.600247555603325
G214E,-1.0283710736589
G214F,1.95206237694528
G214H,-0.0236071491205307
G214I,-0.362508995124057
G214K,-0.994272579017325
G214L,0.199766597029248
G214M,0.792039176336653
G214N,-0.300629643890193
G214P,5.15335852343681
G214Q,-0.88962561928207
G214R,6.3135755443135
G214S,-0.573441382699379
G214T,-1.24182494853043
G214V,0.729280935128306
G214W,-0.195296260503107
G214Y,-0.0857333334132263
G215A,-0.592757155055357
G215C,-0.858172860284527
G215D,0.330428526070839
G215E,-0.305129806141278
G215F,0.466801453598551
G215H,-0.533544214177432
G215I,0.170734650039189
G215L,0.107132639209617
G215M,-0.398275549316863
G215N,-1.04142327210667
G215R,-0.75141059440351
G215S,-0.542881910473394
G215V,0.336440398091575
G215W,1.34219026137714
G215Y,1.99339506031838
D216A,0.752528843887697
D216C,0.836123490663721
D216F,2.5770935210958
D216G,-0.586070300592587
D216H,-0.642922489298939
D216I,-0.791692607316369
D216K,0.02296139051354
D216L,-1.1750294998687
D216M,-0.41158659522145
D216N,-0.409380808629943
D216P,-0.640882672152474
D216Q,-0.448714912010716
D216R,-0.980620151045957
D216S,-1.05189079695096
D216T,1.22829804033137
D216V,-0.635881784709683
D216W,9.79765496013873
D216Y,-0.177690424599504
A217C,-0.260153870786183
A217E,-0.873334616856152
A217F,2.30554554705481
A217H,-0.825329974692615
A217I,-0.457371985108055
A217K,1.51106137809568
A217L,0.455423944760665
A217M,0.557763642264821
A217Q,0.188840558135206
A217R,-0.551401976102295
A217S,3.9135944466927
A217T,-0.0677664152146695
A217V,-0.214663983109125
A217W,-0.418468296353199
A217Y,-0.322363049485398
A218D,-0.696930257260181
A218E,0.214639490352871
A218F,-0.321423569063857
A218G,-0.910700271786975
A218L,0.295320730227987
A218M,0.298393451801439
A218N,1.5864129537645
A218P,-0.718429380633118
A218Q,5.96676607258938
A218T,5.97878333311162
A218V,1.04375561870466
A218W,-0.559328469102436
A218Y,0.465849722196724
L219D,0.0788773131569234
L219E,-0.561149387938907
L219G,-0.499750398866488
L219H,-0.8010124141418
L219I,-0.89909932231776
L219K,-0.699324578071075
L219M,-0.160319065462115
L219P,0.267112816709535
L219V,0.195814507737486
L219W,-0.709591076014531
L219Y,-1.28699049910394
A220C,0.117978997475824
A220D,-0.360368302559983
A220E,-0.719361869099007
A220F,0.353368574374073
A220G,-0.52096747877436
A220H,-0.779181246584933
A220I,-0.364678170915115
A220K,-0.220080717607016
A220M,-0.146556807690249
A220P,-0.799712728009928
A220Q,0.0348253346009886
A220W,-0.367193086263696
A220Y,3.07482738394729
L221A,-0.815993654263491
L221D,-0.62831332295144
L221E,-0.318813653780723
L221F,0.0817745029606917
L221G,-0.135030417456379
L221H,-0.267785852699702
L221I,2.02479727083699
L221K,-0.678515491366184
L221N,0.445990283407491
L221R,-0.56515156848995
L221S,-1.03484389214369
L221T,-0.277449057798199
L221V,-0.35573567475028
L221W,-0.415269725365959
L221Y,-1.18509208461452
L222F,2.55140387426678
L222G,-0.521523184595699
L222H,-0.184764796933664
L222I,-0.251481658052155
L222K,-0.205372587627342
L222M,-0.916396855218179
L222N,-0.00108053786425585
L222Q,0.570652141232416
L222R,-1.09648582921231
L222S,-0.24752359269058
L222V,-0.803038180631184
L222W,-0.115896847384723
L222Y,3.90629319563591
L223C,-0.659798307733022
L223F,-0.80977025985534
L223G,-0.811326058453324
L223I,0.345551425501908
L223K,3.03509553647682
L223N,-0.676764039409518
L223Q,0.747678923899525
L223R,-1.00385770313945
L223T,-0.866642331949211
L223V,0.0776245762186761
L223W,2.9593962916806
L223Y,1.929517962262
L224A,-0.974965223411482
L224C,-0.563107112936085
L224D,-0.266438520395064
L224E,-1.07209261588049
L224F,1.83497831531688
L224G,-0.62995296774843
L224H,1.3642457084766
L224K,-1.36035699294349
L224M,-0.689470213739442
L224N,0.200568699154213
L224P,-0.794939520807645
L224Q,4.52531790535264
L224R,-0.983605092923443
L224S,-0.947742307450276
L224V,-0.609770653780515
L224W,5.0144841240817
L224Y,-1.08027838762047
D225A,-0.317118183173099
D225C,1.20169347517929
D225F,0.0945540394691546
D225G,-0.589830497768263
D225I,0.803511196258339
D225K,0.329272047895981
D225M,1.21545524645133
D225N,-0.267785852699702
D225P,-0.603298631571729
D225Q,-0.838120008488381
D225R,1.7115370740556
D225V,-0.0721199894968539
D225W,-0.0459840502230807
R226A,-0.574099850013432
R226C,-0.417732672805162
R226F,0.395792456607212
R226H,-0.722784155614609
R226I,-0.310163449847597
R226K,-0.460565686937606
R226L,-0.504590059678382
R226M,-0.641515988251841
R226N,-0.6426004245403
R226P,-0.682219586152759
R226Q,-0.816590445665491
R226S,-0.461450103138758
R226T,-0.159520523082277
R226V,-0.653645493870608
R226W,0.126125418617395
R226Y,-0.92005525509306
L227A,-1.26303649562688
L227C,0.227081303097142
L227D,5.48210741632356
L227F,1.95464255684995
L227K,-0.906713162724882
L227M,-0.645866702040088
L227P,-0.887857555907642
L227S,0.526215503820576
L227T,-0.508543954308427
L227W,-0.731720308591878
N228A,-1.02470823781074
N228D,-0.431196316017436
N228F,0.170083058144424
N228G,-0.788748673918947
N228H,-0.132764209991935
N228I,0.684618001959976
N228K,-0.962132807906276
N228L,-0.246493171125732
N228M,3.9600824599607
N228P,-0.787669557727467
N228Q,-0.622978156088705
N228R,-0.629625042924069
N228S,1.59926981469017
N228T,0.764184171565891
N228V,0.58505825037825
N228W,3.92928284592079
N228Y,-0.345714591939051
Q229A,-0.133526320674471
Q229D,-0.265959371653218
Q229E,0.150665185505565
Q229F,-0.409173739660368
Q229H,-0.331847947652038
Q229K,-0.0739101433414461
Q229L,-0.896426373653151
Q229N,-0.76582037472363
Q229R,0.619861365797536
Q229S,-0.785350135856261
Q229T,1.50412577449529
Q229V,-0.606985245982221
Q229Y,-1.151812766809
L230A,5.96065622872452
L230C,1.24061163193088
L230D,0.944878991435246
L230F,0.35148318232506
L230G,-0.469119521182239
L230H,-0.720265102265596
L230I,-0.742075270820125
L230M,-0.318940509510909
L230Q,-0.642354799140214
L230R,0.509975419140441
L230S,-0.0620189604170107
L230T,-0.961534212407399
L230V,-0.76251813955075
L230W,0.13247361227
L230Y,-0.157105452759865
E231A,-0.437474348567982
E231C,-0.605365923888087
E231D,-0.508722051383082
E231F,-0.393836598516464
E231G,-0.100731498273765
E231H,0.0248821297124047
E231I,-0.769171706822762
E231K,-0.775606806837662
E231L,-0.481359974196169
E231M,-0.352055384006174
E231N,1.52710094354613
E231Q,-0.700151482689536
E231R,1.03202755451147
E231S,0.188519097846862
E231T,-0.211020551425457
E231V,-0.395387298227443
E231W,-1.10056509382542
E231Y,0.0790883556689985
S232A,1.0554372741592
S232C,-0.523628134607101
S232D,0.165403321786528
S232G,5.38871035109446
S232H,1.13737679272008
S232K,0.532869177159179
S232L,3.30414962790679
S232N,1.37430745988082
S232P,-0.293886698346529
S232R,1.06159843666531
S232V,2.66934849946655
S232W,0.212577201544675
S232Y,0.422581781507477
K233A,-0.305893308204469
K233C,2.14530650498203
K233D,-0.731333097589923
K233E,-0.293838547366955
K233F,0.534225006067615
K233H,-0.164257527394714
K233I,-1.06842827842589
K233L,1.01104679794786
K233M,-0.289315252180347
K233P,-0.477387410539195
K233Q,4.47467788010356
K233R,-0.620337655368847
K233S,4.48405177858063
K233V,-0.989240489231811
K233Y,-0.75080231617908
M234A,-0.730957245299533
M234C,0.0124375733928702
M234D,0.017343902407675
M234E,-0.232524986246329
M234F,-0.752180172190389
M234G,1.6111365840941
M234H,2.82282475828662
M234I,0.418434236164923
M234K,-0.589017164423708
M234L,-0.758132055095997
M234N,-0.386206514757121
M234P,-0.665586299651551
M234Q,-0.363423379992501
M234S,0.417799889451903
M234T,1.77758263472237
M234V,-0.982623526117014
M234Y,-0.717630071669453
S235A,-0.996797452018562
S235C,0.948816868945954
S235D,0.589004894482164
S235E,0.460403996501526
S235F,1.96899435244771
S235G,0.45115640823805
S235H,-0.334433904676286
S235M,1.15605843674691
S235N,-0.624854960574118
S235Q,0.0231830467300693
S235R,0.802227994731665
S235V,-0.88906654414325
S235W,-0.387734679158997
S235Y,-1.09451738218836
G236C,0.758009191815921
G236D,-0.0407880514799522
G236E,1.21488901449512
G236F,-0.614394289653903
G236H,-1.15657946006052
G236K,0.181039943784183
G236N,-0.914456305154032
G236P,0.580532924439771
G236Q,0.826097330765367
G236T,-0.098189938977712
G236W,-0.262591190103217
K237D,-1.26347090063783
K237F,0.131280514551355
K237G,1.59373344505949
K237H,0.843690635792112
K237N,1.09391880094741
K237P,-0.886054247495759
K237S,-0.691195670862227
K237V,-0.503977762676298
K237W,0.886780479588415
K237Y,-0.829020786450573
G238A,1.87001094150214
G238C,-0.731958303601667
G238E,1.12929570113982
G238H,1.57118112438284
G238I,-0.602989108159541
G238K,-0.381166572938818
G238L,-0.703833611454068
G238M,4.08537699782484
G238N,-1.16314857021734
G238P,0.104709852046573
G238Q,1.38415661023982
G238R,-0.216384087580128
G238S,-0.204821098079252
G238T,-0.966074045203294
G238V,0.471107599173951
G238W,-0.513807763748634
Q239D,-0.954125394498017
Q239G,3.22001004355145
Q239H,-0.621881345673416
Q239I,2.5972420337644
Q239K,0.520186913100846
Q239N,-0.616101121033361
Q239W,0.360764109706161
Q240A,-0.743556595039036
Q240C,-0.369928642896023
Q240D,-0.673275892712371
Q240E,-0.413952344908621
Q240F,1.05056665184678
Q240G,0.640748533523901
Q240K,2.5062387349008
Q240L,-0.48218421624242
Q240M,-0.0232620213926575
Q240R,0.800698625655157
Q240T,0.428063773334063
Q240V,-0.550160812557391
Q240Y,0.44565422226617
Q241C,-0.276429301043706
Q241E,-0.827332367142481
Q241F,-0.711424306859479
Q241G,-1.0692479891655
Q241H,-0.449910290128272
Q241I,-0.393269666278852
Q241L,-0.449578817181403
Q241N,-0.575189507640358
Q241P,0.86080896162727
Q241R,0.110461617524019
Q241T,0.94623221955035
Q241V,2.21355659648367
Q241W,0.409286441476529
Q242C,-0.334893947687736
Q242D,-0.31488706926834
Q242E,-1.18135978040852
Q242F,-0.957113051282185
Q242G,-0.844252363634355
Q242H,1.61207913133089
Q242I,1.03871712925068
Q242K,-0.472714549087368
Q242L,-0.993803537877674
Q242M,0.00944401088003908
Q242N,-0.520911817512084
Q242R,-0.514478066612223
Q242S,-0.535391100936819
Q242T,0.864192797994152
Q242V,-0.048029182051083
Q242W,-0.331360328976274
G243A,2.3156629749976
G243D,0.252476521774114
G243E,0.30414554608036
G243H,-0.259634951722106
G243I,-1.14129679726635
G243K,-0.484626181464633
G243M,-0.82478433648635
G243P,-0.733392764318056
G243Q,-0.643980616654455
G243R,-0.822892850614351
G243V,-0.226725111008823
G243Y,-0.289876522665464
Q244C,0.258498966658849
Q244D,-0.294063730409335
Q244E,-0.984332913775279
Q244F,-0.851814199977219
Q244G,0.0591411607611504
Q244H,0.843655133245495
Q244I,-0.229996404029664
Q244K,-0.895427903221764
Q244L,-0.465001297340616
Q244M,0.197413308753733
Q244N,-0.044778345423682
Q244P,3.38828336278408
Q244T,0.83515927177325
Q244Y,4.12188225875657
T245A,-0.368817260469788
T245C,-0.276914691596907
T245D,2.5946419786409
T245E,1.62407938975805
T245F,-0.546120465138785
T245G,0.458137812541107
T245I,-0.814347439670126
T245K,-0.908027184994966
T245L,-0.821851278815158
T245M,-0.725831818993574
T245P,1.17677950879467
T245Q,-0.477578446997964
T245S,-0.728387168813865
T245V,4.01078160492133
T245Y,1.10516081696191
V246C,-0.819637886221808
V246D,-0.424299857211124
V246G,-1.03890039546621
V246H,2.2900903867876
V246I,-0.31647246319993
V246K,1.19458553606871
V246M,-0.865656977766313
V246P,-0.649980574145624
V246Q,-0.789971436628364
V246S,-0.312065614463094
V246T,-0.203807929668665
T247C,0.628089793727598
T247D,-0.885085320419878
T247E,0.233124332026759
T247F,-1.07086157983252
T247G,0.355116296974715
T247H,0.586014660303623
T247I,0.0275890474146984
T247K,-0.393851236803935
T247N,-0.0776357931210108
T247P,-0.957136485032282
T247R,3.61718167187077
T247V,-0.751822682300039
T247W,-0.460499059243232
K248A,1.97388689862304
K248D,-0.461473768696748
K248E,-0.618824923223484
K248F,-1.36258771185729
K248G,-0.7676010787328
K248H,-0.910799017722437
K248L,-0.622378143548452
K248N,-0.023220669505161
K248P,3.91383849910565
K248Q,-0.881082750678133
K248R,-0.225707610944786
K248T,0.140179023541827
K248W,4.4017915987654
K248Y,0.195814507737486
K249A,-0.19229815703189
K249C,-0.701476872962548
K249D,-0.765796878111782
K249E,0.755362873095776
K249F,-0.888151184888144
K249G,-0.585862626906366
K249H,-0.34975312654567
K249I,-0.840078505371994
K249L,0.398270322367126
K249M,-0.342284282860693
K249N,-0.250764838827579
K249P,-0.727761390389844
K249Q,-0.139052044765345
K249R,2.00929156249582
K249S,-0.974879051147803
K249T,-0.788888510820418
K249V,2.46577684545967
K249W,-0.471606151817402
K249Y,-0.886024074983766
S250A,-0.619483796901312
S250C,-0.694961670378171
S250D,-0.965096702667621
S250E,-0.552441263111319
S250H,1.77237550142911
S250I,-0.569187904566788
S250K,-0.70400199701145
S250L,-0.619184733640856
S250P,-0.207878522886871
S250R,0.87074838352112
S250V,-0.770895576473939
S250Y,-1.09107076209481
A251E,0.652337917202461
A251S,-0.680400927565326
E253W,-0.817128789400595
A254D,-0.686620426349458
A254E,-0.678299754395004
A254G,-0.540385518449787
A254L,2.51788162605288
A254P,-0.646865147038104
S255A,-1.09522978419018
S255E,-0.0219709562526781
S255G,6.08691797736745
S255Q,0.467916674972497
S255R,0.701688201582647
S255Y,-1.07599083071095
K256D,0.479214143352502
K256H,-0.278817341961517
K256N,-0.780628538309506
K256P,-0.45636511923685
K256Q,0.20837106554894
K256S,-0.302237383089977
K256V,-0.611206131796467
K256W,-0.746402029246133
K257E,-0.699221277935308
K257G,-0.844886717127796
K257H,-0.0194924822816559
K257I,-0.415671097078303
K257N,-0.459057489155131
K257P,1.19710262003706
K257R,-0.95891746666433
K257S,-0.146518996264617
K257T,0.422331460133022
K257V,-1.23551998204077
P258A,-0.531227623791207
P258E,1.07193084406153
P258F,-0.816333492526487
P258G,0.4998732967493
P258H,0.932753847137384
P258I,-0.377037717207351
P258K,0.218808452975626
P258N,-1.09807971943796
P258Q,-0.777078004355012
P258R,-0.759154136369296
P258V,0.617659125008768
P258Y,-0.769648701007275
R259D,-1.00811043885158
R259F,-0.663591259421806
R259G,-0.682140177483357
R259H,3.69355174208521
R259M,-0.7143923202836
R259N,-0.702011754492932
R259P,-0.871872811959573
R259Q,-0.489157980221823
R259S,-0.832109844786657
R259T,1.63412133131562
R259W,0.498788141802308
R259Y,1.76024750075843
Q260C,-0.6679855929721
Q260D,-0.537916402297835
Q260E,-0.386539008033564
Q260F,-0.886171208308404
Q260G,-1.31330818527407
Q260K,1.89900327442795
Q260L,-0.724775477848094
Q260M,2.47526386248683
Q260N,-0.578651006669704
Q260P,4.64588063248919
Q260R,4.57609933048111
Q260T,-0.984111906721124
Q260V,-0.995593321828441
Q260W,-0.462119076341758
K261A,-0.610324892177331
K261C,-0.880957893172565
K261D,-0.530045668091941
K261E,-0.880080213958471
K261F,-0.422208546597171
K261G,-0.320245807705991
K261H,-0.736837932069704
K261I,-0.614853093095557
K261L,-0.69074366337807
K261M,-0.793618838914898
K261N,-0.231656911637324
K261Q,0.779581763758917
K261R,-0.409318831609224
K261S,0.610497230662096
K261T,-0.857003789164205
K261V,-0.713322429419944
K261W,-0.906081851551925
K261Y,-0.921482325802674
R262A,-0.604246618928973
R262C,-0.846713634210965
R262D,0.628263098064572
R262E,-0.465578844894293
R262F,-0.676087908113468
R262I,-0.933316974764622
R262K,-0.224183416136449
R262L,-0.728342520460537
R262M,-1.10899212616977
R262N,-0.973120234168934
R262P,-0.750202892676926
R262Q,-0.757195581796652
R262S,-1.16203404989955
R262T,-0.444172377581039
R262W,-0.512991616596508
R262Y,-0.891526044559103
T263A,-0.155025529051311
T263C,0.266971047326248
T263D,-0.836725211345447
T263E,-0.35285923430796
T263F,0.174828201687152
T263H,-0.936092058974985
T263K,-0.328761025537294
T263N,0.583674194979209
T263S,0.481954109566252
T263V,6.96628798253786
T263W,0.308390992372258
T263Y,-0.683085532103491
A264C,-0.538216842321447
A264D,-0.787169585087842
A264E,-0.283571192095308
A264F,-0.896022066468361
A264G,0.36116922878426
A264K,-1.1074436327504
A264M,-1.19646603600986
A264R,-1.03023327332349
A264S,-0.810746404292268
A264T,-0.105528718744925
A264V,-0.655951223495739
A264W,-0.11215849959819
A264Y,-0.815723168179936
T265C,-0.705309840274948
T265D,2.9038467350463
T265G,-0.826081719237378
T265I,0.669296188048612
T265K,-0.93858679719663
T265L,2.68622158275104
T265M,-0.905939254493809
T265N,-0.639169029749104
T265Q,-0.601645504999089
T265S,-0.480956621902798
T265W,-0.391883618345085
T265Y,-0.657813739458233
K266A,-0.457634711462649
K266C,1.71383256520253
K266F,1.2224180248881
K266G,-0.573819721155678
K266H,4.58264589436408
K266I,0.970012090227887
K266L,-1.26777912365379
K266N,-0.860715604611415
K266P,-0.841383900416412
K266Q,-0.757313792734748
K266S,1.3778591979402
K266V,1.25619930171287
K266W,-0.790659871820489
K266Y,-0.557235212101673
A267E,-0.633030125982267
A267F,-0.98970780294251
A267G,-0.970249338578798
A267I,-1.1390600838316
A267K,0.0181704239155949
A267L,-0.862086607287827
A267M,-0.283639073026318
A267P,-0.874933342801726
A267Q,0.126326052974115
A267R,-0.218113051443776
A267S,0.704926601689418
A267T,0.500846742702837
A267V,-0.109124961352807
A267W,-0.765871463017847
A267Y,-0.597028521121583
Y268E,-0.604124076234973
Y268F,0.593514502306223
Y268H,0.0602898977959355
Y268I,-0.206416945281446
Y268K,0.197413308753733
Y268L,-1.13873730782492
Y268M,-0.343562148666354
Y268N,-0.945341701134705
Y268Q,-1.1211176332738
Y268R,-1.02828935491571
Y268V,-0.891531390517887
N269A,1.4715225729422
N269D,-0.266322164096223
N269F,0.68877047361129
N269G,-0.80883457489841
N269I,0.0136829961487934
N269S,-0.973349167137889
N269T,-0.950957852593146
N269W,-0.649980574145624
N269Y,-1.03350681024343
V270D,-0.774651308407104
V270E,-0.902021594999024
V270F,4.03734411751398
V270G,-0.0269296314533296
V270H,0.160330241618607
V270M,-0.423850100615941
V270R,1.66951403370604
V270W,-0.991811414817961
T271C,-0.845914846577312
T271D,-0.296762836014192
T271F,-0.600047917947106
T271H,0.498393050516888
T271I,2.64045918118602
T271K,-0.927166376350777
T271R,-0.938764789332959
T271V,-0.167907337407296
T271W,-0.639739882269196
T271Y,-0.690694335901341
Q272C,-0.0613868838711317
Q272D,-0.970084165854647
Q272E,-0.488679199476483
Q272L,-1.26857375770408
Q272M,1.31649336400078
Q272P,-0.88923710644773
Q272R,0.661663293200309
Q272S,-0.881879156266152
Q272W,-0.0590298810720747
Q272Y,0.907479371382736
A273C,-0.457159156567466
A273D,-0.660719166876533
A273E,0.737005035412295
A273G,-0.576824024259771
A273N,1.75319388240113
A273T,-0.967904560371123
A273W,0.164015299798281
A273Y,0.534010682935028
F274A,-0.559766188837311
F274D,-0.33684424669601
F274E,-1.00362892581801
F274K,4.82528701216509
F274M,0.184780084971274
F274N,-0.541971125187723
F274P,1.44699802825528
F274Q,-1.0093396672777
F274R,4.0010343513573
F274V,2.08512701099037
F274W,-0.290672049595906
F274Y,-0.455633003574826
G275A,-0.697578133473207
G275C,0.475111868157522
G275E,-0.926624357343839
G275F,-0.196856508185158
G275H,-1.10995346885701
G275K,0.0681104299187491
G275L,-1.234401773502
G275M,-0.126100684959661
G275N,-0.975959007382311
G275S,0.342331149303465
G275T,-0.432395934935632
G275W,0.43124205334225
G275Y,-0.304298051251563
R276A,-0.783762195869696
R276C,-0.0725264826189643
R276D,-1.13627173930957
R276E,6.00269631005018
R276G,0.365176674916886
R276H,2.59410134730987
R276I,0.963768717601676
R276K,-1.03455365695768
R276L,-1.39784923856091
R276M,5.40064129176656
R276T,-1.09609686041843
R276V,-0.271644784637137
R276Y,-0.838742758241454
R277C,0.912651760310026
R277E,0.0898084892641757
R277F,2.30554554705481
R277L,-0.373427455919078
R277M,6.18951368026133
R277T,-0.540605377749216
R277Y,-1.02456333599023
G278H,-1.01208019597207
G278K,-0.866755133771525
G278M,1.24956324693362
G278P,-0.940665048440835
G278Q,1.67564343447862
G278S,-0.455492743245237
G278V,-0.300097668284821
G278W,-0.818012227323487
G278Y,5.44625278805061
P279C,-0.0576120388229066
P279E,1.43313941811187
P279F,-0.0675551305865285
P279G,0.176644348868643
P279H,-0.791155878457511
P279L,-0.673738925328102
P279M,-0.704829086794541
P279N,-0.543401197664669
P279S,0.1752302040314
P279V,0.418530937992003
P279W,-0.321940179298494
P279Y,-0.819132169582233
E280D,-1.10722771832065
E280F,0.243281567705473
E280I,-0.321254472624857
E280K,-0.613515775362879
E280M,0.632178979478412
E280Q,-0.128723036471327
E280R,0.498776909059578
E280S,-1.30964369548343
E280T,-0.544460043917385
E280V,-0.863484667465465
E280W,-0.738775543568735
E280Y,3.03721894707931
Q281A,1.21787030454936
Q281C,0.0204159442837105
Q281D,0.211864694767027
Q281F,0.973899093353664
Q281G,-0.227266782183204
Q281H,-0.8937707082085
Q281I,1.2883027518193
Q281K,-0.609608152843351
Q281M,1.91955925239779
Q281N,4.67060008413676
Q281P,-0.774400217223561
Q281R,-0.518133465705644
Q281S,-0.288709035748369
Q281T,0.346784680574232
Q281W,1.52833414598468
T282C,-0.406912898202818
T282D,0.109936169711265
T282E,-0.24260425196234
T282F,-0.961153804839127
T282G,-0.0935321185954441
T282H,-1.05156233322715
T282L,-0.17021442300361
T282M,-0.548698308636511
T282N,-0.205597625816354
T282P,1.15982878879926
T282Q,-0.193081841821785
T282R,-0.933069685070711
T282S,-0.927563786676548
T282V,-0.238528495349079
T282W,1.54710258278146
T282Y,8.150149923309
Q283C,-0.938147602542186
Q283E,1.52167424995445
Q283F,-0.52793589187226
Q283H,-0.877515923700715
Q283I,3.69254405046403
Q283K,-0.735478525531709
Q283L,-0.47338747700515
Q283N,-0.958400703584124
Q283R,-0.827271919685023
Q283T,1.84417732275428
Q283V,-0.70830027010599
Q283W,1.44041066336911
G284E,-0.948676477217796
G284F,3.08044564250038
G284P,1.38751262846057
G284Q,-0.577362634680897
G284R,3.51969053404132
N285A,2.92808983095504
N285D,-0.29833574515316
N285E,-0.642166244002263
N285F,-0.571088259063422
N285H,-0.894429528486738
N285K,-0.219916690821096
N285P,0.334573653094919
N285Q,0.07644503097119
N285S,9.79765496013873
N285T,4.17278969257185
N285Y,-0.264184921951676
F286C,-1.05068083027864
F286D,-1.03010611861594
F286E,2.6050074844647
F286G,-0.697335761437571
F286H,0.603791569910079
F286I,-0.879748631417356
F286L,-0.016977092306542
F286N,-1.19037392127587
F286P,0.125672730266788
F286R,-1.11486940715822
F286S,-0.810094617526453
F286V,-0.603594958851035
F286Y,-0.0155139457368817
G287A,4.56217373691124
G287D,0.893664541611138
G287F,-0.793475689416807
G287I,0.672981663644077
G287L,0.298559762759505
G287R,-1.25746737646188
G287V,-0.516919148238169
D288C,-1.15588617497151
D288E,-0.628241411173055
D288H,2.48669608029203
D288L,0.490163392257014
D288N,-0.313644452979231
D288R,2.98332264728717
D288W,-1.02125967949816
Q289A,0.785247822886952
Q289C,0.939486722745747
Q289D,1.89738068840954
Q289E,1.90915591110076
Q289F,-0.216632530645932
Q289G,9.79765496013873
Q289I,0.282236344164907
Q289K,-0.258041628641251
Q289N,2.3944409396028
Q289R,0.277988305459068
Q289S,-0.251158637091982
Q289V,-0.0620100875215505
Q289W,-0.0844134507317977
Q289Y,-0.210950560076029
E290A,-0.765542868814228
E290F,0.985643593055643
E290H,-0.781709645943528
E290I,-0.917344726083811
E290L,-0.897382212616711
E290M,-0.910547165548529
E290P,9.79765496013873
E290Q,-0.808660783752073
E290R,-0.0950347780094335
E290S,9.79765496013873
E290T,-0.25878833978163
E290V,-0.69643253780639
E290W,3.16964112595562
E290Y,-0.63687546973327
L291A,3.25676181811482
L291C,1.49179945393867
L291D,-0.468651492776441
L291H,-1.02796831120773
L291I,0.945000694116834
L291K,-0.718922520804829
L291M,-0.394595718369568
L291N,0.883636675919038
L291P,-0.0244762156231062
L291R,1.45474409392228
L291S,-1.17453201569159
L291T,0.374617695504335
L291V,9.79765496013873
L291W,-0.693585675902004
L291Y,-0.408516978059431
I292A,-0.641997390059913
I292C,-0.479082159700234
I292E,3.46137934741884
I292F,2.81194889694019
I292K,6.23072159238127
I292M,-0.428803859483917
I292P,3.10930051307146
I292Q,-0.459057489155131
I292R,-0.830479522155427
I292V,-0.761023047744824
I292Y,1.71864885310827
R293A,-0.518983819553906
R293D,-0.587325692361241
R293H,0.0342474638731736
R293I,-0.528435009173612
R293K,-0.574476226408665
R293M,-0.780388847384782
R293N,0.201375276413286
R293Q,-0.641063866227015
R293S,-1.37843238985316
R293T,1.5621556857168
R293V,-0.665427389589576
R293W,-0.266902164079529
Q294A,-0.681360440712314
Q294D,-0.333170206040404
Q294E,-1.12276574560507
Q294F,-0.548583756481023
Q294G,-0.760997053211902
Q294H,-0.807262666033805
Q294I,1.13646587946744
Q294K,-0.177427253639305
Q294N,-1.27478320833957
Q294R,-0.411061342475669
Q294S,0.52844171144754
Q294V,-0.726265333367409
Q294Y,-0.502141979817212
G295C,0.182491477644925
G295D,2.70523452879745
G295H,-0.871038548199255
G295L,-0.616766595764093
G295N,0.580300187988893
G295Q,2.00872841358371
G295R,0.136682580902944
T296A,0.931333804711968
T296C,-1.07681237771253
T296E,-0.919050491107535
T296F,4.5455456413283
T296G,0.230432003065515
T296M,0.100049471128486
T296N,-0.830824082306969
T296P,1.63790761302519
T296Q,0.475368916909064
T296R,-0.110276200319753
T296S,0.491188899570742
T296W,-0.0780061414827704
T296Y,-0.397855636409833
D297A,-0.497341579040453
D297E,-1.21418621118437
D297G,-0.225091816927504
D297H,-0.803562725954488
D297I,1.50354834708293
D297L,-1.28647363047166
D297M,0.168538631833283
D297N,-0.34289174915556
D297P,-0.797914025870552
D297Q,-0.722954008456321
D297R,-1.14683867134537
D297S,-0.291864337796524
D297T,-0.430683412191968
D297V,-0.308355747337774
D297W,-0.885721737215791
D297Y,-0.388927168922738
Y298A,-0.902425900795758
Y298D,-1.08758730606567
Y298E,-0.649373707010724
Y298F,0.335803069235797
Y298G,1.8622163739017
Y298H,-0.39923910750931
Y298K,-0.916804151544525
Y298L,9.79765496013873
Y298S,2.59344540828875
Y298T,2.89618942628375
Y298W,-0.663148005925381
K299A,-0.509627797154834
K299C,-0.281541440195249
K299D,-0.289551027276463
K299E,-0.850730967338437
K299F,-0.82292363620072
K299G,-0.732614781017635
K299H,-0.493441535047798
K299I,-0.576002915091724
K299M,1.29791472973145
K299N,0.414876827163321
K299Q,-0.561147978323375
K299R,0.712168678324029
K299S,-0.416609884738612
K299T,-0.611827269588043
K299V,-0.483044533362733
K299W,-0.676688066378017
K299Y,-0.82197295732454
H300A,-0.35065577251519
H300D,-0.153772157266362
H300E,-0.716242104246099
H300F,-0.955562347425209
H300G,-0.537999886022439
H300I,-0.136424515328981
H300K,1.57939343403609
H300L,0.41817419969026
H300M,-0.828963433704721
H300N,-1.05296791896642
H300P,0.221604736733522
H300Q,-0.34364399820011
H300R,-0.378486018143131
H300S,-0.654078914663494
H300T,-1.00243903173986
H300V,-0.837996178564054
H300W,-0.108434035778565
H300Y,-0.255734532834966
W301E,-0.445055001167986
W301F,0.717669586989605
W301G,2.49432828527341
W301L,1.18365883162757
W301N,-0.204429520722588
W301P,0.689786726150356
W301Q,-0.216124227464261
W301Y,-0.0432523342376298
P302A,-0.154291308083374
P302C,-0.659203825510852
P302D,-0.52521445036592
P302E,-0.654354858945407
P302F,-0.782491006125345
P302G,-0.68121267690466
P302H,-0.663610186267778
P302I,-0.752061746947671
P302K,-1.05340158734395
P302L,-0.720462683479188
P302M,-0.674612169897853
P302N,-0.510257959170337
P302Q,-0.357544674479368
P302R,-0.779842363932557
P302S,3.39852677304059
P302T,-0.626724226019176
P302V,1.0111128602667
P302W,-0.493032304110391
P302Y,-0.73708325384308
Q303A,-0.218790720294587
Q303D,-0.74832137019563
Q303E,-0.805860033970974
Q303F,-0.122127008064115
Q303G,-0.1768267267197
Q303H,-0.681275650030126
Q303I,-0.534361711003431
Q303K,-0.524568036948713
Q303L,0.0745625492613674
Q303M,-0.70126961809097
Q303N,-0.604687547510273
Q303R,-0.319786678549667
Q303S,-0.682892629966649
Q303T,2.17222320374207
Q303V,-0.897946115504411
Q303W,-0.784193816267372
Q303Y,-0.87717166057018
I304D,0.358188287019032
I304E,-0.742976712032586
I304F,0.492318206471121
I304G,3.45408267314638
I304K,-0.328336240546047
I304L,-0.186395130514725
I304M,-0.745839496278349
I304N,-1.09797268494573
I304P,-0.757393463959259
I304R,1.99051617063999
I304T,-1.09502453393374
I304Y,0.741492494514029
A305C,-0.788166643470228
A305D,-0.733073849491683
A305E,0.724586882626504
A305F,-0.776915116993653
A305H,-0.930626194959333
A305K,-0.868297768392134
A305L,-0.825744170468723
A305M,-0.75030869563719
A305N,-0.601634170197265
A305P,0.0803140749561225
A305Q,-0.359248030475304
A305R,-0.604974853766538
A305S,-0.668334169966622
A305T,-0.839878712382647
A305V,-0.643668098704528
A305W,-1.05330904268223
A305Y,-0.867490702625286
Q306A,-0.299934200438107
Q306C,-0.662699410187219
Q306D,-0.742666471009512
Q306E,-0.431833097603534
Q306H,-0.559697983268699
Q306I,-0.641027122091988
Q306K,-0.337127021905776
Q306L,2.67181005947141
Q306N,-0.856058180792927
Q306P,0.136317966618953
Q306R,-0.722305548318202
Q306S,-0.158496058923219
Q306T,-0.415050833852655
Q306V,-0.34043281895061
Q306W,-0.328219460479444
F307D,0.939760132603538
F307E,0.978758786909936
F307K,-0.000807524500428749
F307L,1.94483996156165
F307M,-0.313859262061266
F307N,-0.981943384425674
F307P,0.148235544401161
F307R,-0.518019918458627
F307V,-0.70261384553559
F307W,0.53292724367163
A308G,0.166967643446858
A308I,-0.758911713936186
A308K,3.12112116621603
A308L,-0.758839048970362
A308P,0.463925142958618
A308Q,-0.540144537445908
A308V,-1.144459191205
A308W,-0.869300654856841
P309D,1.04655947849868
P309F,1.92940925838962
P309G,-0.483901240075579
P309K,-0.93745347821459
P309L,-0.586828969461036
P309M,-1.37036000403554
P309N,0.739963067230304
P309R,1.11465111010329
P309T,0.434076064731893
P309W,-1.00831722333279
S310A,5.88325723632342
S310E,-0.727032553140548
S310G,-0.718795236112036
S310H,1.58231922553744
S310I,-0.943412831158717
S310K,2.08480097013739
S310L,3.8063593371835
S310N,2.97971607560447
S310T,-0.606972130679732
S310V,-0.219714988470509
S310W,4.66448479159959
A311D,-0.865357870658153
A311E,-0.309174962769113
A311F,-0.389417776707787
A311H,-0.90949373299086
A311I,-0.678676879666309
A311K,-0.652085355735079
A311L,-0.771257346694725
A311M,-0.276957806598305
A311Q,-0.176032729437523
A311R,-0.72284267162292
A311S,-0.662111014857439
A311T,0.225859766378074
A311V,-0.733037076700326
A311Y,-0.138858473718978
S312C,-0.977779873444463
S312G,-0.81443872192794
S312L,-1.02015893825831
S312M,-0.682544765858421
S312P,1.00954990711185
A313K,-0.340784446482421
A313L,-0.809954037471075
A313N,-0.779726603381731
A313Q,-0.670374437819925
A313T,-0.49625471372148
A313W,3.05169742194903
F314A,-0.335739809651528
F314D,-1.17833547977403
F314E,0.343607497932034
F314H,-0.447142407466082
F314K,-0.682057079169731
F314P,4.35279851818092
F314Q,0.71539228580529
F314S,-0.305993457437941
F315C,-1.11742326352232
F315D,-0.424228961130813
F315M,-0.918225316530856
F315Q,2.92808983095504
F315R,-0.420373929662149
F315S,3.96223715051289
F315T,-0.929602198160603
F315W,-0.444186343182165
G316A,-0.606713501496571
G316F,2.12314452310508
G316H,0.0372143486562737
G316I,-0.603443610833958
G316L,-1.15485963375974
G316M,0.364544151236203
G316N,-0.384206457258801
G316R,-0.970516742523663
G316S,0.0537614624139093
G316V,-0.508731214022429
M317F,-0.268892112846446
M317G,0.407994611213017
M317L,0.684715127594786
M317P,1.34188953287989
M317Q,-0.812510136722693
M317R,6.03867110429483
M317T,-0.029303193969835
M317V,-0.432873243154015
S318C,-0.068635426179276
S318F,-0.400116405569181
S318K,-0.62391429803073
S318M,2.19885507689319
S318R,-0.809055075101207
S318T,3.08520832087614
S318V,-0.480226532820846
S318Y,2.36834249816112
R319A,-0.373096559830081
R319E,-0.669484977906176
R319G,-0.838565227795378
R319H,2.89618942628375
R319K,-0.752256076866315
R319M,0.562898847620453
R319N,-0.634637764268323
R319Q,-1.10646750065367
R319V,1.72298669727406
I320A,-0.681320874988021
I320C,-0.395464390904211
I320F,-0.407955051787082
I320L,0.79559642541918
I320M,4.68533101297947
I320N,-1.14379519305115
I320Q,2.91891891216229
I320S,-0.751313913496226
I320V,-0.239844146586868
I320W,0.17794213728234
G321C,-0.482122941641682
G321D,9.79765496013873
G321E,-0.186341257853043
G321F,2.4053436130085
G321I,9.79765496013873
G321K,-0.160082759210642
G321L,-0.276726872603864
G321M,-0.72253372364888
G321N,-0.7535858147592
G321T,-0.252214145081158
G321V,-0.978574650256586
G321Y,3.70849611075927
M322C,1.01692679567597
M322E,-0.766332732182763
M322F,-0.900241408796347
M322H,2.74934366646329
M322I,-0.2835239038576
M322L,-0.512002937849794
M322P,-0.460351480968236
M322Q,-1.0132888739971
M322R,2.61636384768409
M322W,0.266901823532639
E323A,-0.577173905693035
E323D,5.72844974350499
E323G,-0.571108297151863
E323I,-0.356451638398929
E323M,-0.622386294402233
E323N,2.79001224891554
E323Q,-0.109624694615427
E323S,-0.637473582260768
E323T,-0.844590740747151
E323W,-0.704076441372267
E323Y,0.0187350148194025
V324A,2.11784604359167
V324C,-0.938666024381007
V324D,0.392985824654786
V324E,-0.762634047418757
V324F,-0.808208318387475
V324G,0.0077528554925159
V324I,0.462928255306475
V324L,-0.346828302382686
V324M,-0.738148844320358
V324N,-0.443666364296384
V324Q,-1.00969846057697
V324S,0.774036003071651
V324T,-0.820302811398974
V324Y,0.00141415884943914
T325A,-0.518043299045211
T325C,6.65453715494612
T325D,-0.879450777854182
T325E,0.0757848873316781
T325F,9.79765496013873
T325I,2.76046486144577
T325K,-0.0963840451573117
T325L,-0.597249095053251
T325M,0.165018879186461
T325N,-0.312614907874685
T325P,0.142963006824066
T325Q,0.657118255343593
T325R,2.77070675418231
T325V,-0.22933680319791
T325W,0.319173722216295
T325Y,-1.11243377846887
P326A,-0.455003056606248
P326C,2.87924632243381
P326D,-0.776201942717214
P326E,-0.385452811505141
P326F,-0.866158777465686
P326G,-0.276726872603865
P326H,-1.08536619656788
P326K,-0.325808454338399
P326L,-0.781288874986185
P326N,1.68194492022077
P326Q,-0.710258246047014
P326R,1.06306055408566
P326S,-0.700554856352979
P326V,-0.482990896081471
P326W,0.0982189127836188
P326Y,-1.09660076501585
S327A,-0.308923611780528
S327D,2.66093014807562
S327E,-0.86653940369227
S327F,-1.26154381844381
S327G,-0.253852615204452
S327H,-0.863454431099205
S327I,-1.03457539350863
S327K,0.080227772511194
S327L,-0.752303187793048
S327N,4.1534579535546
S327T,0.0466528182774914
S327W,-0.728930682676617
S327Y,-0.776245112244801
G328A,0.0740598660562985
G328C,-0.819414746663113
G328D,-0.626380571478569
G328E,-0.821665486751489
G328H,-1.05318666602281
G328I,-1.11611359989894
G328L,0.701048077237509
G328M,1.23954329799811
G328N,-0.548115286324861
G328S,2.72193801864985
G328T,0.112568570809543
G328V,-0.760253540018179
G328Y,-0.375790039552153
T329F,-0.908263921710028
T329G,-0.682235158118989
T329H,1.12836320440633
T329I,-0.319736496518359
T329K,2.62111119412802
T329L,-0.458616559957443
T329M,-0.297086584441456
T329N,-1.3539056282756
T329P,-0.418821951657446
T329Q,0.0309435746278494
T329V,0.244483423318932
T329Y,-1.19500780602907
W330A,2.53894968614355
W330C,-0.50712820390009
W330F,-1.14986554904127
W330G,4.0467630364095
W330H,-0.611964196428884
W330K,-0.983207819548451
W330L,-1.04238433588619
W330M,-0.838742758241454
W330Q,2.63802716432475
W330R,0.237872818570196
W330T,-0.946046517866881
W330Y,-0.320841478130369
L331A,0.0485186172565661
L331D,-1.26809574414381
L331G,-0.240965559246819
L331H,0.908946915804316
L331I,-0.856206601458448
L331K,-0.747280267762785
L331M,-0.644486812137442
L331P,-0.736606362066928
L331Q,-0.172302128608612
L331R,6.46671065860144
L331T,-1.14888970219079
L331V,-0.652845641648141
T332C,-0.65490658880049
T332E,0.117585460503874
T332F,-0.722726183954987
T332G,-0.854386508125618
T332H,-0.738609647723006
T332I,-0.362743789285891
T332K,-0.309804251901641
T332L,1.13703204853331
T332M,-0.479825909084878
T332N,0.787421499498331
T332P,-1.12601957943863
T332Q,-0.80442958363792
T332R,-0.429317556386865
T332S,-1.06238394533064
T332V,-0.253826909967707
T332W,-0.923639778316865
T332Y,-0.308888945742803
Y333D,0.0530564259806094
Y333E,-0.840461700252445
Y333F,-0.782156302138198
Y333G,0.965407106868622
Y333H,-1.16499032886876
Y333K,2.77789696267721
Y333L,-0.88055604862273
Y333M,-0.869035373036393
Y333Q,0.376671033187575
Y333R,-0.9151602400169
Y333S,2.23745660780854
Y333T,-0.604929142431813
Y333V,-0.806600842666783
T334D,0.817294245404013
T334E,-0.00468148217398124
T334F,0.904394402825791
T334G,3.56315506217137
T334H,-0.743556595039036
T334K,-1.03132583342714
T334L,-0.45159113699242
T334M,-0.455741573661506
T334Q,0.182021451863818
T334S,4.56256124455347
T334V,-0.199930874308164
T334W,1.24063072072113
G335C,0.280975525055494
G335H,-0.399116712735694
G335I,-1.21718101455387
G335K,-0.552883695017674
G335R,-0.517689134171344
G335T,-0.274834242672762
G335V,-0.581832993567228
G335W,-1.18855468098522
A336C,-0.396439136096457
A336D,-0.848962913926895
A336F,-0.60113825854705
A336G,-0.625379679692901
A336H,-0.195581962593738
A336I,-0.203505486596378
A336K,-0.614285766860463
A336L,0.382000267174588
A336M,4.49816484828004
A336P,-0.976379123381969
A336Q,-0.87922792932401
A336R,-1.20813486004254
A336S,-0.990012129431637
A336V,-0.279485901420982
A336W,0.260888998272357
A336Y,-0.95358900244285
I337D,-0.708125400425179
I337E,-0.938749538503372
I337F,-0.199004574909629
I337H,-0.743556595039036
I337K,-0.173163134804338
I337L,6.87953519245932
I337M,-0.644717839287438
I337P,-0.623351602280572
I337R,4.64974888107534
I337V,0.0708530071602877
I337W,0.213325175981004
K338A,1.46461587599484
K338C,0.144700760829257
K338D,-0.540347608215626
K338E,-0.850004358506111
K338G,0.423740096591533
K338I,-0.889158103012083
K338L,0.132239627835812
K338M,-0.873495883042603
K338N,-0.5349695126681
K338R,0.702329730615057
K338T,0.514766991857242
K338W,-0.905392860605949
L339C,4.10362656234208
L339D,1.27298303510193
L339E,-0.72876100841705
L339F,-0.505771146111097
L339G,4.35269345133736
L339I,-0.921996307024403
L339M,1.25435732692386
L339N,-0.620649535767809
L339Q,-0.805203213232706
L339R,5.19664508208278
L339S,-0.460474467220315
L339T,-0.115313143709241
L339V,-0.617623336111366
L339Y,3.27942849810776
D340A,-1.21760865830587
D340E,-0.0469372462964818
D340F,0.259559999165265
D340I,-0.393530090815573
D340K,-1.19804921079676
D340N,-0.025860203088615
D340P,0.0616237438544296
D340Q,1.10409885251107
D340Y,1.98903707588154
D341C,0.902683746451496
D341E,-0.832216178040611
D341F,-0.657485790418991
D341G,0.25615636088835
D341H,-0.513130136415457
D341K,-0.490778220750865
D341N,0.0711319673164934
D341R,3.12186109070721
D341S,-0.556108433358026
D341T,-0.949193260443698
D341V,-0.574765664411928
D341Y,-0.739858161464116
K342C,-0.640816651954402
K342D,-0.648115404287881
K342E,-0.660916351397781
K342G,1.45403003392705
K342I,-0.820356940867349
K342M,-0.63755922425585
K342P,1.98471535938145
K342S,2.5972420337644
K342T,0.788371734730237
K342V,-0.624346869245528
K342W,-0.279354570095996
K342Y,0.540944411748612
D343E,-0.179125576631406
D343G,-0.701689938367328
D343H,0.89455753465286
D343K,1.81178511850972
D343M,-0.576924143182748
D343N,1.07344767786017
D343P,-0.406325375804686
D343Q,0.621859812814151
D343S,0.922405156267907
D343T,1.73023200138637
D343W,0.923143906523332
D343Y,-1.01539824134587
P344C,-0.897665454723079
P344D,-0.830532206400524
P344E,-0.358753083809674
P344F,-0.716838723885268
P344G,0.700474928940246
P344H,-0.691648462281341
P344I,-0.766300573592564
P344K,-0.942208290913998
P344L,0.984133493207313
P344M,0.684591437503086
P344N,0.335555510689863
P344Q,-0.559187059680516
P344R,1.41931878842989
P344S,0.0111952221265978
P344T,-0.245482867231582
N345A,-1.11115499757391
N345D,-0.643715373611972
N345E,-0.794170620802127
N345G,-1.16976649745101
N345I,-0.136424515328981
N345Q,0.316978949334807
N345S,-0.328743273739835
N345T,-1.2397986910342
N345V,-0.864359674973696
N345W,-1.0502077167679
N345Y,0.601095983040846
F346A,-0.832954231658394
F346D,-0.875457969418942
F346E,2.25860359139833
F346H,-0.155751309780622
F346I,-0.689680413715769
F346P,9.79765496013873
F346Q,0.603891969990431
F346S,-1.02930316988822
F346T,-0.573991276282561
F346W,-0.906992961978114
K347A,-0.569319655830366
K347C,-0.598745982566963
K347D,-0.0645732048672099
K347E,0.505018668775432
K347G,-0.140600204888076
K347L,-1.04080509360073
K347M,0.776363242062089
K347N,-0.800864716157775
K347P,-1.14907828408074
K347Q,-0.226644156213871
K347S,-0.115987570655519
K347T,1.13490997372804
K347V,-0.275892892646549
K347Y,-0.655503763561751
D348C,-0.887607615056072
D348E,-1.30300704861455
D348G,-0.0241296088414115
D348H,1.09371624188189
D348I,0.995987366743044
D348L,-0.01119550002125
D348N,-0.520001341017725
D348P,0.66654437991924
D348R,-0.942369234684926
D348S,-0.444265936545717
D348W,-0.754740411497931
Q349A,-0.0361173699656476
Q349D,-0.292917244757803
Q349E,-1.0123036191447
Q349F,-0.579375734831772
Q349G,-1.18961100854443
Q349H,-0.796599908901256
Q349I,0.00245533995977885
Q349K,1.79824280664053
Q349L,-0.885427630886424
Q349N,1.03105398297424
Q349P,-0.754537758916778
Q349S,-0.617133194043187
Q349T,-0.611297382740652
Q349W,0.452989610724196
Q349Y,-0.563999255600632
V350A,0.0273539319817731
V350C,4.7722191873423
V350D,-0.825783674507745
V350E,-0.761215913747024
V350F,-0.0953538679229612
V350H,1.26626892887647
V350K,-0.863854274034298
V350L,-0.569826688129056
V350S,-0.84417703322356
V350T,-1.04859486408033
I351C,-0.928137326186237
I351D,-1.2207377662097
I351E,-0.336041331482529
I351F,0.740629551111211
I351G,-1.06693191121785
I351H,-0.362557097325628
I351K,-0.374833378682295
I351N,-0.697713681542827
I351P,-0.0876177310523542
I351Q,-0.720102824547736
I351R,3.3037956322536
I351S,-0.339519939320461
I351T,-0.383942049115804
I351V,4.58059676202514
I351Y,0.451756185701289
L352D,6.10530188420118
L352E,0.760270585593046
L352F,-0.608792368169858
L352G,-0.743556595039036
L352M,-0.40172957250468
L352P,-0.33476855323355
L352Q,-0.48131216673734
L352S,1.83934983584002
L352V,-0.739290566286809
L352W,-0.912587733398053
L353A,0.601565235568877
L353D,-0.562836379167653
L353E,-0.479724584226408
L353G,-0.251320178900229
L353H,-0.495885370074996
L353I,-0.32613752874823
L353M,-0.724156268012988
L353N,6.13503805688159
L353P,-0.799004981026543
L353R,-0.611091656403932
N354A,-0.730799114869978
N354C,-0.472059463164333
N354D,-0.627906654473171
N354E,1.37934259388042
N354F,-0.855322682913386
N354G,-0.759988466626192
N354H,-0.397618934061722
N354I,-0.416415322780515
N354L,0.665000066282108
N354M,-0.152512261784777
N354Q,-1.02229477920434
N354S,-0.195410526516883
N354T,-0.878431195507367
N354V,-0.608716168238624
N354W,-0.81427737779527
N354Y,-1.04336907368577
K355C,-0.478904253893935
K355D,-0.874054281599392
K355E,-0.822875149562407
K355F,-0.956057166341744
K355G,2.20476597512375
K355H,-0.53720772408694
K355I,-1.14101495166906
K355L,-0.0128568089162665
K355M,-1.07051677435411
K355N,-1.08890360440362
K355Q,3.02078563007196
K355R,0.504816308756795
K355S,0.460993728115162
K355T,-0.624437119786164
K355V,-0.752095448854313
H356C,2.11764545895703
H356G,-0.413287231671415
H356I,-0.860919204943184
H356K,0.529843866077554
H356M,-1.03972497763805
H356Q,-1.01682990894014
H356V,0.211655894852364
I357A,-0.959187573772207
I357C,0.248335414349636
I357F,3.5269698402708
I357H,-0.838899881479176
I357M,-0.656399494711947
I357P,9.79765496013873
I357Q,-0.827846255716873
I357R,0.658894791949091
I357S,-0.338149142010514
I357T,-0.725329815088004
I357V,-0.608475817696044
I357W,-0.994962279811246
D358K,-0.614615372334158
D358N,-1.20985575417704
D358W,0.982100617747881
D358Y,-0.611857535821984
A359F,-0.183168863471509
A359H,-0.547891026233423
A359N,-1.23941274347634
A359R,-1.12390956187591
A359W,0.723349417905098
Y360D,9.79765496013873
Y360L,-0.681286250298438
Y360N,-0.835417359053589
Y360P,2.09273543674265
Y360V,4.95179484252892
Y360W,-0.167960204978523
K361D,0.309281197891902
K361E,0.375438758272211
K361G,-0.907090514462695
K361I,-1.08186876690771
K361L,3.80942003004205
K361M,-0.424497003619761
K361N,-0.41757155525456
K361P,0.925141921925889
K361Q,0.0666444355809317
K361S,-0.996797452018562
K361V,9.07031377873195
K361W,-0.334705901902206
K361Y,-1.21603193698436
T362E,0.231798957809339
T362F,-0.392078245426845
T362G,2.06825006693629
T362K,-0.697909181711731
T362L,-1.27788634441607
T362P,1.82903445017887
T362Q,-0.847021671527464
T362R,-0.0322233108150582
T362V,-0.235922669594968
T362W,-1.29754454944888
F363C,0.134481519090332
F363D,4.08544388969135
F363E,1.93848409553662
F363G,0.0405695323166505
F363H,-0.565107371816722
F363I,-0.953986636924212
F363K,-1.23113546582769
F363L,1.82050125052126
F363M,-0.924386585575679
F363N,4.83674233689451
F363Q,-0.430080084954356
F363R,-0.29195831576061
F363S,-0.773391170360558
F363T,-0.857345827188062
F363V,-0.744934848666577
P364A,-0.963682798937415
P364C,0.496635945429495
P364D,2.67331476847154
P364E,-0.787913962241117
P364F,3.41524053444252
P364H,-0.746394792532865
P364I,0.313657798312317
P364K,-0.64288278750882
P364L,-0.68585249866363
P364M,0.848734183645313
P364N,-0.652537507639201
P364Q,-0.154294950630952
P364R,-0.800200424788252
P364T,0.213367716799716
P364V,0.0390431375554943
P364W,-0.107266283761168
P365A,-0.54042880054411
P365C,0.280567288931946
P365D,-0.336210081492922
P365E,-0.687240977591577
P365F,0.333837075888798
P365G,0.943219878362814
P365H,-0.32613752874823
P365I,1.85074638898547
P365K,0.453928581929843
P365M,1.61207913133089
P365N,-0.357354576717827
P365R,-0.269547547208777
P365T,0.439374558210657
P365V,3.89177742960498
P365W,3.81667991228549
T366C,0.696146889864893
T366G,1.41464869343956
T366I,-1.22064572403574
T366L,0.531931323604468
T366M,-0.33828168738863
T366N,0.64549369080624
T366P,-0.903455791548064
T366R,1.2479930435212
T366W,1.40113926183922
E367D,2.31651922214053
E367F,0.200228173024931
E367M,0.552586103037982
E367N,5.42371457212672
E367R,-0.216694883062791
E367V,-1.03162499065928
E367W,-1.16357611947924
E367Y,0.605173334790962
P368A,-0.303004571554671
P368C,-0.432937414031949
P368E,-0.130760145274067
P368G,-0.892115279998353
P368H,-0.308090791015615
P368K,-0.535499073547608
P368M,-0.497725007568008
P368T,0.317523579631319
K369A,-0.500602003078927
K369D,0.0719905129168571
K369E,-0.476740180510712
K369F,-0.427897102532625
K369H,-0.710319753070682
K369I,2.81194889694019
K369L,1.79445622440085
K369M,1.16362253190249
K369N,6.45191493781549
K369Q,0.997012527365503
K369T,-0.523928557650502
K369W,8.17692190076842
K370C,7.05370957445852
K370D,-0.136424515328981
K370F,-0.576383114958409
K370H,-0.381271856523193
K370I,-0.552987807257545
K370L,-0.634195876553602
K370P,-0.641837741568814
K370R,-1.10542032372673
K370S,-0.661153832297958
K370T,-0.770239151746877
K370W,-0.919928302159703
D371C,1.68644784634416
D371F,0.636186354808359
D371I,-0.663148005925381
D371K,0.00205496202704488
D371L,0.830458007776564
D371M,-0.523687148599274
D371P,-0.475467973274365
D371R,0.00710762998732778
D371S,0.200576801624753
D371T,0.250340616658976
D371V,-0.857102358355654
K372A,-0.368148891054267
K372D,7.06706177522861
K372E,1.62632916017181
K372F,0.198131404380365
K372H,-0.13947655166934
K372L,-0.271107402847027
K372M,-0.919800525870786
K372Q,0.126081862122247
K372R,-0.269352176306658
K372V,0.0899700087526336
K372W,8.4730868174237
K372Y,-0.624357125898708
K373A,2.23222437572217
K373E,-1.1921411192458
K373F,-0.682510509505379
K373H,-0.335256887318911
K373I,-0.861150624608279
K373L,-0.331996450660078
K373M,3.6182982781903
K373N,0.200688951726426
K373P,-0.344684904931631
K373S,1.23009338041001
K373T,5.65055180874308
K374A,-1.12048269209688
K374D,-0.634782374175694
K374F,0.411610205576458
K374L,9.79765496013873
K374M,5.15420800357457
K374N,-0.318762471519326
K374P,2.12365795386646
K374R,3.45556343036603
K374V,-0.767647195801539
K374W,-0.628275056893239
K374Y,-0.436696103559434
K375A,2.95293264231337
K375C,3.3229229867906
K375D,3.55153598673505
K375E,-1.16261709820876
K375F,-0.131912231877052
K375G,-0.342542740564464
K375I,9.79765496013873
K375N,2.00164517132605
K375R,0.57564790655792
K375T,9.79765496013873
K375V,0.26124390761718
A376C,1.2725553212106
A376D,0.871276689057914
A376F,-0.0960360953211667
A376K,-0.473865017638894
A376P,0.352772648783066
A376R,0.203669048225904
A376T,-0.029303193969835
A376V,0.0269486131007022
A376Y,0.36246651192037
D377A,-1.04664768447027
D377C,0.0698617572525393
D377E,-0.114892477986285
D377G,1.41986515362164
D377I,-0.154088778747411
D377L,0.947295608638087
D377M,-0.799316970333871
D377N,-0.71599987948501
D377P,1.78556733092666
D377S,0.00800021307707754
D377T,3.43757741077849
D377V,-0.66689347280485
E378D,1.24390080121878
E378G,0.0719881688653163
E378H,0.955387444255416
E378L,-0.409419109151755
E378M,-0.186975325655241
E378N,-0.68383784321126
E378P,-0.0274522794706742
E378R,-0.718314879386366
E378S,-0.783506328908702
E378W,0.652105126061466
E378Y,-0.0945523316556967
T379E,-0.403957898596836
T379F,1.7864041325562
T379K,-0.30306659718022
T379M,0.884582815341983
T379N,1.2960828887408
T379Q,2.23011662023628
T379S,2.11858734883314
T379V,0.962934175160166
T379W,-1.13472476884629
T379Y,-0.762782632510688
Q380A,0.865900292646802
Q380G,0.332793593976621
Q380I,-0.731333097589923
Q380R,-0.547269172518713
Q380Y,-0.170559150566273
A381D,-1.01048455145938
A381E,1.67088801679358
A381G,0.575330473057367
A381I,2.37753454383926
A381M,0.414007248222318
A381N,-0.405501252707993
A381Q,0.0807399925368513
A381S,0.146884534927102
A381V,-0.686459200583677
A381W,6.80680129204972
L382C,-0.207083389844459
L382K,0.0108851127501393
L382M,-0.785114538775704
L382N,-0.32788954007957
L382P,-0.622589239544498
L382S,0.0272135226129472
L382T,-0.632328387210387
L382Y,1.11929032838001
P383D,-0.585190736393853
P383E,-0.725892972680637
P383F,1.09720715723909
P383H,3.94198949526039
P383I,-0.730608220793643
P383N,-0.801386787553019
P383Q,-0.398732934530186
P383R,-0.455346104586874
P383S,-0.128856272152835
P383T,0.446764265845835
Q384C,0.601565235568877
Q384D,-0.99474968521545
Q384E,3.65721662077462
Q384G,2.6569542525123
Q384H,-0.664593378422549
Q384L,-0.898430509863749
Q384R,0.66970308267511
Q384S,3.50273432918569
Q384V,0.327259620493626
Q384Y,-0.755731043513382
R385A,1.48191309863582
R385D,0.493301883860817
R385E,1.87531382335823
R385G,-0.413528925710233
R385H,-0.631882621743864
R385I,1.74877764484546
R385M,-0.977739552614601
R385N,1.27047173074763
R385P,-0.26576319532074
R385Q,0.874909971310908
R385T,-0.767517256455351
R385Y,-0.849423761434765
Q386C,2.7067166153655
Q386D,-0.695365768988795
Q386F,-0.556750791692498
Q386K,-0.37866616217357
Q386L,-0.765442638751525
Q386M,0.853027953144059
Q386N,0.596187770951246
Q386P,-0.869173116688034
Q386T,-0.498211636730438
Q386V,-0.378337138077442
Q386W,-0.398064212136875
Q386Y,-0.744851099947671
K387A,-0.762875915574082
K387D,-0.225247939663967
K387F,0.800627011415763
K387I,-0.393551595388645
K387L,-0.160424825696007
K387M,-0.121458943817121
K387N,0.89869268074233
K387P,0.596825777246584
K387Q,1.59972404994164
K387R,-0.365803501996799
K387T,-0.817878205906914
K388A,-0.275044692706276
K388D,0.0294233132949137
K388E,1.09934763688434
K388F,4.69975050866785
K388G,0.517960831863179
K388I,0.183201053521696
K388M,-0.628081429038203
K388N,-0.0506327382306471
K388P,1.21955260448404
K388Q,3.32295320457987
K388W,-0.747173973340635
Q389C,-0.614609132013034
Q389D,-1.04965575967914
Q389E,-0.716587495432705
Q389G,2.73792135379183
Q389H,3.10799902169495
Q389I,-0.845807029658756
Q389P,0.640041631563139
Q389S,0.336768946341726
Q390C,-0.466020444471154
Q390D,-1.05489372487676
Q390E,-1.00169309637441
Q390F,-0.76629329904392
Q390G,-0.442808706350958
Q390H,-0.496652614798097
Q390I,-0.00790226085493782
Q390L,0.814379387686113
Q390M,0.107839515238338
Q390P,-0.544712113350316
Q390S,-0.524307554122365
Q390T,-0.615863234705863
Q390V,-0.177549647681618
Q390W,-0.509138713669208
Q390Y,-0.56584222508018
T391A,0.0459760176410253
T391C,-0.882291232532399
T391D,-0.0456105465889597
T391E,-0.0227091224606587
T391F,-0.795523975534296
T391K,-0.637171397622471
T391M,-0.339851005907831
T391P,2.04306939327989
T391S,1.84664732213562
T391V,-0.035809688373054
T391Y,1.96048223941015
V392C,-1.00974624536203
V392E,0.547813330109018
V392G,3.68688346447759
V392K,1.17711430646931
V392L,0.382983426958446
V392M,3.33748361348491
V392N,0.507090744658829
V392Q,-0.503274376117042
V392R,-0.452298665150508
V392S,-0.0252840154039406
V392W,3.95166420066397
V392Y,5.19937876669218
T393A,0.635621573569454
T393D,-0.466849566008284
T393F,2.0320202087827
T393G,2.71681592529264
T393H,-1.20253370139627
T393I,1.02666040687331
T393K,-0.501928547191193
T393L,2.16905808306297
T393M,1.57810890136254
T393N,-0.584777006105197
T393P,0.964639932834712
T393Q,-0.692286749353708
T393Y,-0.101752866412948
L394C,-0.940609922374781
L394F,0.181940452790988
L394K,-0.423526684872026
L394N,-0.329072818435159
L394P,-0.152702632109609
L394Q,2.15095569578876
L394R,-1.34848332051363
L394S,-0.927563786676548
L394T,0.842016016974271
L394V,0.0705969044851445
L395A,-1.23567869537211
L395C,-0.246528596534396
L395D,-0.0351389539289383
L395F,-1.05840732919427
L395G,-0.641899837633994
L395I,3.14613305874496
L395K,-0.632185315678931
L395M,-0.782437636747447
L395N,-0.891582384049855
L395R,-0.516970329573975
L395S,-0.151287957827683
L395T,1.30273421303476
L395W,-0.851359429669714
L395Y,0.210383781222655
P396C,-1.09157170972358
P396D,0.416631598412548
P396E,0.199144203364324
P396F,-0.786693370443234
P396G,-0.932525518231234
P396H,-0.246037764341817
P396R,2.65226980565306
P396V,-0.745336273375017
P396W,-1.29490541834799
P396Y,-0.700612799162553
A397C,0.0466670354600513
A397D,-0.764035129385387
A397E,2.7560045433032
A397F,-0.867961776157378
A397G,-1.14421873521203
A397H,-0.248412559046063
A397K,3.20142390742045
A397L,-1.10183232925125
A397N,-0.2525326584704
A397R,-0.421638777981916
A397T,-0.0213881592276365
A397V,6.41769292819101
A397W,0.573126977358473
A397Y,1.66311108850477
A398E,-0.470484040646768
A398I,-1.23391863625624
A398L,-0.618371647761735
A398Q,0.209330184891415
A398R,-0.202610666482068
A398S,-0.520685857334045
A398T,4.38584021520492
A398W,9.79765496013873
D399A,9.79765496013873
D399E,1.83154483008221
D399I,1.34280397286114
D399L,-0.314870127873588
D399N,-0.840442440340342
D399P,2.82971407090773
D399R,-0.719657685124953
D399V,-0.656041936635721
D399Y,-0.503487467381649
L400A,-0.601402849641479
L400C,-0.991426088453566
L400D,-0.540593741010104
L400E,-0.450860220101949
L400F,-0.393596082892536
L400G,-1.06427496904074
L400H,0.324025793476671
L400I,-0.834858286547011
L400Q,-0.690847221893223
L400R,-0.431974725907348
L400S,-0.322765405825308
L400V,-0.647602989276642
L400W,7.28250670825224
L400Y,-1.17165288676494
D401C,-0.390852288609518
D401E,-0.997332751996628
D401F,-0.0221881788960029
D401H,-0.175458792811173
D401K,1.79340257519238
D401N,2.17598040692453
D401Q,-0.663483213434879
D401S,0.529485199407437
D401V,-0.812157850049727
D401Y,-1.01096845801511
D402A,-1.37096354781743
D402E,0.445711876014335
D402F,-0.251158637091982
D402H,1.11183261662028
D402I,-0.674630679524791
D402K,-1.21901214836586
D402L,1.09243861592632
D402N,9.79765496013873
D402P,-0.635950860693537
D402Q,-0.102674053933079
D402R,-0.52377237219287
D402S,0.373007520352839
D402T,-0.204533224336743
D402V,-0.652102830258398
D402W,0.592834718277252
D402Y,-0.653158042701116
F403A,-0.897589655672275
F403C,-1.1941993775975
F403D,0.823021010982955
F403E,-0.768674063582624
F403G,-0.643920496353915
F403K,-0.271535031944283
F403L,-0.63274051406495
F403M,2.17614780407238
F403N,-0.694931882965962
F403P,-0.602797532498867
F403Q,-0.51604596603269
F403R,0.13917017313507
F403T,-1.00881399655735
F403V,-0.811402702125248
F403Y,-0.700693643240182
S404A,-0.700088800616605
S404E,1.72857158109182
S404F,-1.0502077167679
S404H,-0.29385044937177
S404I,3.51728388636122
S404K,0.531979772577581
S404M,-0.900953289129121
S404N,-0.783113512988058
S404Q,0.904645791442547
S404V,7.74209409613329
K405A,3.00081215095974
K405C,-0.190191752919969
K405D,-1.37361808324064
K405E,0.909520180135967
K405F,-0.99026451210116
K405G,-0.891394873752144
K405H,0.0491363307064048
K405I,-0.474673176340146
K405L,-0.806896236917818
K405M,0.287436410586909
K405N,0.831455299804658
K405P,4.37549337884716
K405R,1.06976859740528
K405S,-1.01718071470146
K405T,-0.111236411220462
K405V,-1.08484295239414
K405Y,-0.762775185869288
Q406C,-1.04503789654889
Q406D,1.05488092934095
Q406F,-0.26181992190039
Q406G,-1.1276884482554
Q406I,-0.9532448390293
Q406P,-0.904426653629028
Q406R,-0.636573273756484
Q406S,1.50235438475884
Q406Y,0.469838927298712
L407A,-0.18619370541969
L407C,-0.890710587203683
L407D,1.32468295993016
L407E,0.6939138127299
L407F,-0.715857803358318
L407G,5.57629322647239
L407H,-0.462086819620202
L407I,-0.99045716519712
L407K,0.642896730941728
L407M,-0.358143221249465
L407P,-0.441589735091915
L407Q,4.29763865782902
L407V,-0.205662330792063
L407W,-1.02191913592979
Q408C,6.26884678951075
Q408E,-0.534723572102748
Q408G,7.1753844526771
Q408I,-0.295098203485178
Q408K,0.470824381465974
Q408L,3.99083951613406
Q408N,4.13085001291265
Q408P,-0.371170714504712
Q408S,-0.499409148499529
Q408V,-0.427500881394594
Q409C,3.9060430845955
Q409D,-1.23801721004677
Q409E,-0.346178888554155
Q409F,3.1490915471588
Q409G,-0.620201952077388
Q409H,-0.295098203485178
Q409L,0.0289166484939182
Q409N,-0.708226543919899
Q409P,-0.640770701122674
Q409S,-0.24647532138063
Q409T,-0.823136339763187
Q409W,0.307865579967995
Q409Y,-0.735554858482919
S410A,-0.691581782627641
S410D,0.277075876132053
S410E,0.519777792754969
S410F,3.78779973337125
S410G,-0.459780068116898
S410H,1.19045804652896
S410I,-0.968433400489256
S410K,1.33567043621211
S410M,-0.511549230941915
S410N,1.53793753996489
S410P,3.07362318278089
S410Q,1.90025610223501
S410T,0.719712480494462
S410Y,6.55546168074639
M411D,0.165015736240019
M411G,-0.0814555332751342
M411H,0.113949365356769
M411K,-0.0855393468531842
M411P,2.10827351008946
M411Q,-0.434483182794891
M411R,-0.143726757862121
M411S,-1.03041066799536
M411V,-0.272830465663257
S412C,0.756929944441157
S412D,0.867533115515824
S412E,-0.295098203485178
S412G,1.74122930064812
S412K,-0.345174457742682
S412M,-1.33803154835721
S412N,-0.812452353173695
S412Q,0.647663380141521
S412T,2.53483403511803
S412W,6.46671065860144
S413A,-1.24227062613368
S413C,-0.479238010180663
S413D,-1.0386608965603
S413F,-0.910054123336745
S413G,9.79765496013873
S413I,0.356504355066345
S413L,-1.22844306418824
S413M,-0.776359399994118
S413N,-0.479026239448362
S413P,1.43675524124074
S413Q,-0.465156343891927
S413R,-0.500001484663883
S413Y,1.2883027518193
A414F,-0.545468332432763
A414I,-0.536508231018337
A414K,0.818952479737178
A414L,0.485125822187728
A414M,0.239988750280142
A414P,3.73967485306762
A414Q,-0.141860251902918
A414R,-0.612401801570882
A414V,1.58756143457111
A414Y,-0.814529243479355
D415A,-0.0225016250852299
D415C,-1.19876912771718
D415H,-0.311561934130385
D415I,1.881243779694
D415K,0.208491525388061
D415N,1.05488092934095
D415R,-0.817919451597245
D415T,-0.80985058057029
D415V,2.62640498952591
D415Y,-0.22687304963125
S416C,0.228973419179577
S416D,-0.917984782580339
S416E,1.95786029411045
S416G,-0.36535500051727
S416K,0.966902891789814
S416M,-0.73925781327964
S416N,-0.0405970007466407
S416P,0.527688993211704
S416Q,-0.868818442743176
S416R,8.54422788675589
S416T,-0.175328095637408
S416W,-0.124916338940311
S416Y,2.48143282052897
T417E,1.02507599590441
T417F,-1.23130135645587
T417G,-0.432826177163017
T417I,-0.184764796933664
T417K,-0.487997190012249
T417M,-0.144516022154228
T417N,-0.70759232445335
T417P,-0.277752115720828
T417R,-0.380330363179195
T417S,-0.853015766141006
T417W,1.51915770081429
Q418C,-1.26164034229494
Q418E,0.208777826646095
Q418F,0.671248945551005
Q418G,-0.37772171050412
Q418K,2.80999022419813
Q418M,-0.33684424669601
Q418N,0.866359559543873
Q418S,-0.958217069004288
Q418T,0.0515180042758479
Q418V,0.669727625111535
Q418W,-0.81548897787225
A419D,-0.793012825811019
A419F,0.396128749177793
A419H,-0.107246149200268
A419I,0.0904207752131157
A419K,1.91679828404856
A419L,-0.163572064753474
A419M,3.69034043800054
A419N,-0.144237786963681
A419Q,-0.184764796933664
A419S,-0.493183720862919
A419T,1.20994515257642
A419V,-0.599708919295302
A419W,-0.355284224394762
