Mutation,Escape_Score
S2A,7.51519238485777
S2C,0.521246831998448
S2D,-0.103820355012279
S2E,-0.743276608540958
S2F,1.04762011602466
S2G,-0.864584207347353
S2I,5.75243284986366
S2K,-0.143941108128784
S2L,-1.13182022909985
S2M,1.49875987083699
S2P,1.67526118551946
S2Q,-0.74074790755994
S2R,-0.875816340793876
S2T,-0.646226909930055
S2V,-0.663496351840737
S2W,1.28077862780136
S2Y,1.6118579766982
D3A,1.42644322306296
D3C,-1.00381357264474
D3E,0.982318622641587
D3F,0.589688684547883
D3G,0.217647032048103
D3I,0.0482900521423156
D3L,-0.607376530909003
D3M,-0.437494056591486
D3N,3.33289884469135
D3P,3.61883075637985
D3Q,3.12315686710226
D3R,-0.733088805980405
D3S,0.443468491419605
D3T,-1.1164844116661
D3V,-0.325672637965094
D3W,-0.907523570578772
N4A,-0.480640413127524
N4C,-0.0826706686787262
N4D,0.256497481623774
N4E,1.05418217686031
N4F,0.876548018980147
N4G,-1.92626354387689
N4H,0.438425833402003
N4I,1.17359464257273
N4K,1.68415152610809
N4L,-0.00801401973942782
N4M,0.0901695595468743
N4P,1.61521574178215
N4Q,-0.635151903431725
N4R,-0.666813655364129
N4T,0.955675120726303
N4V,-0.455446200038891
N4W,1.54259495222308
N4Y,0.140796380012925
G5A,-0.0295597100800534
G5D,1.81796760941186
G5E,1.6237007710768
G5F,-0.125983422900458
G5H,0.113201594464342
G5I,0.834049250227067
G5K,0.543575821659953
G5M,-1.04945921185702
G5N,-0.699487516005262
G5R,5.01945630282624
G5S,-0.346524048737722
G5T,0.641749169935138
G5V,0.175026523846214
G5W,-1.11939583712587
G5Y,1.55183080137489
P6A,-0.550526100564046
P6D,-1.29064489798917
P6F,2.01752728246953
P6G,-0.59263458871946
P6H,-0.779598742223499
P6I,0.820212214618107
P6L,-0.889066445458269
P6M,1.53834914948861
P6N,0.151184067237797
P6Q,0.341148871279755
P6S,-1.6721864574194
P6T,3.88278550815531
P6V,-0.478787345017792
P6W,0.204645625778838
Q7A,0.116220569593645
Q7C,-0.952202455681975
Q7D,0.969967007062878
Q7E,0.565890564415121
Q7F,-1.34427609271319
Q7H,-0.525359046463515
Q7L,-0.685541447921643
Q7M,-1.61698863191493
Q7N,0.832938357076762
Q7S,-0.285261558210525
Q7T,-0.715838285075311
Q7V,1.36495863905706
Q7W,0.864748732557621
Q7Y,-1.11333149752987
N8A,0.440468624809493
N8C,-0.460271089393251
N8D,-0.132107693416391
N8E,1.57093122595975
N8F,-0.995342515538836
N8H,3.38784804828828
N8I,-0.165018624207539
N8K,0.668692710402219
N8L,0.723687040306077
N8M,-0.724357781266125
N8Q,-0.476601144259195
N8R,0.819309916164227
N8S,-1.32948837495932
N8V,0.948990009845224
N8W,3.76961566747478
N8Y,-0.227976267394247
Q9A,-0.230846925323492
Q9D,-1.26371031474505
Q9E,3.38774633735591
Q9F,0.248803934413388
Q9G,1.62877077558901
Q9H,-0.830262000853436
Q9I,4.74517890331461
Q9K,2.99972155864784
Q9L,1.36599523858902
Q9M,-1.07466486281149
Q9N,-0.95420201162135
Q9P,1.09315391368506
Q9R,-0.0632279796310077
Q9S,0.132065271757536
Q9V,0.179987974829836
Q9W,9.78704834582761
R10A,0.076142988597371
R10C,-0.526534364288118
R10D,1.60467514283178
R10E,-0.265348548679915
R10F,1.23467459625409
R10G,-0.238369713399221
R10I,1.45281937058695
R10K,-0.896665400557313
R10L,0.471871764940548
R10N,-0.161133521895898
R10Q,0.568763876067758
R10T,2.36277992721463
R10V,0.873490060453905
R10W,-0.354451630063037
N11C,4.69042066296366
N11D,1.62648386841582
N11E,1.12527054094475
N11F,4.10423862889318
N11G,0.0601426005087077
N11H,-0.191502970023825
N11I,-1.00763690649056
N11K,0.0673986801483151
N11L,-0.00180992434901153
N11M,-0.117049463422995
N11P,3.29695396643774
N11Q,-0.314701563796624
N11R,-0.835617883308553
N11S,1.86138518905689
N11T,-1.61799553671841
N11V,2.21128751636739
N11W,-0.881418589960103
N11Y,-0.252052609664158
A12C,-0.307663611416843
A12D,4.36156695393572
A12F,4.48622803347775
A12G,-1.05384510570315
A12H,1.88163978516716
A12I,1.16293067245906
A12L,-0.395748314003021
A12N,1.1584848866576
A12P,2.1890099951389
A12Q,-0.78526265933558
A12T,0.289978732111927
A12V,-1.10829587106688
A12W,5.48595824407003
A12Y,0.303466875951211
P13C,0.028841129889245
P13D,-0.338294686236439
P13E,2.20822559425321
P13G,0.664872881914355
P13H,-1.1572474884517
P13I,-0.884296457144203
P13K,7.10853438993333
P13L,2.17811145323969
P13M,-0.0929096984234555
P13N,-1.79610876889918
P13Q,-1.4270093024249
P13R,0.702111713498179
P13S,1.09995530995481
P13T,0.786766314809318
P13V,0.645735617783847
P13W,0.106094188388448
P13Y,2.80216256191886
R14A,0.248272745888392
R14C,0.352598875878575
R14D,4.02951966093859
R14E,-1.28162861784197
R14F,-0.0632511703545089
R14G,0.363581339334103
R14H,0.284757771945837
R14I,3.224360688055
R14K,0.629096426982993
R14L,5.67526428167058
R14M,-0.388281739445485
R14N,3.38136165607814
R14P,0.889587691166428
R14Q,-1.45380248292235
R14S,3.41696538887479
R14T,-1.00162509520692
R14V,4.62889313562582
R14Y,0.40575705258193
I15C,1.16212426321677
I15D,-0.437513218608928
I15E,0.980875846949015
I15H,-0.351393735432662
I15K,-0.886884391182655
I15L,-0.188682079818673
I15M,-0.209394325469826
I15P,-0.609579325127631
I15Q,0.555456020267357
I15T,-0.630180019261462
I15V,0.142804757180564
I15W,0.637778595347933
I15Y,-1.35769214296207
T16A,1.12622323933663
T16C,0.683444940840245
T16D,0.373237918111097
T16E,1.34540319862337
T16F,-0.233115723140667
T16G,-0.150315128360204
T16K,-0.515199230326043
T16L,-0.178714215810521
T16M,2.21493520794229
T16N,0.794950006895652
T16S,6.06019884216224
T16V,0.382038763496292
T16W,-0.585999204652615
T16Y,-0.551605178571971
F17C,1.91460103709709
F17D,-0.424707234897289
F17E,9.78704834582761
F17G,1.12905790807728
F17I,0.56216205285875
F17K,-0.0609445027450638
F17L,1.19712342247437
F17M,3.11463398100017
F17N,-1.20534385908904
F17Q,-1.41096070903896
F17R,-1.42930850073122
F17S,-0.742549563738925
F17V,0.159827661850433
F17W,-0.790236634823357
F17Y,2.08296939888623
G18C,0.543487342828696
G18D,0.721941618963967
G18E,0.391640302128239
G18F,-0.231501845754707
G18K,1.87467407592804
G18L,0.882224690527669
G18M,0.429796139114872
G18N,6.19483448731995
G18P,0.403505903406194
G18R,0.607836812885967
G18T,0.221485498246708
G18V,-1.15690904822942
G18W,-0.370773598490893
G18Y,0.334181503361226
G19A,1.0229727446696
G19C,0.566804288194539
G19D,2.00614348197414
G19F,-0.910984560066846
G19K,3.46687581037739
G19L,0.522054300630396
G19M,5.03621974366621
G19N,-1.22833177177545
G19P,-0.6097400476669
G19Q,-0.858142564790229
G19R,-0.927699164974833
G19S,0.614311475516369
G19T,1.83045111791333
G19V,-1.38117101708978
G19Y,-0.903180363858939
P20A,2.77433426267649
P20D,-0.068970354631463
P20I,-0.625370451205905
P20K,-0.574732456587224
P20M,0.232024078399393
P20Q,-1.00740801559627
P20R,0.0810145678695406
P20S,-2.0118983363105
P20T,-0.211850317115725
P20V,2.10984838575145
P20W,-0.777032802238385
P20Y,0.566162183310982
S21A,-0.877414047574458
S21C,-0.324019222562002
S21D,-0.877709444005023
S21E,0.0514905936493268
S21G,3.76552875320914
S21H,0.450307870229959
S21I,0.0808247157311813
S21K,-0.991305801060379
S21L,2.3954187564916
S21M,0.057538230182599
S21Q,1.6713733434692
S21R,-0.367121855541792
S21T,9.78704834582761
S21V,1.69945348824462
S21W,0.12919543781334
S21Y,1.29721798433756
D22E,1.08610194843579
D22F,3.43021757999617
D22G,0.516752958547725
D22H,-0.54514358885347
D22I,0.277976211533766
D22K,-0.856373652639138
D22L,-1.31511831967549
D22M,-1.22481781286825
D22N,4.05371863910083
D22P,0.262561666622951
D22Q,1.40986031784043
D22R,0.61005245714692
D22T,3.80381064017569
D22V,9.78704834582761
D22W,0.445938671237015
D22Y,0.112081068581909
S23C,0.0976242059415801
S23D,0.493525628601175
S23E,0.663922558180099
S23F,-0.496084400425482
S23G,0.712192662835343
S23I,1.4445891059662
S23K,0.112181333153816
S23L,-0.649033305952951
S23M,1.11040151721468
S23N,-0.211412551919153
S23P,0.418762220806854
S23T,4.22064026130434
S23V,-0.648200531962253
S23W,0.173385154626148
S23Y,0.900420471572206
T24A,-1.43572866354286
T24C,1.19603071628725
T24D,2.98394262560795
T24E,0.395875277100658
T24F,2.35282055265914
T24G,0.975225252878056
T24I,0.912507220941639
T24K,0.556964209102084
T24L,0.0133792312217122
T24N,0.0288818999111044
T24P,-0.41174318148363
T24Q,-0.379721302122191
T24R,-0.796204497913758
T24S,-0.559925235029249
T24V,-0.893152686996118
T24W,-0.633215343586188
T24Y,0.507110955911716
G25A,2.62831446652127
G25C,1.95744491978796
G25D,3.38864045663072
G25F,0.29351498778694
G25H,0.76778073830855
G25K,-1.23200059150555
G25L,0.393310783937705
G25P,-0.586650930427948
G25Q,-1.33256800531298
G25S,3.9225147732646
G25T,-0.745548382060727
G25V,-0.785437630294204
G25W,2.24422842742313
G25Y,0.0410885548505521
S26A,-1.4492116662964
S26C,-0.975893889491674
S26D,0.754064761007193
S26E,4.54745038445837
S26F,-0.980866671749968
S26G,1.7060291619932
S26H,0.574007784042141
S26I,-0.228371223744397
S26L,-0.221669032197619
S26M,-0.0313296564721329
S26N,-1.61865642331669
S26P,-0.134355226951696
S26Q,-0.467971355726689
S26R,0.401843153441933
S26V,0.613159460357064
S26W,0.109000309682733
S26Y,-0.33590181043931
N27A,2.54785726586506
N27C,2.27285424331409
N27D,0.991753058158491
N27E,9.78704834582761
N27F,1.17144885066994
N27G,-0.265193782506332
N27H,-1.41722798288498
N27I,-0.444467805806792
N27K,-0.454627426116848
N27L,1.62230873218456
N27M,9.78704834582761
N27P,0.642622722278459
N27Q,1.54598471263834
N27R,-0.685310383637345
N27T,-0.171093379252752
N27V,9.78704834582761
N27W,-0.501353104927734
N27Y,-1.22910190480978
Q28A,-0.0464362577020998
Q28C,2.73509478828131
Q28D,-0.480391556780046
Q28E,-0.700652541623287
Q28F,-1.38507396414342
Q28G,4.17524225746742
Q28I,2.73672087734637
Q28K,-0.255062342463062
Q28L,3.71563264255608
Q28M,-0.395722779183766
Q28N,0.52292773577608
Q28P,-0.48866317234453
Q28R,4.63514596763068
Q28S,0.492929675190042
Q28W,-0.317799497980271
Q28Y,-1.33943019686886
N29A,5.09444037211623
N29C,-0.288922975054248
N29E,-0.466370605356939
N29F,0.881858073958706
N29H,-0.279509382445536
N29I,-0.316234845417689
N29K,-0.0326409000324441
N29M,-0.905062318106749
N29P,2.45539458927785
N29Q,-0.440380813437233
N29R,-0.708104882945408
N29S,-0.448444592004236
N29T,-0.845190668152524
N29W,0.804765564511443
N29Y,2.61377656406599
G30D,-0.232573145215131
G30F,1.27531646031095
G30H,0.131803911024885
G30I,1.25347201698386
G30L,2.54135263108884
G30N,-0.670239011653577
G30P,-1.62908733502976
G30Q,0.112254160445689
G30R,-1.36074359005702
G30T,2.38847156060563
G30V,0.502633341402624
G30W,-0.35529816067921
E31A,-1.10058427449631
E31C,0.0541837488883675
E31D,0.328997520502054
E31F,-0.36750847568485
E31I,-0.746517235362738
E31K,-0.444550433584898
E31L,-0.940824760605418
E31M,1.38016364314008
E31N,0.440811803298172
E31P,-0.016395681157676
E31Q,-0.183626069226147
E31R,-0.525945585969446
E31S,0.185681515366212
E31T,-0.194733760598403
E31V,-0.0839430329823745
R32D,0.748936738738519
R32E,1.03919245076155
R32F,2.02968177611884
R32G,1.51912367751445
R32H,0.140500425933535
R32I,-0.712511564203153
R32L,-0.398782410584189
R32M,1.79111787339582
R32N,0.753536975281726
R32P,-0.125599769697603
R32S,0.396001998857517
R32T,1.62178720012991
R32V,0.445494054085732
R32W,-0.581794107378947
R32Y,-0.759552366216669
S33C,0.943444088725199
S33D,-0.108580033014748
S33E,2.1637142912049
S33F,5.55087091227743
S33G,0.624096655901959
S33I,-0.593466299684555
S33L,0.795854694727999
S33M,-0.142336100926439
S33Q,0.359632710103904
S33T,-0.145366771104787
S33V,0.441399446188756
S33W,-0.456146278703665
S33Y,0.3327265688981
G34A,1.07859550712091
G34C,1.01004494564871
G34D,-0.206823967735986
G34F,0.796447488201944
G34H,0.364674025459121
G34I,-0.941835739569827
G34L,1.42414912327039
G34M,0.334995838998885
G34N,2.54785726586506
G34P,0.800253486586413
G34R,3.64297246480969
G34S,1.85246439086541
G34T,0.00202530967088039
G34V,-0.503554278821558
G34W,0.542170078108928
G34Y,0.988503076112451
A35C,0.0427360019369266
A35D,0.501526912512114
A35E,-0.171804770229328
A35F,-0.926278183604782
A35G,-0.96742201887009
A35H,5.40502698985461
A35I,-0.578316349475879
A35L,1.75091292433405
A35N,0.200964531366311
A35P,0.0572381115377415
A35Q,0.63480601625285
A35R,1.71163987940568
A35S,-0.604443100896772
A35V,0.500178394608812
A35W,0.776205791626948
A35Y,0.014955026830858
R36C,1.74349578641509
R36D,0.462645156878775
R36E,0.753992253105381
R36F,-0.013196906997997
R36G,0.0265279516280503
R36H,1.01236060365209
R36I,0.847970904128792
R36K,0.150902061727744
R36L,1.24013760087147
R36M,1.07192485270124
R36N,0.468646817761454
R36P,5.96990697686548
R36Q,1.54985574808831
R36S,0.146760792377009
R36T,0.563308611969848
R36V,-1.22870439592808
R36W,0.472958254779233
S37A,-1.52375278422203
S37C,-0.4463888146707
S37E,1.23336657574033
S37G,1.09750094371442
S37H,0.121198635151167
S37I,1.91124061022455
S37K,0.65128968752198
S37L,1.28920203208164
S37M,-0.0163956811576756
S37N,0.267154457962292
S37Q,-1.40761268088423
S37R,1.48851031653536
S37T,-0.0589275251757174
S37V,1.16624016147788
S37W,4.50003935010314
S37Y,-0.412130184792342
K38A,0.329425708855573
K38C,0.44239832643999
K38D,0.777387556011354
K38E,0.0107231803750099
K38F,-0.922576132569927
K38G,-0.123743488792298
K38H,0.187291477345962
K38I,0.326908235085709
K38L,0.590601769601172
K38M,-0.739208142923225
K38N,-0.0047840290800263
K38P,0.564230721844326
K38Q,-0.420498040924705
K38R,1.61937184179025
K38S,-0.69900295830722
K38T,0.416500760557948
K38V,0.0356759093709889
K38W,1.76099804229352
K38Y,0.523168860665076
Q39A,1.56615592693877
Q39C,0.104843001393544
Q39D,0.499764878703209
Q39E,0.050186171493378
Q39F,1.21857803862926
Q39G,0.565475536008416
Q39H,1.80227541720754
Q39I,0.133156327665267
Q39L,1.60163482004987
Q39M,0.55839150383867
Q39N,0.399615418092026
Q39R,-0.6304915241577
Q39T,2.08239998973707
Q39V,1.02955783980281
Q39W,-0.751697363411139
Q39Y,-0.250723073037934
R40A,0.367292402104016
R40C,0.57902759341989
R40D,0.25571387719314
R40E,0.533913173332618
R40F,0.33990057710331
R40G,-1.05572488294027
R40H,3.20375769914315
R40I,-0.680801269822097
R40L,0.627339027463776
R40M,2.17031957036464
R40N,2.2557381197598
R40P,0.749892666745941
R40Q,0.644153081458597
R40S,-0.176619590600271
R40T,0.47640617472826
R40V,-0.0544823229607586
R40W,-0.836940001898225
R40Y,0.238414416545122
R41A,2.33679423582481
R41C,0.797086274333781
R41D,0.17100829781003
R41E,2.17019974089436
R41F,0.10719189706715
R41G,-0.16203880427703
R41H,-0.487433311334191
R41K,3.75294485939458
R41L,-0.771778821767958
R41M,0.5260062653082
R41N,-1.26705787484008
R41Q,1.14076322032552
R41S,-0.0617554825492343
R41T,-0.0307669632244715
R41V,0.228360194509765
R41W,0.599780065656115
P42C,0.605848632955062
P42D,0.710368374208205
P42E,-0.920274783472388
P42F,1.58669661744932
P42G,2.45154640200187
P42I,-1.04147179364827
P42K,-0.869308565626588
P42L,1.75335635870994
P42M,0.055953248381858
P42N,2.50447603273992
P42Q,3.34028142980588
P42R,-0.291588801763464
P42S,5.21095849802279
P42T,1.24056990061248
P42V,-1.45833216076301
P42W,-0.433961088980936
P42Y,1.8713477176025
Q43C,0.184198084920898
Q43D,9.78704834582761
Q43E,-1.38128673756173
Q43F,0.622590829128868
Q43H,-0.400117430593817
Q43I,-0.649522215392378
Q43K,-0.678496144463269
Q43L,0.277211383675324
Q43N,1.41985843116433
Q43P,0.0761527788285511
Q43S,2.88168768553314
Q43V,-0.731281817602967
Q43W,1.83945731191731
Q43Y,0.271105881770656
G44A,-0.960602378349722
G44C,0.222459317009464
G44D,-1.29981186851104
G44E,-0.136858546473464
G44F,-0.168841744831205
G44H,-0.380787069263352
G44K,4.37746479611678
G44M,0.42130013812056
G44N,-0.133862538007
G44P,0.78177632912033
G44Q,0.316926420680434
G44S,-0.435733551488634
G44T,0.365312366393585
G44W,-0.0626045229054208
G44Y,1.90944061879043
L45A,-0.544536018333992
L45D,-1.23336015371406
L45E,-0.955916739934452
L45G,2.27960911859755
L45H,0.175822853220217
L45I,5.94325358457101
L45K,1.08373129588469
L45N,2.81374537418649
L45Q,-0.0122841708358766
L45R,1.22514986791438
L45T,0.343396878859529
L45V,0.582140770446395
L45W,3.24826500427926
L45Y,1.45837608829332
P46A,0.730672167195517
P46C,1.86478547794846
P46D,-0.626919224825867
P46E,0.163319392295092
P46F,0.567924731341298
P46G,-1.07025762548767
P46H,-0.434972481271463
P46K,-0.882589038206829
P46L,1.9758458257354
P46M,0.205359148564424
P46N,1.05807941101871
P46Q,0.184788055914555
P46R,0.660275889001773
P46S,-1.38610725959135
P46T,2.03859051246983
P46V,0.726218820501142
P46W,-0.38769223854508
P46Y,2.23182765418967
N47D,0.784300235401461
N47E,0.907358804720182
N47F,0.899683101995957
N47G,-1.39305991739397
N47H,1.0913329240209
N47K,1.18264664529887
N47L,1.32474804474312
N47M,2.50698005617286
N47P,-0.959107058381729
N47S,-0.0993735120014759
N47V,-0.914711635460659
N47W,-0.0642851512601975
N47Y,2.31627397723328
N48C,2.04271840455674
N48D,-0.51864851650122
N48E,-0.0930180953302259
N48F,0.842636935583116
N48G,3.72380104792344
N48I,1.06117279644071
N48K,1.08197223886213
N48L,0.00192320603648842
N48M,-0.719977069169785
N48P,0.0845701241393104
N48R,2.14849992721807
N48S,1.95976974718837
N48T,-0.754408234755286
N48V,0.205372729702174
N48W,4.91649981978409
N48Y,0.318102021464683
T49C,-1.18427341556518
T49F,-0.647564231270057
T49G,0.297350021718735
T49I,-0.896065233723251
T49K,-0.776254101189281
T49M,-0.390390511218963
T49N,-0.989496883898034
T49P,-1.64601252529427
T49Q,-1.18151171664316
T49R,0.793565816919247
T49S,-1.19904975202739
T49V,-1.80179896895263
T49W,-0.800170546544319
A50C,0.0447075278878785
A50D,8.21161153615382
A50E,0.595604686105385
A50F,-0.700435357018099
A50G,-0.850936281061159
A50H,3.77503522147074
A50I,9.78704834582761
A50K,9.78704834582761
A50L,6.9064994452791
A50M,3.03826792736747
A50N,-0.258580175444378
A50P,-1.40902446799168
A50Q,0.460268946881676
A50R,4.73301856484374
A50S,-1.44901199506806
A50T,6.16582737536061
A50V,2.43870462130175
A50W,4.65931879202377
A50Y,8.62780800978587
S51A,-0.00240581413723678
S51C,3.76648912767797
S51D,4.14510019962506
S51E,1.12933552492783
S51F,3.23805742930986
S51H,6.53791542675859
S51I,2.68515211406211
S51K,1.90061469251894
S51L,0.506719704141096
S51M,3.31572473607416
S51N,-1.09111182065717
S51Q,3.11986987686737
S51R,1.02980298038565
S51T,0.617486865431962
S51V,3.70569545705112
S51W,9.78704834582761
S51Y,3.17325284852595
W52A,-0.726492774643153
W52C,-0.659272628990932
W52E,-0.483296901617418
W52F,-1.1920092532316
W52G,2.52928631647068
W52H,-0.334625055006957
W52L,-0.114737178144354
W52M,-0.524674492157991
W52N,5.46627287624605
W52P,-1.75963039066509
W52Q,1.20676457970059
W52T,1.10617954558664
W52V,-1.17854985681494
W52Y,-1.10588432744788
F53A,-0.519052278208076
F53C,-0.83046468235654
F53D,2.72569923936992
F53E,-0.249625129567985
F53G,0.466309903573035
F53H,-1.50255891230543
F53I,-1.27609824657053
F53K,0.790966717012598
F53L,-0.190628796218857
F53M,-1.21446261070744
F53N,-0.162628959891213
F53P,7.42799700087873
F53R,1.0521419588479
F53S,-0.189622385307291
F53T,0.759143527512266
F53V,2.97726132023078
F53W,-0.611831027134453
T54C,1.62869494815149
T54D,-0.877374134686217
T54E,-1.00048235276235
T54F,-0.281802042754313
T54G,-1.31156928856191
T54H,-0.728435428431381
T54I,-1.64266619464119
T54K,0.313365204397425
T54L,1.73702079996716
T54M,-0.790249570922454
T54P,-0.0874584096959156
T54Q,-1.16873307936669
T54R,-1.54209198089808
T54S,1.15677216363531
T54V,0.0548993727442024
T54W,0.168348941205162
T54Y,1.424490777422
A55C,-0.654101772731859
A55D,-1.57900702836921
A55E,-0.483187094105847
A55G,0.821884594473999
A55H,-1.52809118028183
A55I,0.180238735658406
A55K,0.0600256478959822
A55L,-1.03365203225299
A55N,-0.243087559111655
A55Q,-0.58770523714739
A55R,-0.51746479843524
A55S,-1.4034834299487
A55T,-1.5922851266723
A55V,-0.301496987724832
A55W,-1.64394068290116
A55Y,-1.30903740000648
L56A,0.873017068811017
L56C,-0.769548117997736
L56D,5.80073396070856
L56E,-0.169166217867991
L56F,-1.61111217337063
L56G,3.34778527535477
L56H,-0.947947812914137
L56K,-0.616225491101716
L56N,-0.976597442562245
L56P,-1.94422599080014
L56Q,2.06260689016297
L56R,-0.988823708117191
L56S,0.907520423305014
L56T,-0.861779678469536
L56V,-0.603261699959052
L56W,-0.593774283315978
L56Y,-1.00259309432682
T57A,-1.60586961472814
T57C,1.06429071720616
T57D,-1.54606234657713
T57F,-1.2239173140339
T57G,0.119591196928852
T57K,-0.646786145366339
T57L,-1.38309379441985
T57P,0.357637754424271
T57S,0.0847848476943633
T57V,1.19308711642478
T57Y,-1.15469621123509
Q58A,0.366249297893529
Q58C,-0.863198477219311
Q58D,-1.1199036795346
Q58E,-1.87759863755454
Q58G,4.59644305747743
Q58H,-1.6051715529487
Q58I,-0.977662283558722
Q58L,-0.648200531962253
Q58M,-1.62322240331521
Q58N,-2.18415477956604
Q58P,-1.50264957311796
Q58R,0.557503470283529
Q58T,-0.67104715380259
Q58Y,2.0803550049781
H59D,0.681488662638822
H59E,0.264626451504085
H59F,-0.380395477067769
H59G,-0.799024457772498
H59I,-0.742082888461809
H59K,-1.14353601447115
H59M,-0.779184247361348
H59N,0.382474133621358
H59P,-0.769438687733963
H59Q,-1.46210120615005
H59S,-1.04702932958046
H59T,-0.287871653009754
H59V,-1.19044542431565
H59W,3.07153344448892
H59Y,-0.833613676870795
G60A,-1.07122268913351
G60C,-1.06498432013329
G60D,-0.663514751920837
G60E,-1.2381341314652
G60F,4.33396762174684
G60I,-1.05028758411329
G60K,0.51072260398451
G60M,-0.875497832224286
G60N,-1.21313709977943
G60P,-0.303959408268498
G60Q,-1.34922532103764
G60R,-1.13458577274304
G60S,-1.64660051962993
G60T,1.89161075186853
G60V,-1.00436810389754
G60Y,-1.17698180341124
K61A,-1.04635975485296
K61C,-0.32287056729048
K61D,-0.206071682266552
K61E,0.0495928540584757
K61F,0.561730741089851
K61H,-1.23081191489671
K61I,-0.478846638825669
K61L,-1.07027026057839
K61M,-0.183810719310054
K61N,9.78704834582761
K61P,0.697218330455775
K61Q,0.414747853382438
K61R,-0.386248276007489
K61S,1.63309168985418
K61W,-0.524163215866983
K61Y,-1.43675437087054
E62C,-0.391117610925677
E62D,-0.0473061791748398
E62F,0.997632480085117
E62G,-0.135825561369207
E62I,1.10108922280206
E62K,0.0203124838837341
E62L,-0.918991043166719
E62M,-0.89762663237286
E62N,0.677807197353795
E62P,-0.600185369515165
E62Q,1.11612029174094
E62R,1.1144855410451
E62S,-0.517204125363315
E62V,0.445804283015461
E62W,9.78704834582761
D63C,0.371506371891421
D63E,1.05303840766494
D63F,1.29547015168759
D63I,1.12966876575636
D63K,0.213619151522621
D63N,2.33008655871186
D63P,-0.0683065391448049
D63Q,0.028841129889245
D63R,-0.731155555368515
D63V,-0.447672924077549
D63W,-0.711099356341986
L64A,-0.181291577826919
L64C,-1.26165563283033
L64D,-0.83134902551464
L64E,0.59487583202389
L64F,0.355255270124821
L64G,2.39428213764035
L64H,0.724819529231938
L64I,-1.07072260877868
L64K,0.671129737380267
L64M,2.01445780720659
L64N,-0.377060355381262
L64Q,0.712510054744838
L64S,-0.54939067543593
L64T,1.38245077900158
L64V,-1.81699712934924
L64W,-1.40073719122079
L64Y,0.777476247522462
K65A,-0.0280042162727572
K65C,0.295553211861425
K65D,-1.05300356061815
K65E,-0.230846925323491
K65F,0.645833344039389
K65G,-0.602940494313188
K65H,0.152389160942472
K65L,-0.548109787477358
K65M,-0.89033366464911
K65N,1.58425306487543
K65Q,0.588787589479543
K65R,0.694175816637898
K65S,-0.29308099753053
K65T,-0.188256126468961
K65V,1.04793438161834
K65W,0.620501691517722
K65Y,0.0669865789883706
F66A,-0.17943687554788
F66C,5.14094207903937
F66D,-1.16082325120357
F66E,3.50764132425905
F66G,1.13512213951634
F66H,2.70417840949175
F66I,-0.0618050171587997
F66K,1.45992993634393
F66L,-0.0366919959057573
F66N,0.591570186795227
F66P,-0.264964371060092
F66R,-0.583922078894906
F66T,9.78704834582761
F66V,-0.886001047568947
F66W,-1.35571491483244
P67A,-0.347901530910907
P67C,-1.45193106370452
P67D,-1.42746016765966
P67E,-0.474356676700027
P67F,-0.821220394593962
P67G,-1.09596204541698
P67H,3.29523840139209
P67I,-0.315884013453116
P67K,0.320309647517671
P67L,-0.658407138533369
P67M,-0.761617111621144
P67N,-1.04667573713626
P67S,0.427659611164961
P67T,1.35734564255145
P67V,1.0600836546503
P67W,-0.407755967236765
P67Y,0.333910907542499
R68A,1.35297028285026
R68E,-0.0903824079120304
R68F,-0.135455506203607
R68G,0.00877116003598854
R68I,-0.25149948063622
R68K,-0.936128739194567
R68L,2.4032532549346
R68M,3.88244094874728
R68N,-0.581801972323556
R68Q,-0.426697508139245
R68S,0.653405531345809
R68T,0.00200523393200216
R68V,8.09411529965985
R68W,0.145384771597722
R68Y,0.40645702283623
G69A,2.88549828097239
G69C,-1.62401450176788
G69D,-1.88784220136246
G69E,-1.10729291353799
G69F,-0.0111633300584041
G69H,0.149572894662995
G69I,-1.11189836823557
G69L,1.11059624013175
G69M,-2.02686868427677
G69N,-1.58282577206016
G69P,1.44962628477663
G69Q,1.17301137018205
G69R,-0.899744084392534
G69S,0.819804201202195
G69T,-0.224346837626291
G69V,1.26003240379331
G69W,-1.63052111248649
G69Y,0.445156751320474
Q70A,-1.30791337428655
Q70C,2.26943408521804
Q70D,-1.31175662868988
Q70E,-0.332850656208037
Q70F,0.724366416734437
Q70G,-0.419534423711511
Q70H,1.02145999882007
Q70I,0.344277056198127
Q70K,1.40454600455885
Q70M,-0.373308355721191
Q70N,0.146142903056582
Q70P,-0.580021055212165
Q70R,-0.0469890848429907
Q70S,0.522977298821009
Q70T,-1.19254851714909
Q70V,0.241071648657572
Q70W,-0.809991661639112
Q70Y,-0.438357589950042
G71A,1.82446841503271
G71D,-0.869968038616133
G71E,0.610304263284493
G71F,1.38245077900158
G71H,8.77106047388018
G71I,1.23621620857111
G71L,-0.449189144400836
G71M,-1.5745696855252
G71N,1.6573699323362
G71R,-0.636485804812273
G71S,-0.0881309367035027
G71T,-0.485025227160517
G71V,0.666117515781081
G71W,-0.747664760069318
G71Y,-0.503552803270021
V72A,2.94230602776519
V72C,5.40622331462559
V72D,1.73972849051942
V72E,4.43073935267606
V72F,-0.979789416303924
V72G,4.01793431976763
V72H,-0.0454344024230726
V72I,-1.18353577846764
V72K,0.643630353313546
V72N,-0.208181789566463
V72P,0.653144499286515
V72Q,0.378397200558705
V72R,0.21491790251593
V72S,3.0837835280144
V72T,0.534269663115323
V72W,1.46398290772143
V72Y,-0.728467030116721
P73A,0.274861819108497
P73C,-0.293406447400538
P73D,2.83668520244121
P73E,0.916374412207778
P73F,6.42020294141106
P73G,0.371564729497055
P73H,0.469861580356966
P73I,1.84802195236818
P73K,3.22613775545881
P73L,4.33467998863899
P73M,0.666662029616928
P73N,1.81084255825318
P73Q,3.32451727189468
P73R,1.42655169030767
P73S,5.6983432139925
P73T,1.5961543666649
P73V,2.3685337580794
P73W,3.83226313340959
P73Y,3.75258667725433
I74A,-1.10268790976762
I74C,-0.11496460258134
I74D,0.740192412854404
I74F,0.0187588912436323
I74G,-0.724002430616648
I74H,-0.926187922540283
I74K,1.39703927323453
I74L,3.94744477068798
I74M,1.00308720005639
I74N,0.173341838050583
I74P,1.59513482982756
I74Q,-1.32149521740881
I74R,-0.471675723966886
I74S,-1.19480871412778
I74T,-0.632777082146651
I74V,2.1793097716406
I74W,-0.548691534036438
I74Y,-0.863357456433662
N75A,0.352786789865393
N75C,1.8500607734082
N75D,-0.452043593272982
N75E,0.790458765834275
N75F,0.252031714616179
N75G,-1.18139319353477
N75H,-1.89650303765234
N75I,5.10192472254344
N75K,0.167540744385419
N75L,-0.998344903197722
N75M,-0.913625535822302
N75P,1.20923083129041
N75R,-0.016556859086223
N75S,-0.195024905799939
N75V,-0.0314442252957144
N75W,0.25141313330845
N75Y,0.241648264197488
T76C,-0.66155554556436
T76D,0.649943588738654
T76E,0.352519719107459
T76F,-0.101455847547468
T76G,0.437457206616468
T76H,1.16693036350039
T76L,0.794496184991461
T76M,1.34008513204524
T76Q,0.528411279900814
T76R,-0.681677606196369
T76V,1.22447873149734
N77A,-0.442441093385492
N77C,0.068871201689332
N77D,1.7828017677833
N77E,-1.26357610267562
N77F,-0.156933323115548
N77G,-0.461547547978614
N77H,0.236019640446664
N77I,-0.335465746853344
N77K,-0.268091302958919
N77L,-0.10168941103859
N77M,-1.23572055259556
N77P,-0.26252594176893
N77Q,0.0213908058639438
N77S,-0.470586183593271
N77T,-0.249035724034766
N77V,-1.03609601886356
N77W,-0.11846079691943
N77Y,0.317394413109443
S78A,0.483205460955526
S78C,-0.822547695315031
S78F,-1.11691139302482
S78G,-0.811696806865576
S78H,1.54551660711052
S78I,1.16579604501417
S78K,1.20827253386991
S78L,2.31229169118086
S78M,-0.637727647091045
S78N,-0.950490603907337
S78P,-0.471460829183522
S78Q,0.414347435767323
S78R,-1.38506026205453
S78T,0.977372361853029
S78V,0.0287094021118752
S78W,-1.2865592202919
S78Y,-0.611372876761309
S79A,1.56803303412825
S79D,0.221576614229779
S79E,9.78704834582761
S79H,-0.873223492143734
S79I,-0.578626819719596
S79K,0.117232740549509
S79M,1.72477865656245
S79N,0.133601659019971
S79P,-1.22526063898939
S79R,-0.32904440690663
S79T,-1.35359644863791
S79W,0.979800480545603
S79Y,0.139252083415109
P80C,0.608234177257168
P80D,-0.670831888343977
P80E,-1.58834120628844
P80F,0.652319048410113
P80G,-0.724692895010438
P80H,2.19542723161407
P80I,-1.47598955302768
P80K,0.163319392295092
P80L,-0.600365097273838
P80M,-0.728091388537943
P80N,9.78704834582761
P80Q,-0.875745290110394
P80R,-0.747567274775494
P80S,-0.0880111781746443
P80T,1.69326401639037
P80V,0.0672207296289505
P80W,-0.872609430342181
P80Y,-0.854774452435705
D81A,-0.0980703964340354
D81C,0.702390873829428
D81E,1.8263794250999
D81F,0.0856585531928298
D81H,1.0622514332804
D81I,0.940502456587257
D81K,0.781841407083923
D81L,-0.75016450664939
D81M,0.126664727499919
D81N,1.03625205568587
D81P,3.67743787412967
D81Q,1.63104059317416
D81R,-0.757554587810143
D81S,-0.130877952287195
D81V,-0.510067532884518
D81W,0.211492335276673
D81Y,-0.606814355979903
D82A,-0.536018086470288
D82C,-0.513351744423563
D82E,-0.705507582736027
D82G,1.07094182595334
D82I,4.34936335757622
D82K,0.14388982225989
D82L,-0.879332475404192
D82M,-0.249991970837838
D82Q,3.65826913752493
D82R,0.911871884441455
D82T,-0.1137230162023
D82V,-0.438033466821636
D82W,-1.26995039587678
D82Y,3.896253802575
Q83A,0.285632121564932
Q83C,1.40332238089395
Q83D,0.219738884154202
Q83E,-0.41630385634311
Q83F,2.79426216170146
Q83G,-0.554670890162892
Q83H,1.57747799163175
Q83I,1.00592070649209
Q83K,-1.15655027950791
Q83L,-0.909143083498595
Q83N,-0.70196180847062
Q83P,-1.15339248499907
Q83R,-0.898381294002874
Q83T,-0.820751442142606
Q83V,-0.117120857527754
Q83W,1.33711760803386
I84A,0.358922855471416
I84C,-1.76720184296453
I84D,3.03350977997449
I84E,1.70917941546642
I84F,-0.478660176760581
I84G,-0.535317317515062
I84H,2.1810307205272
I84L,-1.68529633125546
I84M,1.58165706769463
I84N,5.25071097161192
I84P,9.78704834582761
I84Q,0.436771584684736
I84T,-0.673881367419689
I84V,2.70599029147167
I84W,1.61591085386865
I84Y,1.87617864683118
G85A,1.70009400723386
G85C,0.392946879783022
G85D,5.04102565871565
G85E,3.34591164610087
G85F,1.68211670570094
G85H,1.41512381863329
G85I,5.89499078774705
G85K,3.93407531831083
G85L,5.49781939863426
G85M,8.24825296969003
G85N,-1.17286479597285
G85P,9.78704834582761
G85Q,1.86973989252659
G85R,0.165466319361153
G85S,3.071528918108
G85T,3.61728782254974
G85V,3.87668027974486
G85W,4.28345040656699
G85Y,2.24568827268668
Y86A,1.81368852101224
Y86D,3.9246037009421
Y86E,2.98889768357518
Y86F,-0.497684888254363
Y86G,1.10485998022818
Y86I,4.84394919681782
Y86K,3.49231550881965
Y86L,1.18927478463676
Y86M,-1.04648383808517
Y86N,0.330618225027595
Y86P,3.26004916150468
Y86Q,3.7755524012846
Y86R,-0.305739627841805
Y86S,1.12446139479961
Y86T,2.22090269465267
Y86V,4.13829216115138
Y86W,4.33682703088147
Y87A,1.32860233471212
Y87C,-0.335404767269677
Y87D,0.80674235666358
Y87E,6.39842462627408
Y87F,-1.12301731144064
Y87G,4.02941553053709
Y87I,2.87859788381519
Y87K,2.43370293953914
Y87L,2.64135911548938
Y87M,0.243876513392622
Y87N,2.42387186443872
Y87P,6.06332642408942
Y87Q,1.86772348406529
Y87R,3.45695762831402
Y87S,2.71878319890721
Y87T,0.857524927884256
Y87V,3.36450802178386
Y87W,-1.31603800194049
R88C,0.573466614786599
R88D,-0.78658891648245
R88E,-0.303832342211596
R88F,0.606434742732596
R88H,1.49272729691501
R88I,1.43932167030674
R88K,-1.28344255040314
R88L,0.857333092355785
R88M,-0.129344715668298
R88N,-1.19356044638207
R88P,3.29442136214449
R88Q,-0.750475121130253
R88S,-1.4779572645781
R88V,-0.168527021924663
R89D,1.15781151100869
R89E,-1.19125438639937
R89F,0.174695534655065
R89G,-0.524292246756592
R89H,-0.539876432867318
R89I,0.973631520047272
R89K,0.585394114609093
R89L,-0.230846925323491
R89M,-0.193659138353127
R89N,5.18170408867009
R89P,-1.21653292384931
R89Q,-0.720617245249573
R89S,-1.06673351526872
R89T,-0.682033517976517
R89V,0.853119810319281
R89W,-0.687221530229038
A90D,1.14365141596936
A90E,-0.14024019286463
A90F,-1.64896928483226
A90G,-1.56471531556752
A90H,4.48013945750829
A90I,-1.0161602603262
A90K,0.270636680803252
A90L,1.33835441676753
A90M,-0.365659223563367
A90P,-0.74149360976509
A90Q,-0.176175374219483
A90R,0.694755087663197
A90T,-0.872873349631484
A90V,-0.682677022771916
A90W,4.47981982767675
T91A,1.09410034716076
T91C,0.539739953659423
T91D,-0.678762555899586
T91E,-1.29084227404011
T91F,-0.944877257686773
T91H,0.685464787154874
T91I,-0.355932250616129
T91K,0.554813351374565
T91L,-0.510723931837708
T91M,1.68463260136995
T91N,1.00640999210113
T91P,0.724044937704285
T91Q,-1.1005099070097
T91R,3.28460662356444
T91S,0.575311735726969
T91V,-0.398130498903385
T91Y,-0.978884839301817
R92A,9.78704834582761
R92C,-0.847339814005378
R92D,-0.952057537129798
R92E,-1.26781803208295
R92F,0.636199151435583
R92G,-0.43177202244841
R92I,-0.940850702344182
R92K,-0.804608065479984
R92L,0.791176040416588
R92N,-0.905989596075817
R92P,-0.0998977262073215
R92T,1.39483954546639
R92V,-0.377308955056461
R92W,0.453749948739338
R92Y,-0.668664158724187
R93A,0.406083188784385
R93C,0.73340314331836
R93D,-0.892619090399081
R93F,3.0195660714253
R93G,-0.373312693294406
R93H,-1.0264014828555
R93I,-0.665344126240189
R93L,-0.881596936756899
R93M,1.78164958704915
R93N,-0.5218314550306
R93T,-1.21194299381565
R93V,-0.381686888363574
R93W,-0.650705464538335
R93Y,0.238261085587676
I94A,-1.11397957728408
I94E,-1.06339923398927
I94F,-0.112783903494584
I94G,-1.17497148628624
I94H,-1.1587613607606
I94K,0.762466763780058
I94L,-1.09730629537518
I94M,-0.21891930513838
I94N,-0.520316106324277
I94P,0.146382220659252
I94Q,0.355293166960965
I94R,1.16805285388064
I94S,0.338629130296045
I94V,0.0964387210298561
I94Y,0.97466627612806
R95C,0.0687999258177636
R95D,-0.895590585101407
R95E,-0.184712720857189
R95F,-1.10656444132938
R95G,-0.621141638309924
R95H,-0.635812186376445
R95K,-0.82478482844568
R95L,0.483775680092336
R95M,-0.637428894729365
R95P,-0.591337815852255
R95Q,-0.0160056752484435
R95S,-1.28490647909632
R95T,0.673790501255474
R95V,-2.02647351299304
R95W,0.349574711887981
R95Y,4.57201883138677
G96A,2.21268042380656
G96C,0.329571998506164
G96E,-1.18586030401265
G96F,-1.15605270815464
G96I,-1.2562177441871
G96K,0.459961727996673
G96L,-0.794806920047432
G96N,1.56500607115225
G96P,-0.646014303021235
G96Q,-0.144369899073026
G96R,-0.506489850405299
G96T,1.22067592386591
G96V,3.10860398975971
G96W,-0.537249689399438
G96Y,2.06669846254816
G97A,-0.53317142776508
G97C,-1.25280337089049
G97D,-0.377347733297923
G97E,0.644299686998956
G97F,1.05622979103528
G97H,0.751178612960306
G97I,-0.677180772283661
G97K,1.77380847990006
G97L,-1.25779802274917
G97M,3.9225147732646
G97N,0.112181333153816
G97P,-0.445176520606228
G97Q,1.43341316900822
G97V,-1.25804838175997
G97W,1.0514382531755
G97Y,0.946952716687269
D98A,-0.222502402180043
D98C,1.38199161780115
D98E,0.223434316477307
D98G,7.164244333253
D98K,1.49990078420649
D98M,-0.697927799274578
D98N,3.26513906542646
D98R,-0.0128405448282716
D98S,-0.283405774404681
D98T,1.87769501885838
D98W,-1.0274560132191
D98Y,-0.273238580872568
G99A,3.14733028762379
G99C,-0.365185161673324
G99F,0.135674239125034
G99I,-1.26348586827657
G99K,0.481862562828409
G99M,-1.00529359669868
G99N,-0.567448676856783
G99R,-0.737273290977913
G99S,-0.592691488221708
G99V,0.0292165722757019
G99W,1.76132025197045
G99Y,-1.32718471608936
K100A,-1.26214345478646
K100C,-0.00400879814900807
K100D,-0.932734165598765
K100E,1.25704650994337
K100F,-1.15388195207296
K100G,2.38141185074903
K100H,5.95178779360141
K100I,2.15249200827401
K100L,0.847057757518347
K100M,0.590684554785663
K100P,-1.16195397146663
K100Q,0.581098450193707
K100R,-1.03068037183301
K100S,1.46447436871591
K100V,-0.745555194603188
K100Y,-0.19310761271654
M101A,1.14188079420748
M101C,-0.284279055285488
M101D,0.449604483923118
M101E,-1.3009058909427
M101F,-0.0306343809151302
M101G,0.0541036393049794
M101I,0.387810247900734
M101K,3.7672234551802
M101L,-0.429835089813588
M101N,5.89550004653433
M101P,-1.14960887800669
M101Q,-1.13995732680048
M101V,-0.459548901739564
M101W,0.328156421977623
K102C,1.64788111284324
K102D,-0.871164719231044
K102E,0.276332990513116
K102F,-1.08418708576423
K102G,0.298537287075846
K102H,-0.312614386169118
K102I,0.332135039977631
K102L,-1.74169085200681
K102M,0.751860313901184
K102N,-0.192949083735137
K102P,-0.307003617715859
K102Q,-0.820505953024624
K102R,-0.0504357688593279
K102S,-1.49826164020056
K102T,-1.68718988163965
K102V,0.315902951411039
K102W,-1.33289222224357
K102Y,-0.470096807962369
D103A,1.72989967309459
D103C,1.24585242499422
D103E,2.3669545296148
D103F,1.48851031653536
D103G,0.2943997220657
D103H,-0.832250416660393
D103I,4.00453885701027
D103K,0.154922564564112
D103L,-1.0061619903931
D103M,0.531858579306799
D103P,1.53728898548555
D103Q,1.00060388376548
D103T,-0.330912411351117
D103V,2.06144413704768
D103W,-1.29586497355497
D103Y,0.937824995537483
L104A,-1.17852584887165
L104C,-0.295825760631834
L104D,0.791688642182523
L104E,-0.183810719310054
L104F,1.01192878640229
L104H,-0.0626146987999566
L104I,0.244520071720564
L104K,2.1602579491713
L104P,0.568081702551969
L104Q,1.84293751671955
L104R,9.78704834582761
L104S,-0.591850680708564
L104V,-1.32904708558607
L104W,1.96772412773045
L104Y,-1.4269865603277
S105A,1.16693036350039
S105D,1.84503000873237
S105F,-0.87051815356254
S105H,3.26513906542646
S105I,-0.377914904407891
S105K,-0.588333862302996
S105L,0.272527877330668
S105M,-0.580065278186438
S105N,-1.69538925414839
S105P,-1.00696373023367
S105R,1.75942225988849
S105T,0.0766914369290942
S105V,0.251672439301853
S105W,-1.48867375061514
P106A,0.0962596435307978
P106E,9.78704834582761
P106G,0.407143252066334
P106I,-1.63180374500992
P106K,-0.0460358567046686
P106L,-0.895334571277666
P106M,0.191839752897479
P106Q,0.325504399760761
P106S,-0.164290042679369
P106V,-0.0971055931720485
P106W,0.0582784726805918
P106Y,-1.33056994290238
R107A,-0.0289813094003514
R107C,4.73530761706559
R107D,3.70301672964688
R107E,-1.28817963278058
R107F,2.72784445271199
R107G,0.0862351060412771
R107H,-1.33464373212996
R107I,-0.827445028722674
R107L,-1.70543563589391
R107M,-1.75498772309549
R107N,-0.187970570082115
R107P,-0.884779786093738
R107Q,-0.953272794364557
R107S,-1.20582726614641
R107T,-1.24809372266903
R107V,-0.570386419164454
R107W,2.97166519644994
R107Y,0.971789869696359
W108A,-1.06792609363635
W108C,1.64028202172673
W108D,2.38104270300529
W108E,2.28588389555425
W108F,0.217617235311669
W108H,-1.74773752331889
W108K,3.24934781938252
W108L,-1.16997139929778
W108M,-1.17039175515325
W108N,-0.0218805399504536
W108P,3.47888649218418
W108Q,1.31781479774717
W108R,-0.332456253233717
W108S,0.392683134312197
W108T,-1.7136985528744
W108V,1.10023703974164
W108Y,0.415950216001758
Y109A,1.16468876788615
Y109C,2.61110930890727
Y109E,0.0246745821716299
Y109F,-1.8763343005351
Y109G,-0.528229514342514
Y109I,-0.780988430418109
Y109K,-0.346804057074536
Y109L,0.914384401577529
Y109P,-1.09196317473631
Y109S,-0.179409095323615
Y109T,-0.579351290896178
Y109V,-0.795369649676025
Y109W,-1.15125938444031
F110A,-0.109413202055713
F110C,5.9210029596757
F110D,9.78704834582761
F110E,4.31207244597091
F110G,-0.292285146946419
F110H,-0.390322365059342
F110I,1.27801384939195
F110K,8.5263598039344
F110L,3.97493902097318
F110M,-0.9245763103274
F110N,1.93684258077878
F110P,2.86250358658906
F110Q,5.39381559129295
F110R,9.78704834582761
F110S,2.55607151230279
F110T,0.833350820405054
F110V,5.75888330609099
F110W,-0.324092873892462
F110Y,-1.27234050848507
Y111A,2.04024800434541
Y111C,5.49082104953868
Y111D,2.43748534374718
Y111E,3.00998859886101
Y111F,-0.495479834291058
Y111G,4.15438227881238
Y111H,-0.216538585508517
Y111I,3.52953948653494
Y111K,0.917903538479479
Y111L,2.13599625427091
Y111M,-1.24683408558208
Y111N,-0.836887938844547
Y111P,4.19370566870799
Y111Q,-0.628693806954531
Y111R,2.59825694927459
Y111S,-0.167718506175877
Y111T,3.13275156901258
Y111V,1.1899862134653
Y111W,-0.821202799490884
Y112D,0.221109953665354
Y112E,3.31644673281265
Y112F,0.436559122253442
Y112G,3.20276864733986
Y112H,-0.0728192123119084
Y112I,1.41466901292521
Y112K,-0.288367493085366
Y112L,-0.00883051878331744
Y112M,0.120175517981975
Y112N,1.4110074824516
Y112P,2.75770469824423
Y112Q,2.53286441502024
Y112R,-0.22779580605238
Y112S,0.901371969314953
Y112T,5.89561308337624
Y112V,4.02292740783103
L113A,0.662164746415817
L113C,4.17110504239729
L113D,0.465662278253349
L113E,-0.313179191965146
L113G,-1.18958426263105
L113H,-1.4385625180223
L113I,1.05271581047568
L113M,-0.353379655440081
L113N,9.78704834582761
L113P,-1.14234082731611
L113Q,-0.78850346109941
L113S,0.932996835401046
L113T,1.87467407592804
L113V,-1.5125360187147
L113W,-0.579788139824439
L113Y,-0.993807004477514
G114A,-1.08948984213534
G114C,4.30307087549195
G114D,-0.421556331978617
G114E,1.07288202311354
G114F,0.0244815068665621
G114H,-1.25216953130764
G114I,7.65534357223856
G114K,-0.723674936596052
G114L,0.63955011539317
G114N,0.97861588847581
G114P,2.88540253564566
G114Q,2.88265482872247
G114R,-0.899169320224132
G114S,-1.33813493140655
G114T,-0.685111861202424
G114V,5.44835986822787
G114W,4.81882973684097
G114Y,-0.71446818670937
T115A,-0.678251433563107
T115C,-0.106527882453729
T115D,2.17217634674993
T115E,1.02283056958188
T115F,0.0276834371350696
T115G,0.727174145354789
T115H,1.60138862957834
T115I,3.6197847967208
T115L,-1.13637495946586
T115M,-0.269620122367569
T115P,-0.439391105745261
T115Q,1.59163051234675
T115S,1.01714692553959
T115V,0.29159149381514
T115W,-0.67131094360992
T115Y,1.38761741060024
G116A,2.30848887086416
G116C,3.4817959176331
G116E,5.03949405441756
G116F,4.57399693657001
G116H,2.69543653739208
G116I,4.34230857320358
G116K,4.20616920031324
G116L,1.86308908036432
G116M,2.7651263712035
G116N,2.71614600062811
G116P,3.06364401993253
G116Q,9.78704834582761
G116R,5.84654765859994
G116S,9.78704834582761
G116T,3.77456282351957
G116V,7.66186345825112
G116W,9.78704834582761
G116Y,1.06667035974803
P117A,-1.17154741479154
P117C,-0.405367613625975
P117D,-0.911237213642635
P117E,0.100068254347959
P117F,-0.231523959996805
P117G,-0.991018937856318
P117H,0.784533921557682
P117I,2.88521842337845
P117K,-0.983479457302146
P117L,0.0871858906067218
P117M,-0.62468824473096
P117N,4.94511532739545
P117Q,4.84324362155997
P117R,-0.739581640822365
P117S,-1.44898715450651
P117T,-1.43659678913128
P117V,-0.561056016271672
P117W,-0.239680338385835
P117Y,2.10826322024496
E118A,0.0267127836461599
E118C,-1.41999615447824
E118D,4.58110802750101
E118F,-0.806530652223338
E118G,1.54738237644017
E118H,-0.982557729221017
E118I,-0.978279752398316
E118L,-0.442385387752732
E118M,-0.0748698213614307
E118N,-0.830327923421665
E118P,1.24018298223557
E118Q,-0.723096201190176
E118R,-1.14986997331682
E118S,-0.625529118295309
E118T,0.394497378332419
E118Y,-0.869752549650276
A119C,0.203541760124385
A119D,0.585554921268062
A119E,0.814066436143593
A119F,-1.52151236889998
A119H,-0.507833324452629
A119K,0.639708501702842
A119L,1.45831693352521
A119M,0.782515727562832
A119N,-0.933456232864148
A119P,0.113557975728996
A119Q,-0.958519914670056
A119R,-0.39688824684967
A119S,0.98744709563654
A119T,0.2568975076996
A119V,-1.37327297534496
A119W,-0.530489900283845
A119Y,-0.699044053658789
G120A,-0.670065661425952
G120C,-1.45354057590598
G120D,0.500765793663607
G120E,-0.872826546853512
G120F,-0.0813743307403504
G120H,1.68248288089986
G120I,-0.102267185644645
G120K,0.571303076082116
G120L,-0.114693125531432
G120M,-0.467174200820311
G120P,-0.457042996814195
G120Q,-1.24358117420351
G120R,-0.504042853450936
G120T,-1.02048291647038
G120V,0.391831469278823
G120W,4.00812547975942
L121C,3.4223750008914
L121D,0.241473954904562
L121E,-2.06292747856914
L121F,0.560745647461512
L121G,-0.871632357027812
L121H,-0.606151472947427
L121I,3.99971167509521
L121K,1.48610115951707
L121M,2.47488974477072
L121N,-0.540883588430778
L121P,4.24101837934698
L121Q,-0.884528772659708
L121R,2.36515379954884
L121S,1.7326718205119
L121V,-1.15952315425549
L121W,-0.863963740648769
L121Y,-0.329539871733848
P122A,1.43928209684933
P122C,-0.669851066859661
P122D,-1.42508933606295
P122E,6.15560326062324
P122G,-0.322318009122797
P122H,-0.30321814328182
P122I,0.344263023042425
P122K,0.36115480073244
P122L,-0.963099411549805
P122M,-0.35362625224788
P122N,-0.395346243172851
P122Q,-0.0520245337198483
P122R,0.539397231193736
P122S,0.391792600587425
P122V,-0.60852761501804
P122W,-1.00271597718147
P122Y,0.383144343566695
Y123A,0.769987900351537
Y123C,0.237871500096397
Y123D,-0.812080433036451
Y123E,-0.826951979772399
Y123G,-0.995060548553276
Y123H,-0.55095041312939
Y123I,-0.673467222384523
Y123K,-0.958048226498069
Y123L,-1.05940450527524
Y123M,-1.73373821220752
Y123N,-0.700935515365407
Y123P,-1.30047325892937
Y123Q,-0.972893591872724
Y123R,0.4189195848264
Y123S,-0.820497485541717
Y123T,2.16081499082294
Y123V,-0.535222232623592
Y123W,-0.440515828856622
G124A,-1.10817979995905
G124D,-0.256301376355216
G124E,-0.186416760135746
G124F,-1.0685127203753
G124H,-0.925531908652221
G124I,-1.09507751899786
G124K,-0.907219493702375
G124L,-0.501842713019193
G124M,-0.322026775637019
G124N,-0.511839108968322
G124P,-1.19253949329967
G124Q,0.187194738837317
G124T,-0.378231685104693
G124V,-0.603591775099502
G124W,0.178702531144336
G124Y,-0.42623125665339
A125C,-0.686878067907162
A125D,0.038862218163364
A125E,0.345639841296049
A125F,1.38780465358416
A125G,-0.0321884786679529
A125H,-0.428436742399859
A125I,1.80122348841673
A125K,-0.870027273382075
A125L,-0.718659234973694
A125M,-1.45599611173844
A125N,-0.182258935223974
A125P,-1.26361414304908
A125Q,0.285731122739785
A125R,-0.522699701783844
A125S,-1.21739607556213
A125T,0.0130565866934483
A125V,-0.0632182939145515
A125W,0.44489527576308
N126A,-1.9129080395935
N126D,1.7806100422311
N126E,-0.953455260346011
N126F,-0.665464624941605
N126G,0.467747701081271
N126H,1.35970507339645
N126I,1.28510487030845
N126L,0.696835352001136
N126M,-0.392079429785683
N126P,-1.1856779691641
N126Q,-0.870667654608373
N126R,-1.18382509422938
N126S,2.47328245748288
N126T,0.912486298283121
N126V,2.19542723161407
N126W,0.307445325839418
N126Y,0.24956226044609
K127A,-0.620002615802333
K127C,-1.08491187356264
K127G,-0.0518841728529278
K127H,-0.592583007578415
K127I,-0.222152829877672
K127M,-1.86382975997998
K127N,-0.878291217279131
K127P,0.644169318030596
K127R,1.32080703564489
K127S,2.41571017534918
K127T,-1.16800492991447
K127V,1.90660145808302
K127W,-1.4693805902825
D128A,-0.740845440318258
D128C,0.585466866595973
D128E,-0.194104065657968
D128F,0.554210280763254
D128G,-1.30655712066335
D128K,0.0833593628597401
D128L,1.86206825358959
D128M,-0.43317065479049
D128N,1.63459794220632
D128P,1.12436175199496
D128Q,-0.189857628313481
D128S,0.376986319151944
D128T,4.21497629320128
D128V,2.65364161135531
D128W,0.502438477717106
D128Y,0.147834068924112
G129A,1.06879150066823
G129C,2.72340787554034
G129D,-0.820657038780251
G129E,-1.57225704872132
G129F,-0.16915957179106
G129H,-1.65084334849253
G129I,-0.172468014547476
G129K,2.18371439288627
G129L,-0.052153209403298
G129M,-1.0342364770918
G129N,2.76221043204859
G129P,0.471055132914011
G129R,-1.11792626512596
G129S,0.392861305232095
G129V,0.119978005036595
G129W,0.386115594765319
G129Y,-0.226656332409115
I130C,3.82170405603819
I130D,1.61242031658852
I130E,-0.38813206847763
I130F,0.0804418108724604
I130G,1.46430876965059
I130H,0.292882162978724
I130K,0.463091489410581
I130L,-0.904435127248732
I130M,-0.807683071262737
I130N,-1.13536067847408
I130P,-0.00746101548367378
I130R,-0.146491118530089
I130S,0.439785533231968
I130T,-1.26977987254289
I130V,0.156312960203884
I130W,1.15180082413064
I130Y,-1.1503303560748
I131D,0.0164100632284869
I131E,0.307738067531495
I131F,2.52914167294064
I131G,-1.2827212424024
I131H,3.43021757999617
I131K,-0.153917709340124
I131L,0.481900457411861
I131M,-0.209359491241893
I131N,-1.6859283668068
I131P,1.74025825972219
I131Q,0.767773999597292
I131R,0.120520839584464
I131S,-0.708240769288903
I131T,-1.31844774772357
I131V,-0.793513131290886
I131Y,-1.10520294554001
W132A,2.54529393652714
W132C,4.60449916507736
W132D,2.84722464325893
W132E,1.81217452347762
W132F,0.812726749273219
W132G,5.53689294020623
W132I,2.5887698743447
W132K,1.73967993672365
W132L,1.76256365711971
W132M,0.366436388155409
W132N,2.89845430666419
W132P,0.854572554085891
W132Q,2.75070418025255
W132R,5.31482409919937
W132S,0.298731421656575
W132T,5.57396388775405
W132V,1.07858858484431
W132Y,-0.0745825454685009
V133C,-0.10274973441704
V133D,-0.936914634800917
V133E,0.171032876431844
V133F,1.20822772814952
V133G,-0.0740915885697174
V133H,0.731960782737328
V133I,0.272732098751755
V133K,1.93358417049727
V133L,-0.399083189561728
V133M,-1.01871115511273
V133N,-0.631962339469174
V133P,5.57767848698357
V133Q,0.0797669720214959
V133R,-0.769268398257183
V133T,-0.215239145938598
V133W,3.13399048458693
V133Y,-0.86981241821087
A134C,3.40881804893247
A134D,-0.46283804371295
A134E,-0.114701792159875
A134F,0.762660857164042
A134G,-1.06307080823936
A134H,-1.04441492395527
A134I,-1.43397582009135
A134K,-0.223089399984964
A134L,-1.14670222722801
A134M,-0.874633641630941
A134P,5.36555495205774
A134Q,-0.674858767849456
A134R,0.121501870435977
A134T,0.662350534435623
A134V,-0.520655359281986
A134W,0.207104094241555
A134Y,2.6822655204534
T135A,2.50447603273992
T135C,-1.00098886950413
T135D,-0.531803415123279
T135E,-0.611625188786306
T135F,-0.30185705415359
T135G,-0.19729922652293
T135H,0.855160209232666
T135I,-0.320974479571416
T135K,1.39334739192999
T135L,0.805094771489523
T135M,0.708489080913194
T135N,3.78109329584393
T135P,7.94714493364583
T135Q,-0.475505865873397
T135R,0.195122931359174
T135V,-0.450303047250816
T135W,-0.883633784568769
T135Y,-1.48657101361873
E136A,-0.527154755901784
E136C,-1.299113908749
E136F,-1.17830066948079
E136G,1.06666083074364
E136H,0.412261121330701
E136I,0.411364355977222
E136K,-1.23320760512437
E136L,-0.406557540590287
E136M,-1.60781276720505
E136N,2.54021417397679
E136P,-0.619222131720762
E136S,0.969115608297788
E136T,-0.468132041380621
E136V,-1.14044694274473
E136W,-0.661094988655527
G137A,-1.02654964808511
G137D,-0.659124260418063
G137E,1.79496099639965
G137F,-1.0490525558313
G137H,-1.60341438165619
G137K,1.66299510604567
G137L,-0.665816209557538
G137M,-0.485382393278925
G137Q,1.6446964627247
G137R,-0.0613342988128194
G137S,0.938552740328467
G137T,0.666131778912676
G137V,-0.804516351568288
G137Y,-1.06125675044161
A138C,-0.783550459733111
A138D,-0.329768838992543
A138E,3.66513230931011
A138G,-0.40507193516183
A138I,-0.767118637825696
A138K,-0.471008788561352
A138L,1.58623253872228
A138N,1.70197862335481
A138P,2.74596580311125
A138Q,-0.76990401228379
A138R,-0.554239995870302
A138S,0.294841761540079
A138V,-1.46722325125012
A138W,0.271569682232956
A138Y,-0.828345582125052
L139A,-0.144044517141837
L139C,2.00915681140929
L139E,-0.194462085638099
L139F,-0.988885484343645
L139G,-1.40514277298766
L139I,-0.0607896786572958
L139M,1.88182983339105
L139N,0.113370475157787
L139P,-1.19121654046855
L139R,-0.138825035654974
L139S,2.15040325618407
L139T,-0.980414532027965
L139V,-0.319187021684349
L139W,-0.153746692329159
L139Y,-1.20415497183329
N140A,-0.806936522246918
N140D,-0.0632588598362482
N140E,1.24733079300953
N140F,0.231357803534293
N140G,-0.641351912473535
N140H,-1.39957133191147
N140K,-0.521751064822879
N140L,-0.772452036159033
N140P,1.92248646099906
N140Q,0.396183579657844
N140R,1.85102670139496
N140S,0.118977685268273
N140T,-1.39957133191147
N140V,2.06344289305515
N140W,0.338776136411365
T141A,0.277264075465242
T141C,-1.62126766608286
T141E,-1.16553118884017
T141F,-1.23728462646792
T141G,0.252860731158695
T141H,2.06897737778632
T141I,-0.40507193516183
T141L,-0.898362961157254
T141M,-1.14206731457961
T141N,-0.614487237517885
T141P,-0.594110116595567
T141Q,-0.220609580650301
T141R,-1.2556289990309
T141S,1.26199202472307
T141W,-0.0570296057260246
T141Y,-0.570887528938973
P142A,-0.753330045632965
P142C,-1.22356226963445
P142D,-1.25824958053849
P142E,-0.828550843472956
P142F,-0.640527093045018
P142G,-1.03924636284464
P142H,-0.689677008743532
P142I,0.231677937468957
P142K,0.82909803043762
P142L,-0.421050269031397
P142N,-0.91369823527973
P142Q,-0.351080078796501
P142R,0.102950003904523
P142S,-0.763745950548354
P142T,0.902938919222815
P142V,-0.353775499151651
P142W,0.264963876210358
P142Y,-0.914773080931088
K143A,3.18696997803313
K143C,0.101783332049572
K143D,2.09126655936206
K143E,-0.527908270069231
K143F,5.11252382151174
K143G,0.823416446652463
K143H,1.02727714021695
K143I,-0.461223613477764
K143L,-0.853506486033132
K143M,0.711634173568322
K143P,-0.320860559949701
K143Q,-0.554186962250714
K143R,-0.28574223112738
K143S,0.892315719237971
K143T,0.23034539510634
K143V,-1.20876624723702
K143W,1.35088653902423
K143Y,8.82365021782294
D144A,0.205069236280742
D144C,3.8412748863965
D144E,0.0138766745338896
D144G,2.82321836002669
D144H,-1.02318205340465
D144I,-0.549169559017871
D144K,-0.0718570490665069
D144L,-0.244300929770459
D144M,-1.02763302919266
D144N,1.68215319883444
D144Q,-0.614882798858602
D144R,1.13688625424771
D144S,2.14778025062699
D144V,-0.526073818039959
D144W,0.0292258891073072
D144Y,-0.148810608560973
H145A,-1.52093888941151
H145C,-0.165018624207539
H145D,-0.846515995509676
H145G,-0.774506038496852
H145K,-1.05205098015055
H145L,0.167770669877168
H145M,1.07636865758435
H145N,-1.29664952757902
H145Q,0.109409194408351
H145R,-1.19226949497907
H145S,-1.27927945505831
H145T,-1.32365161314052
H145V,-0.567838210173857
H145Y,-0.619588602700475
I146A,-0.415327686709235
I146C,-0.306282316462496
I146D,0.849821633957878
I146E,0.697355408242892
I146F,2.83859084689142
I146G,2.04021400857657
I146H,-0.552454776153686
I146K,-1.0997532015083
I146L,0.0743771167191369
I146M,-0.114566202777629
I146N,0.612052258573385
I146Q,0.771257476618878
I146R,0.369668158597882
I146S,-0.342981015909195
I146T,-0.951550275289178
I146V,-0.739710410633919
I146W,-0.915819030967202
I146Y,-0.559698890988798
G147A,-1.21735298527751
G147C,0.725032441299928
G147D,0.0324784041735725
G147E,0.572941432064127
G147F,-1.53103887755854
G147H,-1.46107323939767
G147I,-0.979526525973798
G147K,-1.35227270076351
G147L,-0.165495545297798
G147P,0.818279780965078
G147Q,1.07436853860948
G147R,-0.698877735038176
G147S,-0.927699164974833
G147T,-0.997215977944963
G147V,-0.883194356826072
G147W,-0.174712749021582
G147Y,-0.621262308324097
T148A,-0.509413005881393
T148C,0.622283751552007
T148D,0.603390289795983
T148E,2.05370813416023
T148H,-0.933038797675112
T148I,3.72079328864124
T148L,0.96562982705161
T148M,-0.898266373548148
T148N,-0.316391486852778
T148P,-0.183529153268784
T148Q,-1.14456048246919
T148R,-1.32894608746115
T148V,-0.295891141161626
T148W,-0.111803051650067
T148Y,-1.07653837370746
R149A,3.76316568014304
R149C,0.531858579306799
R149D,2.3905249285163
R149E,0.53864645518848
R149F,2.06917425758626
R149G,9.78704834582761
R149H,0.190416133931741
R149I,1.88605694976043
R149K,5.20116779273776
R149L,2.84466915762686
R149M,2.81420982780694
R149N,1.76545159148433
R149P,9.78704834582761
R149Q,0.879213212742238
R149S,0.303857800083932
R149T,0.621724953123621
R149V,6.8172568966812
R149W,6.92913158155117
R149Y,1.1362420245783
N150A,-0.987186262832336
N150D,3.17028130829247
N150E,-1.44871944187054
N150F,-1.4742165815656
N150G,-1.62654767705437
N150H,-0.41087895729523
N150I,0.618578516280541
N150L,-0.87955787805853
N150M,2.24444216526396
N150Q,0.174896686384419
N150S,0.191685549463772
N150T,1.08627934416892
N150V,0.26674258213989
N150W,0.0340603760706291
N150Y,0.332364391050622
P151A,0.285592109630511
P151C,5.72710679953841
P151D,3.3000802155132
P151E,0.117151526665107
P151F,2.14586218474214
P151G,0.731093313877696
P151H,1.48851031653536
P151K,9.78704834582761
P151L,4.73095885886022
P151M,1.46712738916912
P151N,9.78704834582761
P151Q,7.16054243662938
P151R,5.0095735866939
P151S,-1.21975369745736
P151T,-0.0704134485110915
P151V,1.58667042525958
P151W,2.89150492766794
P151Y,-0.695490546004621
A152C,1.64243953209051
A152D,2.31307841014117
A152E,1.44763488741378
A152F,1.38608112820991
A152G,3.01066778357808
A152H,0.402527381453162
A152I,2.74387852440039
A152L,0.81120538132429
A152M,9.78704834582761
A152N,1.40413171262654
A152P,1.61915255270497
A152Q,1.54636932390795
A152R,0.00334098161354386
A152S,2.76414384654584
A152T,-0.132107693416391
A152V,-0.986339316287385
A152W,0.559568561663397
A152Y,6.41261412699063
N153A,-0.813329179412045
N153C,0.340476744495121
N153F,3.76582456317717
N153H,0.239710480762351
N153I,-1.12808236820223
N153K,-0.322724691016259
N153L,-1.51240539365893
N153M,-0.0716593534582203
N153Q,-0.218486480705507
N153R,-0.610492445999752
N153S,-0.292285146946419
N153T,0.140084088838289
N153V,0.0411199102651224
N153W,-1.02046988604192
N153Y,0.000661849316759227
N154A,1.58112971777359
N154C,4.22383601790803
N154D,-0.0580404174957481
N154E,-0.896887453418025
N154F,-1.24499297433053
N154I,0.658518633178428
N154K,-1.33622111929366
N154L,-1.21809680651138
N154M,-0.84596487041093
N154P,3.19048583967228
N154Q,3.16045936957525
N154R,4.63503543306022
N154S,1.13855107561301
N154V,1.11966089322245
N154W,5.06292172591649
A155C,-0.488727223849647
A155D,1.22469190145527
A155E,0.411260852515336
A155F,-0.175102621851206
A155G,-0.17341447645472
A155H,1.96145186318341
A155I,-1.11048429740044
A155K,1.51878245400435
A155L,-0.0951491491989065
A155M,2.15040325618407
A155N,-0.122192345049857
A155Q,0.936772266683716
A155R,0.129278581131956
A155S,0.829394456608643
A155T,9.78704834582761
A155V,0.068168834696311
A155W,1.98509464770844
A155Y,-0.141042090079185
A156C,1.72826642693813
A156D,2.75892500939004
A156E,0.0233553982030805
A156F,-0.736684587445031
A156G,-0.825730953148743
A156I,3.37523477998666
A156K,1.96979664976003
A156L,3.47989685008407
A156M,-0.407462724892817
A156N,-1.89338395754813
A156P,0.486062422273683
A156Q,-1.20472215743703
A156S,0.821779446216885
A156T,0.701009439840496
A156V,-0.892863252363699
A156W,7.12643536969309
A156Y,-0.81799426902098
I157A,-1.36126645238406
I157C,-0.482170069691401
I157E,-0.233390775964757
I157K,0.484621263466102
I157L,0.564197362640448
I157M,1.104606422909
I157N,-0.95248239465472
I157Q,-0.122565965861868
I157S,-1.53575039652126
I157T,-0.281663578268514
I157V,-1.40112459679652
I157W,0.251873412939857
I157Y,-0.00820349012993543
V158A,-2.06264321348012
V158C,-0.191458029366683
V158D,-1.04869818481843
V158E,-0.679846635151594
V158F,-1.84106853858411
V158G,-0.179983678753219
V158H,0.278067029546148
V158L,0.0697703450496846
V158M,0.0651411175278347
V158N,-0.739693346716593
V158P,-0.904384884372664
V158Q,4.50003935010314
V158W,-0.50362472406659
V158Y,-1.10414524367944
L159C,2.98765001002103
L159D,3.56634637558182
L159E,2.75778256870353
L159F,-1.02901438278418
L159G,1.10169677058022
L159H,0.706534071224748
L159I,0.220287059254049
L159K,2.08374955005513
L159M,-0.135620373283498
L159Q,0.0911296567317436
L159R,0.129337014877497
L159S,0.204449074147653
L159V,2.84431560331416
L159W,-1.34595618310317
L159Y,0.0521607495481614
Q160A,0.207134401752688
Q160C,1.60701886752233
Q160D,-0.628345813964654
Q160E,-0.622726237150395
Q160F,1.48851031653536
Q160G,-1.00293642477235
Q160H,0.385606843419913
Q160I,-0.713064012069011
Q160K,1.49210908136382
Q160L,-0.723025153146164
Q160M,-1.26542827883511
Q160N,0.732069250659486
Q160P,-0.404142851501518
Q160R,6.53671691636749
Q160S,-0.521564355569341
Q160V,-1.14000713533503
Q160W,0.348537031707224
Q160Y,-0.447792246571907
L161A,-0.895071030051336
L161C,9.78704834582761
L161D,0.18487689064923
L161F,-0.991459393838084
L161G,-1.28386414469582
L161H,-1.66746570628145
L161I,-1.44333514844711
L161K,0.0623433960947815
L161M,-0.635787841303551
L161N,-0.653514682822802
L161P,-1.2153740881454
L161Q,-1.44184253675241
L161S,-0.150372217586773
L161T,-0.53650275907564
L161V,-0.944603224754084
L161W,0.126320176840828
P162A,-0.856066591575158
P162C,-1.41275308419457
P162D,0.0318071519324968
P162E,3.70433979099438
P162F,-0.759639774091289
P162G,-0.670767488690246
P162H,-0.192608024790037
P162I,-0.852694990580849
P162K,0.753820766334972
P162L,-0.832874525581816
P162M,4.17805754568191
P162Q,-0.349905298796481
P162R,3.99601314120465
P162S,0.322324658880203
P162T,-0.814657462871377
P162V,1.70214437907466
P162W,-0.600494836109724
P162Y,-0.943642693932435
Q163A,-0.37537425638784
Q163D,1.3843882199757
Q163E,0.0536992564792533
Q163F,1.15461383758734
Q163G,1.07765423601986
Q163H,1.63995276730523
Q163I,-0.10365984286144
Q163K,0.299676182512849
Q163L,0.983180308099019
Q163M,0.0810145678695406
Q163N,-1.16082325120357
Q163P,0.520497257628161
Q163R,0.426417086532341
Q163S,-1.16867389562592
Q163T,1.17624121190735
Q163W,0.932422235756756
Q163Y,1.76676257347375
G164A,-1.09173840061711
G164D,0.0349707618164903
G164E,-1.64585542160396
G164F,-0.526094004775106
G164H,-1.29138440060582
G164I,-0.557638862040823
G164K,-0.127486028549346
G164L,0.0839345067928884
G164N,-0.40126681700401
G164P,-0.879800238775872
G164Q,2.31140349246849
G164R,-0.705500526847351
G164S,0.875719843137637
G164T,-0.239816854314717
G164V,-1.5183873923324
G164W,-1.29747802499858
G164Y,-1.24774514200447
T165A,-0.622292226263261
T165C,-0.115961859632711
T165D,0.307661217024038
T165E,-0.858844511316533
T165F,-1.17384697348167
T165G,2.21509914837571
T165H,-0.343564314377537
T165I,-0.898393200487448
T165K,0.535049684648741
T165L,-1.26705787484008
T165M,0.986104508795125
T165N,1.94668286758324
T165Q,1.5175213376897
T165R,1.48050918007713
T165V,-0.222848716759952
T165W,-0.946191984005891
T165Y,-0.800330559849536
T166C,0.00677865390906919
T166D,1.23865452958151
T166E,-0.125327794626402
T166F,0.806373011280289
T166G,0.139591030070691
T166H,2.2184774451678
T166I,0.378288740745854
T166K,-0.564035106163774
T166L,1.07989371210278
T166M,-0.224094247119221
T166N,-1.00145368036959
T166P,-0.076107228688754
T166Q,-0.617729886848085
T166S,-0.797758991459535
T166V,1.10122998531801
T166W,1.36745220511097
T166Y,-0.99258606692485
L167A,-1.59680014265704
L167D,-0.509223029642788
L167E,6.7337020578064
L167I,-0.866322928752575
L167K,-0.856606001646626
L167M,0.33475203939222
L167N,-0.458682076994286
L167Q,0.00500095930147124
L167S,-0.697171515626918
L167T,-0.945944273836735
L167V,0.551846873889679
L167W,0.404049244373741
L167Y,-1.09327379490921
P168A,-1.88335074003193
P168C,-1.04484351545812
P168D,-1.96316091897168
P168E,-0.172487903689568
P168F,-1.07920523996022
P168H,0.450494276215854
P168I,-0.0116461849730577
P168K,-0.102180426039178
P168L,0.41408864340409
P168M,-0.561479830693014
P168Q,-0.874394129276452
P168R,-0.551314040089243
P168S,-0.052436569837157
P168T,1.38499085587365
P168V,1.00052010131502
P168W,-1.07894465416291
P168Y,-1.35672186608275
K169C,3.8266286270849
K169D,-0.305364798933578
K169E,-0.117404655713564
K169F,0.934894508207348
K169G,-0.67834770012887
K169H,2.47019494185624
K169I,0.707164373774323
K169L,-0.435932861781392
K169N,-0.644420196818817
K169P,-1.08497644261458
K169R,-0.371527921057483
K169S,1.17689226908936
K169V,-0.0965842482148672
K169W,-0.542627285620367
K169Y,-1.27366494385381
G170D,5.2109584980228
G170E,-0.67182143883209
G170F,1.89436594565822
G170H,-1.40527507805701
G170I,-0.757102542898853
G170K,1.76264369770488
G170L,-0.0187825144955051
G170M,0.73340314331836
G170P,-0.493229297518037
G170Q,-1.81744995461458
G170R,-0.282699556785141
G170S,-0.692775731466381
G170T,-0.131538513269053
G170V,-0.374820529590846
G170W,1.81078854090682
F171A,-1.00288094450402
F171C,-0.50018242266661
F171D,0.898499111289721
F171E,-0.505408393493778
F171H,-1.24406407552972
F171I,-1.10652262470901
F171K,0.563028426400186
F171L,-1.55105209956053
F171M,-1.05208270494183
F171N,1.26526552433154
F171R,0.393871344887828
F171S,-1.03718472979817
F171T,-0.308947063281993
F171V,-0.659797460478394
F171W,-0.0503216690975736
F171Y,2.08454190677775
Y172A,2.07548724204408
Y172C,-0.626961265870597
Y172E,-0.209833291589417
Y172G,-0.234460522863656
Y172H,9.78704834582761
Y172I,-0.0496815774357888
Y172K,4.80960493772487
Y172S,-1.79859063324418
Y172T,-0.329095164945754
Y172V,-0.943826796061282
Y172W,-1.06469379693957
A173E,-0.511920156033386
A173F,-0.731213555469224
A173H,-0.579450486153693
A173I,1.19494676614257
A173K,-0.756707682921054
A173N,-1.4873775874881
A173P,-0.275032201885437
A173R,0.57896448778703
A173S,-1.05779500818987
A173T,-0.129089898862646
A173V,2.11647344797092
A173Y,-1.34751306119967
E174C,1.53014165441456
E174D,0.273629245421481
E174F,-1.0147711167597
E174G,1.20737609686128
E174H,5.53383509271234
E174I,0.0929483349223694
E174K,0.0315490066896813
E174M,0.167188097264833
E174Q,0.951449935923607
E174R,-0.552361269023457
E174S,1.3583174351421
E174T,2.43786692343633
E174V,0.971336927622949
E174W,0.0696905767912769
E174Y,-0.144857378736599
G175A,-1.18828981645351
G175C,-0.806655850702875
G175E,-0.0459792272068948
G175H,0.849821633957878
G175K,1.29538724703912
G175L,-0.278019846270578
G175M,2.94935955255782
G175N,-0.616659159874012
G175R,0.240422190987401
G175T,0.59266328627394
G175W,1.64425296692052
G175Y,-0.365891558321795
S176A,1.95522047404589
S176E,-0.863124863457454
S176F,0.75100048033183
S176G,-0.0405510969021195
S176I,0.84716804149639
S176M,-1.10218282369685
S176N,-1.62791799069187
S176R,-2.03878515505323
S176T,-0.16091397789764
S176W,-0.923572504111725
S176Y,0.0373207888803024
R177A,1.46851983402617
R177C,-0.566431360445182
R177D,0.328410429563774
R177E,0.698083297813621
R177F,-0.425326843765324
R177G,-0.886845175163494
R177H,1.16342984925277
R177K,0.0244505355845328
R177L,-0.374484228034927
R177M,-0.912030194247043
R177P,-0.304024663629042
R177S,-0.166400769103465
R177T,0.967362346482065
R177V,-0.917814252084184
R177W,-1.08291974064663
G178A,4.41283888244564
G178C,0.799431230567498
G178D,9.78704834582761
G178L,-0.432776904631385
G178M,-1.53726029858926
G178P,-0.423809218971997
G178Q,0.356447002108624
G178R,1.90528574578976
G178S,1.06898548730449
G179A,-0.836681285804739
G179C,3.58803373343793
G179D,3.25138118264944
G179E,-0.916141670254439
G179F,0.331015958180385
G179H,0.288891327737582
G179I,0.638711698417714
G179K,1.68505612583311
G179M,2.88367736380886
G179N,0.339840554121243
G179R,-0.416057230918365
G179S,-0.168306829688023
G179T,0.33643174004113
G179V,2.09855052410186
G179W,-1.42384758856867
S180C,1.53219230305941
S180D,4.02293361228301
S180E,-1.85383253157038
S180I,-1.40267682585871
S180K,2.12413679572455
S180L,-0.767835580647902
S180N,0.488553494173568
S180P,-0.695649312395378
S180Q,0.42441366618064
S180T,-0.0282347580630986
S180V,-1.01377716274822
S180W,5.12121330372068
S180Y,5.69216033994951
Q181C,1.34228061403642
Q181E,9.78704834582761
Q181G,-0.513555959075177
Q181H,2.56045534301205
Q181K,2.64852321342357
Q181L,-0.902256501361283
Q181M,-1.49935550220482
Q181N,1.13834802806071
Q181P,0.186159524061652
Q181R,1.05120834395983
Q181S,0.24726857908936
Q181V,0.810000492371055
Q181W,9.78704834582761
Q181Y,-0.116274720827595
A182C,3.69421498163045
A182D,-1.0494420481594
A182E,-1.27615824197645
A182F,1.99264062499034
A182G,0.144711417350081
A182I,1.39703927323453
A182K,0.19580977107794
A182L,-0.973207664623206
A182N,1.88883890189607
A182Q,-0.402516545212181
A182R,1.11287828039785
A182T,1.33979177814156
A182V,-0.640803111530758
A182W,-1.5212378024772
A182Y,0.536881942942576
S183C,9.78704834582761
S183D,-0.38970415393854
S183E,-1.00640187873096
S183F,-0.803908519732424
S183H,1.91181664237619
S183I,1.63335417030466
S183L,-0.187691946898992
S183M,-0.100912062571303
S183P,-0.344800221163723
S183Q,1.81393312088714
S183R,9.78704834582761
S183T,2.24021394052905
S183V,2.16684895835899
S183W,-0.237255011716095
S184A,1.00114622481692
S184E,-0.54340939431062
S184F,-0.415101693411471
S184G,-1.01131912789371
S184H,-0.592800974790574
S184I,2.31280295109841
S184L,0.0188646351919372
S184M,-1.10235340243763
S184N,3.28631427336458
S184P,0.332847959634557
S184T,1.43512683082803
S184V,-1.22240938920113
S184Y,0.581098450193707
R185A,-0.659936055641001
R185D,-1.3299142800794
R185G,1.98230939792064
R185H,1.16930986131869
R185I,-0.0297161718492852
R185K,0.35428003798375
R185L,-0.420053746616528
R185M,-1.28032453800799
R185N,0.677375250501953
R185Q,-1.09341449836572
R185S,-0.662324848570806
R185T,-1.29815976428756
R185W,2.37964220701158
S186A,0.852487236983488
S186C,2.51068392275547
S186D,-0.000750835900702748
S186E,-1.24483854883278
S186H,-1.73419700168667
S186L,0.599909460721572
S186N,0.475599717544542
S186P,1.09014695858514
S186R,0.317467267807295
S186T,2.95078401173054
S187A,-0.564750773634886
S187C,1.94884850541914
S187F,0.328167559902831
S187G,-0.814574557096435
S187I,-1.95980785949997
S187L,-1.07375757036055
S187M,0.0704470666371199
S187N,2.84516141213951
S187Q,2.06629333382933
S187R,-0.140586739884959
S187W,1.34054639056693
S187Y,0.644826360419052
S188A,1.86913471537177
S188D,-1.04433016288057
S188G,0.444955078550484
S188H,1.34716169242604
S188I,0.837562297612038
S188K,2.62831446652127
S188L,0.225969567859451
S188M,-0.120174921623302
S188N,-0.787650473938173
S188P,-0.678229173837725
S188Q,4.11710314597975
S188R,-0.204452060629024
S188W,0.0478873810842187
S188Y,0.421137303283627
R189A,2.34583719732619
R189D,-0.2866981268842
R189E,0.29595216633754
R189F,0.122715458474822
R189G,-0.424374152291997
R189I,-0.0141627761873866
R189P,-0.69546640312972
R189T,-1.95675277362411
R189V,-0.80105825238083
R189W,0.869929833613771
R189Y,-1.12656672290884
S190A,3.67662714229227
S190C,-0.846979578739741
S190G,0.577642809665365
S190K,-0.117093962510153
S190L,5.05936568546539
S190M,-0.183366739467063
S190N,-0.163878261299971
S190Q,0.812811331672215
S190R,3.18223806144857
S190V,5.09283329504291
S190W,2.24021394052905
S190Y,-0.021995970175312
R191C,-0.741683689133731
R191D,0.954291554136149
R191E,3.50073390352081
R191F,-1.37482357858675
R191G,0.282280425603857
R191H,-0.938053051210913
R191I,0.361378318021102
R191K,4.64454150924072
R191L,0.45754029410747
R191M,1.07827074109469
R191N,-1.94285503244026
R191P,-1.07790553188817
R191Q,-0.0466552408290675
R191S,-0.91287841398213
R191T,1.18292113396358
R191V,-0.694959133599078
R191W,0.499273616584275
N192A,-0.0672981011652027
N192C,-0.0947799834632014
N192D,-0.331401870000292
N192F,0.540690248923958
N192G,-0.971753112339673
N192I,0.0896582476052954
N192K,1.64058985909599
N192L,0.980202978624437
N192P,0.130355544093944
N192Q,-0.255913083790307
N192R,1.6707964368282
N192S,0.67016752405913
N192T,0.525206726634019
N192V,1.30728959118298
N192W,1.86380043644681
N192Y,0.0845701241393104
S193A,1.17110749373939
S193C,0.157444568369752
S193D,-0.570022669725816
S193E,2.19667732393723
S193G,2.7378926049943
S193L,0.812701939794767
S193M,-0.230846925323491
S193N,0.201293219427145
S193Q,-0.501065447710032
S193R,-0.599076397220039
S193T,0.768929574195145
S193V,-0.678808865492692
S194A,-1.7574270059486
S194C,-1.81124810868816
S194F,-0.78850346109941
S194H,4.89008296229956
S194M,0.358922855471416
S194N,0.885621548721434
S194Q,-1.60989074326437
S194R,5.02429809735395
S194V,-0.297148400952604
S194Y,-1.23205254395663
R195A,-0.0730287962442734
R195C,-0.231607897733543
R195E,2.22466224550675
R195F,-0.696704434988431
R195H,-1.0437400023083
R195I,0.625073093171372
R195L,0.636019746101724
R195P,-1.76644199775706
R195Q,1.77542611543937
R195S,-0.353412946006658
R195T,2.09432502755421
R195V,-0.598106843695848
R195Y,-0.46283804371295
N196A,0.0594738774921582
N196D,-0.361156024950537
N196E,0.480713118068283
N196F,0.736405961453795
N196G,-0.232558410493395
N196H,1.02345631698792
N196L,-0.799776314503574
N196P,3.21232586951864
N196Q,-0.064294626799161
N196R,2.04882190551101
N196S,0.638407004510346
N196T,-0.367697114125271
N196V,1.56260900504485
N196W,-0.652264887812778
N196Y,3.73266103041319
S197A,0.0523034373371695
S197D,3.50874014233036
S197E,2.16094157366147
S197G,0.0816968639253836
S197H,0.809572815213454
S197I,-0.690687424189285
S197K,-0.564118804228358
S197L,3.02407966808471
S197M,-0.0595519576169776
S197P,-1.28095009796239
S197Q,2.08765159280518
S197R,0.356581002621582
S197T,3.18459933408802
S197V,-1.01324579571272
S197W,1.24443532030843
S197Y,2.36270136913711
T198A,-0.384768302367728
T198C,-1.05814401895336
T198E,-0.0800882677026058
T198F,2.73457563040399
T198G,1.06218432336011
T198K,-0.940230959960018
T198L,-1.40181377272822
T198M,1.66345584423716
T198R,2.77480074167526
T198S,0.852993120818957
T198W,8.17489483793667
P199A,-0.520571583005691
P199C,-0.719602720145883
P199D,-0.693954478466593
P199E,-1.23165292314317
P199G,-0.486593636650942
P199I,-0.846834760204547
P199L,-0.191353927247598
P199M,0.729020880998375
P199N,0.644624335061842
P199Q,0.646247842041313
P199R,-1.43729476866221
P199S,2.48801613633013
P199T,0.34209579740126
P199V,0.463777057540919
P199Y,1.84503000873237
G200A,4.13489836097217
G200C,1.08722247446416
G200D,-1.06979996289606
G200E,-0.497746254768727
G200F,0.205309611163624
G200H,-1.3400449484592
G200I,2.22770951823578
G200K,-0.306044114418469
G200L,-0.139863600668505
G200M,-0.595467489660196
G200N,0.181313568672902
G200Q,9.78704834582761
G200R,4.28599365047967
G200S,-1.36409079128442
G200V,2.3551806076926
G200W,0.0548782419707241
G200Y,-0.646383822374874
S201C,1.17883040381163
S201D,2.7434668804584
S201E,-0.755768677923373
S201G,1.66278501392214
S201H,1.83413635523694
S201K,2.27450997347752
S201M,-0.00868451930359794
S201P,4.2494130070964
S201Q,-0.132543140980546
S201R,-0.750020831913693
S201T,2.41717878751236
S201V,1.375149005657
S201W,-1.12767295075322
S201Y,1.28063994817012
S202D,-0.39848756942924
S202E,-1.160740633978
S202F,0.690967333196444
S202G,-0.925719527394221
S202L,-0.157365946256621
S202N,0.321306730375577
S202P,2.23938856451181
S202R,0.898308343754511
S202V,-0.783590913507808
S202W,-0.326525584370981
R203A,-1.09325100388368
R203C,-0.619659144184315
R203D,5.63590299251046
R203E,-0.59912614077926
R203G,-2.07405734869405
R203H,-1.96619611662078
R203I,0.0782325781065707
R203L,0.434679561494378
R203N,-0.0217839656106002
R203S,1.40890141217707
R203T,2.97233410470214
R203W,-0.0175142883031349
R203Y,0.164552015570928
G204A,1.03903899499728
G204C,3.31602579670216
G204D,-0.494863420545479
G204E,-0.123391199635068
G204H,-1.19212559005753
G204K,-0.577729567817709
G204L,-1.03183914195229
G204M,0.341216783009321
G204N,0.962857780950988
G204P,-1.70986563348719
G204Q,1.35122704178663
G204R,-1.01581111691044
G204S,0.0450589805503614
G204T,-1.9727860044905
G204V,-1.63732315270157
T205A,2.25741982793464
T205C,0.915399707266265
T205D,1.03534254944098
T205E,-1.14842523590033
T205F,-0.679031948910633
T205G,1.59996459856153
T205H,1.88253916017545
T205I,1.02344191810635
T205L,0.371456924430319
T205N,0.461599088014805
T205P,0.375539524745535
T205Q,0.829514669621913
T205R,-0.240796055574284
T205S,-1.13412398866772
T205V,-0.775579190893239
T205W,-0.244304109317295
T205Y,-0.16207741510167
S206C,-1.09337330272413
S206D,0.205790330126709
S206H,0.162443134305967
S206I,1.06509074400827
S206M,-0.239911706719861
S206P,-0.0906539859106027
S206Q,-0.569226188061173
S206R,-0.74718710772045
S206V,1.25827312269857
P207A,-0.743361545708674
P207D,-0.389982059571756
P207F,1.86188902632693
P207G,-0.207574687259457
P207H,7.99965276942373
P207K,3.43021757999617
P207M,-0.223814913759436
P207R,1.80084390699793
P207S,0.725103123182506
P207T,-0.344823983380858
P207V,0.236828511287372
P207W,-0.109314824057874
A208C,1.63936032466715
A208D,-1.14104580121494
A208E,-0.182872737831154
A208F,3.45926777138117
A208G,-0.81153084952314
A208I,-0.102267185644645
A208K,-0.459390297501341
A208L,-0.819541046405522
A208M,2.03346528092368
A208N,6.74204404339844
A208Q,-1.0147688152062
A208S,0.134101660440405
A208V,-0.887094252462682
A208W,-1.67465741838648
A208Y,-0.201560432346513
R209A,-0.383770557511008
R209C,4.07997652419655
R209D,-0.958818052231564
R209E,-0.142103729156625
R209G,2.76869115415468
R209H,3.97318108611002
R209K,0.0459149550143229
R209L,-1.78146216138255
R209M,4.81878580369723
R209N,-0.560353027373073
R209P,4.08665725878664
R209Q,-1.18087932431732
R209T,-1.10336283902103
R209W,0.730205794006518
R209Y,-0.782659597552326
M210A,0.914054589153283
M210C,-1.09389072856398
M210E,-0.742345218444429
M210F,-0.769504815404628
M210G,1.16760642719648
M210H,2.74964241245756
M210I,-1.2437600138341
M210P,-0.926716025718861
M210R,-0.173493983700135
M210S,4.1939739680362
M210T,0.110857017433081
M210V,-1.92385365200145
M210W,1.5568947013136
M210Y,0.3785342493525
A211C,1.49323671292586
A211D,-0.192515578770973
A211E,1.5039936972617
A211F,-0.190513575750985
A211G,1.20773391630535
A211H,-0.286458105043222
A211I,-0.0507869956639148
A211L,1.34876170128452
A211M,-0.151074635508691
A211N,1.81472714646736
A211Q,-0.702708558795195
A211S,3.51865758482376
A211T,0.470047886347915
A211W,-0.538980475226317
A211Y,0.191013865728475
G212A,-0.856958597326544
G212C,3.08050721596072
G212D,-1.24976753206216
G212E,0.619295883240249
G212F,-0.39049636082383
G212H,-0.387972073635384
G212I,-1.12047565993182
G212K,0.989957832652197
G212L,1.02238734038844
G212M,1.53515356633779
G212N,2.71104782089186
G212P,6.27562617632924
G212Q,0.691068552244098
G212R,0.469583290272517
G212T,0.0782942891233983
G212V,0.980149167713022
G212W,0.883680542105451
G212Y,0.50577884814805
N213A,1.14609065292042
N213C,2.84722464325893
N213D,-0.809021025878976
N213E,-0.0892043723912253
N213F,2.15215065701085
N213G,0.140354412202295
N213H,0.201915116149897
N213I,3.17715328127456
N213K,-0.657901593608915
N213L,1.26403633683933
N213M,-0.669988701549626
N213P,1.01267645811832
N213Q,-0.794443403370309
N213R,-0.432097235407127
N213S,0.63494044845846
N213T,-0.458840170032263
N213V,-1.06912416240803
N213W,1.01817863022924
N213Y,-0.00962863021287042
G214A,-0.919672484418382
G214C,1.08449318164568
G214D,-0.980770220713069
G214E,0.439205219579735
G214F,1.17370950653702
G214H,-0.39978481876982
G214I,0.0831266716789694
G214K,-0.596097997066702
G214L,2.49917875043167
G214M,-0.289712044653831
G214N,0.873111870050319
G214P,4.18863151724268
G214Q,-1.15430969784653
G214R,2.63046953516163
G214S,0.17284080423252
G214T,0.554476895555958
G214V,-0.0267461696565008
G214W,0.57063706419041
G214Y,1.33084606579593
G215A,0.295268156343643
G215C,1.65107295814029
G215D,0.155093031114492
G215E,0.979405444294982
G215F,2.66976011662774
G215H,0.178425352719497
G215I,-0.117679420181152
G215K,1.0319548843282
G215L,0.415799444966677
G215M,1.32557801523648
G215N,-0.115539800324843
G215P,0.0692203030259292
G215Q,-0.0440084624971602
G215R,-0.670866258814076
G215S,-0.986223024460811
G215V,2.46412289494729
G215W,2.0925228840959
G215Y,1.0040131057492
D216A,0.45243411125831
D216C,4.03584915627966
D216E,1.49964650564127
D216F,-0.827225147980628
D216G,1.06299567397901
D216H,-0.723877052367446
D216I,1.58756213288974
D216K,0.955543988763193
D216L,0.167608512447618
D216M,0.797872010494033
D216N,0.055953248381858
D216P,0.155292207257652
D216Q,-0.169507028214645
D216R,1.88283134460266
D216S,-0.323437450288443
D216T,2.23904407200328
D216V,2.21772358148823
D216W,0.194957381958451
D216Y,2.72060080897108
A217C,1.44557093280824
A217D,0.785989386594902
A217E,-1.16770907271891
A217F,-0.19065795380104
A217G,-0.939191155438172
A217H,-1.66159654237268
A217I,1.74822083047126
A217K,0.969549712788249
A217L,0.597008820562722
A217M,0.457212616616781
A217N,0.96872065674912
A217Q,-0.193488526341773
A217R,-0.862780336544471
A217S,3.00818177882686
A217V,1.68765760102624
A217W,1.15036364699042
A217Y,-0.259829809969511
A218D,-0.67479153173967
A218E,-0.308625535725838
A218F,0.235626825881156
A218G,-0.631240374183124
A218K,-0.116214687725092
A218L,-0.316092410087569
A218M,-0.241513119449714
A218P,-1.2596624601304
A218Q,4.68304786303755
A218S,0.787410925423566
A218T,0.0253020786822346
A218V,3.81770808582979
A218W,1.65086453357995
A218Y,1.0080765009067
L219A,-0.474583859627078
L219C,0.621021325811402
L219D,-1.34642329755762
L219E,-1.1379636565075
L219F,1.29386569094775
L219H,-1.09627091586376
L219I,0.0806533623083255
L219K,-1.30258061362524
L219M,0.740352453854313
L219N,-0.606903871198421
L219P,-0.674952788593995
L219R,-0.245671107150214
L219W,0.184114206894213
L219Y,-0.321709306736429
A220C,0.725238846836158
A220D,0.484094422133338
A220E,0.237082956504007
A220F,1.61541366084379
A220G,1.36519423662981
A220H,0.378622522748648
A220I,0.622514247658352
A220K,-0.662550405440821
A220L,3.18978614082131
A220M,1.30603410184003
A220N,-1.77563636940906
A220P,-1.57885466897759
A220Q,-0.642965058909846
A220S,-1.78840167945158
A220T,2.14647658266722
A220V,1.07121612739452
A220W,0.552165199390396
A220Y,0.171018627586231
L221A,-1.44901199506806
L221D,-0.315254051842771
L221E,0.590140341274308
L221F,3.4162986577424
L221G,0.784943817983444
L221H,1.04129924258206
L221I,-0.270269592026733
L221K,-0.819995671386335
L221M,0.111453974965988
L221Q,-1.00501700448599
L221R,0.441669605011137
L221T,-1.64167555603672
L221V,0.607497180924617
L221W,1.15592369546351
L221Y,-0.308395898346258
L222A,0.0016192247701395
L222C,0.672944723467292
L222E,-1.4574586849855
L222F,2.6983186334938
L222G,-1.03977179440231
L222H,0.335603468583372
L222I,0.663686855612883
L222K,-0.564729329923224
L222M,-0.0177494191767066
L222N,-0.580418005839992
L222P,-0.106298240317024
L222Q,-0.439907648631762
L222R,-1.38093240958137
L222S,-1.18756780455948
L222T,-0.303832342211596
L222V,-0.646627834051119
L222W,1.79702843209803
L222Y,0.893279987753266
L223A,-0.212136143031868
L223C,-0.296224513302984
L223E,-0.419732045932221
L223F,-0.308172014447773
L223G,-0.134246817998567
L223H,1.17132151783428
L223I,2.04080240000176
L223K,2.59328932765253
L223N,-1.41379790752789
L223Q,-0.596783156880921
L223R,-1.34910961832813
L223S,-1.47158820297005
L223T,-1.42192926208855
L223V,0.195776138421796
L223W,2.6223085081614
L223Y,2.79403246117367
L224C,-0.116888259419935
L224D,-0.686929953108345
L224F,0.214163959168552
L224G,-1.31525760000065
L224H,-0.233095930012801
L224I,2.42951906125731
L224M,-0.219923190782182
L224N,-1.85438123213863
L224P,-0.360053441412181
L224Q,4.77713252222308
L224R,-0.768903450718355
L224S,-0.436953934660178
L224V,-0.254289859611183
L224W,4.3425109058364
L224Y,0.163319392295092
D225A,0.501316985252979
D225C,0.177703973231854
D225F,0.308656763423696
D225G,1.14435266415644
D225I,0.138895782314999
D225K,1.52433824052716
D225M,0.0510796889781582
D225N,-1.20534385908904
D225P,-1.32570286764786
D225Q,1.4966820976252
D225R,0.807231676594717
D225T,0.747539579855775
D225V,-0.241268603917715
D225W,1.01781144134803
D225Y,-1.95649420928506
R226A,-0.177166577029351
R226C,-0.508406195960781
R226F,2.5261881174129
R226H,-1.13126150601828
R226I,1.16090890350051
R226K,0.573253831029112
R226L,-0.0187166138969681
R226M,0.731626890664859
R226N,0.774769498431354
R226P,-0.237417273707489
R226Q,-0.712403764974851
R226S,-0.887710674517774
R226V,-0.757183398225797
R226W,0.102453101288082
R226Y,-1.21181650736464
L227A,-1.6224622878293
L227C,-0.290287217110646
L227D,2.95312782602132
L227F,-0.60570908988817
L227G,-1.06271189606711
L227H,-0.641938387110819
L227I,-0.723437976299702
L227K,-1.02846535413027
L227M,-0.91563754960615
L227P,-1.37878892756343
L227S,1.40240245708842
L227T,-1.19394831577769
L227V,-0.121331611551764
L227W,-1.07096739563402
L227Y,6.74782897112434
N228A,-0.315319204241539
N228C,3.21492910631481
N228D,0.219574212362181
N228E,1.12706862565571
N228F,-1.08241463237229
N228G,-1.0282955763503
N228H,2.16659364100787
N228I,0.319381440215648
N228K,-1.22304515230853
N228L,1.2300755539937
N228M,4.04685664202246
N228P,-1.17489434950567
N228Q,1.27899740863661
N228R,0.229188916884045
N228S,4.19538119263263
N228V,1.88430883453817
N228W,1.76322145579957
N228Y,-0.10069188269359
Q229A,0.160806560250959
Q229C,-0.248670015898341
Q229D,0.032980701618616
Q229E,-1.65772482898465
Q229F,-0.560831779660366
Q229H,-0.734462200319102
Q229I,0.132576431305798
Q229K,0.339095582928828
Q229L,-1.21449652827802
Q229N,-0.764494138600996
Q229P,0.673936468927542
Q229R,1.20703379535392
Q229S,-1.12648488350774
Q229T,0.81295528660787
Q229V,-1.36582724186894
Q229W,1.03405670939697
Q229Y,-0.934453491671595
L230A,1.94028456096689
L230C,0.0222127442093078
L230E,-1.40059293662884
L230F,0.0849512664886873
L230G,0.709005470361795
L230H,-1.02443187633144
L230I,0.546575171133082
L230M,-0.0408504621952393
L230N,-1.02205966495561
L230Q,-0.440886151118604
L230S,1.02637652909484
L230T,-0.390356280414047
L230V,-0.455593316969068
L230W,-0.643729883767807
L230Y,0.0268163074205093
E231A,1.57281416130484
E231C,1.21535027528133
E231D,0.224781085174825
E231F,1.86149838650498
E231G,-0.188422514722111
E231H,0.245853017742663
E231I,1.61839833004059
E231K,-0.45435657100376
E231L,1.16408430937925
E231M,2.22268828636171
E231N,-0.644773024431465
E231Q,0.750872404998895
E231R,-0.437415679568455
E231S,1.4343111547589
E231V,2.45211960014573
E231W,1.02538393354029
E231Y,1.48250993624387
S232A,-1.04410334516874
S232C,1.17741903614416
S232D,-0.173529632709273
S232F,1.1611621979412
S232G,3.05426756195132
S232H,0.593231854153687
S232K,0.573644478968221
S232L,2.88527294931337
S232N,0.0543106816250223
S232Q,-1.01205148952124
S232R,1.2343262343185
S232T,0.416181449126177
S232V,1.8580014243741
S232W,0.858107957188242
S232Y,0.931561304488537
K233A,-1.24080384670568
K233C,1.33538963020899
K233D,0.821529716620241
K233E,-0.757301054052184
K233F,0.238414416545122
K233G,0.743058689447066
K233H,-0.345926171886611
K233I,-0.724714794482307
K233L,0.666881708320683
K233N,1.06057786202657
K233Q,2.08111455954447
K233R,-0.545195487900748
K233S,1.19390517549789
K233T,0.238978840619848
K233V,-1.25103171770053
K233W,-1.67069748074929
K233Y,-0.760587717878245
M234A,-0.00777143927448633
M234C,0.711047170260059
M234D,-0.0868574079022064
M234E,-0.854800558360939
M234F,0.271391947034798
M234G,1.85626820886348
M234H,0.978918608721658
M234I,0.34386765938915
M234K,-0.42543371015789
M234L,-1.45842273746836
M234N,0.53873043525704
M234P,-1.14031372543071
M234Q,-0.384343342594316
M234R,-1.44320342790967
M234S,1.41545968578463
M234T,2.40179484937864
M234V,-0.712407661741514
M234W,-0.190034624985239
M234Y,-0.980761591538271
S235A,0.287900268008672
S235C,0.367480476355685
S235D,-0.727873351783241
S235E,0.797965875078341
S235F,-0.535916186483881
S235G,-0.193610839170666
S235H,0.499783676026358
S235I,0.191712576892568
S235M,0.695582180027057
S235N,-0.144044517141837
S235P,-0.227801883000553
S235Q,-1.13157906290853
S235T,0.423521821100255
S235V,0.608362927651088
S235W,0.0513230613961467
S235Y,-1.20356419001901
G236C,0.619530510756717
G236D,-0.229623184020341
G236E,0.609090810893374
G236F,-0.70708222201339
G236H,-0.93458913743932
G236I,-0.397672486802448
G236L,0.649068704882465
G236M,0.0491800541638483
G236N,-1.19981940001539
G236P,1.24552915978789
G236Q,-0.867801417174978
G236S,1.14862895238598
G236T,1.01745080621598
G236W,0.741543992250617
K237C,1.62501596151912
K237D,-1.91136690507849
K237E,2.64615027922283
K237F,-0.830021866736354
K237G,-0.628908194919996
K237H,0.871509616147782
K237N,0.979521424794695
K237P,-0.790086905705779
K237S,-0.714043343693843
K237T,0.421326509129724
K237V,-0.459919238225572
K237W,1.44297031251394
K237Y,-1.25311455148477
G238A,4.3457923778868
G238C,-0.803643264393833
G238E,-0.268567652898963
G238F,0.163319392295092
G238I,0.708975881433751
G238K,0.788868466509519
G238L,-0.285869921710117
G238M,0.451104608532392
G238N,-0.488082077481145
G238P,-1.33134004789954
G238Q,0.0632168819812117
G238R,0.71055968153886
G238S,-0.693782427581957
G238T,1.08534174288826
G238V,-0.196114636555676
G238W,0.121665078530557
G238Y,2.50167129618672
Q239C,4.99431947683063
Q239D,-0.159461628583189
Q239F,7.23791843686368
Q239G,2.29646269035608
Q239H,-1.02598604336736
Q239I,1.08659994723751
Q239K,-0.580565803458462
Q239N,-1.29135283457819
Q239P,-0.285626839516418
Q239S,0.205473102594191
Q239W,-1.85465472024488
Q239Y,0.387883155669906
Q240A,-1.40181377272822
Q240C,0.208287225027354
Q240D,-0.762018184304698
Q240E,-0.405724842060323
Q240F,3.33651838130893
Q240G,0.993438011078908
Q240K,0.519136044651794
Q240L,-1.33732825119893
Q240M,-0.720271167715287
Q240N,-1.62981794825978
Q240P,0.609354470524024
Q240R,0.969640192569245
Q240S,-0.0806761078967128
Q240T,0.0541837488883675
Q240V,1.5136909564127
Q240Y,0.183920754493146
Q241A,0.296900453867313
Q241C,0.659817281732418
Q241E,-0.269351840544621
Q241F,-0.826086898637552
Q241G,0.952568636835012
Q241H,-0.390913650097832
Q241I,-0.331990521891111
Q241K,0.0419703998885375
Q241L,-0.691511737220259
Q241P,3.25343802747056
Q241R,-0.150247362036691
Q241T,6.3130431576522
Q241V,-0.288820144675474
Q241W,0.539777591534621
Q241Y,0.145249261216835
Q242A,0.850985522506249
Q242C,-1.19808984135338
Q242D,-0.138237898082088
Q242F,0.568673881270581
Q242G,-0.228666249228441
Q242I,0.0818541621466476
Q242K,1.00075356250747
Q242L,-0.273658764453501
Q242M,0.43431973133621
Q242N,-1.13053069743845
Q242P,-0.0822283198501649
Q242R,-0.808933505217947
Q242S,0.364172376947012
Q242T,0.72407456670442
Q242V,0.559954002279167
Q242W,0.945626580790869
G243A,-0.275799968391098
G243C,-0.387217438220216
G243D,-0.40803945236373
G243E,-0.00835041688248041
G243F,1.59339939486686
G243H,-0.213921624789862
G243I,-0.480188394869747
G243K,0.619932991368317
G243M,0.662615100711107
G243N,0.539578510311082
G243P,-0.966104792760498
G243Q,-1.15192425420025
G243R,1.01476595533698
G243V,0.287346805965074
G243W,1.00991474621374
G243Y,-1.06872098202297
Q244A,0.649664066256598
Q244C,-0.292131968445955
Q244D,-0.320001576257947
Q244E,0.994710383854952
Q244F,-0.702164585914499
Q244G,1.32860233471212
Q244H,1.43893730443839
Q244I,0.112395578620099
Q244K,-0.158721038864556
Q244L,-0.678270711850545
Q244M,1.69631263691661
Q244N,0.906557886009557
Q244P,1.49928839900534
Q244R,1.83393551871246
Q244T,-0.0597457420127995
Q244V,-1.54993147480168
Q244W,2.67990947705607
Q244Y,2.68750915118221
T245A,0.637366120713276
T245C,1.4234459337499
T245D,0.66885996741603
T245E,-0.480645141189919
T245F,-0.0127627073061485
T245G,-1.32299021040487
T245H,2.03995383760694
T245I,-0.436416922757113
T245K,-1.20924901203637
T245L,-0.896907168833205
T245M,1.04609829884088
T245N,0.474772859087578
T245R,1.47816169694702
T245S,0.144390315929072
T245V,2.53528035199477
T245W,2.21646595328252
T245Y,2.76467364428899
V246C,0.0219029349276256
V246D,-1.4354760793327
V246E,-0.568576747764875
V246F,-0.558227397664074
V246G,-0.289011665199159
V246H,1.58534319945135
V246I,-0.0934123144211517
V246M,-1.26978107632969
V246Q,1.93533993582413
V246R,-0.832329620409706
V246T,2.22478216446406
V246W,1.5276070705621
V246Y,-0.815071768333852
T247A,-0.0790442907517222
T247C,-0.860294455393693
T247D,-0.565996981015517
T247E,-1.27281633683208
T247F,0.742850990913298
T247G,-0.0451622431478529
T247H,-0.708630920309793
T247I,3.88570815165098
T247K,0.468835867575972
T247M,-1.08760134946339
T247N,-0.334046417185777
T247P,-1.01268028962854
T247Q,3.4497140713175
T247R,1.34798222708473
T247S,1.38843611271707
T247V,0.135454763760344
T247W,0.153468443646767
T247Y,0.677512224061278
K248A,2.90390247891765
K248D,0.066427756950718
K248E,-1.22072490914193
K248F,-0.575006885017156
K248G,0.333152473212806
K248H,-0.336783711280349
K248L,-0.634520727217454
K248N,-0.859585285590555
K248P,4.72728869973792
K248Q,-1.10470720206972
K248R,0.645516747682074
K248T,0.0882526087080134
K248V,0.547912100379961
K248W,-0.781238944459589
K248Y,-0.78982957198854
K249A,0.359527653116371
K249C,-0.647820163445871
K249D,-0.122010289846194
K249E,1.62926566126282
K249F,0.18009019618856
K249G,-0.64646690428071
K249H,0.472430666519643
K249I,-0.680233932086459
K249L,-0.0729465026183307
K249M,-0.804708336229063
K249N,0.469489841096249
K249P,-0.622619830548842
K249Q,0.350416587337068
K249R,2.38788483948225
K249S,0.526756911958187
K249T,-0.506180772367258
K249V,3.24636060376926
K249W,-0.257424421295776
K249Y,0.0856055128978145
S250A,-0.14053280853392
S250C,-1.09650721709136
S250D,-0.469891461901812
S250E,0.607413826297077
S250F,-0.0768407260556398
S250G,1.34075288679606
S250H,9.78704834582761
S250I,-1.53850764470818
S250K,-0.794220408425451
S250L,-1.08447557658037
S250M,-0.559514952211393
S250P,1.3623241266652
S250R,-0.289261445237458
S250V,-0.721624834034531
S250Y,-0.292800525439197
A251E,-0.397803093702123
A251S,-0.452597793324603
E253R,-0.930261680022537
E253W,0.404123166576643
A254C,1.30026619339502
A254D,-0.761617993332509
A254E,0.351356322427769
A254F,-0.00624660795936229
A254G,3.81135352334296
A254K,2.43202710264908
A254L,-0.0668058889788674
A254N,4.08665725878664
A254P,-0.178714215810521
A254R,-1.22240938920113
A254S,0.044740620595117
S255A,-0.0346684419042639
S255E,-0.0868424599199111
S255Q,0.933128101505787
S255R,0.964919047854916
K256D,-1.2021441703883
K256H,-1.0147711167597
K256L,0.73340314331836
K256N,-0.876961649138402
K256P,-1.73342644089679
K256Q,-0.17160343469167
K256S,-0.815378601762642
K256V,-0.521125865728531
K256W,-0.594846498724445
K256Y,-0.0223733765119613
K257A,-0.0741454719919552
K257C,-0.464120950375357
K257E,-0.221005567288373
K257F,-0.819768697493296
K257G,-0.591806696793708
K257H,-0.969859776599357
K257I,-0.631397285666502
K257L,4.03833870334348
K257N,-0.524763571406297
K257R,-0.0658722600714954
K257S,-1.57686400765102
K257T,2.88065708196179
K257V,-0.13378161219246
K257W,-1.9756334793594
P258A,-0.178939193307111
P258D,-1.19960545296868
P258E,-0.322024226931424
P258F,-1.16369631520719
P258G,-0.84151303977765
P258L,-0.228916137255265
P258M,1.28510487030845
P258N,-1.12458925275775
P258Q,-0.0567176112368896
P258R,-1.02821122463364
P258S,0.706513141323665
P258T,0.47316556523589
P258V,-1.84487396869152
P258W,-0.8561522556456
P258Y,0.144257527296639
R259C,-0.570366584580582
R259D,-1.23211475314903
R259E,-0.724256477557446
R259F,-0.122192345049857
R259G,-0.843204902175939
R259H,-1.29127246994131
R259K,0.500942765393597
R259L,-0.970675538515049
R259M,-0.499542832783179
R259N,0.166566087270636
R259P,0.402871934022578
R259S,-0.920656542288539
R259T,0.694458274602359
R259V,-0.796631245068192
R259W,1.42950252243322
R259Y,4.3193211217328
Q260A,2.94451746944233
Q260C,-0.887964907424484
Q260D,-1.27107356019454
Q260E,0.0721580575755043
Q260F,-1.67436933437015
Q260G,-0.355687617528216
Q260I,-1.38093240958137
Q260K,5.69550262151806
Q260L,-1.30337503754804
Q260M,2.09045101901514
Q260N,-0.600014554979188
Q260P,2.83495385400436
Q260R,2.28621855776532
Q260S,-1.01989675620702
Q260T,-1.32601816497496
Q260V,-1.2140903389533
Q260W,-0.0758907213232904
Q260Y,1.1998880059029
K261A,0.0196792248248394
K261C,-1.17400881895164
K261E,-1.19828701379771
K261F,-0.754049290786592
K261G,-0.770902964061083
K261H,-1.15310716310832
K261I,-0.947250978076537
K261L,-0.270817386478392
K261M,-0.9555339411652
K261N,-1.36799904749567
K261P,-1.48046360896341
K261Q,0.154087178000321
K261R,-0.628148839372473
K261S,0.154733237070742
K261T,-1.16024831394882
K261V,-1.19547286421855
K261W,-0.531037075946178
K261Y,-1.30271403814897
R262A,-0.12977441950733
R262C,-0.673959078093441
R262D,-1.47809950579822
R262E,-1.18212696708191
R262F,0.675986559509355
R262G,-0.358487441490676
R262I,0.33967214580779
R262K,-0.988486565468456
R262L,-1.94270817289912
R262M,-0.722970141153679
R262N,-1.20934806433633
R262P,-1.6241442463513
R262Q,-0.737822123891664
R262S,-1.32367026800948
R262T,-0.597964487820048
R262V,-1.57054073735263
R262W,-1.63190250939412
R262Y,-1.3816776570443
T263A,-0.291856758822063
T263C,-0.0691035758894797
T263D,-1.18159965974425
T263E,-1.01983801894176
T263F,-0.250950035529326
T263H,-0.570563316956494
T263K,0.970449468531448
T263L,0.231017332661167
T263M,1.19095641245982
T263N,1.87317118816423
T263Q,1.56173489080186
T263R,0.766559137760043
T263S,4.40702575994572
T263V,5.2051526896109
T263W,-0.839047475622759
T263Y,-0.532628964446178
A264C,-1.24799667197456
A264D,-0.764595830634852
A264E,-1.03873521054103
A264F,-1.09610702720604
A264G,0.633257939373902
A264H,0.375552368003879
A264I,-0.826083286222244
A264K,-1.32628438581692
A264L,1.46498446770858
A264M,-1.1855196732285
A264N,-1.78131412367293
A264P,-1.26553199773969
A264R,-0.584098290614663
A264S,-0.92168365400589
A264T,2.11481256525381
A264V,-1.2096396219377
A264W,0.612267538370138
A264Y,0.228734926507835
T265A,-0.137615673845028
T265C,-0.0489514929471872
T265D,1.64875218032821
T265E,-1.07084200642369
T265F,0.898756054680743
T265G,-1.3652826738973
T265K,-1.57980804609306
T265L,-0.554838643517486
T265M,-1.30266679520425
T265N,-0.0511680729253925
T265Q,-0.899256574900367
T265R,5.20694593781767
T265S,0.0747393735974478
T265W,-1.02062688222623
T265Y,-0.427119161025959
K266A,1.67154040354157
K266D,-0.88667572154995
K266E,6.37429631634547
K266F,-1.31988957978158
K266G,-0.502150522268001
K266H,-1.13115351210473
K266I,0.966261887031973
K266L,-0.929860095802241
K266N,1.8274684056125
K266P,-0.22819781241647
K266Q,-0.303197130060482
K266R,-0.145366771104787
K266S,2.97684944157501
K266T,0.220154813142949
K266V,0.309475993640614
K266W,-1.46977151039659
K266Y,0.66899968757244
A267C,2.64229913625472
A267D,0.565475536008416
A267E,-0.29499294757036
A267F,-0.780852302814128
A267G,-1.21037447181105
A267I,2.70771496421954
A267K,-0.868185870290524
A267L,-0.315294172805972
A267M,0.402015625166389
A267P,1.32218831808983
A267Q,-0.835980502004947
A267R,-0.398744445442759
A267S,0.973417680127438
A267T,-1.37211391279293
A267V,1.00344228003899
A267W,-0.453845682382408
A267Y,-1.10662165631579
Y268E,0.980616261128229
Y268F,-0.477900195348109
Y268H,-1.54531748976989
Y268I,-0.469951479293124
Y268K,0.111453974965988
Y268L,0.695728415823012
Y268M,-0.521086893707439
Y268Q,0.611735389316193
Y268R,-1.36389507468132
Y268T,1.09700776317847
Y268V,-1.16950870159916
Y268W,0.0151364178175813
N269A,-0.249668476032886
N269C,2.57075532704217
N269D,-0.547562007392787
N269E,0.180257488308406
N269G,-1.33546085499069
N269H,1.23059736477012
N269I,-0.961121359001701
N269M,1.42856395136266
N269S,-0.475530432420961
N269T,-1.04900813851621
N269V,-0.408459025876448
N269W,-0.973328637601524
N269Y,0.908324230741322
V270D,-0.858890559529115
V270E,-0.936579763841429
V270H,0.196198196417574
V270L,-1.63752312328876
V270M,0.643480716093217
V270N,1.19169548454504
V270P,9.78704834582761
V270Q,2.50447603273992
V270R,1.17810726951921
V270S,-1.08959902576347
V270W,0.62299716379222
T271A,2.12538137813503
T271C,0.141044011836646
T271D,0.100966415966627
T271F,0.906872086163464
T271H,-0.0651354777175018
T271I,3.98030603701738
T271K,-0.765533317179116
T271M,0.0781297375980036
T271N,2.84722464325893
T271P,-1.08112880496628
T271R,-1.17367180568081
T271S,-1.05349948923471
T271V,1.69723954262118
T271W,0.540000103789247
T271Y,-0.350566276186157
Q272C,0.364193273065773
Q272D,-0.0907177118127912
Q272E,-0.0595078267342681
Q272G,-0.292743382640994
Q272H,-1.02012162763316
Q272I,-0.115858829113306
Q272K,1.78765198534644
Q272L,-0.448155810543489
Q272M,-0.65062785442357
Q272N,-0.894478990474108
Q272P,0.121068908747689
Q272R,0.726980828333959
Q272S,-0.643625453964708
Q272T,-0.0155413574030681
Q272V,1.70406925420541
Q272W,0.180441118351628
A273D,-0.0451949117974758
A273E,-0.28574223112738
A273H,2.2847731871408
A273I,-0.73674744571763
A273M,-1.45571401701496
A273N,2.18220996460147
A273P,-0.702755281369145
A273S,0.410263420234477
A273T,0.0559177149693179
A273V,-0.748179404409427
A273W,2.67702272187959
F274A,-1.20668119120913
F274D,-1.20643662719773
F274E,-0.0146993004010902
F274G,5.0261831398224
F274I,3.66280736413675
F274L,2.21635661686166
F274N,3.32109042372035
F274P,1.43706249866069
F274Q,-1.23588768841411
F274S,0.0525717641007473
F274V,-0.935856928784808
F274W,1.14314523499291
G275A,-0.769528560797748
G275C,0.589010343555823
G275E,-0.00327453435193421
G275F,-0.874772014688277
G275H,3.3536799127494
G275K,-1.0569695425514
G275L,-0.965109803508107
G275M,1.75468292509998
G275N,-1.345858147226
G275R,-1.1101896119773
G275S,0.468817540455803
G275T,-0.327981075121502
G275Y,-0.272865266217786
R276A,0.606328052880229
R276C,0.130306069946416
R276D,3.45695561097737
R276E,-0.107426742453606
R276F,-1.40181377272822
R276G,3.10675187919879
R276H,0.705921671970067
R276I,-0.577603848825457
R276K,-0.986548420674995
R276L,0.143454182192304
R276M,-0.0151942017063554
R276N,0.652010571128483
R276Q,0.541161675704873
R276T,0.862413741785847
R276V,1.00495610984216
R276W,-0.665704639663822
R276Y,-0.267803246660874
R277A,0.0472978131782381
R277C,-0.193472405344321
R277F,3.36668384509272
R277K,-1.06912416240803
R277L,0.511839014996782
R277M,2.03264960953832
R277T,-1.56079298657822
R277Y,-1.12858796659462
G278A,1.55498099493458
G278F,1.06889389570286
G278H,-1.43956174260393
G278K,-0.316666194883907
G278M,1.0331382362904
G278N,-0.662891180226594
G278P,-1.27482926693587
G278R,0.613159460357064
G278S,0.334410733870352
G278T,-0.616735652598459
G278V,0.338573173328714
G278W,0.0398703956880699
G278Y,1.0882860946488
P279C,0.607247279823478
P279D,2.31650289800456
P279E,-0.473141661440855
P279F,0.448630064509023
P279G,2.75075935749979
P279H,-0.750146299756497
P279I,2.18360222986793
P279K,0.032433142173416
P279M,-0.982521436380538
P279N,-0.208682889068872
P279Q,0.0469775254180598
P279R,-1.10217522310449
P279S,0.97019886669815
P279T,-0.708461715896588
P279V,-0.485165118456558
P279W,-0.250595395928794
P279Y,-1.92895628231016
E280A,1.1417199689532
E280C,-1.38807190162542
E280D,-1.0481914360449
E280F,0.146357343839281
E280I,0.798087500013839
E280K,-0.467000185891057
E280M,1.94676958268598
E280N,1.41786160905121
E280Q,-0.0651852430442939
E280R,-0.025302771445976
E280S,-0.67341372199335
E280T,-0.466790522875752
E280V,-1.04821681473685
E280W,-0.844707723093696
E280Y,6.14682155636872
Q281A,2.04030172706181
Q281C,1.08714631893361
Q281D,0.457306465019079
Q281E,-0.632578254775215
Q281F,2.13658905155778
Q281G,0.70994697055774
Q281H,0.0624086214436973
Q281K,-0.667851171946257
Q281M,-0.33669146581934
Q281N,1.44003863122451
Q281P,0.42782222615914
Q281R,2.85096694434943
Q281S,-0.0301859456648875
Q281T,0.338583891166556
T282A,0.447317554719884
T282C,-0.557098290713366
T282D,-0.260704771187126
T282F,-1.24171393228864
T282G,1.03780575214626
T282H,-1.32315180879396
T282I,5.26973190044659
T282K,0.291324440880019
T282M,0.0526088574865245
T282N,2.10222197908826
T282P,-0.0699749507685085
T282R,0.115791302580631
T282S,1.7936665152552
T282V,-0.335618993363442
T282Y,5.97259967407691
Q283A,2.05039865616912
Q283C,-1.17286479597285
Q283D,1.11507068740042
Q283E,3.05993781236905
Q283F,-0.154491761991075
Q283H,-0.941014236123748
Q283I,3.4577936370624
Q283K,-0.369899199723102
Q283L,0.56666791734236
Q283N,-0.602885247677205
Q283R,-1.20600901183929
Q283T,1.50089014809901
Q283V,-1.18688921676565
Q283W,-0.0859683112301148
Q283Y,-0.206334469331349
G284A,0.26024062987234
G284D,6.41783453579183
G284F,0.8973662873263
G284K,1.39613167605025
G284Q,-0.368518511716595
G284R,1.47449631862144
G284S,-0.588243517128323
G284T,-1.04105794619521
G284W,-1.45060498327813
G284Y,1.1848175851344
N285A,1.97846595750571
N285D,-0.548304458029578
N285E,2.25381933094166
N285F,-0.557908152402035
N285G,2.07908406665196
N285H,-0.559243186676154
N285K,-1.05548554408484
N285L,9.78704834582761
N285M,-0.80316634287374
N285P,-1.02769701014122
N285R,2.37058399317955
N285S,9.78704834582761
N285T,3.0153649383291
N285V,-1.8145895581529
N285W,1.07288202311354
N285Y,0.85281047572557
F286A,6.26963756629748
F286C,-0.63608520701857
F286D,-0.693409032565489
F286E,0.0801180985890502
F286G,-1.2467021088659
F286H,1.01830543691208
F286L,-0.235429585689079
F286N,0.158957154540159
F286R,-1.13268487866093
F286S,-1.49544909396421
F286V,-0.0996463702132373
F286W,0.410517493691477
F286Y,-0.119434924596073
G287A,-0.254082863952371
G287D,2.36880219269124
G287F,-0.10988279786442
G287H,-0.539876432867318
G287K,2.18308206976592
G287L,0.469583290272517
G287N,-0.429835089813588
G287R,-0.642032969486643
G287V,-0.29520758081937
G287Y,-0.971779683271465
D288A,-0.986086936530806
D288C,-1.15910819420395
D288E,0.814556040506818
D288I,0.916404798921044
D288L,0.871153278059206
D288M,1.03371186515899
D288N,2.40027242853427
D288R,2.36718811568562
D288S,-1.47318013444014
D288W,-0.975337594847307
Q289A,0.105519630154234
Q289C,0.80948085835821
Q289D,2.03053612118968
Q289E,4.25213134646534
Q289F,0.180406022154427
Q289I,1.2399377253964
Q289K,-0.074380270343858
Q289L,5.31523322694602
Q289N,9.78704834582761
Q289R,-0.510907419573456
Q289S,1.61077793434014
Q289T,1.07145248754623
Q289V,1.15755232999156
Q289W,0.159329183932824
E290A,0.257829232313623
E290D,-0.833112578926517
E290F,2.75330898917116
E290H,2.29508269763955
E290I,0.168372259425968
E290L,-0.930227654226765
E290M,1.14118596703665
E290N,-0.378264950770282
E290P,0.0237927026787646
E290Q,-1.30455608053244
E290R,-0.27189973213445
E290S,5.90864154729174
E290T,0.241873522231839
E290V,-0.205385143764629
E290W,0.0227335365019395
E290Y,0.428143487693717
L291A,0.378376348793302
L291C,4.97731710779685
L291D,-1.27080417366632
L291E,-1.29586497355497
L291F,1.15275374516459
L291H,-2.01420778279901
L291I,-0.427966621472161
L291K,0.0218024107476401
L291M,1.71701222048229
L291N,1.03520197271425
L291P,-1.36057264960949
L291R,0.879490759527104
L291S,-0.0812510742451394
L291T,7.95082845056197
L291W,-0.750468703458697
L291Y,0.268062455784666
I292A,-0.500038988433317
I292D,0.156049607359427
I292E,2.53143443794729
I292G,2.77797520195064
I292H,-0.366832148707258
I292K,0.551677905649543
I292L,1.51188583430214
I292M,-0.794628678964927
I292N,3.84123257412027
I292Q,0.0228720671432083
I292R,0.563989614786868
I292V,0.170932489240282
I292Y,2.82205582768755
R293A,-0.566431360445182
R293C,2.27339543317249
R293D,-0.782393169189889
R293E,-0.215633889526083
R293F,0.821463745378058
R293G,0.69845645550508
R293H,0.0851696018680617
R293I,-0.160123950637899
R293K,0.596770928632925
R293M,1.41527851872502
R293N,0.101143406545811
R293P,-1.54926563321188
R293Q,0.831528186507895
R293S,-1.22876088843535
R293T,-0.153602916292112
R293V,0.273932270498839
Q294C,-0.00523156482346428
Q294D,1.18661453605299
Q294E,-0.729049019971741
Q294F,-0.525114659378564
Q294G,0.0967981740220053
Q294H,0.136339941357931
Q294I,-0.0295597100800534
Q294K,-0.0577527418263035
Q294L,-1.56492239240154
Q294M,1.27392488596933
Q294N,0.0421335006626326
Q294R,0.490738903313383
Q294S,0.123276270257642
Q294T,-0.493785247496642
Q294V,-0.610765615696734
Q294Y,0.866808416082569
G295D,-0.309409162270772
G295F,2.24021394052905
G295H,-1.2448422445462
G295I,0.477450778447914
G295L,0.0642372336923674
G295N,1.59809456819087
G295R,0.415950216001758
G295V,0.248956440218531
G295W,0.677592941593079
G295Y,-0.530272812836845
T296C,0.153012783331067
T296D,-0.0560822702653879
T296E,-1.04017173242747
T296F,0.0540443044002688
T296G,-1.25065485697857
T296K,0.803683095649349
T296M,0.298390323955019
T296N,-1.473251979042
T296P,2.5615556626886
T296R,-0.651605429038902
T296S,-0.0552457947158564
T296W,0.296900453867313
T296Y,0.806987619167904
D297A,0.32207094662839
D297E,-0.862910525534933
D297F,-1.02523648850321
D297G,-0.278556759438302
D297H,-0.360343753597467
D297I,-0.047697207701047
D297K,0.560924639374172
D297L,-1.18748107566618
D297M,0.104454326022799
D297N,-0.255440064513354
D297P,-0.238041917013811
D297Q,-0.0448346340054318
D297R,-0.983167695802196
D297S,-0.513032386051764
D297T,-0.589544486482224
D297V,-1.43957904317692
D297W,-1.13077500986726
D297Y,-1.68453494068692
Y298A,-0.35884546901405
Y298E,-0.0801997525269389
Y298F,-0.95291494503453
Y298H,-1.58771618109508
Y298K,-1.17559220293655
Y298L,9.78704834582761
Y298Q,0.437437634560139
Y298R,-0.399993040186456
Y298S,2.57950791201724
K299A,0.198417976727616
K299C,-0.281990879065435
K299D,-0.572109764335839
K299E,-0.630360211889532
K299F,-0.916671963850215
K299G,-0.291175933828712
K299H,-0.429380944286191
K299I,0.311785678295537
K299L,-0.767176300448913
K299M,0.953105849468588
K299N,-0.265972030518319
K299P,-0.938855379134389
K299Q,0.553463004007308
K299R,1.1447151497673
K299S,-0.810605346343235
K299T,-0.901184072280549
K299V,-0.488303793236459
K299W,-0.320868019669941
K299Y,-0.525209034802276
H300A,0.19136273783032
H300C,-1.33379081234236
H300D,-0.232624976934789
H300E,0.372029262510406
H300F,1.09027764971853
H300G,-0.0469572434671024
H300K,0.335656859837264
H300L,-0.247155566211642
H300M,-0.476295363007201
H300N,-0.410834842772275
H300P,1.63065061429962
H300Q,-0.533141311825354
H300R,-0.504257090202604
H300S,-0.172318553429762
H300T,-0.667469282705497
H300V,-0.673520797578661
H300W,0.497970539711313
H300Y,-1.51343209387036
W301A,1.97239170708756
W301D,-0.127253339298884
W301E,-0.838046112229211
W301F,0.0160281420297172
W301G,0.107483006780412
W301L,-0.288196078143269
W301P,0.942451242449866
W301Q,-1.47388437040367
W301T,-0.611852559616505
W301Y,2.24776513064458
P302A,0.501796879763403
P302C,-1.20839324729143
P302D,-1.17186216017643
P302E,-0.441600472006604
P302F,-0.833537748032488
P302G,0.403076980302581
P302H,-0.624296218177083
P302I,-0.807165268693575
P302K,-0.501750805678983
P302L,-0.936789049054509
P302M,-0.96844210716174
P302N,-0.29327500628442
P302Q,-0.677293559310192
P302R,-0.475605517237656
P302S,2.98809547585064
P302T,-0.447674159630326
P302V,-0.807145081417637
P302W,-0.958827741238912
P302Y,-0.0213853619163603
Q303A,-0.437297657547424
Q303C,-1.09398449466984
Q303D,-0.826898041288583
Q303E,-0.171752344893385
Q303F,-0.506421664996432
Q303G,-1.12169016177163
Q303H,-0.490609261452395
Q303I,-0.579526614568839
Q303K,-0.0434288731593996
Q303L,-0.382522696297746
Q303M,-0.52817198401361
Q303N,0.110502402494374
Q303R,-0.25989370643804
Q303S,-0.551108758078655
Q303T,2.57904746744323
Q303V,-0.388079667900751
Q303W,-0.976948799623326
Q303Y,-1.14828586427097
I304A,-0.981853977308145
I304D,-0.539121445434231
I304E,-0.954182680806952
I304F,-0.0519135602420514
I304G,8.46038867596571
I304K,-0.78059435354523
I304L,-0.294619035089211
I304M,-0.773707431792063
I304N,-0.645690551700582
I304Q,0.698611660959624
I304R,1.01229779058236
I304S,-1.33456629719735
I304T,-1.12106262068366
I304V,-0.0937625450175938
I304Y,-0.828556679884163
A305C,-1.1330174723676
A305D,-0.571015469294726
A305E,-0.77904595784649
A305F,-1.39490077863338
A305G,-1.74130891957305
A305H,-1.25842913130158
A305K,-0.730035154016924
A305L,0.513772203707814
A305M,-1.21735477817971
A305N,-0.878146955892858
A305P,2.73110842274508
A305Q,-0.608637500279021
A305R,-0.744571728311658
A305S,-0.662629528996866
A305T,-1.44852158106481
A305V,-1.01165992953863
A305W,-1.19074368481069
A305Y,-1.08771193145267
Q306A,-0.0830063167164296
Q306C,-0.398301309191092
Q306D,-0.927861328360869
Q306E,-0.329872004512222
Q306F,1.20665043498768
Q306H,-0.666197010011696
Q306I,0.331502332350767
Q306K,-0.0445971183707566
Q306L,-1.72366600418192
Q306N,-0.355555686422959
Q306P,-0.248597302808665
Q306R,0.538663091891214
Q306S,-0.15141633378197
Q306T,-0.874223542329825
Q306V,-0.148888630674086
Q306W,1.75674513668369
Q306Y,0.139989497877005
F307A,4.08938751160212
F307D,-0.946108188727533
F307E,-1.06912416240803
F307I,-1.10734500981097
F307K,-0.709809518665284
F307L,3.04398169804857
F307M,-0.885902934664432
F307N,-1.17548247401557
F307P,-0.556492450469111
F307Q,-0.418310686852052
F307R,-1.13470678547762
F307T,-0.283653503175752
F307V,-0.514829031755589
F307W,1.29037132252842
F307Y,2.16928001903056
A308C,2.47460969160906
A308D,4.595522589727
A308F,-0.0243352285498484
A308G,-1.36824727283504
A308H,-1.47385127503922
A308I,-0.283706685585376
A308K,-0.370023892504521
A308L,-0.082405576344569
A308N,0.634556773919511
A308P,-0.186509023892743
A308R,-0.446467657552425
A308S,-1.28402230164472
A308T,8.29434041098561
A308V,-1.72521560515082
A308W,-1.34303776073563
P309D,1.30888728110313
P309E,3.04747340254132
P309G,-1.49892260512212
P309L,-0.637874698275008
P309M,-0.457142166620591
P309R,0.540949813621464
P309T,-0.473059301724956
P309W,0.0994128631602247
S310A,4.67058064171382
S310C,-1.18220331815656
S310E,-1.19301569608934
S310G,-0.711902507350735
S310H,-0.765037815040533
S310I,-1.11740043113909
S310K,9.78704834582761
S310P,-0.187404214005024
S310T,-0.111909015026518
S310V,0.167515246516159
S310W,-1.26553199773969
A311C,3.04251114034344
A311D,-0.94578517212861
A311E,-0.585437177291422
A311F,-0.320641366236906
A311G,-0.430700580345795
A311H,1.75633967622087
A311I,-1.07781634086643
A311K,1.49803132041671
A311L,-1.49304870617666
A311M,0.139504750325321
A311P,9.78704834582761
A311Q,-0.166897649880984
A311R,-0.650355111902302
A311S,0.316500835766489
A311T,-0.00166444835198268
A311V,-0.367620722301233
A311W,-0.752392508473933
A311Y,0.789462135733571
S312C,-0.975271815722763
S312D,3.38366539739832
S312E,1.0428124197087
S312G,-0.729560794247789
S312L,-1.42800547653431
S312M,-0.729392778327217
S312P,-1.5911408965887
S312Q,-1.92802111500053
S312V,5.3005418371263
S312W,-0.960001297391047
S312Y,-0.529788234713056
A313D,-1.2826436035815
A313E,2.15396664183068
A313G,-1.80140863511615
A313I,1.3448781121426
A313K,6.26992933918648
A313L,-1.2783977445792
A313N,-1.14805051279373
A313Q,0.0882161942382595
A313T,-1.9520971840397
F314A,9.78704834582761
F314D,-1.35081302143644
F314E,2.87119276929925
F314G,-1.34789683514044
F314K,-1.05315921203949
F314S,-1.89405917112321
F315C,-0.430888562040876
F315D,-0.438756792443353
F315E,2.04122524810337
F315G,0.765701476797935
F315H,0.57079315844922
F315I,-1.77657523694182
F315K,-1.40181377272822
F315M,-1.17468056105706
F315N,-1.18931374163507
F315Q,2.69176353209883
F315R,-0.891933348904417
F315T,-0.512119206345349
F315W,0.471891764826679
F315Y,0.0179435937126585
G316A,-1.05285724324923
G316C,-0.226055482176078
G316F,3.72755946578441
G316H,0.677379717543952
G316K,0.867359336955356
G316L,-1.12553607362836
G316P,0.347276637351057
G316R,-0.937218824504842
G316S,1.08014809804918
G316V,-0.123434741226048
G316Y,-0.712511564203153
M317A,-1.81334572001031
M317D,-1.3598307102231
M317E,-0.109806347577851
M317F,-0.541452613020475
M317G,1.32510852212995
M317I,-0.079115700496508
M317Q,-1.44198462536848
M317V,0.446438952438593
S318A,-1.32186213867418
S318C,0.770573581174965
S318E,0.619049651074725
S318F,-0.743773776865286
S318G,-0.613570059944568
S318H,-0.16167072592286
S318K,-0.588500764410762
S318L,9.78704834582761
S318R,-0.437986495640969
S318V,0.997419751827958
S318W,0.856170424292652
S318Y,0.593605877125988
R319D,-0.498659589575376
R319E,-0.0635461001451638
R319F,-0.0473443787334539
R319I,-0.0920864181749571
R319K,-1.2101579525579
R319M,0.867421942926252
R319N,-0.805376566843666
R319P,1.38780465358416
R319Q,-0.888747016752449
R319S,-0.979209800420445
R319T,-1.74130891957305
R319V,0.213454121624629
R319Y,4.50003935010314
I320A,0.69510491589654
I320C,1.33488196908194
I320F,-0.701670913441377
I320G,-0.878291217279131
I320K,-0.324019222562002
I320L,6.04844861440176
I320M,0.156357244298835
I320N,-0.973954431572008
I320P,-1.43505455606632
I320Q,0.609634039807264
I320S,0.226684391890353
I320V,-0.144166410816311
G321C,-1.38942382267529
G321D,9.78704834582761
G321E,-1.2995033610603
G321F,-0.247345359733934
G321I,5.8806405793508
G321K,-0.763523977312407
G321L,-0.498379985994601
G321M,-1.26363954088299
G321N,-1.1642301716326
G321R,0.147188231437365
G321S,1.97280190130335
G321T,0.386876512262351
G321V,-1.01131912789371
G321W,0.0189889908987186
M322A,1.3727317128802
M322C,0.128243048673731
M322E,-0.618886591216061
M322F,-1.31084547201633
M322I,0.986828252125338
M322L,0.813905909794442
M322P,-0.466185852319575
M322Q,-1.42303689596223
M322R,5.00708543206573
M322T,-0.769424935844561
M322W,-0.695869781173964
M322Y,-0.403505751089874
E323A,-0.354512662212133
E323C,-0.892456340407005
E323D,5.90341825168345
E323F,1.13184039309164
E323G,0.0829978471075362
E323I,-0.478457465177497
E323M,0.0596656634584551
E323N,-1.48735979969277
E323P,-1.26898919586895
E323Q,0.460106631034363
E323R,-0.594701898632377
E323S,-0.52169833347335
E323T,-1.00373260025695
E323W,-1.17693439812782
E323Y,-0.153568918287313
V324A,-1.25987275746626
V324C,0.434722392312095
V324D,-1.078650953316
V324E,-0.385663925816056
V324F,-0.86480549273681
V324G,2.31180715312435
V324I,0.601171860184926
V324L,-1.49560142979877
V324M,-1.26782039728868
V324N,-0.987067163264881
V324P,3.43021757999617
V324Q,-1.03537359051268
V324R,0.0150037115985453
V324T,-0.534396578900075
V324Y,0.205718812918976
T325A,-1.12108339314527
T325C,7.74675549546514
T325D,-1.263044978201
T325E,-0.160390967503456
T325F,9.78704834582761
T325G,0.0888589058764453
T325I,1.80583252198216
T325K,0.265364092632865
T325L,-1.70450765444208
T325M,0.0664527569724054
T325N,0.566261496349163
T325Q,0.75969541681608
T325R,0.217062325013648
T325S,0.480676873340078
T325V,0.940699952989506
T325W,-0.0576584945235501
T325Y,0.452867832692851
P326A,-0.497078977715823
P326D,0.214804404128986
P326E,1.25629375059236
P326F,0.375346094536843
P326G,0.434628187468368
P326H,0.262912708890887
P326I,-0.10547133001884
P326K,0.0688449004188876
P326L,-0.0996585076119221
P326Q,-0.131404443820083
P326R,1.6807750560067
P326S,-0.0899240787905473
P326T,-0.907885843367383
P326V,-0.44401532603383
P326W,-0.32576128793504
P326Y,-0.222427202867795
S327A,-0.280042757362551
S327C,-0.497684888254363
S327D,3.26813227008187
S327E,-0.0324472705213297
S327F,-0.20442721719124
S327G,-0.755846081746809
S327H,-0.325611853776557
S327I,0.0961349232390707
S327K,0.931892496758147
S327L,-0.344293035014983
S327N,-0.0277113826495627
S327P,-0.427597143157817
S327Q,-0.175516696851456
S327V,-0.266595552339218
S327W,0.00498951519410692
S327Y,-0.550877134748135
G328A,-0.16003021054281
G328C,-0.844847716948197
G328D,-0.425796395746213
G328E,-0.868036444819857
G328H,0.0433860055742243
G328I,0.64251064206995
G328L,0.569057336642207
G328M,-0.886138685056759
G328N,-0.83254062706916
G328P,-1.20982855031821
G328Q,0.102115315942144
G328R,2.05283454483188
G328S,0.0484555536095769
G328T,0.306541364417884
G328V,-1.53539916939945
G328W,1.33329959265717
G328Y,-0.700491621804096
T329A,0.0254997954584909
T329D,0.921050819646514
T329E,-0.307558724057731
T329F,-1.02173395952536
T329G,-1.15332674215596
T329H,0.951404789693268
T329I,-0.220992412586831
T329L,-0.861168185677888
T329N,-0.180287477049969
T329P,2.25217517099359
T329Q,0.242345876460219
T329S,2.83172885162709
T329V,-0.202358033231806
T329Y,-0.924998422807181
W330C,0.638022546023841
W330D,-0.3155084339384
W330F,1.93449702789801
W330G,0.220494517408192
W330H,-0.491213653021611
W330I,-0.784001839962614
W330K,-0.661858836195101
W330L,-1.12574100293658
W330M,0.182804525563306
W330N,4.41685605930257
W330R,0.537944434530963
W330S,-0.569936656900632
W330T,1.79024609910232
W330V,-0.119819488202072
W330Y,0.19803339204742
L331A,3.01200025578479
L331C,-1.8279656031869
L331D,-1.17029042023047
L331E,2.59985841046814
L331G,-1.52728396013114
L331H,-0.288367493085365
L331I,0.172582158078756
L331K,0.288404724914365
L331M,-1.02421409804358
L331P,-0.276903729800187
L331Q,0.728367754087954
L331R,1.28510487030845
L331T,-0.627279967217485
L331V,0.32156027435928
T332A,0.712999921462652
T332C,-0.261894460818587
T332D,-1.72951882731132
T332E,-0.42232540960964
T332G,-1.05366165365735
T332H,-0.604436522131698
T332I,1.27288230934714
T332K,0.309475993640614
T332L,1.50568520119046
T332M,0.335148690806949
T332N,0.221515444318527
T332P,1.43316307575611
T332Q,0.0304185557313825
T332R,-1.10238272116852
T332S,0.537063571299982
T332V,1.09001047568807
T332W,-0.277779769987205
T332Y,-1.19006738253918
Y333D,-1.16614720352304
Y333E,-0.519681105614548
Y333G,-0.960895529913927
Y333H,-1.29106027805702
Y333I,4.14991368452157
Y333K,-0.0962316566790235
Y333M,-0.990540618705117
Y333P,3.30189971618392
Y333Q,-1.0823512885364
Y333R,-1.33256800531298
Y333S,2.79209223868365
Y333T,-0.0475512575442627
Y333V,-1.36784516641506
Y333W,1.34672483052389
T334C,1.29840394373777
T334D,0.279437916887426
T334E,-1.8145895581529
T334F,-0.637600169059903
T334G,1.57343334567353
T334H,-0.151039806077626
T334I,0.209974324839067
T334K,-0.541637750211081
T334L,-0.356352747684129
T334M,-0.881540331515222
T334N,1.10062005257478
T334Q,0.547823185610424
T334S,4.02655977105791
T334V,1.00667213679668
T334W,0.653393592332925
G335D,0.581671580627179
G335E,-0.995342515538836
G335F,-0.496892875014178
G335H,-0.958367126842638
G335I,2.17082150803224
G335K,-0.622142001622521
G335L,0.827808053826009
G335P,-0.230846925323491
G335Q,-0.924951798640644
G335R,1.20255912196277
G335S,-1.19020843280878
G335T,-0.344895735678702
G335V,0.208139341964994
G335W,-0.703560810351153
G335Y,-0.00854198091712619
A336C,-0.232226907491445
A336D,0.26530194358726
A336E,0.0571760330254664
A336F,-0.42335910880805
A336G,-0.227491172211472
A336H,-0.534969418253756
A336I,-1.13821183431436
A336K,-0.0606276358768548
A336P,0.4229874637225
A336Q,0.208571457299442
A336R,3.01272456165005
A336S,0.445811030050765
A336T,0.673790501255474
A336V,0.29396468149776
A336W,0.330967406609775
A336Y,-0.846776184004211
I337A,-1.25424218045451
I337C,-1.42428764957569
I337D,-0.597054481160383
I337E,0.108091586021308
I337F,3.23059759651025
I337G,-1.24439110721957
I337M,0.374053753494962
I337P,-0.622381032818998
I337Q,1.32159169990693
I337R,0.315272037914606
I337S,2.26714423337723
I337T,-1.06912416240803
I337V,1.70430637270344
I337W,-0.835792080784601
K338A,1.4633304468314
K338C,2.66478097310747
K338D,-0.187097162363115
K338E,0.924203123799197
K338G,-0.109873897640375
K338H,-0.736812581184001
K338I,-1.31207209972004
K338L,-1.51960986722985
K338M,0.105414052581654
K338N,0.424607344326973
K338P,0.499577716794078
K338R,2.65825676960614
K338S,-0.437578974402484
K338T,1.95721113232171
K338V,0.521954144004814
K338W,-0.975383806663232
K338Y,2.63939975512376
L339A,-0.792555190717698
L339C,2.41717878751236
L339D,1.14789537047417
L339E,-1.90143798926917
L339F,-0.245425938188121
L339G,-0.481524801303101
L339H,-0.473551215134286
L339I,-0.742225387688008
L339K,2.19371317795708
L339M,0.495230545393435
L339Q,-1.27338637134034
L339R,-0.854151390697343
L339S,-0.83046468235654
L339T,-1.1506507207041
L339V,-0.122192345049857
L339Y,-0.230846925323491
D340A,-0.00635860541738252
D340C,-0.392411443834648
D340E,-0.666367476217391
D340F,2.50747339119249
D340I,-1.40557938137561
D340K,-1.53828568078923
D340L,-1.66186476353558
D340M,0.633693962172492
D340N,-0.583922078894905
D340Q,-1.5751494566655
D340T,0.145796267143135
D340W,-0.282567754911928
D340Y,0.664953344399447
D341A,-0.644420196818817
D341C,1.26957712484669
D341E,0.355022661029799
D341F,-1.71646307306576
D341G,-1.74157636644373
D341H,-0.451267664871831
D341K,-0.26584666843885
D341L,1.75153395390324
D341M,-1.43122963078606
D341N,-0.243443272373671
D341Q,0.667389970422219
D341R,-0.322357169632175
D341S,0.0159459892691181
D341T,-0.0359535708722135
D341V,-0.843333734200619
D341W,-0.296433217668801
D341Y,-1.0679081449327
K342A,0.432537890582409
K342C,-0.91949855630212
K342D,0.930260766618037
K342E,-0.158705182684581
K342G,0.830425330873863
K342H,-0.674706851369297
K342I,-0.943055457047491
K342M,0.541669272719812
K342N,1.07060560443541
K342P,-0.565907479686146
K342Q,1.83367710167703
K342R,4.21252060628495
K342S,2.76238948051932
K342T,1.12504534455043
K342V,-1.18101002389471
K342W,-0.288367493085366
K342Y,0.44493896325894
D343E,-0.199383414428698
D343G,-0.14956121369796
D343H,0.921189733999634
D343K,1.44398649939006
D343M,-0.0114613613365905
D343N,1.00930471946921
D343P,1.28304293666538
D343Q,1.02125968170621
D343R,-0.325311071240109
D343S,1.50316283182615
D343T,2.8794038470631
D343Y,0.420855636333278
P344A,-1.0747635697461
P344C,-1.1267790752044
P344D,-0.783306220565765
P344E,0.857779969263466
P344F,-1.33623449011027
P344G,0.463151597778931
P344H,0.870969338598259
P344I,-0.386593166845801
P344K,-0.9336226520741
P344L,-0.67754018444581
P344M,0.325115501359108
P344N,0.269683922583989
P344Q,-0.109326150139662
P344R,1.89718256203636
P344S,1.20343989919295
P344T,0.623080273551674
P344W,2.9152877954709
P344Y,-0.248102637412726
N345A,0.89690945064417
N345C,2.49754028794461
N345D,-0.207657506739181
N345E,-0.209087995369544
N345F,-0.340597746011056
N345G,0.571322893454239
N345H,-0.580869217652545
N345K,1.39321627110399
N345P,-1.52455645913832
N345Q,2.37663307388874
N345S,-0.111922592969654
N345T,-1.3610257572158
N345V,0.185239705228704
N345W,-0.854973730579788
N345Y,-0.484364443145198
F346A,-1.54799081546615
F346C,1.1886232895731
F346D,-0.709901528376106
F346E,-0.921430339761805
F346H,-0.260025809812743
F346I,0.250994993020791
F346K,-1.31584891362077
F346L,-0.413828216209351
F346N,0.465306700579313
F346P,9.78704834582761
F346Q,-0.737446756184133
F346S,-0.124351293610641
F346T,0.102047611319253
F346V,-0.051076942364415
F346W,-1.22656333350816
K347A,-1.20215029235273
K347C,-0.272729756527875
K347D,0.513469405433889
K347E,1.26441328178723
K347F,1.31711063763913
K347G,0.294540633977196
K347I,6.29703894185863
K347L,-0.523588085460569
K347M,-0.110934406283393
K347N,-1.13339170417873
K347P,-0.32200685113066
K347Q,-0.238799932008316
K347R,0.358922855471416
K347S,0.451364693538181
K347T,1.21022987874084
K347V,-0.383687154682858
K347W,-0.108018710126111
K347Y,-0.772084993221178
D348A,0.27122373551808
D348C,0.764642802789742
D348E,-1.48273967809549
D348G,-1.30939462754474
D348H,-0.0234887183031834
D348I,0.485506426173066
D348K,-0.383619960689371
D348L,1.70149966372883
D348M,4.00453885701027
D348N,-0.0948843295909221
D348Q,-0.539876432867318
D348R,1.4363793559587
D348S,0.286815246832424
D348T,2.62519547148428
D348W,-0.687376121107231
D348Y,-0.148720500221637
Q349A,-0.0869399274907973
Q349D,1.81537746169804
Q349E,-0.889159794627053
Q349F,-0.758619266475005
Q349G,-1.63081335662643
Q349H,-0.22251815775155
Q349I,0.939888262900593
Q349K,0.223434316477307
Q349L,0.204568585126082
Q349M,1.73099049937743
Q349N,0.962857780950989
Q349P,0.344452329415507
Q349R,0.989314635247743
Q349S,0.158829883630035
Q349T,-0.433946465647498
Q349V,-0.855015874213821
Q349W,2.55880631969356
Q349Y,-0.459183191793125
V350A,-0.584585138523018
V350C,2.35533944983263
V350E,-1.51390601067736
V350F,1.51152254388124
V350G,-1.5047963622181
V350I,6.33310471756076
V350K,-1.1842766202225
V350L,1.11659462021978
V350M,2.86116100416799
V350R,-0.0807007181950508
V350T,-0.155159014874495
V350Y,-1.10734500981097
I351A,1.42796781860815
I351C,0.160996984109006
I351D,1.23767571345386
I351E,0.281862135477278
I351F,-0.265750173508078
I351G,0.295237803462829
I351H,-0.068793868716913
I351K,0.182751800981261
I351L,0.163319392295092
I351M,-0.19491144768516
I351N,-1.57617057786986
I351Q,-0.265385594692601
I351R,1.73843026102376
I351S,0.0707370089661796
I351T,-1.19119062370338
I351V,5.63616611362467
I351W,0.0747133897524624
I351Y,-1.08712663715073
L352A,-0.0889582737538274
L352D,2.08746818964606
L352E,0.466582610629223
L352F,-0.713881506607056
L352G,-1.4719074127106
L352H,-0.884657783636009
L352I,-0.271182921436024
L352M,-1.13152151804331
L352P,-1.11600529883664
L352Q,-1.32769263129419
L352R,-0.295340964809636
L352S,1.52511911355243
L352V,-0.789245964875308
L353A,0.309809510744994
L353C,-0.414252070763469
L353D,-0.30185191803903
L353F,0.824950643495739
L353G,0.751380535812218
L353H,-0.852353055800594
L353I,-0.706926410410046
L353M,1.60824043136789
L353N,2.73575412421179
L353P,0.19526030221229
L353Q,-1.61532999784039
L353R,1.72532547309434
L353V,-0.136767848365286
L353W,0.542529373113969
N354A,-0.829328254987252
N354C,0.451319837497838
N354D,-1.41861425029034
N354E,2.77703328966507
N354F,-1.17734391434192
N354G,-1.12587881679739
N354H,-1.30158682149504
N354I,0.050204203862589
N354K,0.517883109555101
N354L,0.808090618451948
N354M,-0.652946745184135
N354Q,0.793633589957743
N354R,1.58822404612012
N354S,-0.25949463438718
N354T,0.26271240382926
N354V,0.000680708074407044
N354W,-0.705882595626016
N354Y,-1.24848908556459
K355C,-0.805633806644759
K355D,-0.31680335650091
K355E,-0.765242328892991
K355F,-1.18373519812724
K355G,1.59915274563492
K355H,-0.943219693176699
K355I,-1.23698443115388
K355L,-0.8764735377319
K355M,-0.927775448022704
K355N,-0.805717112508912
K355Q,-0.327618953222318
K355R,-0.155580643855715
K355S,0.368787523402377
K355T,-0.189566163311005
K355V,-1.04239860579029
K355W,-0.110876724958055
K355Y,-0.693013519095056
H356C,1.64705370283071
H356F,0.244520071720564
H356G,9.78704834582761
H356I,-1.12480304993375
H356L,-0.161905520913294
H356M,-0.750771845179583
H356Q,-1.2255893737165
H356S,1.22935150971913
H356V,0.00560230006643346
H356W,1.0007066389985
I357A,-1.68076553891612
I357C,1.64909796562206
I357D,0.0699475229399633
I357F,0.752906209311798
I357H,-1.15903029736062
I357M,-1.14125473337762
I357Q,0.560179698008629
I357S,-0.808564446111175
I357T,-0.352248150551162
I357V,-0.837454526334091
I357W,-0.665288136599672
D358A,-0.363961047282602
D358C,0.143489296565716
D358E,-1.07316091244224
D358I,1.77475765236041
D358K,-0.722598649063018
D358L,3.9225147732646
D358M,0.735918243403472
D358N,-1.21717065588265
D358S,0.0842731900508381
D358T,2.84722464325893
D358V,1.29016383327492
D358W,-1.0056139521583
D358Y,0.173932617122
A359D,-0.782802996681643
A359F,-0.255669859996188
A359H,-0.681893467121584
A359Q,-0.806145144922363
A359R,-0.789796780137858
A359S,-1.44343090261613
A359W,1.35734564255145
Y360A,1.32560904155598
Y360C,6.39558048451171
Y360D,9.78704834582761
Y360E,0.62299716379222
Y360F,-0.981584949996457
Y360G,0.620917449792364
Y360H,-1.02037757481836
Y360K,-1.02043933024154
Y360L,-0.443930067402872
Y360N,0.163319392295092
Y360P,7.2504101475042
Y360Q,0.377513762873884
Y360R,-1.17983594355566
Y360S,1.40472231529019
Y360V,6.10981998867284
Y360W,0.0403514289579889
K361A,1.48851031653536
K361E,0.76926150382079
K361G,-0.632865071738577
K361I,-0.455650841212264
K361L,3.34907481999595
K361M,1.45019723240095
K361N,1.28102645637826
K361P,3.74895513862314
K361Q,-0.0644774799075628
K361V,1.24834463992835
K361W,0.798123269152788
K361Y,-1.91344264195936
T362C,2.26423503606211
T362E,-1.71051042649469
T362F,1.38647878268721
T362G,-0.0321884786679529
T362H,1.3888112005846
T362I,0.326253064656144
T362K,-0.613751452952313
T362L,-0.342738729974021
T362P,-0.687947776472686
T362Q,1.46259061335407
T362R,0.892959190079936
T362V,-0.305957380862663
T362W,0.124684373042028
T362Y,0.616540087252073
F363C,-0.131388332394829
F363D,-0.153020849646639
F363E,-0.30927833687437
F363G,0.735633601689952
F363H,-0.141084059703377
F363I,-0.590748364016802
F363K,0.057376612903699
F363M,0.885580762694524
F363N,2.66483921250332
F363Q,-0.321645548859872
F363R,0.376907690679849
F363S,0.439662754115532
F363T,-0.18298920287054
F363V,0.623635421410416
F363W,-0.428160186529358
P364A,-1.61977092871757
P364C,1.6428831403805
P364D,-0.579581928750418
P364E,-0.172367447250498
P364F,3.45138476226647
P364G,1.81193881507175
P364H,-0.0388523295587896
P364I,-0.144852589410681
P364K,0.163356748197379
P364L,-0.113628327860009
P364M,6.08112192048478
P364N,-0.129224735026865
P364Q,0.916788775672468
P364R,-0.0123111327391143
P364T,-0.293554920636946
P364V,0.227232364554419
P364W,1.06097295892385
P364Y,-0.76057876556757
P365A,-1.19728727758552
P365C,9.78704834582761
P365D,0.686264273036184
P365E,-0.913110987772213
P365F,1.51210389928119
P365H,-0.318470363748256
P365K,-1.2380638289113
P365M,3.14662069583157
P365N,-1.63371209259119
P365Q,-0.739527092732303
P365R,-1.45060498327813
P365S,1.44021461745926
P365T,0.502570424313992
P365V,1.37199765303386
P365W,-1.06989640710008
T366A,1.78034833751222
T366C,-0.0904588170743523
T366E,0.592210593921343
T366F,1.16262359792043
T366G,0.269078831614056
T366I,-0.342378322458802
T366L,-0.785345061167008
T366N,0.816922195571959
T366P,0.726338547330752
T366Q,0.252570925104762
T366R,-0.209770178153073
T366S,1.29045358751419
T366W,2.51365695576037
T366Y,-1.52596612861757
E367A,3.18223806144857
E367D,2.97069775115132
E367F,-0.999299826106542
E367G,0.633278194281076
E367M,0.466360949159344
E367N,4.2749188320436
E367R,-0.0337807208283044
E367S,0.0691028948538936
E367T,9.78704834582761
E367V,0.838876672203135
E367W,-0.735671450912111
E367Y,0.55622781981161
P368A,0.4344656680595
P368H,0.064133541009366
P368K,1.87845767387743
P368N,0.223434316477307
P368Q,-0.424314802221006
P368R,0.598147946390007
P368S,0.816922195571959
P368T,-1.7379282672388
P368V,3.35569837604156
P368Y,1.43510247427236
K369A,0.769757652799485
K369D,-0.384706259070375
K369E,-1.626632210628
K369F,-1.42119160431576
K369H,0.714862025289561
K369L,6.42540922216943
K369M,0.296368238709735
K369N,3.64362204964386
K369P,-0.692663505318598
K369Q,-0.476426391500651
K369S,2.34290658774851
K369T,0.209814169637512
K369V,0.634368262543464
K370A,0.178859855936969
K370C,5.36259720224188
K370D,0.517253014570318
K370E,1.52222746850652
K370F,0.863774548391051
K370H,0.0558626353637496
K370I,0.575539971548601
K370L,0.557109206637721
K370M,5.7324501901705
K370N,-0.0879077764351065
K370P,-0.879154148910175
K370Q,-1.16368828931418
K370R,-0.26149721736725
K370S,0.323218795771071
K370T,-1.51843059501263
K370W,-0.225092975280477
K370Y,-0.440169521160174
D371A,-0.493112304389543
D371F,0.293875846456845
D371K,-0.0899812450270817
D371L,1.19978376205527
D371M,-0.382556574093165
D371N,1.95403557906026
D371P,0.125166736945329
D371Q,-0.27568787679713
D371R,-0.602750403569258
D371S,1.51436386641373
D371T,-0.473220088280627
D371V,-1.08207384724653
K372A,1.75901410701555
K372C,-0.237253682120247
K372D,8.93547899593954
K372E,0.311765653531424
K372F,7.2973470319899
K372H,-0.605587824600021
K372I,-1.76141048013571
K372L,-0.98909273456744
K372M,-0.839205904659674
K372N,0.281011703244565
K372P,-0.0245267536408516
K372Q,2.03808417224763
K372R,-0.749185272680228
K372T,0.298800289879412
K372V,0.501746832234733
K372W,5.44559767420607
K372Y,2.2493042460456
K373A,3.93705573439917
K373C,-0.589989201878059
K373E,-1.7574270059486
K373F,-0.0022796235838334
K373H,0.207855385419365
K373I,-0.393379653560832
K373L,2.67165601015367
K373N,0.551638780621808
K373P,-0.627819365603282
K373Q,0.451584546735875
K373R,-0.0646734592707021
K373S,0.775767434645778
K373T,4.90648769610446
K374A,-0.559306365879051
K374D,-1.00326375707937
K374F,1.3539999103075
K374M,5.08601272611424
K374N,-0.575678262021303
K374P,1.96041647764618
K374Q,0.538776527742708
K374V,-0.163686484411729
K374W,0.0362341482298882
K374Y,0.476987651410156
K375A,0.681010054698854
K375C,3.57457975272138
K375D,1.29902336159892
K375F,0.373809371043409
K375G,0.60901121068689
K375H,0.0300527000393521
K375I,7.99965276942373
K375L,0.345070041816647
K375M,-0.653929168789845
K375N,-0.984129719097363
K375P,2.5691414632384
K375R,-0.652534708279939
K375T,9.78704834582761
K375V,1.73542152302925
K375W,4.96279253982504
A376C,-0.580288665082154
A376D,1.34268297876044
A376E,-0.141558370530527
A376F,0.31455745008467
A376H,-0.833423086362275
A376I,2.81667204342561
A376K,0.836351633102198
A376N,-0.596783156880921
A376P,1.06849085222367
A376S,0.8349985233904
A376T,0.375224768619378
A376V,0.546658728368766
A376Y,0.443627282273728
D377A,-0.911372173184571
D377C,-0.808943728771325
D377E,-0.165406426738224
D377G,-0.40507193516183
D377H,0.751086843617287
D377L,-0.0907599761740045
D377M,1.33501237790954
D377N,-1.26439530577364
D377P,0.748154760890165
D377Q,1.20835738957812
D377S,0.671495456834241
D377T,0.949911863345266
D377V,0.767034977884745
D377W,-0.354277958585913
E378A,-1.69450962839013
E378C,0.564487288324593
E378D,1.3080323221644
E378G,0.261127921309423
E378H,0.154842050344743
E378I,0.601332829718278
E378K,0.717520689060394
E378L,0.0129469453094758
E378M,0.835982534178614
E378N,0.974140396417956
E378P,-0.651953380676888
E378Q,-0.375646241947836
E378R,0.250757961757574
E378S,-0.0066113570036316
E378V,0.91059696255474
E378W,0.765102955773317
E378Y,0.560484396560302
T379C,-0.506157032086535
T379D,-0.174102778680659
T379E,-0.206954092587862
T379F,2.08416905534146
T379K,0.121138253872377
T379M,0.823416446652464
T379N,2.7237298358185
T379P,0.109104737543108
T379R,1.10981896995898
T379S,1.96985394616265
T379W,0.208420774014987
T379Y,-0.914225633886206
Q380A,2.97874410109457
Q380F,0.42441366618064
Q380G,-1.79133911967741
Q380K,1.62926566126282
Q380M,0.163319392295092
Q380N,3.12908293924866
Q380P,-1.80782634653763
Q380R,-0.706993591378482
Q380S,-0.705950474092142
Q380V,0.292277664736704
Q380W,2.84187009605449
Q380Y,0.376626910126465
A381C,1.10437779327796
A381D,1.35079338117196
A381G,-0.863399333211961
A381H,0.177926199118611
A381K,0.188527719284451
A381M,2.731063601922
A381P,0.828642318127532
A381Q,-0.5717229178822
A381R,-0.122192345049857
A381T,0.298908801139821
A381V,-1.26321815500245
A381W,-1.398443082124
A381Y,-0.449534235662975
L382A,2.36924306000851
L382C,0.160278567706683
L382D,2.87208249668224
L382E,-1.0139285111513
L382I,0.0355904953142719
L382K,-0.121079684651879
L382M,-1.33924702768124
L382N,-0.717126445769332
L382P,-0.64267502767988
L382S,-0.335993040726322
L382T,-1.22068731393922
P383A,4.92195236880948
P383E,-0.45925413792273
P383F,1.10841448322365
P383H,3.0372995345394
P383I,-1.14939197254246
P383N,-0.45049718915894
P383Q,-0.550511943386879
P383R,-0.697927799274578
P383S,-0.928829072581844
P383T,0.202756254980259
P383W,-0.554876439988456
P383Y,-1.15624195110982
Q384C,-0.569075777200893
Q384D,-0.917453956562053
Q384E,0.0103975937189474
Q384G,-0.773411892387816
Q384H,-0.674218846229333
Q384I,0.259815796107387
Q384L,-0.793227185966745
Q384N,2.993853085877
Q384P,-0.562859547839627
Q384R,1.80056304413445
Q384S,-0.539876432867318
Q384T,-1.58029769115769
Q384V,0.492875517311124
Q384Y,0.981815557011613
R385A,-0.42636034532032
R385E,2.88874407912227
R385G,0.335950277054683
R385H,-0.620574549002476
R385I,0.324455413081101
R385L,1.09247348311466
R385M,0.431795677281049
R385N,4.83291297952902
R385Q,2.3825423313405
R385S,2.04859149206814
R385T,-0.523833830148181
R385Y,0.092555212998624
Q386C,3.73392163215094
Q386D,-0.181524679003534
Q386E,0.515456234103228
Q386F,-1.13576804240023
Q386G,-1.13804133624697
Q386K,0.0884835220187876
Q386L,-1.21815808741301
Q386M,2.71938664158051
Q386N,0.562745915630271
Q386P,-0.611120135562305
Q386S,-0.306445841248008
Q386T,-1.04193785826655
Q386V,0.556809130494371
Q386W,-0.216617016594984
Q386Y,-1.18929762226817
K387A,-0.853081523809308
K387D,0.76059100107606
K387E,0.875545968258267
K387F,2.48474051694323
K387G,-0.570310526396284
K387H,1.1297554030543
K387I,0.89979405440171
K387L,-0.202920191250315
K387M,1.88334844170072
K387N,2.22341815324397
K387P,5.34362180457469
K387Q,0.821149401572256
K387R,-0.659130679690357
K387T,0.624169036178283
K387V,2.00875119818278
K387Y,0.731867103308611
K388A,-1.26308645577337
K388D,5.27136589683202
K388E,-0.161434748521305
K388F,5.62566278803705
K388G,0.422832822513785
K388I,0.625472838240508
K388L,7.06655084014636
K388M,-0.0743514345541954
K388N,0.941430113919728
K388P,-0.144133939337999
K388Q,1.239060950545
K388R,0.701009439840496
K388T,0.406690895937468
K388W,-0.297499362434694
K388Y,1.99896456655677
Q389A,0.652256961667135
Q389C,-0.74598347134028
Q389D,0.258686740592849
Q389E,2.276257728237
Q389F,-0.811739279191748
Q389G,3.12670516714224
Q389H,2.18044609805928
Q389I,-0.240776858395761
Q389K,-0.795067732272829
Q389M,2.19728255299226
Q389N,1.79631897839989
Q389P,0.547517162041636
Q389R,-0.554818312517264
Q389S,-0.310270286913946
Q389W,0.182734558640771
Q390C,0.617128528113784
Q390D,1.09602290347287
Q390E,0.746794949177825
Q390F,0.596002612468412
Q390H,0.830852047805625
Q390I,0.62579543346613
Q390L,0.413069017259882
Q390M,2.80015652899435
Q390P,1.11220155881221
Q390S,0.019661718511328
Q390T,-0.835354611185173
Q390V,0.657693842808967
Q390W,-0.0378936677306482
Q390Y,-0.769471737003347
T391A,-1.54166541481353
T391C,-0.211402238625021
T391D,0.243185987532459
T391E,-0.194852121984012
T391G,1.2576187613561
T391K,-0.6913699965074
T391L,0.565085092472144
T391M,0.823457924539347
T391N,2.02654187014394
T391P,0.0133792312217122
T391S,0.529273339687816
V392A,0.23454936074601
V392C,-1.09180151164878
V392D,-0.971149107852713
V392E,0.12327662561885
V392G,5.71559819291742
V392K,-0.347707977533705
V392L,-0.835437626229202
V392M,3.75859687384035
V392N,1.75232583654395
V392P,-0.884958661596763
V392Q,0.608914315265001
V392S,3.16623352893393
V392T,2.49989950608988
V392W,5.7019705741369
V392Y,5.85421264654965
T393A,-1.18835136403077
T393C,0.962857780950989
T393D,2.02194404959459
T393G,2.28150576753163
T393H,-0.254919002276238
T393I,-0.195141186041336
T393K,-0.95928835876103
T393L,0.540738559354702
T393M,-0.492111667870425
T393N,-1.14296162947777
T393Q,-0.869331603261658
T393R,-0.127242495229504
T393S,-0.261759760746625
L394C,0.959414385443025
L394I,1.17304450981105
L394K,-1.02563489387019
L394M,2.66624768560171
L394N,0.17251316072282
L394P,-0.920465654545901
L394Q,2.96444838779142
L394R,-0.53514572771209
L394S,-0.680722524227576
L394T,0.764181290343758
L394V,1.14744149146019
L394W,-0.596783156880921
L394Y,2.17775003655734
L395A,1.65118176355303
L395C,-1.63265007286372
L395D,1.19259107763398
L395E,-1.79374324385706
L395F,-0.541733164872919
L395G,1.49072944274665
L395H,-0.230846925323491
L395K,-0.454205780499565
L395M,0.564776964922725
L395N,-0.187037425028158
L395P,-0.0294819812456959
L395Q,-0.586395731731021
L395S,0.549695400867733
L395T,2.00540215737343
L395W,-1.20815567924925
L395Y,-0.342389771488269
P396A,4.88025305072733
P396C,0.0493321117935417
P396D,1.29808019655262
P396E,-0.557804384504448
P396F,-1.21912501365412
P396G,-0.979426297129337
P396M,-0.603808971730487
P396R,0.292585547777448
P396S,-1.10969801861478
P396T,1.07288202311354
P396V,-0.667239393308285
P396W,-0.858521426420836
P396Y,1.02275260475843
A397C,-0.304919211540241
A397D,4.18063057289664
A397E,-0.230846925323491
A397F,-1.01657496963575
A397G,-1.56662327406129
A397H,0.390178324017756
A397K,1.67765621341185
A397L,1.64188855368545
A397M,-0.714233165022002
A397N,-0.871933376094417
A397P,0.786766314809318
A397Q,-0.355687617528216
A397R,-0.545842085357661
A397V,3.28531859084275
A397W,-0.886190104635171
A397Y,0.396517698638035
A398D,-0.474071505792786
A398E,-0.0161189134754488
A398F,-1.08031957090432
A398I,0.358180175079395
A398L,0.994571616498254
A398M,-0.100961852294835
A398Q,1.09366143530859
A398R,-0.196730270069192
A398S,0.503928818206379
A398T,-0.0954965190558929
A398V,1.27272021571356
A398W,1.15281086597715
A398Y,-1.60144874011079
D399A,0.369013054035946
D399C,9.78704834582761
D399E,2.37211762459462
D399H,-0.618513704344394
D399I,0.51654553372211
D399K,-0.0886596257363165
D399M,5.36301449629464
D399N,-1.37820137440378
D399P,1.93840938883571
D399Q,3.07728232893728
D399R,-1.08083576934931
D399V,0.376696983595887
D399W,-0.398791708631436
D399Y,0.305818238317847
L400A,-0.596783156880921
L400C,-1.50124401704061
L400D,-0.914345436971503
L400E,-0.721345752269909
L400F,0.162030870995927
L400G,0.241518233810387
L400H,-0.7138364041009
L400I,0.766725180219356
L400K,1.9258851186421
L400Q,0.915756731751019
L400R,0.459404446125057
L400S,2.00816005467745
L400V,1.6583299758245
L400W,9.11811621915838
L400Y,-0.0524399324180344
D401C,-1.51761064611
D401E,-0.600309057627626
D401F,0.811182383210925
D401H,-0.542219787290383
D401I,-0.446657420755667
D401K,2.93157933398328
D401N,-0.545241745846299
D401Q,-0.612023437284781
D401R,-0.633594984818185
D401S,1.55406606412702
D401T,0.148979549908556
D401V,-0.20708362047968
D401W,-1.16809843883621
D401Y,1.44071837984645
D402A,-0.737958885453465
D402C,-0.398135419162403
D402E,-0.0311874077451434
D402F,3.01340911729034
D402G,0.870187403063735
D402H,3.32972609876777
D402I,-0.207518875677589
D402K,1.01492111097991
D402L,0.573365200503404
D402N,1.77127553537714
D402P,-1.4691950915239
D402Q,3.19078174827431
D402R,-1.23637620367527
D402T,0.522150540009026
D402V,-0.613623163287745
D402W,-0.959133493308805
D402Y,-1.40353711755911
F403C,-1.4977445189661
F403E,-0.329665478214868
F403G,-0.276291925897569
F403H,-0.0222851773578984
F403K,-1.14074649859776
F403L,1.74230317345376
F403M,3.64428266400871
F403N,-0.840307998307795
F403P,0.655795626648016
F403Q,-0.0339220831001751
F403R,-0.907523570578772
F403S,0.206832859731308
F403T,-0.084834404471079
F403V,0.953221136263747
F403W,1.33186981619878
F403Y,-0.303007225457724
S404A,-0.842649428251594
S404C,3.50590980364372
S404D,0.149326189636989
S404E,-0.178714215810521
S404F,-1.42974473809385
S404H,-1.02284782482075
S404I,2.68772445015989
S404K,2.86835641761196
S404L,1.41610830725701
S404M,0.244299865454119
S404N,-0.422500903371369
S404Q,3.5460860542577
S404R,-1.0977621343648
S404T,1.0708511414947
S404V,0.449194741211134
S404W,4.75273345227261
K405A,1.16287255502131
K405C,-0.157817671954642
K405D,-1.67364459452775
K405E,0.403279490718696
K405F,-0.780067762559549
K405G,-0.79293439048924
K405H,0.544401510211628
K405I,0.147469410017719
K405L,-1.06912416240803
K405M,1.1130683147118
K405N,-0.468943965358438
K405P,9.78704834582761
K405Q,2.53341589035198
K405R,1.3632385000655
K405S,0.0762458953717903
K405T,0.776390276570683
K405V,-1.56251854795124
K405W,5.72393478784996
K405Y,-0.205016822015835
Q406A,-0.308899240534413
Q406C,-0.70895605050835
Q406F,1.40920567766384
Q406G,-0.236392938815672
Q406I,0.1703915488217
Q406L,0.900063375771444
Q406M,4.83661108755104
Q406P,1.39417652071508
Q406R,-0.639460722739279
Q406S,-0.459947778215719
Q406Y,1.87174817777289
L407C,0.22085704296431
L407D,2.13534078739562
L407E,-0.773942260029265
L407F,-0.223646562353942
L407G,2.94538787637842
L407H,0.352107738032479
L407I,0.862071971576779
L407K,-1.27306216954812
L407M,0.975474093044088
L407P,-0.64914130792524
L407Q,-0.951759519027901
L407R,-0.627819365603282
L407T,1.20188276135824
L407V,-0.409722075200432
L407W,-1.00763690649056
L407Y,0.665872359212744
Q408D,3.51414463535915
Q408E,0.915958054852339
Q408G,9.78704834582761
Q408I,-0.522235698556349
Q408K,-0.153326288566929
Q408L,9.78704834582761
Q408M,2.06016773571656
Q408N,-0.501957772483667
Q408P,0.457283143104491
Q408R,-0.813329179412045
Q408S,0.735803377959461
Q408T,-1.38706327444297
Q408V,0.464007178648669
Q408W,0.756392398770013
Q409C,3.28608461134011
Q409D,-1.21508952196173
Q409E,-0.918567065331771
Q409F,-0.975893889491674
Q409G,0.0373527215594425
Q409H,-1.04299431428864
Q409I,-0.485613503919305
Q409L,1.96104473251326
Q409M,-0.356478608226208
Q409N,0.327971474474636
Q409P,-0.494753060359644
Q409R,0.191790532648879
Q409S,2.13282767584864
Q409T,0.948516900087736
Q409V,9.31544116170838
Q409W,1.54479426531501
Q409Y,-1.34890390653846
S410A,0.438419392852373
S410C,-0.435597516840277
S410D,2.67702272187959
S410E,-0.554812588118731
S410G,0.413801178462655
S410I,-1.53895297815296
S410K,0.347914816770904
S410L,1.91356929743788
S410M,-0.627588366135039
S410P,-0.211188377285345
S410Q,-0.408589921596622
S410R,-1.63812180289508
S410T,-0.52774837750923
S410W,2.17898309885892
S410Y,8.08409705439681
M411C,-1.94033135671244
M411D,0.461773175497001
M411G,-0.238281894624965
M411H,-1.06091897318084
M411I,2.05960227977119
M411K,-0.218193975094638
M411N,1.99045433301235
M411P,1.62123771029182
M411R,-1.51586394272966
M411S,0.725020243765647
M411T,0.96137119855227
M411V,0.0560460562079334
M411W,1.4055928761319
M411Y,-0.871627824979257
S412C,-0.274462556077462
S412E,0.333351561314291
S412F,0.185332325166048
S412G,1.62276917036418
S412K,-0.898159186065785
S412M,-0.479285163887876
S412N,-0.224558395372479
S412P,0.677091753667492
S412Q,-1.58643343406294
S412T,1.15894529592468
S412V,5.72978799466602
S413A,-0.217341718249421
S413C,0.948376136487218
S413D,0.0749579094817024
S413E,0.231277106043574
S413F,1.65047948939475
S413G,1.58604059325993
S413H,2.11313933748723
S413K,0.0798844114952131
S413L,-1.19938955336382
S413M,-0.706680363032951
S413N,-0.716804374218337
S413Q,-1.34496175961302
S413R,-0.5446003588287
S413T,-1.51652385846761
S413Y,3.09904025469031
A414C,0.312683281483339
A414D,0.632294702077638
A414F,-0.0912391401748145
A414G,-0.72927341379229
A414I,0.658216955563562
A414K,0.0782908366258772
A414L,-0.387429775010145
A414M,1.55470690400238
A414Q,-0.680394243636501
A414R,-0.69151173722026
A414S,2.85197594378008
A414T,0.493629313254224
A414V,0.270567752739903
A414W,0.45388407963827
A414Y,0.454298795261598
D415A,0.279995492876998
D415C,-1.2637272831628
D415I,2.17683763930279
D415K,0.0581196527142402
D415P,-0.549783551441525
D415Q,1.30859763632504
D415R,0.522799126536235
D415S,0.894773622833811
D415T,1.33913502198289
D415V,4.13445913222286
D415Y,-1.2340996303497
S416A,-1.37729206415027
S416C,-0.629385722833931
S416D,-0.193561933564092
S416E,1.20320990448501
S416G,0.321751407194859
S416I,-1.33379081234236
S416K,0.720252424821806
S416M,-0.800788472708061
S416P,-0.00130474365373619
S416Q,-0.738150000538766
S416R,4.6210468511328
S416T,-0.351660784709806
S416V,0.837931291632825
S416W,0.0132285572643386
S416Y,2.45446927684451
T417A,1.47854915533156
T417C,-1.34617087064968
T417D,2.83455656702601
T417F,-0.444704500871047
T417G,-1.20876624723702
T417K,-0.418510011310981
T417L,-0.540665085845573
T417M,0.250862941819144
T417N,-1.03100887088738
T417Q,-1.60850778885628
T417R,0.81037165199777
T417S,1.51939017147732
T417W,-1.19495361581302
T417Y,-1.18269646064425
Q418A,1.05652386857909
Q418D,1.47313953326694
Q418E,2.76869115415468
Q418F,0.585350279638957
Q418G,0.101445286957325
Q418K,-0.147861019770672
Q418L,1.10380943447774
Q418M,-1.82886283397793
Q418N,2.47182528425829
Q418R,1.25555223362753
Q418S,-0.933535816133552
Q418T,0.452224427101755
Q418V,-0.158213253984816
Q418W,-0.57908859384312
A419D,-0.47039147051726
A419F,1.20116483070663
A419H,0.258835322265965
A419I,-0.617643444305273
A419K,0.976284555003647
A419L,0.318129824534673
A419M,2.76698828542415
A419N,0.986943346819441
A419Q,0.559684779011154
A419R,-0.315294172805972
A419S,-1.53049587332082
A419V,0.0706332198528712
A419W,-0.211208970285138
