Mutation,Escape_Score
S2A,-0.0687736925142443
S2C,-0.358573327924203
S2D,-0.577221094573415
S2E,-2.02284645296702
S2F,0.598998128385014
S2G,-1.35040631714911
S2H,0.727922598522934
S2I,0.121234941170259
S2K,1.98736932232327
S2L,4.82044090504156
S2M,-1.58269382781923
S2N,1.8600475928203
S2P,0.779665129193308
S2Q,-0.565531363347176
S2R,1.68737391273205
S2T,0.622194801065816
S2V,1.52773441639172
S2W,0.809444397440863
S2Y,1.38786709786109
D3A,1.70905488621498
D3C,3.98669323577318
D3E,1.19486783040524
D3F,2.03368132724682
D3G,0.793854664487493
D3H,0.748521366862661
D3I,4.03269094935532
D3K,0.421766607867369
D3L,10.8707754098012
D3M,5.23644262069309
D3N,0.248887185723414
D3P,1.99885292880282
D3Q,6.03269617817649
D3R,1.54303468921975
D3S,1.4773092038089
D3T,2.182058671858
D3V,3.07273111344783
D3W,0.332184046642758
D3Y,0.97959379864466
N4A,1.49068154997242
N4C,-0.529528515829842
N4D,0.184984818127206
N4E,1.02713895227764
N4F,0.435971484530894
N4G,-0.656580991547395
N4H,0.634742523867803
N4I,0.162386822569204
N4K,0.413666415706594
N4L,1.40903889262357
N4M,1.62130568394309
N4P,-1.03557603701769
N4Q,0.393639036914938
N4R,-0.529515252183453
N4S,-0.0385412565686666
N4T,-2.06627111357432
N4V,0.729619240028504
N4W,0.581220785421392
N4Y,-2.42911955364226
G5A,0.223901074632168
G5C,3.58012171295024
G5D,-0.556954597079453
G5E,-0.630768738416663
G5F,-0.48616336277509
G5H,-0.170781920785144
G5I,1.33275883877187
G5K,-0.510302195787331
G5L,1.6529859427711
G5M,-0.137376788907213
G5N,-0.597853243958013
G5P,1.77172879614325
G5Q,-0.166222382979172
G5R,0.81505403734923
G5S,0.418361436754855
G5T,1.2223883758751
G5V,4.50626291371338
G5W,-0.33480441516941
G5Y,0.543063435712075
P6A,0.609883953951157
P6C,1.83247579182554
P6D,-0.940774418622683
P6E,-0.175907524343558
P6F,-0.473920214900137
P6G,0.17226305557376
P6H,-0.107867496972098
P6I,2.24163512521759
P6K,0.0729174673196113
P6L,5.71085844905978
P6M,0.703128634020502
P6N,1.46118343880909
P6Q,-0.746232980414156
P6R,0.452865077855165
P6S,0.0736551516241724
P6T,-0.179551986084395
P6V,1.66476095289683
P6W,-0.579266953155383
P6Y,-1.57772685996767
Q7A,0.983660311191256
Q7C,0.153883802981906
Q7D,-2.22074883627392
Q7E,-1.05100824931682
Q7F,-1.4841952055527
Q7G,-0.682682519425804
Q7H,0.605053831210972
Q7I,0.318159990197402
Q7K,0.325674572620356
Q7L,-0.349733626139887
Q7M,-0.830987355301196
Q7N,0.862066334151859
Q7P,-0.865875589556321
Q7R,0.656193648356766
Q7S,-0.655778104207332
Q7T,-0.953133492489618
Q7V,-1.70702376868273
Q7W,-0.251839757264974
Q7Y,0.331472581015132
N8A,0.720867649586439
N8C,-0.486496607720685
N8D,-0.703319703246667
N8E,-0.669255720904909
N8F,-0.994895138720846
N8G,-1.25219079992552
N8H,-1.14431460647486
N8I,0.853388170452549
N8K,0.380324566371065
N8L,0.388098530230464
N8M,-0.602091809131755
N8P,2.11873862530572
N8Q,-0.302932567069559
N8R,-0.0190730910514216
N8S,1.66607441381231
N8T,-0.613759924018716
N8V,0.284414160049925
N8W,0.219761958454042
N8Y,0.383657720377221
Q9A,-2.01114655516018
Q9C,1.30290405270234
Q9D,-0.377071957963857
Q9E,-0.711659258011113
Q9F,-0.0603429228655928
Q9G,0.59112002445841
Q9H,3.63572913710837
Q9I,-0.920474318271104
Q9K,2.02964940877651
Q9L,1.18127360393569
Q9M,0.953820406660659
Q9N,0.439258994432605
Q9P,-0.249142312077773
Q9R,0.1980106441002
Q9S,-1.12485037142989
Q9T,-0.354225431741682
Q9V,-0.232559813673476
Q9W,1.89422654477389
Q9Y,2.37547171142497
R10A,-0.61832531062252
R10C,0.219425192131651
R10D,-0.559757231650231
R10E,-0.847774898539162
R10F,-1.75352016521973
R10G,0.818763099974355
R10H,0.293454216563722
R10I,-1.34680691086935
R10K,0.804593818799786
R10L,-0.443079626899896
R10M,-0.515695337084333
R10N,-1.93348148108324
R10P,-0.771970717269111
R10Q,0.406148487657726
R10S,-3.49394659854758
R10T,-1.18961265527933
R10V,-0.715952948274584
R10W,-0.41459950986561
R10Y,-2.85159987462739
N11A,0.476183484582591
N11C,0.798790578903063
N11D,-1.11289320810584
N11E,-1.2268310766841
N11F,1.37470355835009
N11G,3.41276031501421
N11H,-0.0895449890852647
N11I,0.371115247931705
N11K,0.231554996176372
N11L,1.77867339407804
N11M,-0.762624285694568
N11P,0.852775738893488
N11Q,-0.231473697472341
N11R,0.117957424775475
N11S,1.26654608677455
N11T,0.325762184212516
N11V,0.0336423565819019
N11W,-0.138399636405555
N11Y,-0.158760426153856
A12C,0.863245393937402
A12D,0.199862394220022
A12E,-1.07631862211441
A12F,-0.250086067310314
A12G,0.835260254270083
A12H,-0.0848131080338018
A12I,0.0403326028222205
A12K,0.256586624280463
A12L,0.821526149321777
A12M,-0.768221880663016
A12N,0.0618339323841486
A12P,-1.56497177063592
A12Q,-0.144958278241406
A12R,-1.44238229798284
A12S,1.76865579862063
A12T,1.90272012392952
A12V,1.23489505524838
A12W,-0.131584273494665
A12Y,-0.345153320730432
P13A,1.98146842647671
P13C,3.06272867214708
P13D,3.68874170241792
P13E,-0.670560477126823
P13F,2.39488335420605
P13G,1.67930729980454
P13H,2.51269408727583
P13I,-1.39339766136526
P13K,0.42629465414108
P13L,1.79949354100579
P13M,2.2937598433231
P13N,0.43234335264735
P13Q,0.312563944602525
P13R,3.84388403549224
P13S,-0.0652505681303237
P13T,1.13844553216753
P13V,-1.90063196211332
P13W,3.23300745960996
P13Y,2.4512870463842
R14A,1.06666460757499
R14C,2.82268857997107
R14D,-0.385308133781856
R14E,-0.243029916188299
R14F,0.263546406784573
R14G,0.152729814094968
R14H,-1.35142884831931
R14I,-1.45884530503527
R14K,-0.455276068591001
R14L,-1.09051430817925
R14M,-0.0555850065139061
R14N,0.0428673836330653
R14P,-2.43499380065274
R14Q,-0.287465568227976
R14S,0.172202058322454
R14T,-0.370162409749118
R14V,-0.537479427992715
R14W,0.640423328542551
R14Y,-1.38112844098836
I15A,-0.267061497120724
I15C,2.45719775883538
I15D,0.319722109334881
I15E,-0.0282133854793079
I15F,-0.501314478879855
I15G,-1.61828400489683
I15H,-0.701587221474613
I15K,1.97640823023555
I15L,-0.01834436961406
I15M,1.08449143255728
I15N,-0.695380764073043
I15P,-1.09015638546112
I15Q,0.620547602423512
I15R,0.339418936139815
I15S,0.265824977163161
I15T,0.255101287260189
I15V,0.467969385811525
I15W,0.642651137174631
I15Y,1.22101428219993
T16A,0.721622965240185
T16C,0.00097652090316333
T16D,-0.233716449447073
T16E,-0.367312045540064
T16F,1.05958621190419
T16G,0.275457337378347
T16I,3.27347129292483
T16K,0.0472000805612106
T16L,0.964592069640341
T16M,0.334476977224743
T16N,-0.873390079560694
T16R,-0.0866277634407524
T16S,-0.247420121013888
T16V,-0.248154784075061
T16W,0.970883452081632
T16Y,2.92447815953067
F17C,-0.0721425507435157
F17D,0.134201426007182
F17E,-1.0424427620725
F17G,0.0605770167025888
F17H,-1.15849174655192
F17I,0.479990293474572
F17K,0.953499701813845
F17L,-0.472220314328721
F17M,0.17037013779578
F17N,-0.11593199246579
F17P,-0.338692249565941
F17Q,-0.107970633826531
F17R,0.50015663025627
F17S,-0.341917218813116
F17T,-0.519190420344935
F17V,-1.32869674360085
F17W,-0.830932180391296
F17Y,1.26520921326494
G18A,-2.36739162445156
G18C,0.990040956756058
G18D,0.674111443071794
G18E,0.15202710337373
G18F,-0.77874294691168
G18H,-0.136260031750886
G18I,0.878164534486578
G18K,-0.979279608604904
G18L,-1.21976872652672
G18M,0.44746610018738
G18N,-1.46920491869447
G18P,-0.247688858012734
G18Q,0.0658709053975072
G18R,-0.542031985258079
G18S,-1.6043596724535
G18T,-0.234057095004698
G18V,-0.209561468717753
G18W,0.211039297497659
G18Y,-0.629950274571567
G19A,-0.589013066777124
G19C,0.00299788620240289
G19D,-1.37403526776935
G19E,-0.0535172441599873
G19F,0.982994954048547
G19H,-0.79055592524053
G19I,0.0644626477436019
G19K,-1.41574958132557
G19L,1.97823528517204
G19M,0.716217546559669
G19N,0.470574677585112
G19P,-0.353393776596701
G19Q,0.850065981331312
G19R,-0.305977549277172
G19S,-0.225484016413273
G19T,-1.26177927297737
G19V,-1.1730683565937
G19W,-4.00175145538829
G19Y,0.131130261361971
P20A,1.13416246295263
P20C,0.354228695296226
P20D,-0.746459852295071
P20E,-0.531121083602294
P20F,-0.638660720156072
P20G,-0.803656830895735
P20H,0.573378303564324
P20I,-0.156485505973491
P20K,3.71008438980138
P20L,-0.629096599952924
P20M,1.52023517343605
P20N,-0.0394351551101208
P20Q,-0.790853270868185
P20R,0.472735092165291
P20S,-0.971340222226967
P20T,-0.683787003694927
P20V,-0.610006739326856
P20W,-0.527932918945608
P20Y,-1.0793088787765
S21A,-0.779662237928466
S21C,0.236118417669451
S21D,0.870321376703764
S21E,-0.0856650982482755
S21F,2.57917261523822
S21G,-0.922649493016746
S21H,0.621331063219996
S21I,0.357363382236987
S21K,-0.536361365355064
S21L,-1.08896649365107
S21M,1.03949246286844
S21N,0.0469461189408272
S21P,-1.97845569169241
S21Q,0.890938005273012
S21R,0.602548290081988
S21T,0.551577007921065
S21V,0.17847125099462
S21W,-0.932138120412099
S21Y,-0.414138909855634
D22A,-0.933014766102454
D22C,-1.23289391811903
D22E,-1.14162237527335
D22F,-0.434599455558141
D22G,-0.44252668062691
D22H,0.521255926102978
D22I,0.993502693630305
D22K,-0.202390657790321
D22L,-0.290391741487179
D22M,0.559930420447656
D22N,2.19257064178076
D22P,-1.26463459445001
D22Q,0.86255937861811
D22R,2.78003622905274
D22S,-0.42629469280115
D22T,-1.48166036017599
D22V,1.99632740634253
D22W,0.0166071484905387
D22Y,0.0401984730004856
S23A,-0.423558468933601
S23C,-0.285855844238368
S23D,0.521006034315145
S23E,-0.768127200372859
S23F,0.502801898424677
S23G,-0.585987622150381
S23H,0.974376585520681
S23I,-1.68562099122891
S23K,-0.502714392490128
S23L,0.410096855734208
S23M,-1.46777568761876
S23N,-0.911954497142595
S23P,0.131581268743686
S23Q,-2.47565506905062
S23R,1.72692257591167
S23T,-0.472536055449113
S23V,-0.328926818377082
S23W,0.427125650384043
S23Y,-0.236158866802864
T24A,-0.910089211247286
T24C,0.175889634393423
T24D,1.81803926340651
T24E,-0.108760980267309
T24F,-0.0745493744860204
T24G,-0.952882276787981
T24H,-0.627275751878532
T24I,1.11838416017771
T24K,-0.317441583911226
T24L,0.507542464526287
T24M,-0.263260017459199
T24N,-1.98697529782161
T24P,-0.178362520754086
T24Q,-0.197721463022773
T24R,1.45615709492271
T24S,1.59541668284902
T24V,-1.15287666286371
T24W,0.808192059469084
T24Y,0.335115319612388
G25A,0.658146834567378
G25C,0.306420318343265
G25D,-1.74516574186583
G25E,-0.0687985995054073
G25F,0.487740138964349
G25H,-0.0588837622295232
G25I,0.534813685116658
G25K,-0.568496510423668
G25L,0.230380759242168
G25M,1.01150473396769
G25N,1.47997680685593
G25P,-0.00535339957436346
G25Q,-0.0663527083826114
G25R,-1.05196892492395
G25S,-1.82396032752625
G25T,-0.916744648447211
G25V,-0.349734072886303
G25W,0.484003183136377
G25Y,-1.32141374270649
S26A,-0.0640907987061937
S26C,4.61008275867515
S26D,1.2433456621864
S26E,-0.446331328975739
S26F,0.235866009053881
S26G,0.664640254655972
S26H,-1.18901785900368
S26I,0.216676092373499
S26K,0.0357044986467688
S26L,0.135558802490311
S26M,0.828909484439157
S26N,1.05972011213361
S26P,-0.952448948174291
S26Q,0.420791305918832
S26R,-0.38963288089733
S26T,0.374488373773262
S26V,-0.0098505402360504
S26W,1.51904717815297
S26Y,0.214606709740334
N27A,-0.216265716990968
N27C,-1.25167096066273
N27D,1.59056977176124
N27E,-0.762600569672134
N27F,0.0221332266506823
N27G,-1.08384918028149
N27H,-0.75408396187494
N27I,1.97215204622224
N27K,-0.780388481221361
N27L,-0.804772190179313
N27M,0.89167658511402
N27P,-0.379875700988127
N27Q,-0.674405511902108
N27R,0.77804699578438
N27S,0.336258470468321
N27T,0.261203516822041
N27V,0.00195943760384355
N27W,1.76618584756346
N27Y,0.468750159998982
Q28A,0.395001764858645
Q28C,0.142999146750975
Q28D,-0.112692407851006
Q28E,-0.174511865460506
Q28F,1.73241648911666
Q28G,-0.154084651675957
Q28H,1.84389289292967
Q28I,0.260043314785778
Q28K,1.48215871524738
Q28L,0.827442366313282
Q28M,0.299024743771978
Q28N,1.55467349508233
Q28P,-1.35611858186931
Q28R,1.65349953026567
Q28S,1.60955288639713
Q28T,0.080631838807101
Q28V,-1.63486818815206
Q28W,0.618935288335111
Q28Y,0.0523991833669861
N29A,-1.74835997617134
N29C,-0.350913795787938
N29D,-0.598647187272049
N29E,-0.399803622918047
N29F,-1.09091103103174
N29G,-0.462480748157682
N29H,-0.380484624473225
N29I,-0.972365825890194
N29K,2.65981851328979
N29L,-0.504296431815715
N29M,1.20994057067751
N29P,0.0388556576296026
N29Q,0.048306980315388
N29R,-0.0115688002532643
N29S,-0.0175903268855953
N29T,-0.410970161702043
N29V,0.79808105137278
N29W,-0.410614032058541
N29Y,0.027690816352518
G30A,0.0387054731018555
G30C,-0.186470894291428
G30D,0.430966023454422
G30E,0.755305502099946
G30F,0.657933451671212
G30H,-0.386093830588832
G30I,0.03736738967254
G30K,-0.915108120805974
G30L,-0.182474580558034
G30M,-0.327351048131096
G30N,-0.0996775244687925
G30P,0.21969092563513
G30Q,0.57164290832079
G30R,1.47124773829825
G30S,-0.528619617352763
G30T,-0.331667613991033
G30V,-1.76064872868238
G30W,-1.01533713704882
G30Y,0.140645437138787
E31A,-0.551169100003657
E31C,0.00776811970254335
E31D,0.25240823686143
E31F,0.720919255900369
E31G,0.0511165877543066
E31H,0.149062878624532
E31I,-0.0664207120901132
E31K,-0.299145929376743
E31L,1.51323590834747
E31M,-0.929959534819629
E31N,-0.934133598107364
E31P,0.884100315955591
E31Q,1.10680760452975
E31R,1.81712384123328
E31S,-0.737111986092555
E31T,-0.803360408731792
E31V,0.284605735939351
E31W,-1.7281441526407
E31Y,0.45478914329205
R32A,-0.539804507111036
R32C,1.83418811599137
R32D,-1.16396449505434
R32E,0.150811540597997
R32F,1.05280997513207
R32G,0.295071360304968
R32H,-1.89494327300874
R32I,-1.04613834275854
R32K,1.906090269966
R32L,0.0899818056433165
R32M,0.394319841995669
R32N,-1.15170333452917
R32P,-2.51821337965412
R32Q,-1.38104950150487
R32S,-0.20730688008587
R32T,0.410996954766081
R32V,0.699100464179154
R32W,2.18944025327864
R32Y,0.472144491415905
S33A,0.144153485600643
S33C,-0.474069734622446
S33D,0.297922036415057
S33E,1.94831809314324
S33F,0.622658016508821
S33G,-0.895324961168367
S33H,0.0025770741596446
S33I,-1.16090629551249
S33K,-1.41899269102412
S33L,-0.125383327075728
S33M,-0.770808852740177
S33N,-0.358298962934468
S33P,1.63227404655344
S33Q,-1.61027119691539
S33R,0.0103568466075152
S33T,-0.743716142863314
S33V,-0.111571178658635
S33W,0.182636061835024
S33Y,-0.936146278385619
G34A,0.543377905624432
G34C,0.695434781787445
G34D,-0.251190392914631
G34E,0.886651464580088
G34F,0.984442803145447
G34H,0.393944116252471
G34I,-0.549037017756322
G34K,-0.0338861257031332
G34L,0.853318851858709
G34M,-0.278076001098367
G34N,1.13875224042467
G34P,0.0927809942683449
G34Q,0.564089565399409
G34R,1.36741883621285
G34S,0.426479342419012
G34T,-1.49901118283974
G34V,0.115025702952529
G34W,1.84097784400818
G34Y,-1.3187205295634
A35C,2.41090611623811
A35D,0.402114075106483
A35E,-0.780040757086439
A35F,2.25873646224275
A35G,-1.10345940973084
A35H,-0.500030816087136
A35I,0.338436502695339
A35K,-1.84508028942214
A35L,-0.325240319193158
A35M,1.61603041498528
A35N,2.83439064198707
A35P,0.434368595372934
A35Q,-0.141020559788132
A35R,0.244684122341342
A35S,-1.38950186286179
A35T,1.07631958492598
A35V,2.61323131594252
A35W,-0.234462057766542
A35Y,0.416089085296257
R36A,1.75404153679704
R36C,2.52104383399917
R36D,1.40046675462595
R36E,0.867058306313698
R36F,3.94527843211559
R36G,1.13387650437068
R36H,1.86543858989375
R36I,1.12258697209092
R36K,1.26504148602532
R36L,3.3479614648845
R36M,2.77135703971044
R36N,3.58315009063445
R36P,-0.706684400078097
R36Q,1.22482382452784
R36S,0.356454007815197
R36T,1.50274597681711
R36V,1.77011061035704
R36W,4.10537324964298
R36Y,3.45984632427766
S37A,-0.566069777537892
S37C,0.627455620699296
S37D,1.19056833738005
S37E,0.77068512450769
S37F,1.73788692887445
S37G,0.687694346154488
S37H,-0.566361111177746
S37I,0.331103276052312
S37K,-0.71140798268793
S37L,2.45533747950958
S37M,2.04760554569039
S37N,-0.96246522057654
S37P,1.14836218996872
S37Q,-0.157521576406793
S37R,-1.56763281768154
S37T,-0.0226672260662329
S37V,-0.363683153865693
S37W,-0.996597976889511
S37Y,0.597830414665662
K38A,4.13801922611891
K38C,5.39775031641335
K38D,5.45366079542076
K38E,1.42231558768375
K38F,4.64923197342574
K38G,6.98396827863298
K38H,4.52794967278457
K38I,5.79396859303325
K38L,3.34738010090413
K38M,3.58880204018242
K38N,1.65037126905883
K38P,4.97018398579031
K38Q,2.84093574074966
K38R,0.0892542721040349
K38S,5.6932945280973
K38T,2.57241601118965
K38V,4.35590348721931
K38W,3.88974361871462
K38Y,4.4965259445587
Q39A,-1.07580710247174
Q39C,-0.151191361721321
Q39D,2.77199007278062
Q39E,0.606427057105657
Q39F,2.30729612683664
Q39G,1.16034892519188
Q39H,-0.524963428743779
Q39I,0.424116683456057
Q39K,-0.63536169377889
Q39L,-0.563274776502424
Q39M,0.469386817792689
Q39N,0.394294225776461
Q39P,0.795680429030696
Q39R,-0.228123519538419
Q39S,-0.381146273539786
Q39T,-0.924481541347716
Q39V,1.89115259590275
Q39W,1.24451942207064
Q39Y,2.33895394190635
R40A,1.80670298305953
R40C,3.58050111085913
R40D,3.21184432165478
R40E,2.16686431538673
R40F,3.05691225356231
R40G,2.7984889748686
R40H,5.76637306930979
R40I,4.11259582771204
R40K,-1.55361913413157
R40L,5.00304960076501
R40M,1.85963702960543
R40N,2.81869387575121
R40P,0.724539080404573
R40Q,0.759524315971464
R40S,2.33606075037867
R40T,2.69809381544047
R40V,3.18774960679604
R40W,4.57048573309944
R40Y,3.32219101854874
R41A,0.851788104259967
R41C,4.69716014098511
R41D,2.72987831539332
R41E,0.732265774346906
R41F,2.36170305497898
R41G,2.40157176808881
R41H,2.17787787366479
R41I,2.99795922256462
R41K,0.576646134514899
R41L,3.94572246996082
R41M,0.597826209383132
R41N,0.912650063787445
R41P,0.615990538132201
R41Q,0.748058230672029
R41S,2.58678986294069
R41T,2.81506457582292
R41V,1.70082304232614
R41W,4.20809370303444
R41Y,-0.0336755656694071
P42A,-0.437109581989579
P42C,-0.144945018346317
P42D,0.150819446532691
P42E,-1.17468719987325
P42F,0.156331983190822
P42G,1.45842155820376
P42H,0.18440657576025
P42I,0.623657870843475
P42K,0.620105302686093
P42L,-1.42817726901582
P42M,-0.70943528674451
P42N,0.699548946999035
P42Q,-0.575949248767154
P42R,-1.11836478149616
P42S,-0.626998998717219
P42T,0.773686936011163
P42V,0.228448175878732
P42W,-1.01406440406229
P42Y,0.184561097543929
Q43A,0.378605611875796
Q43C,-1.3880832315527
Q43D,-0.182780765352665
Q43E,1.95956948842704
Q43F,1.20806201626432
Q43G,-0.946298766231701
Q43H,1.15242917545416
Q43I,-1.06204878183499
Q43K,1.00780412823399
Q43L,0.115597826912177
Q43M,1.5135145475101
Q43N,0.499620408014043
Q43P,0.0530123289079739
Q43R,0.495546587383303
Q43S,-0.750292536970097
Q43T,-0.426350818421493
Q43V,0.0919287439583239
Q43W,0.1343507652016
Q43Y,-0.0991138043373063
G44A,-0.779616929584939
G44C,1.05450792129046
G44D,-1.07356739068052
G44E,0.0920106049771403
G44F,-0.628539713090922
G44H,2.03614639359029
G44I,-1.55017036861303
G44K,1.00255275292768
G44L,-0.849774910952824
G44M,-0.471942040513861
G44N,-0.661549033575633
G44P,-0.246066966401996
G44Q,-0.347439090761691
G44R,-1.30024759769691
G44S,1.36789448624758
G44T,0.696446472728511
G44V,-0.180274707859619
G44W,0.303153416883743
G44Y,-0.849007140381823
L45A,-0.0185708688698831
L45C,-1.94306684988485
L45D,0.948374039796482
L45E,0.791049902591456
L45F,-2.81584085147741
L45G,0.530080979575
L45H,-1.42379573526515
L45I,-0.783255994774556
L45K,-0.611276909570198
L45M,0.863793468264143
L45N,2.20800876581592
L45P,-2.27980390222011
L45Q,1.87239413613574
L45R,1.37482029062473
L45S,-0.675309790016794
L45T,-0.683453676862265
L45V,1.14413097624583
L45W,1.41719012630656
L45Y,-0.663710070129025
P46A,0.306062673597067
P46C,-0.203885888916993
P46D,1.51952463505147
P46E,-0.637091518357487
P46F,-0.378611589854097
P46G,-0.909762652658184
P46H,-0.283291703734139
P46I,-1.02718611289774
P46K,0.0944031034438761
P46L,-1.35137659927749
P46M,-0.90447078238227
P46N,-1.04794854254564
P46Q,-0.305896512158617
P46R,0.0975328184195052
P46S,-0.241188923665794
P46T,-1.06706189127465
P46V,-2.6410650212398
P46W,1.32049000110159
P46Y,0.352071665193787
N47A,0.36554424458878
N47C,2.03909621830318
N47D,0.962278693076422
N47E,0.934647134970272
N47F,-0.327720455094181
N47G,-0.214831785418506
N47H,0.48188224946773
N47I,0.340132891496613
N47K,0.198690195052392
N47L,-0.227054128860885
N47M,-0.143694344585484
N47P,0.548063593737633
N47Q,-1.20201792708564
N47R,-1.0974081814051
N47S,-0.807291989553552
N47T,1.31623104576141
N47V,-0.396091794873044
N47W,0.890504333775595
N47Y,0.0852380783145943
N48A,-2.20480287607968
N48C,-0.0955248786003248
N48D,1.05356454545007
N48E,0.574384679543736
N48F,2.04916856922532
N48G,-0.150685961984075
N48H,0.685458643007545
N48I,2.67447109031815
N48K,-1.24457493009048
N48L,1.32137797208052
N48M,1.46892258488222
N48P,1.06730235076874
N48Q,0.784717439656199
N48R,-0.748911765753149
N48S,0.197572002018614
N48T,1.21415834991373
N48V,-0.215336432910261
N48W,0.389758110486067
N48Y,-0.337330917720182
T49A,-0.596864243147815
T49C,0.559406213912651
T49D,1.19330165902234
T49E,0.84129364534302
T49F,-0.616762415270724
T49G,0.602102821149965
T49H,-0.719873992016482
T49I,-0.46666753080838
T49K,0.330469609779584
T49L,0.170086983600308
T49M,-0.601848630794832
T49N,1.2005088651402
T49P,0.73743880732244
T49Q,0.652609151885292
T49R,-1.52735808081424
T49S,-0.0677502312023653
T49V,-1.13538609995629
T49W,-0.616995475868232
T49Y,-0.117138354980461
A50C,0.490801635408422
A50D,-1.29599328064835
A50E,1.50032245256196
A50F,-0.252887893296943
A50G,-0.774654398764281
A50H,-0.417669012414996
A50I,-1.41020665580433
A50K,-0.00921402201849186
A50L,-0.175702359841669
A50M,-0.311369506055618
A50N,0.931314265006756
A50P,-0.203810309095603
A50Q,0.171417663810209
A50R,0.0142075999321161
A50S,-0.055684606641553
A50T,-0.646647495323742
A50V,-1.56082531518579
A50W,-0.874156818471793
A50Y,0.00836680231230525
S51A,0.667122411681222
S51C,1.19554632524757
S51D,1.09056911918828
S51E,1.62376642048996
S51F,2.18134308466732
S51G,-0.0974420990235009
S51H,1.48004105860109
S51I,1.93003225743062
S51K,1.17814978888568
S51L,1.90642393266354
S51M,2.1255980015319
S51N,-0.00564688905301981
S51P,0.267101405030057
S51Q,0.842552926999769
S51R,2.30600314318909
S51T,1.700866619543
S51V,2.54622297907239
S51W,2.80420759828519
S51Y,1.99102185959323
W52A,1.22072957342612
W52C,-2.72593314021522
W52D,0.979757864769313
W52E,1.04740282647409
W52F,-1.15463136681021
W52G,0.114729645421468
W52H,0.820643642412243
W52I,-0.6572741501376
W52K,0.812474458258388
W52L,-1.14993461285966
W52M,-0.115936741683604
W52N,0.117564014174618
W52P,0.462235168430297
W52Q,1.01310433498218
W52R,1.7180128925977
W52S,0.32214708732386
W52T,-0.620711279059148
W52V,1.67268722095936
W52Y,-0.316592372164591
F53A,0.759315659090843
F53C,0.167147258726878
F53D,0.0092764534650571
F53E,0.387649923788183
F53G,0.30501837241276
F53H,0.194635119420111
F53I,1.30525122010125
F53K,-2.49137934063169
F53L,0.057009817475995
F53M,0.122456474351771
F53N,-0.526546975491797
F53P,-0.224888517313495
F53Q,-0.0499883248577871
F53R,0.698311889194231
F53S,1.43588807554614
F53T,1.7392833341536
F53V,0.308950365321796
F53W,1.81097006381977
F53Y,0.225809178162299
T54A,1.65887933316606
T54C,-0.843483852474735
T54D,1.61482289864614
T54E,0.966113713970296
T54F,-0.0449439483225311
T54G,-0.490012052015844
T54H,1.15828768810423
T54I,-0.404632130968479
T54K,-1.1250335308568
T54L,1.41487183827714
T54M,0.0389553174982683
T54N,0.964123690249806
T54P,0.00761435313531059
T54Q,1.05695549061246
T54R,-0.115462250064427
T54S,-0.405932264711232
T54V,0.394260891345438
T54W,0.473684204339006
T54Y,-0.123280239491135
A55C,-1.51988332958942
A55D,-1.86176355104296
A55E,-0.724966291785212
A55F,-0.495324709786118
A55G,-1.15378203887318
A55H,-0.401603950708481
A55I,0.618565281914068
A55K,-0.81441860636889
A55L,0.631200181486392
A55M,0.331131234773513
A55N,1.17223613666495
A55P,-0.836217986189866
A55Q,0.74125294463899
A55R,-1.32868516916848
A55S,-0.535890907034686
A55T,-0.442920915756285
A55V,0.165984358570591
A55W,0.572509522023083
A55Y,-0.596702378098616
L56A,1.05594300796498
L56C,0.774359923784688
L56D,0.987882807370014
L56E,1.04705513152279
L56F,0.267136364168767
L56G,-0.809936063769293
L56H,2.26437663841946
L56I,-2.2684177111126
L56K,-0.710260750235418
L56M,-0.488576195679371
L56N,-0.0266172464008287
L56P,-0.0990196423936943
L56Q,1.7717778600233
L56R,0.0704753868979514
L56S,0.459266974726565
L56T,0.269643117675561
L56V,0.00677598776464831
L56W,1.49627564220099
L56Y,-0.0290401628472459
T57A,-1.12605552415976
T57C,0.825234515551778
T57D,-0.519695922411134
T57E,0.110096735463233
T57F,-1.11010656741006
T57G,-0.79008289175849
T57H,-0.730008596940768
T57I,-1.89336819914308
T57K,1.83240179700053
T57L,0.496236036404107
T57M,0.900029665828283
T57N,-0.448902511349034
T57P,0.229280053830586
T57Q,1.91068126152888
T57R,0.299044738735714
T57S,-0.616274295587059
T57V,-0.157446587979166
T57W,0.587765591771307
T57Y,-0.773601752646226
Q58A,0.503155841782863
Q58C,0.4626891153258
Q58D,-0.10364475021591
Q58E,-0.431306213777968
Q58F,1.10736963278899
Q58G,0.174703281222418
Q58H,0.366469976705451
Q58I,-0.0781544547212016
Q58K,-0.653316257246521
Q58L,0.294793511818343
Q58M,1.05577890003909
Q58N,0.769202202584861
Q58P,1.35034867952841
Q58R,0.95377719560574
Q58S,0.148577600652517
Q58T,0.64602162915894
Q58V,-0.330764119542931
Q58W,0.755168452078192
Q58Y,0.895368280225086
H59A,0.72749280636773
H59C,-1.43990755336961
H59D,-0.402169396450123
H59E,-1.36387343322793
H59F,0.239176182943675
H59G,-0.299471681216403
H59I,0.0799721130999202
H59K,0.482130992651161
H59L,-0.257735974754228
H59M,0.924998009843727
H59N,1.34408487786372
H59P,0.218760777580534
H59Q,-0.520151489285056
H59R,-0.87074242532081
H59S,-0.142794173004302
H59T,0.881643178135476
H59V,0.161942429681255
H59W,0.467458500596494
H59Y,0.765415198644323
G60A,-2.11084016649749
G60C,-0.0974592327956193
G60D,-0.477993238280013
G60E,-0.38892992814375
G60F,1.22849991018353
G60H,-0.17125083466822
G60I,-0.293653025835479
G60K,0.445570847487864
G60L,-1.26122403052371
G60M,-0.000884386313920295
G60N,0.187468925001284
G60P,-0.757457299642205
G60Q,-0.00362801273117786
G60R,-0.340775128062222
G60S,0.447578088779035
G60T,0.291175626387578
G60V,1.21452109986751
G60W,-0.144195856896562
G60Y,0.796567994253764
K61A,-0.725291334507066
K61C,-0.990171608178974
K61D,-2.24989901820032
K61E,-0.753192666996898
K61F,1.37567574139861
K61G,0.485013463176203
K61H,0.833309655424942
K61I,-1.04842905535116
K61L,-1.45714640773475
K61M,-1.34256099387114
K61N,-1.41016281762176
K61P,-0.0767339074455255
K61Q,-0.460944979027204
K61R,0.821522068246259
K61S,1.52403264743717
K61T,-0.137649372379326
K61V,-0.570746251233821
K61W,-2.34343938639619
K61Y,-0.446115658057517
E62A,-0.42224929729637
E62C,-0.835576791508838
E62D,0.0888716516612409
E62F,-0.304911532668869
E62G,0.767716346455265
E62H,0.075884179683623
E62I,-0.4117465181237
E62K,-0.0144087739248755
E62L,0.144420125303503
E62M,-0.696506667832814
E62N,0.576818525227937
E62P,0.154605349193841
E62Q,-0.567418325159429
E62R,0.637989652053518
E62S,-0.554229125001138
E62T,0.174421401128736
E62V,-0.273325706577037
E62W,-1.6670460269035
E62Y,1.08409947768197
D63A,1.09281598716414
D63C,-0.316738005182724
D63E,-0.962656397982133
D63F,-1.65665813204348
D63G,2.02896137529386
D63H,-0.735649183976326
D63I,-0.569910527017984
D63K,-0.741284916880902
D63L,-0.164166529210951
D63M,0.613582036256223
D63N,0.210688793618775
D63P,-0.0168866990886212
D63Q,0.253988735172945
D63R,-1.03605488053279
D63S,1.64801215366673
D63T,-0.500215307204736
D63V,-0.466621993954091
D63W,-1.08075547426281
D63Y,0.395640473274356
L64A,-0.00719375220809871
L64C,0.985485697562212
L64D,1.69747362700526
L64E,0.645334279365707
L64F,-0.446604235923828
L64G,-0.512132449921689
L64H,0.695870068400187
L64I,0.3940033453731
L64K,2.03554064148333
L64M,1.39774532897173
L64N,0.832084024812523
L64Q,2.46417960690138
L64R,2.47695225399396
L64S,0.891322933874538
L64T,1.51904303149626
L64V,0.255253552476595
L64W,0.243116336915066
L64Y,0.38552083252112
K65A,-0.353687499950763
K65C,0.528408798650592
K65D,-2.0527378641817
K65E,-0.844089706960433
K65F,-1.35348505294355
K65G,0.054541070466882
K65H,-0.000341983047209751
K65I,-1.68498248147741
K65L,-1.49668867381652
K65M,-0.428595650787019
K65N,-0.513855297000781
K65P,-0.356388873358673
K65Q,-0.868031099709917
K65R,-0.98035107353788
K65S,-0.664165410987321
K65T,0.591812589475592
K65V,0.370662268940745
K65W,-0.612573393932232
K65Y,-0.863610909955318
F66A,0.468141717040463
F66C,0.457619802481551
F66D,-0.350233192119493
F66E,-0.257702641793905
F66G,0.562548758990419
F66H,0.801518931933865
F66I,0.579514232453059
F66K,0.659784166337269
F66L,-0.208757959625828
F66M,0.783260679184982
F66N,1.23608362612064
F66P,0.393235871661863
F66Q,1.14391794924037
F66R,1.08038562216679
F66S,-0.117788490560464
F66T,-0.587894627048699
F66V,0.261115521126881
F66W,0.127862530667931
F66Y,-0.804039685238882
P67A,0.580700150042127
P67C,-0.844024238286643
P67D,-0.962460221967645
P67E,-0.472353342470632
P67F,-0.511721069292062
P67G,0.737205820620075
P67H,-0.286383340413615
P67I,-0.165126251778581
P67K,-1.21128526739426
P67L,0.388271379200573
P67M,-1.26689920588494
P67N,0.925157990818706
P67Q,-0.177605686562646
P67R,1.38337883995801
P67S,0.040043944535061
P67T,-0.00609708396704181
P67V,-1.49121700386535
P67W,-0.801967545581378
P67Y,-0.639260719430705
R68A,-1.15637306793486
R68C,-2.43421258357946
R68D,0.173730216603904
R68E,-0.86644682047992
R68F,-0.349670244304914
R68G,0.11370062381195
R68H,-0.387853864022601
R68I,-1.61167800708444
R68K,-0.691877022257291
R68L,0.396763607435667
R68M,-1.26880207089233
R68N,-0.696644633156892
R68P,0.053957035108902
R68Q,-0.287217794384954
R68S,1.17897611824667
R68T,-2.21564422115953
R68V,-0.231582441715439
R68W,-1.23552149529636
R68Y,1.52661898333089
G69A,-0.158065455185727
G69C,0.253001708372581
G69D,-0.269376405439994
G69E,-0.777538460730779
G69F,-0.936393325741409
G69H,0.210809933279031
G69I,0.48799657732271
G69K,0.451585336129816
G69L,-0.579981598818696
G69M,-0.324293549452138
G69N,1.06795558399676
G69P,-0.385386991419326
G69Q,1.38773926790234
G69R,-0.617978147068444
G69S,-0.0199666988807938
G69T,0.265605493639591
G69V,0.568511138298077
G69W,0.620251788686335
G69Y,-0.658771581653652
Q70A,-0.342560368794373
Q70C,1.57590343993422
Q70D,-1.06248940050189
Q70E,-1.23744961096283
Q70F,1.57839391694015
Q70G,0.253863199512241
Q70H,0.347462900374193
Q70I,-0.261076431822443
Q70K,0.512034260142928
Q70L,-0.254074171933681
Q70M,0.41310687655869
Q70N,-0.971560729488977
Q70P,0.519036740805195
Q70R,-0.0729981995776949
Q70S,0.699712022735495
Q70T,0.0269037780640797
Q70V,0.214372607797852
Q70W,-0.0503608830206348
Q70Y,-1.10687733287479
G71A,0.149147310412669
G71C,-0.102394677699036
G71D,1.17679493556309
G71E,1.2240086132404
G71F,0.423696464357719
G71H,0.181160256639802
G71I,2.44309032204062
G71K,3.13039323033148
G71L,2.36121009989271
G71M,0.975299649465258
G71N,-0.143435018367065
G71P,2.08959828095202
G71Q,-0.131606694584857
G71R,-0.432576383784582
G71S,0.926084086989774
G71T,0.353483263245389
G71V,1.9982482739511
G71W,1.20054645069343
G71Y,2.05932520624259
V72A,1.01907945662611
V72C,-0.915792562801728
V72D,0.925546869908683
V72E,2.24672887486341
V72F,0.730625419864969
V72G,0.825127143792
V72H,0.465665390551744
V72I,0.227737588046946
V72K,2.72152506396936
V72L,-1.05834441700545
V72M,-0.197354504975135
V72N,1.56231428968371
V72P,0.619271820196142
V72Q,0.055922372300773
V72R,0.569426277988786
V72S,0.350449148620932
V72T,-0.0713451362982125
V72W,1.2394562103971
V72Y,1.30237760742387
P73A,1.97755273092355
P73C,0.0637632966653895
P73D,1.03440077856134
P73E,2.29740627823814
P73F,0.761368465595914
P73G,-0.0579158428456954
P73H,1.63148453227266
P73I,1.40313714471342
P73K,0.901413889880649
P73L,0.72009890239561
P73M,1.86822986557603
P73N,0.480567802832184
P73Q,0.507939600114021
P73R,2.32411565407587
P73S,1.60211543249776
P73T,0.182146546526902
P73V,1.26999111733284
P73W,3.25287576262512
P73Y,1.98053632354565
I74A,-1.29617463916281
I74C,0.178446791115405
I74D,0.624838647445765
I74E,-1.09601351115136
I74F,-0.425521674316625
I74G,1.03555523269643
I74H,-0.359839201972422
I74K,1.49920918136874
I74L,1.50425104538761
I74M,0.27415918749012
I74N,-0.693927051743137
I74P,0.393882724877297
I74Q,-0.227128211798976
I74R,-0.350575987412017
I74S,0.335840778217591
I74T,-0.596265292946999
I74V,-0.384792473338572
I74W,-0.827236229887737
I74Y,0.0626505873649957
N75A,0.379929027351658
N75C,0.769212030795057
N75D,-1.05597928949951
N75E,0.389010294580064
N75F,-0.863886401419802
N75G,1.08821778345996
N75H,-1.05238181808398
N75I,-0.306840887415284
N75K,-1.64559141460629
N75L,-0.670355240342245
N75M,-0.954652463075834
N75P,1.19831494015358
N75Q,0.303088118083339
N75R,-0.138489142371191
N75S,-0.668117561022952
N75T,0.782231225014382
N75V,1.37924388606239
N75W,-0.0627442722070377
N75Y,-0.521906800948492
T76A,-0.640594424688053
T76C,-0.351582148977562
T76D,-1.13258171576677
T76E,0.742695648404393
T76F,0.949248354537077
T76G,0.317112648547334
T76H,0.649860218409496
T76I,-0.16407846519976
T76K,-0.888829919245149
T76L,-0.367731693506432
T76M,-2.32853021516323
T76N,-0.296367460079115
T76P,-1.50509791901134
T76Q,-1.0661712876949
T76R,-1.02648770537156
T76S,-1.13741907068305
T76V,0.522624737493485
T76W,-0.697405519618867
T76Y,-1.52171799209618
N77A,-0.980841533857933
N77C,-0.244767664655344
N77D,-0.432207163282072
N77E,3.97018957184735
N77F,0.531667478441855
N77G,-1.34111836974243
N77H,-0.114589871423891
N77I,0.189060993128242
N77K,0.372000177613118
N77L,-0.250542826921968
N77M,-2.20400687764676
N77P,-0.226235984062614
N77Q,-0.876925986383703
N77R,-0.711650861401949
N77S,-1.17239488053133
N77T,-0.312691849883054
N77V,-0.45521179170595
N77W,0.218633992757276
N77Y,-0.305508178875645
S78A,1.01382488376959
S78C,-0.702300182828142
S78D,-1.28106927278179
S78E,-0.000271909482963599
S78F,-0.112162495350759
S78G,1.37659897798771
S78H,0.225209162865872
S78I,-0.418007510570979
S78K,0.338439172428381
S78L,-1.17441954543658
S78M,-0.941763977448871
S78N,0.232809609913581
S78P,0.337633154985996
S78Q,-0.812831890315499
S78R,0.519277211806262
S78T,-0.755514047163625
S78V,0.618389290668584
S78W,-1.47531102616339
S78Y,2.20456188847319
S79A,2.54301782235883
S79C,-2.48589487529526
S79D,-0.39468704048892
S79E,-1.75438219284603
S79F,-1.72639465504295
S79G,0.19949490524197
S79H,-1.22125058620636
S79I,-0.315224961507883
S79K,-0.0714371449043113
S79L,0.313843561550403
S79M,-1.02167506209859
S79N,-1.29107891039893
S79P,0.252205322966289
S79Q,-0.931311540236599
S79R,-0.72717477280104
S79T,-1.62220606724591
S79V,-0.450280434492989
S79W,-0.896416137951052
S79Y,0.230460788232927
P80A,0.444155558170873
P80C,0.466233975129506
P80D,-1.48786026480058
P80E,-1.81803459562914
P80F,-1.7745706582462
P80G,-0.136494547417743
P80H,-1.8244176583561
P80I,2.35790270575814
P80K,-0.593687884617655
P80L,0.376974570277845
P80M,-1.13703894356094
P80N,0.881606245742775
P80Q,-0.382115467510557
P80R,-0.279850674966315
P80S,-0.476447428672245
P80T,-0.155514035976008
P80V,-0.0600596261753342
P80W,-1.47855014884518
P80Y,-1.543424661628
D81A,-0.0752009438902807
D81C,1.06778823468086
D81E,0.720386530085084
D81F,-0.155385559672638
D81G,-1.03349546674317
D81H,1.38681199826324
D81I,-0.456618334208242
D81K,0.424719822322272
D81L,-0.185638902250333
D81M,-0.731873390713936
D81N,0.0600089705882526
D81P,0.247264690978405
D81Q,-0.114506347947088
D81R,0.587489108381702
D81S,-0.385019797271934
D81T,-0.164961253951004
D81V,-1.7035146261667
D81W,0.0129809312963366
D81Y,4.25591776845117
D82A,0.229023560414503
D82C,-0.852268684508758
D82E,-0.530056637350811
D82F,-0.240841263610807
D82G,0.00301807646326068
D82H,-2.37127589486224
D82I,0.540621290043212
D82K,0.723847003015135
D82L,-0.28854750441865
D82M,-0.101121524220618
D82N,-1.53468933576644
D82P,1.31743533294243
D82Q,-1.30276150901041
D82R,0.600691421741168
D82S,0.277925912590984
D82T,0.265191943739951
D82V,1.13312931526864
D82W,2.09888390109156
D82Y,0.379364976159826
Q83A,0.163671094230884
Q83C,1.92503771526679
Q83D,-0.560662420650222
Q83E,0.532656242970995
Q83F,-0.23545964091602
Q83G,-0.601976810293073
Q83H,-0.49970259379336
Q83I,0.0138903651075731
Q83K,0.864313199534063
Q83L,0.355044289803519
Q83M,-1.11358745941995
Q83N,-0.942566001951952
Q83P,-0.524689070881801
Q83R,1.23613901588194
Q83S,-0.466806753318051
Q83T,-0.967057219732463
Q83V,0.129600390211842
Q83W,-0.930772370805013
Q83Y,0.351280976140181
I84A,-2.05902438002303
I84C,2.53840015153781
I84D,2.1250218487623
I84E,2.83687432942237
I84F,0.0616232823302195
I84G,0.29223883597235
I84H,0.727496110044113
I84K,0.683925087011786
I84L,1.08737508822605
I84M,0.0738787214962015
I84N,1.1399435739471
I84P,2.07172390200679
I84Q,0.998576875619643
I84R,0.780482953013544
I84S,0.479665332250304
I84T,0.815856126414806
I84V,0.207422534474714
I84W,1.34208153671231
I84Y,1.3709813678339
G85A,3.12977815034273
G85C,2.11610883731791
G85D,1.19105269375339
G85E,2.95464801792145
G85F,1.43444897534104
G85H,-0.188625720911195
G85I,2.61066301279429
G85K,1.40826605731958
G85L,3.31274768033906
G85M,2.17851646786362
G85N,-0.124309910780212
G85P,3.61562347856771
G85Q,2.3859897501481
G85R,0.38119389090471
G85S,3.35888611156804
G85T,2.85133621240505
G85V,3.16185742001243
G85W,3.50025301484246
G85Y,2.40300997708473
Y86A,2.22560384279491
Y86C,-2.43421258357946
Y86D,1.80581348000965
Y86E,1.89563200120464
Y86F,0.788554436735853
Y86G,2.92226778845172
Y86H,2.3817189776434
Y86I,1.57965413875601
Y86K,0.713364886126076
Y86L,0.689283759715761
Y86M,1.92306997750636
Y86N,0.830559856771697
Y86P,0.975090324623621
Y86Q,0.897296787366342
Y86R,1.31519660830518
Y86S,0.903679908922517
Y86T,2.38292636732874
Y86V,1.97417710901324
Y86W,2.28856227321955
Y87A,0.711063328653141
Y87C,1.57002480504376
Y87D,1.70228360457465
Y87E,2.44699807842953
Y87F,0.0777860980135354
Y87G,1.05737258297483
Y87H,-1.70702376868273
Y87I,0.698018667871889
Y87K,2.0966962621382
Y87L,0.00348435677705209
Y87M,-0.373677433490277
Y87N,1.23070460967666
Y87P,1.37310811386962
Y87Q,1.45715123538305
Y87R,1.82960434279386
Y87S,1.20864519683784
Y87T,0.913025103626679
Y87V,1.62788580706933
Y87W,-0.360621401635785
R88A,0.0416305592745814
R88C,0.808688919257598
R88D,-0.447962100536368
R88E,-0.94530956220313
R88F,-2.02376335276816
R88G,-0.652029641713947
R88H,-0.632791049921748
R88I,-1.13923963134473
R88K,-0.048153915293505
R88L,-1.38789773890948
R88M,-0.887338109315629
R88N,-0.683072694823511
R88P,5.16714106592616
R88Q,-0.529163928921106
R88S,-0.791117098153224
R88T,-1.14531118463102
R88V,-0.332000381835744
R88W,-1.14000411452605
R88Y,-2.38187660192036
R89A,-0.681509909283617
R89C,0.759952464624934
R89D,-0.714235684285307
R89E,0.319467494512274
R89F,-0.345750324196733
R89G,1.47905827292731
R89H,-0.0746656246416519
R89I,3.01368241358991
R89K,0.000622792166879587
R89L,-0.125639701807759
R89M,-1.1872236798048
R89N,1.16416580531619
R89P,1.84395474578794
R89Q,-0.904622643118531
R89S,-0.996634514483858
R89T,0.0466791182341564
R89V,-0.286563940758956
R89W,1.0541725745767
R89Y,-0.236820062758812
A90C,-2.46702332371734
A90D,0.969426874085675
A90E,-2.3512034615895
A90F,-0.200643876855113
A90G,-0.295161029527563
A90H,-0.660130530556557
A90I,0.644411052214695
A90K,-1.07872146428085
A90L,-0.97285097044157
A90M,0.555201037824915
A90N,0.978016543365975
A90P,-0.713440226876579
A90Q,-0.260234559590963
A90R,-1.06670029567475
A90S,0.0986502930584134
A90T,-0.294415519670232
A90V,-0.249271826219514
A90W,-0.188381898371116
A90Y,0.196639694420685
T91A,-0.981357764385324
T91C,0.2923963710318
T91D,-0.670234986454006
T91E,-0.931917123348598
T91F,-1.01507061555494
T91G,0.0683589906223634
T91H,-0.313382102678289
T91I,-0.619104700299297
T91K,-1.06094837274279
T91L,0.552757428168223
T91M,0.122191796262865
T91N,2.08440607342121
T91P,-0.845223641913917
T91Q,-0.503643360285238
T91R,-0.780930776130032
T91S,-0.907702893074875
T91V,-1.55471047608266
T91W,-1.15036461893939
T91Y,-0.528930102695259
R92A,-1.90427411375087
R92C,-0.0447763548977167
R92D,-1.56308770412024
R92E,-0.458746499937805
R92F,-0.535774743668433
R92G,-0.169383857347048
R92H,-0.291169646871885
R92I,-0.150209326227277
R92K,-1.41443628955848
R92L,-1.25958251745101
R92M,-0.76155726726265
R92N,-1.21611228689553
R92P,0.125421643015877
R92Q,0.452726232765721
R92S,0.227110673276612
R92T,1.97567676831237
R92V,-0.0274376435428561
R92W,-0.430684444423088
R92Y,1.99791287780534
R93A,-0.977435093274226
R93C,-0.187956542242579
R93D,-0.228738106367622
R93E,-1.41046087820723
R93F,0.210001085488649
R93G,1.26134063288794
R93H,1.79878563352287
R93I,0.691802787159748
R93K,1.33794406733607
R93L,-0.538361476026035
R93M,-1.13570362852729
R93N,-0.0927155565980366
R93P,-1.45337658850305
R93Q,0.206183720160224
R93S,1.09617280067996
R93T,-1.3029970211876
R93V,0.573690051072337
R93W,-0.121945945792626
R93Y,1.66131010388481
I94A,-0.712931145868877
I94C,-3.79684652155354
I94D,0.0349765623324683
I94E,-1.97867749118698
I94F,-0.642786066141205
I94G,-0.982788030110492
I94H,-0.140266484587214
I94K,-0.299631220440583
I94L,1.65126490956225
I94M,-0.914989760689109
I94N,0.55942487953738
I94P,-0.032612560853294
I94Q,0.120206501638547
I94R,-0.207154440759499
I94S,-0.831880310134916
I94T,0.95046445545329
I94V,-1.00753967949714
I94W,-0.768166684537965
I94Y,-0.484664358905692
R95A,-3.06128665556161
R95C,0.453792768379219
R95D,-1.29379340921896
R95E,0.21947097794052
R95F,-1.83440863443944
R95G,-1.14352618070626
R95H,0.582801013815422
R95I,-0.97075446614453
R95K,-0.343374152473448
R95L,-0.4677522099595
R95M,-1.15284905504925
R95N,-2.51821337965412
R95P,-0.726961999744001
R95Q,-0.944165878103348
R95S,-0.533487985819057
R95T,-1.70200139140258
R95V,0.719686385118906
R95W,0.574202266159187
R95Y,-0.26928869319501
G96A,0.497520122078301
G96C,-0.344495538408174
G96D,-1.26474441077297
G96E,0.0329947733096987
G96F,-0.639984170814443
G96I,-1.79476842865345
G96K,-0.144324377209183
G96L,0.716068871410208
G96M,2.4465960590163
G96N,-0.458426942454827
G96P,-0.943885782780329
G96R,-0.590661151695091
G96S,1.91358946778553
G96T,-1.14386289898261
G96V,-2.49853131828541
G96W,1.51543581498125
G96Y,-0.93348626874697
G97A,-1.39319875682376
G97C,0.404779097112735
G97D,-1.01134138441633
G97E,0.289057718104448
G97F,2.29535947669962
G97H,1.66552815410921
G97I,2.00686120649222
G97K,-0.581523916841664
G97L,-0.701614370504321
G97M,-0.197349184063899
G97N,-1.22938759692374
G97P,-0.611845731909564
G97Q,0.181036121759993
G97R,-1.74567276436852
G97S,-0.816359976253444
G97T,1.34146760188993
G97V,2.09959938948477
G97W,-0.725197814281669
G97Y,0.552526168605997
D98A,0.734408638180379
D98C,-0.816807650465562
D98E,-0.360184866577022
D98F,-0.0133547496311546
D98G,0.470361312714747
D98H,0.832630243596416
D98I,-0.243457228647514
D98K,-0.172150418694772
D98L,0.311389128067436
D98M,0.521226151085875
D98N,0.141529564706787
D98P,0.104341521756496
D98Q,0.70371933452235
D98R,-0.149353729478423
D98S,0.963922729471343
D98T,0.0534437064059766
D98V,-0.565515122373471
D98W,0.646003573459826
D98Y,-0.756468549916808
G99A,0.359329250788469
G99C,-2.40201976332722
G99D,2.88379391101801
G99E,-0.502547886853322
G99F,-0.0517658269924342
G99H,-1.0423082479931
G99I,0.510130404214761
G99K,1.85999668641934
G99L,-0.0968233171869984
G99M,-1.27141774104961
G99N,0.272318701048218
G99Q,-0.502412887365571
G99R,-0.397072322003356
G99S,-0.250585917362464
G99T,-0.451325941631126
G99V,0.522072017816883
G99W,0.364707893865266
G99Y,-0.332373987929568
K100A,-0.609534005684085
K100C,-1.15441661786065
K100D,2.18481220254319
K100E,2.39140322032016
K100F,-0.827857170952459
K100G,-1.00276720419289
K100H,-0.512922455487544
K100I,0.0918213092718329
K100L,0.422580501173954
K100M,-0.890051254170893
K100N,0.0683978693651226
K100P,0.0566734250442592
K100Q,-0.245223477183739
K100R,-0.541124737290321
K100S,-0.530919280882804
K100T,-1.05283875855517
K100V,0.450047651169328
K100W,-1.92037259170528
K100Y,0.300960768460253
M101A,0.118135707539676
M101C,0.14064136792135
M101D,0.576640490366636
M101E,-0.18071170349373
M101F,-0.351909387704608
M101G,-0.516567798974457
M101H,-1.26418208588529
M101I,-1.03200775456631
M101K,1.39156177713329
M101L,0.344884368565673
M101N,-0.149890986546482
M101P,-0.163263706049926
M101Q,-1.15763582462125
M101R,-0.595940997173138
M101S,0.415267030841338
M101T,-0.146375244332467
M101V,0.621700112216071
M101W,1.04960156353549
M101Y,0.0514974708987131
K102A,0.245411537132828
K102C,-1.61137409339958
K102D,0.151484691614399
K102E,-0.303879627990369
K102F,-1.35363067623311
K102G,0.119679236319946
K102H,-0.581986447135799
K102I,0.0681645068255992
K102L,-0.954892058511189
K102M,-0.767862248915087
K102N,-0.988971304366281
K102P,0.847729577041726
K102Q,0.0881425764066
K102R,0.663562112917247
K102S,-0.311403918185967
K102T,-0.0848552393493795
K102V,2.15061392759842
K102W,-0.592947470181853
K102Y,-0.791739321834058
D103A,1.16155053889639
D103C,-0.792552238333473
D103E,1.58630383674643
D103F,0.192996172084378
D103G,-0.50823894923187
D103H,-0.483453113525627
D103I,0.600279418469334
D103K,0.586385632666879
D103L,0.969362418775013
D103M,-0.144523716881606
D103N,0.600266870811139
D103P,-0.847344718292844
D103Q,0.295348168347847
D103R,-0.30171826921458
D103S,-0.194978820944084
D103T,-0.496666602358162
D103V,1.91307892764554
D103W,-0.561731251478708
D103Y,-1.05160425958645
L104A,-1.24317966455445
L104C,0.0215514965260152
L104D,-0.0447577349513186
L104E,-0.397017061058817
L104F,0.296358938314243
L104G,-0.088439916020684
L104H,2.08559049640125
L104I,-0.91759559039817
L104K,-0.0816728090835166
L104M,-0.32742254709764
L104N,-0.462742592055072
L104P,0.0922706140918108
L104Q,1.74518727097915
L104R,-0.250191796245626
L104S,1.34283601768489
L104T,2.31961020382841
L104V,-0.350141597112872
L104W,-0.0367320283815155
L104Y,-1.39422105805866
S105A,-0.274541685080337
S105C,-0.743815773357294
S105D,-0.221863706924055
S105E,-0.153295372595041
S105F,0.511380399455846
S105G,-0.864929085609938
S105H,0.997504493716507
S105I,-0.91308533274757
S105K,-0.958028880163315
S105L,-0.671692503720168
S105M,0.0710990940230842
S105N,0.896810539450634
S105P,0.401557485378013
S105Q,2.92105692453865
S105R,0.978898623777395
S105T,-0.52601977990243
S105V,-0.0554546171090051
S105W,-0.322092059272808
S105Y,-0.514800026387263
P106A,0.434052644155764
P106C,-0.396917910066983
P106D,1.45774010582294
P106E,-0.335991071755043
P106F,-0.300985397886035
P106G,1.81299559249609
P106H,1.51292814006333
P106I,-0.512354755293201
P106K,0.765214699271101
P106L,0.567432065625281
P106M,-0.440127699122872
P106N,0.778212321598188
P106Q,2.21673593524225
P106R,1.8966286847691
P106S,-1.35301246633692
P106T,0.729569967881087
P106V,0.540696943624313
P106W,0.717726666914196
P106Y,1.09468871530792
R107A,1.00988692501865
R107C,-1.16992081041991
R107D,-0.506489292519326
R107E,-0.197035611890633
R107F,-0.420173946889594
R107G,-0.234345271769926
R107H,0.517614193659615
R107I,-0.519280750321867
R107K,-0.201138784793929
R107L,-0.153995259544148
R107M,-1.00380554206876
R107N,-0.0245876497689996
R107P,-0.297852204084073
R107Q,0.422885882492978
R107S,-0.421574609874355
R107T,0.059377521340145
R107V,-0.384414648104471
R107W,-0.632501566275997
R107Y,0.232006059028301
W108A,-1.32602076386983
W108C,-0.964538549653516
W108D,0.790473668248029
W108E,-0.574610798391242
W108F,-0.677858336435446
W108G,0.080631838807101
W108H,0.345040010321125
W108I,1.13223840105839
W108K,-0.712279327769408
W108L,0.290361700972899
W108M,0.653405165675168
W108N,-0.0540525185919908
W108P,2.50467471717102
W108Q,-0.428961940272274
W108R,0.786242608131091
W108S,-1.56886482435556
W108T,-0.910478891505928
W108V,0.630016221601074
W108Y,-1.12858902832828
Y109A,-0.508320488671562
Y109C,-1.33052094961119
Y109D,1.06908883274253
Y109E,0.479221355275993
Y109F,-0.944091029907261
Y109G,0.875364700391845
Y109H,0.211680790072203
Y109I,-0.952737992194412
Y109K,-0.541148862007302
Y109L,-1.64114980237566
Y109M,-1.09956507100406
Y109N,-0.691075439287032
Y109P,-1.0190896121843
Y109Q,0.0238484781661976
Y109R,-0.885212133428706
Y109S,-0.343504291538382
Y109T,0.908452958489038
Y109V,-0.80370351185771
Y109W,-0.313709861994409
F110A,1.54264201068192
F110C,1.98171530642302
F110D,1.01494606013464
F110E,0.302820876188321
F110G,0.783838383936371
F110H,0.209774548273924
F110I,1.72662673292762
F110K,-0.314997739229856
F110L,1.97088118604369
F110M,0.746343532406585
F110N,-1.19768042593668
F110P,0.564744567410783
F110Q,1.45478826374872
F110R,1.6799354890169
F110S,0.529846165868808
F110T,0.537913343461716
F110V,1.26142795288867
F110W,-0.525026697737637
F110Y,-0.476110772733737
Y111A,0.463997445414844
Y111C,2.11908225142788
Y111D,0.538553289174149
Y111E,0.629420914232995
Y111F,-1.30865297562952
Y111G,-3.64679025822175
Y111H,0.335929684332829
Y111I,1.933372323613
Y111K,1.4908488157514
Y111L,1.7246260989876
Y111M,2.75500487200803
Y111N,0.706737363674937
Y111P,0.914968203569806
Y111Q,-0.435831360464578
Y111R,2.78739192106885
Y111S,0.132584452528247
Y111T,1.2517078833772
Y111V,1.59372800136543
Y111W,-0.080501014596331
Y112A,0.75494643359399
Y112C,-0.878943732075291
Y112D,1.16338241054277
Y112E,-0.327331571178119
Y112F,-0.291157124711583
Y112G,1.42932299252326
Y112H,0.274482296708669
Y112I,2.85727956437119
Y112K,1.2341806472746
Y112L,-0.235053018998143
Y112M,0.435019721753189
Y112N,0.860435473585912
Y112P,1.34120748580739
Y112Q,-0.369681771503881
Y112R,0.460371785491891
Y112S,2.06211593668381
Y112T,1.10014152806803
Y112V,0.751418016900663
Y112W,-0.5508667940102
L113A,1.00143802772985
L113C,0.420180101762311
L113D,0.163493239984911
L113E,-0.490958486114936
L113F,0.770970488815494
L113G,-0.33440057231004
L113H,-0.271158017399196
L113I,0.965698690434738
L113K,0.0821425828101815
L113M,1.35329110247215
L113N,0.74235151301258
L113P,-0.649514685344393
L113Q,-0.467528319022525
L113R,-2.48822858044482
L113S,0.463962821857802
L113T,0.647491204145429
L113V,-0.187550548000947
L113W,1.43587682615472
L113Y,-0.234891514686957
G114A,0.840024459144328
G114C,-0.0624124821970667
G114D,1.50243325070662
G114E,2.78215196699241
G114F,2.30783229702508
G114H,-0.387655967759429
G114I,0.87979438200825
G114K,1.16272006868825
G114L,1.5658590890561
G114M,2.91678052235803
G114N,-0.0860410945258603
G114P,1.60549642063543
G114Q,-1.09792344222058
G114R,2.56414799278549
G114S,0.550374005819525
G114T,2.37330747018377
G114V,1.45522593808682
G114W,1.67574270243037
G114Y,3.69600841214822
T115A,0.956502936205374
T115C,0.9308173169433
T115D,0.78874705691318
T115E,0.461971912137479
T115F,2.09144442040747
T115G,1.67059830711909
T115H,0.378382666677446
T115I,1.8988424885881
T115K,-0.57457507653978
T115L,1.32871555089206
T115M,1.31499793117589
T115N,0.631772587186834
T115P,0.980621985404798
T115Q,1.01757871024275
T115R,-0.417029718968787
T115S,1.38999406106363
T115V,3.82939741046355
T115W,1.55934574567341
T115Y,1.31310269172231
G116A,-0.284333018917679
G116C,0.169304031239967
G116D,1.23843841800328
G116E,0.730525930061413
G116F,2.03181786409898
G116H,1.67510303927205
G116I,1.95295956457974
G116K,1.1521869327935
G116L,2.44864269137773
G116M,1.78936222648105
G116N,2.45414581665223
G116P,1.51969938685317
G116Q,1.4796472238513
G116R,2.86365769005561
G116S,2.01173946394877
G116T,2.05835297495697
G116V,1.09771551389551
G116W,1.24595832605736
G116Y,2.33900543642676
P117A,0.222743661517201
P117C,3.10672640307919
P117D,-0.963358509639238
P117E,0.297607293746406
P117F,1.21481362411392
P117G,0.42931172433309
P117H,-0.0996154094962935
P117I,1.88601054728786
P117K,-0.801754018001318
P117L,1.8846351822328
P117M,1.7900066685699
P117N,2.12360541719464
P117Q,-0.0271392002518183
P117R,0.36922879177749
P117S,2.02045583286669
P117T,1.49511778866911
P117V,0.310353047712542
P117W,1.32801591690257
P117Y,1.21308841844484
E118A,1.02743906898437
E118C,-0.530195972512134
E118D,0.846607274417809
E118F,-0.778938483880822
E118G,-0.801553442644985
E118H,-0.348340782948238
E118I,1.42292525631279
E118K,0.328521453794893
E118L,1.64423089243334
E118M,-1.23086437611567
E118N,-0.401042734338881
E118P,1.6218508114396
E118Q,-0.535504948874905
E118R,-0.789432826225298
E118S,-0.878788233746781
E118T,1.80531356893389
E118V,-0.693102272460837
E118W,0.979653122634081
E118Y,1.39575936156993
A119C,-1.00030138174752
A119D,0.721432678431958
A119E,0.602255754521429
A119F,-0.377925873011238
A119G,0.161857599717877
A119H,1.93771994178993
A119I,-0.155735707410299
A119K,-1.43585773881061
A119L,-0.601198531490227
A119M,0.951044139167431
A119N,-1.59815836306451
A119P,-1.06820196745451
A119Q,-1.41196526989908
A119R,0.699128548217785
A119S,-1.30642659681986
A119T,-0.772752684560501
A119V,-0.322220079581113
A119W,-0.582970330644453
A119Y,1.39030130455022
G120A,1.53819553482652
G120C,0.190842012550271
G120D,-1.06983365622265
G120E,0.786740453589867
G120F,-1.6217870898236
G120H,-0.546123277693735
G120I,-0.10531679289274
G120K,0.0472388903773957
G120L,0.330056824277572
G120M,-0.574638638883025
G120N,-0.892967777561067
G120P,-0.0557711445747032
G120Q,2.06129885989676
G120R,0.620177679034036
G120S,0.336442662376502
G120T,0.250393147411425
G120V,-0.959801277956016
G120W,-0.119706050684884
G120Y,0.738235341423807
L121A,-1.49463199185347
L121C,0.497469406124787
L121D,0.628739554570345
L121E,-0.0628240104739826
L121F,-0.611884902026641
L121G,2.01666492084752
L121H,3.89620506191741
L121I,-0.37607013899468
L121K,0.920809356666819
L121M,-0.701982001575102
L121N,1.02932254855852
L121P,-0.166842803872873
L121Q,-0.9585684973315
L121R,1.82440316379101
L121S,-0.836945466283019
L121T,-1.53231599645593
L121V,-0.717355798799437
L121W,0.532866338080779
L121Y,1.07305425350877
P122A,0.388490952209372
P122C,-0.679437407336543
P122D,-0.442830510842139
P122E,-1.57828790821087
P122F,0.0748223923244469
P122G,0.373787248746734
P122H,-0.0469634608576496
P122I,-1.70826618441628
P122K,-0.531869186873604
P122L,0.743283923186946
P122M,0.0573471317409311
P122N,2.33987075588293
P122Q,0.16369218615962
P122R,0.255447404931462
P122S,-0.0670907126469336
P122T,-1.76169071747697
P122V,-0.912274230041297
P122W,3.01509839717033
P122Y,0.734933153214285
Y123A,0.188775852051279
Y123C,-0.0968554089285665
Y123D,-0.504563217640532
Y123E,0.944585019946715
Y123F,2.2712465214504
Y123G,0.282395652887267
Y123H,-0.596062360619886
Y123I,0.836167806195181
Y123K,0.776592705937847
Y123L,0.592503627825084
Y123M,-0.451086555591599
Y123N,0.905426358959796
Y123P,-0.0362278560399743
Y123Q,-1.05835734926047
Y123R,0.115234977201515
Y123S,0.194701087046039
Y123T,0.579413959025746
Y123V,-0.373337084602058
Y123W,1.73192468501012
G124A,-1.03131013631957
G124C,-0.4441106162712
G124D,-0.439639425503738
G124E,-1.01597777341095
G124F,0.537123541417801
G124H,-0.341945364414106
G124I,1.74309364368191
G124K,-0.236920352705939
G124L,0.422356385586229
G124M,1.1168845021524
G124N,-1.09743070354485
G124P,1.11939759963506
G124Q,-0.152332630820521
G124R,-0.610883046886141
G124S,-0.0614672999612712
G124T,-0.401929091952291
G124V,1.97098430073453
G124W,0.790254075344274
G124Y,-0.216254846099641
A125C,-0.290993679550342
A125D,-0.583214113375721
A125E,-0.964238469315359
A125F,1.28438720422075
A125G,-0.397820199842241
A125H,-0.360934952456029
A125I,-1.22114772138615
A125K,0.686907598020164
A125L,-1.17806844592056
A125M,-0.314058128328571
A125N,-0.642990741219339
A125P,1.2940888041206
A125Q,0.113541375408388
A125R,0.95688702715645
A125S,-1.19862854401986
A125T,-0.333090609425513
A125V,-0.434632984932376
A125W,5.41252371632485
A125Y,1.52593819383247
N126A,-0.543494596513678
N126C,0.200170204505205
N126D,-0.435161834463484
N126E,-0.808527553425319
N126F,-1.07074637713618
N126G,-0.6259478455821
N126H,0.0469675120248291
N126I,-0.493666520444316
N126K,-0.527972988750056
N126L,-0.361232405550947
N126M,-0.81114173992764
N126P,0.286507206484272
N126Q,0.855778009963675
N126R,0.95192204141966
N126S,-1.76321907350667
N126T,-0.484597379300823
N126V,2.09935285754941
N126W,0.573130276492513
N126Y,-0.589519210579684
K127A,0.603953647072638
K127C,-1.63706587875263
K127D,-1.12415198889688
K127E,0.342544905837712
K127F,0.168122666463575
K127G,0.0281225213860244
K127H,-1.37170052607071
K127I,-0.616765826558868
K127L,1.52672980510667
K127M,0.309892545438763
K127N,-0.459154708782958
K127P,-0.385187567852309
K127Q,1.08955425339471
K127R,0.0254847320059604
K127S,1.09957563089783
K127T,-1.18308444472886
K127V,-0.146263527230983
K127W,0.670930712768553
K127Y,0.478043270755089
D128A,-0.106802295597236
D128C,-0.671646467779814
D128E,0.476278515792508
D128F,-0.471914385715153
D128G,0.944367044779443
D128H,-0.613476494347616
D128I,-0.549073275525751
D128K,1.58714447799221
D128L,0.178347255319078
D128M,0.691537383672473
D128N,-0.923207329448177
D128P,0.651065798686062
D128Q,0.841476273028587
D128R,1.38632592157614
D128S,-1.33888472314171
D128T,2.26639421823406
D128V,1.35772272422622
D128W,1.79111626673311
D128Y,-0.763248793862013
G129A,0.195025773658736
G129C,0.532064513650281
G129D,0.799927880957721
G129E,0.734495139860428
G129F,0.708852588466951
G129H,-0.782200561730676
G129I,2.12710389738021
G129K,-0.429530137237047
G129L,2.68817994071695
G129M,1.78007981913753
G129N,-1.02274999610551
G129P,-0.242276516914948
G129Q,-0.464617455505814
G129R,-0.612789936805333
G129S,1.29831134613203
G129T,0.110681121175669
G129V,1.74340249602816
G129W,0.705922462758235
G129Y,0.23283905897743
I130A,-0.769112044809453
I130C,0.859890362033919
I130D,0.261399555821731
I130E,1.18196907629975
I130F,0.345232250949772
I130G,0.540557874714226
I130H,0.487475558224189
I130K,2.29167054127856
I130L,-0.390406106581443
I130M,0.0757348846314406
I130N,-0.398265977453151
I130P,1.17773575150062
I130Q,2.34628823455282
I130R,1.77954376515408
I130S,0.182912770694274
I130T,1.57872116128334
I130V,0.210311741839282
I130W,1.50245790959233
I130Y,0.950458332849881
I131A,-0.139961589660606
I131C,1.9855049722833
I131D,1.79995021916119
I131E,-1.22660825119194
I131F,-0.167537779815317
I131G,1.26048808899888
I131H,-1.28956904371522
I131K,1.29632903517805
I131L,-0.206733750308755
I131M,0.58865995963969
I131N,-1.05938480784142
I131P,0.472757081890329
I131Q,-0.0988760786899901
I131R,0.799035761860084
I131S,0.0510676475718402
I131T,-0.336803452874881
I131V,3.6501549326754
I131W,-0.119580419624783
I131Y,-1.33692160205911
W132A,1.29858150005805
W132C,-0.76500833031032
W132D,2.43329457498466
W132E,1.83104483384215
W132F,0.714113408105721
W132G,1.00878489213586
W132H,0.365167141687337
W132I,2.44957421253342
W132K,2.16113971675639
W132L,1.81282979434518
W132M,3.11424628992672
W132N,0.996505499298262
W132P,0.281205043864981
W132Q,1.639510621581
W132R,1.65475190286725
W132S,1.01781313832989
W132T,2.49208828270961
W132V,1.35820181823268
W132Y,0.268482239893301
V133A,-1.06272516196235
V133C,1.71825046870223
V133D,0.152250434718255
V133E,-0.207776638434413
V133F,2.33352585289106
V133G,0.688442981858298
V133H,-0.333174714064204
V133I,1.17318183616497
V133K,3.26129427600965
V133L,0.661842252205523
V133M,1.18816059235643
V133N,0.285548018127934
V133P,3.38433530406599
V133Q,0.381882641176062
V133R,2.18122646098212
V133S,0.45018748247638
V133T,-1.53892248681242
V133W,1.32896582386887
V133Y,1.13250934455688
A134C,-1.36025464805753
A134D,-0.0178258788333333
A134E,-0.0945521595840318
A134F,0.367313430957838
A134G,0.143237474671464
A134H,0.643263143807453
A134I,0.0842713891267588
A134K,-0.269512978514976
A134L,-1.23952486343089
A134M,-1.23864808334255
A134N,-1.96272670154058
A134P,1.74730294310691
A134Q,-0.919600258281092
A134R,-1.4453590475806
A134S,-0.692997596590862
A134T,-0.439762531884848
A134V,0.282888276843669
A134W,-0.238658771418257
A134Y,-0.853749861715959
T135A,2.9694022741588
T135C,0.0585649552414177
T135D,1.05012186584817
T135E,-0.234138799846992
T135F,0.770661987611677
T135G,-0.126826240784758
T135H,-1.62925297884576
T135I,-0.205374687729151
T135K,1.30862886225945
T135L,-0.871358237998235
T135M,-0.693454995523086
T135N,-1.34477248958051
T135P,0.589058105974802
T135Q,-0.0903541067346993
T135R,-0.411501481927196
T135S,-0.0301126379300188
T135V,1.65621398982948
T135W,0.497594090051278
T135Y,1.69244214492827
E136A,-0.163265324493996
E136C,-0.252444347311511
E136D,-1.27664525998218
E136F,0.834210748808933
E136G,0.382397610265565
E136H,1.08362085500154
E136I,0.466674988459903
E136K,2.73059372497625
E136L,-0.633201282478135
E136M,0.78184995455442
E136N,0.588357555029856
E136P,0.487178163745303
E136Q,2.96441054377603
E136R,0.232625441889955
E136S,0.741675271484085
E136T,-0.173554565518115
E136V,0.522474649409592
E136W,-0.788624341781614
E136Y,1.01070283085589
G137A,-0.72783131180422
G137C,-0.55314546941632
G137D,-0.0615856101363872
G137E,-2.20461142901634
G137F,0.806086234755535
G137H,0.177899588392331
G137I,0.0227000315226473
G137K,-0.144230730916145
G137L,1.73138612841121
G137M,-0.0978683770373226
G137N,-1.54800851126838
G137P,0.993984670863858
G137Q,0.343386182806396
G137R,-0.362417140760675
G137S,0.648948691884822
G137T,0.62096471062432
G137V,0.171584609279308
G137W,-0.250529438639712
G137Y,0.466132696481146
A138C,0.349627883319916
A138D,1.40741202614857
A138E,0.744934468384202
A138F,-0.0658570156331234
A138G,0.984272713274621
A138H,-0.335802494814563
A138I,0.604682527677861
A138K,0.104376613200415
A138L,1.13110020927367
A138M,0.540827332358966
A138N,-1.10863601182595
A138P,1.98972033156539
A138Q,1.9129865225381
A138R,1.01329176457163
A138S,-1.26672643223989
A138T,-1.77454684798839
A138V,0.285087296681171
A138W,1.66624681564691
A138Y,-0.298069691888517
L139A,0.99784798422982
L139C,-0.853779778395325
L139D,0.269109983103776
L139E,-0.444512616543192
L139F,-0.820462655088819
L139G,1.30283744506814
L139H,-1.28101224318358
L139I,-0.699868719623539
L139K,-0.343553982637547
L139M,0.527837841138772
L139N,-0.765007884006308
L139P,-0.958622923241519
L139Q,0.142691344987129
L139R,-0.0899760987988591
L139S,0.604470522996709
L139T,-0.128324179240359
L139V,0.328565527210071
L139W,-1.01929172573341
L139Y,-0.478704641093838
N140A,-0.414087392577674
N140C,-1.15734475539113
N140D,-2.12573174425031
N140E,-1.00271209098309
N140F,0.259820249252252
N140G,0.543089193926595
N140H,-0.563494305535532
N140I,0.0473950516159778
N140K,-0.0321780326835485
N140L,2.6035407993734
N140M,1.03862403242667
N140P,-0.389045407818752
N140Q,-0.70730580710637
N140R,-0.657970901382802
N140S,-0.636915513011272
N140T,-2.01933827099664
N140V,-0.826544284815562
N140W,-1.13049027198072
N140Y,0.0136719677500457
T141A,-0.645929648368671
T141C,0.663293520877505
T141D,-0.665253882115088
T141E,-0.568488507723912
T141F,-0.683711846807404
T141G,-0.151357123813987
T141H,-0.176364097205517
T141I,0.294760491190928
T141K,-0.0568066690087647
T141L,-1.60958754152065
T141M,-1.14898977199477
T141N,0.385556803883357
T141P,-1.0029488522625
T141Q,-0.242275349808811
T141R,-0.679455197396754
T141S,1.44913617732865
T141V,-1.31425506601377
T141W,0.939822484446478
T141Y,0.640790909846747
P142A,-0.77420200936797
P142C,-0.55226132447678
P142D,0.105751741170097
P142E,-0.761473778787683
P142F,0.369662581157206
P142G,-0.292005296849423
P142H,-1.26292638157547
P142I,0.849402402728679
P142K,-0.332405281980409
P142L,-0.512624787466285
P142M,-0.0895259983870562
P142N,-0.869665679590226
P142Q,0.211426961065966
P142R,-0.805156567753043
P142S,-1.93186342058032
P142T,-1.4571430167885
P142V,-0.645762254166367
P142W,-0.823867176960517
P142Y,-1.11658195379963
K143A,2.07336460801519
K143C,0.411651232867991
K143D,1.29555428560107
K143E,0.869686269659781
K143F,0.350098922206211
K143G,0.569146344489713
K143H,1.66041360379813
K143I,-0.0729181407365297
K143L,0.918121326078351
K143M,1.3720311034104
K143N,1.22041120667469
K143P,1.2034143440745
K143Q,0.0279480017824718
K143R,2.24986362159566
K143S,-0.087119016965755
K143T,-0.347194110899599
K143V,1.51457537062466
K143W,2.24870638081038
K143Y,0.873222486744545
D144A,-0.236988020745266
D144C,1.21155799658634
D144E,0.806011806717969
D144F,-2.5908085642513
D144G,0.992271805980946
D144H,-0.552646649744846
D144I,0.90351999171498
D144K,-0.789159255540921
D144L,0.495318672120482
D144M,-0.923328861600554
D144N,-1.64438713249532
D144P,0.211387760954983
D144Q,-0.527736963623279
D144R,-0.47438029697917
D144S,1.82597561410967
D144T,0.113412431031597
D144V,-0.78569379594991
D144W,-1.04061580487956
D144Y,0.572002402080379
H145A,-1.15278918056881
H145C,-0.411160321314068
H145D,0.462631016515329
H145E,-1.80541249902433
H145F,0.0721955053312731
H145G,-0.578606403892743
H145I,1.16322181698601
H145K,-0.818247330144202
H145L,0.119955694975339
H145M,-1.09055468691024
H145N,-0.705244267740355
H145P,-1.84210981655137
H145Q,-0.581310201044497
H145R,-0.489194784312725
H145S,0.100243793897746
H145T,-0.0046494546604044
H145V,-0.941375907464569
H145W,0.0535980793909086
H145Y,0.063095693038699
I146A,0.8958773616928
I146C,0.452148641675975
I146D,2.74155652679577
I146E,1.1957136800944
I146F,-0.353614082116615
I146G,1.20049048656755
I146H,0.622915508929904
I146K,0.261704689315158
I146L,-1.76439193633404
I146M,-0.352065146245627
I146N,0.543844766596578
I146P,0.316761124449193
I146Q,0.00197375814697569
I146R,0.819261517071365
I146S,0.155847681005202
I146T,0.957312720794823
I146V,-0.529005205144846
I146W,-0.106631918586174
I146Y,-0.0689546645690245
G147A,-2.5386599221716
G147C,-1.42644240174894
G147D,0.686598573540044
G147E,0.604629650097229
G147F,-0.0128270612672484
G147H,0.506786756168809
G147I,1.58775593483661
G147K,0.0362624203903444
G147L,-0.713579851217957
G147M,0.105669611376018
G147N,-0.419328830490303
G147P,-0.489361825546772
G147Q,-0.0670059995371152
G147R,-0.480165330937328
G147S,-0.386344174135495
G147T,0.697890363202976
G147V,1.07126963781589
G147W,1.36010329259157
G147Y,1.19080120699707
T148A,-0.193186670414697
T148C,0.204411739196784
T148D,-0.443102949256876
T148E,-0.205042316876262
T148F,0.32903166631625
T148G,-0.661370497634589
T148H,-1.21838289653139
T148I,1.10465817152137
T148K,0.239928342294505
T148L,-0.00554596654109137
T148M,0.170400025612497
T148N,-1.77253690134447
T148P,-0.281358350521803
T148Q,-0.668976838866221
T148R,-0.389925628208105
T148S,1.96166779427222
T148V,-0.63303853397977
T148W,0.802522760755869
T148Y,0.0280555424676257
R149A,0.173734200600412
R149C,-1.12762026395104
R149D,0.713063023138703
R149E,0.259280353454229
R149F,0.805154995519481
R149G,0.0596754863002928
R149H,0.985812708602834
R149I,-0.225119690340204
R149K,0.169864288638553
R149L,-0.700271183901245
R149M,-0.499957327948415
R149N,-0.265029392772817
R149P,-0.342116696962101
R149Q,-0.413397726008166
R149S,0.53877292174167
R149T,0.751287291815313
R149V,0.363987866247719
R149W,0.787147102814747
R149Y,0.426691143705699
N150A,0.116196760316371
N150C,-0.383319835226819
N150D,0.680953717986984
N150E,-0.561489130513256
N150F,-0.0768628361377152
N150G,0.628363234737122
N150H,-0.53344333949258
N150I,0.00140657967260021
N150K,-0.217518784751027
N150L,-1.07973049913364
N150M,1.15481123145132
N150P,-0.115586999525176
N150Q,-1.49405935850805
N150R,-1.64992207733442
N150S,0.860313025663094
N150T,-0.741824738120902
N150V,-1.28713821936784
N150W,-0.179017878082443
N150Y,-1.02063094991162
P151A,-0.472319677580945
P151C,-0.76963181985839
P151D,-1.19724680438201
P151E,-0.353220490085604
P151F,0.816555957231643
P151G,-0.813013553156287
P151H,-0.353644272152065
P151I,0.702427639136372
P151K,-0.788320385200494
P151L,-1.27381421209688
P151M,-0.485198707080761
P151N,0.710540848553562
P151Q,-0.568306083073001
P151R,-0.887282443910491
P151S,-1.25108404553341
P151T,-1.31180252933948
P151V,-1.39828411895964
P151W,0.44527766826598
P151Y,0.319653169302512
A152C,-0.670723738548207
A152D,-0.891737061810154
A152E,-0.893120541637641
A152F,-0.796924181022201
A152G,-0.997610995150796
A152H,-1.54944593803926
A152I,-2.72121713127908
A152K,-1.2504376586523
A152L,-0.741044374821153
A152M,1.20095578740304
A152N,-1.82778440917251
A152P,0.172664898811232
A152Q,-0.159778275960134
A152R,0.966672546595426
A152S,-0.733476300447296
A152T,-2.56131519887158
A152V,-0.440873199345133
A152W,-0.897988128971787
A152Y,1.90662737207511
N153A,-0.0477586173605867
N153C,-0.280125132720296
N153D,-0.649666049315768
N153E,-0.524304809147397
N153F,-1.69621994592711
N153G,-1.01609270200197
N153H,0.0742373407960236
N153I,0.114048121229809
N153K,0.0015728885046509
N153L,0.260394208733884
N153M,-0.0814521691166965
N153Q,0.34943261404529
N153R,3.07446742303699
N153S,-0.202361785061404
N153T,0.28567754439612
N153V,1.38093080352359
N153W,-0.233585684602283
N153Y,-1.19856189442613
N154A,-1.03734744835537
N154C,-1.32216447458898
N154D,-0.702501508377338
N154E,0.364434352503068
N154F,-0.770738146460947
N154G,1.68565139207814
N154H,0.577973373146976
N154I,-0.916150592909561
N154K,-0.0926595525744851
N154L,0.292312153745372
N154M,-0.84407937783723
N154P,-0.509826788233298
N154Q,-0.702714260413525
N154R,-0.0947736588471996
N154S,-0.565525644642703
N154T,1.89583904614878
N154V,-0.97626202309093
N154W,0.476449402956992
N154Y,-0.752567832473292
A155C,-1.49518162701395
A155D,1.12029274511417
A155E,-0.0970653180395649
A155F,-0.504507135016504
A155G,0.157613593712324
A155H,0.876231778207192
A155I,-0.730687906726728
A155K,-1.24890916317789
A155L,-0.868905005602704
A155M,-1.02515942241583
A155N,0.796133884503079
A155P,-1.34037867793086
A155Q,-0.371921513171
A155R,-0.669559421475269
A155S,-0.177229171588342
A155T,-0.937287312651704
A155V,0.0402924429970568
A155W,0.00984855298863964
A155Y,-0.693434435459711
A156C,-0.210228674056158
A156D,1.31259009405039
A156E,0.430990477955577
A156F,0.557256565724878
A156G,-0.755525674493354
A156H,-0.270970282316539
A156I,-0.405241129059614
A156K,0.104448488696322
A156L,-0.767932255677036
A156M,-0.0949679346952005
A156N,0.476584213454309
A156P,-1.13597151272383
A156Q,0.442408490021305
A156R,1.76652593595224
A156S,-0.763019408663854
A156T,-1.47216878222004
A156V,-0.233629281139054
A156W,0.557608190695282
A156Y,0.921287345843091
I157A,-0.531101495922438
I157C,-0.689056729006073
I157D,-0.660500562934642
I157E,-0.202306618510929
I157F,0.195416610040687
I157G,0.290660044638543
I157H,0.538797326352071
I157K,-0.10480901595408
I157L,-1.16001261316577
I157M,-0.599380978265991
I157N,0.479359223776368
I157P,-0.0195425292437296
I157Q,-0.290724324645115
I157R,-0.513289939452471
I157S,0.741986130539361
I157T,0.387689565639714
I157V,0.60191032793058
I157W,-1.70807813068655
I157Y,-0.796653155610196
V158A,-0.959320512611766
V158C,-1.34926715450434
V158D,-0.199224573219054
V158E,-1.56272464461083
V158F,0.0637516866943604
V158G,-0.171729241022053
V158H,0.185147415468042
V158I,0.965452297155411
V158K,-0.495097671392346
V158L,1.2405829450921
V158M,-1.34764598911041
V158N,-0.722498766459604
V158P,0.000626131149900556
V158Q,-1.99539863077363
V158R,0.342692710198431
V158S,-1.30869601515128
V158T,-1.10678021070992
V158W,0.432344802252439
V158Y,-0.50966017081394
L159A,1.47337094515663
L159C,-0.345937749691855
L159D,1.58069902879692
L159E,0.698278902498337
L159F,-1.02024681524725
L159G,-0.0678368278851845
L159H,0.543943471357026
L159I,0.33227077914576
L159K,1.09419675911946
L159M,-0.423044131939038
L159N,-1.32464841661347
L159P,-1.73867954881111
L159Q,-0.703278058603612
L159R,0.604678426944157
L159S,0.120077729317013
L159T,0.86423824268305
L159V,-0.398822070723026
L159W,-0.529482298057294
L159Y,-1.63494642900408
Q160A,0.176687632637768
Q160C,1.50163646327251
Q160D,-1.22109315547859
Q160E,-0.769986977836169
Q160F,0.458031949530944
Q160G,0.808804926014748
Q160H,0.365743655002328
Q160I,-0.0696940347412876
Q160K,0.593749338714626
Q160L,-0.0789775104331661
Q160M,-0.219554537894969
Q160N,-0.416736892615617
Q160P,1.57441523438448
Q160R,-1.34681168581531
Q160S,-1.06178968760916
Q160T,-0.477139192530285
Q160V,-0.525338399219974
Q160W,-0.0403054686452595
Q160Y,-1.17146451960403
L161A,-0.0981964979196243
L161C,0.904633073488587
L161D,-0.0918506329005089
L161E,0.759900362918927
L161F,0.387922852103625
L161G,-0.490723613123419
L161H,0.901240281388604
L161I,0.590449691479849
L161K,0.545535721520575
L161M,0.419454980648199
L161N,0.187634460525044
L161P,1.31455072951897
L161Q,0.76278921412831
L161R,1.56166356178271
L161S,0.12007190453508
L161T,0.527437960953847
L161V,0.257210048619538
L161W,0.627194578504788
L161Y,-1.91377925848023
P162A,0.355279270317881
P162C,-1.36886476475089
P162D,-0.817772909277348
P162E,-1.39483565608018
P162F,0.220697107248497
P162G,-0.184105188608161
P162H,-1.47529227403948
P162I,-1.31458097337593
P162K,-0.570282113101274
P162L,0.0952121563277048
P162M,-2.09718962326245
P162N,0.581618372384738
P162Q,1.60392323477789
P162R,-0.0682507440876862
P162S,-1.63262093968025
P162T,-0.292903997134978
P162V,-0.227169734362374
P162W,-0.1357086065887
P162Y,-0.981906278863309
Q163A,-0.832658347118623
Q163C,-0.00669207207539444
Q163D,-0.592780366467025
Q163E,-0.0653177964107189
Q163F,0.872379044217826
Q163G,-1.04252232362509
Q163H,0.708794617107337
Q163I,1.65789211256556
Q163K,2.23092118141898
Q163L,-0.49330340812179
Q163M,0.73906592205944
Q163N,-1.68801769558432
Q163P,-1.09153117798767
Q163R,2.17035038645734
Q163S,1.18228598166603
Q163T,-1.77605158177201
Q163V,-1.63724121578909
Q163W,0.266221198915771
Q163Y,0.194320173731906
G164A,-0.335558577910991
G164C,0.130686672384936
G164D,-1.17746687215079
G164E,-0.619735519036831
G164F,0.425838826948792
G164H,-0.244005137231949
G164I,-0.812691878898537
G164K,0.0209508299897616
G164L,1.15232973376129
G164M,-1.75934141225801
G164N,-0.858123322705206
G164P,-0.954005887433157
G164Q,-0.32016188279755
G164R,0.355049754034211
G164S,0.551273683307523
G164T,-0.333607069563478
G164V,-0.847812015463476
G164W,0.126615344151528
G164Y,-0.392954401588042
T165A,-2.23159312749766
T165C,0.0800527954830008
T165D,-1.53640132075427
T165E,-0.266004122695972
T165F,-0.529859215486138
T165G,-0.334703851436571
T165H,0.719805977722647
T165I,-1.05206286311284
T165K,0.734399582190159
T165L,-0.725262789026217
T165M,-0.7390614115307
T165N,-0.899578148190763
T165P,2.16592249916575
T165Q,-0.546910082206729
T165R,-1.64692454742501
T165S,1.47358297801065
T165V,-0.68520494409857
T165W,0.568162594298887
T165Y,0.248147759518229
T166A,-0.500154492401118
T166C,0.00241091324219934
T166D,-1.58887856065578
T166E,-0.115560281969265
T166F,-0.0586107882389648
T166G,0.0954842382173642
T166H,1.1916223602501
T166I,-0.668615137485756
T166K,0.813907416499436
T166L,-0.554410579852561
T166M,2.02925912541876
T166N,-0.968649174221897
T166P,0.686937027860272
T166Q,0.561766423504176
T166R,1.02302758556993
T166S,-0.237428719345589
T166V,0.64896794268342
T166W,-0.897716951020732
T166Y,0.00719630251589675
L167A,0.121880227304787
L167C,0.421395842369099
L167D,0.506607510645147
L167E,-0.867675990597668
L167F,0.685875077035391
L167G,1.28364614536361
L167H,-1.42017480061736
L167I,0.851387007600858
L167K,0.0595108726856094
L167M,-1.3010473739214
L167N,1.18410782542289
L167P,-1.99463784039497
L167Q,-0.488554394711012
L167R,-0.153426441720989
L167S,0.903565596827025
L167T,0.0664835900365721
L167V,-0.870025900162117
L167W,-0.624914150314259
L167Y,0.535907057727051
P168A,1.48387853818534
P168C,-0.39269731142685
P168D,-0.105329155361435
P168E,-1.01616829818777
P168F,-0.200608884665301
P168G,-0.76346210461868
P168H,0.13227283641656
P168I,0.0362408392789195
P168K,1.0399839072481
P168L,-0.787002633703647
P168M,-1.32953382919103
P168N,-0.44537789391483
P168Q,-1.13769993870823
P168R,0.557039222496144
P168S,-0.37014675573063
P168T,-1.65088768903033
P168V,0.280995860706656
P168W,-0.220929874913362
P168Y,0.172999689375197
K169A,-1.23984784179327
K169C,-0.493626828968222
K169D,-0.483251050508076
K169E,0.00404720745508113
K169F,-1.04324928109183
K169G,-0.145930560205655
K169H,0.493711916342422
K169I,1.37647730354551
K169L,0.14782492913194
K169M,-1.36507872898248
K169N,0.525215222611247
K169P,-0.596886374294235
K169Q,-1.66840007380165
K169R,0.970833728465775
K169S,-1.30219518632548
K169T,-0.852875059708991
K169V,-0.215364978077321
K169W,-1.95623705718716
K169Y,-0.800390287311488
G170A,0.687377129301373
G170C,-1.39167246132236
G170D,1.61780783276688
G170E,0.145482472477056
G170F,-1.56869271982503
G170H,0.50177159885652
G170I,-0.792344147042611
G170K,-0.0138638938619314
G170L,-0.703358547469009
G170M,0.117660674633446
G170N,0.542115107582195
G170P,-0.0799451959387022
G170Q,-0.656559184126259
G170R,0.293442032447776
G170S,0.838983975800479
G170T,0.761803024486674
G170V,1.93219165019419
G170W,2.28859969412063
G170Y,0.847090393954859
F171A,0.31272529521779
F171C,0.775744077580935
F171D,-0.865847143784277
F171E,0.356420257292675
F171G,1.10176632083751
F171H,-0.127686031733214
F171I,-0.37328724010823
F171K,0.759931619892739
F171L,-0.691727510565383
F171M,-0.862394903226601
F171N,-0.163707846308016
F171P,-0.94705977091982
F171Q,-1.97623173218926
F171R,0.551509451359383
F171S,-1.31540417972016
F171T,-0.0229953645163399
F171V,-0.773652295094929
F171W,0.563371403515358
F171Y,0.466952308640758
Y172A,-0.378567010076245
Y172C,-0.459706002881031
Y172D,-0.66134208447782
Y172E,-0.939947422543409
Y172F,0.571231648351239
Y172G,-0.297099753654731
Y172H,-0.436628224301181
Y172I,0.153515532938205
Y172K,-0.255573218941763
Y172L,-0.840464763422444
Y172M,-0.878678502019064
Y172N,0.00880080702979764
Y172P,-1.54781932382076
Y172Q,0.198411749310183
Y172R,0.720482923508097
Y172S,0.514627099460558
Y172T,1.33809895609042
Y172V,-1.11419648669041
Y172W,0.627096379830969
A173C,0.0787971293280001
A173D,0.35374947396549
A173E,-1.25470322790139
A173F,-1.54220034593296
A173G,0.957090621029963
A173H,-2.19842695765928
A173I,-0.116103086279104
A173K,-0.201341329099723
A173L,-0.571346840891208
A173M,0.815846596875911
A173N,0.108288647155748
A173P,-0.00321748768841908
A173Q,1.03060317863314
A173R,1.22989767531208
A173S,-0.275223486235441
A173T,-1.23146692857809
A173V,-1.34309152316112
A173W,0.740999322765661
A173Y,-0.924707967962025
E174A,-1.8357293161779
E174C,2.0416150753274
E174D,-1.67737476149541
E174F,-0.813177251956327
E174G,-0.956539358990838
E174H,0.414483663851289
E174I,-1.04794780236057
E174K,-0.214644439954791
E174L,-1.30541300856383
E174M,0.265827499772747
E174N,-0.475689925695084
E174P,-0.853506786901231
E174Q,-0.773168910236653
E174R,-0.519836768749009
E174S,1.18371736170111
E174T,0.318235795097224
E174V,0.221135348598633
E174W,0.463373321854047
E174Y,0.866973087933936
G175A,-1.46283850256646
G175C,0.197001461057626
G175D,2.40662370833857
G175E,0.0376468418774777
G175F,-1.24974270640705
G175H,0.0188139739694152
G175I,-0.731635495967651
G175K,-0.563079067211569
G175L,-0.656516689485187
G175M,-1.11320765007963
G175N,1.65021066928829
G175P,-2.44790833105418
G175Q,-0.107015179782766
G175R,-1.26028691498651
G175S,-1.63202700053646
G175T,0.367378478008136
G175V,-0.696170672061658
G175W,-2.29719498601408
G175Y,0.636303454202364
S176A,-0.877063419349994
S176C,-0.757453019010135
S176D,-0.00565798144211274
S176E,-0.935190034055629
S176F,0.772617617335752
S176G,-0.543725958241155
S176H,-2.36045266273886
S176I,1.03409938886627
S176K,-0.48740621998653
S176L,-0.593254758194465
S176M,-0.0350021161864854
S176N,-0.631383272025428
S176P,-0.640594424688053
S176Q,0.236484623555805
S176R,1.15318278147078
S176T,-0.307286903869025
S176V,-0.692066754843309
S176W,-0.353058109191987
S176Y,0.498114467291305
R177A,-2.49220513790736
R177C,-0.306969783075597
R177D,0.556668315645104
R177E,-0.058480484565988
R177F,0.868479840220927
R177G,-1.01940746374447
R177H,-1.32130991998479
R177I,0.146396869052777
R177K,0.357643751622241
R177L,-0.781269862072026
R177M,-0.24220733547449
R177N,0.121353539292397
R177P,-0.849308114496052
R177Q,-0.89712199069512
R177S,-0.29048216956056
R177T,0.309095255023994
R177V,1.11108768240003
R177W,0.0881631522115121
R177Y,1.14174913970385
G178A,-0.527855416773067
G178C,1.23696953688144
G178D,1.01432025702942
G178E,0.438622400987259
G178F,-1.12142618936944
G178H,-0.445410316819193
G178I,0.453623831802483
G178K,-1.05668686328989
G178L,-0.408654172101802
G178M,-0.186896612589049
G178N,0.687162897808257
G178P,0.578637154400677
G178Q,3.91773165371223
G178R,0.176696183116504
G178S,0.776121781086009
G178T,0.292883592896197
G178V,0.272920454551395
G178W,-1.14208901679984
G178Y,-0.842945776797847
G179A,-0.122700202324096
G179C,0.14763224756575
G179D,0.664683241320327
G179E,1.5210977692022
G179F,-0.461495451285867
G179H,-0.0952312068449997
G179I,0.104012233092266
G179K,-0.217238920856804
G179L,-3.12524642080365
G179M,-0.425218899223495
G179N,-2.07498962411881
G179P,-1.00174729495438
G179Q,-0.966818169350816
G179R,-0.240939355472757
G179S,-1.22345453442992
G179T,0.129552897695637
G179V,-0.01116851621526
G179W,0.62792240726264
G179Y,0.275886829089603
S180A,-0.166073818056299
S180C,-0.421712548294183
S180D,0.73152826149809
S180E,-0.0992093222665967
S180F,2.0165298631565
S180G,-0.662502788918093
S180H,-1.47643814333855
S180I,0.153528239048836
S180K,0.835697449941709
S180L,-0.732189554912728
S180M,0.853226600335058
S180N,-1.50575191104967
S180P,-0.496886171100709
S180Q,-0.38335124485327
S180R,1.22328079644954
S180T,0.592624767496243
S180V,0.162954498462957
S180W,-0.57727744914009
S180Y,0.488712747588986
Q181C,-2.21680708850336
Q181D,0.418217619887303
Q181E,0.10150883829988
Q181F,-1.27117517826099
Q181G,0.285716322628887
Q181H,-0.621906350232451
Q181I,0.496127180408948
Q181K,-0.90126976410963
Q181L,1.87646314720306
Q181M,-0.335074128846074
Q181N,-1.81625746539785
Q181P,-1.85371918921165
Q181R,0.935132523178443
Q181S,-0.648335232586813
Q181T,-2.51821337965412
Q181V,1.27768597034258
Q181W,0.00744717072318793
Q181Y,-0.485187987784601
A182C,-0.557487293979947
A182D,-0.159556964467877
A182E,0.562898396078807
A182F,-1.26552600598665
A182G,-1.43852194305297
A182H,-0.630416210414701
A182I,-1.20624907752295
A182K,0.787509851659094
A182L,-0.111437277776737
A182M,-2.94142982034811
A182N,0.378981734803611
A182P,6.96365094849706
A182Q,-1.21143244382174
A182R,-0.41906279614665
A182S,-1.58623873972465
A182T,-0.148178790102187
A182V,-0.384787614496157
A182W,-0.316523416794806
A182Y,0.550400082100785
S183A,6.02929331720246
S183C,-0.935784210502361
S183D,-1.06472578824707
S183E,0.209207441499909
S183F,-1.52343261912711
S183G,0.0578036377226637
S183H,-0.678700019058547
S183I,-1.13353175683796
S183K,0.207639887391395
S183L,-0.67193547644009
S183M,0.327060124505959
S183N,-0.129495963262103
S183P,-0.509625420680089
S183Q,0.404865614070043
S183R,1.67400323972612
S183T,-1.4000970510169
S183V,-0.445583441551915
S183W,-0.837671876252799
S183Y,0.492068650971408
S184A,-0.687274140543684
S184C,0.925667070624256
S184D,0.449180025579457
S184E,-0.0556786029885043
S184F,0.0747899965946288
S184G,-0.0467108361690128
S184H,-0.604478728519
S184I,-0.743945667729354
S184K,0.769489223464693
S184L,-1.71033990173256
S184M,1.58265088224105
S184N,1.66080790069423
S184P,0.327429137533014
S184Q,1.44909982640401
S184T,-1.66966548911578
S184V,-0.280521455399902
S184W,-0.302725220674616
S184Y,-2.6224411306606
R185A,0.805647416953281
R185C,-1.46327892035662
R185D,-0.529218558535421
R185E,-1.22070722503182
R185F,-2.50389746994001
R185G,-0.324433586862898
R185H,-1.23062460059909
R185I,0.046346882890866
R185K,0.888659928015463
R185L,-1.94858824396934
R185M,-0.166796298995232
R185N,-0.759443273469966
R185P,-0.765926212753687
R185Q,-1.02200485977467
R185S,-0.487162062861815
R185T,-0.755079673626795
R185V,2.8083193118675
R185W,2.17383905954393
R185Y,-0.311011523478003
S186A,-0.211075055617424
S186C,-0.0248447111009211
S186D,-2.77235203845993
S186E,-1.18369909867297
S186F,1.7798349189173
S186G,-0.73566476427912
S186H,-0.689422310882429
S186I,0.161782393985303
S186K,-0.233324144775616
S186L,-0.262505907077069
S186M,-0.684794306543957
S186N,-0.620822919789446
S186P,-0.618704673363512
S186Q,-0.9531004479773
S186R,-1.29864825559339
S186T,-0.496125727803035
S186V,-0.284861225109044
S186W,1.19886996588742
S186Y,-0.414062717831133
S187A,-0.0526891741192643
S187C,-0.0304096028011646
S187D,-0.18717008432104
S187E,-2.91542663593581
S187F,0.197252351477447
S187G,-0.42799113897084
S187H,-2.61941290733994
S187I,0.580935909996464
S187K,0.0747899965946288
S187L,0.89614507958839
S187M,1.75972532016231
S187N,0.730629568446504
S187P,-0.0270807864681665
S187Q,-2.38438993111854
S187R,-0.57464702763077
S187T,-0.573131032783082
S187V,-0.518176841091004
S187W,0.16857178211614
S187Y,0.67979919082379
S188A,2.05046445015841
S188C,1.71143427559298
S188D,0.486612679858192
S188E,-0.163572142418775
S188F,0.125277270046238
S188G,-0.0142979095403016
S188H,0.215196844014796
S188I,-0.53032217155832
S188K,0.0782636798056651
S188L,-0.625081458325459
S188M,2.39504946478705
S188N,0.790436606514738
S188P,0.531830145281769
S188Q,1.29043723336243
S188R,-0.295183508564524
S188T,0.0367799040327314
S188V,2.05902119318671
S188W,1.08333192791303
S188Y,-0.261939671645468
R189A,-1.37129725047187
R189C,-0.63421005876273
R189D,1.06899594556469
R189E,-0.567221575687341
R189F,-1.28954121350265
R189G,-0.502812533506516
R189H,-0.60027088116392
R189I,-0.175892753769111
R189K,0.252617995809689
R189L,0.642558586084097
R189M,-1.21323677339766
R189N,-2.16037121710046
R189P,-1.47485144257516
R189Q,0.556305332389321
R189S,-0.743644389311063
R189T,0.0279664156608877
R189V,-0.98956951546372
R189W,-1.82571581428085
R189Y,-0.0664033184523196
S190A,-1.57133924715562
S190C,-0.740981985419954
S190D,0.128278721669635
S190E,0.717093262782614
S190F,1.97664722197447
S190G,1.24078724027948
S190H,0.442372906286655
S190I,-0.760604342153541
S190K,-1.07800626029362
S190L,-1.28913956857342
S190M,-0.952022083995598
S190N,-0.792497344455501
S190P,0.4285080247362
S190Q,-0.944169033993683
S190R,-0.0463368251586911
S190T,1.75627480845814
S190V,-0.542224094007447
S190W,-0.542794300833061
S190Y,1.77812539977937
R191A,-0.0582401509886152
R191C,1.53280389621653
R191D,-0.710370141005516
R191E,0.724374272466203
R191F,1.07469495306506
R191G,0.926221835313403
R191H,1.00406903226977
R191I,1.04214412813918
R191K,-1.77603357022307
R191L,-0.103866188833136
R191M,0.673987178705719
R191N,-0.245442127098079
R191P,2.44209057673584
R191Q,-0.103278620921574
R191S,-0.793882220603039
R191T,0.359650305970139
R191V,-0.489010630164322
R191W,0.143595221952989
R191Y,-0.596722736190739
N192A,2.06906339272675
N192C,0.769677285188774
N192D,-0.770302797094537
N192E,-0.0717847902714332
N192F,-0.518248792788813
N192G,0.424681054051505
N192H,-1.4881839002589
N192I,-0.286862696654279
N192K,1.54723433826513
N192L,-0.682355086754421
N192M,-0.564161096126106
N192P,0.0768837600937206
N192Q,-0.134676272818662
N192R,-0.184644013986469
N192S,-2.21289206317064
N192T,0.232564357345035
N192V,-1.50883718567834
N192W,0.915821112178811
N192Y,-1.40571664219114
S193A,0.0799250376162598
S193C,0.222694643929256
S193D,-0.351607322873588
S193E,-0.667750138843188
S193F,-2.23536104177151
S193G,-0.93169542704418
S193H,1.35716990252352
S193I,-0.449488686912498
S193K,-1.34250865834502
S193L,-0.0516355790699075
S193M,-1.00781259035414
S193N,-0.2627109781794
S193P,1.44149538109373
S193Q,0.0764830798523043
S193R,-0.769731379461603
S193T,-0.200565105521319
S193V,-0.552476869018792
S193W,-0.496561476334869
S193Y,-0.865842149111028
S194A,0.0572605488528956
S194C,-0.113468510483661
S194D,1.81242119577335
S194E,0.763969757186262
S194F,-0.0332108733651385
S194H,1.32886749034995
S194K,0.490659280149639
S194L,1.08742609723559
S194M,1.52683095502545
S194N,-0.263447225878259
S194P,-0.319697648381639
S194Q,-0.212378073710624
S194R,-0.854517625688436
S194T,-1.07039007483227
S194V,0.65421546679512
S194W,-0.169727587829178
S194Y,-0.724272299815368
R195A,0.866634809453546
R195C,-0.145417844453038
R195D,1.06888773762542
R195E,-0.608114416055296
R195F,1.06208372159687
R195G,-0.327726750678464
R195H,0.547081924325528
R195I,-2.9352277050039
R195K,0.36873416292147
R195L,1.65696152637234
R195N,0.572045704423398
R195P,-0.324386421463542
R195Q,-0.975541870933009
R195S,-1.1291438247766
R195T,-0.392492378032106
R195V,-0.223502926836592
R195Y,0.463288700295045
N196A,-1.1232493001694
N196C,0.104922014590419
N196D,0.642182067688296
N196E,0.780024033988597
N196F,0.115325497027018
N196G,-1.13293748012262
N196H,2.60300544592218
N196I,-0.550560448454138
N196K,-0.251105088883481
N196L,-0.102495643060623
N196M,-0.819186646331233
N196P,-0.315714409951886
N196Q,0.104397693317265
N196R,-0.00857365480425585
N196S,-0.422470302264671
N196T,-1.36223366844603
N196V,0.268439020103849
N196W,0.966352754971069
N196Y,-0.695777355858301
S197A,-0.811146390290001
S197C,0.515001984827249
S197D,-0.454508486398938
S197E,-0.161555143917065
S197F,0.837827987417613
S197G,0.855547317125863
S197H,2.39305642353213
S197I,-1.3102848107794
S197K,0.315994616593661
S197L,-0.481684446568412
S197M,-1.07622482296584
S197N,-1.16587694274415
S197P,-0.521994421866495
S197Q,-0.739281264714966
S197R,0.253878663640363
S197T,1.77390999861383
S197V,-1.81062617523908
S197W,-0.573890728461346
S197Y,-1.30840216091956
T198A,4.43759380971376
T198C,-0.737644057910683
T198D,-0.211240677734672
T198E,1.59289813702212
T198F,0.958540517222401
T198G,0.41511866566397
T198H,-0.541723009765501
T198I,-1.89494327300874
T198K,0.229749126256076
T198L,-0.38817370349506
T198M,0.206337969769418
T198N,-0.779008909132551
T198P,0.158387548141865
T198Q,-2.56198655898324
T198R,-1.1801564907532
T198S,-1.31932327519167
T198V,0.709291159157673
T198W,-0.714091259705908
T198Y,0.267967711930385
P199A,-0.283323255657182
P199C,-0.527338186403687
P199D,-0.597765665742949
P199E,0.335374363569072
P199F,-2.11847838927796
P199G,-1.18743278077522
P199H,-0.602556673188522
P199I,-0.802287508977116
P199K,0.950336518922506
P199L,-1.25220960555545
P199M,0.533318867837272
P199N,-1.15046551072545
P199Q,-0.0112894934282506
P199R,0.098274281701484
P199S,-0.321642763469452
P199T,-0.846286977121421
P199V,-0.495887379085929
P199W,1.11210163065516
P199Y,-0.630217961418391
G200A,0.340877974601013
G200C,-0.62175038101468
G200D,-0.585208925777085
G200E,0.138847817997779
G200F,0.657008397842563
G200H,0.277342525093392
G200I,0.465449240679699
G200K,-2.36389911040914
G200L,0.544510182649155
G200M,-0.272617381582868
G200N,-0.521558388863038
G200P,0.752136130114172
G200Q,-1.09110408337202
G200R,-0.160395851201394
G200S,-1.30311362389772
G200T,0.196620494586186
G200V,0.228125878478082
G200W,-0.638633033219854
G200Y,0.310721648531591
S201A,1.0364969430882
S201C,-0.380043213231854
S201D,-1.40451309730965
S201E,-0.9502986066147
S201F,0.574033112504428
S201G,1.2530656461643
S201H,-0.84364975524595
S201I,-1.14416962597665
S201K,0.410727311748448
S201L,-1.10196769063937
S201M,0.0927591833340476
S201N,1.51974308159934
S201P,-0.775343001704948
S201Q,-1.92687813841459
S201R,-0.605352428898513
S201T,0.0205402746178057
S201V,-0.42414922324209
S201W,1.37866518720905
S201Y,-0.493521688060609
S202A,0.798563843265548
S202C,-1.68806539622928
S202D,-1.09625834314946
S202E,0.776545564582328
S202F,0.221936893186718
S202G,-1.24037948636699
S202H,0.883587024011435
S202I,1.20595937500943
S202K,0.551575048074309
S202L,-0.368813210959864
S202M,-0.909372820089048
S202N,-1.01940313105969
S202P,0.715889043621627
S202Q,-0.482367505699548
S202R,1.10293029441342
S202T,-0.860673465253537
S202V,-0.540471822818459
S202W,1.70102615159868
S202Y,-0.451460182926445
R203A,0.0790231689004226
R203C,-0.621807055548745
R203D,0.441581210664245
R203E,0.583738176861912
R203F,1.15034341439845
R203G,-0.899232136385256
R203H,0.358277269410357
R203I,-1.43681215480505
R203K,-0.0485487660285125
R203L,1.8013316982362
R203M,0.154472691410655
R203N,-0.578247434009786
R203P,-0.241655017091878
R203Q,0.400245821705606
R203S,2.42308057810917
R203T,2.03477646113059
R203V,-0.25709506977067
R203W,1.59215718638896
R203Y,-0.231705844331328
G204A,0.0490362448917703
G204C,0.42552627217855
G204D,0.420557617980737
G204E,0.641190168682776
G204F,-1.02006045747789
G204H,1.7900072254318
G204I,-0.139881494231654
G204K,1.17128867898206
G204L,-1.46255220697695
G204M,-0.733897345444258
G204N,-2.93486096510047
G204P,-0.362083161639032
G204Q,-0.322637316710892
G204R,-0.274572552237673
G204S,-1.15314610256137
G204T,-0.24565857543278
G204V,-0.727542951467884
G204W,2.54423798597552
G204Y,-0.0209745810892763
T205A,1.037920125632
T205C,0.334989850750795
T205D,0.832076428030201
T205E,-0.169781245683995
T205F,-0.232055663468221
T205G,0.076269066195907
T205H,-1.59894082616651
T205I,0.064534280938968
T205K,0.179127035069931
T205L,-0.766812032826586
T205M,-2.00040942732983
T205N,1.12793000970063
T205P,-0.356297485602951
T205Q,-1.03292026086034
T205R,-0.709858617891193
T205S,-0.175089568359673
T205V,-0.329425242403728
T205W,0.724327934661949
T205Y,0.197650670534625
S206A,1.2725612211545
S206C,-0.708693359780236
S206D,1.21444032241974
S206E,-1.30997276503858
S206F,0.0465459341707825
S206G,1.53154862669148
S206H,-0.179707458565631
S206I,0.205707726722918
S206K,-0.564179655608796
S206L,-1.00137156736022
S206M,2.67630250740149
S206N,-0.607331288002481
S206P,0.456052404570727
S206Q,-1.15125716387165
S206R,0.472479247511719
S206T,0.470600878873044
S206V,-0.575043536756123
S206W,0.780024033988597
S206Y,1.04651489802566
P207A,1.00318525297265
P207C,-1.54730050515073
P207D,0.428313524567732
P207E,-0.943739790167474
P207F,-0.0235025752745722
P207G,0.0898205998040573
P207H,-0.592468836036424
P207I,0.823449268343521
P207K,-1.04147085568547
P207L,0.492068650971408
P207M,-0.525807588750548
P207N,-0.0695512468236043
P207Q,0.140284184553079
P207R,1.24321403947103
P207S,-0.220265077595145
P207T,-0.595319825103121
P207V,0.463541476584657
P207W,-0.738314404010341
P207Y,1.48811857696909
A208C,0.0867083947320138
A208D,0.714363899000409
A208E,-1.44402009048019
A208F,-0.111065670008628
A208G,0.0854876094068123
A208H,-0.539804507111036
A208I,-0.902292805807338
A208K,1.12218063713376
A208L,-0.238672698819185
A208M,-0.58478544839848
A208N,-0.19110710110907
A208P,-0.913157863813707
A208Q,1.13768722437685
A208R,-0.480465516839146
A208S,-0.434993504426718
A208T,-2.71129447788782
A208V,1.03139607263681
A208W,-0.59778972334235
A208Y,-1.39049675305197
R209A,0.216165622938467
R209C,0.448739653106221
R209D,-0.0910838710372961
R209E,-0.896302744310573
R209F,0.936040547683233
R209G,1.08102199911114
R209H,4.10396777317944
R209I,-0.319061196280083
R209K,0.687822889820934
R209L,0.749665307370752
R209M,-0.32158391878869
R209N,0.274100777790972
R209P,0.62456783571423
R209Q,0.0542856292943784
R209S,-0.0212086786281776
R209T,0.0799232443176945
R209V,-0.292258590624407
R209W,-0.674080973935556
R209Y,-1.12831055151439
M210A,-0.486052068534952
M210C,2.62252320609688
M210D,-1.68235782971858
M210E,0.541852183390165
M210F,-1.08580159676251
M210G,-1.03661400665689
M210H,-0.914534715072191
M210I,-0.824145091683546
M210K,0.378888067832645
M210L,-0.864824173023739
M210N,-0.24569695073704
M210P,0.990208306489754
M210Q,-2.42063113429488
M210R,0.916755166511171
M210S,-1.08914124150527
M210T,-0.691352429925765
M210V,-0.152425027978095
M210W,-0.117465141533648
M210Y,-0.844679434897419
A211C,0.144157299810141
A211D,-0.883964648958539
A211E,0.338522520498727
A211F,-0.205942067187705
A211G,-0.744755548033687
A211H,-0.6311260982389
A211I,0.699779163787594
A211K,-1.20933733634697
A211L,0.738788555546911
A211M,-0.080272142099092
A211N,0.616300302640154
A211P,0.687305132573475
A211Q,-0.498337420999653
A211R,1.12283957243692
A211S,0.453035255042854
A211T,-0.728758415443154
A211V,0.170334438637074
A211W,0.305026846336429
A211Y,-0.628049314816665
G212A,-1.64941533455128
G212C,0.30569589398136
G212D,0.524522867148619
G212E,1.78340697844617
G212F,0.115046040598837
G212H,0.939547441955156
G212I,-0.0863308602590691
G212K,-0.0287641594132144
G212L,0.511868703580565
G212M,-0.491968869465443
G212N,-0.650996378724835
G212P,1.20260926565985
G212Q,0.830746341563402
G212R,0.773888038254796
G212S,-1.74623376571395
G212T,-0.643759078464597
G212V,0.401598474088054
G212W,0.825093384772507
G212Y,-0.918912437177652
N213A,-0.0357403863757616
N213C,0.0616893122398709
N213D,-0.899181458193294
N213E,-0.279867953005327
N213F,-0.466587926323037
N213G,-1.15122078756647
N213H,0.562527092171993
N213I,-1.33547892989895
N213K,0.90365425756322
N213L,0.901291120217325
N213M,-1.12853464615146
N213P,0.759723469228869
N213Q,-0.620401392641963
N213R,-0.9057925942108
N213S,-1.59565330743736
N213T,-1.13699211670061
N213V,-0.492064929006724
N213W,0.544806320273217
N213Y,0.376882940634445
G214A,-0.122836769493276
G214C,1.00693719358763
G214D,-0.250207937182283
G214E,-1.60284435067235
G214F,1.13156537386296
G214H,0.697149507391709
G214I,1.0414831676017
G214K,0.932700278943964
G214L,-0.754884007559381
G214M,0.760166434972885
G214N,0.565418385488077
G214P,-0.338253579734625
G214Q,-0.488797414418914
G214R,1.02180974377967
G214S,0.666408191397464
G214T,0.795327026130454
G214V,-0.367238917611672
G214W,0.461589444706384
G214Y,0.960933545408915
G215A,-0.466266490061944
G215C,-0.28741150014776
G215D,-0.475337207180245
G215E,-0.714514165252367
G215F,0.799081339058591
G215H,-2.08780499146362
G215I,0.303941689350804
G215K,-1.31193724951752
G215L,0.842354084039079
G215M,2.760736403602
G215N,-0.378922606149189
G215P,0.49049504657774
G215Q,-0.384083850628163
G215R,0.249659030536284
G215S,-0.407234177986037
G215T,0.296398533968755
G215V,0.31656388686763
G215W,1.1938357232486
G215Y,3.18898366564331
D216A,-0.00566699549181997
D216C,0.576873674009051
D216E,-2.12564533397069
D216F,1.78734719813837
D216G,0.481935114755957
D216H,-0.620830734333539
D216I,2.88618953669973
D216K,-1.42655908919702
D216L,1.95052276309444
D216M,1.96256668140246
D216N,1.23896594256799
D216P,-0.854932265840088
D216Q,0.0204299232459433
D216R,0.0872164063746794
D216S,0.557850184282061
D216T,-0.329095110963618
D216V,0.940866616574375
D216W,1.55239812474672
D216Y,0.979979618549707
A217C,-0.2479467458273
A217D,-1.75490639905731
A217E,-0.517928108632332
A217F,1.59001661880217
A217G,-1.17204781771409
A217H,0.657454456927357
A217I,2.01865152690479
A217K,-0.409082676857422
A217L,-0.441018590308182
A217M,0.402234979045412
A217N,1.1772052859869
A217Q,-0.319426923338355
A217R,0.583163572871391
A217S,-0.0513783566381775
A217T,-1.95145316455166
A217V,-0.277195478633247
A217W,1.22303725274284
A217Y,-0.278028884784305
A218C,-0.355241551635152
A218D,0.893026590888668
A218E,-0.704812493576852
A218F,1.44968010553002
A218G,-1.21470767261379
A218H,-0.666416882436539
A218I,-0.742468761715683
A218K,-1.13685391294406
A218L,1.42730476566531
A218M,0.974350424067197
A218N,-1.15777887958703
A218P,-1.3895656068742
A218Q,1.03626545883862
A218R,-0.656132763652754
A218S,-0.310988393211274
A218T,0.90178188918723
A218V,-0.0282595513137812
A218W,0.711715962577525
A218Y,0.828877502533566
L219A,-1.10302505595889
L219C,-1.02768834505253
L219D,-0.54782634093773
L219E,-1.31732786507576
L219F,0.542340683569797
L219G,-0.995198476414925
L219H,-1.7009979169196
L219I,0.477139870042141
L219K,-0.787945893128988
L219M,-1.37362597667832
L219N,-0.854469327668393
L219P,0.200061813238709
L219Q,-1.3507391370867
L219R,-0.548425436742561
L219S,-0.0725856922219489
L219T,0.14947905934502
L219V,-0.745948308143189
L219W,-0.14615080366306
L219Y,-1.61971874142907
A220C,-0.0706956430837403
A220D,-1.07126457267311
A220E,-1.09879227939906
A220F,-0.308018781190686
A220G,0.401911163634428
A220H,-0.147338089353044
A220I,3.8412970572266
A220K,-0.249537766317605
A220L,-1.51457802689122
A220M,0.000840226779627304
A220N,-0.131353235267589
A220P,-0.48858210478423
A220Q,-0.809077561940122
A220R,-0.878578249799017
A220S,-1.62879971318815
A220T,1.21124205316336
A220V,-0.436266404011994
A220W,-0.454793486939186
A220Y,0.0765735060033515
L221A,-0.12495827179254
L221C,0.0269856545239385
L221D,-0.165677756114816
L221E,-0.240597920452943
L221F,-0.828988038613617
L221G,1.29997929230974
L221H,0.12356297825858
L221I,0.253637029144438
L221K,-0.142401738511887
L221M,0.050809084713463
L221N,0.0851056081285363
L221P,-0.557431996744728
L221Q,-0.220748765887986
L221R,0.0916709615671078
L221S,-0.970159191696988
L221T,-0.580414847994539
L221V,0.840841441611824
L221W,-1.75038442770054
L221Y,-1.1320384136525
L222A,-1.25368191105604
L222C,-0.924431095550196
L222D,-1.10348946207195
L222E,0.216198039378403
L222F,-0.885712752901788
L222G,-0.888037443921494
L222H,-0.966832374437535
L222I,-0.0709198580446261
L222K,-1.93884174051587
L222M,-0.278243660311904
L222N,-1.66569535714046
L222P,-1.53807641479736
L222Q,1.63866020728964
L222R,-0.437436436670502
L222S,-0.901575713533256
L222T,-1.7635193627493
L222V,-0.185641211502591
L222W,-1.33833295140059
L222Y,-0.205949180483088
L223A,-2.2519311524046
L223C,-1.12885100852637
L223D,-0.922056794190825
L223E,0.455510293814519
L223F,-1.47032098717361
L223G,-1.48967799820435
L223H,-1.17045321644099
L223I,0.980106955149054
L223K,0.221676497564535
L223M,-0.460126528152834
L223N,-1.3695654587822
L223P,-0.836008031348705
L223Q,-0.0945957903427537
L223R,0.195349143892122
L223S,-1.94623516309932
L223T,-0.194538593153973
L223V,2.28568844271547
L223W,-0.196144360541939
L223Y,-2.13466905265103
L224A,-0.474229220801414
L224C,-1.11003419534474
L224D,-0.789017876975182
L224E,-0.747093028900235
L224F,0.0711246300543992
L224G,-1.3580228161734
L224H,-1.01021463908387
L224I,-0.0846870172839054
L224K,-0.593811998789106
L224M,-1.64366530682748
L224N,-0.11079630963342
L224P,-0.866425809698324
L224Q,-0.311164847574179
L224R,-1.48424123050028
L224S,-0.582785284986424
L224T,-0.891853527893299
L224V,0.642525422629655
L224W,0.469070747559499
L224Y,-1.21849066094423
D225A,-0.304181699457504
D225C,0.236462946059354
D225E,-0.152072805291895
D225F,-0.777625233863233
D225G,0.157465778422311
D225H,1.69833150181897
D225I,-1.36020161471112
D225K,0.870954520084725
D225L,-1.79441224778937
D225M,2.49030854505714
D225N,-0.857836139500739
D225P,-1.23651670677221
D225Q,1.09107435981886
D225R,1.61112738669665
D225S,3.45925873822699
D225T,0.662207357123066
D225V,-0.92014118487173
D225W,0.504684078191105
D225Y,3.18790873443998
R226A,-1.12725635317456
R226C,-0.637789837961439
R226D,-1.78482463817521
R226E,-1.03472978287577
R226F,1.18894889674215
R226G,-1.35936617448828
R226H,-1.45690815532803
R226I,-0.200491669564246
R226K,-0.172886946155169
R226L,-0.91719237321514
R226M,0.593920326215811
R226N,0.210382957759569
R226P,-1.22748911438744
R226Q,-0.983220373172126
R226S,-1.19691656981389
R226T,-0.773213044310722
R226V,0.534637245594922
R226W,-0.320664842478103
R226Y,-0.570695105333046
L227A,-1.48367195241458
L227C,-0.850269647267906
L227D,1.21760355469822
L227E,-0.557694097560237
L227F,-0.206203218789311
L227G,0.691554639448065
L227H,-0.260948371124282
L227I,0.0930047390632816
L227K,-0.298932363592334
L227M,-0.809235973734908
L227N,-0.838019448580034
L227P,-1.16190367086591
L227Q,-0.366790357329565
L227R,-1.22674068219233
L227S,-1.22556970645051
L227T,-0.0748771393427975
L227V,-0.551115191803313
L227W,-0.466065572527972
L227Y,-0.547700574311526
N228A,0.634324775573561
N228C,-1.92562612368993
N228D,-0.0169938576991446
N228E,-0.609074014906919
N228F,0.805973359459531
N228G,-1.30913359700256
N228H,1.02378563908539
N228I,0.607584255318304
N228K,0.0536564797597702
N228L,2.0674107160553
N228M,1.15987725273854
N228P,-1.01134138441633
N228Q,1.37285276993601
N228R,-0.145547878048968
N228S,-0.253317587262718
N228T,0.0851676942241268
N228V,2.43820295601427
N228W,1.36179559852985
N228Y,-0.884644302236762
Q229A,0.718730490189276
Q229C,-0.558263776554128
Q229D,-1.62366897102755
Q229E,-0.271055622546991
Q229F,-0.549004354414777
Q229G,1.50936935491359
Q229H,-0.101165981570671
Q229I,-0.675785441054478
Q229K,-0.769797254661414
Q229L,0.412268156611857
Q229M,-1.91509628469475
Q229N,-0.538219220419485
Q229P,-1.00444732655544
Q229R,-1.18547916657503
Q229S,-0.384248938268788
Q229T,-1.64268998964979
Q229V,-1.08065420642485
Q229W,-1.00386001949266
Q229Y,-0.865580593082559
L230A,-0.0602091927946819
L230C,0.388907503747277
L230D,-1.50403345474056
L230E,-0.111621505609713
L230F,-0.588718004357139
L230G,-0.89530463674093
L230H,0.474548658624204
L230I,-1.23522496273186
L230K,-0.778487234466678
L230M,0.732137923090169
L230N,-0.619768812160926
L230P,-1.30844897785418
L230Q,-1.6205000900672
L230R,-1.10544090530141
L230S,-0.856432407656087
L230T,-1.22166513405235
L230V,-1.52322480849316
L230W,-1.40197490006476
L230Y,-0.169981866615424
E231A,0.456533227795673
E231C,0.551236852985932
E231D,-0.781301254337984
E231F,0.48480953388444
E231G,-0.625350227166469
E231H,0.218835727258971
E231I,0.649366309288541
E231K,0.701440519874923
E231L,0.0110661545069335
E231M,-0.122216445362558
E231N,0.295638716948169
E231P,-0.5265593502536
E231Q,-0.284182813171017
E231R,1.32664759651038
E231S,-0.443555475793123
E231T,0.261876517465097
E231V,1.30758849475755
E231W,0.0624541132622835
E231Y,0.0464997689444309
S232A,-1.40972291078845
S232C,-0.280432365103103
S232D,0.188741845437383
S232E,1.18374457935973
S232F,-0.38017974471495
S232G,-0.500184179332566
S232H,1.01242592484127
S232I,-0.742755889430306
S232K,0.395622823640346
S232L,0.117560867957223
S232M,2.26290587321224
S232N,-0.844319911490453
S232P,-1.00381349422136
S232Q,0.397196417525919
S232R,0.723365939441535
S232T,1.10244613550083
S232V,0.493673214970362
S232W,-0.296627150201919
S232Y,1.51064881376812
K233A,0.736910746176245
K233C,-1.49384966827481
K233D,-1.71318164071596
K233E,0.237680479676885
K233F,-1.15806127564827
K233G,-1.22676299677449
K233H,-1.12610405439894
K233I,-0.795901243249891
K233L,0.57668393106453
K233M,-0.614489697315392
K233N,-0.887935243123305
K233P,-0.395143213852714
K233Q,-0.320744454820739
K233R,1.19247793084782
K233S,-1.8501920053482
K233T,-0.857490979922984
K233V,-0.98125432427995
K233W,0.0201430983875531
K233Y,-0.0386636831624563
M234A,-0.448864354828431
M234C,-1.6286716309582
M234D,-0.193683550995635
M234E,-0.314684664420021
M234F,-1.25563931858053
M234G,-0.843541516422416
M234H,0.310637709431463
M234I,-0.877275653861035
M234K,-1.54644307022753
M234L,-0.276540467381886
M234N,0.422381687687284
M234P,-1.1214574433844
M234Q,0.492625839256109
M234R,-0.197438918253513
M234S,0.184904825642259
M234T,-0.966619224468164
M234V,0.615191691469494
M234W,0.878137875342817
M234Y,-1.15811979356777
S235A,-0.399426943199653
S235C,2.46978442748307
S235D,-1.72752988132718
S235E,-0.804237505763426
S235F,0.0560697471989438
S235G,0.728274976232235
S235H,-0.548102207668828
S235I,0.499538729644597
S235K,0.50496647641175
S235L,-0.518817595851245
S235M,-0.592289154594013
S235N,-0.654252383281845
S235P,0.763582967564711
S235Q,-0.825983909796931
S235R,1.95047024912008
S235T,1.01196531458737
S235V,-0.107883380012807
S235W,-0.506028390681697
S235Y,-1.60474417450317
G236A,-0.622198518225095
G236C,0.203591024559661
G236D,-0.25032451058964
G236E,-0.490422879149187
G236F,0.239992089184923
G236H,-0.268173551173005
G236I,0.731668315874529
G236K,1.59127245199726
G236L,-0.397821198925103
G236M,1.8741299494496
G236N,0.063801517803654
G236P,-0.863417521894696
G236Q,1.04913122929115
G236R,0.699440256842222
G236S,-0.94506907456791
G236T,-0.15479488395963
G236V,-0.72897978116823
G236W,-0.510526805811011
G236Y,-2.18102042712776
K237A,0.0929245865003948
K237C,0.45232946444034
K237D,-0.893606160003548
K237E,0.451382661038603
K237F,-0.0988335249255149
K237G,-0.327781343339476
K237H,-0.882663599080898
K237I,1.22355362548299
K237L,-2.3559344867571
K237M,0.243302112546528
K237N,-0.560542135078911
K237P,-0.221059276455556
K237Q,-0.872433165288316
K237R,-0.605645212347919
K237S,0.793136192473563
K237T,-1.50456842886877
K237V,0.539753164561369
K237W,0.256000637563885
K237Y,0.43831698517652
G238A,-0.184813029529988
G238C,3.06196469683337
G238D,-1.19449893540014
G238E,0.00495077569479972
G238F,0.50394965850356
G238H,-0.528637148995148
G238I,0.433887476020705
G238K,0.33205995575628
G238L,1.98711500658965
G238M,0.0424722740140194
G238N,-0.657667117408527
G238P,-0.99509423307214
G238Q,0.503705926087122
G238R,0.125821487822105
G238S,-0.459593929142496
G238T,0.31114621363333
G238V,-0.663548063063644
G238W,0.654061450931619
G238Y,0.389062463204209
Q239A,0.0618632478200201
Q239C,-0.360750317676103
Q239D,0.449032437903826
Q239E,-1.44878305966664
Q239F,-0.408847797928244
Q239G,-0.823745986449221
Q239H,-1.29362643719703
Q239I,1.22117438372789
Q239K,0.83985178865948
Q239L,0.942434833357755
Q239M,-2.08208689534199
Q239N,-0.816566622832014
Q239P,-0.614954258300275
Q239R,2.93234202991422
Q239S,0.935718333567516
Q239T,1.04818853078634
Q239V,-0.497390706646663
Q239W,0.424870830635708
Q239Y,0.601697325993277
Q240A,-0.260166597564563
Q240C,0.0133110246837744
Q240D,-0.683845209156563
Q240E,-0.126892058706671
Q240F,-0.2825566661496
Q240G,-0.393990992194883
Q240H,0.0407149551131563
Q240I,-0.865764233214232
Q240K,0.607798850251079
Q240L,-0.923501582289518
Q240M,0.158860678233138
Q240N,-0.986531297154378
Q240P,-2.00040942732983
Q240R,-0.25874718969192
Q240S,0.741036032340599
Q240T,0.17306723002729
Q240V,0.0585382270975889
Q240W,-0.930134442444782
Q240Y,-0.732739833337255
Q241A,-0.2260223249341
Q241C,0.74292933432836
Q241D,-0.979888070186737
Q241E,-0.238212798452232
Q241F,1.31922880552793
Q241G,-0.0718146806416206
Q241H,1.4115278016099
Q241I,-0.338399372917165
Q241K,0.298959422318643
Q241L,0.969013575797779
Q241M,0.606090673575284
Q241N,0.371335162788175
Q241P,0.901258662033027
Q241R,4.33860711966283
Q241S,-0.262532306636869
Q241T,0.380092988020719
Q241V,-0.843043574324531
Q241W,-1.48251115625619
Q241Y,-0.983234227101395
Q242A,0.471290690895223
Q242C,-1.2332016171224
Q242D,0.310042560516442
Q242E,0.31159031291943
Q242F,-0.843232256126316
Q242G,-0.643994458839093
Q242H,0.27585852775056
Q242I,-1.41293308028912
Q242K,-1.48481953580834
Q242L,-1.11959480596638
Q242M,-0.204516026452409
Q242N,2.25088300683885
Q242P,-0.721527180029013
Q242R,0.313150050031452
Q242S,-0.542141411628404
Q242T,0.778384776554146
Q242V,0.731649578595154
Q242W,0.861565273794473
Q242Y,-0.32327256879781
G243A,-0.615200855822879
G243C,1.0738581376083
G243D,0.70729359089529
G243E,-0.221293669859167
G243F,-0.797177838194856
G243H,0.174803943309117
G243I,-1.1547684108905
G243K,-1.15339175119363
G243L,-0.693962453770766
G243M,0.914225296018364
G243N,-0.455884284595929
G243P,-0.95896384207645
G243Q,0.410659540646986
G243R,-0.0763838021733911
G243S,-0.830910906169523
G243T,-2.32666617568546
G243V,-0.588796486618311
G243W,-0.20767000780675
G243Y,2.62017735366483
Q244A,-1.33536542610789
Q244C,-0.65375852020774
Q244D,0.199935803295976
Q244E,0.807810495505514
Q244F,-0.453467636812959
Q244G,-0.908080488671398
Q244H,-0.389202045856554
Q244I,-1.0488877896229
Q244K,0.469247186149535
Q244L,-0.874361672611287
Q244M,0.427802458931342
Q244N,0.157098808015251
Q244P,0.542117980069863
Q244R,0.401698016797848
Q244S,-0.312345332753424
Q244T,-0.691230289612765
Q244V,-0.803383481510739
Q244W,1.86557422149315
Q244Y,0.118602843690996
T245A,0.209268650699727
T245C,-1.34690909346458
T245D,0.961181656517753
T245E,-0.614483700532834
T245F,-0.668796645073734
T245G,-1.3821710086916
T245H,0.533547624805041
T245I,-1.11352706792611
T245K,0.544358052489507
T245L,1.28446335768221
T245M,-0.411524222096522
T245N,-0.266349996218859
T245P,-1.26400130772887
T245Q,-0.600593857304613
T245R,0.202989865476148
T245S,0.180935498126043
T245V,0.263445889572323
T245W,0.959074635581023
T245Y,0.305784112294905
V246A,-0.580748871018023
V246C,-0.223002335434783
V246D,0.322124894766457
V246E,-0.502496706624563
V246F,-0.151867195749315
V246G,-1.10314060947239
V246H,-0.598794324694378
V246I,3.6517760663367
V246K,-0.68071873809761
V246L,1.32018753409969
V246M,1.08978697548376
V246N,0.0748251706756044
V246P,0.890777734825161
V246Q,0.331177996797281
V246R,-0.738061486768208
V246S,-0.314503851637054
V246T,-0.464945258250466
V246W,1.07166185516087
V246Y,-0.442824863197122
T247A,-0.956105274617887
T247C,0.710097156604636
T247D,-0.286327435236537
T247E,-0.222300796638247
T247F,-2.35384429020599
T247G,-0.165131794340656
T247H,1.45492114654393
T247I,-0.703002351611547
T247K,0.401646515220403
T247L,-1.8097876174237
T247M,-0.824483263082418
T247N,-0.37552098234204
T247P,0.158290531779998
T247Q,-0.472948953995756
T247R,3.23236744025023
T247S,0.2728918518763
T247V,0.921263722098465
T247W,0.0811986432909479
T247Y,0.123915435087121
K248A,-0.570471691358347
K248C,0.50548461884564
K248D,-1.17189021837428
K248E,0.815822954887903
K248F,0.239461464397505
K248G,-0.986900678277008
K248H,-1.80940786896497
K248I,-0.394134603337285
K248L,-1.49705491848807
K248M,-1.23664077068659
K248N,-0.592956836089162
K248P,2.37546612119199
K248Q,-1.02277093304824
K248R,-0.367904524976702
K248S,-1.84031503640495
K248T,0.131950453867903
K248V,0.44056641826339
K248W,-0.320580557860502
K248Y,-0.00465191525408958
K249A,-1.1381972812887
K249C,0.344703330072213
K249D,-1.19024253326093
K249E,-1.0969842691342
K249F,-1.25874780369965
K249G,-0.111294409765595
K249H,-1.39120096464794
K249I,0.00910662341768202
K249L,-1.15399966770776
K249M,-0.538510242449661
K249N,-0.461788296457052
K249P,-0.0773939185800438
K249Q,1.42360692682395
K249R,-0.886621143212876
K249S,-0.497147083599561
K249T,-0.902128831872596
K249V,0.785029408825586
K249W,0.521296240411666
K249Y,-0.488265353877886
S250A,-0.25422418451706
S250C,-0.129740475778231
S250D,-1.13620523741685
S250E,-0.164491235761275
S250F,3.90020814318774
S250G,1.58137800483206
S250H,-0.395253514300211
S250I,-1.64539800265319
S250K,1.21624485796344
S250L,1.42850005809081
S250M,-0.0609075093730892
S250N,0.13466376626067
S250P,-0.0906595187667791
S250Q,-1.43613279111102
S250R,0.533457478317907
S250T,-0.46237889164492
S250V,-0.890505488279769
S250W,-0.805210029226485
S250Y,-0.422769662044048
A251E,-1.16331053226536
A251S,0.486612679858192
A251T,-2.47565506905062
E253A,-1.34309152316112
E253C,0.453781314049902
E253F,0.497520122078301
E253G,-0.164699222588617
E253H,-0.299196410842805
E253I,-2.24104920787755
E253K,-0.57858222072942
E253L,-0.282478839226344
E253Q,-1.04933478913314
E253R,0.780458180822998
E253S,-2.80386072830558
E253T,0.341555092702025
E253V,0.764736313806613
E253W,0.0572271615487015
E253Y,-1.94704257607382
A254C,-0.622840802563878
A254D,-1.01253956339341
A254E,-2.12930300111394
A254F,0.124568179435253
A254H,-2.34138709817265
A254I,4.55193871046084
A254K,-0.296653838044402
A254L,-1.32648646911044
A254M,-2.38054393812264
A254N,-0.929942638616603
A254P,-1.28143756545157
A254Q,-1.55914200867705
A254R,-1.124510541614
A254S,-2.02213404042315
A254T,0.0689419554978444
A254V,-0.535779574622125
A254W,-2.56198655898324
A254Y,0.58952401464191
S255A,0.285418797593737
S255C,1.19869298420708
S255F,0.382069101097019
S255G,-0.886185694260851
S255M,-0.807291989553552
S255P,-1.74013311846047
S255Q,0.299373724915238
S255R,1.50226956100638
S255T,-1.72612741595156
S255W,0.600266870811139
S255Y,-0.351398754337743
K256A,-1.90811086439636
K256E,-1.22505692159391
K256F,-2.53266414854417
K256G,-2.03308088729127
K256H,-1.41084384562423
K256I,0.160136713547887
K256L,-0.0314517736719643
K256M,-2.51821337965412
K256N,-1.09481312454037
K256P,-1.49807862685552
K256Q,-1.12738300866407
K256R,-1.2609631094589
K256S,-0.139881494231654
K256V,0.101941616593011
K256W,-2.56198655898324
K256Y,-1.94704257607382
K257A,-1.65989247449357
K257C,0.223897638844897
K257E,-1.93333449875198
K257F,-0.561091842563964
K257G,-0.0351534257329418
K257H,2.21103529072274
K257I,-1.90009292777145
K257M,-1.83282981028131
K257N,-0.756904699408962
K257P,-1.64128200964726
K257Q,-2.63796100202569
K257R,-1.477269544299
K257S,-1.81526342729515
K257T,-0.667894301666173
K257V,-1.4783100316333
K257W,0.504674461774459
P258A,-0.771360498665441
P258C,2.96049095317796
P258D,0.052816255148351
P258E,0.558323278703949
P258F,-1.23939906490154
P258G,-0.302351268692703
P258H,0.121123498353216
P258I,-0.511518989258775
P258K,-0.11647560985937
P258L,2.81897352159372
P258M,1.59076596271802
P258N,1.04658658490966
P258Q,-0.189590697992416
P258R,3.50683420738031
P258S,-0.093901961173831
P258T,-0.656719853207913
P258V,0.205926117104035
P258W,0.898931867314579
P258Y,0.323674469165976
R259A,2.83554057509693
R259C,-0.602536153801879
R259D,9.89917611939326
R259E,0.0506107711244854
R259F,-1.49667809716208
R259G,10.8707754098012
R259H,0.120717120145263
R259I,-0.247306206075488
R259K,-0.432787472645093
R259L,-2.4474136972111
R259M,-0.486472993307576
R259N,2.51185366697848
R259P,-0.267164447527361
R259Q,-0.430844205714931
R259S,-0.290827442181646
R259T,-1.0029488522625
R259V,-0.667954251769236
R259W,1.06180928006029
R259Y,-0.529903530871113
Q260A,0.96930006987996
Q260C,8.47431928573537
Q260D,2.83550797712113
Q260E,0.543935488949937
Q260F,0.289173171996785
Q260G,2.02183707148448
Q260H,0.0185811291804602
Q260I,-1.60339993434497
Q260K,0.973529437660764
Q260L,-0.0633292387592866
Q260M,1.27339539211875
Q260N,0.654359335527801
Q260P,2.45160280921674
Q260R,2.32816031477694
Q260S,2.47283370429107
Q260T,0.226219573286316
Q260V,0.396608056326565
Q260W,-0.162984197540884
Q260Y,0.161149054226966
K261A,0.766623884754725
K261C,1.08428982111096
K261D,10.8707754098012
K261E,2.15115732777033
K261F,6.37648975370157
K261G,0.917145522461522
K261H,-0.121828520643259
K261I,3.24274615583258
K261L,0.0681358584873386
K261M,0.385442614510444
K261N,1.77877696180517
K261P,6.18924852847987
K261Q,-0.521706775742854
K261R,0.601666410950359
K261S,-0.761672586398295
K261T,1.6572076653829
K261V,3.37353791021192
K261W,0.787858627364867
K261Y,10.8707754098012
R262A,7.40058870597242
R262C,10.8707754098012
R262D,10.8707754098012
R262E,10.8707754098012
R262F,10.1540041845502
R262G,10.8707754098012
R262H,10.8707754098012
R262I,1.40963891563378
R262K,5.02586204590066
R262L,1.51886042465223
R262M,1.3236564037876
R262N,10.8707754098012
R262P,7.05013884966673
R262Q,1.44359317274628
R262S,10.8707754098012
R262T,7.5244171706021
R262V,1.13239330046746
R262W,4.43419337407706
R262Y,10.8707754098012
T263A,-1.5350714929272
T263C,-0.0256371172239745
T263D,-1.83907112920395
T263E,-0.586392262779391
T263F,0.119862792864305
T263G,0.179021672524972
T263H,-0.739141114950929
T263I,0.121507290249706
T263K,-1.46423911488064
T263L,0.820219665001352
T263M,-0.698901326995959
T263N,0.249784218482628
T263P,6.51963716521359
T263Q,-0.403602468318984
T263R,-0.79612289091278
T263S,1.08304546869277
T263V,-2.00987466429195
T263W,0.911745374711909
T263Y,0.963553799943745
A264C,5.5107398399906
A264D,10.8707754098012
A264E,2.8449960197169
A264F,4.63012823154987
A264G,4.48685961176776
A264H,4.40459552882035
A264I,0.50574187393241
A264K,10.8707754098012
A264L,0.648368793308444
A264M,5.84248923958547
A264N,10.8707754098012
A264P,0.41698212739991
A264Q,8.29296220366271
A264R,10.8707754098012
A264S,1.58317217346563
A264T,2.34086635137986
A264V,0.604669711425196
A264W,5.1085072365822
A264Y,3.9752268201883
T265A,0.761646542736549
T265C,2.03502935803164
T265D,-0.95621161032357
T265E,0.889549635781149
T265F,-0.263993957549189
T265G,0.0291504854012201
T265H,0.509405778938991
T265I,-0.636670066665826
T265K,2.87953107345695
T265L,2.38970818630251
T265M,-0.123935937562004
T265N,0.122259604354462
T265P,1.62635550087687
T265Q,0.68054660658944
T265R,1.32983576191022
T265S,-0.24796278872
T265V,1.89453494320944
T265W,-0.304229436514069
T265Y,0.629702163819591
K266A,0.303914985743036
K266C,0.444604909676773
K266D,-1.11295525975304
K266E,-1.20892533863625
K266F,0.64304468528927
K266G,-0.0103353189521687
K266H,-0.317779961282325
K266I,0.292908929418676
K266L,0.190368298558891
K266M,-0.380404488598237
K266N,0.0589131953634018
K266P,-0.206441777965227
K266Q,-0.972391465554896
K266R,1.63459186662027
K266S,-0.426055600611362
K266T,0.0783834068763691
K266V,-0.222203144650786
K266W,-1.23893693894184
K266Y,-0.122482628589479
A267C,1.02445587228068
A267D,-0.678009682532489
A267E,-0.283785198394424
A267F,-0.671252753824558
A267G,0.211633177414309
A267H,-0.580245076883923
A267I,-0.932226813125271
A267K,0.705145462475655
A267L,-0.879790609370758
A267M,-0.718977941427274
A267N,-0.0193489104713531
A267P,-0.112003400088371
A267Q,-0.288409951036233
A267R,2.66171788421898
A267S,1.09656502737383
A267T,-0.272540612766002
A267V,-0.138983113919225
A267W,0.957509566651954
A267Y,0.175833222971165
Y268A,-0.484868223419656
Y268C,1.16417540924395
Y268D,1.72562300574905
Y268E,-0.210817413602941
Y268F,-0.232639061105094
Y268G,2.04409683519347
Y268H,-0.669990195182726
Y268I,0.0406756143094405
Y268K,0.638311416490088
Y268L,-0.774155153648237
Y268M,0.540835072683474
Y268N,1.81579823595422
Y268P,2.6995299442124
Y268Q,0.0374306097924429
Y268R,0.0428218512500145
Y268S,-0.117634350890564
Y268T,3.36140468769057
Y268V,2.05394728824477
Y268W,1.24834860962236
N269A,0.519947804063105
N269C,3.01011040667347
N269D,0.314501549537462
N269E,1.96043536343397
N269F,2.41001877056821
N269G,8.97802671475459
N269H,0.557501070201492
N269I,2.93860135195244
N269K,1.36126398478063
N269L,1.90491567920061
N269M,4.21135592314593
N269P,2.17001545707788
N269Q,4.71983618679724
N269R,4.72282683065536
N269S,1.37719404765242
N269T,-0.719378378037419
N269V,0.0648552525955126
N269W,10.8707754098012
N269Y,3.33003805697515
V270A,-0.497108781901588
V270C,1.47129083484247
V270D,-1.03874520107091
V270E,0.567235800871321
V270F,1.74019810537132
V270G,0.90290770002092
V270H,-0.802878753966134
V270I,-0.371512744856331
V270K,-0.612559821629755
V270L,1.11789947746319
V270M,1.70289089277568
V270N,-1.58623873972465
V270P,0.141203297762762
V270Q,-0.288210638480724
V270R,0.981669400618156
V270S,0.431801364027439
V270T,2.53015122088771
V270W,-0.943707717584463
V270Y,-1.4881839002589
T271A,1.85216996883447
T271C,2.53038410596507
T271D,0.422251825936935
T271E,-1.1221635847543
T271F,3.76275274355279
T271G,3.01730670817558
T271H,1.74125849440924
T271I,2.96902936058285
T271K,2.53695301805757
T271L,2.66749490403417
T271M,3.26845142390197
T271N,0.470588873087403
T271P,2.39110970836835
T271Q,1.09712530049187
T271R,6.33555690723293
T271S,0.286335611656296
T271V,-0.167007644808099
T271W,1.80314596328175
T271Y,4.93862079323862
Q272A,-0.0364703805613355
Q272C,-1.38052271710525
Q272D,-1.77675056923734
Q272E,-1.19014479923796
Q272F,1.09408557936245
Q272G,0.42827042693312
Q272H,-0.44842987105099
Q272I,0.145124574200795
Q272K,1.25666443190178
Q272L,-0.981885928923418
Q272M,-0.995200111093742
Q272N,1.41717570513441
Q272P,3.70518298452696
Q272R,0.749075224854723
Q272S,0.758737607718022
Q272T,-0.255975987118875
Q272V,-0.761974848359565
Q272W,-0.105542533531306
Q272Y,-0.961284917843802
A273C,0.379654261544106
A273D,0.188396845369382
A273E,0.750810357926907
A273F,-1.85411418075121
A273G,-0.575180730771177
A273H,-0.212539750190311
A273I,5.09034187524682
A273K,8.47981114978666
A273L,0.513920694240839
A273M,-0.409522469123191
A273N,3.80236665439687
A273P,2.42151882638757
A273Q,0.902660176130603
A273R,-0.720476326842261
A273S,-0.58298446668392
A273T,3.06549866925243
A273V,1.46812178523567
A273W,1.96813880229061
A273Y,0.380087164967824
F274A,0.766918263341048
F274C,4.54514079225126
F274D,-1.33105693341252
F274E,0.985940976712461
F274G,-0.817015537091697
F274H,2.08856759131921
F274I,-0.127603239612635
F274K,0.733034800024138
F274L,-1.51864907199059
F274M,-0.338876320685183
F274N,1.81217869727426
F274P,-1.13569130219712
F274Q,4.02134202986749
F274R,-0.0128477096947434
F274S,0.331940797711006
F274T,0.151459659504513
F274V,-0.670503028111818
F274W,-1.26178101575394
F274Y,-0.226528652331787
G275A,-0.754960773081975
G275C,0.432880337207394
G275D,0.76998059418095
G275E,2.06517498108871
G275F,1.23409959731423
G275H,4.03155018351824
G275I,4.27928430931713
G275K,-0.0851156927596923
G275L,2.37938665805377
G275M,0.213615167582681
G275N,2.10839680202845
G275P,1.76791496450254
G275Q,-1.23674740919916
G275R,1.60616662486578
G275S,0.510769536796568
G275T,-0.999215852840513
G275V,-0.242470440595914
G275W,-2.10020267848955
G275Y,-1.79405800696821
R276A,0.115038241279737
R276C,0.819626480453987
R276D,-1.74090398408309
R276E,-1.58707262708211
R276F,-0.155774214715025
R276G,-0.808199886904081
R276H,-0.190059914167821
R276I,0.148525988547759
R276K,-0.531987688740354
R276L,-1.06469120653422
R276M,0.583990749394617
R276N,0.276860660362512
R276P,-0.276947638641221
R276Q,-0.514058539831201
R276S,-0.467685023163753
R276T,-0.463328318678095
R276V,0.265687617142856
R276W,-1.5448624516402
R276Y,-1.16201470628756
R277A,3.89508951992222
R277C,10.8707754098012
R277D,-0.460849147513828
R277E,1.32961853995488
R277F,1.13485764374209
R277G,3.10289180810796
R277H,-0.364140452330553
R277I,0.973462532589463
R277K,3.94273034189257
R277L,-2.75017428192351
R277M,1.89538827099741
R277N,-1.86425332768287
R277P,-1.68806539622928
R277Q,0.889161242403667
R277S,-0.628152517934174
R277T,-1.53903408803403
R277V,1.88028208538385
R277W,2.13414551930208
R277Y,-0.117802125177047
G278A,-0.285635435728929
G278C,0.94947213262663
G278D,-1.53231599645593
G278E,-1.75484913095894
G278F,-2.34188109493956
G278H,1.7140471738882
G278I,4.51023659961103
G278K,0.983386572512718
G278L,0.3190082109856
G278M,1.51088674205862
G278N,3.51081847247922
G278P,-0.24851438794094
G278Q,3.00157441192682
G278R,-0.0136985004280003
G278S,0.467456164553619
G278T,0.255500530324206
G278V,1.23873119124918
G278W,1.42131276685201
G278Y,0.125478683427272
P279A,-0.669536088669709
P279C,1.07201408015712
P279D,0.0845364984728392
P279E,-0.137563457680193
P279F,1.0395157578392
P279G,-0.357615280444959
P279H,0.673928108220327
P279I,0.520329662003116
P279K,2.62368270746122
P279L,-0.159132946305501
P279M,0.473676398434698
P279N,-0.133888889495607
P279Q,0.950399093108994
P279R,4.4337629482899
P279S,-0.203901829105626
P279T,0.764954612001281
P279V,2.57608919446548
P279W,1.0269292948987
P279Y,1.88559590443414
E280A,0.580255099281531
E280C,2.87219340793293
E280D,-0.389466254236017
E280F,1.75116292478804
E280G,0.511302141466252
E280H,0.858437876785555
E280I,2.10721245112845
E280K,10.8707754098012
E280L,0.94060933740065
E280M,0.159403107722332
E280N,4.03799461180164
E280P,2.04163532238199
E280Q,1.41740185104007
E280R,10.8707754098012
E280S,1.67722241148994
E280T,1.65165796086305
E280V,3.79307651748552
E280W,1.74721736970122
E280Y,5.65752572833567
Q281A,1.67364228563466
Q281C,1.58176736851894
Q281D,-0.137078235925132
Q281E,-1.11127477366316
Q281F,2.45060439333272
Q281G,0.336226831253314
Q281H,-0.434938487610105
Q281I,-0.638612210364298
Q281K,3.23639129102305
Q281L,1.41904674794478
Q281M,-0.164876267711038
Q281N,1.41839058314526
Q281P,-0.643706701693497
Q281R,2.3795139501609
Q281S,0.138166676371431
Q281T,0.835650458987815
Q281V,-0.509808606340025
Q281W,4.61841517289797
Q281Y,1.97395947400187
T282A,-0.0277334517082883
T282C,-0.34941353123387
T282D,-0.488777565685514
T282E,0.348956697367655
T282F,3.37805470751029
T282G,1.69005794550481
T282H,-0.422950783289945
T282I,2.31072774227815
T282K,4.24049894002603
T282L,0.77737684376453
T282M,-0.359269944813817
T282N,-0.127447595635751
T282P,2.34930973869085
T282Q,0.254635946020487
T282R,2.48005441465463
T282S,0.762747473413084
T282V,0.83383111441371
T282W,1.86366110147591
T282Y,0.393341523023246
Q283A,-2.65365450830686
Q283C,1.48573961406792
Q283D,-0.011814744560822
Q283E,-0.900474593644141
Q283F,0.740374132585004
Q283G,0.288242990530561
Q283H,1.72030667302128
Q283I,0.149539683417071
Q283K,2.3326295000312
Q283L,0.377008402154099
Q283M,0.263995011751118
Q283N,1.54578165479096
Q283P,10.8707754098012
Q283R,3.27608206690386
Q283S,-1.4899080737066
Q283T,0.340140324592846
Q283V,0.500248636541307
Q283W,2.1321303879778
Q283Y,2.05396582931477
G284A,-0.23253862367495
G284C,-2.18102042712776
G284D,2.41807995338599
G284E,3.70458040754584
G284F,0.376788610464367
G284H,-1.20799709433975
G284I,1.12872345451793
G284K,0.0734543066751019
G284L,-0.329670837546791
G284M,0.976476159241305
G284N,2.08973448267303
G284P,-0.0218351343358705
G284Q,0.203045258077492
G284R,2.64741730384015
G284S,2.62451595403542
G284T,0.577388301144134
G284V,-0.985221760431226
G284W,-2.09141844142781
G284Y,1.42138400819514
N285A,0.0936229060795904
N285C,-0.959412405539271
N285D,-0.217629364170315
N285E,3.39647513099924
N285F,-0.30362303874749
N285G,1.1895665074635
N285H,1.75158542886026
N285I,-0.509454973108055
N285K,-0.818441786184471
N285L,0.990309096659726
N285M,0.182955397350285
N285P,0.767138219585961
N285Q,3.50058106377907
N285R,1.56894573329328
N285S,2.291939127173
N285T,-0.36632565714162
N285V,0.655473499236742
N285W,1.28723052564177
N285Y,1.05363165202387
F286A,9.90150221073707
F286C,-0.00766001532387565
F286D,1.04827876330139
F286E,-0.490966009197989
F286G,-0.748657872738016
F286H,-1.79144743268362
F286I,0.927291479496599
F286K,-0.205630926327934
F286L,0.698838621380435
F286M,-0.812574935440063
F286N,2.65179195910185
F286P,0.614680317896292
F286Q,2.15200964471777
F286R,0.901377457583979
F286S,1.46552014133263
F286T,-0.723058636863885
F286V,1.603013399495
F286W,1.13721409669375
F286Y,0.404475921624282
G287A,2.92647128160231
G287C,0.63773695792434
G287D,1.97613093389688
G287E,-0.526546975491797
G287F,3.0650451111675
G287H,3.30234948830702
G287I,2.59259323984469
G287K,0.903633839557194
G287L,3.577008022117
G287M,-0.445033875432174
G287N,1.96689385624866
G287P,3.71359967051066
G287Q,0.150260635719473
G287R,3.08805494697178
G287S,1.96409112107258
G287T,1.39716517705924
G287V,0.0023798658939057
G287W,0.8462339354654
G287Y,-0.558517138018258
D288A,1.84849444033253
D288C,0.470412853711728
D288E,0.0119529307602994
D288F,0.789511788553243
D288G,1.67611819476325
D288H,-2.03937589865158
D288I,0.893122473981533
D288K,-0.458478255925532
D288L,0.272001270823834
D288M,-1.30997276503858
D288N,0.371590500783009
D288P,0.404915277415526
D288Q,0.717164909720544
D288R,-0.964180566529657
D288S,-0.831735201116721
D288T,2.30081911439943
D288V,-1.00012626134492
D288W,3.44245400801429
D288Y,-0.0631661038651881
Q289A,1.59270366687678
Q289C,-0.322259040983382
Q289D,-1.77660942539393
Q289E,0.693749347311719
Q289F,-0.552125880009781
Q289G,-0.518322275154222
Q289H,0.804817909532828
Q289I,0.164220303836209
Q289K,0.255849908272629
Q289L,0.080038956150295
Q289M,-0.869267529479717
Q289N,0.17179846708115
Q289R,0.63025862301326
Q289S,-0.264584529122326
Q289T,-0.426267749002943
Q289V,-0.10221599986896
Q289W,1.47044969010996
Q289Y,0.250334962070861
E290A,-1.6881241783726
E290D,0.683294536116744
E290F,0.617355092379875
E290G,-1.47944141403694
E290H,-0.18909503582985
E290I,0.961155753245481
E290K,0.133883705982859
E290L,0.96996039343253
E290M,0.383230765836346
E290N,0.702804901134729
E290P,-0.415467017231029
E290Q,-0.314229953019671
E290R,0.316817588356852
E290S,1.15884488294125
E290T,0.501236363875343
E290V,-0.299025944049802
E290W,1.32940533822084
E290Y,0.465636164533633
L291A,0.246542641566059
L291C,-1.54042954429482
L291D,1.0620969116019
L291E,1.19435771482296
L291F,0.442477466528026
L291G,1.18601275376189
L291H,1.57051666914575
L291I,1.93918955603868
L291K,0.778752743111943
L291M,0.45171950136439
L291N,4.62020876079621
L291P,-0.115965353269826
L291Q,-0.571344736478865
L291R,0.980578692252078
L291S,3.78591854097603
L291T,-0.550715564854903
L291V,0.103937786770124
L291W,1.44963449472647
L291Y,0.498547945082895
I292A,4.38726423881267
I292C,3.98639184241145
I292D,-1.60368118800175
I292E,-0.304393711950771
I292F,3.31597102390545
I292G,2.87887718115481
I292H,0.822212986714656
I292K,0.0195073230827305
I292L,0.371711319360609
I292M,1.03601078559658
I292N,-0.23092626478882
I292P,-1.16666255267038
I292Q,0.777290655202549
I292R,1.16068701935121
I292S,0.384075929593452
I292T,-0.672739445409692
I292V,0.993489383851782
I292W,0.264180741563033
I292Y,1.01371087842682
R293A,-2.40137219541374
R293C,1.20849804922523
R293D,-2.30463818016836
R293E,-0.670300793072619
R293F,-1.00980906515685
R293G,0.749564912479816
R293H,0.673952312866496
R293I,0.695709751178056
R293K,-0.489081584193187
R293L,-0.656132763652754
R293M,0.178443337706478
R293N,-0.0384165029891237
R293P,1.39580495321604
R293Q,0.00706033119977918
R293S,-0.916204934197508
R293T,-1.93183733036204
R293V,-0.75669615872338
R293W,-0.328786757993383
R293Y,0.214473255294649
Q294A,1.6554710874767
Q294C,-0.801380952454024
Q294D,0.330070101082375
Q294E,0.0710884341100076
Q294F,-0.601988569992735
Q294G,-1.2078064076045
Q294H,-1.39758300028831
Q294I,0.500427744205765
Q294K,1.13419647338386
Q294L,-1.23987314780618
Q294M,-0.338368801656237
Q294N,-0.621259623637674
Q294P,0.0135013557434014
Q294R,1.98884732209568
Q294S,0.514141056096299
Q294T,-0.756164797027438
Q294V,0.404968959491827
Q294W,0.195711647407931
Q294Y,0.637373810631563
G295A,0.388765926596549
G295C,1.0620797773801
G295D,0.54967233282874
G295E,-1.58669843368382
G295F,-0.431269810970547
G295H,2.01461442402587
G295I,2.70189594719461
G295K,2.12491553788866
G295L,-0.521940030343476
G295M,1.59985858587625
G295N,4.71549101810717
G295P,3.05842990449704
G295Q,1.30290405270234
G295R,1.98058055656119
G295S,0.981849174684677
G295T,0.973234205362354
G295V,2.81942290656049
G295W,1.10863200558118
G295Y,2.2387864028797
T296A,-0.350510475705357
T296C,4.2697312710092
T296D,-0.764945382344589
T296E,-0.261551839271363
T296F,-1.25287024025939
T296G,-0.37052461951231
T296H,3.72554354872109
T296I,2.33514634243363
T296K,-0.460196059731829
T296L,2.52902458860323
T296M,0.55641632901954
T296N,1.61574662257133
T296P,0.793138739685258
T296Q,1.29760958342192
T296R,1.05436532793995
T296S,1.50348062671505
T296V,3.54208217945796
T296W,0.813350304467008
T296Y,0.854711159762724
D297A,0.179483039551727
D297C,1.5776103665909
D297E,-0.832529165291115
D297F,2.69542167177846
D297G,2.25518160210412
D297H,0.671863813588353
D297I,-1.03460164435725
D297K,0.400362986722571
D297L,1.22935060557021
D297M,0.604582317276121
D297N,1.7943528566741
D297P,-1.54122847303435
D297Q,-0.52226786283351
D297R,2.92447266508713
D297S,0.196462972107502
D297T,0.851522343963531
D297V,1.67452827010476
D297W,4.01156880546956
D297Y,3.69708280810668
Y298A,-1.65672790868821
Y298C,-0.952022083995598
Y298D,0.331940797711006
Y298E,0.821593065459758
Y298F,2.10949854949552
Y298G,-0.415467017231029
Y298H,1.12990873394373
Y298I,1.77505200803647
Y298K,2.81843673667709
Y298L,1.41494784538636
Y298M,1.19371287054856
Y298N,2.38536610335401
Y298P,0.0572271615487015
Y298Q,2.79866597014265
Y298R,1.87738011877426
Y298S,2.29531641237741
Y298T,1.3272650886352
Y298V,2.35335126146359
Y298W,1.14054392326412
K299A,-0.709234989611091
K299C,3.23123211476028
K299D,-0.968725555750704
K299E,-1.35255026643023
K299F,-0.327034156942023
K299G,-0.200531523069902
K299H,-0.74316050073501
K299I,-0.799001738360681
K299L,-0.407043419313462
K299M,0.0782451100403816
K299N,-0.563770141765183
K299P,0.0932369804546453
K299Q,-0.09339628710297
K299R,1.94784068501763
K299S,-0.118701822991585
K299T,0.193093949259765
K299V,1.52892674929221
K299W,2.03923852205875
K299Y,1.87034897836651
H300A,0.28909860616217
H300C,-0.432586081083432
H300D,-1.98949195775645
H300E,-1.36939718744478
H300F,0.647223230817884
H300G,1.27882396308091
H300I,3.05801333899674
H300K,0.331793145410309
H300L,-1.15676594925008
H300M,1.19197511825578
H300N,0.979985149090103
H300P,1.74288941705285
H300Q,0.334301619583723
H300R,0.952295630171459
H300S,0.215006305631281
H300T,1.45819854295438
H300V,1.06102677180833
H300W,0.389206387124225
H300Y,-1.13197347420088
W301A,0.0430365347231364
W301C,0.398678765499451
W301D,1.97500268907003
W301E,3.36287796094378
W301F,0.682406040190927
W301G,1.24934977370672
W301H,1.4733999086745
W301I,0.773722514437714
W301K,-0.737147635537041
W301L,1.44674111230147
W301M,-0.475941636366681
W301N,-1.54862145723725
W301P,-0.204141302914446
W301Q,0.343115421197778
W301R,2.72748560801404
W301S,0.708979166347546
W301T,1.77353631538748
W301V,0.0453587893618807
W301Y,0.1351647552858
P302A,-0.0773980529544338
P302C,-0.991029254191183
P302D,-0.758428426217693
P302E,-0.878906230231491
P302F,1.16720767959205
P302G,1.60910986500798
P302H,-0.495924010438041
P302I,1.37168458302537
P302K,-0.499579890857335
P302L,-0.199195066478137
P302M,0.0898327255009737
P302N,0.303291208793358
P302Q,0.673341309916783
P302R,-0.206797361037368
P302S,1.13629735388315
P302T,0.330561110358307
P302V,0.246153256768547
P302W,0.784511179200245
P302Y,0.0742476513821955
Q303A,0.214931537118799
Q303C,0.184550306360517
Q303D,0.302268269932777
Q303E,-0.374768956095421
Q303F,0.894841569509204
Q303G,1.36142403050672
Q303H,2.58301761953136
Q303I,0.222531374903881
Q303K,-0.307520575724325
Q303L,-0.595235655038262
Q303M,-0.406105390584067
Q303N,0.305675305271375
Q303P,5.10423904819488
Q303R,0.793901044408234
Q303S,0.179359817760204
Q303T,-0.495537046135086
Q303V,1.04235876962721
Q303W,1.06175271040194
Q303Y,1.75415004897425
I304A,2.77345737870873
I304C,-0.06117772135187
I304D,2.85768712144741
I304E,10.8707754098012
I304F,2.78326401666155
I304G,0.460235406959803
I304H,-0.386845111418013
I304K,-2.704323554169
I304L,-0.813177643805978
I304M,2.67475659707152
I304N,1.163631664491
I304P,3.19381886639298
I304Q,1.73750673276926
I304R,6.96335601318888
I304S,0.712516919724447
I304T,-1.42984546589823
I304V,1.37185858755578
I304W,-0.116632850100838
I304Y,2.5519228081881
A305C,4.09171840656467
A305D,1.17907901261323
A305E,-0.642979298590461
A305F,10.8707754098012
A305G,-1.11062395695078
A305H,7.24104034523217
A305I,2.55186106651823
A305K,0.13240532346498
A305L,6.04077845511364
A305M,2.8557637782334
A305N,3.12449334448982
A305P,-0.0553514860390769
A305Q,1.21317266652948
A305R,-0.0371052336708289
A305S,0.489139455243845
A305T,6.30460637645832
A305V,3.69663266343148
A305W,10.5644071598924
A305Y,7.01778440028353
Q306A,-0.572549888871706
Q306C,-0.67993691118938
Q306D,-0.141875992380916
Q306E,-0.125666567311789
Q306F,-0.481609335538829
Q306G,1.65396614509081
Q306H,-1.24440925629807
Q306I,0.728582566419439
Q306K,-1.98770997261664
Q306L,0.0706237270230619
Q306M,1.20830523366545
Q306N,0.871308200556743
Q306P,3.54825270019991
Q306R,-1.02453824581436
Q306S,0.802174933607419
Q306T,0.0720058177621598
Q306V,0.572252360165022
Q306W,-0.745773116046795
Q306Y,0.413020243458199
F307A,2.21118812695046
F307C,2.68718373162265
F307D,0.585978863009219
F307E,4.98242779730631
F307G,0.313674885368398
F307H,0.699574857415479
F307I,0.340075760971163
F307K,0.887394646177632
F307L,-0.526426005253102
F307M,0.72924325297414
F307N,1.91091818215863
F307P,0.0839803150403318
F307Q,-1.36814066291788
F307R,1.00174430190326
F307S,3.57316128961695
F307T,2.42655429706526
F307V,0.803036969247052
F307W,1.47095618651996
F307Y,0.995592211211007
A308C,5.14752197750822
A308D,1.8698039930617
A308E,4.05076216893023
A308F,-0.218155251909516
A308G,-0.362279879716918
A308H,5.33511673680443
A308I,0.644073247463978
A308K,2.15040746719148
A308L,-0.0614251530675237
A308M,1.4822610227996
A308N,0.650989768874572
A308P,0.704408899386234
A308Q,1.84590905484602
A308R,-2.43421258357946
A308S,2.84791843544812
A308T,-0.341447764921025
A308V,1.6150130122214
A308W,0.390359902368844
A308Y,1.99480184721584
P309A,0.0922970405439288
P309C,3.68389154526198
P309D,2.35871190412688
P309E,-0.234222633965573
P309F,1.54347750610338
P309G,2.24110171785059
P309H,0.0146447567701693
P309I,0.717370612132157
P309K,2.24244258923069
P309L,3.69258160991796
P309M,2.85333903618145
P309N,-0.255287638652077
P309Q,4.99048242722
P309R,1.58277869309086
P309S,-2.54725379976956
P309T,2.10430584163056
P309V,4.09920205882374
P309W,-0.730008596940768
P309Y,0.661701848219032
S310A,1.27919721189194
S310C,10.8707754098012
S310D,-0.474113386820404
S310E,0.522032681322752
S310F,-3.84211305920845
S310G,3.0982073384684
S310H,4.31921599223822
S310I,7.14681316994071
S310K,2.1021671579969
S310L,1.94186889757043
S310M,1.61226987452761
S310N,2.66379987193216
S310P,1.36349204465292
S310Q,2.07660685420486
S310R,-0.300780117298
S310T,-1.038922682401
S310V,0.167993849199453
S310W,0.480495330122672
S310Y,0.467038042173949
A311C,1.90939104920024
A311D,-1.3137812101088
A311E,-0.373818776137274
A311F,6.63570651018409
A311G,1.65460153139379
A311H,-0.599963299287436
A311I,10.8707754098012
A311K,2.46623226233929
A311L,10.8707754098012
A311M,5.22751648077719
A311N,0.63408221142495
A311P,0.160578368919107
A311Q,0.07676756821087
A311R,5.88919849518616
A311S,-1.26691297603053
A311T,2.70643700427913
A311V,7.5933385981097
A311W,-0.135793200108851
A311Y,1.07978797143791
S312A,1.20144842570538
S312C,4.70058242267536
S312D,-0.267394479318342
S312E,0.19418431954154
S312F,8.21757717321862
S312G,1.85002750139316
S312H,0.406427452045741
S312I,2.60680502152874
S312K,-1.89494327300874
S312L,1.84072146634586
S312M,5.25396486109423
S312N,-1.59533273244195
S312P,0.828938041847621
S312Q,0.0302448281828801
S312R,1.24613281343115
S312T,1.92412555823729
S312V,0.324440665384341
S312W,1.20309489991801
S312Y,0.979783667214059
A313C,0.398689790082882
A313D,2.26667490168383
A313E,-0.687750562875339
A313F,1.38342259734862
A313G,1.08301805969304
A313H,3.17314008104518
A313I,4.23815998063001
A313K,2.12575312455689
A313L,3.21174641371067
A313M,2.64395798617091
A313N,0.382456830987821
A313P,1.82780146270237
A313Q,-1.27433579325514
A313R,-0.114419477824985
A313S,6.01953823317711
A313T,0.459088657462994
A313V,-0.112760064094034
A313W,0.997454029796107
A313Y,-1.2690771989954
F314A,2.84508922295213
F314C,2.87857583725195
F314D,0.526406253256849
F314E,1.34506792147678
F314G,2.49211793638149
F314H,3.95995673981682
F314I,0.85518015124053
F314K,2.42591507215508
F314L,1.86879159903819
F314M,0.0864675106734274
F314N,1.01517255153917
F314P,0.221385315898555
F314Q,-1.17215261687359
F314R,-2.01124386304922
F314S,5.1834266145681
F314T,2.00409299553365
F314V,2.38973473997879
F314W,2.44664747375256
F314Y,2.60658044366952
F315A,1.37137963432424
F315C,0.480929734158169
F315D,0.0102276011060095
F315E,1.36290925742068
F315G,-0.407448807111075
F315H,2.87013850340415
F315I,0.327077548323306
F315K,-1.13390114542615
F315L,0.851067220769136
F315M,6.88120334669795
F315N,1.12512810734315
F315P,0.822224248108061
F315Q,1.42175607557865
F315R,-1.68428795956404
F315S,4.09278791299378
F315T,1.02029051726715
F315V,0.493079847974618
F315W,2.61076651931265
F315Y,3.67962559472578
G316A,2.54820824348589
G316C,5.94612822791513
G316D,2.52103882833872
G316E,1.20059856282769
G316F,-0.871084644652489
G316H,2.17434911140062
G316I,1.70927698596153
G316K,0.872810109958056
G316L,6.98159115022104
G316M,10.222128166134
G316N,0.310464919975807
G316P,1.60257202167741
G316Q,4.22628717043716
G316R,1.25983852747637
G316S,0.145791808067331
G316T,3.66257070973467
G316V,0.894776051900074
G316W,2.40923366545339
G316Y,0.0796725793807841
M317A,-0.364492154148187
M317C,10.8707754098012
M317D,0.631823872998175
M317E,4.36745481135063
M317F,5.82364581063616
M317G,-0.441185107038522
M317H,1.157664635029
M317I,-0.647411853730248
M317K,2.19796430338704
M317L,-0.92139595461885
M317N,-0.282430959046903
M317P,0.527602746795453
M317Q,-0.622046469019376
M317R,2.84366666855259
M317S,0.386875128341773
M317T,-0.443077014113029
M317V,1.22885799285266
M317W,1.48810326564088
M317Y,1.02366430759521
S318A,6.34223405796359
S318C,2.85341427007363
S318D,0.764736313806613
S318E,3.61273487021787
S318F,2.74636500758362
S318G,6.93426357831816
S318H,2.34812231485698
S318I,0.979094883708609
S318K,1.59633898497994
S318L,1.89382651002942
S318M,5.44605882661192
S318N,0.622403419374385
S318P,2.59779869917648
S318Q,5.6183658109909
S318R,0.165152256667039
S318T,6.58320274574813
S318V,3.07023086638119
S318W,2.55834918151347
S318Y,1.51660712956127
R319A,7.58088174903551
R319C,3.56737395736951
R319D,-0.544922121560009
R319E,3.47782257294091
R319F,0.772686275245961
R319G,0.373918863750118
R319H,-1.6975266491027
R319I,6.22711756044457
R319K,-0.790412016852163
R319L,2.13819926503132
R319M,0.864885821990285
R319N,0.95627111015737
R319P,0.230433739045012
R319Q,0.772585156249179
R319S,4.47166282245968
R319T,3.21077719967278
R319V,9.96870795672659
R319W,1.99137870250495
R319Y,-0.452830049133174
I320A,1.20712153368256
I320C,1.12847109216375
I320D,1.68026392961753
I320E,3.99583881656381
I320F,-1.48012852413816
I320G,1.00516333123101
I320K,1.69437584446322
I320L,0.00705638599800446
I320M,-0.0303808037202872
I320N,0.208292482919873
I320P,2.68441857216277
I320Q,-0.10130459014915
I320R,2.01984655151421
I320S,-0.217716730736988
I320T,0.73319291771902
I320V,0.556695771127467
I320W,-2.29051488402572
I320Y,-0.268382774771102
G321A,0.714822044857462
G321C,-0.144842381388622
G321D,1.22723065400109
G321E,0.354058984150077
G321F,-0.828728879306481
G321I,9.40411590476852
G321K,0.842460114156945
G321L,0.958228228542965
G321M,0.679452059938877
G321N,-1.36188875977593
G321R,1.01840829081541
G321S,0.981027395420906
G321T,1.53976967757092
G321V,3.94269341168676
G321W,10.8707754098012
G321Y,0.281879169117483
M322A,1.79982069137747
M322C,3.07031515970796
M322D,-1.78434790255833
M322E,1.59682937645686
M322F,1.41524573711627
M322G,0.961558086862133
M322H,2.03656758383368
M322I,-0.410751776354977
M322K,3.10332127377143
M322L,-2.87688418180935
M322N,3.84361597033196
M322P,-0.122635510443345
M322Q,2.54141872901981
M322R,3.0547574863707
M322S,2.56131712010517
M322T,2.0513829405971
M322V,0.179955946968819
M322W,1.36207541003279
M322Y,10.8707754098012
E323A,4.22741118521955
E323C,10.8707754098012
E323D,0.619847711050091
E323F,10.8707754098012
E323G,6.85585813621191
E323H,3.10733632241287
E323I,4.91081132714255
E323K,10.8707754098012
E323L,2.5140442150578
E323M,2.77552791209758
E323N,10.8707754098012
E323P,3.92057710295617
E323Q,2.57541362231601
E323R,10.8707754098012
E323S,5.32925775790866
E323T,4.17482945592154
E323V,5.4154218457054
E323W,9.35717811114171
E323Y,10.8707754098012
V324A,0.0867684622169191
V324C,1.21616482572576
V324D,-0.164919916646824
V324E,-1.45117878401816
V324F,-0.370710056742926
V324G,-0.277696551655517
V324H,-0.456173109891097
V324I,-1.07710041783443
V324K,4.7105279974001
V324L,1.08010147517413
V324M,1.33583439368273
V324N,-0.173883052724309
V324P,-0.618630870669057
V324Q,1.21355211923621
V324R,1.07113957230243
V324S,-0.229486848545083
V324T,-0.511507691036591
V324W,2.13420053110646
V324Y,-0.666757645288862
T325A,0.800833503776105
T325C,8.27227069130175
T325D,-0.39076610610072
T325E,0.114154193517546
T325F,3.35606935446351
T325G,0.0343856514074403
T325H,1.79265342982765
T325I,1.5775753059853
T325K,10.8707754098012
T325L,-0.405524256478906
T325M,2.3881020320501
T325N,0.227699689273056
T325P,-1.11969555256271
T325Q,0.462792032841346
T325R,10.8707754098012
T325S,0.070960281495984
T325V,1.01833529140802
T325W,3.78625665627537
T325Y,0.513725452471511
P326A,3.75083391377591
P326C,10.8707754098012
P326D,10.8707754098012
P326E,10.8707754098012
P326F,10.8707754098012
P326G,4.35892879067857
P326H,10.8707754098012
P326I,1.39492869077661
P326K,10.8707754098012
P326L,8.79753041095791
P326M,4.42112214404849
P326N,10.8707754098012
P326Q,10.8707754098012
P326R,10.816721002227
P326S,4.45818703385919
P326T,3.32390845152324
P326V,1.48247566875969
P326W,10.8707754098012
P326Y,10.8707754098012
S327A,-0.0231525793478145
S327C,6.50509639690945
S327D,-1.12949669621525
S327E,1.33104145104673
S327F,1.64009494387861
S327G,1.16465411931347
S327H,1.6749491930186
S327I,-0.18869019014726
S327K,10.8707754098012
S327L,1.56230156647509
S327M,-0.380874942964938
S327N,10.8707754098012
S327P,2.61079984247471
S327Q,0.416914004239508
S327R,6.00491019872538
S327T,0.448701063696356
S327V,-0.867307851510216
S327W,3.73352183269807
S327Y,-0.272388187611746
G328A,0.373675812206076
G328C,1.59255746842219
G328D,-0.673538777387376
G328E,-0.487309511178559
G328F,3.90817462575021
G328H,1.437743692546
G328I,10.8707754098012
G328K,2.83360080460186
G328L,2.40841069460576
G328M,2.72246241855882
G328N,-0.591541797759956
G328P,0.170226775961475
G328Q,0.238776541461291
G328R,0.966714255588077
G328S,0.538844328360933
G328T,-0.435571961367826
G328V,4.71419913194375
G328W,2.10270239835832
G328Y,2.27274886335736
T329A,0.127379293503827
T329C,2.01325387889013
T329D,0.247477442526985
T329E,2.96766323373825
T329F,8.72782971156099
T329G,0.926598893626659
T329H,0.990262066348911
T329I,5.98533550401136
T329K,5.5869083552569
T329L,8.02416957803476
T329M,4.46934726616768
T329N,-0.75921108967216
T329P,1.42526983851165
T329Q,0.993041213373601
T329R,1.89784096994885
T329S,1.54242066291784
T329V,3.83564011140973
T329W,3.49418682427298
T329Y,1.72293110569109
W330A,2.05218015851116
W330C,6.76765571458197
W330D,1.98080893822008
W330E,8.90523465132583
W330F,0.247011774134854
W330G,2.26118576059222
W330H,0.355701649859254
W330I,10.8707754098012
W330K,10.8707754098012
W330L,6.10431343649484
W330M,1.45689208684781
W330N,0.241797630861459
W330P,10.8707754098012
W330Q,2.37943382611987
W330R,10.0191726551097
W330S,1.51749517543241
W330T,10.8707754098012
W330V,10.8707754098012
W330Y,-0.836130182736137
L331A,0.664414203281202
L331C,1.57505560068285
L331D,1.53719874988192
L331E,0.796147335606828
L331F,2.5936234754107
L331G,2.40398405954654
L331H,6.59165326557214
L331I,-0.496195538515202
L331K,3.81720519145209
L331M,-0.169952479100045
L331N,0.617088092608261
L331P,-0.835027055924214
L331Q,1.76763984103401
L331R,1.73453031035737
L331S,5.01680726804974
L331T,2.34903944937237
L331V,2.96123279226964
L331W,-0.807291989553552
L331Y,0.581045518274872
T332A,0.999119124089063
T332C,0.326128103529321
T332D,0.0207928206666945
T332E,-1.46255385403345
T332F,10.8707754098012
T332G,-1.11565358921447
T332H,0.539654556575824
T332I,4.68784077540345
T332K,2.49674898868166
T332L,1.14144063876257
T332M,1.82031318934724
T332N,10.8707754098012
T332P,1.1723225827363
T332Q,0.351620764540798
T332R,4.01890775736616
T332S,0.210823866229202
T332V,0.19004882666178
T332W,10.8707754098012
T332Y,10.8707754098012
Y333A,-2.40716105938844
Y333C,0.925601793875711
Y333D,1.61719060901719
Y333E,1.44295091775277
Y333F,10.8707754098012
Y333G,2.23732874120918
Y333H,2.71081204393237
Y333I,0.656291759949342
Y333K,0.576633942857275
Y333L,2.03032505111302
Y333M,0.595920194482627
Y333N,0.551791316467742
Y333P,0.0553703330988308
Y333Q,1.89584665106389
Y333R,0.763533240236623
Y333S,0.634315200082992
Y333T,0.708420121768117
Y333V,1.03345591495744
Y333W,1.11571373866066
T334A,-0.979647513223609
T334C,-0.144227950943773
T334D,-0.427384993195607
T334E,-0.437485635905949
T334F,0.192285150739326
T334G,-0.0262580339477302
T334H,-0.0267928771460262
T334I,1.20329380200562
T334K,1.38542050474396
T334L,0.407579790208376
T334M,0.830818763673695
T334N,0.450068901845444
T334P,1.50260416131662
T334Q,-0.367264138786466
T334R,-2.73152903204705
T334S,-0.615276923213475
T334V,1.26916474763281
T334W,0.942266099037633
T334Y,0.323898174249745
G335A,1.07618669446281
G335C,2.08214483493438
G335D,0.84098745373315
G335E,1.20870995932964
G335F,4.81641212788806
G335H,1.57053948070672
G335I,1.37977050954456
G335K,3.05423970229418
G335L,0.790921228805495
G335M,2.35435042943602
G335N,-0.219665339226905
G335P,1.45764433524782
G335Q,1.24339480780567
G335R,4.4548538653149
G335S,4.39879273159991
G335T,2.25652020364598
G335V,4.41944353092637
G335W,2.43620630992901
G335Y,3.262352775482
A336C,10.8707754098012
A336D,-0.329526412275417
A336E,-1.6747488828337
A336F,-1.14710618828973
A336G,1.19647423699134
A336H,2.03277710143215
A336I,3.6954139943666
A336K,10.8707754098012
A336L,10.8707754098012
A336M,-0.0836408203568152
A336N,2.20714424891679
A336P,1.96626986513096
A336Q,-0.976846552098299
A336R,10.8707754098012
A336S,0.0929233552117732
A336T,-0.320566466601488
A336V,1.49520865342311
A336W,1.67151412288881
A336Y,0.958926361785828
I337A,3.20468940528298
I337C,0.935311528528577
I337D,-1.3685774851814
I337E,0.00644678123174182
I337F,0.737236862868134
I337G,-0.49308579408547
I337H,1.74909045352227
I337K,3.41352605400634
I337L,-0.729298663551213
I337M,1.40945513558643
I337N,1.36648754589975
I337P,-0.560453836900313
I337Q,1.64182153146021
I337R,3.23273560893828
I337S,3.59977759293884
I337T,-0.441351839461935
I337V,0.740738001646879
I337W,2.36338016028531
I337Y,0.750100777669741
K338A,-1.93325876413621
K338C,0.474649430442615
K338D,-2.01695010924793
K338E,-2.83761909619359
K338F,1.05903089648528
K338G,-0.707548352820009
K338H,-0.331150566930997
K338I,-0.49535919780796
K338L,-1.89463645725503
K338M,-1.09834412382727
K338N,0.382997187909609
K338P,-1.68529394633476
K338Q,-0.95053365329882
K338R,-1.32922297629717
K338S,0.358925209782165
K338T,-1.76278369802573
K338V,-0.574640448867738
K338W,-0.0463587960109547
K338Y,-1.42209331025033
L339A,2.93980420547383
L339C,4.10719936909617
L339D,1.70969539982737
L339E,3.12604274434114
L339F,0.146710632566234
L339G,2.18284334450872
L339H,1.10489380625822
L339I,0.43889448490934
L339K,1.56844493119192
L339M,-0.12792803646793
L339N,3.70949405738401
L339P,2.34319977098057
L339Q,0.73407681220141
L339R,3.2833563226952
L339S,2.32709738868789
L339T,0.83666649995214
L339V,1.3881833489259
L339W,1.01383349891918
L339Y,0.970680769623458
D340A,7.6633069390117
D340C,1.61525768766767
D340E,0.792141251082028
D340F,6.09713182288354
D340G,3.18230546657137
D340H,2.99446061137621
D340I,7.61056972598172
D340K,1.6714436576984
D340L,10.8707754098012
D340M,6.7345366400301
D340N,0.879394423182833
D340P,3.46849038139891
D340Q,2.20914871345564
D340R,5.00912300966785
D340S,4.91331069279454
D340T,10.8707754098012
D340V,4.17022311104054
D340W,2.08536307149487
D340Y,10.8707754098012
D341A,1.917216038089
D341C,5.23700504395456
D341E,-1.3729070991556
D341F,10.8707754098012
D341G,4.18569761511478
D341H,1.61261974811184
D341I,5.38516769955952
D341K,10.8707754098012
D341L,10.8707754098012
D341M,1.82534822440317
D341N,3.105783561679
D341Q,0.813370387554041
D341R,7.21459537888173
D341S,1.51041922419181
D341T,1.42066070682819
D341V,3.22654411212378
D341W,10.8707754098012
D341Y,10.8707754098012
K342A,0.0549905679652412
K342C,0.165798670776635
K342D,-0.797118342204582
K342E,1.3050603231777
K342F,1.74655318708561
K342G,-0.916865999732684
K342H,-1.11713568594679
K342I,8.04934459927559
K342L,0.876971711902432
K342M,-0.22973944076111
K342N,-2.68447805519614
K342P,-0.273667448339497
K342Q,0.57182455536222
K342R,-0.675913546878918
K342S,0.45480293973192
K342T,-0.298295768405939
K342V,3.43777868396148
K342W,10.8707754098012
K342Y,0.804564245724376
D343A,1.55025528118133
D343C,3.31321216928299
D343E,0.197289570083672
D343F,0.669696485732508
D343G,1.4217357566725
D343H,-0.901323109551602
D343I,0.459264675715454
D343K,4.9463581060392
D343L,-0.478599123526196
D343M,3.01796752440801
D343N,-0.15355655431559
D343P,-0.281938427266624
D343Q,0.617722906077429
D343R,-1.14169698640007
D343S,-0.660661892089261
D343T,0.458877791168242
D343V,-1.37658269808645
D343W,2.03138263895882
D343Y,-0.15082229848262
P344A,0.531224419653445
P344C,4.69956360464346
P344D,0.967632598158517
P344E,0.283031413050594
P344F,8.73983047975462
P344G,2.70044711510349
P344H,1.01473416998802
P344I,0.90503176819335
P344K,0.565011092393748
P344L,-0.0855132623441197
P344M,1.23900371824625
P344N,2.44876670620072
P344Q,0.762706842676558
P344R,-0.446361726628975
P344S,0.768350657775736
P344T,1.4318624882282
P344V,0.441663504171495
P344W,4.506746850112
P344Y,2.23230198102145
N345A,0.373032337514129
N345C,1.02279413413455
N345D,-0.189032929684192
N345E,0.0988326609655242
N345F,-0.342770759995788
N345G,-1.31348394306623
N345H,1.83208906636347
N345I,2.93369726892542
N345K,-0.13642280849845
N345L,-0.546448808051737
N345M,0.562593348556032
N345P,-0.310811305445302
N345Q,-0.0270580982408709
N345R,0.666884294349987
N345S,0.473928398498862
N345T,-0.0225693780728748
N345V,1.82769961086111
N345W,4.20730957236521
N345Y,-0.282717665758032
F346A,3.63881872859009
F346C,6.91160359725681
F346D,-0.530393927858006
F346E,2.24022367456337
F346G,1.31991995688447
F346H,0.00973152257819388
F346I,-0.346396577804807
F346K,4.96624221836276
F346L,0.743325772060945
F346M,0.21434392524098
F346N,7.56832508293877
F346P,-1.04422401139143
F346Q,2.95686953666495
F346R,2.34057086455032
F346S,3.35820250228728
F346T,4.55260472287625
F346V,2.29143544170662
F346W,2.28045335937202
F346Y,1.4999590498092
K347A,-2.47416043686439
K347C,-0.419176632587573
K347D,-0.518012319437547
K347E,-0.0826938184546111
K347F,0.306221904380386
K347G,-0.560570010901192
K347H,-0.0403832333162065
K347I,1.36445419299594
K347L,2.50169829295939
K347M,1.14842616941238
K347N,0.0111823438293241
K347P,-0.898156668008133
K347Q,-1.63580308777853
K347R,-0.910207601818322
K347S,1.22862787481776
K347T,-1.74444781730348
K347V,0.286655077174716
K347W,2.47901502256056
K347Y,0.932901997556072
D348A,0.413897831683758
D348C,4.85955345853321
D348E,-0.317950216837093
D348F,2.25290088666865
D348G,0.715005871347125
D348H,2.06897454854987
D348I,10.4441011054385
D348K,-1.4240369432849
D348L,1.87506114050471
D348M,2.96287721347346
D348N,-0.370301680140478
D348P,3.5606580664779
D348Q,1.73129161240921
D348R,2.10678141913951
D348S,1.71846504106781
D348T,0.489432892424631
D348V,5.56639638071844
D348W,1.25295559999253
D348Y,0.244236357112411
Q349A,0.580483326293645
Q349C,-0.0673424790810188
Q349D,0.269061027918777
Q349E,0.757227822248399
Q349F,0.212257826316677
Q349G,1.59409792036006
Q349H,-0.434406253044002
Q349I,-1.26457060696706
Q349K,-0.0763074301797335
Q349L,-0.070290953869804
Q349M,-0.378720274703081
Q349N,0.17103421462852
Q349P,1.30941243237107
Q349R,5.51494163168295
Q349S,-0.364391131957921
Q349T,-0.409904619795148
Q349V,-0.38006263768491
Q349W,-0.602202902365358
Q349Y,-0.874445791849937
V350A,1.99623456557551
V350C,3.84289897722761
V350D,1.33708511708385
V350E,2.49306003845702
V350F,0.233462817322235
V350G,1.78836659798573
V350H,2.54597317622692
V350I,-1.31326227885234
V350K,2.23441090431751
V350L,-0.0891571878045072
V350M,0.337343938067918
V350N,4.29996680492899
V350P,-0.315580304666252
V350Q,0.519776390140423
V350R,4.02711802327922
V350S,5.13112298394118
V350T,1.28445399763755
V350W,4.2296036564414
V350Y,0.570656616355481
I351A,-0.251202858744276
I351C,3.8491676428867
I351D,-1.06662390718834
I351E,-0.739167758140686
I351F,-0.840902693506838
I351G,0.668447141129508
I351H,0.939897832244864
I351K,0.240096797195951
I351L,0.395004417615538
I351M,-0.383138671508991
I351N,-0.904412547675301
I351P,3.05947946727966
I351Q,-0.24818800296823
I351R,0.324912166285841
I351S,-1.16575691066645
I351T,-0.0478670052525232
I351V,0.379194739426018
I351W,0.0763114585048497
I351Y,0.834905866208771
L352A,2.60676084174692
L352C,4.04936857215875
L352D,0.496970028183675
L352E,1.24305267313573
L352F,3.61932427160965
L352G,0.573378303564324
L352H,4.90301771746257
L352I,1.55279521972085
L352K,-1.2127176741355
L352M,0.305024965789575
L352N,1.74924896254985
L352P,0.0489556492336571
L352Q,2.6650716237133
L352R,1.67056383210395
L352S,0.34131314074865
L352T,1.70958389789799
L352V,2.34390711936593
L352W,3.08109593935139
L352Y,3.16521263259349
L353A,3.48919178932296
L353C,4.38439445275413
L353D,1.08855696819234
L353E,0.318640017925969
L353F,0.580928571023512
L353G,1.67030715201951
L353H,-1.05007030590992
L353I,1.93034421911882
L353K,2.64280041005783
L353M,-1.33140830918248
L353N,0.758599480948305
L353P,0.425662046872671
L353Q,0.0160258317117272
L353R,1.64094131327756
L353S,0.887456777910835
L353T,-0.599369462761515
L353V,4.48488274928063
L353W,1.63087868514806
L353Y,1.04808055378856
N354A,-0.908937047311882
N354C,1.12515664859866
N354D,-0.742563503164836
N354E,0.418782182339021
N354F,10.8707754098012
N354G,0.983716681398012
N354H,1.62102165414672
N354I,8.75014373924452
N354K,0.195982140020586
N354L,3.4508132129866
N354M,0.844631583632878
N354P,1.80771296095797
N354Q,-0.602372901259016
N354R,0.408471956718727
N354S,1.22331602427097
N354T,-0.674929740660103
N354V,2.47633284082017
N354W,10.8707754098012
N354Y,3.86088429050502
K355A,1.15993760583498
K355C,1.32362522488607
K355D,2.2245268593275
K355E,0.095648011642978
K355F,3.51981504624582
K355G,2.45648285406766
K355H,0.401404787064543
K355I,10.8707754098012
K355L,2.52311933150207
K355M,-0.0605102081555616
K355N,0.451833012300146
K355P,-0.300780117298
K355Q,-1.67769226664585
K355R,1.82576672810206
K355S,-0.585941641935339
K355T,1.55742806076774
K355V,10.8707754098012
K355W,8.54174679587746
K355Y,10.8707754098012
H356A,0.453781314049902
H356C,10.8707754098012
H356D,2.57394213413741
H356E,0.497520122078301
H356F,5.64670364695079
H356G,0.986788959356158
H356I,9.75931999359264
H356K,-1.30065382520162
H356L,5.34975696525969
H356M,4.26775412663293
H356N,4.47683557361738
H356P,-0.0569892315346444
H356Q,1.83938897673981
H356R,1.0696254116448
H356S,0.172063892584159
H356T,-2.13556410440774
H356V,4.45949185370558
H356W,2.21947660345766
H356Y,-0.764945382344589
I357A,1.72423166021112
I357C,3.07171757932943
I357D,-1.80407136830565
I357E,-0.194978820944084
I357F,0.594897526712097
I357G,-0.579828161445265
I357H,0.464743425288463
I357K,-0.306529996679564
I357L,-0.409019189998375
I357M,1.80296825274383
I357N,1.65214264209049
I357P,1.52109044332682
I357Q,-0.0748309096625761
I357R,-0.262885137319538
I357S,-1.58623873972465
I357T,6.38367146607927
I357V,1.63198289756018
I357W,0.688234366428291
I357Y,1.2817621247647
D358A,6.89718301787372
D358C,-0.4493713300399
D358E,2.51123221628435
D358F,1.08666607293733
D358G,1.9686321416757
D358H,0.0396077545370878
D358I,-0.0613435268012252
D358K,7.6967078979748
D358L,0.858584246215554
D358M,2.8056677776132
D358N,0.791994523929564
D358P,-1.46203803910226
D358Q,2.96494682233258
D358R,3.19751188838878
D358S,-0.573131032783082
D358T,0.184756639442156
D358V,-1.86425332768287
D358W,2.66381468968602
D358Y,-0.455734154789824
A359C,3.7115253606823
A359D,0.924635766092213
A359E,-0.207306499181494
A359F,1.60746812982331
A359G,1.25915821547313
A359H,1.2996330222524
A359I,0.386053531890473
A359K,2.24856697357366
A359L,3.2050495819513
A359M,-2.59189940513464
A359N,5.50499599760537
A359P,4.36429314774573
A359Q,2.22547967291672
A359R,0.782011739481195
A359S,1.66103959269994
A359T,5.5689798655594
A359V,0.519281371510694
A359W,0.592093511049246
A359Y,1.53325715725454
Y360A,-0.237724400081652
Y360C,6.46222585580865
Y360D,-0.613476494347616
Y360E,-0.730008596940768
Y360F,-2.43298474743169
Y360G,1.00409812325328
Y360H,3.05995673017637
Y360I,1.50743352076196
Y360K,2.10208025726772
Y360L,2.43122090289099
Y360M,2.30481703154477
Y360N,2.99430293773386
Y360P,3.59220024995025
Y360Q,3.20948845467321
Y360R,2.51525819539456
Y360S,1.31018074059785
Y360T,-0.409019189998375
Y360V,3.80851967136891
Y360W,-0.0680658559416225
K361A,-0.880537763171456
K361C,1.48344370372573
K361D,0.40919007530611
K361E,-0.259237945934845
K361F,4.90665199349123
K361G,1.91665522521027
K361H,1.60823242336708
K361I,-0.246943845856174
K361L,-0.00706480865595787
K361M,-0.999852844894468
K361N,0.990915616294874
K361P,0.794972014698988
K361Q,-0.774182521030891
K361R,-0.222466434118353
K361S,1.09707717717734
K361T,-1.38866023278617
K361V,1.12933760728931
K361W,2.72922666988488
K361Y,5.66110445867527
T362A,-0.50272778275735
T362C,0.191365960439646
T362D,1.23927943676796
T362E,-0.941869543948741
T362F,0.421073736488277
T362G,-0.44721328427871
T362H,-0.536984969059183
T362I,2.8708668874979
T362K,0.504521620491299
T362L,-0.901704170509
T362M,2.07062324838117
T362N,-0.400972435532409
T362P,-0.480995410667056
T362Q,-0.81977602883408
T362R,-1.26484083603542
T362S,-0.0425205763240831
T362V,0.664738566718827
T362W,0.730835190206922
T362Y,0.844608448771393
F363A,-1.00365880156438
F363C,-0.0268884387555121
F363D,-0.6554222780189
F363E,-1.19360316454732
F363G,-1.20707218465161
F363H,-0.448488564808398
F363I,2.5115764480623
F363K,0.771083287008085
F363L,-0.220593201338356
F363M,-0.432764121739054
F363N,-1.41118932128236
F363P,-0.622083640476252
F363Q,-0.0741910329339103
F363R,-1.03728973396178
F363S,-0.0458965409790888
F363T,-1.14229391371962
F363V,-0.291533991379301
F363W,-0.0839011016724472
F363Y,-0.162300664676559
P364A,1.02073263368404
P364C,-0.248139751590472
P364D,1.26951472478618
P364E,-1.831672403587
P364F,0.0902784854952809
P364G,1.5613074406594
P364H,0.395246994390209
P364I,0.468942265060541
P364K,0.584116336320188
P364L,-0.810615484955351
P364M,-0.692051414520497
P364N,-0.854818828748164
P364Q,0.720714641877955
P364R,0.987495514073838
P364S,0.0425401265093943
P364T,0.29066691803053
P364V,-0.301379115798727
P364W,3.098944176335
P364Y,-0.485823159208603
P365A,-0.382887222661123
P365C,2.58741051923817
P365D,-0.772038362307991
P365E,-0.179412669161918
P365F,-0.845741683177647
P365G,-1.10302238015914
P365H,0.56906467628509
P365I,-0.689740709496728
P365K,0.398583068048636
P365L,-1.35772641328194
P365M,-0.4276533933353
P365N,0.579170967617361
P365Q,-0.65990720153831
P365R,1.69370550465252
P365S,1.40711590183708
P365T,-1.49374891889258
P365V,0.344765785707721
P365W,0.32925900345113
P365Y,1.05236905263588
T366A,0.291114911211296
T366C,-0.43032151770057
T366D,-0.933999608094878
T366E,2.03429672075056
T366F,1.39828479055318
T366G,0.272279828464622
T366H,-0.298681928433115
T366I,-1.78098501364838
T366K,2.409739943461
T366L,-0.254499911330828
T366M,-1.55012857481226
T366N,-0.730395758355342
T366P,0.0148631511657535
T366Q,-0.153808481106611
T366R,2.1800679649604
T366S,0.016710301874424
T366V,-2.20978915099073
T366W,1.02933517000083
T366Y,-0.776400238970863
E367A,-2.1928744866911
E367C,3.92401865418844
E367D,-0.129745853517871
E367F,1.50479639979269
E367G,1.4942503253337
E367I,-0.0221867089658372
E367K,1.52879518193074
E367M,0.906198591898023
E367N,1.36487743866264
E367Q,-2.71829340126271
E367R,2.18160911076395
E367S,-0.474038013011299
E367T,-2.40219443675468
E367V,0.522837544842087
E367W,0.779954129445213
E367Y,1.48089200489945
P368A,-0.637283444425234
P368C,0.680301239585585
P368D,0.820081981699824
P368E,-1.17237286713822
P368F,2.20690888918283
P368G,-0.272067776446023
P368H,0.298846734903282
P368K,0.842043011437686
P368L,-1.66924873660877
P368M,-2.0549275550028
P368N,-1.29536985628536
P368Q,-0.00323998878973289
P368R,0.985456690464758
P368S,0.138109540503009
P368T,0.374771766321008
P368V,-0.467388848075729
P368W,-0.0150526732808473
P368Y,2.56853160846129
K369A,-0.804273071923648
K369C,-1.98962983009043
K369D,1.26168134278524
K369E,0.308982314467022
K369F,-1.27721270070143
K369G,-1.28784589221022
K369H,-0.906482283044416
K369I,-0.421260726284698
K369L,-0.130618439968159
K369M,-0.702341141867618
K369N,-0.379326170079681
K369P,-0.585288883488575
K369Q,-1.03629021630369
K369R,0.757374289088536
K369S,-1.30420652203584
K369T,-0.750932941840428
K369W,-0.945085679709112
K369Y,1.30873927396291
K370A,-1.21983238729856
K370C,0.794616541794117
K370D,-1.1581867426205
K370E,-2.02817351491348
K370F,-0.526921316000974
K370G,-2.48788414014723
K370H,-0.748216841131569
K370I,-0.86450247736949
K370L,-1.30660568216646
K370M,-0.505564446445721
K370N,-1.12576118264127
K370P,-0.583235566744321
K370Q,0.298140604541772
K370R,0.701610311180711
K370S,-0.862796726112052
K370T,-1.21185548699496
K370V,-1.74238161887476
K370W,-1.54316538242655
K370Y,-0.676222881957419
D371A,2.54589297563664
D371C,-0.0350751902448354
D371E,0.123186929431774
D371F,1.80946807542031
D371G,2.74359853886221
D371H,0.379552575727145
D371I,-0.994027589583644
D371K,3.29767712298033
D371L,0.503396796505407
D371M,0.671931053661851
D371N,0.926302199451812
D371P,-0.89366962598637
D371Q,0.307514639720197
D371R,3.30997932541679
D371S,0.7582423947917
D371T,1.73732206126365
D371V,1.78095644005798
D371W,-0.383054802063354
D371Y,0.387453588283266
K372A,-1.14717621496429
K372C,-0.931932112181904
K372D,-0.301882118409949
K372E,-1.09299578650389
K372F,-1.94420055789509
K372G,-0.988803731967685
K372H,-0.534787383934967
K372I,2.1750021699027
K372L,-0.136797534216595
K372M,-0.49186478300373
K372N,2.3226684488837
K372P,-0.688046995368139
K372Q,-1.17644942215405
K372R,0.710558604097206
K372S,0.46259288974761
K372T,-1.01012896646372
K372V,0.481783991988248
K372W,-0.203876429150667
K372Y,0.496128825209312
K373A,-0.0681642553390598
K373C,1.81018736794621
K373D,-1.09730379458653
K373E,0.274330580595165
K373F,-1.320509843493
K373G,-2.11137914256279
K373H,-1.02314641438716
K373I,-0.682867006857649
K373L,0.76814079282759
K373M,1.98250031423157
K373N,-1.48576081380954
K373P,-1.68626148442519
K373Q,0.195247323597269
K373R,-0.453871008106616
K373S,-0.282342362703046
K373T,-0.113631823212311
K373V,-1.21924053043627
K373W,2.56495675113948
K373Y,0.103937786770124
K374A,-0.422251042036998
K374C,0.37144461439352
K374D,-1.46769156514136
K374E,-1.06554178642711
K374F,0.294089575434531
K374G,-2.08505365403862
K374H,-0.380340126720518
K374I,-1.84401937744466
K374L,2.69456532233491
K374M,0.632007858064533
K374N,-1.76077187948013
K374P,-2.45591460854961
K374Q,-1.21670399832019
K374R,-0.92717198344418
K374S,-0.218905527986404
K374T,1.53458646999552
K374V,0.0041737851912616
K374W,0.862509815021633
K374Y,-0.708003721256162
K375A,-2.58908529715472
K375C,1.96366238042015
K375D,-1.49372361686394
K375E,0.626493669076451
K375F,-0.932847126001014
K375G,-0.710674664807836
K375H,0.512767559530569
K375I,-0.58171565257265
K375L,-0.119408998505097
K375M,-1.37409298277182
K375N,-0.570015991706609
K375P,-0.311735779413762
K375Q,-0.438589225622328
K375R,0.132355235207981
K375S,-1.36817420797197
K375T,0.187936394426726
K375V,-0.43049081921951
K375W,-1.06887607148982
K375Y,-1.74718485894503
A376C,2.33149987528661
A376D,0.365908773405153
A376E,1.34435063516467
A376F,1.36407875592922
A376G,-1.07737208246613
A376H,1.05104795481528
A376I,-0.542464794767861
A376K,1.01056259413435
A376L,-0.526337007921453
A376M,0.487083510124386
A376N,-0.618116722835045
A376P,0.212067402948455
A376Q,-1.43143341106887
A376R,0.314936431179099
A376S,0.43138669737907
A376T,-0.434263940834059
A376V,0.944314315324515
A376W,-0.860499872637114
A376Y,-0.613591966143082
D377A,1.01985748612734
D377C,1.84417404738987
D377E,-0.363614924400548
D377F,0.215246283695273
D377G,0.464482610933217
D377H,0.32115142555627
D377I,0.105298941413753
D377K,1.90538477354523
D377L,1.83407674517582
D377M,-0.541819384844976
D377N,-0.858723104733794
D377P,0.132984016824854
D377Q,-0.281768477249448
D377R,2.34863119406592
D377S,-0.342430255130611
D377T,2.58360230369936
D377V,0.624610067285028
D377W,-0.495552679049696
D377Y,-1.11811717888669
E378A,0.533071989845703
E378C,1.67013607491663
E378D,-0.814602268554933
E378F,1.20095578740304
E378G,-0.0583880882383937
E378H,4.31987859312613
E378I,-0.801319717715911
E378K,1.19322966252279
E378L,0.517611825990735
E378M,-0.434930059191279
E378N,-0.694614320865624
E378P,-1.41089754876578
E378Q,-0.441469975576571
E378R,2.31868248936596
E378S,3.33329433431098
E378T,0.084334870822855
E378V,-0.386170769752855
E378W,0.318986643620495
E378Y,0.535186725780496
T379A,-1.30813155646938
T379C,1.93692473224851
T379D,0.779662242041916
T379E,-0.667965334774705
T379F,-0.783302285483619
T379G,-0.21997235954547
T379H,0.832267142141624
T379I,-0.377993946294802
T379K,1.42277977704835
T379L,1.39092454401742
T379M,-1.17672211716291
T379N,0.495145098247723
T379P,0.6903018235776
T379Q,-0.647360369693385
T379R,1.72092592451993
T379S,-0.216749233585971
T379V,-0.842999830567494
T379W,-0.00315197720501549
T379Y,1.57295780895917
Q380A,-0.23768343578768
Q380C,4.10672994601009
Q380D,0.257978089663345
Q380E,0.314880149896497
Q380F,1.88487612776394
Q380G,-0.0735714631746855
Q380H,2.76512334929219
Q380I,-1.16654767082614
Q380K,1.24956520097127
Q380L,-0.261068889244065
Q380M,0.621020484422373
Q380N,0.127284664467367
Q380P,1.00532905749009
Q380R,-0.95819332612566
Q380S,-0.197188453031827
Q380T,-1.72742535822672
Q380V,0.499166072279151
Q380W,3.06201262898889
Q380Y,0.327811823244931
A381C,2.32127045258204
A381D,0.737490113611368
A381E,0.880606428008687
A381F,-0.659326962408009
A381G,0.576724908425047
A381H,1.16170955020444
A381I,1.49777267089403
A381K,4.38276997459936
A381L,0.0959294606760071
A381M,1.30969942791583
A381N,1.65699513985777
A381P,-0.801508777635072
A381Q,-0.340909321787215
A381R,2.95838694562899
A381S,0.637096264345088
A381T,0.261713059456051
A381V,-0.0314732684096778
A381W,1.97069042631073
A381Y,0.208284097315117
L382A,-1.13392441920888
L382C,0.264460304800531
L382D,2.97240048783071
L382E,0.370964232687981
L382F,-0.244616905793057
L382G,1.84073802259984
L382H,0.557610261376703
L382I,2.24448477918606
L382K,0.867469565449548
L382M,-0.625302201194489
L382N,1.62873039544243
L382P,0.306230640724024
L382Q,2.16423261390591
L382R,0.800150956878825
L382S,0.880090150088079
L382T,0.962075936815088
L382V,-1.41046087820723
L382W,1.54118002450222
L382Y,1.6908003991889
P383A,-0.661052024342992
P383C,4.86094473164691
P383D,-1.00051190520009
P383E,-0.396362809741994
P383F,1.35090630367583
P383G,-2.0886994891298
P383H,0.529301298324413
P383I,-0.0733394304082941
P383K,1.4469155556413
P383L,-0.586536048067972
P383M,-0.787252700784267
P383N,1.79342582977337
P383Q,0.588279012007921
P383R,2.08528820862937
P383S,-0.0398728191066226
P383T,-0.177441342046619
P383V,2.34118063328256
P383W,3.35367636929365
P383Y,-0.733967423605339
Q384A,0.247276545915204
Q384C,4.57533396576562
Q384D,1.40102793541482
Q384E,0.0442134621599107
Q384F,-2.30309619009438
Q384G,1.95645558385884
Q384H,0.33003984512579
Q384I,-0.080402071687757
Q384K,-0.109531523668446
Q384L,-1.82200228954687
Q384M,-2.8574373067484
Q384N,0.412547470751938
Q384P,2.28553864971381
Q384R,0.910289853792522
Q384S,1.87326162789846
Q384T,0.0464717810828099
Q384V,-0.458092935560047
Q384W,-1.03418445752032
Q384Y,-1.42854128054114
R385A,-0.092102874481817
R385C,0.610430281680791
R385D,0.787147102814746
R385E,-0.249382572166631
R385F,-0.469330677987663
R385G,0.113972728680108
R385H,0.486164444442188
R385I,-0.91377896130123
R385K,0.353722515457144
R385L,-1.19514090764727
R385M,-0.683209393573747
R385N,-1.46193598482955
R385P,0.458617945059184
R385Q,-1.51464806173973
R385S,0.656578120897927
R385T,-0.970196448677616
R385V,1.70680190333347
R385W,-0.371577138478599
R385Y,-0.766102769628416
Q386A,0.0810855746407994
Q386C,2.74518388104478
Q386D,-0.108568438766442
Q386E,-0.606719072227421
Q386F,0.280509765799462
Q386G,-0.820084029007977
Q386H,0.651554440952219
Q386I,-0.106046914064649
Q386K,2.44543590785186
Q386L,-0.673968318740016
Q386M,-0.16120082153875
Q386N,-0.139907354970979
Q386P,0.194165390053426
Q386R,1.72267177984532
Q386S,-0.437177394607969
Q386T,2.56540309280751
Q386V,2.16380294148091
Q386W,-0.128398936456412
Q386Y,1.13925910942867
K387A,-0.901955618303303
K387C,1.25601253650377
K387D,0.326573981942526
K387E,-0.271889942412415
K387F,0.349805147226295
K387G,-0.757563873604317
K387H,0.0248416456218969
K387I,-0.93390192790334
K387L,-0.848245214872122
K387M,0.140952664912748
K387N,-0.531552746377087
K387P,1.70129170176237
K387Q,0.101381539966693
K387R,-1.28361170136403
K387S,-1.17382761010224
K387T,0.634268611980491
K387V,-1.07025929520775
K387W,2.9337467464189
K387Y,-1.16852175756586
K388A,-0.234351169046321
K388C,0.64368016686572
K388D,-1.1859429961344
K388E,-1.05309927510394
K388F,0.129916669114895
K388G,-0.388908549640359
K388H,-2.22933727052908
K388I,0.959541477586335
K388L,-1.25015464660109
K388M,0.466105492618796
K388N,-0.697640930262369
K388P,-1.43931929855581
K388Q,-1.01647410584087
K388R,-0.0765511318325226
K388S,0.119844799207398
K388T,-0.783521201076896
K388W,1.26691428485853
K388Y,-1.0240351454231
Q389A,0.072575449935876
Q389C,1.05045269175507
Q389D,0.0188048893808203
Q389E,-1.46664067593043
Q389F,-0.256076498933758
Q389G,0.470012082768394
Q389H,1.09688723687683
Q389I,-0.334766356635515
Q389K,0.036100019626489
Q389L,0.781669429336652
Q389M,1.04667294123464
Q389N,1.41811461747811
Q389P,-1.13926413249985
Q389R,-1.23032791538151
Q389S,1.6835784057721
Q389T,-1.79538398995743
Q389V,-1.06783120923659
Q389W,-1.4772927549093
Q389Y,-1.52001449383751
Q390A,-0.050641904182965
Q390C,-0.379904463844595
Q390D,-0.147414709271787
Q390E,-1.46284739838447
Q390F,-0.965025987638566
Q390G,4.19348785345473
Q390H,-1.24472505298863
Q390I,-1.20952394964351
Q390K,0.0742046185412222
Q390L,0.168482413411456
Q390M,-1.48858329389502
Q390N,-0.68723737941871
Q390P,-0.439819810727942
Q390R,1.97190126177688
Q390S,-0.359170042778901
Q390T,0.0612195445909671
Q390V,-1.54456540810883
Q390W,-1.18394501453003
Q390Y,-0.938032931560519
T391A,0.150407694284655
T391C,0.388342652285054
T391D,3.30999516436068
T391E,0.343740449388291
T391F,1.15514588214878
T391G,-0.125310526705443
T391H,1.02199674611228
T391I,-1.94084386459498
T391K,1.75349594123087
T391L,-1.26664278253561
T391M,-0.640891511207033
T391N,-0.845144416020967
T391P,0.671897100667655
T391Q,-0.037426207869154
T391R,0.923888128172182
T391S,0.446616102025287
T391V,1.71889963334322
T391W,1.45296562380876
T391Y,0.681711182722174
V392A,-0.539893160410075
V392C,1.05620722961666
V392D,1.91710557496851
V392E,0.883496560124967
V392F,-0.448541274563718
V392G,0.617116305459352
V392H,2.49332815775012
V392I,2.16093512839507
V392K,1.52431812597352
V392L,2.26861568361338
V392M,2.34203138703836
V392N,0.710582230877089
V392P,-0.835178990865376
V392Q,2.10796674860477
V392R,2.28891348808157
V392S,-0.039309403364404
V392T,0.100786984067074
V392W,0.977794249419047
V392Y,0.246247440627742
T393A,3.0146876326979
T393C,1.25745204760131
T393D,-0.206006373876202
T393E,0.281070079533418
T393F,3.36515710318497
T393G,2.55009225553052
T393H,0.69032195378174
T393I,1.74846844225125
T393K,0.144601141709133
T393L,1.05752821275386
T393M,-0.228072744836711
T393N,1.64114663340007
T393P,3.08226134042469
T393Q,3.14590379695824
T393R,0.605624684693314
T393S,2.57979038190243
T393V,-0.43146960516544
T393W,3.02061159734269
T393Y,1.21134857315545
L394A,0.234551008812775
L394C,1.17887236400812
L394D,-0.820429260592247
L394E,0.102503208065917
L394F,1.26212405954257
L394G,1.07873367565646
L394H,0.943141005348598
L394I,-0.974471696535413
L394K,-1.23950868157203
L394M,-0.617364422591515
L394N,-1.45027407542738
L394P,-1.97515132583144
L394Q,0.244359665403005
L394R,-0.505854429997312
L394S,-1.63808420670806
L394T,0.324935998198254
L394V,-0.265494263426254
L394W,-0.578424817822562
L394Y,-0.451850238882933
L395A,-0.942512680426404
L395C,0.993645340783727
L395D,-0.846189786373182
L395E,-0.327433465628617
L395F,-1.1363658572954
L395G,-0.343201014904192
L395H,0.375638889624005
L395I,-1.6661861476055
L395K,0.109755215706717
L395M,0.449088629426413
L395N,-0.0647707358111196
L395P,1.46521964983271
L395Q,-0.83150264842462
L395R,-0.249491316560096
L395S,-0.210298916614434
L395T,-0.397964780366377
L395V,-1.38602489411498
L395W,-0.226219394536549
L395Y,0.902757740177297
P396A,-0.574557879847189
P396C,3.2615200072225
P396D,-0.146955286571112
P396E,1.58548695514259
P396F,2.60867334998813
P396G,0.771515403072604
P396H,1.0748478912975
P396I,7.10781925961379
P396K,2.95953981898755
P396L,2.95328920459345
P396M,1.32297790471089
P396N,0.507518032694885
P396Q,0.218311165450827
P396R,1.06999651136561
P396S,0.852703453666638
P396T,3.32422678454959
P396V,4.69259976841959
P396W,3.44593352164935
P396Y,-1.33002685942375
A397C,0.19540652280444
A397D,-1.05618507931532
A397E,-0.639545115980856
A397F,1.14131697937477
A397G,0.066431824088152
A397H,-0.347965168159094
A397I,7.14105340167811
A397K,-0.826085484563845
A397L,0.0088221813977125
A397M,1.40798809325063
A397N,0.561368743795359
A397P,-1.01384898637371
A397Q,-0.208960921768839
A397R,-0.912763822644946
A397S,1.08003285977931
A397T,0.152426678179818
A397V,-0.142795420263559
A397W,-1.80775173309604
A397Y,-0.207765814822345
A398C,-0.537008932040485
A398D,-0.368617415366136
A398E,0.357010351142951
A398F,-1.91389294798785
A398G,0.937395389359487
A398H,0.0944519339599674
A398I,1.08821226761285
A398K,0.634263229864786
A398L,0.324578305972071
A398M,-0.789223102239556
A398N,-1.13086881617078
A398P,-1.52197955732275
A398Q,0.729568390159492
A398R,-1.62146657911788
A398S,-1.66654296348878
A398T,0.206128889483275
A398V,0.0702003358915834
A398W,2.64639648554381
A398Y,-0.597413936444704
D399A,-1.4939990564013
D399C,-0.369215587295287
D399E,-1.00388728052537
D399F,0.666329163716047
D399G,-0.78782960428822
D399H,-0.792498711927155
D399I,0.469345985638351
D399K,0.190957458807462
D399L,0.609552940992363
D399M,-2.26624968407306
D399N,-0.844278702444143
D399P,-0.701115822148058
D399Q,0.664679517619867
D399R,-0.656132763652754
D399S,-1.29646489287497
D399T,-0.777894616757498
D399V,-0.654068600302886
D399W,-0.660905155700813
D399Y,-0.532328293918847
L400A,0.0363736777526177
L400C,1.57846917103617
L400D,1.27059596561254
L400E,0.53184487516415
L400F,-0.612792175081146
L400G,0.303914985743036
L400H,-0.579655131704169
L400I,0.93311802036825
L400K,-0.942788654323057
L400M,0.708310088829029
L400N,2.06091697066703
L400P,-1.93652442568549
L400Q,-1.21907258141011
L400R,-1.10942940723272
L400S,0.53860001869698
L400T,0.0776585253905687
L400V,0.326621886752565
L400W,0.626739820946927
L400Y,-1.59202474446881
D401A,0.0861250197732124
D401C,1.75945072454666
D401E,-1.54298843541928
D401F,0.265801210716106
D401G,1.207942619313
D401H,3.306805821673
D401I,0.325870595061667
D401K,2.02455643532995
D401L,0.240096797195951
D401M,0.540331817949307
D401N,0.12809712353056
D401P,0.327146615579004
D401Q,-1.03587775353196
D401R,0.912473227927012
D401S,0.2978414131632
D401T,-0.487295006402131
D401V,-1.85532759009039
D401W,2.54931986838341
D401Y,0.00156967424199051
D402A,-0.151716529026442
D402C,2.43801879336323
D402E,-0.264713836956382
D402F,0.00221712922095585
D402G,-2.95735116227954
D402H,0.8891866365777
D402I,-0.264790730415268
D402K,0.883262180755027
D402L,2.25110261073362
D402M,1.82441058270433
D402N,-0.0317559151544893
D402P,0.280383650402609
D402Q,-0.779694241477245
D402R,1.60017864784148
D402S,-0.910405834142213
D402T,-0.537433336983901
D402V,-0.0255603740172235
D402W,1.03429798498921
D402Y,-2.04444242558304
F403A,0.564910394276779
F403C,-0.681717600697357
F403D,0.536269634699313
F403E,-1.22609985312915
F403G,0.112859943917701
F403H,0.787299004951447
F403I,0.128339417362426
F403K,-1.12765992649215
F403L,-0.450792721102818
F403M,-1.01563383796521
F403N,-0.171082658037375
F403P,0.833869103568697
F403Q,-0.281606757893929
F403R,0.407691791424702
F403S,0.0539879496416795
F403T,-1.4091801297644
F403V,0.285299853886709
F403W,-1.72162820230269
F403Y,0.115638668479041
S404A,-0.243539947518918
S404C,-0.280772669728064
S404D,-0.656903578218023
S404E,0.0513163237151593
S404F,0.559478685900548
S404G,1.19437795195172
S404H,-1.16086085703807
S404I,0.965049134085823
S404K,0.191554772633774
S404L,-0.797821928659291
S404M,0.86192431678385
S404N,0.624170270545915
S404P,-2.7270296682622
S404Q,-1.16319610120001
S404R,0.565033623063204
S404T,-1.19096073259594
S404V,-0.0896239340759838
S404W,0.252332266194632
S404Y,-2.68558735421389
K405A,-0.954767888595238
K405C,-0.867276193016222
K405D,2.12343323588418
K405E,0.171352479675284
K405F,-1.32075042496545
K405G,-0.378182930229783
K405H,0.989490392215187
K405I,-1.366835165872
K405L,-0.300780117298
K405M,-0.53290955070575
K405N,0.415953561464042
K405P,0.211429770845855
K405Q,-1.44468185589934
K405R,-0.353128194130262
K405S,-0.878138106728472
K405T,-2.26658176551333
K405V,-0.50116801833331
K405W,-1.55238230705618
K405Y,-0.985416076840536
Q406A,-1.02652717952063
Q406C,0.576967950412469
Q406D,-1.3589663380857
Q406E,-2.39930662477976
Q406F,-0.158918478904996
Q406G,-0.559771498497456
Q406H,-1.35978966790691
Q406I,0.377415752931772
Q406K,-2.15752956152549
Q406L,-1.04753142864236
Q406M,-1.28601086459937
Q406N,-0.383319835226819
Q406P,-1.1050207815965
Q406R,0.062465254801181
Q406S,-1.48557352489954
Q406T,1.05724960677702
Q406V,-1.78613556003839
Q406W,-0.696506012494257
Q406Y,0.0046562374164359
L407A,-2.80957141121595
L407C,-2.43757233182653
L407D,-0.454345842989756
L407E,0.533277426864339
L407F,-0.690697787468415
L407G,0.446158161899763
L407H,-0.611219451301892
L407I,0.288164327955057
L407K,-0.282904025307151
L407M,-1.46437495293205
L407N,-1.20190075263748
L407P,-2.86650349061346
L407Q,-1.31007665538928
L407R,2.18861213837801
L407S,-1.15547095746565
L407T,-2.09220920015024
L407V,0.710842077190219
L407W,-0.409525168850317
L407Y,-0.216660167671567
Q408A,-0.50578480842261
Q408C,-1.2543402471373
Q408D,-1.64630786460491
Q408E,-0.837485674165788
Q408F,-0.915882467397226
Q408G,-0.287625077304155
Q408H,-1.08750914423467
Q408I,0.997438471630255
Q408K,0.00597750169321583
Q408L,0.476062501732488
Q408M,-0.564020525439816
Q408N,-1.52547115321051
Q408P,-0.665437870878118
Q408R,0.0119675837726535
Q408S,-0.0639377646644532
Q408T,-2.81965240924948
Q408V,-1.46793277651441
Q408W,0.0978233449741392
Q408Y,0.169990238262689
Q409A,-1.79022298465771
Q409C,-0.756243187370863
Q409D,-0.891332781142346
Q409E,0.221854730930404
Q409F,3.04059830961994
Q409G,0.509664151578718
Q409H,1.33752372616776
Q409I,-0.385476635619286
Q409K,0.174181716295679
Q409L,-0.49781321585019
Q409M,0.770156118266046
Q409N,0.383347309671411
Q409P,-0.50660309418179
Q409R,0.329250132741612
Q409S,-2.11811500154856
Q409T,-0.403691960688487
Q409V,-0.198720051601516
Q409W,0.205144965360838
Q409Y,-0.60865806242893
S410A,-0.992676098817771
S410C,-0.967310128985327
S410D,0.231995060431583
S410E,-0.723558438646767
S410F,0.592371374055908
S410G,-0.880698522711486
S410H,1.55439118754965
S410I,-0.682609615787252
S410K,0.598998128385015
S410L,1.2789998515198
S410M,-0.936333954687767
S410N,0.617676728153695
S410P,1.49738300638557
S410Q,-0.718446949715222
S410R,-1.01027509348981
S410T,-1.47049804173174
S410V,-1.92498527319936
S410W,-0.840897217409321
S410Y,1.35324694596615
M411A,0.35310787648064
M411C,-2.43991322519928
M411D,-0.902086065596688
M411E,2.10054570990177
M411F,0.0281153477922722
M411G,1.1264081912892
M411H,0.427958659333
M411I,-0.98628680329028
M411K,0.13805728261627
M411L,1.156183649618
M411N,-1.37352861935201
M411P,0.350017872224874
M411Q,0.293774597271279
M411R,0.555501726257819
M411S,0.63476997603946
M411T,-1.5147278082646
M411V,-1.06266161342073
M411W,1.5350045540761
M411Y,-0.958537006214477
S412A,-0.137766649179829
S412C,0.530589169027867
S412D,-1.16200983249288
S412E,-1.11190019699812
S412F,0.481249564071049
S412G,3.96628058185418
S412H,-0.685063788357871
S412I,-1.25489003996745
S412K,-0.169195034490812
S412L,1.09542306652452
S412M,-0.0236553028270314
S412N,1.17519783305644
S412P,-1.11836478149616
S412Q,-0.671186999238559
S412R,0.190422364753343
S412T,0.297162353584636
S412V,-1.20437407825298
S412W,0.0351526431399086
S412Y,-0.0923935731966215
S413A,1.02279413413455
S413C,-0.758503422968837
S413D,-0.0253108311812953
S413E,-0.264513062716776
S413F,-0.955618521165329
S413G,2.04541421947059
S413H,-0.995021602381232
S413I,2.49805278151072
S413K,0.235627903784468
S413L,1.08645305501739
S413M,-0.141704942836299
S413N,-0.0955854953607931
S413P,-1.27355465535687
S413Q,-0.299494930619104
S413R,-0.528875114728406
S413T,0.00667212312374895
S413V,-0.108182635519216
S413W,-0.300126980563999
S413Y,-1.68734333837302
A414C,-0.522556225502527
A414D,0.268604068728621
A414E,0.647800799040127
A414F,0.262277244432838
A414G,-0.102913814378565
A414H,0.641791465973339
A414I,-1.55090004713474
A414K,-0.502377935661602
A414L,-1.77724726727889
A414M,0.874952146795915
A414N,-1.70667545483843
A414P,-2.1282719269035
A414Q,-1.01910077264637
A414R,-0.974239490875645
A414S,0.65485556562994
A414T,-1.80007604976475
A414V,-1.84352959038579
A414W,0.406128683043067
A414Y,-0.39217667567259
D415A,0.162014906421611
D415C,-0.549286279709344
D415E,-0.820420593830043
D415F,-1.70702376868273
D415G,-1.22673282243846
D415H,0.448880121428223
D415I,-1.35320925437317
D415K,0.00773175149974302
D415L,-1.43204585773278
D415M,0.163854236963055
D415N,-0.424238512193407
D415P,-1.42194389625096
D415Q,-0.73088944602021
D415R,0.032901702443691
D415S,0.209255817008841
D415T,-0.107080813325657
D415V,-1.39416747866331
D415W,0.603277247009834
D415Y,-1.13837408374607
S416A,1.03974261290025
S416C,-0.919644993700526
S416D,-1.10222173770961
S416E,0.447503849189301
S416F,0.106458725713087
S416G,2.21619492089093
S416H,0.0893051694257315
S416I,-0.66792112697524
S416K,0.370616517852673
S416L,-1.14169698640007
S416M,-0.234011400276322
S416N,0.516096109026031
S416P,0.0216518937809808
S416Q,0.0508647295378751
S416R,-0.128798806728358
S416T,0.938282589024387
S416V,-0.392039009492635
S416W,0.970271652819038
S416Y,-0.762763214018011
T417A,0.155128394541009
T417C,-1.27758951539488
T417D,-1.08109580408106
T417E,0.660873784514743
T417F,0.68101500117268
T417G,-0.20620760182265
T417H,1.68841969492312
T417I,0.893947350718933
T417K,0.199462169213054
T417L,0.0891629599183372
T417M,-0.497505461023491
T417N,-0.380256865065184
T417P,0.399827923055432
T417Q,0.0165184739833891
T417R,0.486846400994939
T417S,0.644175312015095
T417V,-0.182160214896378
T417W,-0.741314648218794
T417Y,-1.83276886165533
Q418A,0.663670154211971
Q418C,-0.90045888332574
Q418D,-1.2881053546109
Q418E,2.15232787872095
Q418F,-0.93417069364175
Q418G,0.711965522225728
Q418H,0.0922970405439288
Q418I,-1.62645062495699
Q418K,-0.477579685457356
Q418L,-0.031665351008044
Q418M,0.497224406561494
Q418N,0.123025026015566
Q418P,-1.04794913216275
Q418R,-0.402858558574156
Q418S,-0.320674966446776
Q418T,-0.659796053922986
Q418V,0.190316571041228
Q418W,0.338910426646381
Q418Y,1.35179707623599
A419D,-0.252802507876988
A419E,-2.47565506905062
A419F,-1.43532801596855
A419G,2.02871314610015
A419H,0.368572327468085
A419I,-1.62491535164838
A419K,0.206975805253801
A419L,0.449512970987326
A419M,0.804771493108924
A419N,-0.340534414395132
A419P,-0.865975904502878
A419Q,-0.00536563819159359
A419R,0.323119329810628
A419S,1.27709393979021
A419T,1.27172858974685
A419V,0.388009856199879
A419W,0.258234786378328
A419Y,-1.54000472690222
