Mutation,Escape_Score
S2A,-0.692646781341658
S2C,-0.591634114883295
S2D,-0.860540159756431
S2E,0.308387427294366
S2F,0.437336531908378
S2G,-0.908586450146481
S2H,-0.536266287258669
S2I,2.63278231596952
S2K,0.439549538109201
S2L,4.6516338914684
S2M,0.0725021190982303
S2N,0.735232888284526
S2P,-0.0590732763640981
S2Q,-0.809860642545672
S2R,-1.61574552825145
S2T,-0.424469427282814
S2V,1.45263588265788
S2W,1.08184314408126
S2Y,-0.0382866861476871
D3A,0.821458622537238
D3C,0.146248902328521
D3E,0.218189948556996
D3F,-0.0221076298120633
D3G,-1.0987116046172
D3H,0.665468646077955
D3I,3.54068392980118
D3K,-0.0650595942863134
D3L,2.43824413353155
D3M,2.46962284703298
D3N,2.00723109500494
D3P,0.379289242717974
D3Q,0.726723435392755
D3R,0.788248510126878
D3S,0.363562281807237
D3T,0.607789590434433
D3V,2.33947780560961
D3W,0.916229188124357
D3Y,0.449252329976016
N4A,3.05046946445837
N4C,3.77882044328201
N4D,1.57254819848881
N4E,-0.0450208262344445
N4F,1.00310124200165
N4G,0.225535073612494
N4H,1.47019798063373
N4I,3.03430849923296
N4K,-0.288226006078328
N4L,2.04990717453445
N4M,1.90966085112961
N4P,0.407098470353703
N4Q,1.67410863917636
N4R,-0.615511727492175
N4S,-0.738395577168591
N4T,-0.900551737469795
N4V,2.90410982164266
N4W,-0.696129608007066
N4Y,-0.828407125740322
G5A,0.977306258730194
G5C,3.22699693693242
G5D,1.14901569117303
G5E,0.157886508902599
G5F,0.000659051253938902
G5H,1.27369536402213
G5I,1.62345374468261
G5K,1.4408699487379
G5L,3.0384751365822
G5M,7.37164482435168
G5N,-1.05101258608468
G5P,-0.308382037543311
G5Q,1.34095675745079
G5R,5.01595316174051
G5S,0.631946318518709
G5T,2.99441878070479
G5V,2.89598042768519
G5W,1.70277984714561
G5Y,0.872713695865103
P6A,1.31228232937876
P6C,-0.780667860173607
P6D,-0.530393043160874
P6E,-0.43461898890883
P6F,-0.359283278071645
P6G,0.215638576881899
P6H,-0.597824718453236
P6I,3.99436308759962
P6K,-1.34705022513306
P6L,1.99589623049765
P6M,2.86173554556913
P6N,1.23771654786586
P6Q,0.329467158371584
P6R,0.0507163141175756
P6S,-0.835079561466743
P6T,1.41066125583209
P6V,5.33563534919417
P6W,-0.194261119389586
P6Y,2.08602458450282
Q7A,-1.21921773684499
Q7C,1.63966194413312
Q7D,0.368521276361773
Q7E,-0.242165656473238
Q7F,0.0385523103113506
Q7G,-0.0910081362164258
Q7H,0.800889927219604
Q7I,0.252712964726703
Q7K,-0.777348657929097
Q7L,-0.170703581326395
Q7M,0.255676281095908
Q7N,-0.736003128687795
Q7P,0.887189693027188
Q7R,-1.10513407823608
Q7S,0.612109464213531
Q7T,-0.596373223756168
Q7V,-1.46146485925839
Q7W,2.35934025677357
Q7Y,0.13337607359226
N8A,0.375809246579934
N8C,0.0593311644449958
N8D,1.94595668570937
N8E,-0.853920682514887
N8F,-0.268715795534475
N8G,-0.979482210122357
N8H,-1.65394541855155
N8I,0.739280655520234
N8K,-0.552491257933251
N8L,2.21343413820147
N8M,-0.317708713137136
N8P,-0.647387999430256
N8Q,1.78531895563498
N8R,-0.990631886171094
N8S,0.432090243369643
N8T,0.446598847645922
N8V,0.387732864664468
N8W,1.16909839005786
N8Y,0.686626017180708
Q9A,0.00478524943761842
Q9C,5.10196490996715
Q9D,0.0899742061682918
Q9E,1.54144608429824
Q9F,1.19400417772112
Q9G,0.0952348748390291
Q9H,-0.744536274547528
Q9I,2.31289783861247
Q9K,0.987742271013322
Q9L,0.596107950021824
Q9M,-0.400717032482154
Q9N,-0.580612543742397
Q9P,-0.948916501655694
Q9R,0.121260316025245
Q9S,-0.348088416171678
Q9T,-1.17334534735386
Q9V,-0.634859268638247
Q9W,3.95168536109004
Q9Y,0.82463181430717
R10A,-0.551277214212168
R10C,1.22290991521145
R10D,0.24618072563938
R10E,-0.600181368527825
R10F,4.63011809715492
R10G,0.531925931451136
R10H,0.254989483113793
R10I,-0.156665930058248
R10K,0.324206825293178
R10L,0.445162317102714
R10M,0.158625171035397
R10N,-0.232013666016311
R10P,0.838551996729328
R10Q,1.68418796867161
R10S,-0.742611489949576
R10T,-0.466757826906621
R10V,2.60378481825567
R10W,0.620797486992728
R10Y,1.90471767573664
N11A,-0.243318155253179
N11C,0.307571058498776
N11D,0.558118178617779
N11E,0.811136551783602
N11F,4.32483807391426
N11G,1.57318835679395
N11H,1.67129472688015
N11I,-0.651096750197746
N11K,0.037817784736627
N11L,2.95385070918352
N11M,2.40630642864832
N11P,2.52275511858956
N11Q,0.42517145248036
N11R,1.10037890721584
N11S,0.0289468614451873
N11T,0.451188144672961
N11V,1.91263710949475
N11W,1.92585107735272
N11Y,0.211275784408465
A12C,0.778876843582029
A12D,3.27431309265512
A12E,-1.10260627348429
A12F,0.843163889225666
A12G,-0.915129808668185
A12H,-0.457338823768838
A12I,1.70121350183948
A12K,0.0097521254337199
A12L,0.0710869148526833
A12M,-0.614131006528817
A12N,0.400201714340087
A12P,-0.27142733643167
A12Q,-0.711240568064898
A12R,0.498321157343178
A12S,1.04564027993856
A12T,1.57923758052118
A12V,0.0527480005209042
A12W,3.83792141154328
A12Y,-0.0180900324428599
P13A,0.437141256897519
P13C,-0.723796309122707
P13D,-0.0914374178253985
P13E,0.271032413644147
P13F,3.76938344574477
P13G,-0.612197043964414
P13H,0.446923929882118
P13I,0.21391273755642
P13K,1.28406351216532
P13L,0.752408807695573
P13M,0.324207524374627
P13N,1.59311837467139
P13Q,0.883267500030418
P13R,0.436591974241784
P13S,-0.741554879416337
P13T,-0.568015061872023
P13V,0.287235225441975
P13W,4.84266672714427
P13Y,0.986691209119153
R14A,0.564497105756319
R14C,0.356155270046236
R14D,0.524939153005763
R14E,1.7631603495007
R14F,-0.205634110503929
R14G,0.593704676670884
R14H,-2.00621986939335
R14I,-0.369135080996967
R14K,1.37906859865034
R14L,2.68251588677614
R14M,0.49200538911466
R14N,0.238660928756872
R14P,-0.644030744273124
R14Q,0.186988194976309
R14S,0.762778841684711
R14T,-0.161233026823292
R14V,4.01675808842777
R14W,-0.153250764278567
R14Y,-0.23213982326389
I15A,-1.35115666709832
I15C,-0.284194092770119
I15D,1.289750611601
I15E,-0.290416345274417
I15F,-0.0936284529072906
I15G,-0.916477444477595
I15H,0.156289696261899
I15K,-0.833381538076027
I15L,1.79165341484869
I15M,-0.670791731802297
I15N,-2.00621986939335
I15P,0.308252019415571
I15Q,0.0692134708779278
I15R,-0.652846338750761
I15S,0.12160858528224
I15T,-0.327500417126932
I15V,-0.200577265902169
I15W,-0.754092186840423
I15Y,0.653581473738448
T16A,4.94729199075766
T16C,-0.370539248844293
T16D,-0.315006672705286
T16E,-0.647571659238207
T16F,0.313859886468609
T16G,0.103454330886093
T16I,0.510908529170843
T16K,0.388975761445341
T16L,-0.226964056901799
T16M,0.159256121892869
T16N,-0.459537425473667
T16R,1.57368770462115
T16S,-0.610889759723346
T16V,0.0142483617808502
T16W,0.327407178595112
T16Y,0.652877610685103
F17C,-1.62422477909017
F17D,-1.05922255674506
F17E,0.226795710822651
F17G,-0.185490861628864
F17H,-0.692798220112592
F17I,0.773486349962089
F17K,0.135544258164317
F17L,-0.490994964262344
F17M,0.141663506007617
F17N,0.54351672926916
F17P,-1.44124522158716
F17Q,-1.034455561352
F17R,3.66029167817852
F17S,-1.32869910680379
F17T,-0.657563511267503
F17V,0.371769067815345
F17W,1.1331306896632
F17Y,0.804040780716421
G18A,-0.672159032306571
G18C,-0.220029471070355
G18D,2.78185292452066
G18E,-0.430413691486619
G18F,0.588217379988886
G18H,1.55326626539376
G18I,-0.868984532509357
G18K,0.304368025681813
G18L,3.22671750800137
G18M,2.82769694141946
G18N,-0.402336415575406
G18P,0.938625906297472
G18Q,3.41900674615317
G18R,-0.570760739443076
G18S,0.395786464904608
G18T,-0.661299595947706
G18V,-0.145727023140492
G18W,1.84524798043285
G18Y,-0.947180755863363
G19A,-1.61031454818104
G19C,0.556492745670417
G19D,1.1799538379842
G19E,-1.10880727586278
G19F,0.158249333817195
G19H,-1.321535157834
G19I,0.126863021043879
G19K,-0.697965638402839
G19L,0.0420332065120672
G19M,0.287065991575578
G19N,2.42828211973176
G19P,-0.312165657870788
G19Q,-0.314728549657006
G19R,0.306148452136816
G19S,0.382260478889614
G19T,0.864550247085409
G19V,-1.06444134332577
G19W,-2.36870094165643
G19Y,0.0196279741475869
P20A,-0.112623017057984
P20C,-0.57509902652113
P20D,-0.453638855544355
P20E,-0.391440658324011
P20F,-1.81997224462938
P20G,-0.375225470806798
P20H,-1.11579797455205
P20I,-0.32954757531169
P20K,4.39719150912827
P20L,0.430892951434898
P20M,-0.329053547730788
P20N,6.08509697022254
P20Q,-0.0887012540007006
P20R,0.677194597016135
P20S,0.641297405072054
P20T,-0.233879112806152
P20V,0.18570616863879
P20W,2.25669023569829
P20Y,-0.679001640791887
S21A,0.116408867228155
S21C,-0.916898446167942
S21D,0.0395294971852905
S21E,-0.0956853213383502
S21F,0.196738825387251
S21G,4.12233861205013
S21H,0.237388990193927
S21I,1.30375371552557
S21K,0.764117159460124
S21L,0.0649876006717172
S21M,1.78560083463943
S21N,-1.31217639683827
S21P,-1.99206802031945
S21Q,1.56986120708276
S21R,0.255724396827212
S21T,1.54940352314967
S21V,1.67584393639212
S21W,1.32525929361273
S21Y,2.227615244137
D22A,-0.614943213766502
D22C,-2.08205443494566
D22E,-1.11397372451222
D22F,-0.798258836452713
D22G,-0.701620858625362
D22H,0.493084474204564
D22I,1.11816275286299
D22K,-0.841119614494185
D22L,-0.227780827125514
D22M,0.553518754457354
D22N,1.65460436224361
D22P,0.331951682540246
D22Q,-0.687286598103949
D22R,6.29815995650146
D22S,0.0187482101921288
D22T,-0.311124645590582
D22V,4.35818702279632
D22W,0.487479217077052
D22Y,1.94303269209384
S23A,-0.905249471878179
S23C,0.380999541141636
S23D,8.18947966711048
S23E,0.897178096256559
S23F,0.407416109615201
S23G,0.108739589390812
S23H,-0.534000142351842
S23I,-0.176313859111069
S23K,0.191820290956018
S23L,0.569098809985969
S23M,-0.276437404101234
S23N,0.214802767183393
S23P,0.824315644520167
S23Q,-0.607634715041994
S23R,1.09970701086008
S23T,0.315700497808469
S23V,0.460054016725439
S23W,1.15325387016553
S23Y,0.607689228526
T24A,-0.766381319186003
T24C,0.138587784026111
T24D,-0.130972525254646
T24E,0.682157274262611
T24F,-0.347063520053801
T24G,-0.618182997206431
T24H,-1.22322999620717
T24I,-0.172140650657036
T24K,0.889693919426624
T24L,0.643545160991664
T24M,0.101033636298649
T24N,-1.35461199862533
T24P,0.034012785794288
T24Q,1.34746445712055
T24R,0.214561968050877
T24S,-0.24529501358457
T24V,-0.420504887544623
T24W,1.86022992095565
T24Y,0.00920562162592994
G25A,0.237115015042064
G25C,-1.013015800905
G25D,-1.19328295403791
G25E,-1.21731375396567
G25F,0.548299737897604
G25H,0.282450660477524
G25I,0.667848374056893
G25K,-0.0998893604843637
G25L,1.29572813021527
G25M,0.455825284289956
G25N,0.199857124765278
G25P,-0.702210442929635
G25Q,-0.222113588755767
G25R,0.436281312154848
G25S,-1.98127035179174
G25T,-1.05128487836617
G25V,-0.998327711374706
G25W,1.33176886176832
G25Y,-0.394717533603003
S26A,-0.358088310482099
S26C,2.29242655213022
S26D,-0.970342445208494
S26E,0.396065057732708
S26F,1.69781354710198
S26G,-0.330297881174853
S26H,0.971977528526122
S26I,-1.08123835099944
S26K,-0.196264527385983
S26L,-0.335821345992006
S26M,2.09199506455848
S26N,1.03930330153498
S26P,-1.11166439709408
S26Q,3.57999503281197
S26R,-0.259603116346068
S26T,0.272454655355358
S26V,-0.589394464477237
S26W,4.94082611701973
S26Y,0.76755672881519
N27A,0.611577661980641
N27C,-0.903432232360878
N27D,-0.819969441073156
N27E,1.47276288439574
N27F,0.870969592136833
N27G,-0.895001290830398
N27H,2.93430455276659
N27I,-1.05322298666771
N27K,0.582959115701135
N27L,0.780574119462612
N27M,2.91452103324778
N27P,-0.264585893468922
N27Q,1.37100753098171
N27R,0.11950232930315
N27S,-1.42145356068584
N27T,1.52289053495657
N27V,0.0153727903741141
N27W,0.679979515246474
N27Y,0.0514943525339307
Q28A,0.184556835370884
Q28C,1.03693718789001
Q28D,-0.756006414405682
Q28E,0.717762484244908
Q28F,1.24476759084041
Q28G,0.51281330054146
Q28H,1.01980678326524
Q28I,1.73907028190666
Q28K,3.48769097638256
Q28L,4.63165124921475
Q28M,0.0314899643510426
Q28N,0.560669477590673
Q28P,-0.260280309291087
Q28R,0.627673873821255
Q28S,0.0379849073453835
Q28T,-2.15702042060409
Q28V,-0.482789661027915
Q28W,2.12179986389786
Q28Y,-0.655232695326862
N29A,-0.565061277325638
N29C,-0.820157808796572
N29D,-0.109632091958016
N29E,-0.880232610035596
N29F,0.272443780236521
N29G,-1.00459919668793
N29H,-1.24283610808264
N29I,-0.528652987356449
N29K,-1.41715496010775
N29L,-0.902495382342637
N29M,0.788021081465871
N29P,0.233653937436307
N29Q,-0.432838166416755
N29R,0.525571130104565
N29S,1.61280334539319
N29T,-0.346664118964147
N29V,1.45579105130367
N29W,1.73705523275388
N29Y,0.2863279742961
G30A,-1.01099867682133
G30C,-0.474797253725188
G30D,0.802538451589811
G30E,0.805345797464918
G30F,-1.18584050812262
G30H,-0.294463645228972
G30I,0.371338995089768
G30K,-0.622894838376771
G30L,3.53456478175703
G30M,-0.158206886130157
G30N,-0.26106423477434
G30P,1.19294745175636
G30Q,-0.0695302366526058
G30R,0.365644530515626
G30S,-0.19825112122885
G30T,-1.1947721151398
G30V,-0.242400194647411
G30W,1.83239906412961
G30Y,-0.0285305935606006
E31A,-1.46089171221446
E31C,-0.307050233396901
E31D,-0.230326068411988
E31F,-0.0251135942234503
E31G,1.9512831582468
E31H,0.296725911732373
E31I,1.05109901491619
E31K,2.88241574817186
E31L,-0.622167845498307
E31M,1.88662809200976
E31N,-0.552345087257083
E31P,0.0532546290422462
E31Q,0.390303109166233
E31R,0.963034311465636
E31S,-0.190558863922797
E31T,-1.13832742529944
E31V,-1.96967185135108
E31W,1.57872325730782
E31Y,-0.693406100574894
R32A,1.61465840813581
R32C,0.55658998349897
R32D,0.410925517311751
R32E,0.000824782925337272
R32F,2.68504309255348
R32G,1.45031837905278
R32H,-0.690515525287104
R32I,1.69450589084598
R32K,0.513476344606628
R32L,0.539102922924822
R32M,0.47221373626377
R32N,0.740167877172115
R32P,-1.18606023790264
R32Q,-0.895481043723434
R32S,0.16775741694978
R32T,0.944691177272484
R32V,0.510226251266459
R32W,1.4939603669354
R32Y,0.47075701158745
S33A,-0.30140115627566
S33C,-0.728135627310022
S33D,-0.408449184626455
S33E,1.13310355244595
S33F,0.640482444398547
S33G,-0.337162852500721
S33H,1.37847253492805
S33I,0.226366563304763
S33K,-2.42942146569186
S33L,-0.84592778734027
S33M,0.332198211356522
S33N,0.659861072837269
S33P,-0.434369761778428
S33Q,0.322506720829003
S33R,-0.370828594525579
S33T,-0.439531071632153
S33V,-0.0734183619934097
S33W,1.35206727043068
S33Y,-0.557327316316559
G34A,0.0159982696630835
G34C,-0.434839306014134
G34D,1.4189712921756
G34E,-0.248993089579839
G34F,0.577584102916095
G34H,-1.15488161346064
G34I,0.998537293273129
G34K,-0.483572765715636
G34L,0.275056444839934
G34M,0.12335511080353
G34N,-2.34930410737173
G34P,-0.0355440955022181
G34Q,5.02248829313503
G34R,1.1927609876688
G34S,-0.85477884451208
G34T,0.693263753186191
G34V,-0.142545163435324
G34W,4.29225418880486
G34Y,0.986869636088234
A35C,-0.403955034974343
A35D,0.062789375293777
A35E,1.02863086739103
A35F,0.655712001145929
A35G,1.95470708672351
A35H,2.71680903405787
A35I,0.224742909119056
A35K,-0.647023359518129
A35L,1.83598052362241
A35M,1.62381885806021
A35N,-0.975457614084974
A35P,1.66233722993836
A35Q,-0.177122816488218
A35R,2.81603517780178
A35S,-0.488428714352713
A35T,0.137490379999989
A35V,1.59539372247203
A35W,1.25682362874998
A35Y,-0.153399166628039
R36A,1.73241825555902
R36C,3.10712800186723
R36D,2.46362793147982
R36E,1.57854219254628
R36F,3.50804533844658
R36G,2.08297950313782
R36H,1.17318093816066
R36I,2.25840878444509
R36K,0.826907019295377
R36L,4.47696878523815
R36M,3.20473608389108
R36N,1.10231630009524
R36P,1.39518371272675
R36Q,1.47427019489772
R36S,1.63443535133434
R36T,1.56710254823848
R36V,1.7518735300801
R36W,3.77396612233318
R36Y,4.61884241382402
S37A,-0.885541980379696
S37C,1.00090854002801
S37D,0.255813901052602
S37E,1.33880922160027
S37F,3.41211663328173
S37G,0.152314117060932
S37H,-0.488306478372101
S37I,1.41018367917223
S37K,1.04274852692324
S37L,1.11269675703522
S37M,2.64707638698046
S37N,-0.50415577599344
S37P,-0.353792631835153
S37Q,-0.110237352200414
S37R,0.0414180587965164
S37T,-0.654101869790139
S37V,1.62278792088882
S37W,2.95848612316055
S37Y,2.33808331734204
K38A,3.65993746712244
K38C,7.17131128613119
K38D,4.94756215364351
K38E,5.18549791772626
K38F,3.85309800643884
K38G,11.4340367955237
K38H,3.01540153771106
K38I,7.82617981817485
K38L,5.56535523493733
K38M,4.76993619167196
K38N,1.34948074384342
K38P,6.64690464197667
K38Q,3.28547230443844
K38R,0.586100454603418
K38S,3.20370176681438
K38T,4.53102448688062
K38V,3.69841816448265
K38W,8.49720425924168
K38Y,6.30225206448932
Q39A,2.48147257358232
Q39C,0.164287198599339
Q39D,1.31138219994527
Q39E,1.25674411696129
Q39F,3.37911977113149
Q39G,0.344477464809798
Q39H,0.07462100311802
Q39I,1.73447393911172
Q39K,-0.507767973624347
Q39L,-0.0962770346533819
Q39M,2.35685730212303
Q39N,-0.816536744212956
Q39P,-0.298804980054093
Q39R,1.67276373881728
Q39S,0.853437175942896
Q39T,0.193704128308526
Q39V,1.88110777982716
Q39W,3.74543936131581
Q39Y,0.535429086279448
R40A,2.50925121381282
R40C,4.01299613227607
R40D,3.88224613967829
R40E,1.348936900093
R40F,3.53987469641466
R40G,2.24988352831594
R40H,7.64028810650246
R40I,3.80149787362999
R40K,-1.02480821610139
R40L,2.38784138719448
R40M,4.97140891237794
R40N,5.5214641727981
R40P,1.84605025775258
R40Q,1.58086204167731
R40S,4.09530793475044
R40T,3.22918252025517
R40V,2.71730703973043
R40W,7.35244936247501
R40Y,4.38477820583751
R41A,2.85842150678803
R41C,3.72667799857911
R41D,2.6811289837574
R41E,3.13666084752681
R41F,4.20920978203452
R41G,1.61617004199657
R41H,2.58676225020102
R41I,1.02514761412985
R41K,1.53202615475456
R41L,3.29583834719373
R41M,3.05008085392769
R41N,1.89333254508187
R41P,0.152186120650268
R41Q,2.34452043711118
R41S,1.37119345457894
R41T,2.03832563658572
R41V,3.64784056764778
R41W,4.09170757336361
R41Y,1.21507462895334
P42A,0.742398685077457
P42C,-0.0957893176698673
P42D,-0.197967405888837
P42E,-0.232132853501832
P42F,-1.39596241016828
P42G,2.15561771476646
P42H,-0.544411374044746
P42I,-1.02402348230291
P42K,1.04131976391526
P42L,-1.55387110561411
P42M,0.599268216751254
P42N,0.214583107291483
P42Q,-0.862594829332944
P42R,-1.26778951531171
P42S,0.139957165427607
P42T,-0.0479590342562025
P42V,0.648702030464422
P42W,-0.118214667035807
P42Y,0.0798580976144955
Q43A,-0.290976757390612
Q43C,1.3905721290049
Q43D,0.977645241836387
Q43E,1.71773214347941
Q43F,-0.154865902071483
Q43G,-1.21029375490508
Q43H,1.26161453378305
Q43I,-0.49000493702696
Q43K,1.12144197692928
Q43L,-0.210904167596452
Q43M,0.531945322707022
Q43N,1.30377496176522
Q43P,-1.14928554292962
Q43R,1.30935984124614
Q43S,1.17220829023287
Q43T,1.05619152651495
Q43V,0.370486860882502
Q43W,0.537238686236922
Q43Y,0.831731844411311
G44A,-0.931142445432109
G44C,1.7597255023922
G44D,-0.328098252520897
G44E,0.220110516034974
G44F,-0.8298873147386
G44H,0.346178229631593
G44I,-0.806936609896024
G44K,2.41899330817313
G44L,-0.812673126779091
G44M,0.453231932271158
G44N,-1.15942290273028
G44P,-0.379047506424816
G44Q,-0.00454853904956601
G44R,-0.454288742597519
G44S,-1.10750804220997
G44T,-0.819290565310739
G44V,1.4661208767429
G44W,-0.0790820435059081
G44Y,-0.502049525834155
L45A,1.21657356536693
L45C,-1.45515820623544
L45D,0.585658676915879
L45E,0.427996465613714
L45F,0.614474236852825
L45G,0.196478619523337
L45H,-1.13722845490953
L45I,3.56141857547974
L45K,0.242610762442416
L45M,-1.1263880827302
L45N,-0.280340608302388
L45P,-0.844647397374481
L45Q,0.243031349988759
L45R,-1.29786693785636
L45S,-1.71133265450114
L45T,-0.0553016263590675
L45V,1.05702940172493
L45W,1.20445510319871
L45Y,-1.55839742936414
P46A,-0.203317648041731
P46C,-0.536002352280215
P46D,-1.33093096987365
P46E,-0.0851902159963011
P46F,0.85898739818285
P46G,0.25371115952607
P46H,-0.611288736214199
P46I,0.175719356671456
P46K,-0.292800968086244
P46L,1.22451881233211
P46M,1.75810803175045
P46N,0.841002904228516
P46Q,1.34581834272577
P46R,0.947867655760229
P46S,-0.202052043196414
P46T,-0.434899119549838
P46V,1.5242227222028
P46W,-0.0221587379771617
P46Y,0.213861311230354
N47A,0.651023710512648
N47C,-0.225301807729914
N47D,0.565498922527049
N47E,0.557524990160289
N47F,1.16393984413482
N47G,-0.649997328186849
N47H,-0.633088964844715
N47I,0.249685869289628
N47K,-1.26260389154724
N47L,-0.280664797941649
N47M,0.17730863571621
N47P,0.539432470350575
N47Q,0.0746107129204903
N47R,0.47816724212209
N47S,-2.87811146882847
N47T,0.847063652918574
N47V,0.355381323736058
N47W,1.15784236672965
N47Y,2.3999427409017
N48A,-2.59056803407478
N48C,1.39164251739285
N48D,-0.771042925120663
N48E,0.846395265812846
N48F,1.54659897591859
N48G,0.675615951916837
N48H,0.304284893059241
N48I,0.740633459237287
N48K,-1.43160516423616
N48L,0.822549447593595
N48M,0.237572387392717
N48P,0.00288073997920228
N48Q,1.20417570914292
N48R,1.5167262100659
N48S,2.47253101899568
N48T,-0.283859087592693
N48V,-0.618441426404023
N48W,0.200079495499053
N48Y,-0.104561043999151
T49A,2.33021948131091
T49C,-0.00524442855825081
T49D,0.97142232660464
T49E,0.374097151220092
T49F,-0.0200253213972376
T49G,0.967461853996869
T49H,-1.01609484003969
T49I,1.74233396429736
T49K,-0.506573802330403
T49L,0.555451779737107
T49M,-0.995669557982519
T49N,-0.0701316603538049
T49P,1.40784232473935
T49Q,0.308460636036701
T49R,-1.59245272354183
T49S,-1.12941271388201
T49V,-1.2124071579413
T49W,-0.523818401659036
T49Y,0.430846165673422
A50C,-0.864954501849583
A50D,2.60488556684046
A50E,4.46359952403489
A50F,0.366701563611292
A50G,-0.506598171383115
A50H,-0.260504334222882
A50I,-1.0746533634335
A50K,-0.968542807136793
A50L,2.09978988758055
A50M,0.710839716483388
A50N,-0.952797050248781
A50P,-0.208068117963342
A50Q,-0.392455457647236
A50R,0.883529695563404
A50S,0.398453404012128
A50T,1.95814601586628
A50V,0.237338753860355
A50W,-1.19982772424884
A50Y,0.133636113521949
S51A,0.0740686695892407
S51C,4.22473423985621
S51D,8.40559916966233
S51E,3.13800880448951
S51F,6.23092349368812
S51G,0.501456648829664
S51H,2.08787631212103
S51I,5.98995596102016
S51K,1.8946699642771
S51L,5.78753883345372
S51M,4.43947323607091
S51N,0.956591943246746
S51P,1.66212372608422
S51Q,2.99730005284774
S51R,3.96231819537481
S51T,1.89795067636829
S51V,4.32514230952226
S51W,11.4340367955237
S51Y,3.82745080956772
W52A,0.442028005558978
W52C,-1.17066567496899
W52D,2.52570594052089
W52E,3.11777147685631
W52F,0.548079833447467
W52G,2.18188679761044
W52H,0.62752751509019
W52I,0.975448296030541
W52K,-0.758610268377436
W52L,-0.466466494082361
W52M,1.74787595415083
W52N,2.36206168907399
W52P,6.06753441013298
W52Q,-0.702311948763465
W52R,-0.78139410551653
W52S,-0.0599430202638005
W52T,0.739164254271916
W52V,1.19187274688725
W52Y,0.322178574450658
F53A,1.89808242288204
F53C,-0.895174928970478
F53D,8.52931935133014
F53E,6.30854157496879
F53G,2.07859609340829
F53H,0.565933401993015
F53I,1.92010440487224
F53K,2.1229311307226
F53L,1.42067727576708
F53M,-0.74505962080495
F53N,-0.279629224311552
F53P,8.56600613849902
F53Q,0.477428047365568
F53R,0.644283171980599
F53S,1.65624664559347
F53T,1.33995204374795
F53V,1.79522083869338
F53W,2.11720236916678
F53Y,0.817940165660433
T54A,-0.111159686646661
T54C,5.03490248117247
T54D,0.194031561913071
T54E,-0.722469525598743
T54F,1.72135440522768
T54G,0.682065118224436
T54H,1.24499522117599
T54I,0.135317176134299
T54K,3.55817536341791
T54L,1.95694642123496
T54M,0.0898670157341684
T54N,-0.810915304957347
T54P,0.48335492982298
T54Q,-0.0230793329576424
T54R,1.50798873868259
T54S,0.440391158913404
T54V,1.21163026435238
T54W,-0.353118104319407
T54Y,0.427834726859354
A55C,1.9391160394736
A55D,0.328525007592906
A55E,-0.453196046134285
A55F,-0.74637016351629
A55G,-0.773161379288355
A55H,0.280008859938862
A55I,1.85548171773499
A55K,0.140370424684977
A55L,1.42793321218275
A55M,0.413185743910811
A55N,4.23479645968668
A55P,3.73152810621814
A55Q,0.24770129128471
A55R,-0.437896977135886
A55S,-0.0685093460461052
A55T,0.91538637867499
A55V,0.165671546347012
A55W,-1.15916592345564
A55Y,5.25819131870175
L56A,-0.419425561171778
L56C,3.40154569233625
L56D,6.40493634184973
L56E,2.10882410647407
L56F,-1.27786668195416
L56G,0.209647796536057
L56H,0.277887181008731
L56I,2.96373664893428
L56K,2.22545441375454
L56M,-0.742985957913236
L56N,0.966881983491147
L56P,1.87201079143031
L56Q,1.00490195134295
L56R,1.49524419565281
L56S,2.61549350882921
L56T,0.718533727242016
L56V,0.159438887347523
L56W,0.237222102089539
L56Y,0.913471626161751
T57A,1.6721468355294
T57C,0.744887772580604
T57D,-0.46145616236725
T57E,-1.09803484592011
T57F,-1.80971037796245
T57G,-0.812286739492075
T57H,1.66481547779462
T57I,-1.02656067485711
T57K,-0.815615401706428
T57L,-0.0988784105179233
T57M,-0.13685250017655
T57N,-1.17032824495257
T57P,5.55889961325828
T57Q,-0.477329851544254
T57R,-0.605815687205609
T57S,0.343199507113742
T57V,-0.660085040779903
T57W,0.322525935879874
T57Y,0.513393412613592
Q58A,-0.394111220019158
Q58C,0.139809314197625
Q58D,1.89778501123785
Q58E,0.772899616183865
Q58F,-0.943008096512826
Q58G,3.01098993508431
Q58H,0.499591612055266
Q58I,-0.537092792599758
Q58K,1.0296906980203
Q58L,0.211735917166072
Q58M,0.418090313867557
Q58N,0.668101337533663
Q58P,0.0671678009302171
Q58R,-1.48193404882424
Q58S,2.13859533447795
Q58T,1.56100264215995
Q58V,-1.10362767016134
Q58W,0.691594359247369
Q58Y,-0.499751462862009
H59A,1.29244112547254
H59C,-1.08860149834049
H59D,0.0101021173929386
H59E,1.53749599328527
H59F,-0.465344796144979
H59G,-0.757933042187453
H59I,0.709254443165793
H59K,0.132471916056776
H59L,-1.24033869504171
H59M,-2.71579779582276
H59N,-0.383836701262054
H59P,-0.292788875256852
H59Q,-0.483900733760628
H59R,1.75749304606915
H59S,1.18275248965853
H59T,-0.210317670077633
H59V,-0.244407702809513
H59W,4.00876477018347
H59Y,-1.24826676994323
G60A,-0.116240242282078
G60C,0.182563777828367
G60D,0.605660840199823
G60E,2.81925770748867
G60F,2.7013742500281
G60H,1.8401615811721
G60I,-0.374711859458544
G60K,0.245402833763068
G60L,1.09867658636317
G60M,0.146169037332072
G60N,-0.397665392290041
G60P,0.48177793038575
G60Q,2.32041558242542
G60R,0.937769690792214
G60S,-0.314697803265941
G60T,-0.19548314134499
G60V,0.168629109463931
G60W,0.226628319234304
G60Y,-0.362219070480407
K61A,-0.401575248771455
K61C,0.160142451607657
K61D,-0.920532723510727
K61E,-1.30813932270959
K61F,2.22385978332722
K61G,-1.37867336715613
K61H,2.10101857400219
K61I,1.73014068002468
K61L,0.00427376678857109
K61M,0.02896128680681
K61N,0.375627313292235
K61P,1.23466226763026
K61Q,-1.59639096694034
K61R,-0.364957495700132
K61S,-0.206343559121981
K61T,-1.27108231130472
K61V,-0.391111040194837
K61W,-0.248474643491425
K61Y,-0.586002257702883
E62A,1.13476048359882
E62C,0.434388373007944
E62D,-1.70678797889843
E62F,1.64211645903124
E62G,0.364365058213946
E62H,1.48414672983124
E62I,0.488965027356598
E62K,0.0181221910633323
E62L,0.897400563244512
E62M,0.0681968207558377
E62N,0.150207338733833
E62P,2.22153883879014
E62Q,0.32091941819784
E62R,3.06624129988213
E62S,2.48747489202893
E62T,1.22202902330665
E62V,-0.426701305105654
E62W,1.12679256957882
E62Y,0.426481678691457
D63A,-0.278098589227563
D63C,-1.39207564014637
D63E,-0.320583158974458
D63F,0.246114674415805
D63G,-2.29765541419679
D63H,0.37055941457003
D63I,0.390049585139932
D63K,-0.279176334757838
D63L,0.228358401186913
D63M,-1.03303082171216
D63N,-0.5879830945228
D63P,0.751115631837528
D63Q,-0.745344053398309
D63R,2.5497568248943
D63S,-0.490097387311323
D63T,-0.723822397798086
D63V,-1.18987262460876
D63W,-0.494423411418363
D63Y,0.610881097673328
L64A,0.536459016887505
L64C,1.74724897148848
L64D,1.45863179846254
L64E,0.328575834698801
L64F,0.503068366321715
L64G,2.05967656144254
L64H,1.1622075935677
L64I,-0.168102766227543
L64K,1.47964709549579
L64M,-0.471687684056242
L64N,-0.0397680157244764
L64Q,0.476287088513989
L64R,0.671389834193944
L64S,-1.29579923557507
L64T,1.36653829091296
L64V,0.140092161043585
L64W,-0.358854581746715
L64Y,1.61986336078618
K65A,2.27358755751185
K65C,-0.101051381850449
K65D,-0.425928217648406
K65E,1.86378960141426
K65F,-0.482672626148132
K65G,1.07127331877985
K65H,0.0514532306751588
K65L,-0.630112073550355
K65M,1.09240046885628
K65N,0.153111655998898
K65P,1.96302520604449
K65Q,-0.279781490810498
K65R,0.0581535964987643
K65S,-1.48038314606852
K65T,-0.312105661589971
K65V,0.889452994521034
K65W,0.332427669711261
K65Y,2.06306111056888
F66A,1.39605324821935
F66C,11.4340367955237
F66D,6.88207460272721
F66E,6.80617955086592
F66G,2.08157817822764
F66H,0.347410606247929
F66I,1.64052190045872
F66K,2.39207454540026
F66L,1.89959240366027
F66M,-0.244139439265162
F66N,3.67222365032798
F66P,3.38684705831369
F66Q,2.03255474027896
F66R,2.82451915162135
F66S,1.22352797073302
F66T,4.02234104423714
F66V,1.25469118607746
F66W,-0.756193896291568
F66Y,-1.41144760716217
P67A,-0.121278273622033
P67C,0.324447552699778
P67D,5.91701009460539
P67E,-0.040448446303721
P67F,0.942186823591059
P67G,0.0126919176160481
P67H,0.602059396562098
P67I,0.0719646358929804
P67K,0.260228481734122
P67L,-0.113566816750383
P67M,0.00473750114685168
P67N,-0.301341482012045
P67Q,0.25753738773088
P67R,0.126084117375575
P67S,2.02948460444913
P67T,1.13801512476322
P67V,0.172931090502268
P67W,1.5720507524425
P67Y,1.88670668765062
R68A,0.398431408244191
R68C,-1.8837740388269
R68D,-0.649536073255851
R68E,-0.118459018550826
R68F,-0.305311917993626
R68G,-0.0638645035267029
R68H,0.599406429629972
R68I,-1.01343654095811
R68K,-0.286240990947568
R68L,3.19804093348987
R68M,-0.0226465135097914
R68N,0.425639110611177
R68P,-0.0189054077494947
R68Q,-0.073419832192608
R68S,-0.940078552832385
R68T,-0.606113335018695
R68V,1.80373017195873
R68W,-0.839283163477055
R68Y,1.5008747533699
G69A,3.11155292880034
G69C,2.43436298602844
G69D,0.946165269361287
G69E,0.626997839277643
G69F,-0.536928634496259
G69H,3.05928927372624
G69I,3.01132056494619
G69K,0.638492265787775
G69L,0.935613306666428
G69M,0.739825407761524
G69N,-0.637609933332799
G69P,3.29455477050453
G69Q,1.91958244341651
G69R,0.203817166800237
G69S,0.112520724517956
G69T,1.00282284844009
G69V,2.92784548610392
G69W,0.0623727126528306
G69Y,1.69798182341948
Q70A,-0.0797158304272013
Q70C,2.37446194551588
Q70D,-0.219200513561558
Q70E,-0.538904716396638
Q70F,5.15170219220053
Q70G,0.176905664520245
Q70H,0.339922060637138
Q70I,1.3158913545783
Q70K,0.947207395997383
Q70L,-0.033572322775091
Q70M,-0.182055133793219
Q70N,-0.365383503972009
Q70P,0.705970931213301
Q70R,2.07641241056141
Q70S,0.669253387166844
Q70T,0.335649027758529
Q70V,0.121868042551313
Q70W,1.20265594065826
Q70Y,0.0278712366627731
G71A,1.79259807279265
G71C,0.184534082671049
G71D,6.54665448289003
G71E,2.44264686959819
G71F,5.47251146122472
G71H,6.79011880853866
G71I,9.38933333349684
G71K,4.35767895199922
G71L,9.41593680729168
G71M,8.35296313542807
G71N,2.01200699910589
G71P,7.20596626198476
G71Q,7.89038476816064
G71R,5.23214333511751
G71S,2.8925766541919
G71T,7.61211519521361
G71V,7.33640416652283
G71W,8.05068420896887
G71Y,3.29524531427256
V72A,1.5382065651941
V72C,5.77492925933562
V72D,6.64588098562845
V72E,8.62651619748288
V72F,0.42610742948138
V72G,6.43203483568337
V72H,2.69375706398137
V72I,0.371204830029566
V72K,3.04948714852326
V72L,0.473257347866731
V72M,1.67299941355109
V72N,1.38392775217681
V72P,1.79213415436631
V72Q,3.57556625934832
V72R,8.98143682693825
V72S,2.7150048531647
V72T,1.25075960588384
V72W,3.76091737049854
V72Y,3.09796564060479
P73A,1.22837117722054
P73C,-0.244659685701614
P73D,11.4340367955237
P73E,11.4340367955237
P73F,11.4340367955237
P73G,1.44491618702917
P73H,7.25732346022244
P73I,5.79245254114448
P73K,11.4340367955237
P73L,2.9397896070176
P73M,6.74105260735411
P73N,8.67265700134794
P73Q,8.31173105251402
P73R,5.30027245351487
P73S,3.13027008650409
P73T,5.35666913487385
P73V,4.48587447887794
P73W,11.4340367955237
P73Y,11.4340367955237
I74A,-1.28246187160586
I74C,0.276180949618156
I74D,0.0768555954640356
I74E,-0.933821271866417
I74F,-0.97340247120652
I74G,-0.93400282498007
I74H,1.31185683422626
I74K,-0.0770840780828831
I74L,-0.458485275289636
I74M,0.138763812665309
I74N,2.32092216883663
I74P,-0.230733281810993
I74Q,-0.595000075239807
I74R,0.312366074475183
I74S,-0.738850874431551
I74T,-0.538583768519857
I74V,0.0915941779439654
I74W,-0.0526725065995772
I74Y,-0.346711265503541
N75A,-0.876136493726645
N75C,3.44058184439112
N75D,-0.120796833271691
N75E,0.359788465891631
N75F,0.437669539993395
N75G,-0.921993971248005
N75H,-0.764420761871562
N75I,0.600066622232041
N75K,0.203681359592066
N75L,0.600367650451175
N75M,-0.0689973518212478
N75P,7.52822305707298
N75Q,-0.402964287081318
N75R,-0.607344202319163
N75S,-0.854452227452094
N75T,2.14323228861706
N75V,0.555704127278757
N75W,-0.739758306330875
N75Y,1.37028283827648
T76A,0.981407136853252
T76C,0.52679555312676
T76D,0.121245013503809
T76E,0.391338779308824
T76F,-0.214503386335106
T76G,-0.282946977617135
T76H,0.0101374992785841
T76I,-2.13576316977271
T76K,-1.71133265450114
T76L,-0.424381763114756
T76M,0.278156782915568
T76N,-1.51846093776231
T76P,-0.249646222284851
T76Q,-0.829830135405777
T76R,-1.89320426058324
T76S,0.571887868701809
T76V,0.15554163572011
T76W,-0.930513765347221
T76Y,-0.842859201544049
N77A,0.739458452498178
N77C,6.03452816355954
N77D,0.703671840033129
N77E,3.47355333382001
N77F,0.456406628178667
N77G,-0.273731482615786
N77H,0.590473895901926
N77I,0.015590302025415
N77K,-1.54900302113941
N77L,0.2493928552576
N77M,0.35015090567257
N77P,2.2324714417579
N77Q,-0.0742634733669617
N77R,1.77819730684871
N77S,0.134722658134554
N77T,3.09311814981703
N77V,-0.0454005290583448
N77W,-0.183814164370112
N77Y,1.45792865894351
S78A,0.299880915313199
S78C,0.309772301909142
S78D,-1.50578433282442
S78E,-0.592570520387733
S78F,-0.675318958479266
S78G,-0.420263823910027
S78H,-0.273386483885396
S78I,-1.08872459360045
S78K,1.27815111802538
S78L,-1.29956688699165
S78M,0.164654221993583
S78N,-0.578031711044394
S78P,-0.181482342944506
S78Q,-1.04207782975253
S78R,0.372493921025313
S78T,0.925667089770096
S78V,2.80428577478731
S78W,-0.902894504052664
S78Y,-0.111384672096801
S79A,4.02385278965145
S79C,0.111125642115118
S79D,0.620014264804672
S79E,-1.19112008209286
S79F,0.3678946118616
S79G,-0.0649263128582485
S79H,0.875767326229689
S79I,0.128985937899999
S79K,1.68034584731389
S79L,0.362733866336324
S79M,0.447035532366805
S79N,-0.694262029671309
S79P,0.0436381793565738
S79Q,-0.746249208557656
S79R,-0.1309504122643
S79T,-1.42861757011997
S79V,0.04291846640613
S79W,1.03659083370859
S79Y,0.99567498014126
P80A,-0.0388876480928593
P80C,0.578818188393884
P80D,-0.82790037136176
P80E,1.19824173808082
P80F,-0.184661326488411
P80G,-0.746328117122271
P80H,0.814527033000733
P80I,-0.451586270496875
P80K,-1.07019597275739
P80L,-0.290252273040592
P80M,-0.889447337432631
P80N,0.0321454681765997
P80Q,-0.194096742632326
P80R,0.179733373678808
P80S,0.547080990537451
P80T,1.82113573882341
P80V,-0.710507972120335
P80W,0.232195139386321
P80Y,-1.11730914364223
D81A,-0.205307604248892
D81C,1.24209235957275
D81E,1.52123424480705
D81F,3.65087645387908
D81G,1.54287883175826
D81H,-1.04481969206121
D81I,-0.505600731319169
D81K,-1.00063138435453
D81L,2.38628761064303
D81M,-1.92004373506062
D81N,1.23542840223854
D81P,0.510392991132924
D81Q,-0.593412244876906
D81R,-0.170431768007672
D81S,-0.437051691361106
D81T,0.722333565038315
D81V,-0.673915703344915
D81W,1.89529246160529
D81Y,-0.618972026282934
D82A,-0.584633987368296
D82C,3.8240274043611
D82E,-0.40965087470027
D82F,0.489454788413958
D82G,-0.46785981857326
D82H,2.88167047275618
D82I,11.4340367955237
D82K,4.00046588196548
D82L,2.04057007915635
D82M,1.71425276973994
D82N,2.6227765140205
D82P,3.0730087308797
D82Q,0.674784397646388
D82R,3.73790437086842
D82S,1.42245395544851
D82T,0.442132765348808
D82V,1.11664747930764
D82W,2.16750213554462
D82Y,3.55644986986236
Q83A,-0.529105077182013
Q83C,2.58676282951982
Q83D,-0.437560659919568
Q83E,-0.566950301411808
Q83F,0.834581373136946
Q83G,-1.02139355451174
Q83H,-1.08412231342764
Q83I,3.14336849131219
Q83K,0.358220504378502
Q83L,1.4007521609984
Q83M,-1.05451320126572
Q83N,-0.806936609896025
Q83P,1.93187331166136
Q83R,0.00836117757525393
Q83S,-0.544147155383839
Q83T,1.23243561155367
Q83V,1.28843382325059
Q83W,0.333326721731983
Q83Y,-0.205292503974316
I84A,1.72947598845533
I84C,1.36064388012139
I84D,4.86858294491538
I84E,4.77753988040646
I84F,3.11245840351932
I84G,1.17076170558006
I84H,3.17313438608842
I84K,0.240565180309256
I84L,-0.148832268825062
I84M,0.516972375187701
I84N,0.909512659833427
I84P,11.4340367955237
I84Q,1.44710561545233
I84R,1.66541713370139
I84S,-0.517845957823237
I84T,0.186763031371823
I84V,-0.117145984681652
I84W,3.84114727866121
I84Y,2.60882633019775
G85A,9.14301236109097
G85C,3.22688297331125
G85D,6.85081330875181
G85E,10.4927306039833
G85F,8.44823158188493
G85H,8.02428040700258
G85I,11.4340367955237
G85K,7.6100193779069
G85L,9.12436306902597
G85M,11.4340367955237
G85N,5.16392029271163
G85P,11.4340367955237
G85Q,11.4340367955237
G85R,4.10150470948826
G85S,11.4340367955237
G85T,11.4340367955237
G85V,11.4340367955237
G85W,11.4340367955237
G85Y,11.4340367955237
Y86A,7.22026154101489
Y86C,-0.472586009878819
Y86D,11.4340367955237
Y86E,5.66277741358677
Y86F,2.33807538129987
Y86G,6.93124902444184
Y86H,8.20838697953797
Y86I,11.4340367955237
Y86K,7.44400663742871
Y86L,6.4624818868204
Y86M,1.88323490575821
Y86N,6.35999401914903
Y86P,11.4340367955237
Y86Q,3.56864122227924
Y86R,1.67022365477913
Y86S,4.99090298037201
Y86T,11.4340367955237
Y86V,11.4340367955237
Y86W,11.4340367955237
Y87A,11.4340367955237
Y87C,-0.101759333758868
Y87D,4.6295985232376
Y87E,5.80010811059122
Y87F,-0.901834031942793
Y87G,11.4340367955237
Y87H,0.799870707048646
Y87I,7.29452957035611
Y87K,7.31299514868064
Y87L,3.58715741128021
Y87M,1.62287221546409
Y87N,5.03253847570303
Y87P,5.35145326264661
Y87Q,6.70615877281815
Y87R,11.4340367955237
Y87S,6.32981322923784
Y87T,6.27357959356155
Y87V,7.43795967605922
Y87W,0.431976273197588
R88A,-1.16521470621599
R88C,-0.536666733515209
R88D,-0.0444849592269267
R88E,-0.698710919888552
R88F,3.15323058169397
R88G,0.273950217812897
R88H,-0.0890209150774176
R88I,1.06158080040064
R88K,-0.863791204191371
R88L,0.511142052372312
R88M,-0.280666744850027
R88N,0.182330446345591
R88P,8.81223574228662
R88Q,0.934354856231266
R88S,1.15831252374714
R88T,-0.179218211148448
R88V,-0.153692030642468
R88W,1.73092000674249
R88Y,-1.64402969265446
R89A,-1.12497872398696
R89C,1.94330193313452
R89D,-0.80892197247274
R89E,0.042848699319648
R89F,0.958540915139034
R89G,0.213985653480835
R89H,0.764561413558463
R89I,-0.809083093513312
R89K,-0.303379273758196
R89L,0.539870455737527
R89M,3.40217633585226
R89N,1.14367396706668
R89P,-1.44527930567056
R89Q,2.26053934790796
R89S,0.417434643357394
R89T,0.688291479442491
R89V,-0.252998046778901
R89W,1.87107071403452
R89Y,0.494832854564002
A90C,0.621066620746964
A90D,0.107869358728979
A90E,-0.729267876308875
A90F,-1.03916588120887
A90G,-0.999182066270934
A90H,-1.03425384925686
A90I,-0.643342678088902
A90K,0.149512234705407
A90L,5.33143391730839
A90M,1.65367310495062
A90N,-0.439617668523001
A90P,-0.405567168873949
A90Q,1.15430632139178
A90R,1.22564043319604
A90S,-0.116551417924306
A90T,0.57731217072631
A90V,0.63519914244299
A90W,0.495286260711275
A90Y,0.243836953360584
T91A,0.918718192410194
T91C,-0.540803158695964
T91D,0.999236385411923
T91E,0.0578152249419032
T91F,-0.951319570188897
T91G,1.35886016982303
T91H,-0.0310910569562489
T91I,1.31250496819077
T91K,-0.0905410345784645
T91L,0.198913105110455
T91M,0.462121073970739
T91N,-0.186455756067519
T91P,1.43486646122445
T91Q,0.236322366703997
T91R,-0.999391838231273
T91S,-0.104730146468108
T91V,-0.3563917212161
T91W,-0.906600344255649
T91Y,-0.35759891093522
R92A,1.60000995583777
R92C,0.674112299423245
R92D,-0.553607561038336
R92E,-0.0313442294392777
R92F,-1.00708239541131
R92G,-0.423169444432542
R92H,-1.14163569266213
R92I,-1.07960032506278
R92K,0.693934322377592
R92L,-1.29898165443906
R92M,-1.65045728850139
R92N,-0.0167099490344325
R92P,2.85214592758408
R92Q,-0.610005896974088
R92S,1.1224773007786
R92T,6.45364302886357
R92V,-1.0330993470832
R92W,-1.05622725262393
R92Y,-0.715159049261023
R93A,-0.836177410729799
R93C,1.51228455774098
R93D,-1.17132145536847
R93E,-1.80633829388009
R93F,0.243152450517904
R93G,0.335198464280186
R93H,-0.309317397708737
R93I,-0.226375760707861
R93K,0.020702727816386
R93L,-0.00834639674210347
R93M,-1.53258959915625
R93N,-0.218027287267952
R93P,-2.38850117408372
R93Q,4.66472911888817
R93S,0.0711181293402425
R93T,-0.0545016318567811
R93V,-1.0541796445033
R93W,0.362796575508523
R93Y,5.53975000193917
I94A,1.143458902027
I94C,-1.08143856464114
I94D,-1.15003314482744
I94E,-0.808611124877702
I94F,1.10059609666192
I94G,-2.09773646634702
I94H,-0.426468228333375
I94K,0.0535975939294441
I94L,0.977777654652477
I94M,0.0907940442430978
I94N,-0.779900371761822
I94P,-1.90703181835458
I94Q,1.75027120698251
I94R,0.531043297459251
I94S,0.127087037097638
I94T,0.33238015083723
I94V,-1.34336490434858
I94W,0.155780536577679
I94Y,-0.753177903367592
R95A,-0.515345285051629
R95C,0.329486813708708
R95D,-0.779329341453284
R95E,-0.40141959855518
R95F,-0.41435262711867
R95G,-0.992215421472712
R95H,-0.0385651620981955
R95I,-0.0926243618476618
R95K,2.0336560857074
R95L,0.148189228047802
R95M,-0.681232377962206
R95N,-0.616215335164904
R95P,-0.681648897223384
R95Q,-0.781604275247733
R95S,-1.25157444997975
R95T,-2.19519485207114
R95V,-0.44143694308436
R95W,0.779845044035708
R95Y,0.0372459396175937
G96A,-1.48189654167934
G96C,0.222280992644512
G96D,-0.781401825404879
G96E,0.950348867708405
G96F,2.78982838970271
G96I,3.05299610748658
G96K,1.00687042845318
G96L,-0.768552759033083
G96M,-0.129596428169212
G96N,-0.21601283617467
G96P,4.59935214194161
G96Q,-1.33991239560141
G96R,0.525666220708
G96S,-0.730310350615309
G96T,-1.02597221093007
G96V,-1.07799623174313
G96W,-0.456699179542346
G96Y,-0.350659260909852
G97A,-0.955084726822828
G97C,2.67990315239599
G97D,-0.559825675615835
G97E,-0.424952607851208
G97F,0.105153629306363
G97H,2.61691235264358
G97I,3.12149476506379
G97K,-0.19068862937012
G97L,-1.81723882762988
G97M,0.605706619394518
G97N,-1.27439567802438
G97P,-0.172678121122539
G97Q,4.22823187667974
G97R,0.0173879567173022
G97S,0.0441144828674325
G97T,-1.01704929610245
G97V,-0.342485325119387
G97W,1.22699766463425
G97Y,1.9539854604863
D98A,-0.305683527140193
D98C,0.470175148482293
D98E,0.389342603816504
D98F,-1.09868581242502
D98G,0.88143042989415
D98H,-0.660390363819048
D98I,0.535388246035942
D98K,-0.758453924393111
D98L,-0.169750381700774
D98M,-0.233275266624753
D98N,0.891341003102932
D98P,-1.93708134429839
D98Q,0.57926958843571
D98R,-0.0490044609368394
D98S,-0.0180301000955306
D98T,0.211633375707921
D98V,-0.583966142998355
D98W,-0.651249264422509
D98Y,0.0365215468282199
G99A,-0.398527888032697
G99C,-0.430491906767588
G99D,2.06541462011252
G99E,-1.14465227998336
G99F,0.8125033705507
G99H,-1.65272536495983
G99I,-0.142513035862566
G99K,3.42594233811218
G99L,1.62578318635298
G99M,-1.2727366574084
G99N,0.194360347255469
G99Q,0.503688986105591
G99R,-0.977055641961319
G99S,-0.320646517220988
G99T,0.18585115103541
G99V,0.0148190927483289
G99W,0.523559907550528
G99Y,-0.339251030086678
K100A,-1.13028444658139
K100C,0.18990311184083
K100D,3.22372162133299
K100E,1.75127712690536
K100F,-1.14988908549502
K100G,0.546332056531676
K100H,1.36592424031366
K100I,1.6136548319164
K100L,2.46724621125004
K100M,0.963585206001844
K100N,-1.70208761995118
K100P,-0.740104398997228
K100Q,-0.780098818217475
K100R,-0.070154362836818
K100S,-0.366630230046665
K100T,-1.02270464101579
K100V,0.281813289619235
K100W,0.619862833842865
K100Y,-0.439433027436989
M101A,-0.483525491294765
M101C,-0.426141082308045
M101D,0.0724654485250408
M101E,-0.128758850373433
M101F,0.719502298378262
M101G,-1.35423591022238
M101H,0.796628723686421
M101I,0.585910783446351
M101K,1.05579736664823
M101L,-0.602291317629642
M101N,2.14317080580372
M101P,-1.17926552982359
M101Q,-0.874280083732592
M101R,-1.53831146038289
M101S,-2.17317672499098
M101T,-0.624668354436246
M101V,0.699013946603138
M101W,0.311048008269084
M101Y,0.987177073245203
K102A,0.775646483096051
K102C,-0.979795191837686
K102D,-0.778474484280468
K102E,-1.03298589257346
K102F,-0.313772614794793
K102G,-1.31336909391887
K102H,1.76752248908403
K102I,2.38448413360785
K102L,-1.48076085743144
K102M,0.908798965766478
K102N,-0.575270618524115
K102P,-0.968651652374159
K102Q,-0.688862726042683
K102R,-0.504887166358795
K102S,0.296074388397597
K102T,-1.14946890645378
K102V,2.43304147782472
K102W,1.11797730286291
K102Y,0.259490025676394
D103A,-1.70268976826826
D103C,1.75587981032428
D103E,0.283618504751623
D103F,-0.029430058590833
D103G,-0.616371411213986
D103H,-0.704529641714885
D103I,5.86390410696081
D103K,-0.100443796548717
D103L,0.248425522937598
D103M,0.658366159882323
D103N,-0.997606279568887
D103P,-0.417302321197183
D103Q,1.31601590438589
D103R,-0.565453135510702
D103S,-0.635803521265336
D103T,-1.43972971406886
D103V,-0.315549139768751
D103W,0.0715167895667544
D103Y,-0.374065775385719
L104A,-1.31219138015069
L104C,-0.805421278794663
L104D,0.515045368008233
L104E,-1.34929571109101
L104F,1.89140982829495
L104G,5.79415490668226
L104H,-1.86841437255029
L104I,-0.578430497676587
L104K,0.552451973539298
L104M,-0.453391356971805
L104N,0.159819636757913
L104P,0.71826304734692
L104Q,-1.81952180207116
L104R,0.297888877690199
L104S,-0.172075681227298
L104T,0.131748666315131
L104V,-0.575949737200531
L104W,0.729059899845572
L104Y,-1.92047432870789
S105A,-1.06049462640508
S105C,2.15038015297603
S105D,-1.1331659571106
S105E,0.414854959368589
S105F,-0.108927617394622
S105G,-0.785894656931845
S105H,-0.743635878087426
S105I,-0.594870727426181
S105K,-0.84612965382459
S105L,-0.478913665488815
S105M,-0.292510767068626
S105N,1.0012966428144
S105P,-0.372958257238276
S105Q,-0.261253046749283
S105R,-0.486763155070201
S105T,-0.994275361939956
S105V,-0.45614613084723
S105W,-1.09953956446019
S105Y,-1.97806280070375
P106A,-0.579144703460599
P106C,-1.04883521118871
P106D,-0.997606279568887
P106E,0.672955245679304
P106F,1.06662990699477
P106G,3.14752554345199
P106H,-1.09682258315491
P106I,-0.297018875473411
P106K,-0.838266686772544
P106L,-0.902503120029314
P106M,0.021337877001094
P106N,-0.343139705068254
P106Q,2.98019566672694
P106R,-0.344533424538582
P106S,-2.58560662471493
P106T,-1.10572085827555
P106V,-0.5832002597108
P106W,-0.922294981937153
P106Y,-0.068491392726262
R107A,-0.850548958233603
R107C,-0.702066023245119
R107D,0.873933079313826
R107E,-0.0567870633768145
R107F,1.13687481113588
R107G,-0.101184034599829
R107H,-0.679046082445332
R107I,-0.0461439431118823
R107K,1.80158007598856
R107L,-1.71987403481179
R107M,-0.458965876191504
R107N,-0.977731564314776
R107P,1.83664506981576
R107Q,0.209611608252259
R107S,0.802873160597377
R107T,-0.956377117928917
R107V,1.48617901707464
R107W,-0.651427420868309
R107Y,-1.19005964174932
W108A,0.285331393981171
W108C,8.35620498848941
W108D,4.08141632429975
W108E,5.60258574676174
W108F,0.798791276056437
W108G,1.79763122871404
W108H,-0.504326152299359
W108I,1.07074132041279
W108K,1.9101129200133
W108L,2.48232909837825
W108M,1.17514789171044
W108N,1.48556021633316
W108P,6.68757631865589
W108Q,4.06249677441804
W108R,1.90249615591737
W108S,3.41022893088513
W108T,2.57090004160451
W108V,1.15980529977122
W108Y,-0.878991628288773
Y109A,1.35774732883109
Y109C,5.53730761828918
Y109D,1.26956095784192
Y109E,0.69068546640963
Y109F,-0.6068929965498
Y109G,-0.00668365907397149
Y109H,-1.21823676863331
Y109I,-0.312300912649438
Y109K,0.188260947537598
Y109L,0.456767661701221
Y109M,-0.684365838991178
Y109N,0.0548859308476206
Y109P,4.15233171283949
Y109Q,-0.141918536036334
Y109R,2.2541443303488
Y109S,-1.03596793063558
Y109T,1.04373751722125
Y109V,-0.744481400503773
Y109W,-0.934987511047823
F110A,6.63715690753598
F110C,9.62065250080505
F110D,5.10624860470844
F110E,11.4340367955237
F110G,3.45566784110529
F110H,7.87998394413114
F110I,2.32611569706837
F110K,11.4340367955237
F110L,7.16209906032625
F110M,2.45277136347628
F110N,5.60098306095594
F110P,11.4340367955237
F110Q,11.4340367955237
F110R,2.68658712198751
F110S,11.4340367955237
F110T,4.69751520344151
F110V,8.99226084200321
F110W,2.25050067587382
F110Y,-0.0804723827930248
Y111A,3.02979241651242
Y111C,11.4340367955237
Y111D,6.90455781042495
Y111E,3.29094145046243
Y111F,-0.283889188104066
Y111G,4.07403514782822
Y111H,0.176839588428925
Y111I,8.14764808733317
Y111K,11.4340367955237
Y111L,10.5700546201943
Y111M,2.99797875513982
Y111N,3.42999166776033
Y111P,6.91195428891239
Y111Q,2.90538864373859
Y111R,11.4340367955237
Y111S,2.55732573772387
Y111T,11.4340367955237
Y111V,8.7972261266502
Y111W,0.967539309760703
Y112A,5.03530103903324
Y112C,-1.42123079650572
Y112D,2.56580709692397
Y112E,3.98235320998054
Y112F,0.830160399489151
Y112G,5.17376461129903
Y112H,2.0000460031472
Y112I,8.51479743850457
Y112K,11.4340367955237
Y112L,2.77585576030979
Y112M,3.42587633080579
Y112N,1.32468063447002
Y112P,4.10471359695835
Y112Q,3.82338469772268
Y112R,6.35604818300925
Y112S,1.84522829839535
Y112T,3.99347640521056
Y112V,11.4340367955237
Y112W,-0.98937652488917
L113A,1.31549760720684
L113C,8.96535125765344
L113D,2.92126343985562
L113E,2.24636535162331
L113F,0.538448107794692
L113G,0.230279217469194
L113H,1.0825008097777
L113I,0.0189797755444186
L113K,2.10669512175887
L113M,1.09627939899475
L113N,1.97956027070165
L113P,1.4723577900036
L113Q,-0.322190530858273
L113R,3.42883330388764
L113S,1.44404301504412
L113T,0.182454317037174
L113V,0.39798792314868
L113W,3.69189111011977
L113Y,-0.154598735027985
G114A,2.03326137836164
G114C,11.4340367955237
G114D,0.781335590239137
G114E,2.565736552743
G114F,1.43779756048383
G114H,-0.390652394762321
G114I,2.27392959234362
G114K,1.34043507812133
G114L,2.04668435642149
G114M,1.45300795912784
G114N,-0.497623704562788
G114P,6.69761980028627
G114Q,2.57747507185704
G114R,1.9740032325689
G114S,1.82039467034376
G114T,1.47196377864136
G114V,11.4340367955237
G114W,2.61459491888789
G114Y,2.26821877687552
T115A,1.42101930839828
T115C,3.78115454050281
T115D,4.63232156321986
T115E,1.67258598749262
T115F,7.62611449584456
T115G,2.82689413669102
T115H,2.21699246384353
T115I,4.87169995790361
T115K,2.49678898167966
T115L,2.25090665024042
T115M,1.43044250951035
T115N,2.59557009360058
T115P,4.95514502405743
T115Q,0.655222991820121
T115R,4.73428167800458
T115S,1.1843486601751
T115V,2.52942081993522
T115W,1.86106157333972
T115Y,4.12591771346287
G116A,11.4340367955237
G116C,5.50611511882375
G116D,7.55346591416637
G116E,5.88218643749986
G116F,11.4340367955237
G116H,11.4340367955237
G116I,11.4340367955237
G116K,5.77444277600232
G116L,11.4340367955237
G116M,11.4340367955237
G116N,9.93957084166779
G116P,7.99224783201245
G116Q,9.60193447105453
G116R,7.87957244138651
G116S,11.4340367955237
G116T,11.4340367955237
G116V,9.25134053916418
G116W,11.4340367955237
G116Y,11.4340367955237
P117A,0.430799219917689
P117C,1.909509849658
P117D,1.14734391045078
P117E,0.778934173846411
P117F,3.35570397926851
P117G,2.25535357121998
P117H,2.52663717842509
P117I,4.88004889706418
P117K,0.136167512242138
P117L,1.83983809217392
P117M,1.11555815348209
P117N,3.26653513724095
P117Q,2.49966023006507
P117R,0.78980259606075
P117S,0.731188486953086
P117T,1.13672785041827
P117V,0.523224944704049
P117W,2.33141362292536
P117Y,2.56232357307103
E118A,1.52977648566957
E118C,0.239897967625586
E118D,0.191523895182793
E118F,0.45416321600402
E118G,-0.232213396961908
E118H,-0.290340072746754
E118I,0.196693476489093
E118K,-0.157543847742864
E118L,-0.548287953301112
E118M,2.86764842157271
E118N,-0.927890471427947
E118P,7.81108321945694
E118Q,0.0965470507635881
E118R,-0.666677282562783
E118S,-0.309564055572646
E118T,3.08894380151546
E118V,0.522179240441714
E118W,0.265599865514868
E118Y,-0.517211371300282
A119C,-0.638883630693694
A119D,0.324025320051239
A119E,0.090488665201613
A119F,-0.53552406889626
A119G,0.924807405687827
A119H,1.02540442137393
A119I,2.21647938364389
A119K,-0.220585823679904
A119L,0.342999777612157
A119M,-0.372992310811179
A119N,0.446901899135152
A119P,0.201179163564412
A119Q,-1.13399926400239
A119R,-0.208952382577091
A119S,-0.89524595220991
A119T,-0.00367875571148978
A119V,0.906303975980326
A119W,-0.882196241227705
A119Y,-0.826122215196194
G120A,-0.4617836034967
G120C,-0.218033718224208
G120D,1.66078140516055
G120E,1.27072201260697
G120F,-0.933150194657309
G120H,0.263180108444719
G120I,-0.349775068649359
G120K,3.72930547543998
G120L,-0.989348534317175
G120M,-0.264149438028561
G120N,-0.788451609602599
G120P,-0.294026212420292
G120Q,-1.21855355648759
G120R,-0.183819968701343
G120S,-0.210060248675015
G120T,1.71846201851256
G120V,-0.0694797263166409
G120W,9.82504949191604
G120Y,-0.517072481609255
L121A,-0.450700002242442
L121C,2.07816390149722
L121D,1.52844216833306
L121E,0.615643859219986
L121F,0.291217363167453
L121G,0.588909149717078
L121H,1.38120338170236
L121I,-0.208555390112849
L121K,1.02985119971202
L121M,-0.334455945328342
L121N,0.331001415464692
L121P,10.0218832146977
L121Q,0.272573845719951
L121R,0.368038901481742
L121S,-1.73857610680699
L121T,0.0239748487772518
L121V,-0.0251294227928425
L121W,1.70221470945951
L121Y,1.26737043785571
P122A,-0.598986699100208
P122C,0.908475525980431
P122D,1.00661408898907
P122E,-0.345026023659618
P122F,0.407607245307278
P122G,-0.397266340567679
P122H,-0.93386607182165
P122I,1.52072884510787
P122K,-1.181221438091
P122L,0.397882899328597
P122M,0.649307109371083
P122N,-0.231383379765213
P122Q,3.1782312845895
P122R,-0.40685946745604
P122S,-0.682817735087781
P122T,0.54558968966916
P122V,0.798928111523641
P122W,4.61568388139932
P122Y,0.313071291189193
Y123A,-0.0138083620844963
Y123C,3.45279421476716
Y123D,0.362854865973271
Y123E,1.64872070107947
Y123F,0.256477717338169
Y123G,1.63818661033684
Y123H,0.412613882673869
Y123I,-0.0603023857973668
Y123K,2.67312518673398
Y123L,-0.147322067405604
Y123M,0.52679775040867
Y123N,0.829342362872384
Y123P,1.38647841504391
Y123Q,-0.679849921699797
Y123R,1.44573499785698
Y123S,0.423729021070806
Y123T,1.2361631990044
Y123V,0.648290948818018
Y123W,-0.270921579736409
G124A,1.52459947221522
G124C,0.0810327686940082
G124D,0.968887381209427
G124E,0.472787759156959
G124F,0.0765598470529844
G124H,1.20045853851094
G124I,2.6683194292754
G124K,0.156749582930318
G124L,0.485283092172907
G124M,-0.651046156938162
G124N,1.53845659681193
G124P,0.710164962338544
G124Q,-0.713066598135525
G124R,0.552745594906382
G124S,0.0892942149027071
G124T,4.23579715930811
G124V,2.8585037753459
G124W,2.12118817760869
G124Y,0.0327160718487363
A125C,0.063358571699497
A125D,0.452142353373533
A125E,-0.514631380869252
A125F,1.19471646247625
A125G,-0.418070728701164
A125H,0.484238063708228
A125I,-0.77891870329803
A125K,0.155003460857558
A125L,0.08846610349527
A125M,1.08501680685827
A125N,-0.345507442321201
A125P,1.83280976948183
A125Q,-0.812943493502447
A125R,0.170479403017802
A125S,-1.65348481055434
A125T,-0.883679681030021
A125V,-0.0243497247690367
A125W,4.21096725010481
A125Y,-1.47522339108621
N126A,-0.0801193663390205
N126C,1.45884156838654
N126D,1.81559792975811
N126E,0.515573824847507
N126F,3.74199919439532
N126G,-0.216857699880973
N126H,-0.000666255512027168
N126I,-0.14599781376886
N126K,1.45054228293037
N126L,-0.613109799460548
N126M,-0.599079223468603
N126P,1.00272657517693
N126Q,-1.34734866890759
N126R,-0.894119907938843
N126S,1.32103922549905
N126T,0.643502935565862
N126V,-1.15496075978081
N126W,-0.267264130970619
N126Y,-1.34478898340952
K127A,-0.391591110069213
K127C,-0.677271407343334
K127D,0.998708249444921
K127E,-0.566967652686469
K127F,0.556785235650327
K127G,-0.729906039983376
K127H,-1.29992692247243
K127I,0.208800967583002
K127L,-0.720063996154259
K127M,0.993046472577948
K127N,0.298695919163109
K127P,8.01956915765935
K127Q,2.10081209933409
K127R,-1.43152725055498
K127S,0.354575602181634
K127T,-0.720936171865681
K127V,0.228434276359671
K127W,1.02763747444443
K127Y,1.31000343393299
D128A,-0.267489872560451
D128C,1.55130035690894
D128E,0.0903989263711799
D128F,5.83305474391146
D128G,0.126662674561102
D128H,-1.11579797455205
D128I,2.20495748928427
D128K,0.508232637750406
D128L,2.32254755267478
D128M,3.75587680317803
D128N,-0.651231064489671
D128P,0.109623792133548
D128Q,0.184629092146758
D128R,-0.337559222106429
D128S,2.13077242323103
D128T,1.86266240595108
D128V,1.34318301172318
D128W,4.97567377537905
D128Y,2.94592469819973
G129A,1.40626348822399
G129C,5.10668773043497
G129D,-0.314878257145987
G129E,0.200280424548342
G129F,4.69466334324506
G129H,-0.572875642687059
G129I,6.62143673131174
G129K,0.356342485837748
G129L,3.24921529882021
G129M,2.03397796279079
G129N,-0.0144602505284978
G129P,1.1753275289412
G129Q,0.0795715216004574
G129R,-0.0873517432746952
G129S,0.176497340060735
G129T,0.395450521352697
G129V,7.00141897920408
G129W,4.55211819889744
G129Y,2.20431568742197
I130A,1.14322526327934
I130C,11.4340367955237
I130D,11.4340367955237
I130E,11.4340367955237
I130F,3.04384672602345
I130G,11.4340367955237
I130H,2.05587918505053
I130K,7.68353101014907
I130L,0.462138264353615
I130M,2.49350332563102
I130N,3.5298828260572
I130P,7.49587025533682
I130Q,3.79953959050966
I130R,10.9160648303669
I130S,1.68762146644153
I130T,1.07585538001475
I130V,0.91983821796257
I130W,11.4340367955237
I130Y,1.33662524190203
I131A,-1.23556785900997
I131C,0.159432851143231
I131D,2.4018751720902
I131E,0.443348621090517
I131F,-0.573228968715575
I131G,-0.673900464367633
I131H,1.3687349641873
I131K,-0.408311528165568
I131L,-0.47926388409024
I131M,-1.10876164343251
I131N,-0.301076846399405
I131P,5.67806074022127
I131Q,0.7050033564119
I131R,0.925886848348784
I131S,-1.82914589282225
I131T,0.179287628700458
I131V,0.872821488485225
I131W,-0.243981613438542
I131Y,-1.25683789887125
W132A,11.4340367955237
W132C,11.4340367955237
W132D,6.24985278571692
W132E,8.80734058223381
W132F,0.938561638804587
W132G,11.4340367955237
W132H,2.0566149575863
W132I,6.02093930265658
W132K,11.4340367955237
W132L,6.59841132731011
W132M,2.06124265764745
W132N,8.05572319996404
W132P,11.4340367955237
W132Q,7.54886818104711
W132R,5.77999182345274
W132S,9.78048944327011
W132T,11.4340367955237
W132V,9.23888609037613
W132Y,0.418046532587407
V133A,0.109992502561389
V133C,8.28704190311652
V133D,11.4340367955237
V133E,7.98782539100846
V133F,3.0427397744019
V133G,5.89521237360279
V133H,2.67276146739947
V133I,0.241160573871216
V133K,8.76720456173581
V133L,0.212869313305551
V133M,0.950926266312139
V133N,4.85478316319912
V133P,11.4340367955237
V133Q,3.44619457362773
V133R,7.87228579030442
V133S,1.05379374115663
V133T,1.33698055955075
V133W,11.4340367955237
V133Y,3.41380686491328
A134C,1.94378783906895
A134D,-0.468403599325611
A134E,1.21593378573539
A134F,0.99412975423189
A134G,0.285879857734828
A134H,-0.323994989002013
A134I,1.66495052288425
A134K,-0.814025332709215
A134L,0.201812776914363
A134M,-0.54745022587001
A134N,-0.884659446912657
A134P,11.4340367955237
A134Q,-0.178726083177437
A134R,0.24478911077401
A134S,-0.491499230053752
A134T,0.540368156034751
A134V,1.73727377594812
A134W,-0.551024894017683
A134Y,1.42234166688382
T135A,-2.29330504838485
T135C,-0.581301113820265
T135D,0.0131082799915989
T135E,0.359046913413212
T135F,0.530577842355933
T135G,-0.0684065085868703
T135H,0.987719232096322
T135I,-0.347185875565549
T135K,-0.436497994960484
T135L,-1.11979386548432
T135M,-0.718694476113952
T135N,-0.988781913769369
T135P,4.29970664311347
T135Q,2.37288861637619
T135R,-0.468246720002986
T135S,-0.217438631673193
T135V,0.105873179133921
T135W,0.109927928249416
T135Y,2.36791983441081
E136A,0.708784820856141
E136C,2.55762715847505
E136D,0.995903609930912
E136F,0.997699251698051
E136G,0.241898926336304
E136H,2.99034263882219
E136I,0.0571455454964758
E136K,-0.157573160247657
E136L,-1.07376468973608
E136M,-0.139934139397616
E136N,0.575609214764343
E136P,1.1767170112403
E136Q,-0.649537213175859
E136R,-1.09881484266322
E136S,2.04266603022065
E136T,0.151265816577906
E136V,-0.590514381407431
E136W,2.14242526257252
E136Y,1.05640881927919
G137A,-0.92421268034618
G137C,1.13672285053864
G137D,-0.0787079878103357
G137E,-0.0922983239485616
G137F,-0.855904193973824
G137H,-0.173279696426568
G137I,2.1846046693421
G137K,-1.42095910100614
G137L,1.26625914436079
G137M,-0.817777442863543
G137N,-0.906764546793694
G137P,3.50413921904319
G137Q,-1.37486599372332
G137R,1.54644097628999
G137S,0.0340255141211193
G137T,0.741139086076141
G137V,-0.864687139521363
G137W,-0.36768408252586
G137Y,-0.942180972916935
A138C,2.00505345767858
A138D,2.61383697996934
A138E,1.8701019851334
A138F,1.03069597277811
A138G,0.300967408211562
A138H,-0.141050011631026
A138I,0.434036836705463
A138K,2.17880470699377
A138L,1.5911081498936
A138M,0.354364303772226
A138N,-0.127318647968523
A138P,4.26198014960668
A138Q,2.14383527078469
A138R,3.29494824235739
A138S,0.414740268357377
A138T,0.351664232881369
A138V,0.497701863383096
A138W,1.65039024768366
A138Y,-0.20399897681957
L139A,-0.837566881899588
L139C,1.12192193610469
L139D,1.11737617679273
L139E,0.724141384399661
L139F,0.200870380133408
L139G,0.456151348599433
L139H,0.287339080024181
L139I,0.813869819120843
L139K,-0.819934739010604
L139M,-0.326526843393758
L139N,-0.338533250640571
L139P,0.537926477332298
L139Q,0.983189463312633
L139R,-0.282093937848197
L139S,-0.245103282365194
L139T,0.856511932333265
L139V,-0.109547452714168
L139W,-0.130349034173452
L139Y,0.397065830010641
N140A,-1.14186070113397
N140C,0.584215608771635
N140D,-0.442652960987407
N140E,-0.371563513145189
N140F,-0.63016754766058
N140G,0.901310175383474
N140H,-0.526199292613261
N140I,-0.459590684104515
N140K,0.387787315277701
N140L,-0.289575174654374
N140M,1.72234908287156
N140P,5.81571829357621
N140Q,0.987363716274889
N140R,0.918502368309275
N140S,-0.956448894896442
N140T,-1.36686859177374
N140V,0.294137664242421
N140W,-0.0831197756303524
N140Y,-0.715599425519844
T141A,-1.16682494220645
T141C,-0.638566764548944
T141D,0.0888686626784324
T141E,-0.0386310089995749
T141F,-0.280928743611107
T141G,1.45896239377379
T141H,1.18324782283581
T141I,1.03579761310324
T141K,0.232921350073654
T141L,-1.12665937686094
T141M,-0.689965331562174
T141N,-0.954016681154924
T141P,1.5123578828282
T141Q,-0.0537223237465426
T141R,1.18407269206931
T141S,0.669674200035715
T141V,0.0448597766835026
T141W,-0.119132218440223
T141Y,4.23046404005856
P142A,0.942230697232428
P142C,2.2849746059775
P142D,0.575107449101526
P142E,0.12208640973918
P142F,-0.341848029363132
P142G,-0.160811844005371
P142H,0.158296805638468
P142I,0.879225364484086
P142K,0.647231562826148
P142L,1.8273579399687
P142M,-0.357138770356733
P142N,-0.775732415540388
P142Q,0.372486879103638
P142R,0.547482937579635
P142S,-1.25870483421332
P142T,0.204005495797807
P142V,0.0284054166928281
P142W,2.41895563546333
P142Y,0.854657760754508
K143A,2.08864759653551
K143C,1.04673438007878
K143D,2.14702324081185
K143E,2.58820203434969
K143F,0.714741638054925
K143G,0.942267026033686
K143H,1.95130950898228
K143I,0.139634369092991
K143L,1.87355606168435
K143M,1.88153926701495
K143N,1.06861736928466
K143P,0.152217963729539
K143Q,1.0186289460499
K143R,3.71431253586051
K143S,1.27431276039188
K143T,0.737507372748925
K143V,-0.180638792408069
K143W,3.44939353140638
K143Y,1.84497767564451
D144A,1.21985175066136
D144C,0.391651235183204
D144E,-0.255776095579494
D144F,-0.163392164998954
D144G,0.830315998971874
D144H,0.0223724494055063
D144I,-0.602811800874656
D144K,-0.325588428500267
D144L,-0.928151874102791
D144M,-0.144555730581692
D144N,-0.169177167586089
D144P,-0.460087505827961
D144Q,0.140088461470836
D144R,1.19555770156722
D144S,-0.681324448378462
D144T,-0.899771537749738
D144V,0.249253977653943
D144W,-0.399864589987529
D144Y,-0.959627084932449
H145A,0.377978359429082
H145C,6.10561246271686
H145D,0.106019474796282
H145E,-0.646695665343293
H145F,3.48234551933649
H145G,0.189636661629371
H145I,-0.226611318963595
H145K,0.413549155915367
H145L,2.2122827100435
H145M,-0.837974882588614
H145N,-0.811891517095189
H145P,-0.135192895520266
H145Q,0.101683362579331
H145R,-0.944363676301537
H145S,0.80115320344561
H145T,-0.510020584128329
H145V,1.19132621674132
H145W,0.936481949175068
H145Y,0.947348576128288
I146A,0.37910905772311
I146C,-0.395590768045484
I146D,1.15127845660795
I146E,2.8598254877753
I146F,0.493153466815018
I146G,2.24865240303743
I146H,0.305893088045497
I146K,-0.457475468591021
I146L,0.397846339738733
I146M,-0.380014211492181
I146N,2.16807673346153
I146P,-0.83909300060061
I146Q,2.58271879473213
I146R,-0.445091414075909
I146S,0.369928906631856
I146T,0.818663924840132
I146V,-1.10205938715974
I146W,-0.0750475715837188
I146Y,-0.24626533897462
G147A,0.138451330962114
G147C,-1.39663466354283
G147D,0.00048745496394401
G147E,0.275814532361855
G147F,0.30408096199144
G147H,0.485625996054005
G147I,1.36625382820649
G147K,0.820823857638523
G147L,-0.282709499106093
G147M,-0.453940921692185
G147N,-0.121827240703182
G147P,3.03438675973891
G147Q,0.496893237721384
G147R,-0.0609727043952322
G147S,0.662865401211588
G147T,-0.24856801704397
G147V,0.478502636199265
G147W,2.28439266980515
G147Y,0.0884271807216267
T148A,-0.278519351428486
T148C,-0.197261089779535
T148D,-0.947977059176861
T148E,-0.495324608183223
T148F,0.830341266862956
T148G,-0.226941659721421
T148H,-0.0518680116696706
T148I,1.90078874161718
T148K,1.47679691667144
T148L,1.94772803847801
T148M,-0.0251415635493787
T148N,0.817131173393881
T148P,2.30448776095025
T148Q,0.339920684912019
T148R,-0.832996918751853
T148S,-0.0946642850729191
T148V,0.0545646818299808
T148W,0.182917971528461
T148Y,-1.42281962174869
R149A,1.30975208831293
R149C,-0.264067988185637
R149D,1.71750028268235
R149E,3.6612296326417
R149F,-0.0903628742833801
R149G,1.30155216004693
R149H,0.448789853322355
R149I,0.95600847295796
R149K,0.773319364019451
R149L,0.0457853900479939
R149M,0.782646187840686
R149N,0.769349353233031
R149P,-0.349580398697002
R149Q,0.525485488980695
R149S,2.0761960487873
R149T,1.22658109301083
R149V,1.59736371387271
R149W,0.483005942836068
R149Y,1.1540905250834
N150A,-0.138101803527294
N150C,1.0596300119805
N150D,0.0569136546402879
N150E,-1.33117747737614
N150F,0.420138564936242
N150G,0.751688905262509
N150H,0.81419865464098
N150I,1.12855317201239
N150K,-0.603585068555372
N150L,-0.0456418969295765
N150M,-0.586114272000484
N150P,-1.89686929163786
N150Q,-0.373107075371635
N150R,-1.21726773343937
N150S,0.263310946825469
N150T,1.88511896119588
N150V,-0.434723951760624
N150W,-0.0339616881007796
N150Y,-1.50923737364899
P151A,-0.479477664028127
P151C,2.60158972111648
P151D,0.799590092795537
P151E,0.396798092727281
P151F,3.24580458980372
P151G,-0.66347473819486
P151H,2.79916727117788
P151I,-0.535718031772823
P151K,0.554006052305793
P151L,-0.583878116854477
P151M,-0.188764817508039
P151N,-0.810338867385485
P151Q,0.460889692115319
P151R,0.312288973524735
P151S,-0.378571136342126
P151T,-1.20826406323101
P151V,-0.348008670287133
P151W,0.770754416500176
P151Y,6.11808134750297
A152C,-0.598757422184838
A152D,0.435593556293465
A152E,1.81088768549114
A152F,-0.68774546306586
A152G,-0.69481934219307
A152H,-0.689359265036804
A152I,-0.939692912014614
A152K,0.615402376876687
A152L,-1.55775034954253
A152M,1.12571393893836
A152N,0.390446882280735
A152P,-0.0119186321817912
A152Q,-0.0759814403164915
A152R,-1.51440021621901
A152S,-0.330160432447944
A152T,-0.98778898833713
A152V,-0.620788137856142
A152W,-0.0938051338881719
A152Y,-0.701598956857168
N153A,-0.701078321554987
N153C,0.0596456142787908
N153D,-0.218932851607022
N153E,-0.2965365461711
N153F,0.210753301673865
N153G,0.194390121228733
N153H,0.329445322625359
N153I,-0.160258594666739
N153K,-0.587758576723148
N153L,-0.24355288929629
N153M,0.354518824532136
N153Q,3.24890177974907
N153R,-1.35674177703316
N153S,-0.641186403772163
N153T,1.12589053741576
N153V,1.25414254346098
N153W,-0.214537741179733
N153Y,0.304190843378442
N154A,-0.195653663583313
N154C,-0.0609466043827835
N154D,-0.358373955463188
N154E,0.0847454344100713
N154F,4.12942322434064
N154G,-0.836380231593565
N154H,-0.0866566069658305
N154I,1.10140179386289
N154K,-0.208568163410136
N154L,-0.207057587471911
N154M,-0.115878038372119
N154P,0.829078628901506
N154Q,0.580261110035036
N154R,0.181575867658048
N154S,0.0738618494794837
N154T,-1.47553961513752
N154V,1.28723271513507
N154W,1.90572471584358
N154Y,-0.425423415814323
A155C,1.24961017024485
A155D,-0.851678669011367
A155E,-0.681483209824323
A155F,0.93937902888514
A155G,0.382468668103301
A155H,8.3451286907259
A155I,-0.0694642846313345
A155K,0.267845379840381
A155L,0.147432237445977
A155M,0.552671015445793
A155N,-0.773439214695061
A155P,0.781444040594688
A155Q,-0.244812620424271
A155R,-0.68949836243055
A155S,-0.334630991723659
A155T,6.53686705439473
A155V,-0.654485397187916
A155W,1.24508445216051
A155Y,-0.4333106474767
A156C,11.4340367955237
A156D,1.18808388465
A156E,-0.537559695884338
A156F,0.82986469229662
A156G,0.0543320424426524
A156H,-0.47331053692667
A156I,-0.346410748727332
A156K,2.41268329670141
A156L,-0.553930980962444
A156M,0.0843652762370244
A156N,-0.252236316325098
A156P,1.48962431020258
A156Q,-0.210204297307535
A156R,1.83867277124917
A156S,-0.662773857148865
A156T,-0.419705239991082
A156V,-0.821306723730343
A156W,3.42070910159318
A156Y,1.18878414513671
I157A,0.0219573432600458
I157C,4.50203900652928
I157D,2.76670882698802
I157E,1.47974119317495
I157F,0.513403816667559
I157G,0.180551204384427
I157H,0.37909993577772
I157K,0.116880096648197
I157L,0.762244941485657
I157M,-0.123634185025595
I157N,0.238787540089368
I157P,3.94749896258548
I157Q,0.595482343569761
I157R,-0.469683627376863
I157S,-0.670151099891779
I157T,-0.290562301233373
I157V,0.53098013556188
I157W,0.304762017879004
I157Y,-0.479491970766422
V158A,-0.0255196590030317
V158C,3.64513369698709
V158D,7.39437967537071
V158E,3.13554605465986
V158F,5.81913793355492
V158G,0.196551241058349
V158H,3.59786411577744
V158I,0.138566160857036
V158K,6.10248602128314
V158L,0.836368624042041
V158M,-0.755265356255754
V158N,-0.939832249110717
V158P,1.44296739287367
V158Q,1.58480697598996
V158R,1.71119416060536
V158S,-0.911390467169542
V158T,0.280527951269593
V158W,11.4340367955237
V158Y,11.4340367955237
L159A,0.214019912402155
L159C,11.4340367955237
L159D,7.46991892736532
L159E,5.81469089511131
L159F,-0.546095955209427
L159G,0.918420543949437
L159H,2.56070018608996
L159I,-0.209559744336654
L159K,2.57296523909192
L159M,-0.18843200805774
L159N,4.08828357707252
L159P,-0.585632199864644
L159Q,0.742481478871282
L159R,4.45809008862803
L159S,2.75910699417608
L159T,-0.627955061824817
L159V,1.73182499545495
L159W,0.0163007778742751
L159Y,-0.114815968778187
Q160A,-0.380203477321713
Q160C,6.29848903253816
Q160D,1.21006342691727
Q160E,1.11941104082308
Q160F,0.713482742854609
Q160G,1.40398982214623
Q160H,-0.121635134208771
Q160I,1.12787697802454
Q160K,-0.224476749451174
Q160L,0.972397989337778
Q160M,0.185193607718082
Q160N,0.56489290031318
Q160P,11.4340367955237
Q160R,-0.953646000616769
Q160S,-0.957415424700471
Q160T,1.02705525204007
Q160V,0.39520321009648
Q160W,6.36148906619937
Q160Y,3.65797577557458
L161A,3.98735100639623
L161C,11.4340367955237
L161D,8.03760595927989
L161E,9.4154902377834
L161F,-0.710101746099008
L161G,7.25176375484548
L161H,0.883517373279317
L161I,0.493907365753314
L161K,3.45129312168456
L161M,0.012205118195918
L161N,2.52892063231058
L161P,6.51295145554059
L161Q,4.48542681974032
L161R,8.2889864958208
L161S,1.81621596040107
L161T,5.93846810845255
L161V,1.2219874857909
L161W,-0.320838868050845
L161Y,-0.915969810615096
P162A,0.612859576269473
P162C,4.28328830077183
P162D,-0.796728942777319
P162E,2.67291383609135
P162F,2.31063865561274
P162G,0.731785126697064
P162H,-0.034209653111121
P162I,2.53845605466277
P162K,-0.382745022544586
P162L,-0.0754052711301796
P162M,-0.190980257314264
P162N,-0.695970629263844
P162Q,-1.26660193147575
P162R,1.74977250713484
P162S,-0.0791638002998951
P162T,0.380761759789486
P162V,2.37105284965285
P162W,1.40286960200553
P162Y,0.205268905859083
Q163A,0.824391019443419
Q163C,6.76606984328018
Q163D,0.961115620889273
Q163E,1.76307098457598
Q163F,1.09351900668698
Q163G,1.09110260297261
Q163H,-0.644145426331503
Q163I,-1.52874849483771
Q163K,0.76452888242032
Q163L,-0.743548007637539
Q163M,1.64746006788372
Q163N,4.09545434719363
Q163P,-1.32125421219278
Q163R,3.13110666128405
Q163S,1.23467613520952
Q163T,0.415553872274202
Q163V,1.2245120783813
Q163W,-0.0557655314899991
Q163Y,-0.236974217773343
G164A,-0.176813328847923
G164C,3.26244917452976
G164D,2.33386092407606
G164E,-0.522119268961096
G164F,-0.990264019914544
G164H,-0.215541976608569
G164I,-0.8369927574644
G164K,-0.270976616266613
G164L,0.45761062808715
G164M,-0.992731112922865
G164N,-0.0685567924953636
G164P,8.88433543467156
G164Q,-0.26571586681954
G164R,1.4521815695597
G164S,-0.449626533773456
G164T,-1.02908044974607
G164V,-0.345350944068084
G164W,-0.5585183365916
G164Y,-0.480984419982914
T165A,-1.55021092328963
T165C,1.4374783881791
T165D,-0.54566325308089
T165E,0.298938867783454
T165F,1.29003462467386
T165G,-0.77974419358886
T165H,0.329138229856446
T165I,0.660683119024654
T165K,1.58341200457053
T165L,2.28232478374151
T165M,1.10788633587325
T165N,0.500224257847886
T165P,3.45065305349419
T165Q,1.51996738396596
T165R,2.01121795468658
T165S,-1.62041161236387
T165V,-0.0703482391564451
T165W,1.82180906340011
T165Y,1.99038038525571
T166A,-0.508402184540823
T166C,4.15104351207251
T166D,-1.39079175953697
T166E,-0.127090432556028
T166F,0.750981833292743
T166G,-0.564757991332579
T166H,0.59132779798646
T166I,-0.675455299575777
T166K,0.424173015260499
T166L,1.22277601760017
T166M,1.72515735623869
T166N,-0.919245926028666
T166P,0.401258311881049
T166Q,-0.381459369000873
T166R,0.905214480966566
T166S,-0.127650887874681
T166V,1.00825536726365
T166W,0.113041294492399
T166Y,0.0856741812789842
L167A,8.78628088605933
L167C,5.99404879648494
L167D,4.46543966423774
L167E,6.82899346104665
L167F,-0.990361119772118
L167G,2.32118981686474
L167H,0.545354810617478
L167I,-1.21266833874328
L167K,5.99818771249738
L167M,-0.358760715188303
L167N,3.39725363272354
L167P,1.17273181379435
L167Q,1.69093656276612
L167R,4.30057117189373
L167S,5.07505022030347
L167T,0.763810280831006
L167V,0.166818963121805
L167W,0.453487192548199
L167Y,-1.06121315798889
P168A,0.408429136562156
P168C,9.64553920812308
P168D,1.69015025316078
P168E,0.48855853274175
P168F,3.61148309944651
P168G,-0.187829805731612
P168H,0.487474973137146
P168I,3.28448362721719
P168K,0.364783507472649
P168L,-0.33162464596669
P168M,-0.383450885942223
P168N,1.09863765991279
P168Q,-0.238237644719359
P168R,0.670629657622789
P168S,-0.151994363188149
P168T,-1.2381586037574
P168V,1.01881521825792
P168W,3.86669898743163
P168Y,2.10188127413217
K169A,-0.383794332787856
K169C,0.796208415471725
K169D,1.53142424408288
K169E,1.15263502195922
K169F,0.572989189679443
K169G,-1.13072091818584
K169H,1.02972149732991
K169I,0.728317294809114
K169L,0.17004776411518
K169M,-0.194570821943609
K169N,2.79461906078359
K169P,0.229405381777201
K169Q,-1.26740695040192
K169R,1.14108346893437
K169S,-0.435373633818812
K169T,-0.0993051505249061
K169V,-0.547398201649237
K169W,-0.640869819917219
K169Y,-0.610969431666302
G170A,1.76293750529744
G170C,-1.46144234666087
G170D,4.41046757026453
G170E,1.47118823533962
G170F,0.330677685927272
G170H,0.23043104753589
G170I,3.4836640394519
G170K,1.61500361737937
G170L,2.61523453735724
G170M,0.0437251098223256
G170N,0.166244230577894
G170P,5.47815903783414
G170Q,0.646350941348915
G170R,9.59789191777759
G170S,1.69498268227751
G170T,6.1229148218769
G170V,1.28581365870446
G170W,1.58067296828392
G170Y,0.0500251729999589
F171A,0.676061488828177
F171C,5.2715281630523
F171D,2.41308284691591
F171E,3.42310948607357
F171G,3.36180831224515
F171H,0.989911252520537
F171I,-0.482584357826321
F171K,5.63687444452837
F171L,-0.709498034042636
F171M,0.249102980269991
F171N,2.274275371138
F171P,11.4340367955237
F171Q,1.83662777200546
F171R,2.84242733066083
F171S,0.23561785683997
F171T,1.19870912813234
F171V,-0.500401677960532
F171W,0.666117229487285
F171Y,-0.789302608768346
Y172A,-1.35850661008093
Y172C,0.851586900075115
Y172D,0.965529680925628
Y172E,0.264718808503465
Y172F,-1.22681395023447
Y172G,-0.472969183995536
Y172H,0.777092791620606
Y172I,-0.280170926567366
Y172K,3.48525330920075
Y172L,-0.54241955539701
Y172M,-0.967428948804371
Y172N,0.603665300126767
Y172P,11.4340367955237
Y172Q,-0.75848645217464
Y172R,-0.746744664442799
Y172S,1.55154908445894
Y172T,0.162918414158818
Y172V,0.675756153858125
Y172W,-0.729958034691414
A173C,3.76546745457451
A173D,0.6814586581533
A173E,7.71330444167932
A173F,9.90899823947641
A173G,-1.23535278092543
A173H,-0.432422725284728
A173I,0.841573296850694
A173K,11.4340367955237
A173L,6.16617800874369
A173M,-0.703044609183865
A173N,1.53881517460225
A173P,0.684904013301854
A173Q,4.1511098600608
A173R,5.30352452150019
A173S,-0.577079124074143
A173T,1.24742122440401
A173V,-1.96419962408811
A173W,5.95817528002732
A173Y,2.62637053308115
E174A,-1.0663584180085
E174C,1.74127227158024
E174D,-0.681838496720364
E174F,4.74785489742008
E174G,0.00931091899816745
E174H,1.50122193908968
E174I,-0.323751242803338
E174K,0.97783352347934
E174L,0.49722876195756
E174M,-0.127832524122879
E174N,0.75265783932836
E174P,4.67775282103363
E174Q,0.0802031332706
E174R,1.69178983630379
E174S,0.445890807776803
E174T,-0.947125226680681
E174V,0.936316660600439
E174W,1.53386557360178
E174Y,1.16758276265035
G175A,-0.986141105894846
G175C,1.41544355292886
G175D,-0.624126662646222
G175E,-0.423836653647919
G175F,-1.11723302286979
G175H,0.90714952392062
G175I,-1.36900153181367
G175K,1.99736412875538
G175L,-1.05708037736691
G175M,-0.18237927942881
G175N,-0.159412332930796
G175P,-1.36235564465883
G175Q,-0.932902771520069
G175R,3.30279853267068
G175S,-1.31454594471825
G175T,0.306743107869653
G175V,-1.86188409062911
G175W,-0.410528974500202
G175Y,-1.74419553433695
S176A,-0.188266539143455
S176C,0.334061791911039
S176D,0.506065168942316
S176E,-0.184507256030007
S176F,-1.08180519903282
S176G,-0.223530308690052
S176H,8.98861825875968
S176I,-1.46048569315532
S176K,-1.24879600479966
S176L,-0.508402184540823
S176M,-0.158870389424658
S176N,-1.17543193371846
S176P,-1.11579797455205
S176Q,-1.64431914900468
S176R,-0.311039786089201
S176T,-1.64206527691298
S176V,-0.709381613114352
S176W,-1.35128841796936
S176Y,1.32726993773563
R177A,-0.18957217881954
R177C,-0.0613824656824094
R177D,1.24452944444337
R177E,0.0695049188559616
R177F,-1.18722274399891
R177G,-0.415592903133306
R177H,0.601740664979847
R177I,-1.04709718003386
R177K,1.40200660432588
R177L,1.34635537657156
R177M,-0.834041485952693
R177N,5.43528514918983
R177P,0.99652700408634
R177Q,0.854443274200726
R177S,-2.35491477082229
R177T,-0.305121244567898
R177V,-0.662439402528049
R177W,1.56962652470812
R177Y,-0.0704199229331497
G178A,-0.915853409909237
G178C,2.30803674756639
G178D,4.15885486220425
G178E,-0.187553869978344
G178F,-0.382081447121686
G178H,0.976729082300735
G178I,1.76905486333452
G178K,0.190620228014586
G178L,-0.188486465147904
G178M,-0.814581516962658
G178N,-0.152537453710265
G178P,2.28659894768688
G178Q,0.406599238350093
G178R,2.06246257940012
G178S,-1.71244496665409
G178T,4.63268608362734
G178V,-0.975884842037163
G178W,0.128759765108464
G178Y,-0.489396607112393
G179A,-0.649197505207573
G179C,1.77075418635223
G179D,1.86824782236651
G179E,-0.237114702062426
G179F,0.0664700868572494
G179H,0.798734247625355
G179I,-0.984170700258467
G179K,0.818075670477942
G179L,-0.920279266149032
G179M,2.99516044739202
G179N,-0.903397289200652
G179P,0.400339368188314
G179Q,-1.0224586758371
G179R,0.592174846246708
G179S,-1.14826458140841
G179T,-0.564923166917254
G179V,-0.200344321211848
G179W,-0.0616189525433428
G179Y,-0.0312280778421054
S180A,5.48580474120182
S180C,0.940683495035599
S180D,2.78921399274536
S180E,-0.835090099320012
S180F,-1.52342531161354
S180G,4.46024397909067
S180H,-1.43506580121869
S180I,0.000237637028706424
S180K,0.106867812805733
S180L,2.50358150865945
S180M,1.05811571617773
S180N,0.083316562268536
S180P,0.166469730754851
S180Q,-1.04850892158998
S180R,0.355831504489379
S180T,-0.23995129654876
S180V,2.47825250207242
S180W,-0.103663084503362
S180Y,0.979504281004062
Q181A,-0.585632199864644
Q181C,-1.58750332072697
Q181D,-0.527961982448679
Q181E,0.246226440778084
Q181F,0.414414037194431
Q181G,1.01243131710064
Q181H,-0.663264001762559
Q181I,1.15475538038455
Q181K,-0.699579549502904
Q181L,0.692787200879908
Q181M,-0.747564269297684
Q181N,0.655431913044595
Q181P,-1.19214672489718
Q181R,-1.18218264217528
Q181S,1.83645595924939
Q181T,-0.964846359185745
Q181V,2.91430082888765
Q181W,3.17070169065706
Q181Y,-0.286545829675775
A182C,0.914386799817888
A182D,0.412651158134107
A182E,0.25468377822387
A182F,0.782957598440204
A182G,-1.04618477333784
A182H,1.46914920770417
A182I,-1.52359819800608
A182K,-0.14204715235904
A182L,3.19417966558263
A182M,-0.490866347567701
A182N,-1.30263730232078
A182P,-0.138550930001011
A182Q,0.59087662619508
A182R,-0.568664275125968
A182S,0.387259315309697
A182T,0.610907901322682
A182V,-1.35481166747079
A182W,0.436605777561612
A182Y,2.92869046170802
S183A,-1.54437691801001
S183C,-0.447201197322255
S183D,-0.293875427189812
S183E,0.895581651283906
S183F,-0.704050067198328
S183G,0.408902146246807
S183H,0.273175879701988
S183I,-1.1242446607076
S183K,0.801583763354495
S183L,-0.229202241931131
S183M,0.699276206614125
S183N,0.672908990421522
S183P,0.65172861341615
S183Q,0.629995601556782
S183R,0.791769228027177
S183T,-0.910359331935591
S183V,1.11747557854639
S183W,0.550599358865422
S183Y,0.19952632939599
S184A,-0.0905481666030751
S184C,0.329445322625359
S184D,-1.00273910141296
S184E,-0.9271525675623
S184F,0.0179927544550572
S184G,-1.47346910236394
S184H,-1.53033030258845
S184I,-0.635803521265336
S184K,0.841048921130194
S184M,0.0644220153872064
S184N,5.57731111413084
S184P,-0.884721390053942
S184Q,0.0386118789090256
S184R,-1.35270574779258
S184T,-0.631544440273563
S184V,2.76924519526836
S184W,-0.203845648863931
S184Y,3.61743291324778
R185A,3.55513472695548
R185C,-0.8511374817642
R185D,3.35127149725332
R185E,1.20458841124513
R185F,-1.26778951531171
R185G,3.25972859390169
R185H,5.6060027486064
R185I,0.585980708204756
R185K,-0.44936077875697
R185L,-0.103945547957213
R185M,-0.0607490561083387
R185N,0.491255390944944
R185P,-1.2006589398759
R185Q,-0.310667826046854
R185S,-0.298600335029195
R185T,-0.900222686224797
R185V,0.539305714466258
R185W,0.655593647805292
R185Y,-0.366764410332588
S186A,0.363916111501764
S186C,0.0463793098591843
S186D,-1.26132241584743
S186E,-1.51409053267048
S186F,0.523614043580915
S186G,-1.80261282924183
S186H,-0.0522300281153313
S186I,-1.15066351152359
S186K,-1.2920870388992
S186L,0.91761354767828
S186M,-1.94660753167193
S186N,0.587792469182933
S186P,0.412800315117864
S186Q,-0.305585011755309
S186R,0.298804774749861
S186T,0.140049465203702
S186V,-0.806936609896024
S186W,2.01131974393588
S186Y,0.0490177182250699
S187A,0.25810289719143
S187C,2.00829023739715
S187D,-0.721554161444383
S187E,0.636290656556031
S187F,1.08229212104656
S187G,0.444058082702256
S187H,-0.596263002206803
S187I,-0.413730557387225
S187K,7.10149499873716
S187L,0.408436484824234
S187M,-0.0791685898033061
S187N,1.55901257492417
S187P,-0.85385717404538
S187Q,2.45617245523929
S187R,-0.833315704175618
S187T,-0.522303591606358
S187V,-0.744149351980381
S187W,1.16791173535564
S187Y,0.557229569638725
S188A,-0.781905857787289
S188C,1.4981194823195
S188D,1.30448546491214
S188E,0.0517473301680476
S188F,-0.60927312994188
S188G,0.592920587208275
S188H,0.392350583704842
S188I,0.0681487763846084
S188K,0.626663242758006
S188L,-0.254078873737378
S188M,0.925246911415995
S188N,0.497650160793129
S188P,-0.757847744532292
S188Q,0.358714592331543
S188R,-1.00780506363893
S188T,-1.49687684265525
S188V,2.10534610978476
S188W,0.521466491138884
S188Y,-0.830262750226941
R189A,-1.12050866631978
R189C,2.80903484883831
R189D,-0.810852059793484
R189E,0.246280541671687
R189F,-0.920600519799215
R189G,-0.0782394873224744
R189H,-1.22875602315683
R189I,-0.127333811210304
R189K,-0.7922268812808
R189L,0.407138997052408
R189M,-0.71928580604347
R189N,-0.617270601794258
R189P,-1.22557099085924
R189Q,-1.14831892994935
R189S,0.607711086872479
R189T,-1.53523141131099
R189V,-0.381832933590017
R189W,-0.527975478604224
R189Y,-0.429539775277893
S190A,-1.79579969914303
S190C,-0.0911953817715688
S190D,0.0134461345958866
S190E,0.137661478023189
S190F,1.4158445214454
S190G,0.398712893327938
S190H,0.116471896403503
S190I,-1.22315137426909
S190K,-0.752428075452579
S190L,-2.1098317380832
S190M,-1.46146485925839
S190N,-0.568142521009195
S190P,-1.19499555072965
S190Q,-0.201941133445386
S190R,0.237149594575154
S190T,-2.22567821056354
S190V,-1.08875695979007
S190W,-0.934461971734833
S190Y,-0.797465560810682
R191A,-1.57256192721677
R191C,-0.801317174934201
R191D,0.11978945122166
R191E,0.720855386154626
R191F,-0.677121553086556
R191G,-0.110667688222664
R191H,-0.359095651283203
R191I,0.508047718822638
R191K,-1.55767867445699
R191L,0.330810329969723
R191M,3.50208241071982
R191N,-1.2373788280701
R191P,0.485498682753308
R191Q,-0.416176329956392
R191S,0.0595841825778231
R191T,-0.664389060170249
R191V,-0.123110486895507
R191W,0.64877877451818
R191Y,0.127056100146155
N192A,0.34274073735768
N192C,2.750770471224
N192D,-0.554343077124999
N192E,-0.339006959051098
N192F,-0.50762733677366
N192G,-0.445755624774246
N192H,-1.63151820427414
N192I,-0.245056198092681
N192K,2.04700655330521
N192L,0.0561922013814792
N192M,0.0487357938668634
N192P,-0.151406768439951
N192Q,-0.0885992785271139
N192R,-0.739549490498541
N192S,-0.185512958019434
N192T,-0.5993622961968
N192V,-1.26915356667064
N192W,3.13832836759607
N192Y,-0.503673970131898
S193A,-1.02058670518612
S193C,0.770772724304324
S193D,0.167074377586221
S193E,0.734059393022819
S193F,-0.178009814269679
S193G,1.35527167160403
S193H,1.14185422828299
S193I,-0.0252693020257459
S193K,0.505604545638668
S193L,0.00593924916724694
S193M,-0.993052910019788
S193N,0.997384765577222
S193P,-0.369160469910645
S193Q,-1.16976911995861
S193R,0.788675882698849
S193T,0.128930864035619
S193V,-1.13988646789393
S193W,0.468226817402741
S193Y,-0.8501982788924
S194A,3.50167632276737
S194C,0.0287975531643781
S194D,0.771058817732881
S194E,-0.578420579691609
S194F,0.145206971631865
S194H,2.6897560163721
S194I,-0.261253046749283
S194K,0.792024631595953
S194L,-0.497988720928364
S194M,2.51898470519663
S194N,-0.347194198801581
S194P,0.0358478086569201
S194Q,0.0564528310890381
S194R,0.565161209434084
S194T,0.39943218750996
S194V,-0.682812390284596
S194W,0.394859122097798
S194Y,-0.732274872629802
R195A,-0.11598052830654
R195C,0.896806887624838
R195D,-0.700982621088315
R195E,-0.837401371241589
R195F,3.51428859394558
R195G,-0.484441359405466
R195H,-0.127068104714812
R195I,-1.18653686355783
R195K,-1.0917565527604
R195L,1.12516718828145
R195N,-1.29878824746151
R195P,-1.48039178761761
R195Q,0.0421302587707533
R195S,0.649935604455838
R195T,0.531176341018286
R195V,-0.299547997262434
R195Y,-0.575783243973799
N196A,-0.159007112449398
N196C,0.613471869089321
N196D,-0.338060055431624
N196E,-1.006012856128
N196F,-1.08648504038992
N196G,0.0736179223291496
N196H,0.154249045839338
N196I,-0.864765426145672
N196K,0.790021204248242
N196L,-0.446325902884762
N196M,0.909855282495869
N196P,-0.235756124966058
N196Q,-0.214828304009163
N196R,-1.02957558456805
N196S,-0.17379382451196
N196T,-0.0343743721558512
N196V,0.0524616607825992
N196W,0.854280701338115
N196Y,-1.01904185406831
S197A,-1.0097949861145
S197C,0.307709098212648
S197D,-0.128302582739748
S197E,2.03881794541609
S197F,-0.791641125376774
S197G,0.00956770272003465
S197H,-1.43515547420371
S197I,2.01815664923386
S197K,-1.08873042895266
S197L,-0.641047394215322
S197M,-0.654181607837448
S197N,-1.28637042308704
S197P,-0.691033855591985
S197Q,-0.10195273574792
S197R,0.763797323149379
S197T,2.47160228051678
S197V,1.55448519604398
S197W,0.766083044576907
S197Y,0.100912512112564
T198A,2.15038015297603
T198C,-1.26478720960875
T198D,-0.460229966125114
T198E,-0.412733767087036
T198F,2.44876151617493
T198G,0.662648555895079
T198H,1.60116265266991
T198I,-1.49666500337328
T198K,2.01429686274004
T198L,-0.698050426411439
T198M,-0.348373432471722
T198N,-1.75507850425903
T198P,0.596253194234799
T198Q,0.0128918708922793
T198R,0.692809204038567
T198S,-0.78112311953661
T198V,-0.475871831682487
T198W,1.14171874082872
T198Y,-0.241414018558387
P199A,-0.349512346534614
P199C,-0.689359265036804
P199D,-0.575152335870539
P199E,1.10196290245621
P199F,0.678455051577521
P199G,-1.08165970761811
P199H,0.393999527415326
P199I,0.804137182100841
P199K,0.0411844698803221
P199L,2.11792162080736
P199M,1.38726971444841
P199N,0.135657495091009
P199Q,1.68011274133491
P199R,-0.720149207628859
P199S,-0.557536501799319
P199T,1.01448760185951
P199V,-0.734521605173029
P199W,-0.66127712151414
P199Y,1.30922885721726
G200A,-0.140809717748495
G200C,1.23758479747838
G200D,-0.0328659010515459
G200E,-1.01228250732564
G200F,-0.26308481520074
G200H,-0.602270820607523
G200I,-1.3651395831795
G200K,1.6722926922559
G200L,0.266610128070015
G200M,-1.54536342718007
G200N,0.687261899010622
G200P,-0.651128563282498
G200Q,-0.284607522231599
G200R,-0.550641941967586
G200S,-1.10856062004286
G200T,2.71505612556684
G200V,-0.234013918880892
G200W,1.38894243044992
G200Y,0.569545440787881
S201A,-1.09622866696376
S201C,0.442667243202611
S201D,-0.982132997917374
S201E,1.49683435894073
S201F,-0.511404339419915
S201G,1.1470855050944
S201H,-0.253467126954274
S201I,0.469341909394224
S201K,0.633526599780508
S201L,-2.01284155431346
S201M,1.04210363157829
S201N,0.394584072271444
S201P,0.239198889468296
S201Q,-1.49423499045222
S201R,2.33235583086874
S201T,-1.20968573429083
S201V,-0.780613206635177
S201W,0.0741425228580351
S201Y,2.53349837365276
S202A,0.765462211612075
S202C,-1.53395181297102
S202D,0.784405615935205
S202E,-0.0443382899148325
S202F,0.890673733655688
S202G,-0.299618281929229
S202H,0.0185226755102189
S202I,3.38481238956604
S202K,-0.872910082237523
S202L,-0.258324477064555
S202M,-0.126881870631925
S202N,-0.771858330054749
S202P,1.5048394619259
S202Q,0.0685988433950278
S202R,1.7658735551076
S202T,2.49428849639749
S202V,1.23080453308687
S202W,1.63675322162214
S202Y,0.711345335932445
R203A,0.14591337612405
R203C,-1.37038845674882
R203D,0.649349577142367
R203E,0.473146115677749
R203F,-0.323127589558851
R203G,0.170002259359252
R203H,0.148657758805733
R203I,-0.668678388993969
R203K,0.518687677693318
R203L,-1.24813758101091
R203M,-0.738418205533714
R203N,0.232356737282051
R203P,0.683189209066814
R203Q,0.897885847436016
R203S,2.13117088398276
R203T,0.765889839609807
R203V,1.48942377766345
R203W,0.402302911392074
R203Y,0.180188675037361
G204A,0.282240492678522
G204C,-0.302111928406401
G204D,0.469018651100136
G204E,1.29748289452621
G204F,1.79955646157531
G204H,0.231835892820717
G204I,-1.16828794707158
G204K,0.959701361489525
G204L,-1.63646585594509
G204M,1.25114666736067
G204N,-0.459021976763639
G204P,0.0411150154424943
G204Q,-0.382597523485119
G204R,0.137403187203486
G204S,0.787938905273258
G204T,-0.216269609821555
G204V,1.37134949503398
G204W,0.717174456747214
G204Y,-1.30535374500682
T205A,1.90434701916941
T205C,-0.487253883638522
T205D,1.0110848891584
T205E,-0.419985996726962
T205F,-2.07873076430578
T205G,-0.223034331451695
T205H,-0.828961107788433
T205I,-0.46232634595827
T205K,-1.07000610653917
T205L,-0.193518882981457
T205N,2.25005526920714
T205P,1.5984572250154
T205Q,0.600354940360986
T205R,-1.43930399589801
T205S,-0.297251621285308
T205V,-0.267398458034631
T205W,1.14202297631749
T205Y,1.94126540663039
S206A,0.340568136042884
S206C,0.294318412236588
S206D,-0.979295776011653
S206E,-2.5175125471134
S206F,0.175314227009957
S206G,0.472027938849241
S206H,0.203511631402271
S206I,0.397366728248026
S206K,1.32493066207725
S206L,0.132593705311106
S206M,3.74798503133296
S206N,0.293714408630687
S206P,4.46183432943428
S206Q,0.151381053934656
S206R,0.676185911477618
S206T,0.245146076215649
S206V,2.77766789543935
S206W,-0.377877716491441
S206Y,-1.72082327826423
P207A,1.93283187647431
P207C,1.49638194998571
P207D,1.50828927538043
P207E,2.18204671037884
P207F,0.720429854544018
P207G,0.0288685158714534
P207H,-0.0168617099376562
P207I,0.875588624832684
P207K,-0.207593387459767
P207L,-1.23109472095905
P207M,1.04424673374792
P207N,2.02379422876757
P207Q,2.84860277878025
P207R,1.12109726554725
P207S,0.965904474208644
P207T,0.488024366140687
P207V,-0.0350148436667997
P207W,-1.19461866034477
P207Y,1.03221754309176
A208C,0.336757823907786
A208D,0.855620942764794
A208E,-0.740924846739365
A208F,-0.95672174242863
A208G,-0.0349913857939067
A208H,-1.81997224462938
A208I,-1.4983101576814
A208K,-0.269497104658162
A208L,1.29448951540956
A208M,-1.03538024658022
A208N,1.32539535359209
A208P,-2.41715968400744
A208Q,-1.09947760907305
A208R,5.37711338407611
A208S,-1.29774643446582
A208T,-0.283519109605214
A208V,1.38201070276232
A208W,-0.0841465830308909
A208Y,-0.820578746957267
R209A,1.56337821480605
R209C,3.67602459638525
R209D,-0.557125563233025
R209E,0.495007509824871
R209F,0.958747510904913
R209G,-0.587266319187292
R209H,3.13235429947836
R209I,2.76878741219292
R209K,1.73662239044619
R209L,0.275740525454189
R209M,0.339602150765821
R209N,1.69666991036473
R209P,0.867161428493454
R209Q,1.31624221431237
R209S,-0.927457448416352
R209T,0.886349132997717
R209V,0.742061960261323
R209W,0.709565880412952
R209Y,0.314840516818593
M210A,-0.405877332724358
M210C,5.43068477849218
M210D,-0.323402201905029
M210E,0.116036432991937
M210F,0.0211041184589535
M210G,1.32235073937086
M210H,-0.878491542301727
M210I,-0.832053829972533
M210K,0.644363761884696
M210L,-0.916477444477595
M210N,0.765180163679023
M210P,-1.41920568954357
M210Q,-1.83251904384448
M210R,0.704795297525132
M210S,0.706683080277004
M210T,0.395053809487392
M210V,-1.55142623195247
M210W,-0.00837500810120736
M210Y,0.173088987601447
A211C,0.711119675680667
A211D,-0.25773536576092
A211E,-0.201077850744984
A211F,1.97733369037861
A211G,0.0712466752284992
A211H,-0.306633327982378
A211I,-0.676778631721531
A211K,0.266551238862702
A211L,0.00230504113956801
A211M,0.0510930386205674
A211N,0.0203841734424111
A211P,0.0641824649017106
A211Q,-0.556042818613791
A211R,3.12078990575883
A211S,-1.08779711617684
A211T,-0.281917368543891
A211V,0.152248932406272
A211W,0.898855208594076
A211Y,5.72888975229352
G212A,-0.542464584754577
G212C,0.073230239016258
G212D,0.974250309397452
G212E,-0.332640751624834
G212F,1.59257289794875
G212H,-1.21404878666055
G212I,-0.0199024321863928
G212K,-0.643910837717294
G212L,1.09232398739273
G212M,-0.691310156192321
G212N,1.45734193292585
G212P,3.53798273491433
G212Q,-1.08791273125055
G212R,1.0500877908494
G212S,-0.861150594283027
G212T,-0.398078570287995
G212V,-0.286022071821217
G212W,1.14059116679361
G212Y,1.33063918995077
N213A,-1.29538729640946
N213C,1.06719926432116
N213D,-1.23063842850564
N213E,-1.35197497610592
N213F,0.0318584922534933
N213G,-0.137359562433269
N213H,1.23908298346234
N213I,-0.0143507739543953
N213K,0.229530155028071
N213L,0.447327290423797
N213M,-0.901981761752168
N213P,-0.959327107816974
N213Q,0.052714023292412
N213R,0.195609121589036
N213S,-0.560666514291953
N213T,3.5591645464898
N213V,-0.0713445153972913
N213W,0.741036194325537
N213Y,-0.946754179703765
G214A,2.4251520270176
G214C,1.21705960032429
G214D,-0.525149455660224
G214E,-0.0304696464153616
G214F,2.73407805460353
G214H,-0.117096749276983
G214I,-0.336826646386931
G214K,-0.913110753506882
G214L,2.12246262413547
G214M,1.60104439633983
G214N,-0.26764760641941
G214P,0.273998618963678
G214Q,0.643038105246924
G214R,0.743353960572594
G214S,-0.216756889886006
G214T,1.21273273567483
G214V,0.0911190149811409
G214W,3.33555633684305
G214Y,1.71264153498946
G215A,0.775716683346781
G215C,-0.70460843055053
G215D,-0.972889433013478
G215E,-1.05400942211464
G215F,0.614893541558745
G215H,-0.879688919039645
G215I,0.677402919693933
G215K,0.129054474571088
G215L,0.559122477115692
G215M,0.967219086086441
G215N,-0.70756852604646
G215P,-0.631591824077448
G215Q,-0.761857139574555
G215R,-0.560160073863565
G215S,-0.196269200190053
G215T,-1.08782024059569
G215V,0.460864523852629
G215W,0.97029848109187
G215Y,3.01992211973717
D216A,0.557797365670384
D216C,2.60688334669411
D216E,0.164730316922468
D216F,-0.106631951488958
D216G,-0.580033045290536
D216H,0.428748250122848
D216I,-0.554236080109046
D216K,-0.778527133588932
D216L,-0.0999620093406781
D216M,0.151776695780263
D216N,-0.926552523285096
D216P,1.00172949007808
D216Q,-0.712160436985714
D216R,-1.1332297789664
D216S,0.0998178666811134
D216T,0.551055884286752
D216V,-0.432986899139995
D216W,1.36874463222869
D216Y,-0.106293882989912
A217C,0.631699307444414
A217D,-1.18313573926462
A217E,-0.173506010667618
A217F,0.343067532424641
A217G,-0.603919961439283
A217H,1.6725857197621
A217I,0.322958396104386
A217K,1.56211067017625
A217L,-0.0342995942453439
A217M,1.66237641752779
A217N,2.09699862598306
A217Q,-1.16290304823339
A217R,-0.426259282450807
A217S,1.7410411445169
A217T,-0.222878695449669
A217V,0.124353910396158
A217W,1.16621981402477
A217Y,0.212664947026395
A218C,2.68435739840241
A218D,-1.70384809821932
A218E,0.902778491443067
A218F,0.168242359305762
A218G,-0.985847533469863
A218H,-0.556550139602152
A218I,-0.50836042544224
A218K,-0.610112204213635
A218L,0.60455227619949
A218M,0.389951260620389
A218N,-0.197706695958863
A218P,-1.43577382247441
A218Q,6.1868481156705
A218R,1.57095543574769
A218S,-1.28929687616999
A218T,1.60034004508046
A218V,1.03980123170151
A218W,1.94575063568546
A218Y,0.411405011552358
L219A,-2.17898099469072
L219C,-0.920866419362421
L219D,-0.282411270340623
L219E,-0.0499557223241905
L219F,0.917337725280973
L219G,-0.669980873791373
L219H,-0.758724544588168
L219I,-0.722656445305843
L219K,-0.769973615976244
L219M,-0.874298508591197
L219N,-0.935432875553795
L219P,-2.12807719602134
L219Q,1.24942011687221
L219R,-0.663449164360483
L219S,-2.16082725653192
L219T,1.01742552992539
L219V,-0.554621307564626
L219W,-0.233211903997193
L219Y,-0.0415667081442767
A220C,-0.721010917339477
A220D,-1.5636042877371
A220E,-0.99290317740059
A220F,0.804200074956395
A220G,-0.307393335612292
A220H,2.56490805171379
A220I,-0.258210084711661
A220K,-1.28245541797347
A220L,-2.5175125471134
A220M,0.038678356458339
A220N,0.164872972266038
A220P,-1.10180533034238
A220Q,0.115176514732156
A220R,-1.70852857261859
A220S,-1.17499624500251
A220T,0.438889155497045
A220V,-0.360343273841824
A220W,0.973074126280661
A220Y,0.952861788488016
L221A,3.7978677257593
L221C,-0.0489988530498799
L221D,0.0643357280518127
L221E,-0.463470084281322
L221F,0.914979369469409
L221G,-0.147959982666061
L221H,0.788082395296845
L221I,0.268678984975002
L221K,0.627228289945776
L221M,3.04473139539695
L221N,-1.64623272866384
L221P,-0.69286225362946
L221Q,-0.44840246512466
L221R,0.872254199463083
L221S,-1.13051280068698
L221T,-0.386459534242162
L221V,-0.344481890688987
L221W,-1.08837125372293
L221Y,-0.568908584883945
L222A,-0.411145265810498
L222C,2.98106809369726
L222D,0.955755157508841
L222E,-0.438685808804817
L222F,-0.497541720235524
L222G,1.08273336521541
L222H,0.2831345853548
L222I,-0.491011839332625
L222K,-1.14502826165476
L222M,-0.96639626007975
L222N,-1.3537317200043
L222P,-0.777511002550126
L222Q,0.872040557158584
L222R,-0.835774629128199
L222S,-0.520545041404701
L222T,-1.17463067534635
L222V,2.05575816859392
L222W,-0.407418760311627
L222Y,1.12502978759592
L223A,-1.72202898899444
L223C,-0.78351476046804
L223D,-0.655600594985433
L223E,-1.1668823603426
L223F,-0.424379081754246
L223G,-1.13305167505954
L223H,-0.640947694335245
L223I,1.36854113995056
L223K,0.423943710586574
L223M,0.741914977160741
L223N,-1.13950086164442
L223P,0.10898122486893
L223Q,-1.08039829213725
L223R,-1.05049872787654
L223S,-1.32367444348442
L223T,0.159519027585654
L223V,-0.590510063704898
L223W,-0.230141205933108
L223Y,0.827022271689958
L224A,-0.383146674708094
L224C,-0.40948212951055
L224D,-1.71001354537047
L224E,-1.47561304510976
L224F,-0.601461161388624
L224G,-0.909209896951826
L224H,-0.11352391909252
L224I,-0.369422191019939
L224K,-1.99089150618068
L224M,-1.53403082401679
L224N,-1.25459753808172
L224P,-0.28170303262112
L224Q,0.769036955106985
L224R,0.99200526073645
L224S,-1.93855280516822
L224T,-1.26602597452435
L224V,-0.571117678232834
L224W,3.64954458964192
L224Y,-0.604908119234906
D225A,0.260662631125315
D225C,0.841301151601976
D225E,-1.81997224462938
D225F,0.765580520309667
D225G,-0.59318947314989
D225H,0.243791753527883
D225I,-0.457778799872021
D225K,0.462282755848236
D225L,0.952089398942507
D225M,0.951194993754307
D225N,-0.221183637691031
D225P,2.30223512198119
D225Q,0.0296107984064431
D225R,0.593596572527246
D225S,-1.14917999373808
D225T,-0.402781414984017
D225V,0.716235356448239
D225W,0.0726360331893973
D225Y,-0.257249395608127
R226A,-0.186267472847515
R226C,-0.844230986192614
R226D,-0.955434752394262
R226E,-0.284571326430025
R226F,1.29752419577414
R226G,-1.19574751628556
R226H,-0.372240120180881
R226I,-0.630597677517971
R226K,-0.521931602559504
R226L,0.40551308022147
R226M,0.141337517721723
R226N,-2.04737120041557
R226P,-0.834607894207202
R226Q,-1.29806292144686
R226S,-1.14657632902451
R226T,-1.96052465717853
R226V,-0.11105320496666
R226W,-0.441014006635277
R226Y,-0.607486767731651
L227A,-0.188281905253887
L227C,-0.691750849709735
L227D,0.262593917369097
L227E,-0.848371030484976
L227F,0.199579858288554
L227G,-0.653937528733599
L227H,-0.926809433505599
L227I,2.77870538736972
L227K,-1.25905177638081
L227M,-1.12070457820235
L227N,-1.36777295021028
L227P,-1.24479950361081
L227Q,0.75886611933647
L227R,-0.260244822021273
L227S,0.686555288410206
L227T,-0.394436219565554
L227V,0.277856713821182
L227W,-0.182187741274509
L227Y,-0.647683359196176
N228A,-0.605256527151856
N228C,-0.882254219282551
N228D,1.56852198290622
N228E,-0.228173299076766
N228F,0.0827678334070401
N228G,0.378883661450839
N228H,0.618452491227374
N228I,-0.234097331957286
N228K,0.21670332365706
N228L,0.0014853334910842
N228M,1.6850094350533
N228P,-0.973327820041017
N228Q,-0.086428338594973
N228R,0.382345695823774
N228S,-0.431052000211206
N228T,1.18855552730926
N228V,0.43176492218233
N228W,2.14590476177306
N228Y,0.145390413917644
Q229A,-1.03929002071256
Q229C,-0.371174520171634
Q229D,-0.37905277744436
Q229E,2.94244842652197
Q229F,-0.309116254827126
Q229G,-0.802551736591117
Q229H,1.32887957267701
Q229I,0.562386259918211
Q229K,-0.0599525413272115
Q229L,1.16791414252589
Q229M,0.0226537089311672
Q229N,0.388588318387899
Q229P,-0.536303177595455
Q229R,0.338010618333617
Q229S,-0.133164204650725
Q229T,2.76757404245381
Q229V,0.713931410925211
Q229W,0.435772395065463
Q229Y,1.05672437144645
L230A,1.39008906923026
L230C,-0.271991914464032
L230D,-1.45338929083888
L230E,-0.474743206637229
L230F,-0.300501500420487
L230G,-1.00281005753695
L230H,-0.649487261049547
L230I,-0.910826537876118
L230K,-1.51914853006511
L230M,-0.80008242312778
L230N,-1.73928306516639
L230P,-0.284450476476574
L230Q,-1.14942094281478
L230R,-0.0662825698198159
L230S,-0.213609638772818
L230T,-1.03974388023706
L230V,0.0228373123279135
L230W,-0.17300219462155
L230Y,-0.788206128081015
E231A,-0.249442932233598
E231C,-0.516827158139817
E231D,-1.2486157299652
E231F,-0.507243059519437
E231G,0.0287351567749801
E231H,2.24983699385106
E231I,1.23257308468584
E231K,-0.472409772967031
E231L,0.384709157459777
E231M,-0.714753719317667
E231N,-0.298590796772153
E231P,0.0578117857392846
E231Q,0.134945683937773
E231R,-0.417235086907768
E231S,-0.027254935037367
E231T,-0.86573771401928
E231V,-0.0718392158727613
E231W,-0.39499297389545
E231Y,0.141323778690892
S232A,-1.11072979303202
S232C,-0.837435456958209
S232D,0.498174110565705
S232E,1.89324585795109
S232F,-1.20785438687961
S232G,1.88304479459102
S232H,0.00309734072112971
S232I,-0.749711493051625
S232K,-1.00464223392163
S232L,-0.394765960450224
S232M,2.93602673293101
S232N,1.21806313399609
S232P,-0.0626786665387113
S232Q,-0.351871931734072
S232R,-0.973752009717583
S232T,-0.617101338640006
S232V,-0.00106137967848038
S232W,0.173978321994321
S232Y,-0.443926397921067
K233A,-1.06261779893384
K233C,1.60880288062105
K233D,-0.00683668352787139
K233E,0.116132872163075
K233F,-0.121850836470428
K233G,0.28317255262069
K233H,-0.581721010745245
K233I,-1.01649703214415
K233L,1.38368127539989
K233M,0.600731370851047
K233N,-1.22911379154674
K233P,1.34360350711026
K233Q,1.09726865445379
K233R,-0.928091162884723
K233S,1.09948245389305
K233T,-0.983181460779605
K233V,1.15210574805382
K233W,-0.313198590819218
K233Y,-0.840532870626608
M234A,-0.17770265392646
M234C,-0.53318062273968
M234D,0.727193949774243
M234E,-0.941032870740444
M234F,-0.722407277068525
M234G,-0.0793237005759287
M234H,1.99814955033066
M234I,0.283566871004447
M234K,-1.42708266259625
M234L,-0.476684190176088
M234N,-1.1833262618493
M234P,0.144044856824528
M234Q,-1.37000236411043
M234R,0.379485003101127
M234S,1.33847733999698
M234T,-0.906803223042596
M234V,0.589619636303887
M234W,-0.557920627076771
M234Y,-0.966908349759253
S235A,-1.28195556248763
S235C,1.50006943027704
S235D,-1.27071896158519
S235E,0.797692304475089
S235F,0.497932923704522
S235G,-0.356006573607354
S235H,-0.432364054256401
S235I,-0.329254435650156
S235K,-1.20755803438974
S235L,-0.692694414056383
S235M,-0.712586664278222
S235N,-0.349748706081097
S235P,-0.664626956012244
S235Q,0.662271593383492
S235R,2.49375982497942
S235T,-0.296140440850509
S235V,-1.18904287315468
S235W,0.541541371909259
S235Y,0.130081217861343
G236A,-0.456290046978851
G236C,-0.11333652577057
G236D,-0.0298623838849556
G236E,1.41990131318681
G236F,1.39100547154418
G236H,2.32736104631195
G236I,0.0527278333813024
G236K,1.08213450501313
G236L,0.117518539112019
G236M,0.465117567713569
G236N,-0.0746409595529288
G236P,-1.05222674229459
G236Q,1.65513071963637
G236R,-0.0592372107823408
G236S,-0.240727545936785
G236T,1.73052950650561
G236V,0.33639194078858
G236W,1.76154188105134
G236Y,0.881342317870375
K237A,0.269208230417586
K237C,1.0355684550929
K237D,-0.786345072387494
K237E,0.200974243752051
K237F,3.26637779853077
K237G,-0.200742534728519
K237H,1.14648707210007
K237I,1.37737670656533
K237L,-0.790625556712225
K237M,3.53412825134504
K237N,0.24044001785669
K237P,-0.616264727495145
K237Q,-0.401815432935927
K237R,-0.0518521088112198
K237S,2.45033123175277
K237T,-0.898013571588048
K237V,-0.457581790759466
K237W,0.119906443424988
K237Y,-0.8107566722037
G238A,1.34001348726196
G238C,-0.0768388073076297
G238D,-0.394161351307962
G238E,-0.0736119588304166
G238F,-0.668804390988717
G238H,0.377906568866001
G238I,-1.0952765796884
G238K,1.18130953147634
G238L,-0.311589127080119
G238M,1.21846449058752
G238N,-0.369439758367064
G238P,-1.03370659199592
G238Q,-1.41144312551463
G238R,-0.640751172321687
G238S,0.22130859510074
G238T,-0.563360676729277
G238V,-0.400415510855499
G238W,0.416452852365039
G238Y,3.02865377523757
Q239A,-0.683831931211649
Q239C,-1.05851143878406
Q239D,-1.03943663510629
Q239E,-0.508284883769512
Q239F,0.164535518450579
Q239G,0.989221808307875
Q239H,-0.227541010971328
Q239I,1.39262343145725
Q239K,-1.06039178618647
Q239L,-0.476346094541909
Q239M,-0.480646665312909
Q239N,2.18836337646636
Q239P,0.102091983778025
Q239R,1.81782058844951
Q239S,-0.544063468050887
Q239T,0.511113669475006
Q239V,-0.493301622749218
Q239W,0.6375308298575
Q239Y,-1.20177521468554
Q240A,1.07133545666949
Q240C,-0.714444531259227
Q240D,-0.985289973563677
Q240E,-0.550529988786474
Q240F,1.10748080027315
Q240G,-0.188216094548579
Q240H,-0.525622448971901
Q240I,0.10193478475743
Q240K,2.16312607615885
Q240L,0.698481170485755
Q240M,-0.92961316992723
Q240N,-0.339973897912183
Q240P,0.210975835016564
Q240R,0.136465057093395
Q240S,5.92461801541204
Q240T,0.75879972627121
Q240V,-0.212277715992077
Q240W,1.13082136610197
Q240Y,2.32806155709745
Q241A,-0.47213260351983
Q241C,-0.0837587336397515
Q241D,0.308838265155887
Q241E,-0.834515214686435
Q241F,-0.829376791109322
Q241G,0.12150300848963
Q241H,2.53289294858687
Q241I,0.299742205271917
Q241K,0.702056845705789
Q241L,0.271419847407299
Q241M,-0.813631165136978
Q241N,-0.182556774716691
Q241P,0.523979550824315
Q241R,-0.107368743297224
Q241S,-0.269491401095697
Q241T,3.70075183860218
Q241V,-1.07936835321876
Q241W,0.177685110173403
Q241Y,0.422554070522825
Q242A,-1.68987489672509
Q242C,1.93565893667446
Q242D,-0.314676410161578
Q242E,1.11135861283036
Q242F,-1.39796198085911
Q242G,-0.574574811434148
Q242H,-0.283079725842629
Q242I,-0.632251360564863
Q242K,-1.33547225262489
Q242L,-0.546948685453356
Q242M,-1.11565785386346
Q242N,1.7982767118642
Q242P,0.0722715075400027
Q242R,1.30246626288072
Q242S,-0.282496142492892
Q242T,0.948057119150017
Q242V,-0.549640954789973
Q242W,1.36251734020135
Q242Y,1.91727701665519
G243A,0.605216354880145
G243C,-0.203729144496209
G243D,-0.509917474065135
G243E,0.87537889500445
G243F,2.06339637631765
G243H,-0.211561974827266
G243I,-0.126370935658597
G243K,-0.926799045327672
G243L,-0.477500445636878
G243M,1.11713571951673
G243N,1.4925178340696
G243P,0.0784637659354224
G243Q,-0.306337708333515
G243R,1.52398390874862
G243S,1.30902953589187
G243T,0.71351630243769
G243V,-0.617710797004175
G243W,0.372103322648927
G243Y,-0.150600060120413
Q244A,0.893839677028307
Q244C,-0.615362877496127
Q244D,0.73354300265531
Q244E,-0.764849300841854
Q244F,-1.19693296302322
Q244G,2.68127215233952
Q244H,1.32383110744276
Q244I,0.631740046325389
Q244K,-0.511353705617445
Q244L,-0.0869299131197422
Q244M,1.10569216399738
Q244N,-0.589183998055434
Q244P,2.81937794738466
Q244R,1.13236892785654
Q244S,0.626360136867306
Q244T,0.879043207094707
Q244V,-0.316063750060668
Q244W,0.935139415096847
Q244Y,1.03179097001839
T245A,0.74695725504324
T245C,-0.767344389129803
T245D,-0.538626886713931
T245E,-0.886003982594823
T245F,0.126496774669684
T245G,0.222474470600572
T245H,-0.339413681028341
T245I,0.484257523244884
T245K,0.146774915456014
T245L,0.020799023350692
T245M,0.200721378097351
T245N,-1.00932399088001
T245P,0.539173153373382
T245Q,-0.431902869047062
T245R,-0.0342824470044691
T245S,-0.00630991222616608
T245V,3.20615901310886
T245W,1.96264707963334
T245Y,3.5595307984794
V246A,-0.546292578633084
V246C,0.638097814956164
V246D,-0.22191700051119
V246E,-0.591959640324864
V246F,0.498557869588255
V246G,0.123560394106318
V246H,-0.505158409857604
V246I,1.29904543935302
V246K,-0.866532379559682
V246L,-1.0620186848927
V246M,-0.318774725888942
V246N,0.251767628373576
V246P,1.17480131158973
V246Q,0.98138453870307
V246R,-0.771301928549962
V246S,-0.683057149976351
V246T,-1.18428509068887
V246W,0.706943418905723
V246Y,0.098883951372165
T247A,1.23689726920528
T247C,0.940300540753613
T247D,0.154375417458873
T247E,1.42728293869062
T247F,-0.284884906285562
T247G,-0.278273278064403
T247H,0.849005060568849
T247I,-0.58832196902522
T247K,1.25428587884089
T247L,-0.114204227904226
T247M,-1.91420182796762
T247N,-0.457580394865032
T247P,0.0209864927528855
T247Q,0.853865557354762
T247R,0.274692427617222
T247S,-0.780723529801424
T247V,0.140442581340385
T247W,1.54574710765301
T247Y,2.32982021924085
K248A,1.26090238593524
K248C,0.349727694858516
K248D,-0.962613288855719
K248E,0.544894431975641
K248F,-1.26320822455132
K248G,-0.989268060484266
K248H,-0.577145685604905
K248I,-0.461750714828653
K248L,-1.14652293335899
K248M,-0.0820146877789899
K248N,-0.311303372258425
K248P,0.441117715421664
K248Q,-1.16936575176121
K248R,-0.18606133769242
K248S,3.56410884582013
K248T,-0.348219042330687
K248V,0.971146992569747
K248W,0.956301533041263
K248Y,0.318652667722666
K249A,-1.22954628269061
K249C,-0.348106590986855
K249D,-1.06506027691728
K249E,1.47767935856675
K249F,-0.676638463234192
K249G,-0.511316148293651
K249H,-0.715706482572495
K249I,0.593172266631673
K249L,1.17451723064803
K249M,1.26116139590986
K249N,-0.263225022324336
K249P,-0.482166766262274
K249Q,2.42226921969807
K249R,-0.501839033476855
K249S,1.15718991184176
K249T,0.122110874058939
K249V,1.24156234122391
K249W,-0.323241154909609
K249Y,-0.071678998157454
S250A,-0.320411318725071
S250C,0.214210607185154
S250D,-0.505786961981322
S250E,0.421464552502439
S250F,0.523563871629494
S250G,2.06586366498348
S250H,-0.545634418089458
S250I,0.636734309026967
S250K,0.757846346516081
S250L,-0.866188028938151
S250M,-1.44913647791677
S250N,-0.963204524976869
S250P,0.840515433018918
S250Q,1.33553676765881
S250R,-0.405634980491543
S250T,-1.01414705926855
S250V,-0.540220130946301
S250W,3.61597234026751
S250Y,-0.249130753860853
A251E,2.50114967360026
A251S,-1.01156540977328
E253A,-1.97806280070375
E253C,-2.47231805093697
E253F,-2.92302646073538
E253G,-0.237699322898961
E253H,-0.505562359969402
E253K,-1.94444036371427
E253L,-0.165849674238381
E253M,-1.85792735155365
E253N,-2.34930410737173
E253P,-2.49460458077731
E253Q,-1.07292503884249
E253R,-1.09209583808753
E253T,0.621044854110628
E253V,-2.04960493776251
E253W,1.31663939471769
E253Y,-2.47231805093697
A254C,-0.72943393827788
A254D,-1.06047368720203
A254E,-1.45726600596724
A254F,-0.667432609810633
A254G,0.946380540312712
A254H,-1.64269566012696
A254I,-0.845550593607869
A254K,-1.89686929163786
A254L,-0.564379340278008
A254M,-0.621855395507716
A254N,-1.77324362045796
A254P,-1.08820492791053
A254Q,-2.47231805093697
A254R,-0.42557603937619
A254S,-2.29330504838485
A254T,-0.359283278071645
A254V,-0.831644784683208
A254W,-0.134886225639519
A254Y,-1.0985564945232
S255A,-0.151476830680566
S255C,-0.522303591606358
S255D,-0.932500442236712
S255E,-0.845550593607869
S255F,0.503783901971822
S255G,2.7989951222631
S255M,-1.52342531161354
S255N,-0.723822397798086
S255P,-0.686827041399924
S255Q,0.534481868214812
S255R,2.96079216898461
S255W,-0.964846359185745
S255Y,-2.14108329974128
K256A,0.467939712500552
K256C,-2.27530315881789
K256D,-2.17992231073659
K256E,-1.09264526920518
K256G,-0.235565722233424
K256H,-0.692877668417455
K256I,-1.16453793223051
K256L,-2.07935778636683
K256M,-1.15946187092605
K256N,-0.862785489026708
K256P,-1.20213115728287
K256Q,-0.555012599840024
K256R,-2.87811146882847
K256S,-1.18793698933191
K256V,0.566088441645896
K256W,-1.54020416644604
K256Y,-2.38850117408372
K257A,-1.19499555072965
K257C,-1.06238484504269
K257E,-0.528539438708105
K257F,-1.54433564043978
K257G,-1.30704078340073
K257H,-0.775491535486234
K257I,-0.45778271368509
K257L,0.124353910396158
K257M,-0.252684371616732
K257N,-0.929524462857234
K257P,-0.866654256082978
K257Q,-0.964846359185745
K257R,-0.521600595986603
K257S,0.280005995183351
K257T,-1.24936567936411
K257V,-0.446274803330865
K257W,-0.679557759829788
P258A,-1.47237783525702
P258C,0.196402996392647
P258D,1.07197986530045
P258E,-0.379487136884414
P258F,-0.42334680086685
P258G,0.138596397244577
P258H,0.0646626928918678
P258I,3.84794168246517
P258K,1.72579418712136
P258L,-1.417900965522
P258M,-0.954994709648152
P258N,-1.28807105412117
P258Q,1.45028919944326
P258R,0.364273560842016
P258S,-1.20740133772038
P258T,0.328938255392206
P258V,2.97683644390492
P258W,1.79595951876484
P258Y,-0.466977952113709
R259A,-2.18956171272518
R259C,-1.53077053168227
R259D,-1.10006652071149
R259E,1.02277536695761
R259F,1.27908529749246
R259G,-0.956180775688924
R259H,-0.604142478547075
R259I,0.743586807221799
R259K,0.342568822770388
R259L,-0.358579040205548
R259M,-0.720754752267781
R259N,0.404628470658196
R259P,-0.259735107614394
R259Q,0.36507915040257
R259S,-0.237699322898961
R259T,1.93364979294429
R259V,-0.56200654666145
R259W,0.132417029309435
R259Y,0.246973004027474
Q260A,-1.10973226181774
Q260C,-0.159126608801013
Q260D,-1.47267485718364
Q260E,-0.887958359827019
Q260F,0.16747555412073
Q260G,-0.334313364664159
Q260H,-0.194606207843946
Q260I,-0.845877402837972
Q260K,2.25912994423739
Q260L,-0.473960423224119
Q260M,4.56623419162322
Q260N,2.96616323653757
Q260P,0.251984690933976
Q260R,0.209012471667093
Q260S,-0.797916057073741
Q260T,0.0697601975270533
Q260V,-1.24507511895493
Q260W,1.08143358396915
Q260Y,3.02087153761762
K261A,-0.641271057584804
K261C,-1.39481212359094
K261D,-2.01655713750147
K261E,-1.73407616954738
K261F,-0.0650984760939775
K261G,0.358164182733489
K261H,-1.36135416654294
K261I,-0.948274457030594
K261L,0.204746847268277
K261M,-1.10827275000822
K261N,-0.607344202319163
K261P,-0.832280740003631
K261Q,1.97247258693975
K261R,0.797111601112437
K261S,0.357623341236379
K261T,-0.715464280879475
K261V,-0.967633745390918
K261W,-0.535786173513714
K261Y,-1.69450249461376
R262A,-0.504033581718482
R262C,-0.601447858701365
R262D,-1.16139517653499
R262E,1.19073531159459
R262F,-1.45755752251328
R262G,-1.11484909859324
R262H,-0.753319398620678
R262I,-0.488953433902191
R262K,-1.76052946266733
R262L,-1.15155165324869
R262M,-0.0772470804922735
R262N,-1.50487081197139
R262P,-1.23474775695881
R262Q,-0.597977808574562
R262S,-1.83314781568953
R262T,-1.37827843368171
R262V,-0.829038738097306
R262W,-1.36625753910947
R262Y,-1.52798927697966
T263A,-0.735272857151984
T263C,-0.270421325360679
T263D,-1.47264947925669
T263E,-1.04511057071791
T263F,-0.207924252857957
T263G,-0.853339353853616
T263H,0.160795992805655
T263I,0.178110812268925
T263K,-1.11033022537496
T263L,0.689799651273204
T263M,-0.195854599188981
T263N,1.11545627637307
T263P,-0.822997909963426
T263Q,1.6415098943058
T263R,-0.80183806059931
T263S,1.48382930794716
T263V,0.76844928300193
T263W,0.406188512578989
T263Y,-0.0855133103689093
A264C,-1.21808839475523
A264D,-1.26730652257589
A264E,0.597893745035418
A264F,-1.09199612540528
A264G,-1.26575930060822
A264H,-1.8707944279099
A264I,-0.693632266614344
A264K,-1.73658461270838
A264L,-0.372566778485413
A264M,-1.66952275037682
A264N,-1.24004760742987
A264P,-1.32150132609596
A264Q,-0.802747418971386
A264R,-2.0084592483889
A264S,-0.910115063577927
A264T,2.32277925081921
A264V,0.429467214365653
A264W,0.549555975079334
A264Y,-1.6608351172641
T265A,0.0966241335039254
T265C,0.0606798149624066
T265D,0.243601853964116
T265E,0.109303337176314
T265F,-0.36475378925858
T265G,2.72343269432719
T265H,-0.208544204285215
T265I,-0.728517667781113
T265K,-0.453373539091367
T265L,-0.131183856323349
T265M,-0.37261412829836
T265N,0.203332874028464
T265P,-0.640421312368845
T265Q,-0.680808468190213
T265R,0.78330501835746
T265S,-0.699038577757402
T265V,0.195987310082808
T265W,0.176710915996607
T265Y,0.632383956994461
K266A,-1.92341988487134
K266C,1.04289982674437
K266D,1.01819810037774
K266E,-1.46149277771454
K266F,-0.0708727684572086
K266G,1.0817785783548
K266H,0.845028331406513
K266I,1.73569342679624
K266L,-0.324970009550825
K266M,-0.499394068706551
K266N,1.00083985136635
K266P,-0.74810743374356
K266Q,-1.18295016120727
K266R,0.577108577656485
K266S,1.26031440013179
K266T,-0.929607247803449
K266V,-1.66762942026926
K266W,-0.111570891391181
K266Y,-0.443764798296121
A267C,1.13279552826253
A267D,-1.23849463519304
A267E,0.208606756759097
A267F,-1.46882816234988
A267G,-0.558718391063146
A267H,-0.232143136067353
A267I,1.24563018391914
A267K,0.778489444997511
A267L,0.894886346506379
A267M,-0.132884144928246
A267N,-0.902289043218449
A267P,-1.88911979535176
A267Q,1.33140561662774
A267R,2.59499892666184
A267S,1.31352677888
A267T,-0.622544336706365
A267V,-1.19005202282032
A267W,-0.46659183407275
A267Y,-0.166765292271539
Y268A,-0.561844884743753
Y268C,-0.846739568703959
Y268D,0.350162731066552
Y268E,-0.0805815082520998
Y268F,0.137177086603107
Y268G,0.652446792800577
Y268H,-1.70089784119986
Y268I,1.32838245716828
Y268K,0.742421287770013
Y268L,-0.31573285294027
Y268M,-0.029438001868211
Y268N,-1.10623992305274
Y268P,-1.69258563146014
Y268Q,0.628258240538485
Y268R,-0.398003945133076
Y268S,-1.2615440453542
Y268T,-1.02493011073345
Y268V,2.07014128068981
Y268W,-1.21297262616294
N269A,-0.743907026671216
N269C,0.300780077467638
N269D,0.386811806621267
N269E,-0.491756911200391
N269F,-1.06476447520032
N269G,1.07790960488458
N269H,1.64576360138805
N269I,-0.520187877602861
N269K,0.395509960064601
N269L,-0.176169915403189
N269M,-1.17323197769695
N269P,-0.555923837449603
N269Q,1.10265282129154
N269R,-1.16535192994672
N269S,-0.0295975239393221
N269T,0.464225869472155
N269V,-1.00698341344128
N269W,-0.500549708039487
N269Y,-1.76523078246421
V270A,-1.17023791012507
V270C,-0.252217774537368
V270D,-1.69503460930849
V270E,-0.0521624828346152
V270F,2.33775189898225
V270G,-0.0848850493748685
V270H,-1.0272530381098
V270I,0.455107118988453
V270K,1.72906106411556
V270L,-0.629721101450149
V270M,0.222348687594752
V270N,-0.326298503118717
V270P,0.304579169940348
V270Q,0.286754407418324
V270R,-0.371196428503486
V270S,-0.635803521265336
V270T,2.27696343445872
V270W,0.452200652289775
V270Y,-1.7348499211192
T271A,0.496779312889478
T271C,-0.0252562803069334
T271D,-0.19860999824444
T271E,-1.02102796320146
T271F,0.899323768763736
T271G,-0.429860360983323
T271H,-0.0131151833130684
T271I,4.91334382051101
T271K,-0.676709855092977
T271L,1.51163495678827
T271M,-1.0507526439309
T271N,-0.862233484289219
T271P,1.38216689979328
T271Q,-0.979929121065225
T271R,0.283053766795534
T271S,0.862736951186704
T271V,2.18647116368568
T271W,-0.483384363713216
T271Y,-0.283151303454028
Q272A,-0.964846359185745
Q272C,2.91446130618609
Q272D,-1.2371110821248
Q272E,1.67552831550479
Q272F,-1.07384697844054
Q272G,-1.21830807345243
Q272H,-0.833909135805976
Q272I,-0.743523370732046
Q272K,-0.917448353411169
Q272L,-0.674222152807207
Q272M,-0.402552664188105
Q272N,0.388709044438762
Q272P,0.6532395583365
Q272R,-0.191571416006638
Q272S,-0.39087816670002
Q272T,-1.23603875615753
Q272V,-0.685520039438138
Q272W,-0.784112831156286
Q272Y,-0.620106964795342
A273C,-0.576828773858959
A273D,0.712431042736737
A273E,0.856950261353484
A273F,-2.22305933000613
A273G,-0.489357285131435
A273H,1.63978148844975
A273I,-0.0269280864676326
A273K,1.58149331752268
A273L,0.0455316848506529
A273M,-0.376525269973662
A273N,-0.916350963356479
A273P,-0.723822397798086
A273Q,-1.80445864850282
A273R,-0.268300001549641
A273S,-1.66091932502486
A273T,-0.405720630587234
A273V,1.54090926314666
A273W,5.9979807820093
A273Y,0.87961645383986
F274A,0.570790730826919
F274C,-1.51295754289778
F274D,-0.382902612557923
F274E,-0.480029469287135
F274G,-0.394958060812794
F274H,0.71712554822501
F274I,-0.100720640454329
F274K,1.99618057198042
F274L,0.397775271816094
F274M,3.29614593376632
F274N,0.197809738707821
F274P,0.988052470059447
F274Q,0.4260213890918
F274R,-0.405512148464567
F274S,11.4340367955237
F274T,-0.159576845728515
F274V,4.75557354342927
F274W,0.232859018954489
F274Y,-0.0738339613878945
G275A,-1.16216440694576
G275C,0.355300630346296
G275D,-2.18983777643535
G275E,0.783140090591868
G275F,-0.55237978218381
G275H,0.0266638985618755
G275I,0.369554008232642
G275K,-1.84377738523346
G275L,-0.0565461939538425
G275M,-0.322237976922017
G275N,0.627715652915667
G275P,-0.657815918625201
G275Q,1.14648707210007
G275R,-0.710234803302625
G275S,2.3946298771158
G275T,0.193260399325426
G275V,0.929815171586971
G275W,-2.22609330001301
G275Y,-1.28637042308704
R276A,-0.359610095088457
R276C,-0.848645505318104
R276D,-0.0927242377859062
R276E,0.215103521172071
R276F,1.27424215780483
R276G,-0.00436641724681911
R276H,2.94611003749016
R276I,1.51490134637978
R276K,-1.12213985796149
R276L,-0.447780512553398
R276M,3.67296258328032
R276N,1.6937730653955
R276P,1.79211265169975
R276Q,-0.392633482669271
R276S,0.700653364052933
R276T,-1.36710806866243
R276V,0.0328907231284759
R276W,-0.426812405982738
R276Y,-0.919165605196446
R277A,0.541053113726023
R277C,-0.497647449254629
R277D,-1.43025898614726
R277E,0.700411239301337
R277F,-0.480779576192687
R277G,-1.63202803346883
R277I,1.30722330716337
R277K,0.00817613500606381
R277L,-0.961018846798822
R277M,0.574099915575522
R277N,-0.010233044595589
R277P,-0.599882711400467
R277Q,-1.22243875952784
R277S,-0.260359699562402
R277T,-1.30101364951655
R277V,-1.65454523571696
R277W,-0.412613576478614
R277Y,-0.299632795092904
G278A,-0.252076641521612
G278C,-0.135705276438442
G278D,-0.679483899362783
G278E,-0.408603445974291
G278F,1.58481597519938
G278H,-0.663567636567632
G278I,-0.568785544125125
G278K,-1.7348499211192
G278L,1.99113922278746
G278M,2.34385065814962
G278N,2.81183920937414
G278P,-0.682204497362586
G278Q,0.952593896321401
G278R,0.0870419922249279
G278S,-1.31040124627271
G278T,0.336833679592842
G278V,-0.00291825337441623
G278W,-0.132664716869517
G278Y,4.84644044884068
P279A,0.574417688920268
P279C,-0.171122470789044
P279D,0.261466870992627
P279E,-0.183894235076572
P279F,-0.791865194084107
P279G,0.107398722913205
P279H,-0.41946742058277
P279I,1.32520996542961
P279K,0.0113390486553424
P279L,-0.84672051677923
P279M,1.58481785560061
P279N,1.4697906097629
P279Q,-0.282186586229674
P279R,-0.771361626050607
P279S,-0.653392986024509
P279T,1.53573046325841
P279V,-0.27108709217027
P279W,-0.100159970410384
P279Y,-1.50656126420585
E280A,-1.03974828656174
E280C,-0.739156303972045
E280D,-0.529028718381873
E280F,0.550710722678028
E280G,-0.557670082186476
E280H,-1.01572808845861
E280I,-0.338129234974481
E280K,-0.977298647912948
E280L,0.814822616539018
E280M,0.689857642837056
E280N,0.555987429199641
E280P,-1.63171094761948
E280Q,-0.780049401937545
E280R,-0.0271106366983954
E280S,-0.441713825816023
E280T,-0.324709239116549
E280V,0.0070168588597138
E280W,-1.12022538770174
E280Y,4.9306842104337
Q281A,1.55466347478149
Q281C,4.70015959614375
Q281D,1.22144590506457
Q281E,-1.25668856553982
Q281F,0.194373586161721
Q281G,-0.16423038149329
Q281H,-1.84214103059657
Q281I,-1.2770600657239
Q281K,0.239466763964082
Q281L,3.21429988244522
Q281M,0.396025199427389
Q281N,1.38671631623663
Q281P,-0.685680135534678
Q281R,-0.705022628557169
Q281S,0.499932994313231
Q281T,-0.167375181081573
Q281V,0.433685047872754
Q281W,-1.46875834031178
Q281Y,0.565582102880009
T282A,-0.406823723348645
T282C,0.552382825091649
T282D,-2.45060450499847
T282E,0.608983462748027
T282F,1.16605935524194
T282G,0.191883933014204
T282H,-1.16250204658367
T282I,-0.414240981805894
T282K,0.963770979662239
T282L,0.402257735623689
T282M,-1.01529392430071
T282N,3.78628116417524
T282P,1.32110923461444
T282Q,-0.958676929485672
T282R,-0.573851753671569
T282S,0.753008990437762
T282V,0.420748754711897
T282W,1.4370998991941
T282Y,-0.306165027463817
Q283A,-0.352387461878286
Q283C,-0.0957657789096239
Q283D,0.415751732557752
Q283E,1.26143769160341
Q283F,-0.844335616544107
Q283G,-1.35983478362597
Q283H,0.189048362373111
Q283I,3.25213935589364
Q283K,-0.469662340915121
Q283L,-1.48435016695683
Q283M,-0.165387291722814
Q283N,-0.0337996087625224
Q283P,-1.09831897025118
Q283R,-1.10272322218164
Q283S,-1.32003368045017
Q283T,1.47146611675825
Q283V,-1.02660415722395
Q283W,0.35567607169853
Q283Y,-0.442939588360799
G284A,1.80735093074535
G284C,-1.68814364210169
G284D,1.29959013523346
G284E,-1.31892168809231
G284F,-0.208253590038839
G284H,1.16733569448452
G284I,-2.36870094165643
G284K,1.67386841084522
G284L,2.64016530110033
G284M,0.547933088385082
G284N,0.0428349841228814
G284P,-0.702602723836143
G284Q,-0.83819274500387
G284R,0.69724277873359
G284S,-0.971696642710468
G284T,0.474222063799196
G284V,-0.992971450166527
G284Y,-1.01989153579485
N285A,0.433144190079249
N285C,-0.259456349486303
N285D,0.727700335386151
N285E,0.285276608800103
N285F,-0.739903675488746
N285G,-1.17285762234775
N285H,-0.19175118038929
N285I,-0.29362515894662
N285K,0.446996075814522
N285L,0.299859078336814
N285M,-0.0871093459487442
N285P,0.598919527197704
N285Q,-0.146413150513921
N285R,0.280406103662763
N285S,3.28970564447448
N285T,-0.545971479366175
N285V,0.910081063055816
N285W,0.0897046472467663
N285Y,1.52134829145292
F286A,-0.377671382498517
F286C,-0.815043924685941
F286D,0.419347958122989
F286E,-0.129891841500742
F286G,0.106178218969003
F286H,-0.903167433673781
F286I,-0.65327018584241
F286K,0.228827632516755
F286L,2.92173190529224
F286M,-1.13978557836338
F286N,0.642896536346333
F286P,0.902165923810154
F286Q,0.52576452618524
F286R,0.737290922995609
F286S,-1.36346644051667
F286T,-0.508402184540823
F286V,4.13979820552841
F286W,0.0146399696182267
F286Y,0.912164511112966
G287A,-0.100404520446664
G287C,-1.46146485925839
G287D,0.0837891896245069
G287F,2.91635742871602
G287H,-0.420110034483084
G287I,1.57122363498211
G287K,2.184315930668
G287L,3.54826801207224
G287M,0.36825883743443
G287N,-0.192748544942977
G287P,-0.782838617007891
G287Q,-1.93688220216866
G287R,0.111575131160247
G287S,2.32509255200867
G287T,1.89380666422905
G287V,7.23857207223527
G287W,-0.275370007079851
G287Y,0.268664443503689
D288A,-0.1622326255433
D288C,4.62765780479174
D288E,1.01888311506711
D288F,1.03987624634065
D288G,0.0358356311650813
D288H,-0.691087887211817
D288I,-0.296499540906165
D288K,0.156430361710718
D288L,0.156344798787672
D288M,-0.472537931384633
D288N,-1.50622718377436
D288P,-2.20618558710066
D288Q,0.106815821534817
D288R,0.317356214342001
D288S,-0.423402855115722
D288T,-0.60158340238945
D288V,-0.73698979501945
D288W,0.558197647348813
D288Y,1.20537155610093
Q289A,2.26189726154836
Q289C,0.087647515074122
Q289D,0.577242005257134
Q289E,1.8192357580061
Q289F,-0.011587201736181
Q289G,0.266892120315215
Q289H,0.943780046431696
Q289I,0.368213353648805
Q289K,-0.216096254481614
Q289L,-0.912175373484549
Q289M,0.308135739976067
Q289N,2.13207412057641
Q289R,0.790904792908376
Q289S,-0.694896323462006
Q289T,-0.671833407274064
Q289V,0.732605539514825
Q289W,1.7354078103678
Q289Y,-0.683888626853151
E290A,-0.634747996286824
E290D,1.05164510541786
E290F,0.921428129684731
E290G,-2.04960493776251
E290H,-0.937588955804098
E290I,-0.313952492533719
E290K,-1.2645797852079
E290L,0.345396985425309
E290M,0.460850764099157
E290N,1.09693635468678
E290P,-1.19499555072965
E290Q,-0.553887670027785
E290R,1.02013050545302
E290S,0.670791342961396
E290T,-0.933680435531906
E290V,-1.1971821185163
E290W,0.476556367318483
E290Y,-0.580986985857061
L291A,3.24682143361569
L291C,-0.688690463940126
L291D,0.707253314102077
L291E,0.0600060813597555
L291F,-0.182955093756104
L291G,-0.80956226614527
L291H,0.299161113674922
L291I,-0.748899255865627
L291K,0.252551874163029
L291M,0.200448050622205
L291N,0.271726336678238
L291P,-0.100773574653401
L291Q,-1.85247955540716
L291R,2.95030493488949
L291S,-0.799870415878987
L291T,-0.107514777533079
L291V,-0.346051320947859
L291W,-0.773752890367319
L291Y,-0.416254697187144
I292A,-1.18069395477301
I292C,1.42562240379116
I292D,-1.10469843081315
I292E,0.872283695810327
I292F,-2.92302646073538
I292G,-0.835025086772019
I292H,-2.18689786281831
I292K,4.13732965108745
I292L,-0.561953645739097
I292M,0.383090667479504
I292N,-1.08091638888505
I292P,1.72034127439624
I292Q,4.06677731209725
I292R,-1.16259192457753
I292S,-0.644965555445781
I292T,-1.32120016110061
I292V,1.03094115783282
I292W,-1.24629262171618
I292Y,2.39520591855537
R293A,-1.04156957886852
R293C,-0.802005729704324
R293D,-0.656751494314874
R293E,-0.178475191464512
R293F,-1.04557410681602
R293G,-0.0742934081416345
R293H,1.96684193494705
R293I,-0.376716556158833
R293K,0.77939098768512
R293L,0.166340199101394
R293M,-0.242730440113363
R293N,-1.02576553638423
R293P,-1.80752682973934
R293Q,-1.28292710072898
R293S,-0.843479978868872
R293T,1.11913111213036
R293V,-0.01026038435515
R293W,0.356755719872063
R293Y,0.433600382080394
Q294A,2.08035600623354
Q294C,-1.49660434026828
Q294D,1.46170877921156
Q294E,1.34689852795357
Q294F,0.266117254777445
Q294G,-0.299650748050105
Q294H,-0.572666034306346
Q294I,-0.4942269074235
Q294K,2.15318456155287
Q294L,-0.114923334004734
Q294M,0.199545754828917
Q294N,1.72342129789733
Q294P,-0.186089372174937
Q294R,-0.0699025232986529
Q294S,1.0233795050728
Q294T,-0.112563818684192
Q294V,0.0613177557688805
Q294W,1.1272863442754
Q294Y,2.06794373691857
G295A,1.84204033415813
G295C,-0.54353003041273
G295D,0.457836936309253
G295E,-0.420399052182639
G295F,0.94060732156023
G295H,-0.240194531308602
G295I,0.338656277017822
G295K,-0.92934207466152
G295L,-0.309619631319236
G295M,-1.24263766528314
G295N,-1.74038327114069
G295P,-2.04960493776251
G295Q,-0.46703321719047
G295R,0.176979383981284
G295S,-0.185684748379259
G295T,-0.82480854225587
G295V,-1.76256121884794
G295W,1.22551567893442
G295Y,-0.312003831584375
T296A,6.07552643955898
T296C,-0.963811740877111
T296D,-0.30013541056555
T296E,-0.480149413043527
T296F,0.329445322625359
T296G,1.29493940097544
T296H,-0.319232117771013
T296I,4.91979434151511
T296K,1.588105949087
T296L,1.08600352314798
T296M,-0.916123887899206
T296N,-0.512863556346351
T296P,0.0969513785088004
T296Q,0.49552011844496
T296R,-0.734557498515435
T296S,-0.756241019355312
T296V,-1.39548940588101
T296W,-0.0576399305722557
T296Y,-1.0544487029543
D297A,-0.177669241095147
D297C,-1.83092092636791
D297E,1.54096849324603
D297F,-0.976620892282733
D297G,-0.736145448738143
D297H,-0.972311798528392
D297I,1.24402842323889
D297K,-0.788740415234916
D297L,0.480216603450536
D297M,-0.800104553664368
D297N,0.269369506855586
D297P,-1.85792735155365
D297Q,-0.76575993101163
D297R,0.473671799242409
D297S,-0.0579092673876441
D297T,-0.949139833641144
D297V,-0.796324081950588
D297W,-1.50752083401373
D297Y,-0.12349682346586
Y298A,-0.700546932299178
Y298C,-1.53395181297102
Y298D,0.796507814467233
Y298E,-0.237372757683028
Y298F,1.80326790648755
Y298G,1.17040918480063
Y298H,0.626923753078796
Y298I,-0.197724546485628
Y298K,-0.932908560057345
Y298L,5.42714054031384
Y298M,2.01721627176205
Y298N,-2.35361675983602
Y298P,-0.646349372499927
Y298R,0.445148289978218
Y298S,9.32026999387225
Y298T,1.40051739120379
Y298V,-0.204855683112263
Y298W,-0.472790706416419
K299A,-1.5315053222196
K299C,3.35814645343687
K299D,-0.864013975918035
K299E,-1.0012522246434
K299F,-1.06641449124136
K299G,-0.382131531018124
K299H,-0.126896355407391
K299I,-0.273769084412882
K299L,-0.451517865443379
K299M,-0.961019980562171
K299N,-0.939851238957904
K299P,0.0294490356696702
K299Q,-1.02192903181217
K299R,-0.344533424538582
K299S,0.326874698409879
K299T,-0.700583557919515
K299V,0.684764530168383
K299W,-0.207442847931065
K299Y,-0.723404006515848
H300A,-1.01341890698619
H300C,-0.324882442332755
H300D,0.616180122520379
H300E,-0.231061769048231
H300F,1.01017290767507
H300G,-1.00549030660501
H300I,-0.134273647706277
H300K,-0.0892801920960474
H300L,0.332286712507718
H300M,-0.0251670828455046
H300N,1.10265637970831
H300P,0.894109221561809
H300Q,0.158902911928148
H300R,1.96878411050388
H300S,-0.38076545915114
H300T,-0.985638976708166
H300V,-1.01855028852303
H300W,-0.399770054409778
H300Y,1.44758017663367
W301A,-0.379228080179712
W301C,-0.151322877555558
W301D,0.694534732753693
W301E,-0.538353668986664
W301F,-0.80208733624526
W301G,-1.55019366091851
W301H,-1.13778265891288
W301I,-0.815417830649192
W301K,-1.45189336857506
W301L,-1.06493956458553
W301M,-0.143496424635996
W301N,0.676438481764652
W301P,0.769635694720705
W301Q,1.0304119057549
W301R,6.98340819759432
W301S,-0.210060248675015
W301T,1.1514138880838
W301V,-0.675747002164822
W301Y,1.06645160778985
P302A,0.480404501930099
P302C,-0.665393035026683
P302D,-0.698169904606172
P302E,-1.05071754729773
P302F,-0.807433130441228
P302G,0.327891080106581
P302H,0.0326281992473333
P302I,-0.993352354078747
P302K,-0.684682151563139
P302L,-0.896504524924229
P302M,-1.25406673296345
P302N,-0.0782321759205465
P302Q,-0.166501088710862
P302R,0.00323593858632734
P302S,2.48086569089604
P302T,0.107194307854568
P302V,-1.03528678897604
P302W,1.50270204190309
P302Y,-0.25319914580303
Q303A,1.63546488003385
Q303C,-0.752025504855717
Q303D,-1.08282323959567
Q303E,0.0785826562227351
Q303F,-1.22908622403366
Q303G,-0.930047150145222
Q303H,-0.69827799881814
Q303I,0.396572685192349
Q303K,-0.0765581972167896
Q303L,-0.227493829725569
Q303M,0.170501281246041
Q303N,-0.220484206260838
Q303P,0.748359672451024
Q303R,-0.298899621565434
Q303S,-0.702917449706259
Q303T,0.000351556684009303
Q303V,0.699534953060304
Q303W,-0.90559028256953
Q303Y,-1.12572437133568
I304A,-1.3619766161883
I304C,-1.17179583238652
I304D,1.4353663765039
I304E,1.95552080374485
I304F,-0.0916137080276182
I304G,3.67698084506229
I304H,-0.918724754619273
I304K,0.596602059965396
I304L,0.762750622184256
I304M,-0.0919323886959137
I304N,-0.450888615508052
I304P,-1.7818046880343
I304Q,-0.77642906138837
I304R,5.04793151861332
I304S,-0.855195179916018
I304T,-1.96934786762758
I304V,-0.0461536482902493
I304W,-0.465234531427265
I304Y,-0.58982228874265
A305C,-0.191667912550042
A305D,-0.31624394777352
A305E,0.0263776610319722
A305F,-0.725667111050948
A305H,-1.5247040285508
A305I,-1.57053051063945
A305K,-0.932771700470724
A305L,-0.710259520969497
A305M,-0.928695121752667
A305N,0.0140315575332478
A305P,-2.29330504838485
A305Q,0.00682774874096919
A305R,-0.215764913345732
A305S,-0.523506444754361
A305T,-1.63362368714231
A305V,-1.23903089481844
A305W,-0.919728197883995
A305Y,-0.103640272543199
Q306A,-1.04477878257724
Q306C,-0.536711392809681
Q306D,-0.933442563574396
Q306E,-0.828528615341634
Q306F,-0.594713246832326
Q306G,-0.67577198169502
Q306H,-0.769190982648557
Q306I,-0.22230695098366
Q306K,-1.2602163352901
Q306L,0.747134604740884
Q306M,1.71732271617047
Q306N,-0.432152146921635
Q306P,-0.422356740547968
Q306R,0.130236163979938
Q306S,-1.20698693108456
Q306T,0.0471310216413588
Q306V,0.935573386208291
Q306W,1.9262619201228
Q306Y,0.416320164948546
F307A,-0.250592605285236
F307C,-0.191744846154905
F307D,0.750029554356861
F307E,0.236746205813925
F307G,-0.736589878958357
F307H,-1.48863078413502
F307I,-0.567531307448034
F307K,1.10562862098541
F307L,3.93233475674792
F307M,-0.783461727832148
F307N,-1.37205083449328
F307P,-0.790491126898738
F307Q,-0.264119459273086
F307R,0.457945862360019
F307S,-1.10716160891215
F307T,-2.28970953194427
F307V,-0.603949052406469
F307W,-0.130543788630511
F307Y,-1.39627110241402
A308C,-1.20935469139303
A308D,-1.07354591959927
A308E,-0.929472600378132
A308F,-0.249222558686036
A308G,-1.54510111798922
A308H,-1.92662844700093
A308I,0.142367924454373
A308K,0.221113185866821
A308L,0.627235295749675
A308M,-0.259085083292762
A308N,-1.23665079317511
A308P,0.186540413944984
A308Q,-0.860386166245493
A308S,3.83745098606396
A308T,1.62029777103895
A308V,1.07346055567198
A308W,1.94009421693552
A308Y,-2.31162688787152
P309A,-0.375337799147871
P309C,0.127724040743734
P309D,-0.0980841205800558
P309E,-0.238702791462672
P309F,-1.81748430194666
P309G,-0.265624729535901
P309H,-1.29403628996365
P309I,2.14259570895101
P309K,-0.258687149674616
P309L,-0.152571410265584
P309M,-0.86221243556235
P309N,2.21034731620544
P309Q,-0.0408543322806714
P309R,0.568778338937734
P309T,-1.42406997851873
P309V,-0.0729038295954771
P309W,1.60116265266991
P309Y,-2.25705641676563
S310A,3.46924791306751
S310C,0.526415489416553
S310D,-0.5317512232264
S310E,-1.17427822179511
S310F,-2.27530315881789
S310G,0.143812691471153
S310H,0.6538204584032
S310I,-0.875018951386915
S310K,1.10142723431426
S310L,0.319040187526477
S310M,0.295913995504842
S310N,4.04724851625119
S310P,-1.70557330777845
S310Q,1.48151779062254
S310R,-0.494561145592199
S310T,-0.112099799564096
S310V,0.0139697781570711
S310W,2.96890569194655
S310Y,-0.0275865758510583
A311C,-0.654201992494871
A311D,-1.32030330911125
A311E,-0.336051860654313
A311F,-1.22518358816106
A311G,0.159045617129205
A311H,-0.460569749280011
A311I,-0.911960740560829
A311K,-1.16207126778928
A311L,-1.10958748338902
A311M,-0.509792576391532
A311N,-0.121321576315085
A311P,-0.20454884384657
A311Q,-0.753745399282456
A311R,-0.223944336908337
A311S,0.00302317118794793
A311T,-0.297395794927804
A311V,-0.638642450734318
A311W,1.56301470283682
A311Y,-0.481078649390034
S312A,-0.917085222379336
S312C,-0.325424720757594
S312D,0.7503648074681
S312F,-1.26297441097486
S312G,1.06867878497326
S312H,-0.703944068436402
S312I,-1.85719958452104
S312L,0.0319093467498121
S312M,-0.943796166855583
S312P,5.27360751442372
S312Q,-1.41611949188165
S312R,-0.609080029504097
S312T,2.07014128068981
S312V,-0.587924687036456
S312W,-1.42754182461231
S312Y,-0.635332362687799
A313C,-1.29572114175989
A313D,0.267780620661647
A313E,-1.07119677266214
A313F,0.199158363332567
A313G,-0.188555520318502
A313H,-0.132453149425526
A313I,-1.15338170276244
A313K,0.417642112928129
A313L,0.494530268338318
A313M,-0.201261884607948
A313N,-1.53631343883359
A313P,-1.09431761276336
A313Q,-1.34377270641024
A313R,-1.75738122906689
A313S,1.08925576393246
A313T,-2.85114011099112
A313V,-0.4227366975084
A313W,-0.39258512266893
A313Y,1.44198877018052
F314A,-0.787856794159431
F314C,0.309619878208829
F314D,-1.40985117767103
F314E,1.11533692585672
F314G,0.0611375413653624
F314H,0.04882698023712
F314I,0.706271835256444
F314K,-0.938435549188182
F314L,1.71165709000709
F314M,0.774608767150111
F314N,4.11352668907197
F314P,-0.00397011262290919
F314Q,0.0490496047789819
F314R,-1.8707944279099
F314S,1.05988199047204
F314T,-0.790725728444293
F314V,-0.460216813829939
F314W,0.422485085891826
F314Y,-0.995346862333435
F315A,-0.0912578929326748
F315C,-0.435924859898197
F315D,-1.60010634182757
F315E,0.313311679064457
F315G,-0.888959171570032
F315H,-1.1515754513696
F315I,-1.24682630104766
F315K,-1.5789987921245
F315L,-0.946415930183965
F315M,0.178896887935991
F315N,0.17179885908165
F315P,-1.80752682973934
F315Q,-0.11015797282758
F315R,0.417427683066845
F315S,2.77521660663507
F315T,1.19882745334966
F315V,0.254015380796513
F315W,-1.04806767415952
F315Y,-0.881508677579524
G316A,1.23982211355454
G316C,-0.417984102684898
G316D,-1.72622895357622
G316E,-1.06375674888841
G316F,-0.130251786825498
G316H,0.0892382898770707
G316I,-0.551832017713992
G316K,-2.45540025160449
G316L,-0.271739984614177
G316M,0.19379026443687
G316N,-1.15054396179336
G316P,-1.0460557758936
G316Q,0.728898647845753
G316R,-1.53210346518678
G316S,-1.12400960859759
G316T,0.710723372770647
G316V,-2.32764664353988
G316W,-1.48427074945776
G316Y,-0.0812514836309057
M317A,-1.37102495973506
M317C,0.599408869785175
M317D,-0.780108180501883
M317E,-1.47728307076172
M317F,-0.954727601301524
M317G,1.06967739018612
M317H,1.45144728122713
M317I,1.53432614891131
M317L,0.24147241818265
M317N,-1.04421291717102
M317P,-0.307681536609341
M317Q,0.640381078700494
M317R,-1.43915687706524
M317S,-0.484349605310093
M317T,-0.194626122514973
M317V,3.50784106169947
M317W,-1.83251904384448
M317Y,-0.745987037995175
S318A,0.180252181228596
S318C,-0.808806222994293
S318D,-0.946831981904165
S318E,-1.7467362822701
S318F,0.155712370191086
S318G,-1.47702752034984
S318H,-2.66411054972312
S318I,0.291226982399211
S318K,-0.150440387215369
S318L,-0.854399597263761
S318M,3.0598208598638
S318N,-0.903150259480017
S318P,-1.35362077726349
S318Q,-0.690361526102933
S318R,-0.19112436166658
S318T,-1.05317350942034
S318V,0.613006588328633
S318W,-0.0805786871126547
S318Y,0.740453799731677
R319A,-1.23855565988332
R319C,1.57579103985108
R319D,1.19363552399598
R319E,0.655331666412959
R319F,-0.324263441105794
R319G,0.83047591978682
R319H,3.11282512141087
R319I,-1.65727393884779
R319K,0.714759553142774
R319L,-0.607032941963527
R319M,-1.86239093975292
R319N,1.79376010066823
R319P,-2.64368045223405
R319Q,-0.419520208387486
R319S,0.617908049053825
R319T,-1.82367223826795
R319V,-0.854238600941727
R319W,0.509174180059657
R319Y,0.0042919782307271
I320A,-1.04756209406885
I320C,-0.173274840323267
I320D,0.54177290963433
I320E,-0.372001036848398
I320F,0.394050378544748
I320G,-1.79442915605406
I320H,-1.91008343827683
I320K,0.210590329209859
I320L,-2.08937807637342
I320M,-0.215879526363284
I320N,-1.59388684452615
I320P,-1.19191070519771
I320Q,-1.11279011236445
I320R,-1.54980836054149
I320S,1.41782077252812
I320T,-2.0945012582395
I320V,-0.673649291399815
I320W,-0.385902536966297
I320Y,-0.834360336458222
G321A,0.608142866878471
G321C,-1.23562853216629
G321D,0.696841686864869
G321E,-0.577853933666206
G321F,0.236100468036741
G321I,1.03797550824581
G321K,0.0511252844007665
G321L,2.07650511358942
G321M,-0.882882731571523
G321N,-1.19273308716752
G321R,-0.0479257865921501
G321S,-0.714292263161153
G321T,0.562263655208357
G321V,-1.26857601474536
G321W,2.33202930454716
G321Y,0.406780055683742
M322A,-0.487192562977365
M322C,0.471008518142779
M322D,-1.08998226594045
M322E,-1.60298746140563
M322F,-0.326281219942579
M322G,-1.66526896699782
M322H,0.623124672342394
M322I,0.473640782647921
M322K,-2.60104483479918
M322L,-1.91008343827683
M322N,0.228269869983713
M322P,-0.706291833536976
M322Q,-1.36361618385442
M322R,1.4952566143372
M322S,-0.406362120158378
M322T,-0.852322158347216
M322V,-1.67493761342512
M322W,1.29593938218087
M322Y,-1.75244667148616
E323A,-0.587137779598811
E323C,0.563038589472522
E323D,1.51333421327684
E323F,-1.27570974180549
E323G,-0.460925313170015
E323H,-0.964846359185745
E323I,-0.496492989001819
E323K,-0.151623854898363
E323L,0.528988862118635
E323M,-1.20526161332124
E323N,-0.0307759009027694
E323P,-0.817684467606396
E323Q,-0.573802127195798
E323R,-0.673572969756053
E323S,-0.231122207027512
E323T,-1.01389175618817
E323V,-1.23200696560792
E323W,1.19392220406505
E323Y,0.264524367636561
V324A,-0.1480986719607
V324C,-0.206441613730392
V324D,0.611954191861288
V324E,-0.218771728901986
V324F,0.303036781473851
V324G,0.20392353865241
V324H,0.368981861899095
V324I,-0.774327495629033
V324K,1.73867997656276
V324L,0.991014273858241
V324M,-1.37918191871137
V324N,1.33911258792952
V324P,0.0881812548328779
V324Q,0.785646283031195
V324R,-0.0994596400965174
V324S,0.0705062936584257
V324T,-0.364021431616538
V324W,-0.737536491216899
V324Y,0.801386341255302
T325A,-0.999362612401844
T325C,2.83835228318568
T325D,2.49518961817784
T325E,-1.13726399316656
T325F,0.401240157462344
T325G,1.70407135581756
T325H,3.32864561273236
T325I,0.243610037140509
T325K,0.294704870207145
T325L,0.476426803740041
T325M,-0.631420476502603
T325N,-0.60704214329144
T325P,-0.1410164905031
T325Q,-0.450195750221181
T325R,0.840489663439523
T325S,0.952744886877892
T325V,0.0154844861116112
T325W,0.535510940276573
T325Y,-0.778221166632124
P326A,0.76169267232862
P326C,0.665380047825853
P326D,-1.01544038087167
P326E,-0.217858650311382
P326F,-0.29414713062623
P326G,-0.630546676708833
P326H,-0.480209416327905
P326I,-0.352628222670459
P326K,0.00706447690575666
P326L,-0.186089372174937
P326M,2.70348875847282
P326N,-0.504158820766403
P326Q,-1.04629402947819
P326R,0.159072126192125
P326S,0.459281171950819
P326T,0.0647467519614953
P326V,-1.13888012745285
P326W,-0.376622202044603
P326Y,-1.13417295087704
S327A,1.0007545907558
S327C,1.73393752786394
S327D,0.76478111953461
S327E,-0.0808236243019577
S327F,1.66482786783582
S327G,3.64601172641062
S327H,-1.08494110824688
S327I,-0.266598409880296
S327K,0.687111172096872
S327L,0.218325539731613
S327M,2.84623258823706
S327N,1.99257024658022
S327P,-1.61905642322272
S327Q,-0.962487823917559
S327R,0.326325407061036
S327T,-0.511312859917335
S327V,-0.159145663565527
S327W,0.90118399071708
S327Y,0.620917128361896
G328A,0.716130864608709
G328C,-0.948418416494586
G328D,-1.15237701791349
G328E,0.162240233408894
G328F,0.643769238190057
G328H,-0.55899566257646
G328I,0.0439024381768144
G328K,-0.52964952823776
G328L,0.327507035066786
G328M,2.26006436709542
G328N,-0.713259510649556
G328P,-0.180092326383945
G328Q,-1.0761371378669
G328R,-0.969877651899611
G328S,-1.56364624240859
G328T,0.0636882936463374
G328V,-1.1484211660261
G328W,-0.270366746779017
G328Y,0.875802035708255
T329A,-0.931080965273059
T329C,-0.089190924967772
T329D,-1.35512186174624
T329E,-0.221039954891564
T329F,1.62073607554518
T329G,0.00561561863999085
T329H,-0.670597082021626
T329I,2.54384376211007
T329K,0.707142532559509
T329L,-1.04056326145144
T329M,-0.199729360889377
T329N,0.622178767724081
T329P,0.150955616158596
T329Q,-0.474465665905331
T329R,-1.39096021774894
T329S,-0.863234091823043
T329V,-0.284265230931264
T329W,0.324757976802661
T329Y,-0.180879994682808
W330A,-0.355824861913142
W330C,0.552917094884092
W330D,-0.929850338858276
W330E,-1.00754678337855
W330F,0.767525109935917
W330G,0.275204318061706
W330H,-1.06442714175654
W330I,-0.0467236333871576
W330K,-0.921483492805639
W330L,-0.189648592651316
W330M,-0.0359222332863847
W330N,-2.03498307475037
W330P,-1.35430302114489
W330Q,1.67294258750021
W330R,0.063665301690648
W330S,0.168074459501448
W330T,0.684595651761965
W330V,-0.527750583113258
W330Y,0.391247156712646
L331A,-0.625859796843636
L331C,-0.862713293641475
L331D,1.20938791737244
L331E,-0.799434027035679
L331F,-1.28948848512948
L331G,0.250848035874686
L331H,-0.221377454121603
L331I,-1.02546074542815
L331K,2.11113120941831
L331M,-0.469057826603596
L331N,0.0482781732844108
L331P,-1.00466084211268
L331Q,1.17474419110285
L331R,-1.30081572737676
L331S,-1.33353917239703
L331T,-0.901527751459821
L331V,0.896042506293505
L331W,0.19379026443687
L331Y,0.944589028271299
T332A,-1.0027415964879
T332C,0.518676857186732
T332D,0.532670721122855
T332E,0.0625929586745613
T332F,-0.440561512612147
T332G,-1.98236441845504
T332H,0.363246153788238
T332I,0.42166711559292
T332K,-0.0812464067051998
T332L,1.21494994361064
T332M,0.221889976573708
T332N,-1.67578706555766
T332P,-0.862690242445184
T332Q,0.166630600306924
T332R,-0.513746861400101
T332S,-0.424087978943058
T332V,-1.07299460508327
T332W,2.21104864940928
T332Y,-1.17934069964316
Y333C,-1.96419962408811
Y333D,0.931113449552385
Y333E,-0.243469657735082
Y333F,-0.200694298078383
Y333G,-0.719202180434684
Y333H,-1.60234130331063
Y333I,-0.7546456948502
Y333K,6.73936848817536
Y333L,-0.913293991815382
Y333M,0.535025310184276
Y333N,-1.7230493465595
Y333P,-0.796708668818316
Y333Q,-0.457730404792339
Y333R,-0.414587280163456
Y333S,-1.90876889573862
Y333T,-1.77556179746405
Y333V,-0.817004084802285
Y333W,0.0623510229169944
T334A,0.110548003897275
T334C,0.182662190572298
T334D,-0.419852550250695
T334E,0.296888626421398
T334F,-0.43521042482415
T334G,-0.963261404604733
T334H,2.32050510164541
T334I,1.93128063778597
T334K,-0.721589506264027
T334L,0.563898097660475
T334M,0.1496831825127
T334N,-0.353571823901687
T334P,0.882189084231222
T334Q,-0.208371498807639
T334R,0.596748140474159
T334S,0.326893526200233
T334V,0.10977450561523
T334W,0.0496746675504042
T334Y,-0.77403174947601
G335A,1.48695584512046
G335C,0.330822597630591
G335D,0.848933045476858
G335E,-1.30205754195414
G335F,-0.0462491343778935
G335H,0.0367746504802144
G335I,0.148684039775681
G335K,-0.25130380852001
G335L,-0.274166374516574
G335M,0.590785092465444
G335N,-0.796621898851015
G335P,-0.441872934068342
G335Q,1.30750700284447
G335R,0.196649521441489
G335S,0.562452239455511
G335T,-0.620795235258107
G335V,-2.16893422881257
G335W,0.0586345743183517
G335Y,-0.291921504682667
A336C,0.155366118585212
A336D,-1.18840470120605
A336E,-1.38179200308829
A336F,-0.0727262641478388
A336G,3.41307258751041
A336H,0.00514721399545004
A336I,-0.273645009413235
A336K,0.0217834455629692
A336L,1.02644568815817
A336M,-0.539585368562219
A336N,-0.566675285570781
A336P,-0.116938234634946
A336Q,0.0278545153809622
A336R,-0.674130209901739
A336S,-1.04688549316386
A336T,-0.288771422353229
A336V,-1.0445393954429
A336W,-0.0486695000002613
A336Y,-1.04987437369666
I337A,-2.56873413124148
I337C,0.384794737989729
I337D,-1.47026003244488
I337E,0.130031587280899
I337F,-1.08974594415538
I337G,2.29581467630399
I337H,0.771342899905684
I337K,1.5438571449115
I337L,0.353176635398038
I337M,-1.38190461037028
I337N,-1.47165375327472
I337P,-0.363875543930546
I337Q,0.771492105019082
I337R,0.795295181961205
I337S,-0.0174080022945835
I337T,-2.79454480779019
I337V,1.76109864715086
I337W,1.15543790453996
I337Y,0.106815821534817
K338A,-0.698411612100097
K338C,-0.761808707888453
K338D,-1.0260206035943
K338E,1.15389182115505
K338F,0.433521652024547
K338G,0.201406124448968
K338H,-0.309596170225556
K338I,-0.177356053824561
K338L,0.171409219175628
K338M,-0.403388425541108
K338N,-0.615720619091154
K338P,0.586097062034511
K338Q,1.84513708053162
K338R,0.563498481624993
K338S,-0.10185240085457
K338T,-0.53288433959141
K338V,-0.23117825715153
K338W,-1.00320888492651
K338Y,0.0396131966127577
L339A,-1.19533606701681
L339C,0.874295435930518
L339D,1.22455766804826
L339E,1.35044626535346
L339F,1.60872596004381
L339G,0.349662618150462
L339H,0.58076485583123
L339I,1.67831879818477
L339K,-1.2682961913257
L339M,2.08128512495357
L339N,0.283854097851149
L339P,-0.698981873248389
L339Q,0.460069615759106
L339R,-1.56892011290025
L339S,-0.731770335828028
L339T,0.79638410441104
L339V,0.334148046075835
L339W,-1.39409765492864
L339Y,0.0961397074779674
D340A,0.199116861447029
D340C,-0.283331413007901
D340E,0.308135739976066
D340F,-0.865826701300811
D340G,-1.22949093189493
D340H,-0.60772729664076
D340I,-0.907045528252219
D340K,0.9363770961501
D340L,-0.53637005545983
D340M,-0.585886639102036
D340N,0.711948048503965
D340P,-2.02130461870057
D340Q,-0.666097004088155
D340R,-0.807559440742154
D340S,-0.479728429746315
D340T,-0.944920378650436
D340W,-2.35370786022877
D340Y,-0.737849609128238
D341A,-0.616525842261764
D341C,2.07012420788724
D341E,-0.336244885966734
D341F,-0.791363962419502
D341G,-0.715369168052175
D341H,-0.272777599833939
D341I,-0.915727935480856
D341K,0.160252137766008
D341L,0.18522827596205
D341M,-1.3038330991891
D341N,1.49112247963616
D341Q,0.00248123238858073
D341R,0.72563993552743
D341S,3.79763660092885
D341T,0.437055514386513
D341V,-0.464250159734346
D341W,-1.42497206407152
D341Y,-1.14041788283413
K342A,1.4688141429021
K342C,-1.29365623648754
K342D,0.0212566030551908
K342E,3.01711522664456
K342F,3.28971621969448
K342G,-0.361547035637735
K342H,-1.51380836369765
K342I,-0.581592314055322
K342L,-0.466802044930071
K342M,0.45257657675266
K342N,-0.92846904411446
K342P,0.160566357089501
K342Q,-0.644765783228216
K342R,-1.14063242370343
K342S,1.55085270516685
K342T,0.460610828100726
K342V,-0.607537277720245
K342W,-0.836425304773503
K342Y,-0.667802636341582
D343A,1.08076360375113
D343C,-0.576296108070411
D343E,0.558604144727005
D343F,-0.387472953186138
D343G,-1.24120240969252
D343H,2.5306100417961
D343I,-1.33353917239703
D343K,-1.69208011748968
D343L,-1.17812754429451
D343M,-0.471105569505408
D343N,-0.135765219894785
D343P,-2.33028666373211
D343Q,0.563061313320926
D343R,-1.54453810069758
D343S,-1.1250896440708
D343T,0.529895397639832
D343V,-0.290060140943399
D343W,0.171765272262695
D343Y,-0.762590436626348
P344A,2.25838131896731
P344C,-0.475359410554203
P344D,-0.654410951991558
P344E,-0.48441498319089
P344F,-1.39636102065319
P344G,0.0464745959488655
P344H,-0.823784541932088
P344I,0.609833945206194
P344K,-0.51393226926263
P344L,-0.49042825319127
P344M,0.110098562671507
P344N,4.40558253569112
P344Q,-0.813086692155222
P344R,3.26126579061272
P344S,0.0313355576412793
P344T,-0.786349815861085
P344V,-0.797974279849908
P344W,-0.977048087352927
P344Y,-1.37857861349911
N345A,-0.662046957093172
N345C,-0.717284238687428
N345D,0.161705680585708
N345E,-1.09857648788278
N345F,-0.902591049879442
N345G,0.0543878544085947
N345H,-0.710551018940627
N345I,-0.971511426495585
N345K,-0.0628137352345979
N345L,3.1922534033372
N345M,-2.17317672499098
N345P,0.599823905784243
N345Q,-0.801965977526925
N345R,0.202810820169062
N345S,1.18496615304066
N345T,-1.01111232434902
N345V,-0.634984460837048
N345W,1.06353373339195
N345Y,-0.0936524829947714
F346A,-0.185609039737282
F346C,-1.72545701691726
F346D,-0.557514050609965
F346E,-0.406518871392301
F346G,0.253630143586345
F346H,-0.821550002298849
F346I,-1.0671183492006
F346K,-0.48589421778464
F346L,-0.402144786106873
F346M,0.156891297834753
F346N,0.00909960115838998
F346P,3.46133382418052
F346Q,0.866088200460954
F346R,-1.04451905655088
F346S,-1.6529247694468
F346T,-0.516713719105082
F346V,-0.737484110246887
F346W,-1.65687715508731
F346Y,0.31504058157583
K347A,-0.1901417152435
K347C,-0.679711776340208
K347D,-0.404977081955245
K347E,3.37994723128892
K347F,-0.280752966315003
K347G,3.95585536932698
K347H,-0.879306965358765
K347I,2.28770280962734
K347L,-0.485748657076198
K347M,-0.176332222937028
K347N,-1.00960465370588
K347P,-1.29012344327551
K347Q,1.48282376929392
K347R,0.115248460923118
K347S,-0.900443285387042
K347T,-0.766616939935908
K347V,-0.477496554721151
K347W,-1.22318863004528
K347Y,-0.814327422992924
D348A,-0.489355825947329
D348C,-1.42162461514656
D348E,-1.22969498024925
D348F,0.9913466967213
D348G,-0.0564287113419667
D348H,-0.379228080179712
D348I,-0.396086106356248
D348K,-0.147934582293761
D348L,-0.190337155469312
D348M,-0.852082294447374
D348N,-0.037082502207487
D348P,-0.269139607673023
D348Q,-0.738357894937904
D348R,-0.385747965746172
D348S,-0.242934773852749
D348T,-0.420249663513317
D348V,1.14095102635125
D348W,-1.034455561352
D348Y,-0.0438367844821433
Q349A,-0.847467162897858
Q349C,-1.41129850129351
Q349D,0.114052863243409
Q349E,-0.415533746958546
Q349F,-0.385791187725094
Q349G,0.738419731839666
Q349H,-1.05655152470301
Q349I,-0.73243212176937
Q349K,-0.906878328229267
Q349L,-0.465166478600065
Q349M,-0.460986205222765
Q349N,-0.683512490742372
Q349P,-0.415616711372401
Q349R,-1.41129850129351
Q349S,-0.206314693259452
Q349T,1.01637378672593
Q349V,-0.882508310845706
Q349W,-0.402472214991976
Q349Y,-0.482945475886799
V350A,0.0600405958878284
V350C,1.71622410383184
V350D,-1.42146162767306
V350E,-0.805922824664285
V350F,-0.195738423809735
V350G,-0.0714932353331185
V350H,-0.838414345721429
V350I,-1.13061562788078
V350K,-0.504961181958781
V350L,0.210239130662665
V350M,1.12766947719391
V350N,-0.769764262386171
V350P,-2.47231805093697
V350Q,0.56785598698975
V350R,-0.701172622651662
V350S,0.424270292268614
V350T,-1.13287666972876
V350W,-0.613109799460548
V350Y,-1.38818077818125
I351A,0.294571126973563
I351C,-1.16908356018916
I351D,0.16590351714165
I351E,-1.29587643749228
I351F,-0.841092591170941
I351G,0.0531309488111348
I351H,-0.13940787847923
I351K,-1.38781908472452
I351L,0.238196991867017
I351M,0.713169620615314
I351N,0.508341575427523
I351P,-0.0711940597167098
I351Q,0.0208159788044562
I351R,1.24011410794738
I351S,0.392481190697205
I351T,-0.297605908712246
I351V,1.8378403415033
I351W,-0.00718830674315308
I351Y,1.2382335109397
L352A,1.15968426284849
L352C,2.98435726390719
L352D,1.69032844607892
L352E,-1.20771862470087
L352F,0.150838103762338
L352G,-1.08998226594045
L352H,0.67602461368941
L352I,-1.21727462394574
L352K,-1.15279501305709
L352M,0.458798204777027
L352N,0.355230621247806
L352P,-2.1303609774128
L352Q,-1.5405552360982
L352R,-0.322742254216248
L352S,-0.502079550977981
L352T,-1.31900513651262
L352V,-0.848698289711258
L352W,-0.558951509788942
L352Y,-1.55992533689208
L353A,1.06490462331032
L353C,1.07385926103297
L353D,-0.88221614583228
L353E,4.42255533074148
L353F,-0.177708493041074
L353G,-0.33862745142593
L353H,-0.662224244590536
L353I,0.697741660767575
L353K,-0.908502551799933
L353M,-0.639672560179872
L353N,2.22691837126498
L353P,-1.11099640141826
L353Q,-2.06439448919122
L353R,-0.797104283021973
L353S,-0.733355428423668
L353T,-3.30821789213152
L353V,-1.95975576615424
L353W,2.62916217952315
L353Y,-0.262768849151601
N354A,0.538640693600819
N354C,0.405266953504383
N354D,-0.865448477256307
N354E,2.65372155283671
N354F,0.292954119919883
N354G,-1.16341531112902
N354H,1.52189721262182
N354I,-0.449119972050171
N354K,-0.614852391118464
N354L,1.09949734382074
N354M,3.45212766286805
N354P,-0.908502551799933
N354Q,-0.6742417407548
N354R,-0.639347147813814
N354S,2.88040854340548
N354T,0.0185035023956874
N354V,-0.478530969681004
N354W,-0.0656017419708473
N354Y,4.7739136810539
K355A,1.45245004761802
K355C,-0.88906961814065
K355D,-1.10162073811674
K355E,-1.15409157542205
K355F,-0.258781543363023
K355G,-0.662137381638964
K355H,0.216586796935466
K355I,-0.908384086757813
K355L,-0.435231750039598
K355M,0.051699847357829
K355N,-0.0670931081652467
K355P,-2.15702042060409
K355Q,0.0409727129938644
K355R,0.655074141556931
K355S,1.35560890310983
K355T,-1.82321565064873
K355V,-0.995032370318136
K355W,-1.00968711995546
K355Y,0.129418464394014
H356A,-0.0362529526908408
H356C,-1.93626616257996
H356D,0.774080440694255
H356E,-0.784321208353787
H356F,0.658300181629021
H356G,-1.49474131105563
H356I,-1.48891202648765
H356K,0.0407848075482099
H356L,-1.42020343435561
H356M,-0.687409618006075
H356N,-1.32139879549407
H356P,0.00882942556285176
H356Q,-1.06853477963742
H356R,2.2068091543203
H356S,-1.83251904384448
H356T,0.159213055547845
H356V,-0.59977253039467
H356W,-0.277858053381013
H356Y,-0.994199596370802
I357A,3.06644849932309
I357C,4.11777893388078
I357D,2.26575639316276
I357E,-0.467056598953438
I357F,4.44074875208464
I357G,-2.17895968190462
I357H,0.626309730617244
I357K,-0.955712980257107
I357L,-2.14108329974128
I357M,-0.73075486883439
I357N,-0.440211888572782
I357P,-0.55251683712745
I357Q,-0.542673705955997
I357R,-1.62196030074381
I357S,-0.372566778485413
I357T,-1.68773009362472
I357V,-0.65163434340012
I357W,-0.629738608876031
I357Y,-1.10392765383396
D358A,-2.00449008242994
D358C,-1.49508794348654
D358E,-1.94325680988124
D358F,-0.819002834791179
D358G,-0.38156611825965
D358H,-0.77642906138837
D358I,1.05542174607
D358K,-0.0150083423102774
D358L,-2.5175125471134
D358M,0.217640880370366
D358N,-1.26681441093482
D358P,-2.31162688787152
D358Q,-0.882583101015649
D358R,1.78051661945695
D358S,-1.77077434693656
D358T,-1.66698840327301
D358V,-2.28736959564168
D358W,-0.0704493663623673
D358Y,-0.948622726207261
A359C,-0.797124541323749
A359D,-0.628715821343474
A359E,-0.657563511267503
A359F,4.75351128580267
A359G,-1.24714407230367
A359H,0.163329555175076
A359I,-1.18225218085167
A359K,3.33393208570037
A359L,-1.17715981023327
A359M,-0.0423264037916638
A359N,-2.05301106290788
A359P,-1.59908378793737
A359Q,-2.06439448919122
A359R,-0.954642994530952
A359S,0.0796842571722778
A359T,-1.79028968522016
A359V,-1.52934873162223
A359W,2.06647697221435
A359Y,-0.533563012858625
Y360A,-1.41646847329377
Y360C,-1.90381867892338
Y360D,2.39047966355962
Y360E,-1.46146485925839
Y360F,-1.01599499039048
Y360G,0.654024611687925
Y360H,0.603078150107743
Y360I,-2.00621986939335
Y360K,-0.497206185606825
Y360L,-0.977723893517124
Y360M,0.631645204036357
Y360N,-1.59591699357151
Y360P,6.20040248345821
Y360Q,0.41769369723164
Y360R,-2.09719063191525
Y360S,0.519034127802822
Y360T,2.81632449796394
Y360V,0.0451925523032156
Y360W,2.70543568054984
K361A,-1.33247365718795
K361C,0.400485193804038
K361D,-1.45421958088604
K361E,-1.40950658983839
K361F,-1.1927630192192
K361G,-1.24440676847032
K361H,-0.428971760509335
K361I,-0.236416632744202
K361L,1.30114651294454
K361M,-1.6245866567042
K361N,-0.947532299197681
K361P,-0.338271737388404
K361Q,-0.0755681997327569
K361R,-0.318234664652441
K361S,-0.666223183473241
K361T,0.61967847189644
K361V,-0.0345882977006698
K361W,-0.253849042349607
K361Y,-1.59714287992768
T362A,-1.87288272479069
T362C,-1.74798500372719
T362D,-7.16791839828176E-06
T362E,-0.26964744784231
T362F,0.0041874977042891
T362G,0.468354723104377
T362H,-0.528916526078359
T362I,0.605040406057327
T362K,2.04975032798144
T362L,-0.0996385132401386
T362M,0.359737439094958
T362N,-0.980530427309115
T362P,0.411730010154739
T362Q,0.121560215181971
T362R,0.591218538247193
T362S,0.436791698102582
T362V,-1.12072769226419
T362W,-0.27008223653147
T362Y,0.0738747619548989
F363A,1.48781065254926
F363C,-0.357570516358609
F363D,0.625379472530482
F363E,-0.541987825411023
F363G,-0.361373217392101
F363H,-1.11342496874987
F363I,0.724703948222214
F363K,-0.437453887237783
F363L,-0.624133724391598
F363M,-1.19472267676742
F363N,-0.213800197889669
F363P,-0.762981233009557
F363Q,-0.337927045725843
F363R,-0.75529928811168
F363S,-0.668893310199026
F363T,0.292271841896799
F363V,-0.301530247271454
F363W,2.2032453008064
F363Y,-1.86423406366614
P364A,0.0949441525826972
P364C,-0.605466983455069
P364D,0.627127140845834
P364E,-0.122886853433999
P364F,-0.412205451109612
P364G,-0.394636239478515
P364H,-0.401158350266073
P364I,-0.413125495316095
P364K,-0.660112705890568
P364L,-0.182556774716691
P364M,-0.965507142146548
P364N,0.0928771545049738
P364Q,-0.698854439676252
P364R,-0.863751904751033
P364S,-0.235082327928039
P364T,-0.350473541488398
P364V,1.0475720727079
P364W,0.9743976515502
P364Y,-0.771228186325257
P365A,-0.351744295333373
P365C,11.4340367955237
P365D,-0.978410664764071
P365E,0.525191851130123
P365F,0.338716196015682
P365G,-1.20505791488336
P365H,0.854227959974793
P365I,0.925471052956081
P365K,-0.434085318183919
P365L,-0.330260354637747
P365M,5.0885120666732
P365N,0.399196976626478
P365Q,-0.388754271876269
P365R,-0.865535099625767
P365S,1.26924085866505
P365T,0.694336898340213
P365V,2.06327901405021
P365W,0.630895850129041
P365Y,1.44204480835372
T366A,0.11143532015474
T366C,0.668836323947647
T366D,-1.72217240484212
T366E,-1.1544804752908
T366F,-0.27318009108119
T366G,1.68575113124928
T366H,-1.34273162370753
T366I,0.196363104730601
T366K,-0.578531655062021
T366L,1.53796945471213
T366M,-0.402646837620949
T366N,-1.50306863588886
T366P,-1.71447537970848
T366Q,2.17707601347921
T366R,1.14359648599002
T366S,1.66323012320978
T366V,-1.14016795417998
T366W,-0.0340135220075155
T366Y,0.735132340569216
E367A,-0.607032941963527
E367C,0.355344775076354
E367D,2.07587286503157
E367F,0.125126638313708
E367G,0.1019972019353
E367I,1.67628579696653
E367K,0.557321117287028
E367M,0.827457808390201
E367N,2.98173969697205
E367R,-0.630077417440394
E367S,-0.523183502800434
E367T,0.343610749664371
E367V,0.821845981566486
E367W,-0.937028026016746
E367Y,-0.598078390736722
P368A,-0.370098977393006
P368C,-0.841258832020257
P368D,-1.39157985345231
P368E,0.135694275150696
P368F,0.339870454364462
P368G,0.277474032185985
P368H,-1.38812935336201
P368I,-0.679483899362783
P368K,-0.417701272638843
P368M,1.11640364865386
P368N,2.27407911439819
P368Q,-0.414685598893286
P368R,0.141894518158782
P368S,-1.74200698836346
P368T,0.610228332845118
P368V,-1.25336407172935
P368W,-0.00394230103868566
P368Y,0.425963425657303
K369A,-0.0518582611104781
K369C,1.1272863442754
K369D,0.510861829633915
K369E,0.769450210069533
K369F,0.106815821534817
K369G,1.79695821358862
K369H,2.48117994865492
K369I,2.55717418948297
K369L,1.41100078977425
K369M,-1.07965338618838
K369N,1.71786503040083
K369P,0.706084634157424
K369Q,-1.04171917494564
K369R,-2.1098317380832
K369S,-0.807121160668401
K369T,-0.87684138958023
K369V,-0.894755288544617
K369W,-0.313003343970793
K369Y,1.37372208006249
K370A,-0.801304443611524
K370C,2.08944715089484
K370D,1.07887224357947
K370E,-0.527626904292376
K370F,-0.532211074499768
K370G,0.138776321948859
K370H,-0.0138056365839016
K370I,-0.532144679740315
K370L,0.099693180192621
K370M,-0.786549864295182
K370N,-0.0246353328495716
K370P,-0.843895794723326
K370Q,0.995550025808909
K370R,-0.823479986340116
K370S,-0.185419534678651
K370T,-0.498606795348861
K370V,1.26963868304235
K370W,0.573257538368192
K370Y,-0.698569531302284
D371A,-0.974262958311719
D371C,-0.902207163930374
D371E,0.595088427239874
D371F,-0.0286237794921861
D371G,-0.386718041207179
D371H,-0.794152422542912
D371I,0.468133171308902
D371K,-0.204979325326973
D371L,0.658975551596205
D371M,1.83160717773005
D371N,-1.74178219385048
D371P,0.760145224721688
D371Q,-0.612860776661
D371R,2.97804960334884
D371S,-0.482907837686147
D371T,-0.474599003830658
D371V,1.09058029824809
D371W,-1.9443234282338
D371Y,-0.764519100246073
K372A,3.30651496832894
K372C,0.00383563649304603
K372D,1.3699707492977
K372E,-1.59073240477906
K372F,2.30458975569176
K372G,-2.21273912212809
K372H,-0.563501363286855
K372I,-0.248386361820635
K372L,-1.12134357889746
K372M,-0.379207726565724
K372N,1.69317816575244
K372P,0.554985680797164
K372Q,-0.849893794518523
K372R,-0.802103097974966
K372S,7.3430903901156
K372T,-0.305591685780445
K372V,0.0575531171782077
K372W,4.1312709047647
K372Y,-1.62583710687874
K373A,1.20489160495524
K373C,0.0528525378544253
K373D,0.32658938939592
K373E,1.16304482503128
K373F,-0.21547649380784
K373G,2.79611995688507
K373H,0.516015673634998
K373I,-1.69587096011764
K373L,0.298653178023457
K373M,9.47203192515712
K373N,-0.635268375395516
K373P,1.10462963416204
K373Q,-0.90897115736788
K373R,-1.35375923098701
K373S,-1.02475996590268
K373T,3.386413087469
K373V,5.24526413811058
K373W,2.60558287434375
K373Y,-0.900551737469795
K374A,-0.496913300507864
K374C,-2.05855504649374
K374D,0.150813289657134
K374E,-0.680538807778121
K374F,1.35885933465369
K374G,-1.21297262616294
K374H,1.04397834824542
K374I,-0.814616118300747
K374L,2.48222764218993
K374M,2.50743373155991
K374N,-1.08109652771838
K374P,1.97940886255064
K374Q,-0.717885294212321
K374R,-1.13815189949839
K374S,-1.40830926620637
K374T,1.48868205479554
K374V,1.04059643757114
K374W,-0.644152506255652
K374Y,0.938972531827858
K375A,-0.284322532566664
K375C,3.37565923099073
K375D,0.389113692586806
K375E,-1.16874620632768
K375F,1.08760471562442
K375G,2.48255366061839
K375H,-1.71884794255997
K375I,3.60345954937274
K375L,1.44986369211154
K375M,-0.781961356068575
K375N,11.4340367955237
K375P,0.00689901129291926
K375Q,-2.1098317380832
K375R,0.328596606377189
K375S,-1.77077434693656
K375T,2.15606165538043
K375V,1.1158304596424
K375W,-1.44124522158716
K375Y,1.26525186703763
A376C,2.76356684550005
A376D,2.41724714803008
A376E,-0.878554830648025
A376F,-0.151837557474718
A376G,0.579944693736675
A376H,0.0555839089789849
A376I,1.13846268831981
A376K,-0.973179073134468
A376L,1.02157852809849
A376M,-0.423268123388015
A376N,-0.0873517432746952
A376P,0.807132723326656
A376Q,-0.888483920438883
A376R,-1.32475327468644
A376S,-0.227715152667309
A376T,0.195703127818919
A376V,0.655389195131164
A376W,-0.185475303688489
A376Y,0.104838184654577
D377A,-0.344826951096067
D377C,-0.258964127719248
D377E,-0.741474076864788
D377F,-1.43592811945941
D377G,-0.0432198365994141
D377H,-1.36436510495358
D377I,0.272038177854038
D377K,-1.02813844032607
D377L,2.36994796174967
D377M,-1.24623132376166
D377N,0.660587767730081
D377P,0.0940546065957654
D377Q,-1.51246483400331
D377R,-1.2543103162893
D377S,-0.21558344692728
D377T,2.5406358283183
D377V,1.68128730313441
D377W,-0.263309609594033
D377Y,-0.95995686423125
E378A,1.4867544735949
E378C,-0.98052664689795
E378D,1.97265908030755
E378F,1.37560735239654
E378G,-1.01393675268464
E378H,-0.751475212929659
E378I,0.755628822538994
E378K,-1.0035334097875
E378L,-1.31806393370326
E378M,-0.43763298810853
E378N,-0.623646680305595
E378P,0.478445821387271
E378Q,-0.25492034691279
E378R,-0.194204120577588
E378S,1.00302467772674
E378T,-0.94921102702694
E378V,0.706813432550989
E378W,-1.06187405476781
E378Y,-1.41503549772559
T379A,1.9208716943781
T379C,-1.50543239576777
T379D,0.67982498090485
T379E,-1.72917397878383
T379F,-0.38282541187567
T379G,-0.805421278794663
T379H,-0.607118777973053
T379I,1.10545469043057
T379K,1.79564394914976
T379L,0.699170719110786
T379M,-1.01680469283846
T379N,3.88674332581289
T379P,-0.950943070079745
T379Q,0.240407163400156
T379R,1.03726595069625
T379S,5.21116179002962
T379V,0.925756943612657
T379W,0.0525403864135829
T379Y,-0.183009607516653
Q380A,2.10019214735069
Q380C,0.389083737734818
Q380D,0.633796431059558
Q380E,1.25210122675874
Q380F,-1.15507563453879
Q380G,1.52445419920612
Q380H,1.90193298379486
Q380I,-0.658212768402514
Q380K,-0.564300896529559
Q380L,0.094624986299034
Q380M,3.67509890107529
Q380N,-0.590115092498016
Q380P,0.344704576293552
Q380R,-0.116556037595306
Q380S,-0.190522611530905
Q380T,0.158359280569486
Q380V,-0.73061839180626
Q380W,0.683238429297506
Q380Y,1.04177943446959
A381C,0.24562108021387
A381D,2.28514134646439
A381E,-0.682204497362586
A381F,-1.24307725379303
A381G,-0.349756565910113
A381H,1.31330475407435
A381I,-0.873552627211864
A381K,0.572836752053933
A381L,-0.111005767849249
A381M,0.0826755693824613
A381N,0.298941605659284
A381P,-0.285849148705201
A381Q,-1.25887102251013
A381R,0.200283020074531
A381S,0.115700816511688
A381T,-0.624940795349768
A381V,0.366707452463913
A381W,0.105091977889732
A381Y,-0.142545163435324
L382A,5.05029990261931
L382C,0.150571353277351
L382D,0.528249236531171
L382E,0.673263574624141
L382F,0.124403630374688
L382G,0.119552276652271
L382H,-0.763917720646461
L382I,0.0791179499962102
L382K,0.0543731703003768
L382M,1.37274416131378
L382N,-0.594587268138803
L382P,0.671520701367012
L382Q,-0.0223410923310172
L382R,0.745492679164439
L382S,-0.781128905552467
L382T,-0.374526702557051
L382V,-1.21297262616294
L382W,1.02064205182251
L382Y,-0.490424334481546
P383A,-0.578531655062021
P383C,-2.00244223729521
P383D,-0.364558315992075
P383E,0.33203770526483
P383F,2.52979140975146
P383G,-1.66526896699782
P383H,1.45366083343159
P383I,-0.706773814793535
P383K,0.14414816879157
P383L,-1.50254748332899
P383M,0.681182566111499
P383N,-0.659072148183898
P383Q,0.859049202390867
P383R,-0.486441361157166
P383S,-2.80100623599339
P383T,0.127378400632625
P383V,-0.481439699961772
P383W,-0.925450836149701
P383Y,-0.443601555365334
Q384A,-0.860718266766274
Q384C,-1.15307477731295
Q384D,0.616878251693227
Q384E,-1.36635209557209
Q384F,0.760846552291027
Q384G,2.49963056727973
Q384H,0.171933821519559
Q384I,0.607659368409137
Q384K,-1.38179200308829
Q384L,-1.24134904878783
Q384M,-0.40600576131611
Q384N,-0.090475517277373
Q384P,1.6173518189136
Q384R,0.0844962851374869
Q384S,0.837071694918364
Q384T,-0.590801553508092
Q384V,1.56986458953922
Q384W,-1.15066351152359
Q384Y,-0.252690008134212
R385A,2.08559566346562
R385C,-1.00351607896842
R385D,1.06169554741026
R385E,3.13140949045372
R385F,1.7055152971164
R385G,0.0345191794215899
R385H,-2.07317498341353
R385I,0.224020576143241
R385K,0.286557418862373
R385L,-1.37526509598648
R385M,-0.135761717447865
R385N,2.31660655373968
R385P,2.51379219769559
R385Q,1.00812685856105
R385S,0.554789171923079
R385T,-1.38694417295113
R385V,0.804898347251016
R385W,-1.63739747006381
R385Y,0.0280284929279577
Q386C,-0.3868716177488
Q386D,-0.957510326601407
Q386E,-0.6803192900303
Q386F,0.38873849931145
Q386G,-1.64790301451326
Q386H,0.367741148950213
Q386I,0.718332825830738
Q386K,1.70935013099528
Q386L,-0.883897987915142
Q386M,2.49540588263476
Q386N,0.975112394911893
Q386P,0.844256506908547
Q386R,-1.95841229898066
Q386S,-0.907296494701878
Q386T,2.01839215333631
Q386V,0.628245934325195
Q386W,-0.758576502073053
Q386Y,-0.521358635190153
K387A,0.050144499985478
K387C,-0.799293023046016
K387D,-0.919908103352851
K387E,-0.499124341756645
K387F,2.45028494604319
K387G,-0.291794988862271
K387H,4.50642761371181
K387I,0.134944812718988
K387L,-0.260932105999954
K387M,-2.42105023550622
K387N,-0.530463921727626
K387P,-0.590070628536236
K387Q,2.4730905239852
K387R,0.238616419730505
K387S,-0.172133112423714
K387T,-0.738080179564708
K387V,1.2679683448133
K387W,4.26894467058939
K387Y,-1.36723752508549
K388A,-1.83754798093022
K388C,-0.235889276979955
K388D,0.783619120765786
K388E,0.54985183228973
K388F,-0.0775146098176209
K388G,0.664091012154025
K388H,-1.14093405579783
K388I,2.77965164902598
K388L,1.24864799903726
K388M,0.557730541895795
K388N,1.28679026053283
K388P,0.864601310172954
K388Q,1.02603094212018
K388R,1.12383444521742
K388S,0.578929581770713
K388T,-0.13650995163893
K388W,-1.63648430564775
K388Y,0.166637804092876
Q389A,0.348888958062108
Q389C,-0.237144876313328
Q389D,0.434929406243817
Q389E,-0.675635535125633
Q389F,-1.68639676352034
Q389G,2.45793340090883
Q389H,-0.570685459447144
Q389I,-0.774580476549955
Q389K,-0.636358894093549
Q389L,-0.0158258456128581
Q389M,-0.674387303459347
Q389N,-1.79142278050964
Q389P,0.406146390127505
Q389R,-0.892005955359112
Q389S,-0.90021595038109
Q389T,-0.735434458819239
Q389V,1.37216234037561
Q389W,0.593941806502426
Q389Y,0.31762898178357
Q390A,-0.166116522559497
Q390C,0.253997720531279
Q390D,-0.223481689687193
Q390E,-0.35149826943438
Q390F,-0.564559592262946
Q390G,1.37455955303287
Q390H,1.05859792676042
Q390I,1.75262723689638
Q390K,0.464908817791491
Q390L,-0.00802010789476888
Q390M,0.142754979116416
Q390N,-0.576646315303008
Q390P,-0.375344471458694
Q390R,-0.950807176327625
Q390S,-1.19031438298221
Q390T,-0.78104064923138
Q390V,-0.966752898279605
Q390W,-0.147942945494799
Q390Y,-0.599401173460869
T391A,-1.86927128996786
T391C,1.0364969238656
T391D,-0.27854845723463
T391E,-0.187804507844899
T391F,-1.59464557148548
T391G,0.0712667375808797
T391H,2.43094509723116
T391I,-0.394294500180147
T391K,-0.305387379046615
T391L,-0.54539924873574
T391M,0.600811886840093
T391N,-1.01309314871776
T391P,0.984398877518724
T391Q,0.693999296528219
T391R,0.480017985019972
T391S,-1.69725633716079
T391V,-0.398975354570163
T391W,0.28372156058485
T391Y,-0.144974759803425
V392A,0.0671127888910855
V392C,-0.698356038127292
V392D,1.02928920926314
V392E,0.0540619810081307
V392F,-1.48886837688041
V392G,3.41635817533934
V392H,0.0295395772100755
V392I,-1.06582551816671
V392K,0.100342254611043
V392L,2.9613583900183
V392M,0.00408643047951867
V392N,0.255312508042309
V392P,-0.0934023714737633
V392Q,0.178135951592767
V392R,-0.288925112593431
V392S,-1.28241555916352
V392T,-0.299092778458851
V392W,1.5831636144612
V392Y,1.65607125538633
T393A,0.697513920759744
T393C,-0.659338259405805
T393D,-0.122063849631284
T393E,0.438450208563967
T393F,-0.900610698607724
T393G,2.34262059948561
T393H,0.492727759144805
T393I,-0.0625640447851131
T393K,-0.794367123264918
T393L,2.30767054339789
T393M,0.288610102945803
T393N,0.418623755948297
T393P,0.605192395028465
T393Q,-1.2599321264083
T393R,0.131364460276804
T393S,0.217728320277507
T393V,-0.845618580401275
T393W,0.176536357222477
T393Y,-0.800257116880181
L394A,-0.39087816670002
L394C,-0.474986178780175
L394D,-0.914198496615033
L394E,-1.13209319480935
L394F,0.853646935529401
L394G,-0.940110383996466
L394H,0.605573175120194
L394I,-1.02405394451839
L394K,-0.519746792567258
L394M,-0.617836190095191
L394N,1.86551491399509
L394P,-0.230881377384162
L394Q,3.64136685556826
L394R,-0.552676642495422
L394S,1.62286407857348
L394T,1.34463476181388
L394V,1.60738873105925
L394W,-0.120554947271132
L394Y,0.146475863086231
L395A,-0.0734547416860234
L395C,1.74029907167701
L395D,0.242836342741397
L395E,-0.461373993624752
L395F,0.804232326695227
L395G,0.489954903318039
L395H,-1.16343514174066
L395I,-0.379228080179712
L395K,-0.445442443741005
L395M,1.17846744664087
L395N,-1.14286828443273
L395P,-1.90513603635863
L395Q,0.0440548416237518
L395R,-1.19377018653166
L395S,-0.402890529912583
L395T,1.14508515606265
L395V,0.540577868818702
L395W,-1.05362444281913
L395Y,-0.103698226554169
P396A,-1.31988183336262
P396C,-1.4250156352736
P396D,-0.308842111502026
P396E,-0.143545270079722
P396F,-0.3475418762306
P396G,0.981228936457577
P396H,0.134090858843403
P396I,0.0212538139764587
P396K,-0.60139192809325
P396L,-0.164119370123913
P396M,0.274110430941878
P396N,-0.724640414107582
P396Q,0.75258581412141
P396R,-0.904309361346159
P396S,1.34657086436728
P396T,1.27466405837511
P396V,-1.38279644746417
P396W,-0.763077844556597
P396Y,-1.00749130258444
A397C,-0.584286142453234
A397D,0.13717797474835
A397E,-0.519815752511507
A397F,-0.229312289795779
A397G,-0.109203406991043
A397H,0.183008953798575
A397I,0.238747483836537
A397K,1.17370103097937
A397L,-1.42660556428117
A397M,-1.49700612461885
A397N,0.370696232259633
A397P,0.762662971562171
A397Q,-0.515626246721153
A397R,-0.77770662354872
A397S,-0.125811971498652
A397T,1.62236606937
A397V,0.642573640135687
A397W,-0.17357166069271
A397Y,4.5025265362893
A398C,-0.751639650620948
A398D,-0.812760768532394
A398E,2.52498329081926
A398F,-0.354005236461228
A398G,1.06022882777288
A398H,0.0769753669249486
A398I,1.32790833686268
A398K,1.26832405818492
A398L,0.12150137236929
A398M,0.547724802769787
A398N,-0.78056741348884
A398P,-0.708281434207035
A398Q,3.84633327080791
A398R,-1.26005227879188
A398S,-0.332466669392533
A398T,0.159574971636057
A398V,0.165978979473535
A398W,2.20651774739204
A398Y,-0.966200550892937
D399A,0.672901790739714
D399C,-0.480890939580924
D399E,2.0279848125784
D399F,0.773926354191503
D399G,-2.1263484769885
D399H,-0.616648860131079
D399I,0.157397572360734
D399K,0.34958804341926
D399L,0.847199244637397
D399M,0.627111782525415
D399N,-0.0504534549774644
D399P,0.253499983377189
D399Q,-1.4509100556526
D399R,-1.97228190244183
D399S,-0.457521563036687
D399T,-1.47559711152467
D399V,1.32937757583638
D399W,0.672688066572511
D399Y,-0.584925352906345
L400A,1.23349756244408
L400C,-0.701218633625516
L400D,0.78309329914543
L400E,1.53154313907978
L400F,-0.710347885706849
L400G,-0.30013541056555
L400H,-0.424263337373185
L400I,-1.00818703413538
L400K,-0.00180109646961703
L400M,0.0946989558699067
L400N,-0.00747491388672533
L400P,0.0928247023144868
L400Q,0.0664339362219942
L400R,1.73417398095429
L400S,2.40146432527859
L400T,0.0456601627973402
L400V,-0.443270038288241
L400W,1.99720142427975
L400Y,1.85770138609395
D401A,-1.02370604816427
D401C,0.808728918319719
D401E,-0.639292845971157
D401F,-0.242125173416308
D401G,-0.596247160292035
D401H,0.365760605352276
D401I,-0.660203339944252
D401K,-0.465603298434618
D401L,1.31175860872244
D401M,-0.795119436648244
D401N,-0.408136748638771
D401P,1.36944152851605
D401Q,0.298429444417434
D401R,-0.0582295819368375
D401S,-1.12400714856838
D401T,1.25119967089732
D401V,-0.725646884737086
D401W,-0.292173038965936
D401Y,-1.12796275982434
D402A,-0.367678194173842
D402C,1.81893505298142
D402E,1.39524287227642
D402F,1.60829438406707
D402G,-1.56160478167735
D402H,1.44810942519851
D402I,-0.295784625687735
D402K,1.96757497099739
D402L,1.80163099459011
D402M,2.60644034396586
D402N,2.53501357164471
D402P,0.738058565082945
D402Q,-0.34964208481707
D402R,-1.4697116027098
D402S,1.0336651140325
D402T,-0.922204892672901
D402V,0.280691109529243
D402W,0.923576768407636
D402Y,1.51903082748992
F403A,-0.416164976753986
F403C,-0.376095728479974
F403D,0.68696016274424
F403E,0.432266312157263
F403G,-0.0155568180451022
F403H,-1.02050664175144
F403I,-0.127581582849847
F403K,-0.277528661131158
F403L,0.387106296603634
F403M,-0.0613399882663556
F403N,0.631455830904057
F403P,-0.794206166760311
F403Q,-0.19698616181785
F403R,0.522741957481357
F403S,-0.155127252306995
F403T,-0.297539697020907
F403V,0.505254227524515
F403W,2.30572657604482
F403Y,-0.923879047042784
S404A,1.79011661902129
S404C,1.42934144947069
S404D,4.35151385808199
S404E,0.288746570683093
S404F,4.94484827045069
S404G,0.391888899251799
S404H,-0.657597817970595
S404I,1.06906984943739
S404K,1.78337221053074
S404L,-2.01875224271767
S404M,0.0817099966267884
S404N,-0.788801148093278
S404P,-1.38268382368489
S404Q,-0.391448817118183
S404R,-0.082731716784389
S404T,-0.252115229744611
S404V,0.712636783775411
S404W,-0.151731506832773
S404Y,-0.900551737469795
K405A,-0.148911203345501
K405C,0.43332346950592
K405D,-0.469466852648184
K405E,1.58338047399451
K405F,-0.304995529358771
K405G,-0.087035190088629
K405H,3.51651550376714
K405I,0.560572360851287
K405L,1.1272863442754
K405M,1.88298095065403
K405N,1.72256860320565
K405P,0.570264509796556
K405Q,2.62713231053644
K405R,0.203866016177071
K405S,2.97142658524268
K405T,0.717211177270671
K405V,0.967136966519492
K405W,2.06107102329479
K405Y,0.642083739325683
Q406A,0.786170858168478
Q406C,-1.42000503501569
Q406D,3.49199459342526
Q406E,-0.304299519793176
Q406F,0.25053396675839
Q406G,-1.48994163395118
Q406H,-2.00621986939335
Q406I,-0.819911273001948
Q406K,-0.508402184540823
Q406L,-0.232320973702482
Q406M,-0.979387153312799
Q406N,-0.628585151860341
Q406P,0.209635075135698
Q406R,0.167557893992519
Q406S,-0.627186099996046
Q406T,-0.572172672571918
Q406V,-1.61603712187055
Q406W,1.05579915811741
Q406Y,0.548818676387752
L407A,0.326021334829714
L407C,-0.376649297450705
L407D,-1.37030520939423
L407E,1.52603999363737
L407F,-0.465318310732116
L407G,1.13504015262726
L407H,0.31188471919225
L407I,0.125711470220358
L407K,0.0408825717367131
L407M,0.114290798940578
L407N,-0.475871831682487
L407P,1.37631955489326
L407Q,-0.267098830098468
L407R,-0.698435987076713
L407S,-1.76569316650557
L407T,-0.346724070749771
L407V,-0.0906093590460429
L407W,1.65575733151591
L407Y,0.818295691197455
Q408A,1.14336253802628
Q408C,0.355672092704519
Q408D,-1.05676800438964
Q408E,-0.309991348875212
Q408F,-0.0915540520476725
Q408G,0.713524234845688
Q408H,-1.8707944279099
Q408I,-0.742144708718428
Q408K,0.262413858691314
Q408L,-0.287126954949655
Q408M,-0.140482852986422
Q408N,0.416583287393067
Q408P,-0.781941899649446
Q408R,-0.666677282562783
Q408S,1.46660492541373
Q408T,2.43855652931355
Q408V,-0.162575984558835
Q408W,0.0158478445295194
Q408Y,0.508441035799551
Q409A,-1.21717214294497
Q409C,1.43806028898821
Q409D,-0.663848456179306
Q409E,-0.541316317035269
Q409F,1.25223891834017
Q409G,-1.07018013934576
Q409H,0.142459907148273
Q409I,0.11246977164211
Q409K,0.0614802985310553
Q409L,0.397270343954474
Q409M,-0.455819846024445
Q409N,1.07084038717272
Q409P,2.2391740217627
Q409R,0.777477059074227
Q409S,-1.203348358543
Q409T,1.5195548280298
Q409V,-0.205615145714685
Q409W,-1.04038088201453
Q409Y,-0.10925418003958
S410A,0.39759869676575
S410C,-0.586525214507648
S410D,4.37944312847801
S410E,0.0330409648322425
S410F,0.244531426106305
S410G,-1.2387246359501
S410H,1.24970019306449
S410I,-0.568168138546796
S410K,-0.726178232793551
S410L,0.802711130225207
S410M,0.132877562524429
S410N,0.279318723484226
S410P,0.174807953271785
S410Q,2.18660328914843
S410R,-1.01276876429309
S410T,-2.06732880958671
S410V,0.692130435972591
S410W,2.40037509932803
S410Y,3.85465617989476
M411A,0.432197741015065
M411C,-1.7655702322639
M411D,-0.036181675988145
M411E,2.55938560180548
M411F,-0.577424710867225
M411G,0.455581389576694
M411H,1.32761707795633
M411I,-0.811958172281398
M411K,0.328678632309185
M411L,2.15150452505282
M411N,-0.222662774934255
M411P,1.84447064569089
M411Q,-1.17621863125372
M411R,0.53444598110204
M411S,-0.966625517901983
M411T,0.110037970813195
M411V,-0.823920060322653
M411W,4.31585230180161
M411Y,-0.279315290749663
S412A,2.14885204867452
S412C,-0.756268935666017
S412D,-0.798674068394248
S412E,1.91906908057951
S412F,0.535136241285699
S412G,2.67145720556045
S412H,0.19952632939599
S412I,0.863664668425978
S412K,0.103882400402792
S412L,4.35438237249628
S412M,0.403912456368876
S412N,0.160211825331505
S412P,-1.06632019534357
S412Q,0.639957558776616
S412R,-0.467056598953438
S412T,2.60074307521476
S412V,0.589141661177768
S412W,-1.09052864127576
S412Y,-1.20759229951467
S413A,1.08997037819062
S413C,-1.15947114998712
S413D,0.105817257410564
S413E,0.103900187537926
S413F,-1.21873475740798
S413G,0.743192314575958
S413H,0.146760906603251
S413I,1.26559160743117
S413K,0.721104360511465
S413L,-0.440187178856509
S413M,1.26958062670257
S413N,0.429152062546596
S413P,-0.903489002820351
S413Q,-0.951723697209075
S413R,-0.905188677567708
S413T,1.68488486591457
S413V,-1.88727835334611
S413W,-0.89692783006988
S413Y,-0.689738784666917
A414C,-1.1218882396149
A414D,1.69094178123245
A414E,-0.118138229811644
A414F,-0.151277549281788
A414G,0.245939134262678
A414H,2.03130639858666
A414I,-0.919851987769115
A414K,2.63001073239194
A414L,-0.459412522576385
A414M,-1.49264757864072
A414N,0.623438152920919
A414P,-0.966169306877677
A414Q,-2.36870094165643
A414R,-1.13455428576343
A414S,1.41087625374925
A414T,-1.01828516854612
A414V,-1.2808507533275
A414W,0.213756315503509
A414Y,0.493970457427627
D415A,0.0628829432072215
D415C,-0.717792123034029
D415E,-0.415642921953377
D415F,-2.29330504838485
D415G,-0.458241938039629
D415H,-0.675093493912499
D415I,0.700714000393934
D415K,0.0958767413563858
D415L,-1.34973802132346
D415M,0.756558048729457
D415N,2.3232097664557
D415P,0.0100132888622308
D415Q,0.111989545342507
D415R,-0.898378474886236
D415S,-0.0578705516915686
D415T,-1.47841701077932
D415V,2.29741857841107
D415W,1.12459413250773
D415Y,-1.15815650066543
S416A,3.14141721182652
S416C,-0.615442242930924
S416D,-0.912800955686717
S416E,0.167289644403274
S416F,0.705908981109403
S416G,1.07656824708525
S416H,1.30298025578098
S416I,-0.519183857105163
S416K,0.80161294490197
S416L,-1.57666669988333
S416M,0.852107363571717
S416N,-0.948622726207261
S416P,-0.832748802220989
S416Q,0.443814364487693
S416R,-0.83862024881231
S416T,0.274697578408348
S416V,0.208130316965855
S416W,1.25911180194391
S416Y,5.73204882805218
T417A,-0.144124343177278
T417C,-1.0901610300291
T417D,-0.968441816989176
T417E,-0.388162201011163
T417F,-0.265473982155806
T417G,-0.305848255798694
T417H,0.652270159273895
T417I,-0.9393578525772
T417K,0.293817746532439
T417L,1.6171994589777
T417M,-0.0536538184519198
T417N,-0.0891350063458305
T417P,0.163347739347029
T417Q,1.56684664415223
T417R,2.63606629487738
T417S,-0.19009226147245
T417V,-1.33490240497464
T417W,0.485280300698448
T417Y,1.32180506369279
Q418A,-0.872447468665492
Q418C,-0.105009838186983
Q418D,-0.782769005903
Q418E,-0.831713712604116
Q418F,0.0426577465142794
Q418G,-0.524119045032182
Q418H,-1.36235564465883
Q418I,-0.670614142930406
Q418K,-0.660913419189429
Q418L,1.57463141990209
Q418M,0.180040565331644
Q418N,-0.173893451309694
Q418P,-0.237699322898961
Q418R,-0.141076188170046
Q418S,-1.28587994350459
Q418T,0.0822754792500449
Q418V,1.15871065711118
Q418W,-0.750289262589085
Q418Y,1.61915203228716
A419C,-2.27891356289091
A419D,0.395651774345072
A419E,-0.761298910435152
A419F,-0.616297102736375
A419G,-1.0498696888132
A419H,0.420077003229709
A419I,1.3939050716913
A419K,1.35316775859451
A419L,0.186228201874275
A419M,0.972805452404633
A419N,-0.369616994980186
A419P,-0.0554911725854666
A419Q,0.0566205128398106
A419R,-2.19549000337206
A419S,0.764600732229793
A419T,1.78151749293775
A419V,-0.35435621173347
A419W,0.141487145055284
A419Y,-0.432468855526118
