Mutation,Escape_Score
S2A,-1.13778716777133
S2C,-0.808987268531622
S2D,-1.53645123237375
S2E,-0.380678097589596
S2F,-0.287843027859546
S2G,-0.955006467782338
S2H,6.1006023237228
S2I,2.1337955329758
S2K,0.51645454746821
S2L,0.15005971226664
S2M,-1.40868657052488
S2N,0.175211785437316
S2P,0.225643406140381
S2Q,0.403976213651067
S2R,-0.944280104957025
S2T,1.69832428041009
S2V,0.804495584819977
S2W,-0.0312925648723826
S2Y,-0.92622182818552
D3A,0.779536520268367
D3C,1.45838391488033
D3E,0.448044183104971
D3F,0.769301326372287
D3G,-0.299920133715374
D3H,0.394816179670539
D3I,-0.0906437884705107
D3K,-0.321768399863871
D3L,0.541466056483776
D3M,0.494421059060248
D3N,4.65290796798028
D3P,1.79792087311436
D3Q,1.06040586726157
D3R,0.0816384366999757
D3S,0.244114639619498
D3T,-0.49152411734724
D3V,-0.512319729421381
D3W,0.624323206490019
D3Y,-0.187025228664811
N4A,3.84032697705354
N4C,6.41350236118809
N4D,-0.46014521562137
N4E,-1.0243609962323
N4F,0.900613488638243
N4G,-0.561476917994831
N4I,-0.149843058538734
N4K,0.0696793067502941
N4L,-0.741370251885657
N4M,-0.283364462979744
N4P,0.0584595081395859
N4Q,-0.457091307858954
N4R,0.584105761087181
N4S,-0.576924699640017
N4T,-0.864467379352398
N4V,0.341289762552727
N4W,0.3980168820919
N4Y,-1.28031615985662
G5A,-0.263696884624458
G5C,-0.083562324108062
G5D,-1.03295730708836
G5E,-0.678549673422804
G5F,-0.230194266873377
G5H,-1.1680214127478
G5I,-1.03165002078593
G5K,0.883168005344285
G5L,-0.0281061863697713
G5M,0.047261125028457
G5N,-1.63756477084055
G5P,-2.0532521849534
G5Q,-0.601333336585046
G5R,3.2835241474326
G5S,0.0686531494711023
G5T,0.0992147589778039
G5V,-0.033370749659881
G5W,-0.343316893691119
G5Y,-0.596524289020243
P6A,1.58320805345054
P6C,0.506891088980448
P6D,0.143551060224636
P6E,2.08777050038804
P6F,1.60881342314683
P6G,1.57474630322084
P6H,-0.246596580051629
P6I,0.62092276682958
P6K,-0.503301977288717
P6L,0.0914728587471743
P6M,0.148367729065704
P6N,0.0291943030165842
P6Q,0.366792900794994
P6R,-1.07329284024991
P6S,-1.72767261510292
P6T,4.1079982656955
P6V,-0.30640728474972
P6W,-0.259389616527064
P6Y,2.9392155837437
Q7A,-1.12342129702328
Q7C,2.37921497596174
Q7D,-0.507161835679421
Q7E,-0.0254033988906193
Q7F,-0.519105854788553
Q7G,-0.587110765036825
Q7H,0.220986842165492
Q7I,0.494303803305215
Q7L,-1.28745836963778
Q7M,2.38082822221303
Q7N,0.333997681828877
Q7P,-0.166428378618077
Q7R,-1.70203405641103
Q7S,-0.662107694272485
Q7T,0.283777173526242
Q7W,-0.648249934672544
Q7Y,0.211760796607782
N8A,0.572158558252556
N8C,0.0602506064114594
N8D,1.50344329062067
N8E,-0.4045840378292
N8F,-1.49118765664116
N8G,0.956162809357051
N8H,-1.09126473340476
N8I,-0.497432525683407
N8K,-0.687749378632166
N8L,0.0458594676142136
N8M,-0.716819583803813
N8P,0.0968395565303365
N8Q,-0.191563057468351
N8R,-0.299622582899677
N8S,-1.55575419503601
N8T,0.494787324550721
N8V,1.84078228345519
N8W,0.24229189813754
N8Y,0.328884761938216
Q9A,-0.883423202835601
Q9C,1.11236789899803
Q9D,0.015825455916614
Q9E,3.80402641294253
Q9F,1.78490568085076
Q9G,0.691646199276125
Q9H,0.29213245543907
Q9I,4.69814109858122
Q9K,0.341371160250005
Q9L,0.034738322139421
Q9M,-0.669019361045129
Q9N,1.02217164343182
Q9P,-0.173487808025546
Q9R,0.570768482633467
Q9S,-0.725301502634292
Q9T,-0.606196755061313
Q9V,-0.181924872998094
Q9W,6.41466573901606
Q9Y,0.682560166628534
R10A,-1.39953474455261
R10C,1.53794446434371
R10D,1.63105493560965
R10E,0.580972099850772
R10F,2.28648017019454
R10G,0.899055254780008
R10H,0.173165777966014
R10I,-0.76040927756906
R10K,1.91110793383337
R10L,-0.77976791250002
R10M,1.704386109002
R10N,-0.912590604615284
R10P,-0.618198337288247
R10Q,0.839678034199094
R10S,-0.880307131968755
R10T,0.255146702052861
R10V,4.51620496908356
R10W,-0.868650166970479
R10Y,1.21105012719047
N11A,0.759605851778398
N11C,-0.635602044543386
N11D,-0.534689638550496
N11E,-0.235217150478723
N11F,1.36221996460082
N11G,0.723029279471171
N11H,-1.12485129854481
N11I,-1.29545785334184
N11K,-0.0434851440232931
N11L,2.43658836175377
N11M,1.23129859977558
N11P,3.96335080466754
N11Q,0.536287932711243
N11R,0.246000991536641
N11S,-0.319881525910849
N11T,-0.610330084391083
N11V,0.76572578636152
N11W,-0.434307785585959
N11Y,-0.303339181564939
A12C,1.23982959651965
A12D,1.62866925333868
A12E,-0.497128614281273
A12F,2.73205222254275
A12G,0.53100728320572
A12H,-0.667890355209702
A12I,2.3684980722863
A12K,-1.87026647377547
A12L,0.348833439406374
A12M,-0.0164019368230214
A12N,0.197731893861578
A12P,-1.7441022561706
A12Q,0.416569491552536
A12R,-0.690307988415589
A12S,2.25168322335767
A12T,1.92150926528632
A12V,-0.158761054893274
A12W,3.62944947644133
A12Y,0.513034813685488
P13C,0.853230332374152
P13D,-0.39781585960827
P13E,0.513571184261654
P13F,0.524499608631396
P13G,-0.389423607799813
P13H,-0.377962256799212
P13I,0.0422727941199882
P13K,-0.674614513828185
P13L,-0.59429190908201
P13M,-0.0691542707217204
P13N,-0.855489268627479
P13Q,-0.680109462455145
P13R,1.18413206153655
P13S,-1.69640720319256
P13T,-0.0406347272659429
P13V,-0.528509769663761
P13W,-0.787406928020907
P13Y,2.18470088254332
R14A,0.176116327209622
R14C,-0.679880866422064
R14D,-0.581213798456764
R14E,0.519353657899429
R14F,0.26878212483115
R14G,-0.912193208295261
R14H,-0.618198337288247
R14I,-0.618744858718296
R14K,-0.271137185126637
R14M,1.14046939875836
R14N,0.796239391692414
R14P,-0.177840020306953
R14Q,0.279937064160324
R14S,0.594484379204792
R14T,1.23660253913488
R14V,2.487335012332
R14W,-1.3859876476572
R14Y,-0.407321533691278
I15A,-0.240536652498943
I15C,-0.35664839487181
I15D,1.74410938088084
I15E,-0.250926467298306
I15F,-0.141860596681322
I15H,-0.534049127176128
I15K,-0.419600579831107
I15L,1.14240370036351
I15M,-0.350386693211719
I15N,-0.633213680290097
I15P,0.290496631513234
I15Q,-0.17552452380158
I15R,-0.0553577148928525
I15S,-0.454396968225835
I15T,-0.049346691730662
I15V,0.47843719387001
I15W,-0.671486809237166
I15Y,2.76312575868217
T16A,3.61786050179729
T16C,0.627175737256909
T16D,0.742112897697311
T16E,-0.82914483566582
T16F,-0.981788924586033
T16G,-0.988234425360443
T16I,-0.282292742194378
T16K,-0.379289003852641
T16L,-1.10768300543912
T16M,1.45558543767907
T16N,1.83835656589677
T16R,1.89717724858419
T16S,0.0551338687662289
T16V,-0.443787141866477
T16W,-0.0131742817123154
T16Y,-0.108578488880441
F17C,0.442277883077724
F17D,-0.458741070518246
F17E,6.36751230988174
F17G,1.91124751721215
F17H,-1.22234164001436
F17I,3.32779592260949
F17K,-1.58241276747032
F17L,-0.223392681224781
F17M,1.95653943631535
F17N,0.135498518884063
F17Q,-2.21502681123974
F17R,0.205936323019721
F17S,-0.371534769565085
F17T,-0.059342844712455
F17V,0.702336635658162
F17W,-0.661301894095397
F17Y,2.11678020551241
G18A,-1.32914795325955
G18C,1.37705336354486
G18D,0.233349388521033
G18E,-1.45792158638716
G18F,-0.375598179874405
G18H,1.74469997991821
G18I,-1.32730412295078
G18K,-0.631900147514809
G18L,3.70813518585185
G18M,4.36517949664394
G18N,0.215334185442597
G18P,2.71283574513153
G18Q,-0.759630651524527
G18R,-0.190459461672276
G18S,-0.247860292047732
G18T,0.710439708751679
G18V,-0.430964824860803
G18W,0.129438177752085
G18Y,-0.40262178518756
G19A,-0.930764876412024
G19C,-0.445715733855644
G19D,-0.403048715171344
G19E,-1.55736621487296
G19F,1.19097810686597
G19H,-0.252729219061064
G19I,-0.282885469035664
G19K,-2.14943437531704
G19L,0.486801116881781
G19M,2.79374003680257
G19N,2.75329751444873
G19P,-1.28687059083826
G19Q,0.349161810994815
G19R,-1.31103748107304
G19S,0.4405652482402
G19T,0.809354409235426
G19W,-0.338246495318513
G19Y,-0.89629827967937
P20A,0.115620029700649
P20C,0.649268193540993
P20D,0.897030861950935
P20E,-0.184504839935599
P20G,-0.435400952962984
P20H,-1.13371573662497
P20I,-0.494681349054763
P20K,1.88687321575542
P20L,0.56943686455025
P20M,-0.159985837634689
P20N,-0.579340287037534
P20Q,0.058295914172882
P20R,-0.553969175359251
P20S,-0.985927991612397
P20T,-0.276198427666506
P20V,0.0919771472188556
P20W,-0.35741264661142
P20Y,-0.419865409437051
S21A,-0.950304966026603
S21D,1.0703511525505
S21E,-0.579405424966366
S21G,3.06045187294389
S21H,0.700419522361372
S21I,0.363275701757538
S21K,0.141354025542291
S21L,0.211477627709137
S21M,4.56524682749175
S21N,-0.920095294086191
S21P,-0.015601134957087
S21Q,0.124150917194402
S21R,0.975619724260858
S21T,2.42083471090191
S21V,1.89736994804873
S21W,0.475123192211111
S21Y,-0.0377151815798377
D22A,0.657105440820777
D22E,-0.448305213849398
D22F,-1.3615613697005
D22G,-0.218416190522974
D22H,0.653589269646254
D22I,0.75503861942009
D22K,-1.46384098161791
D22L,0.869532680130244
D22M,-0.32722300652046
D22N,0.549926198093484
D22P,0.0508088040931935
D22Q,0.000375321567714486
D22R,9.17732069699811
D22T,-0.489186394309402
D22V,8.88724273078661
D22W,-0.535511937852815
D22Y,-0.198952108171098
S23A,-0.584584522604869
S23C,0.674811919793862
S23D,3.03368074562765
S23E,0.220579982210181
S23F,2.42563597571298
S23G,0.0592779425507234
S23H,-2.42272643104618
S23I,-0.893370444943501
S23K,-0.000793940846559758
S23L,-0.72601725527844
S23M,0.749250278958657
S23P,0.745416133304116
S23R,1.65723166127751
S23T,-1.45629291155509
S23V,0.519960779294384
S23W,-0.160563702293248
S23Y,0.810572960046675
T24A,0.0580663056304772
T24C,0.50859208705016
T24D,-0.709265023402602
T24E,0.846867261780978
T24F,0.177316768246837
T24G,-0.950602270022068
T24H,-0.70609378930123
T24I,-1.66110390678745
T24K,-0.543005523531832
T24L,0.293668442802452
T24M,-0.277051777112057
T24N,-0.211484085478617
T24P,1.78910156023267
T24Q,-0.759809856827165
T24R,-0.540104112482122
T24S,-1.16591577346614
T24V,0.294722745649803
T24W,-0.466321279773447
T24Y,0.48902937487493
G25A,1.67250521095285
G25C,-1.82717377229381
G25D,-0.671765548696538
G25E,0.702464753946822
G25F,0.543964419319917
G25H,1.94530349088843
G25I,-0.534007712788871
G25K,-0.430013311363571
G25L,1.3564881524474
G25M,-1.87549873737851
G25N,0.0303607272190861
G25P,-0.569604978494046
G25Q,0.32682680826523
G25R,1.14888458130505
G25S,-0.880919506695562
G25T,0.157708997401742
G25V,-0.845751962484608
G25W,-0.724170054097708
G25Y,0.0146668427342605
S26A,-0.847498760735448
S26C,0.485513361086002
S26D,-1.65525663160418
S26E,1.42577207866926
S26F,1.85639182239939
S26G,-0.877671219631071
S26H,0.145924451537176
S26I,-0.65356006716747
S26K,-1.01929254674395
S26L,-0.325771880004885
S26M,1.14322795620272
S26N,-1.5115310534018
S26P,-0.208292937914308
S26Q,0.971347027325785
S26R,-0.436313588670931
S26T,1.20080606870356
S26V,-1.18501038730864
S26W,-1.11929824109172
S26Y,-1.40982151684246
N27A,0.706071697068219
N27C,-0.88743527443226
N27D,-0.985044676728436
N27E,3.85141103808221
N27F,-0.110309085724369
N27G,-0.037270032505702
N27H,-0.769398471246255
N27I,0.80487829427886
N27K,-0.0932702609498874
N27L,-0.123860897391332
N27M,5.38767394651832
N27P,-0.249251330358318
N27Q,1.39902607726628
N27R,1.24071171982918
N27S,-0.0448713191708611
N27T,0.178965650084145
N27V,-1.40723748872877
N27W,-0.47795031928621
N27Y,-0.0714561081980787
Q28A,0.988451789797776
Q28C,1.6693238372982
Q28D,-0.641625596200119
Q28E,1.80078255745316
Q28F,-0.305170479998724
Q28G,1.9267746834334
Q28H,-0.853695999511117
Q28I,0.43746904752077
Q28K,0.611182704908967
Q28L,4.33819046893808
Q28M,-0.478092220411101
Q28N,0.293530914369208
Q28P,-0.926324818911552
Q28R,-1.87614443275624
Q28S,1.32493915342893
Q28V,0.322044355997964
Q28W,1.38321496919205
Q28Y,0.589307669095849
N29A,-1.30217499707274
N29C,-0.0230944926772515
N29D,0.0422135183130107
N29E,1.65134650021061
N29F,1.48514363095656
N29G,-0.46018084409666
N29H,-0.167145729347574
N29I,1.65985127205523
N29K,-1.60398782807236
N29L,-1.87870906622901
N29M,1.0161554961605
N29P,2.37377398927755
N29Q,-0.942366748875717
N29R,1.56191286972994
N29S,1.58134104079009
N29T,-1.0377153945575
N29V,-2.47447866427638
N29W,-0.728967234723853
N29Y,-0.271722893062095
G30A,-0.091061781033377
G30C,-1.57464228636412
G30D,1.93560497221926
G30E,-0.141773366247094
G30F,-0.763818263865116
G30H,0.714761847393792
G30I,0.687692605774441
G30K,-1.61673494472387
G30L,4.95264766579444
G30M,-1.46408904645307
G30N,-1.26175969468623
G30P,0.87549131735894
G30Q,-1.10033690775806
G30R,-0.763131825054084
G30S,1.24512201703393
G30T,-0.525132901295505
G30V,-0.790172118836026
G30W,-0.201568429339676
G30Y,0.158453310162532
E31A,-0.0169436628910919
E31C,0.430852697479747
E31D,-0.487625860979283
E31F,2.14456393403653
E31G,1.01345057397784
E31H,-0.279860044524059
E31I,-0.0568250155703311
E31K,3.39141138649797
E31L,-1.0878919706462
E31M,-1.9290289492222
E31N,-0.648565125506234
E31P,-0.860706118260183
E31Q,0.668330298029516
E31R,-0.423748935720699
E31S,-0.769059414210629
E31T,-0.409907946209772
E31V,2.95307300602269
E31Y,-0.164636050105372
R32C,-1.09095422637058
R32D,0.563764992951666
R32E,0.337956291306212
R32F,0.652361585094866
R32G,-0.0619301880004278
R32H,-0.861156272619144
R32I,0.607820574609015
R32K,0.291009652240348
R32L,-0.602190577436285
R32M,-0.559546552783221
R32N,0.1071960887197
R32Q,-0.282272338971355
R32S,0.0152395931727859
R32T,-0.571957689040661
R32V,-0.371906643092139
R32W,-0.238220071784861
R32Y,0.163518750309527
S33A,-0.374026022219516
S33C,0.165390235639908
S33D,-1.29034150291453
S33E,0.741417166742727
S33F,-0.430398442568823
S33G,2.36516455703633
S33H,-1.29765552785405
S33I,0.607912432403095
S33K,-0.559220035558817
S33L,-0.285888052579988
S33M,-0.107683822398632
S33N,-1.11325229798237
S33P,0.206472434063001
S33Q,-1.45430426033989
S33R,-2.24809944799554
S33T,-0.397765275687947
S33V,0.0757585257654252
S33W,-0.544818359575592
S33Y,0.447985542888401
G34A,-0.395575834144688
G34C,-0.957352507126612
G34D,1.26819386270448
G34E,-0.766611521921527
G34F,-0.696110085996011
G34H,-1.6257543063727
G34I,0.578547674346968
G34K,-0.281800643457025
G34L,0.0386116216337558
G34M,4.68026938185048
G34P,2.70651089470202
G34Q,-0.226147318149794
G34R,1.64169330750778
G34S,-0.205064797597145
G34T,-1.25306908966169
G34V,-0.637748758632212
G34W,4.21490423076097
G34Y,0.420117791932261
A35C,-0.879671983225453
A35D,-0.916428617448824
A35E,-0.251744395298381
A35F,-0.896321184159196
A35G,0.228301091164862
A35H,1.78382857483454
A35I,-0.144073840577095
A35K,-1.36965026160835
A35L,-0.301827357280354
A35M,2.05841721207543
A35N,-1.23832087355717
A35P,0.740391195860275
A35Q,0.0481382156092616
A35R,0.948389962802687
A35S,1.24820417373217
A35T,0.501754068176975
A35V,1.86037469308768
A35W,2.28705820784513
A35Y,-0.8339155204171
R36A,0.359991407530676
R36C,0.0262245847168347
R36D,0.085055288824297
R36E,-0.167507599796696
R36F,0.336376466595
R36G,0.0372536300847909
R36H,0.495515515384811
R36I,0.30528331108143
R36K,-0.45524556997477
R36L,-0.0644720842382967
R36M,-0.801091310228684
R36N,-0.199158329046097
R36P,-0.966551224511636
R36Q,2.68162861005056
R36S,0.151247768162812
R36T,-0.289320965371248
R36V,-0.5253337686203
R36W,-0.448934962192385
R36Y,0.301874587729641
S37A,0.593375839884103
S37C,-0.0684686059995151
S37D,-1.00262827843102
S37E,1.74944675517001
S37F,0.268977158107135
S37G,0.570913061193335
S37H,1.10448020748291
S37I,3.33789120368922
S37K,1.58659472640712
S37L,-0.186659382880235
S37M,0.953885128997907
S37N,-0.257976866572347
S37P,0.0606983992534738
S37Q,0.802972496096419
S37R,1.17913003095002
S37T,-0.731594836011754
S37V,-0.00197078902900595
S37W,-0.35144241864207
S37Y,-0.527991479694501
K38A,-0.0732819282103547
K38C,0.598008222290131
K38D,-0.348003407454548
K38E,1.05565989398714
K38F,-0.793871444032161
K38G,3.0596458954101
K38H,0.877192060077022
K38I,0.704620852597702
K38L,0.416122159059271
K38M,-0.272204905939438
K38N,0.340388905497228
K38P,-0.135401090509904
K38Q,0.697315425198826
K38R,2.5623709360038
K38S,0.235816851174672
K38T,0.183496850279007
K38V,-0.309515489546491
K38W,-0.40526349215498
K38Y,0.197550356022874
Q39A,1.44484768638118
Q39C,-0.652975640357366
Q39D,0.475905877173632
Q39E,-0.0644909109799458
Q39F,1.27632111885517
Q39G,-0.137545660999591
Q39H,-1.16353738852249
Q39I,-0.0527777826166003
Q39K,-0.875588056195431
Q39L,-2.51384503481484
Q39M,1.07919143816437
Q39N,0.0287703694459644
Q39P,3.33148642358534
Q39R,0.133759952599799
Q39S,-0.716273267808221
Q39T,1.49201485506049
Q39V,-0.0604987201527391
Q39W,-0.570603182629893
Q39Y,0.6041318490931
R40A,0.0690721670160501
R40C,1.39408977720849
R40D,1.96904406592287
R40E,-0.35793711431435
R40F,0.139378573389352
R40G,-0.118024464780414
R40H,0.340952583166313
R40I,0.0441559394579878
R40K,-0.301771158068427
R40L,-0.837249097065979
R40M,1.26510457797879
R40N,2.58550911960898
R40P,0.543056813848509
R40Q,0.0163638546236713
R40S,0.534924967456942
R40T,0.329567684478869
R40V,-0.210927758612761
R40W,0.554081559389125
R40Y,0.118524101821908
R41A,-0.23238378585747
R41C,2.80189917991063
R41D,0.25537952247629
R41E,-0.186490982703346
R41F,0.126843090771524
R41G,1.60014569011388
R41H,0.754338175548591
R41I,1.30965364700513
R41K,3.80612815657628
R41L,-0.628919940438559
R41M,-0.362948067000545
R41N,1.03589904093618
R41Q,0.819897935841764
R41S,-0.385692657476175
R41T,-0.272948589670411
R41V,-0.273933973104586
R41W,1.50356906440233
R41Y,-1.64089491342814
P42A,-0.222637939004544
P42C,1.72280899533906
P42D,1.91867211590804
P42E,0.0235889896569041
P42F,1.69147486052707
P42G,7.92438133882524
P42H,-0.322099290480807
P42I,-1.12926484464837
P42K,-0.203385720032672
P42L,-2.46238063224965
P42M,1.652362065379
P42N,4.93834497154139
P42Q,2.27979514591304
P42R,-0.160665169915966
P42S,0.0269529086456469
P42T,1.48209146867785
P42V,-0.458344834672006
P42W,-0.231013963999261
P42Y,-0.690991730096657
Q43A,-0.683075882037399
Q43C,-0.628486860257119
Q43D,0.761919385231934
Q43E,0.652296420818894
Q43F,-0.137820569886882
Q43G,-1.11976046850022
Q43H,0.147082211899428
Q43I,-0.362757058391721
Q43K,0.292761038303163
Q43L,-0.825026084225152
Q43M,0.630329421922638
Q43N,-0.605935747501461
Q43P,-0.548242899089608
Q43R,-0.31912916486355
Q43S,-0.0323787450584446
Q43T,1.31991977604585
Q43V,-0.110129904246277
Q43W,-0.691168685157166
Q43Y,0.824758433725554
G44A,-0.560561101488252
G44C,4.01792062152546
G44D,0.731866669267535
G44E,2.05871238112259
G44F,-0.0738426447470961
G44H,2.07730222975156
G44I,1.75524398152804
G44K,1.52409475478183
G44L,-0.54903605217656
G44M,0.223413974072246
G44N,-0.302547634555077
G44P,-0.405138569754976
G44Q,-0.650189735567932
G44R,-1.54971207078224
G44S,-0.831920732056013
G44T,0.131318478731144
G44V,0.739803874277568
G44W,-0.283684534770837
G44Y,0.394408568561931
L45A,-1.78832624054581
L45C,-0.86986394358368
L45D,-0.0100917913733487
L45E,-0.262792498797126
L45F,0.759001305591732
L45G,0.378022184620824
L45H,-0.00614481079704911
L45I,6.05512217090498
L45K,0.289425828697819
L45M,-0.550426614922537
L45N,-0.642797947598505
L45P,-0.123801655413589
L45Q,0.135610384127126
L45R,-0.0748496476430758
L45S,0.929864042690155
L45T,-0.496064543639391
L45V,-1.51296554457694
L45W,2.81211120866231
L45Y,0.199911724328757
P46A,-0.097184893643741
P46C,-0.395232715341202
P46D,0.666121804718492
P46E,-1.41465283388746
P46F,-1.10710911200227
P46G,-0.137764049193423
P46H,-0.560970861480292
P46I,0.959963416876249
P46K,0.993579606330002
P46L,1.65356208041273
P46M,1.14381992562478
P46N,1.48243269031585
P46Q,0.982157052117147
P46R,-0.765923456851631
P46S,-0.412785496516814
P46T,-0.989520599690054
P46V,2.42088988737878
P46W,2.09038366620511
P46Y,1.18295284733846
N47A,-1.19935018911054
N47D,-0.14616627032196
N47E,1.95261367772976
N47F,0.518587543222582
N47G,-1.5842846331636
N47H,1.10781244567755
N47I,-0.826187259369779
N47K,0.475667411390913
N47L,0.30030902074312
N47M,-0.387647601136745
N47P,1.18313219593119
N47Q,-0.728710952396824
N47R,-0.487758870262612
N47S,-0.436690018471261
N47T,2.69206243969166
N47V,-1.2577455357226
N47W,-0.717115829643046
N47Y,1.47965826086513
N48C,3.87227657618937
N48D,1.51625932640057
N48E,0.263879477081177
N48F,0.824476466884527
N48G,-0.952055589494122
N48H,0.188126831587206
N48I,-0.40740827814155
N48K,-0.226456897404711
N48L,-0.37061711961331
N48M,0.124540547819235
N48P,1.66746045765535
N48Q,-1.40861094412826
N48R,1.53984742079003
N48S,-0.248862602422231
N48T,-0.111095580977218
N48V,0.495981783668145
N48W,0.793252829970888
N48Y,-0.64477660133831
T49A,-0.157391367767442
T49C,0.519774374584734
T49D,0.316722708247136
T49E,0.305086315731818
T49F,-0.350451138571564
T49G,0.230411151666603
T49H,0.620286090584484
T49I,0.776774505281477
T49K,0.458743832468744
T49L,-0.39797472167554
T49M,-2.24659448907488
T49N,0.44056935234205
T49P,2.22211645212048
T49Q,0.752139811019392
T49R,-1.27351742366393
T49S,-0.14068338743686
T49V,-0.298965592928128
T49W,-0.294120123108199
T49Y,0.0102340821296265
A50D,-0.202032141835315
A50E,3.15279515469616
A50F,-0.660460287161187
A50G,-0.323584459044439
A50H,-0.84141183673757
A50I,-0.789406840005876
A50K,-0.573623600536086
A50L,7.87952999130749
A50M,0.301510996696921
A50N,-0.101628209980306
A50P,0.159463507456733
A50Q,0.0305037104621928
A50R,-0.0221170215741201
A50S,-0.414496654901962
A50T,0.304384192832086
A50V,-1.16110764845692
A50W,0.498381345330804
A50Y,-0.837773786099399
S51A,-1.5537904665762
S51C,4.26640004681402
S51D,12.4843922543432
S51E,10.0185097617607
S51F,12.4843922543432
S51G,1.08531397082957
S51H,3.31769543229248
S51I,7.40539955853122
S51K,3.84109098423313
S51L,12.4843922543432
S51M,10.6472092802935
S51N,0.655358008269853
S51P,0.284227651812899
S51Q,4.84580326303423
S51R,2.04834239873138
S51T,1.91224220246867
S51V,12.4843922543432
S51W,12.4843922543432
S51Y,8.75918623318522
W52A,0.523851144687328
W52C,1.43984715652569
W52D,3.08740990469716
W52E,3.85708325900164
W52F,-0.396851627696666
W52G,2.94577458897528
W52H,0.148955819467944
W52I,-0.35804548253177
W52K,1.02426725682473
W52L,0.423263843391141
W52M,0.500233283597738
W52N,12.4843922543432
W52P,6.65950624609186
W52Q,-0.260857301096071
W52R,-0.69033407531992
W52S,0.864282105007057
W52T,3.31616851638254
W52V,0.285697830053575
W52Y,0.238885625917159
F53A,2.02378679279088
F53C,2.04580640432016
F53D,8.01287457073539
F53E,4.09410724824779
F53G,2.99506204900086
F53H,0.858935084635827
F53I,1.96088860605818
F53K,0.708815924021417
F53L,-0.659429080757533
F53M,-0.32032783869396
F53N,0.290464366018569
F53P,8.42713667345222
F53Q,8.10690813804064
F53R,5.15114164890801
F53S,1.4889940040454
F53T,4.33617942878507
F53V,1.1918807508117
F53W,1.79348541007184
F53Y,-0.171468789933099
T54A,-1.30602015893988
T54C,0.833813245188668
T54D,1.77839050881464
T54E,-0.499147157160488
T54F,0.394871260822222
T54G,0.369558980860633
T54H,0.0638525098639082
T54I,-0.0245411244207865
T54K,1.55327449382644
T54L,0.110816276113087
T54M,-0.0991404275430305
T54N,-0.38305300460273
T54P,1.59147658188105
T54Q,-0.468453293610536
T54R,-0.459269496749035
T54S,2.13476668887259
T54V,-0.235028683071234
T54W,0.753743256555911
T54Y,0.881141465462433
A55C,-0.343426109823056
A55D,-1.6701270277593
A55E,-0.590322459125052
A55F,-1.31009948721039
A55G,0.223548652658185
A55H,-1.58949320705065
A55I,3.03314053450869
A55K,-0.530036863525587
A55L,-0.472142213011332
A55M,-0.500883520592228
A55N,-1.72230242164345
A55P,-0.874825755499615
A55Q,0.552231881660233
A55R,0.725255934139073
A55S,0.129105102936368
A55T,0.406695307268698
A55V,-1.0011396404992
A55W,-1.23628899857434
A55Y,1.30807519493874
L56A,-1.104735512989
L56C,1.04429582038426
L56D,6.67056141778957
L56E,2.09733245241492
L56F,-0.720463601569383
L56G,-1.18080725585694
L56H,-1.0762051918882
L56I,0.27222020804874
L56K,-0.53730322496354
L56M,0.595405850616382
L56N,0.375163602329981
L56P,2.35514495283938
L56Q,0.426940998011898
L56R,-0.00848697432627907
L56S,3.69371974291535
L56T,0.398514815107175
L56V,0.229616629498725
L56W,2.95896590536506
L56Y,-0.283471889540197
T57A,0.775014359713548
T57C,-1.37940128122056
T57D,0.405694287362799
T57E,-0.881610792199747
T57F,-1.29129169685044
T57G,-0.662653114723768
T57H,-1.21706429760586
T57I,-2.43813258881505
T57K,-0.0611578640893799
T57L,-0.47803397416731
T57M,0.299509548747021
T57N,-0.573575788569961
T57P,2.63382683217805
T57Q,-0.569073762796054
T57R,1.60774828792754
T57S,0.0160292591434575
T57V,-0.0160191925845568
T57W,-1.26197854703776
T57Y,-0.321518151005815
Q58A,0.904084220779545
Q58C,0.107344921220978
Q58D,0.80293557996995
Q58E,-1.27192359789947
Q58F,-0.72721450203373
Q58G,-0.741044237331316
Q58H,0.203758711204087
Q58I,1.80884681858888
Q58K,-0.349643652514783
Q58L,0.197122771918927
Q58M,1.37069507033031
Q58N,5.16467499062267
Q58P,-0.189112711525347
Q58R,-1.54888598149221
Q58S,2.7485584518345
Q58T,-0.230512481709799
Q58V,-2.4697744990632
Q58W,-0.917641118030736
Q58Y,0.586813119565355
H59A,-0.638336666761702
H59C,-1.78501520644977
H59D,1.114557536339
H59E,-0.294299467832284
H59F,0.000608626635452625
H59G,-1.08244029383665
H59I,-1.18788850230728
H59K,0.212210600647591
H59L,0.566941221924998
H59M,-0.751830150010324
H59N,-1.80123597088655
H59P,0.572298432118547
H59Q,1.52521919796068
H59R,1.32445695946506
H59S,-0.969649718223543
H59T,3.17041685736087
H59V,-0.708734458794141
H59W,3.86486611053653
H59Y,0.895436174329762
G60A,-0.127072484521524
G60C,0.546587394169741
G60D,-1.3992890232624
G60E,-0.257637713554837
G60F,9.2837582352224
G60H,-1.52239929299189
G60I,-0.999253818485184
G60K,-0.0837978972892518
G60L,-0.99341494279826
G60M,-1.1862539545754
G60N,-0.436420749062767
G60P,-1.48389651604076
G60Q,-0.188976675114427
G60R,-0.14732789939919
G60S,-0.175577109451607
G60T,-0.0789579704567736
G60V,0.740932471076103
G60W,-1.52205218732138
G60Y,0.186133891433568
K61A,-0.920095294086191
K61C,-0.636107231338211
K61D,-1.32000052547957
K61E,-1.3790881938747
K61F,1.69241024287494
K61G,-1.14287174942829
K61H,0.761510426460702
K61I,-0.701648686929173
K61L,-1.10699299886179
K61M,-0.580062138861759
K61N,0.325801621222753
K61P,0.102621302123805
K61Q,-2.40340884702527
K61R,-1.17080847104235
K61S,0.237693215023841
K61T,-0.604387125707931
K61V,-0.925921107385892
K61W,2.00000236278867
K61Y,-0.868436146132611
E62A,0.106296383181889
E62C,-1.86595166720355
E62D,-0.0874023810360667
E62F,-0.662612895207271
E62G,-0.639549832635875
E62H,1.2207299524228
E62I,-0.890793153428014
E62K,6.7745934584414
E62L,-0.696070894393252
E62M,0.638972553438457
E62N,-0.587725935411218
E62P,0.0761604949862629
E62Q,2.66622839893712
E62R,12.4843922543432
E62S,3.42274349374062
E62T,-0.820585877587902
E62V,-0.587354210868556
E62W,0.210043080772694
E62Y,-1.05184031135493
D63A,0.32295170705565
D63C,-1.12764475302359
D63E,1.80092201567241
D63F,-0.405763877787072
D63G,-1.75053009433489
D63H,2.97532911149951
D63I,1.69344850520959
D63K,-0.329816111585945
D63L,0.0228104518911889
D63M,-1.3709418998774
D63N,-0.166071942488493
D63P,-0.722561539203648
D63Q,0.423082322456163
D63R,0.778359260748329
D63S,-0.299479212870725
D63T,-0.163236004699202
D63V,0.395069241882582
D63W,-0.984530471524261
D63Y,-0.48559383601764
L64A,0.386600767731275
L64C,1.08251827487912
L64D,10.1289541924422
L64E,-0.19529036787665
L64F,-0.113742840546149
L64G,1.60968370602579
L64H,1.20689525833383
L64I,-0.332024618939996
L64K,-0.789832008132542
L64M,0.479079299178892
L64N,0.208827456269642
L64Q,0.423334248402669
L64R,-0.377632338576412
L64S,-0.432013356702524
L64T,-0.197262092965731
L64V,0.776545321359198
L64W,0.119121544635899
L64Y,-1.12774008482355
K65A,1.58580726947113
K65C,0.307938672118775
K65D,0.173860777574319
K65E,-0.0719194541719581
K65F,0.51029361645889
K65G,1.31113429120768
K65H,-0.735509370391263
K65I,0.63408581407991
K65L,-0.784373647317378
K65M,-0.0741407641512794
K65N,-0.171377504304212
K65P,-1.5332044651675
K65Q,0.722345761112758
K65R,-0.979673727710533
K65S,2.48464443128528
K65T,0.651393573106688
K65V,0.324102169894417
K65W,1.3787287273916
K65Y,2.05752683052495
F66A,1.06721772221303
F66C,12.4843922543432
F66D,7.96165453111838
F66E,8.23544530743004
F66G,5.4418110651662
F66H,0.751667296701667
F66I,0.81869541261784
F66K,-0.136288995801748
F66L,2.98785071978216
F66M,-0.757963338831462
F66N,3.98072277937586
F66P,2.0474321754747
F66Q,1.86901805454028
F66R,4.40740127401821
F66S,4.61913585798215
F66T,5.45034218132016
F66V,-0.772285442992263
F66W,-0.24184228207609
F66Y,0.0219625841704452
P67A,0.559013048024162
P67C,1.39934236791895
P67D,0.541534598404517
P67E,0.27561360502191
P67F,-0.940202654787261
P67G,-0.676958037628557
P67H,0.936315293007877
P67I,0.100149690054535
P67K,-1.10447926881545
P67L,-0.415614827319739
P67M,-0.715297512487889
P67N,-0.306202760367759
P67Q,-1.3531128981744
P67R,0.186747886075795
P67S,-0.00169071490568608
P67T,-0.666418518389598
P67V,0.114503892049623
P67W,0.0560359599793903
P67Y,-0.678556904794694
R68A,-0.0707594551546866
R68D,1.29585487893209
R68E,1.38987850987416
R68F,1.29148069699432
R68G,0.393569541543856
R68H,0.540798361603544
R68I,0.687621186235831
R68K,-0.910847309786436
R68L,0.681894703867695
R68M,1.75354703906623
R68N,0.673377041173929
R68P,0.950725393137141
R68Q,-0.515457388602711
R68S,0.0157515365275181
R68T,0.229564095485195
R68V,2.24581758897924
R68W,0.666132420817485
R68Y,0.0367677240427909
G69A,3.11245305386492
G69C,0.940792418777648
G69D,0.545375579039159
G69E,1.12836340367743
G69F,0.397267842884145
G69H,3.99663618264353
G69I,-0.197919844898224
G69K,1.20321155252936
G69L,0.174207800198135
G69M,-0.34906496133008
G69N,-0.697673701417288
G69P,1.31830782047168
G69Q,2.14836680613777
G69R,0.341073907174034
G69S,1.32099727811588
G69T,0.0967439775246472
G69V,0.303000197740221
G69W,1.05425800081321
G69Y,0.435211737331616
Q70A,-0.10216862981918
Q70C,1.90071318181359
Q70D,-0.0402555518337913
Q70E,-0.395924660108225
Q70F,3.78264196183524
Q70G,-0.242239397797279
Q70H,1.04085253442521
Q70I,-0.0487666948907209
Q70K,0.215225232894193
Q70L,-1.28376362190453
Q70M,-0.980852427363492
Q70N,0.0574576092284583
Q70P,-0.905992176181347
Q70R,2.54713023225815
Q70S,1.00334205386844
Q70T,0.826670403701188
Q70V,-0.729539152413428
Q70W,-0.874105183031106
Q70Y,-0.571489659895362
G71A,4.41490202531254
G71C,1.85023236839419
G71D,10.2667475620826
G71E,3.21237669797774
G71F,0.864134337853456
G71H,4.31729167070598
G71I,8.68029975462951
G71K,5.72570179187912
G71L,4.71603977709067
G71M,2.25515963318296
G71N,5.23837612132153
G71P,5.8770776072165
G71Q,4.00567166906846
G71R,7.81549234468656
G71S,1.09211035781983
G71T,6.64619127986665
G71V,5.86931188469607
G71W,0.128082999440447
G71Y,3.78025305724234
V72A,3.0852623371119
V72C,6.207953221865
V72D,5.75866372303055
V72E,12.4843922543432
V72F,-0.686367259518104
V72G,6.62098410354622
V72H,1.90019820836353
V72I,-0.756157196448124
V72K,6.24866705390932
V72L,1.8601567561878
V72M,1.83917758040536
V72N,0.624642119674845
V72P,2.8025228065165
V72Q,3.437548816514
V72R,8.90138772654686
V72S,5.16114828852342
V72T,0.518114745391216
V72W,8.05059485613396
V72Y,2.39445196153314
P73A,0.579555930012144
P73C,-0.510434182652172
P73D,11.4095079839221
P73E,6.42873524307654
P73F,7.8634100922376
P73G,2.93107128880593
P73H,10.5399251142315
P73I,7.76762535108846
P73K,7.99833575870192
P73L,12.4843922543432
P73M,9.32621819652284
P73N,6.48506301992998
P73Q,6.20117283624746
P73R,5.58591077648354
P73S,7.03485679492632
P73T,5.25874967950699
P73V,5.08116360396517
P73W,12.4843922543432
P73Y,8.74443235191798
I74A,-1.13160015519827
I74C,-0.3162805943149
I74D,-0.320153566985678
I74E,3.65251522264245
I74F,0.682272398385531
I74G,0.184601280386939
I74H,2.46145802829595
I74K,1.88706930179874
I74L,1.57665480373186
I74M,-0.0112770288703846
I74N,-1.06952596827647
I74P,-1.29572648434349
I74Q,0.0557613997048773
I74R,-0.487694073507784
I74S,-0.323810529916947
I74T,-0.29175751561588
I74V,0.882144090433529
I74W,-0.627324456646474
I74Y,-0.264312702194124
N75A,0.400268119326721
N75C,0.230375682529335
N75D,-1.40553573510222
N75E,-0.642766134090522
N75F,-1.11120880648618
N75G,-1.01082636021873
N75H,-0.926690304165783
N75I,1.00205945898212
N75K,0.574025824716177
N75L,-0.0958985986612523
N75M,-0.22650822522115
N75P,3.36401005394947
N75Q,-1.63979005169409
N75R,0.0486930994036262
N75S,-1.09013067314526
N75T,0.196668964129977
N75V,-0.908834948953308
N75W,-0.663257631322348
N75Y,2.54636917352406
T76A,1.66854137494664
T76C,-0.228560881145678
T76D,-1.03610072704995
T76E,2.15595235380208
T76F,-0.50090689610427
T76G,-0.387656647384776
T76H,0.647099073334912
T76I,0.545324676028126
T76K,-0.0139268212649783
T76L,-0.874038175955743
T76M,-0.943892986285178
T76N,-1.14379643332318
T76P,-1.45614002565625
T76Q,-1.32530808316333
T76R,0.995134807138148
T76S,-0.649132044030509
T76V,0.0303311371091907
T76W,-1.00060651788617
T76Y,-0.61879408803618
N77A,0.736475808815833
N77C,-1.073212671481
N77D,-1.58219976121073
N77E,-1.12476344600275
N77F,1.51949631835552
N77G,-0.877386302295174
N77H,-0.595468179324224
N77I,-1.36599722301173
N77K,-0.382525430871153
N77L,0.380353921232852
N77M,0.773820390575965
N77P,2.96569032517231
N77Q,-0.630443987514131
N77R,-0.257671098716288
N77S,-0.262780126916388
N77T,0.356448793448155
N77V,-1.79889910441626
N77W,1.83415196608949
N77Y,0.303564928996036
S78A,0.724638237303086
S78C,-1.40202979459309
S78E,0.144031144147649
S78F,-0.510102165532625
S78G,1.18721011827546
S78H,-0.740417180047928
S78I,-0.197798719000925
S78K,0.171797371512427
S78L,-0.623789047672733
S78M,0.673556935640333
S78N,0.312309177676708
S78P,-0.415264853885671
S78Q,-0.371778149633433
S78R,-0.596071941770379
S78T,0.474906961992938
S78V,1.41038376396566
S78W,0.121881904187908
S78Y,-0.904355619687911
S79A,3.93115944455225
S79D,0.387360323027942
S79F,0.741587680947211
S79G,-0.438982000790498
S79H,0.0503406855909077
S79I,1.26767558563404
S79K,1.23557901427845
S79L,0.0547582175641843
S79M,-0.5259939058252
S79N,-0.218921800314691
S79P,0.217513083833164
S79Q,0.162994371429375
S79R,-0.917939728077701
S79T,0.154081036189882
S79V,0.38178539267494
S79W,-0.0212416086718146
S79Y,-0.0743452615621747
P80A,-0.907130862052459
P80C,-0.407154900333499
P80D,-0.726986895698443
P80E,0.890166208956936
P80F,-0.101891847509814
P80G,-0.652732447016538
P80H,1.00679550647178
P80I,-1.19694984075974
P80K,-0.933280327851287
P80L,-0.166060700816166
P80M,-0.366812611126145
P80N,2.46208708376359
P80Q,0.235154146158621
P80R,-0.661775923528534
P80S,0.923916831936585
P80T,0.220324157369587
P80V,-0.328787639160798
P80W,-0.288230772129232
P80Y,1.3506485305048
D81A,-0.0562700217700627
D81C,1.78068663937368
D81E,0.0166909805906206
D81F,6.59713650842087
D81G,0.901111008487359
D81H,-0.303371668617701
D81I,-0.763686105094922
D81K,-0.0793230830287163
D81L,-0.846164731442275
D81M,-0.620247097119381
D81N,1.87875036682197
D81P,-0.431030440484916
D81Q,-1.07790044558913
D81R,0.57120150262761
D81S,2.78051695496527
D81T,-0.948853646998808
D81V,-0.00750405830619331
D81W,1.19559986175243
D81Y,-0.269332296270326
D82A,-0.882808497890848
D82C,2.79139124835208
D82E,-1.13491427949893
D82F,0.0200339445548214
D82G,-0.294784072565141
D82H,0.0514002638584091
D82I,5.99431220467648
D82K,1.78933756941003
D82L,0.166062231607512
D82M,1.43458211167625
D82N,3.25209600557716
D82P,5.10037268595041
D82Q,3.58817295803115
D82R,6.89577071300732
D82S,-1.98934152678379
D82T,-0.426555609921724
D82V,-0.881373330226742
D82W,0.69185356942553
D82Y,4.36506337762187
Q83A,-0.104328221720766
Q83C,1.57356103099978
Q83D,-0.549513614545641
Q83E,0.274534838600753
Q83F,0.915084202266267
Q83G,1.03615005589535
Q83H,1.50379933594064
Q83I,6.57631415000319
Q83K,-0.702213137986035
Q83L,-0.128723780998957
Q83M,-0.525911233305928
Q83N,-0.379537442762533
Q83P,2.48192947912601
Q83R,-0.66654074665535
Q83S,-0.224109760290614
Q83T,2.43643742001072
Q83V,0.830000643153986
Q83W,0.0825278175296102
Q83Y,-0.905202459327799
I84A,-0.628356692784318
I84C,6.66516251994102
I84D,4.15985379616752
I84E,11.2427767131192
I84F,8.03498610044486
I84G,9.92388077033844
I84H,11.3867205902129
I84K,7.10154594177915
I84L,-0.391942294408567
I84M,-0.330827206003207
I84N,5.47288048514214
I84P,11.5208399016403
I84Q,6.98946828741118
I84R,3.06535182931891
I84S,-0.314043514029813
I84T,0.654533910417457
I84V,1.18006229609182
I84W,8.95556721400687
I84Y,7.76867779170243
G85A,10.3016157726429
G85C,4.45317389977921
G85D,4.43751208468427
G85E,12.4843922543432
G85F,6.73636571497064
G85H,2.67572528249162
G85I,12.4843922543432
G85K,10.7806868697143
G85L,9.81648829533305
G85M,12.4843922543432
G85N,1.91480412384302
G85P,5.10840653378769
G85Q,12.4843922543432
G85R,4.93338458229346
G85S,10.9035301395353
G85T,12.4843922543432
G85V,12.4843922543432
G85W,12.4843922543432
G85Y,12.4843922543432
Y86A,8.97071713435251
Y86C,-1.65359966773703
Y86D,12.4843922543432
Y86E,7.04879046396991
Y86F,0.724414189284068
Y86G,9.60006713813176
Y86H,3.36929396335721
Y86I,12.4843922543432
Y86K,12.4843922543432
Y86L,8.42279218331316
Y86M,0.184135112855319
Y86N,12.4843922543432
Y86P,12.4843922543432
Y86Q,4.89351005943357
Y86R,3.47041280769886
Y86S,6.22269799982753
Y86T,8.98845946093176
Y86V,12.4843922543432
Y86W,12.4843922543432
Y87A,4.91727212104983
Y87C,0.342379111141725
Y87D,9.70457246971288
Y87E,12.4843922543432
Y87F,0.0205940812337428
Y87G,5.51622697353654
Y87I,12.4843922543432
Y87K,8.41624085821898
Y87L,12.4843922543432
Y87M,3.46087294639641
Y87N,4.23372563809261
Y87P,9.11852782678484
Y87Q,9.21067310815254
Y87R,8.34425588447349
Y87S,2.64456050832722
Y87T,6.16526050456968
Y87V,8.06847283374624
Y87W,1.29699222039611
R88A,-0.571019590718733
R88C,0.209272910129058
R88D,-0.660784054208099
R88E,-0.708961826079238
R88F,6.74800715368304
R88G,-0.51798259033351
R88H,0.432722971271791
R88I,-0.652714333705866
R88K,-0.132810301521089
R88L,4.0577771220301
R88M,-0.344256004384506
R88N,-0.639066339047446
R88P,7.89927332972396
R88Q,2.01633355001247
R88S,1.35845945614604
R88T,0.726018896283557
R88V,0.182558019492836
R88W,0.277777777644368
R88Y,-1.33954560194869
R89A,-0.621769071167057
R89C,-0.688750929238866
R89D,-0.654123834730199
R89E,-1.61897728429412
R89F,0.433887307795135
R89G,-0.378531681624396
R89H,-0.0941551143214289
R89I,-0.871903838044628
R89K,-0.573746443130989
R89L,-0.987405315311771
R89M,2.3794205931639
R89N,-0.2169409655916
R89P,-0.505652035288388
R89Q,1.11871782585529
R89S,0.436507035066983
R89T,-0.392652417216788
R89V,-0.544085411474478
R89W,0.502864584553721
R89Y,-0.107569243868704
A90C,3.72325189020012
A90D,1.10540353851057
A90E,-0.299611496143883
A90F,0.197958864869671
A90G,-0.313272334830422
A90H,-0.326463261120575
A90I,0.646157123189585
A90K,-0.231165049265794
A90L,2.63083160163598
A90M,-0.50131720375218
A90N,-1.1083414391478
A90P,-0.983549026094963
A90Q,1.35543710581013
A90R,-0.944539093331495
A90S,-0.714004252799389
A90T,1.39967613819283
A90V,0.965675317037919
A90W,0.39121137430962
A90Y,-0.338033913939318
T91A,-0.511708914692633
T91C,-0.113845716385173
T91D,0.774012153840267
T91E,0.48448567377889
T91F,-0.299493493345325
T91G,2.50943290114422
T91H,-0.704483979363343
T91I,1.89962508055844
T91K,-1.24077812647864
T91L,-0.231823259662467
T91M,2.17750062407809
T91N,2.03207615846092
T91P,-0.870294303564149
T91Q,-1.04541052595602
T91R,-1.66323895935247
T91S,-0.708473135111531
T91V,-0.755473527744282
T91W,0.362985744428888
T91Y,0.730706710067397
R92A,0.497170513902976
R92C,-0.263291329757848
R92D,-0.636182818621996
R92E,-1.39575698787158
R92F,-0.211728336128362
R92G,-0.823964279781073
R92H,1.5357068851161
R92I,-0.794847454813734
R92K,0.474924862073099
R92L,-0.495837720546395
R92M,-1.02287660294253
R92N,2.16737894525635
R92P,0.695103950988207
R92Q,-0.503826978205184
R92S,1.43549429010727
R92T,7.11041620475589
R92V,0.0943323551929268
R92W,-0.705175617297058
R92Y,-2.2804277807272
R93A,1.55381832136911
R93C,1.04832439557725
R93D,-0.406293640956434
R93F,-0.697234234246339
R93G,-0.181671911081542
R93H,0.191494507144774
R93I,0.725156943593899
R93K,-0.929599022111867
R93L,0.021697057323056
R93M,-1.00679948093913
R93N,-1.1258886776644
R93P,-0.0994548574991092
R93Q,-1.20860369721216
R93S,-0.656507242176314
R93T,0.768466652931064
R93V,-0.0787785404664582
R93W,-1.02723006327355
R93Y,3.78977872774613
I94A,0.658427936637482
I94D,-1.1266570110217
I94E,-0.117110753603899
I94F,-0.478239623436681
I94G,0.55435692399198
I94H,0.512668376358565
I94K,-0.792608490321053
I94L,-0.121739931477898
I94M,-0.183146763740904
I94N,-0.207754500489485
I94P,-0.0330444644734956
I94Q,0.246789655061579
I94R,2.22705151676766
I94S,-1.12595195178083
I94T,4.03386655472133
I94V,-0.124403253152774
I94W,-0.160665169915966
I94Y,-0.74653027230078
R95C,0.137744014249309
R95D,-0.705857175081101
R95E,3.58730011429473
R95F,0.217509388586165
R95G,0.014305048408861
R95H,-1.50585998938526
R95I,0.71967905287997
R95K,1.18523864592553
R95L,1.26277341981546
R95M,-0.0705324616159727
R95N,-0.172255561923281
R95P,-0.565575413594595
R95Q,0.40238941514474
R95S,-0.65018148875066
R95T,3.1284414943979
R95V,0.894788319284491
R95W,1.7854673118916
R95Y,3.06169480958183
G96A,-0.530347143056313
G96C,-0.96985179919216
G96D,-0.0912957988140702
G96E,1.00841303306693
G96F,1.07821826765573
G96I,0.154436450661167
G96K,-1.1115461817758
G96L,-0.338246495318513
G96N,0.064691367133856
G96P,7.11640816619626
G96R,-0.75434697571991
G96S,1.07028432799776
G96T,-1.81617378234293
G96V,-1.22470642909939
G96W,0.751234356015178
G96Y,-0.168652318027997
G97A,-0.226817503969775
G97C,1.07160706814519
G97E,-0.447613101089637
G97F,0.0940856758931889
G97H,3.15294394761988
G97I,2.47546780661849
G97K,0.0014971047596535
G97L,0.195078658263566
G97M,-0.151843842129138
G97N,-1.13317465152094
G97P,-0.960394016391265
G97Q,3.6045164942122
G97R,-1.89597322317458
G97S,-1.17086286423963
G97T,3.19819734360615
G97V,-0.452725845416619
G97W,0.0542836727948515
G97Y,0.201007468378442
D98C,-0.0419832035767196
D98E,-0.831928641133604
D98F,-0.3838129541492
D98G,4.16227781140313
D98H,-0.971926567579627
D98I,1.56615857890648
D98K,1.98668452669042
D98L,1.32608980155019
D98M,0.260682813535008
D98N,0.150023256213206
D98P,-1.13712754775385
D98Q,-2.29567510244216
D98R,-0.681618703076949
D98S,-0.483418658679707
D98T,1.42757220289641
D98V,-1.1695532786351
D98W,0.359006802840659
D98Y,4.15786842142807
G99A,0.576417114140599
G99C,-0.984040817226641
G99D,-0.281972707875101
G99E,-0.959784077983819
G99F,-0.627704014979957
G99H,-0.263689195968982
G99I,-0.341149656306262
G99K,-0.460303991143196
G99L,-1.14564647464766
G99M,-0.964883660078991
G99N,-1.34376410295232
G99Q,3.32747190824617
G99R,1.70755461181641
G99S,0.0760336497880767
G99T,0.96345692832317
G99V,-0.380546182546175
G99W,0.284247417570811
G99Y,2.27326657849524
K100A,-0.994234625426082
K100C,-1.15983768173757
K100D,1.29668401094545
K100E,4.64233198694739
K100F,-0.937158313993995
K100G,0.797555768423182
K100H,-0.224134189290452
K100I,3.82536833012854
K100L,0.215937488114796
K100M,0.420534081106282
K100N,0.674114341507294
K100P,0.878127013889206
K100Q,1.67344094757768
K100R,0.473119626661222
K100S,-0.527432758626392
K100T,-0.588699795418912
K100V,-1.02826905426323
K100W,-1.21454338040769
K100Y,0.0958962883342169
M101A,0.0862881357196355
M101C,-1.0589262049797
M101D,-0.0882658976282868
M101E,1.50261862278847
M101F,0.379356635637027
M101G,-1.5112468512009
M101H,-2.3553015779737
M101I,3.1101829860594
M101K,1.26936710832
M101N,3.82808629562782
M101P,0.0556001787298618
M101Q,0.0261355260442365
M101R,-0.6925372405315
M101S,0.362915706856169
M101T,-0.235113175032074
M101V,-0.455947912314273
M101W,-0.733444485689583
M101Y,0.0683541778391905
K102A,0.428804550487459
K102C,-0.554116821524078
K102D,-0.78211202488127
K102E,-1.70381835814592
K102F,-0.54644946946157
K102G,-0.426616725336271
K102H,-0.257612990173436
K102I,2.02222757020971
K102L,0.952271647259726
K102M,2.79360915627078
K102N,-1.27608069632248
K102P,-0.758562825769441
K102Q,-0.448281204400517
K102R,0.620276869652638
K102S,-0.778944431340396
K102T,-1.6122399060533
K102V,4.28479477153768
K102W,0.405289920754972
K102Y,-0.250659293979844
D103A,-0.694309821160902
D103C,-0.666967895384069
D103E,0.889355541898647
D103F,0.336216290433845
D103G,-1.02597244185638
D103H,-1.47569848370741
D103I,1.18296406341638
D103K,-0.400327508757529
D103L,1.5839164037331
D103M,-0.179520822139726
D103N,-0.823130813396598
D103P,1.63076674084951
D103Q,-0.081749876875973
D103R,-1.16274100061881
D103S,-1.29694703374464
D103T,-0.602078986675925
D103V,-1.18800011017419
D103W,-0.509752190467661
D103Y,-0.237777550710748
L104A,-0.890695504724164
L104C,-1.38048616043568
L104D,0.506478069309454
L104E,-0.401763517359159
L104F,4.27959631962225
L104G,-0.139355609040776
L104H,0.177390921814299
L104I,-0.254837971222578
L104K,0.881239292023757
L104M,-0.866996276114112
L104N,1.30853987985541
L104P,2.23343042664893
L104R,1.08865465756344
L104S,0.395305169642873
L104T,0.881239292023757
L104V,-0.681203328329868
L104Y,-0.0297407922122511
S105A,0.282791223596939
S105C,0.38416694011239
S105D,-1.0205252654506
S105E,0.403429730801881
S105F,-0.716414554410099
S105G,-1.39619586518194
S105H,-0.585766954612467
S105I,0.580912231486634
S105K,0.268324037612149
S105L,-0.492693085060251
S105M,0.0298948277127991
S105N,-1.38722195486662
S105Q,0.0169533007810467
S105R,0.983190833457093
S105T,0.0163659827972988
S105V,-1.60488910533862
S105W,-1.52552485078491
S105Y,-0.711717765030158
P106A,-1.00840368404362
P106C,-1.34998286741679
P106D,-0.689570315773468
P106E,0.503785499310091
P106F,-0.259798068372796
P106G,6.74208958379374
P106H,1.19648370659136
P106I,-0.649402160897899
P106K,-1.39072580481982
P106L,-2.01646852041559
P106M,1.18775928241517
P106N,-1.12017506857716
P106Q,2.59724786781327
P106R,-0.66387590073502
P106S,-0.545286938536343
P106T,0.434055828114446
P106V,-0.669629184434596
P106W,0.370196208919922
P106Y,-0.171952086952212
R107A,0.276996690601413
R107C,0.550371335546764
R107D,-0.265491089395918
R107E,1.07634803439364
R107F,3.73549338278462
R107G,0.613277651416865
R107H,-0.972207208754188
R107I,0.531284654161841
R107K,-1.35281617944489
R107L,-0.352698883236426
R107M,-1.03379628937466
R107N,-0.325971427150789
R107P,-0.497701942472771
R107Q,0.254786263851551
R107S,-0.551675940571728
R107T,-0.523681598175657
R107V,0.768697347686012
R107W,-1.33767064136152
R107Y,0.0599302131937352
W108A,-0.259122941712946
W108C,3.10229733628136
W108D,0.185148578846063
W108E,4.33508717684653
W108F,1.10339118595206
W108G,3.69790356161281
W108H,-0.958572926539
W108I,0.150686325592925
W108K,6.04081113015149
W108L,0.72874405566461
W108M,0.377916876740643
W108N,0.170109007433314
W108P,5.07212234785523
W108Q,1.69845282695065
W108R,1.24378674059483
W108S,1.4958649145086
W108T,0.0267647573155905
W108V,1.52270557619344
W108Y,0.159906755228215
Y109A,1.09810884343291
Y109C,-0.309500978074899
Y109D,-1.40683160800951
Y109E,0.305360150383358
Y109F,-1.37232533785761
Y109G,0.326531265324451
Y109H,-0.194510091366243
Y109I,0.310180516043476
Y109K,-0.912420681823505
Y109L,0.316353765810649
Y109M,0.131240561822752
Y109N,0.229166627385294
Y109P,3.04177938005569
Y109Q,-0.327629087234906
Y109R,-1.61861383403549
Y109S,-0.556044881672867
Y109T,-0.868721563593838
Y109V,-0.739137760821025
Y109W,-1.07606909693249
F110A,7.97953254573018
F110C,8.41170726916129
F110D,5.15199650754868
F110E,12.4843922543432
F110G,4.9512677755568
F110H,3.05618214720067
F110I,5.21718889326316
F110K,12.4843922543432
F110L,7.26627220281195
F110M,1.17995219346828
F110N,0.505138074678819
F110P,5.04779176808647
F110Q,9.97215215484254
F110R,0.999638203033734
F110S,12.4843922543432
F110T,6.99638838305734
F110V,9.99059881094823
F110W,-0.189971283318981
F110Y,0.138290298173799
Y111A,4.95794160078125
Y111C,12.4843922543432
Y111D,4.33157399641823
Y111E,6.6411172307016
Y111F,-0.341344077513384
Y111G,1.13160825364843
Y111H,0.126906346182017
Y111I,12.4843922543432
Y111K,9.8373446345542
Y111L,12.4843922543432
Y111M,1.76410940098634
Y111N,0.594937664870731
Y111P,7.84627817030971
Y111Q,2.79654227601909
Y111R,7.96086023325043
Y111S,1.49712695551729
Y111T,12.4843922543432
Y111V,8.81409822625235
Y111W,2.56106443339967
Y112A,6.57312109151178
Y112C,1.743711215739
Y112D,7.22694167740447
Y112E,4.57600164168403
Y112F,3.1027587653085
Y112G,7.68260510436614
Y112H,2.02951580331128
Y112I,11.8104700219641
Y112K,3.68473217313093
Y112L,3.42018244265868
Y112M,3.4121335876897
Y112N,2.42746393967744
Y112P,5.39178215035094
Y112Q,2.31244159412473
Y112R,4.80632908887916
Y112S,3.15181063869116
Y112T,6.35261754502623
Y112V,12.4843922543432
Y112W,-0.186131619572132
L113A,0.426759001255147
L113C,8.76193142164717
L113D,3.32243877140974
L113E,0.49307265205472
L113F,10.2240060427726
L113G,0.418494839553644
L113H,0.389320427445797
L113I,1.7654022261525
L113K,7.41876362709679
L113M,0.523794325225502
L113N,0.414383714208071
L113P,4.20034063803099
L113Q,-0.0632701427637256
L113R,3.83939503612074
L113S,2.61884828993402
L113T,1.53869288661774
L113V,-0.276341129516123
L113W,7.32457350186842
L113Y,6.82228240243525
G114A,1.45730640204003
G114C,12.4843922543432
G114D,-0.593700510684057
G114E,-0.448058283532696
G114F,3.50033797825705
G114H,-0.536283176142621
G114I,2.49976204921255
G114K,3.86525829266594
G114L,5.41761276151749
G114M,0.111641552452365
G114N,-0.47693599798313
G114P,6.70189868801343
G114Q,1.74031693523607
G114R,2.464315645652
G114S,-0.534598447304167
G114T,0.877534699004512
G114V,8.25690109518426
G114W,7.05415561643979
G114Y,3.65864666366057
T115A,1.04367029192702
T115C,9.05853381281157
T115D,11.1963121884482
T115E,2.93411553421199
T115F,9.89340612659445
T115G,1.85500573357713
T115H,2.17231942733809
T115I,10.2869531215162
T115K,4.03751112373366
T115L,6.2917922669471
T115M,-0.552077070906164
T115N,2.44757641337964
T115P,3.36195716859568
T115Q,-0.34982635057364
T115R,3.61471965684255
T115S,-0.366430585915918
T115V,5.03118852023389
T115W,5.11811179511699
T115Y,12.4843922543432
G116A,12.4843922543432
G116C,10.2693284673936
G116D,5.98571431716386
G116E,6.20962268870353
G116F,12.4843922543432
G116H,12.4843922543432
G116I,12.4843922543432
G116K,12.4843922543432
G116L,12.0109114463239
G116M,12.4843922543432
G116N,7.17478592725363
G116P,10.7055377215337
G116Q,6.7290220250152
G116R,12.4843922543432
G116S,12.4843922543432
G116T,12.4843922543432
G116V,12.4843922543432
G116W,7.37067404363361
G116Y,12.4843922543432
P117A,0.289303797530072
P117C,5.09588388128027
P117D,2.02613949769609
P117E,0.975607986738689
P117F,0.117134816215603
P117G,0.570622729633769
P117H,0.101006428366443
P117I,5.81336829786819
P117K,-0.922797777398341
P117L,-0.266071239949539
P117M,0.314046550247954
P117N,1.4610031206542
P117Q,3.82162939960881
P117R,0.482423071999596
P117S,0.323639722511266
P117T,-0.133486025108474
P117V,0.175375265573389
P117W,-0.0376590848803929
P117Y,3.46291165485299
E118A,-0.188048645639473
E118C,-1.08915973998788
E118D,2.46552152608817
E118F,-1.23394731116674
E118G,-1.10980714127443
E118H,-0.885176843596328
E118I,0.494061937513238
E118K,-0.244765334015046
E118L,-0.273527575041097
E118M,3.64686052057493
E118N,-0.191801871434511
E118P,6.05287092131256
E118Q,0.202834655336782
E118R,0.210641385914382
E118S,0.905595274221435
E118T,0.735725094697403
E118W,-1.0294996847816
E118Y,-0.137448990885451
A119C,0.998147353771482
A119D,0.647390608654623
A119E,-0.169157346287941
A119F,-1.36090270256567
A119G,-0.861619869598695
A119H,1.10210566613004
A119I,-0.326025107331258
A119K,-0.20496456066972
A119L,-0.256618676531595
A119M,-0.201897328549728
A119N,-0.805215220423242
A119P,0.719682541698056
A119Q,-0.0998654051785147
A119R,0.89487181686841
A119S,-0.645138538804526
A119T,3.30314145048506
A119V,-0.67866793076042
A119W,0.351501080358662
A119Y,-0.0919209733070001
G120A,-0.218442986751953
G120C,-0.12646759323275
G120D,-1.2364790754794
G120E,-0.298944061759835
G120F,-0.317502602412795
G120H,-1.40106872034612
G120I,-0.202602217032558
G120K,-0.199130365880066
G120L,-0.954186196607371
G120M,1.42796858130779
G120N,0.270777674778983
G120P,0.299710456816658
G120Q,1.68267352977954
G120R,0.273965729801755
G120S,0.851940179972606
G120T,0.209302690481587
G120V,0.47575879050368
G120W,12.4843922543432
L121A,-0.526906778307907
L121C,2.00618849502117
L121D,0.43127918229132
L121E,0.905794367455247
L121F,-0.795483804093703
L121G,0.621829548231795
L121H,0.838370774646612
L121I,2.79572984947918
L121K,2.80672109631947
L121M,-0.555910118065619
L121N,0.16129368973647
L121P,6.49556281785122
L121R,0.291175952092693
L121S,0.254645763491688
L121T,-2.10674176665267
L121V,-0.280182644486678
L121W,0.210468206118174
L121Y,0.260367004640937
P122A,0.0191830411929461
P122C,1.46630178335078
P122D,1.55599067667211
P122E,-1.31566294870232
P122F,0.557436843858971
P122G,-0.90188654860899
P122H,-0.363476048986181
P122I,-0.44326248265625
P122K,4.5542944722139
P122L,7.53900457863361
P122M,0.146206236315114
P122N,0.0339486550204893
P122Q,3.59504296723521
P122R,-0.100986705893686
P122S,0.313566774210787
P122T,-0.21782160242852
P122V,0.381346174603374
P122W,0.871614347493389
P122Y,-0.555347329636963
Y123A,-1.62403493637121
Y123C,8.91705014518576
Y123D,3.85460318802823
Y123E,1.72988105359493
Y123G,1.50894681359224
Y123H,-1.31586089279856
Y123I,-0.983547359828035
Y123K,3.49011884323469
Y123L,-0.328602916741301
Y123M,-0.596913619953117
Y123N,0.417239110983983
Y123P,3.53690161999357
Y123Q,0.715954292066668
Y123R,2.11335710951072
Y123S,-0.166342039331522
Y123T,1.47212512749602
Y123V,0.0807467555841837
Y123W,0.513793634764684
G124A,-0.012945620842135
G124C,1.58891437954792
G124D,1.66068313145671
G124E,0.47757088852104
G124F,-0.31105745603864
G124H,-0.695169894529172
G124I,0.167524028576729
G124K,0.16942557454284
G124L,0.947326572348735
G124M,-0.518091361121692
G124N,1.05168255393263
G124P,0.625885802331538
G124Q,0.615506907678057
G124R,1.30444092216649
G124S,1.39694284945381
G124T,1.38273202610997
G124V,0.927454059256132
G124W,0.667646906110476
G124Y,-1.54377327837157
A125C,2.56066856691402
A125D,0.192141289377598
A125E,2.43127498495403
A125F,-0.0796558909774347
A125G,-0.0450080711027296
A125H,0.615161375696201
A125I,0.33993826797307
A125K,-0.0993649002950711
A125L,-0.638113736322182
A125M,0.353838044664539
A125N,-0.237454691180223
A125P,-0.144969418439004
A125Q,1.17950082919337
A125R,1.83829771820351
A125S,-1.63599230632845
A125T,-0.388369179288866
A125V,0.700245127206974
A125W,0.00307101338292493
A125Y,-1.16280649873202
N126A,0.955777623167684
N126C,-0.0311272547837117
N126D,2.8270934660626
N126E,1.10704111770801
N126F,2.65629523103104
N126G,-0.15627672247243
N126H,-1.02880569323249
N126I,-0.367676527854175
N126K,0.516538479962984
N126L,-0.384425529684354
N126M,0.783208044709549
N126P,-1.08972485688671
N126Q,-2.20153415592724
N126R,-0.840085559814899
N126S,-1.03761562501228
N126T,-1.5104717609965
N126V,-0.0374424293754579
N126W,0.739309045369028
N126Y,-0.715805130294915
K127A,0.118385111255952
K127C,-0.916956951173399
K127D,-1.52420773235593
K127E,0.279967405030078
K127F,-1.55280301267975
K127G,-0.692227179112117
K127H,-0.590913022415164
K127I,-0.963066374885875
K127L,-0.593679885756904
K127M,0.685659065992625
K127N,-0.707524658178343
K127P,0.820276228137902
K127Q,0.863779453406757
K127R,-0.324824040316504
K127S,-0.19720894183823
K127T,0.383392978907501
K127V,0.154980566313528
K127W,0.644261175572809
K127Y,-1.17509649588433
D128A,0.438455935329611
D128C,0.913310116585875
D128E,-0.6341080482101
D128F,0.528520541164749
D128G,0.713690745959013
D128H,0.433812612483788
D128I,-0.69521657359538
D128K,0.227231168004408
D128L,0.808583208337262
D128M,-0.0808739843752243
D128N,0.520137889623973
D128P,-0.0719906819053143
D128Q,1.6985867959441
D128R,-1.16802267336101
D128S,0.56425760863617
D128T,9.68039261084208
D128V,-0.0313169124707395
D128W,1.77814848918803
D128Y,-0.39382729558267
G129A,0.274307449537026
G129C,1.73233133362144
G129D,0.337081016907493
G129E,-0.97750612363823
G129F,0.0563558023594205
G129H,-0.25276264035221
G129I,3.80390522934858
G129K,0.458585511013924
G129L,1.36120724359008
G129M,-0.115954951900435
G129N,-0.129990951983518
G129P,-0.486767867688907
G129Q,0.111207929666847
G129R,0.709480259971491
G129S,-0.804455381646032
G129T,-1.79226793710392
G129V,1.0049082201081
G129W,1.08743072766224
G129Y,0.303502948784774
I130A,-0.796768709725416
I130C,12.4843922543432
I130D,12.4843922543432
I130E,6.9640025693441
I130F,0.302379672074682
I130G,12.4843922543432
I130H,-1.01899009714039
I130K,6.44283333775542
I130L,1.0512793319391
I130M,2.10591390214548
I130N,0.0182122170814103
I130P,5.8339315989144
I130Q,0.574301215741182
I130R,5.980492121385
I130S,0.528641150163306
I130T,-1.1263070217495
I130V,1.05663004555979
I130W,8.72786025894597
I130Y,-0.342627012893352
I131A,-0.952634545264441
I131C,0.81394641784363
I131D,0.0754359355189559
I131E,2.25193572863627
I131F,0.138424116222486
I131G,-0.620426232288194
I131H,0.572497969626301
I131K,-0.414460301178201
I131L,-0.71768933677988
I131M,0.880852696867232
I131N,-1.74057135850302
I131P,5.69745815221476
I131Q,1.44161863365336
I131R,0.781117233311343
I131S,-0.186467003865375
I131T,0.3752866858499
I131V,0.230424230318486
I131W,0.695118548579397
I131Y,0.0947948127485034
W132A,7.41547964919366
W132C,6.32240165593174
W132D,4.29712983839854
W132E,6.17691671536106
W132F,-1.08915086869452
W132G,9.06414797871557
W132H,-0.139104701823487
W132I,7.95856044710655
W132K,7.64902434005691
W132L,7.36085244931198
W132M,0.550508512717935
W132N,12.4843922543432
W132P,10.5109640624231
W132Q,12.4843922543432
W132R,8.07323018561101
W132S,6.96140351126723
W132T,7.96708970866969
W132V,12.4843922543432
W132Y,-0.578623258183199
V133A,-0.590742818742461
V133C,4.39405728519017
V133D,4.84540490783407
V133E,3.72737078769873
V133F,2.76748731463301
V133G,2.23973783748133
V133H,0.792364835582563
V133I,-0.652286424678195
V133K,8.55897182676612
V133L,0.926019451504103
V133M,1.16788617621982
V133N,3.70622348839473
V133P,8.84303366282703
V133Q,-0.456510410855328
V133R,5.92504269362466
V133S,-0.777498004884067
V133T,-0.310377306323895
V133W,9.64861264665577
V133Y,3.57092361343729
A134C,12.4843922543432
A134D,-1.77618555019909
A134E,2.29083600178195
A134F,0.63616957807742
A134G,1.13468611215958
A134H,-1.13149953357147
A134I,6.6384832515565
A134K,9.1609815705504
A134L,8.49248854118174
A134M,7.46751933828293
A134N,-0.804739747806297
A134P,12.4843922543432
A134Q,-0.822917941283659
A134R,3.48975693810006
A134S,0.608884574355439
A134T,2.59758562014006
A134V,0.124189111404073
A134W,0.373611334670604
A134Y,1.24040025800986
T135C,-1.12713534032156
T135D,0.790803338448277
T135E,0.641018539415764
T135F,-0.468901274952028
T135G,0.64363938041565
T135H,0.274278901360123
T135I,0.242552190034458
T135K,-0.25071107065214
T135L,-0.0478185759603797
T135M,1.1387722899137
T135N,1.77997450633757
T135P,5.82962583321187
T135Q,0.0451492842364693
T135R,-0.410044510577703
T135S,0.174287407549472
T135V,0.333453350590969
T135W,-0.63704128997122
T135Y,-0.0839761361545666
E136A,2.14023113896348
E136C,2.79593788195674
E136D,1.19432002084327
E136F,0.0387993192199763
E136G,-0.249462177799134
E136H,3.22667550759598
E136I,5.44262394944071
E136K,-0.22451891801135
E136L,2.19353510123735
E136M,-0.0149580433399799
E136N,-0.936360408421505
E136P,-1.08649342805595
E136Q,-0.540751242074415
E136R,-0.618198337288247
E136S,2.27251810762418
E136T,-0.875301108716291
E136V,3.48781489925073
E136W,1.96234541850256
E136Y,2.50041418021146
G137A,12.4843922543432
G137C,12.4843922543432
G137D,4.04798308914421
G137E,8.13987295674564
G137F,8.72481080846664
G137H,4.80006379453384
G137I,9.4215694898804
G137K,12.4843922543432
G137L,8.03712796811248
G137M,6.51349561389704
G137N,6.99374071063997
G137P,2.97082098337417
G137Q,7.29346061683196
G137R,5.07058919908891
G137S,4.81637844604641
G137T,6.71239248288482
G137V,6.21791477277127
G137W,7.64601493235017
G137Y,5.15538847677076
A138C,8.9831185731885
A138D,3.09809684663236
A138E,10.7938406473274
A138F,4.98403346867358
A138G,0.0347537306874622
A138H,10.2084089991123
A138I,8.621464916378
A138K,12.4843922543432
A138L,12.4843922543432
A138M,2.80587892172478
A138N,3.29521817168512
A138P,9.01986110733801
A138Q,7.48252932695733
A138R,6.2143069628091
A138S,-0.610142320677019
A138T,0.0283954040844418
A138V,8.39459841413657
A138W,5.99653713898251
A138Y,4.91765068887122
L139A,8.29592615717919
L139C,10.004761861344
L139D,5.52241370143242
L139E,9.47485641642816
L139F,11.1165393498901
L139G,9.73984962864717
L139H,2.69977809954626
L139I,0.448370442616143
L139K,7.43353379792178
L139M,0.794098604306867
L139N,1.02648528460583
L139P,7.93721215249051
L139Q,4.76435505827194
L139R,10.6340962041519
L139S,7.05495288809537
L139T,-0.0684676345618123
L139V,0.899260089658707
L139W,3.6885948170727
L139Y,3.21822444859282
N140A,-1.35105100511113
N140C,3.77756962871823
N140D,-0.297877239894348
N140E,0.114474340132377
N140F,12.4843922543432
N140G,-0.25014494235146
N140H,-0.649464167473213
N140I,3.75062763029672
N140K,8.11703137142056
N140L,-0.193766672253665
N140M,1.08043622770542
N140P,3.33506225256576
N140Q,2.06048040741289
N140R,8.65108709351194
N140S,-0.11356763715606
N140T,-0.93434792846358
N140V,-0.721064677730574
N140W,5.66087805549761
N140Y,9.30368010440757
T141A,-1.0868968223867
T141C,1.22886041367749
T141D,0.993216226003542
T141E,7.18263884109048
T141F,0.696670129414994
T141G,-0.887962427445223
T141H,0.120617826627219
T141I,0.254436366508154
T141K,-0.749488915833062
T141L,-0.219722962043354
T141M,-0.564880123295181
T141N,-0.803496323987096
T141P,2.83943212260917
T141Q,0.897356732963325
T141R,-0.547326356260698
T141S,-0.109114467498719
T141V,-0.984395548806482
T141W,-0.402364389315699
T141Y,3.81366571478931
P142A,-0.410649927509342
P142C,-0.194762760957913
P142D,0.480636803413746
P142E,0.108448906279133
P142F,-0.362524196548192
P142G,0.324468081844819
P142H,-0.411759874221461
P142I,-0.920369166089311
P142K,3.65422800278134
P142L,1.61787845015262
P142M,-0.581464175882277
P142N,0.0228422386077944
P142Q,-0.440675639153589
P142R,12.2105303257278
P142S,5.29064192899402
P142T,8.42520373141718
P142V,-1.0992545507315
P142W,-0.100866772010322
P142Y,2.9249266498406
K143A,2.75634840611144
K143C,6.55501416255483
K143D,7.07366073828061
K143E,7.16766770753917
K143F,9.32256394457282
K143G,3.87126155470985
K143H,2.82390882545353
K143I,1.43395173541976
K143L,2.5543484610625
K143M,1.89684406610461
K143N,0.836093488737968
K143P,5.38653481350856
K143Q,2.33087027410072
K143R,5.47259031218064
K143S,3.08354074634746
K143T,0.97374034082231
K143V,0.725630205445274
K143W,6.48226562067662
K143Y,8.75084024310009
D144A,0.606430545758913
D144C,3.0330657348711
D144E,0.208591784373972
D144F,-0.146360356368372
D144G,3.49964316562072
D144H,0.227725008687839
D144I,-0.231865643548843
D144K,-0.185315155824913
D144L,-1.16443756144448
D144M,-0.717602532953155
D144N,-0.667113490269726
D144P,-0.839544521143288
D144Q,-0.174396168327501
D144R,3.16116852913516
D144S,0.861917964950457
D144T,-0.00397465644327143
D144V,-0.239963022970838
D144W,-0.879937354844906
D144Y,0.60928097491359
H145A,-0.323678954281358
H145C,2.56314930592824
H145D,-0.322556345430383
H145E,-1.28222582272832
H145F,5.57538457826888
H145G,0.241284646732294
H145I,0.127153668097042
H145K,1.13748409008933
H145L,1.86390408766352
H145M,-0.511329458080432
H145N,-1.30486225893514
H145Q,-1.02269431890197
H145R,-0.334401447284482
H145S,0.514638869551623
H145T,0.711332056337074
H145V,-0.992665807358707
H145W,1.42344764782057
H145Y,0.410151347606563
I146A,-0.280700689391648
I146C,-0.0323912160268993
I146D,5.42127026386772
I146E,5.44247916021405
I146F,0.797852752378665
I146G,4.49775081894221
I146H,8.80305410801867
I146K,0.368488311479807
I146L,-1.58708559388632
I146M,-0.102589897861174
I146N,2.30615627631156
I146P,0.96839895915323
I146Q,-0.307392841940455
I146R,-0.620149936337538
I146S,-0.38261202683536
I146T,1.14086944761203
I146V,-0.0156780937026851
I146W,-0.631039298102082
I146Y,-0.617574120823679
G147A,-0.82298360503499
G147C,-0.995090658629968
G147D,0.39754469107824
G147E,1.2934655264127
G147F,0.448365769132384
G147H,0.502388270776956
G147I,0.617593939334703
G147K,0.923099907735261
G147L,0.887310326955845
G147M,-1.28458119357525
G147N,-0.249712805122755
G147P,0.371667963580146
G147Q,-0.396897296621671
G147R,-1.0726549708756
G147S,-0.0898590403732179
G147T,0.0979554647153767
G147V,0.445135218613124
G147W,1.87473183977623
G147Y,-0.70212516198866
T148A,0.00169972891046744
T148C,-0.974731865751678
T148D,-0.734218015629726
T148E,-0.25893806066517
T148F,-0.393164041331181
T148G,0.29098790178896
T148H,0.694130491786921
T148I,-1.10656932575423
T148K,-0.713269538950304
T148L,0.00499360163199634
T148M,0.659587503277872
T148N,1.43028766630932
T148P,0.801107245067115
T148Q,0.874896447825278
T148R,-0.929863078586824
T148S,-0.965366516272569
T148V,0.0677992548788165
T148W,1.00212136948157
T148Y,0.0633106713172203
R149A,0.936673479969618
R149C,1.47951872470607
R149D,6.0090372166078
R149E,5.13321092375583
R149F,0.620450212188688
R149G,0.621945258009226
R149H,2.08072025839497
R149I,-0.192765868776971
R149K,0.668567066646652
R149L,0.758727825308828
R149M,1.78358238144383
R149N,0.62897519945636
R149P,0.123582725077166
R149Q,0.565595658799581
R149S,2.12574428679615
R149T,3.19816033930213
R149V,2.58609471749826
R149W,0.803525632961822
R149Y,-1.31672249605054
N150A,0.606057105616339
N150C,-0.516056964059868
N150D,-0.240598501006194
N150E,-0.570390020726783
N150F,-0.919537496190027
N150G,0.347509435643841
N150H,0.0209845456670177
N150I,-0.74738820420905
N150K,-1.15165892861275
N150L,-0.783588719376119
N150M,-1.29512643684244
N150P,0.612406532583975
N150Q,-0.523017748520503
N150R,-1.18969316411316
N150S,0.377350823125053
N150T,2.82805955277706
N150V,-0.696768191671306
N150W,-0.78100959149135
N150Y,-0.546822834327053
P151A,0.369952515286391
P151C,0.363389530833871
P151D,0.33076457927393
P151E,4.05968094208337
P151F,1.25262075990278
P151G,0.0326002281152469
P151H,2.14402128806018
P151I,6.24586958988472
P151K,1.81269713704534
P151L,-0.100448458253856
P151M,-0.0781001667778245
P151N,0.144965761614717
P151Q,-0.12247378214081
P151R,0.297812199621656
P151S,-1.00849095061675
P151T,2.66850269486331
P151V,-0.698864818336657
P151W,0.0497396570955794
P151Y,2.5562338889007
A152C,-0.214724172833492
A152D,-0.914639405298755
A152E,0.980060950245765
A152F,-0.761819680986471
A152G,-0.555347329636963
A152H,-0.127219256958325
A152I,-0.731365600476138
A152K,-2.4286183139583
A152L,-0.458857886287066
A152M,-0.600647129817109
A152N,-1.5558466775709
A152P,0.231074145141839
A152Q,1.19058270120355
A152R,-0.575646889639967
A152S,-1.59838286893734
A152T,-1.15266312689322
A152V,0.139794974831923
A152W,-0.121048266054897
A152Y,-0.913889640865349
N153A,-0.48835652801803
N153C,0.702804449401768
N153D,-0.129893301035342
N153E,-1.27034667544234
N153F,-0.73044846566943
N153G,0.20077095652896
N153H,0.990292164514685
N153I,1.36834910694164
N153K,1.04838425042049
N153L,1.47500548552099
N153M,1.02208969594185
N153Q,1.52886049899961
N153R,0.177570586661138
N153S,-0.976639652673604
N153T,1.36967658785348
N153V,1.68787674390098
N153W,0.588821871546857
N153Y,-0.39721502947004
N154A,-0.791359465531597
N154C,-1.25464812125807
N154D,-0.403632262407131
N154E,-0.457805609027002
N154F,0.95466006948283
N154G,0.632344057170411
N154H,0.938424298012159
N154I,2.03322607891977
N154K,0.260747218721959
N154L,-1.56448000570815
N154M,1.12557193460134
N154P,-0.752434051085289
N154Q,-0.475728939688039
N154R,2.6561192044675
N154S,0.0198387325006661
N154T,-1.10849869377261
N154V,0.172767440665589
N154W,1.60596198191931
N154Y,0.549868509207453
A155C,-0.608114448963717
A155D,0.336014446441577
A155E,-1.42940912411424
A155F,-0.832811905406838
A155G,0.645923863239922
A155H,9.40641827513522
A155I,-0.950616386366309
A155K,-0.712741504768084
A155L,0.150936593185865
A155M,0.687226614637872
A155N,0.461800150022238
A155P,-0.087893078603825
A155Q,-0.639806416464441
A155R,0.168683827753994
A155S,-0.292265554926089
A155T,5.49304148302765
A155V,0.208076341101223
A155W,-0.104566008656262
A155Y,1.24485123126965
A156C,1.51171326391731
A156D,0.790782158183026
A156E,0.448786082885073
A156F,0.0837682400544661
A156G,-1.20214645967525
A156H,-0.633476897034421
A156I,-0.851614424601888
A156K,1.16429132595126
A156L,-0.185754090044765
A156M,0.0742429840489068
A156N,-0.0559154944777542
A156P,1.52898396972094
A156Q,-0.342398137650999
A156R,-1.56644999378
A156S,-0.715771129295786
A156T,0.262769700652849
A156V,-0.533498979674929
A156W,3.78969720097377
A156Y,0.558539017696141
I157A,-0.609421524538186
I157C,-0.274432992099639
I157D,-0.991438795164429
I157E,-0.278769886322771
I157F,-2.25838012695583
I157G,2.44301301003701
I157H,-0.946042439747636
I157K,1.55406158604516
I157L,-1.65778880742454
I157M,1.7832541119634
I157N,2.32739181442495
I157P,1.84003738034048
I157Q,-1.1237187463432
I157R,-0.175967534206657
I157S,-0.11121117754106
I157T,-0.346895071462892
I157V,0.539484292553342
I157W,-0.839282545872479
I157Y,0.725613784026622
V158A,-1.54044562143352
V158C,-0.733271144461872
V158D,-1.26664419122846
V158E,-0.368327926608578
V158F,-0.153939862159348
V158G,-0.439362912731418
V158H,-1.68307409355565
V158I,-0.374567190350008
V158K,0.113325598722406
V158L,-0.11139642942392
V158M,-0.38697657901745
V158N,-0.675950815876614
V158P,-0.18282361908988
V158Q,0.369226406771339
V158R,-0.991040124591598
V158S,-1.31618615091295
V158T,-1.52290354627791
V158W,-0.778750983969705
V158Y,0.848279545990883
L159A,-0.561928200217634
L159C,5.06682569614286
L159D,12.4843922543432
L159E,4.74421833152522
L159F,-0.251884965623391
L159G,0.901337682230456
L159H,0.999228619541227
L159I,0.73982801693493
L159K,4.04223862204949
L159M,-0.735742318832665
L159N,-0.648802753445634
L159Q,-0.224724984426917
L159R,1.67043193646357
L159S,2.15029173613619
L159T,-0.987718224101523
L159V,1.94815672884043
L159W,0.0713225849593095
L159Y,-0.528622452547211
Q160A,0.363371231188129
Q160C,-1.52533675338153
Q160D,1.00719342417847
Q160E,-0.784346325449209
Q160F,-0.582373153278233
Q160G,1.66943060922111
Q160H,1.44899640833914
Q160I,-0.336199679937627
Q160K,-1.2794895357432
Q160L,-0.147016574543779
Q160M,2.2357568881904
Q160N,0.379553170488777
Q160P,1.47750208872073
Q160R,0.0858302021887086
Q160S,-0.903739252074446
Q160T,0.0903381259321994
Q160V,0.1060176242931
Q160W,0.192593271668465
Q160Y,-1.10283756747444
L161A,0.126944653433937
L161C,5.03683493074191
L161D,1.354438931657
L161E,0.466177964108396
L161F,-0.434962526465405
L161G,0.298271805061927
L161H,-0.697109404872008
L161I,-0.44281955430108
L161K,-0.166867103835845
L161M,-0.315991133918839
L161N,0.237273496180689
L161P,-0.240466868696347
L161Q,0.311102863170404
L161R,0.523623552552846
L161S,0.482164286195435
L161T,1.60963815555342
L161V,0.209858467995428
L161W,-0.216029421032946
L161Y,-2.43890963780726
P162A,0.16505824616555
P162C,0.099794912551123
P162D,0.0214005879104823
P162E,-0.0425862045159964
P162F,0.0497566903057416
P162G,0.860016172323281
P162H,0.47568490262366
P162I,3.5669354579068
P162K,0.56740673876871
P162L,-0.894484251999072
P162M,-0.740031338111024
P162N,-2.15632267775718
P162Q,-0.538718882216589
P162R,0.865962290575897
P162S,-1.6213582277037
P162T,-0.943329401790826
P162V,4.97659668016104
P162W,0.254449865013714
P162Y,-1.23070363958131
Q163A,-0.955249694250608
Q163C,2.31239620208133
Q163D,-0.326055173945625
Q163E,-0.0566903720316148
Q163F,-0.00924526698708555
Q163G,0.427894737341661
Q163H,-0.329872016398228
Q163I,0.232215762023755
Q163K,-0.234404496105788
Q163L,-0.507926807810817
Q163M,6.65594580817331
Q163N,-0.19502363909272
Q163P,-1.35655724821609
Q163R,4.54156938577415
Q163S,1.77116964309958
Q163T,-0.0289258169435025
Q163V,-0.00692368599495631
Q163W,-0.332189491073148
Q163Y,-0.13841052493173
G164A,-0.157070588690702
G164C,0.849665575130127
G164D,3.0604950397553
G164E,-0.509696055476585
G164F,0.323873257745079
G164H,-2.05517073241156
G164I,-0.64526862020287
G164K,-1.0945732213387
G164L,0.0130212412320905
G164M,-1.74560377846771
G164N,-0.654730608604708
G164P,-0.111986990948956
G164Q,-0.501526487218696
G164R,2.72585331042532
G164S,-0.878660646908675
G164T,0.375604995977185
G164V,-0.493574949777999
G164W,-0.600594149573441
G164Y,0.686493326811883
T165A,-1.36378189451667
T165C,0.232841111366379
T165D,0.417130432274953
T165E,-0.404179642244508
T165F,-1.18152692713068
T165G,-1.16579984253469
T165H,-0.373856734946923
T165I,-0.640955471440213
T165K,-0.588913261352472
T165L,0.452834190174657
T165M,1.29627269008604
T165N,-1.46125756496975
T165P,1.24194468196301
T165Q,2.22527365048297
T165R,-0.823816952284439
T165V,0.269283054091885
T165W,-0.427105125782117
T165Y,-1.0414889979622
T166C,2.66164959417637
T166D,-1.15695906698264
T166E,1.02437185927544
T166F,-1.67571764977422
T166G,-1.10081605771451
T166H,-0.698255989004341
T166I,-1.09466225054354
T166K,0.147104986146613
T166L,0.77540866852243
T166M,0.0837145549630194
T166N,-0.620503662869252
T166P,-0.196019911797661
T166Q,1.66815775306007
T166R,0.222049624955928
T166S,-0.405463157517536
T166V,2.83354888278521
T166W,-1.03881051577811
T166Y,-0.422907674502604
L167A,-0.0626744138070593
L167C,-0.10888319455315
L167D,0.611882169624431
L167E,-0.776362256626748
L167F,-1.04798626667252
L167G,-0.00174634563731269
L167H,2.34471702075012
L167I,1.25962090714379
L167K,-0.67640612152381
L167M,-0.753186685124391
L167N,3.5729360503152
L167P,0.873203131722273
L167Q,-0.141073489525929
L167R,-0.667592969578533
L167S,0.687728879452217
L167T,1.60608944904161
L167V,-0.146302197976507
L167W,0.312112586413776
L167Y,-0.736437625370796
P168A,0.613663645920437
P168C,0.327944219860371
P168D,-0.539438954533257
P168E,0.0432064427283839
P168F,1.12971276939118
P168G,-0.270430802273439
P168H,-0.358688846048764
P168I,0.0146295824418245
P168K,0.117962694289285
P168L,0.220305131585558
P168M,-0.446686765503855
P168N,-0.558631081107408
P168Q,1.8588124655739
P168R,-0.14936258258672
P168S,-0.525867276679266
P168T,-0.651051466499211
P168V,-0.377800956254021
P168W,0.0370918139364092
P168Y,-0.350852467112917
K169A,-0.147328953425533
K169C,-0.405637023734191
K169D,0.845303468314818
K169E,0.574140276085545
K169F,0.295582133334705
K169G,-1.41314507652884
K169H,5.70539693550627
K169I,-0.142083780768705
K169L,-0.543698643111403
K169M,0.552602278936092
K169N,3.45804266242611
K169P,0.600138125584791
K169Q,-1.37667108860685
K169R,0.69494079845462
K169S,-1.01178930881136
K169T,-1.28054527226056
K169V,-1.00307853611228
K169W,0.836429811133698
K169Y,-0.658792964539699
G170A,-1.43774276476286
G170C,-0.160771235805615
G170D,5.15143995002929
G170E,0.351150423799596
G170F,0.804556867384266
G170H,-0.213483494329956
G170I,-0.0957945667422875
G170K,2.68294480437339
G170L,-1.63482199227702
G170M,0.466278107372316
G170N,-0.0672785973335394
G170P,-0.316941045052049
G170Q,-0.946877404127009
G170R,-1.49266338300595
G170S,-0.569338661199276
G170T,-0.342878881265632
G170V,0.508972669416207
G170W,1.19712978945984
G170Y,-1.20116372939373
F171A,-0.776184631851395
F171C,-0.567911465783396
F171D,0.118224103426544
F171E,-0.744394334370754
F171G,-0.104818357333168
F171H,0.300157893218758
F171I,-0.823357393557968
F171K,0.645061709440269
F171L,-1.11377111547906
F171M,-0.252548319573584
F171N,-0.693061319007584
F171P,0.176311428164234
F171Q,0.27036280989885
F171R,-1.15997639365283
F171S,-0.852279977562837
F171T,-0.0785019990105093
F171V,0.591578134964811
F171W,0.624238751588608
F171Y,-0.31071165908603
Y172A,-0.730873288238061
Y172C,-0.809242942504242
Y172D,-0.692018646054483
Y172E,-1.10421662111857
Y172F,-2.41041937989574
Y172G,-0.21654853429917
Y172H,-1.54720632729243
Y172I,-0.123526911778325
Y172K,7.55015336514689
Y172L,-1.02487499779363
Y172M,-0.162558958054471
Y172N,1.13376064508394
Y172P,-1.03163202754127
Y172Q,-1.22152285587183
Y172R,-2.44173685000674
Y172S,2.70865961552377
Y172T,-2.29313816905049
Y172V,1.0471408231021
Y172W,-0.838561464158909
A173C,-0.309735867736742
A173D,-0.208959708139161
A173E,0.520422411324567
A173F,-0.83681122801816
A173G,-0.949615660609041
A173H,-1.31916357175154
A173I,6.01141499706184
A173K,-0.381601167214044
A173L,-0.1984681178864
A173M,-0.257173371041457
A173N,2.65534438562718
A173P,0.814746725708787
A173Q,1.11867549073728
A173R,-0.189395369203018
A173S,0.643748922000311
A173T,-1.42358765343497
A173W,-0.335651376849245
A173Y,1.06783548618215
E174A,0.0869990949042941
E174C,0.528262459968938
E174D,-0.37296665360353
E174F,1.97810937417244
E174G,-0.574747643535821
E174H,0.826425044242398
E174I,-1.21928550844236
E174K,1.91888420586289
E174L,-1.74548015906242
E174M,-1.86844473836337
E174N,0.366836229412201
E174P,-0.733511638775626
E174Q,0.545138443648978
E174R,-0.143948236823978
E174S,0.349886882104062
E174T,-1.11001616081765
E174V,-0.729164296871362
E174W,0.0320567319835567
E174Y,0.674857705869641
G175A,0.747074866394109
G175C,-0.211821832932021
G175E,0.474894365206965
G175F,-0.540440881723874
G175H,4.24103258393098
G175I,0.280403717717674
G175K,1.79958503143915
G175L,-1.61818825136376
G175M,3.05812941479366
G175N,5.61045517622669
G175Q,0.384202103387784
G175R,2.50986148333299
G175T,3.75869395964861
G175V,-0.78462494868071
G175W,0.677744349257618
G175Y,-0.753576396002425
S176A,-0.313816930876422
S176C,-0.416453532668286
S176D,-0.259731564746605
S176E,-0.223953133093544
S176F,-0.945964419237054
S176G,0.638707995048871
S176H,-1.28272574383052
S176I,0.0679870696424539
S176K,-0.319903196222734
S176L,-1.59181472855321
S176M,-1.48288714192568
S176N,0.232966601125523
S176P,-0.85677960990914
S176Q,-2.27148344194848
S176R,-0.461830680296234
S176T,-0.11859363449902
S176V,-0.852664563307567
S176W,1.13528178793218
S176Y,-0.357861320892762
R177A,1.48019202756788
R177C,0.0266731294367561
R177D,0.826778268510251
R177E,3.20183869375857
R177F,-1.30901884903334
R177G,-0.362687215486649
R177H,-0.139031636879141
R177I,2.75037808042486
R177K,-0.924317157188831
R177L,1.71073628499837
R177M,-0.678908305719095
R177N,0.894541995668426
R177P,-0.0333770713281917
R177Q,0.612410024592235
R177S,2.36117192362429
R177T,0.568913995652242
R177V,-0.531968848864886
R177W,0.897559548135156
R177Y,-0.253748644272055
G178A,-1.71770849795208
G178C,-0.841220888184288
G178D,0.837624365648934
G178F,0.0317475621431478
G178H,3.08165639635276
G178I,-1.02344395556308
G178K,-2.28909283170354
G178L,0.106639701102281
G178M,0.612332462141592
G178N,-0.867485138518816
G178P,0.129579046968007
G178Q,-1.45394157719663
G178R,0.299316620570172
G178S,-1.1507356348646
G178T,1.21721461561592
G178V,0.710425749083145
G178W,-0.136288995801748
G178Y,-1.08312895000222
G179A,-0.276615619112383
G179C,-0.258094359292764
G179D,1.33030394707858
G179E,1.98873744868916
G179F,-0.244443785999722
G179H,0.0123982943169712
G179I,-0.595095260552262
G179K,10.6711212071287
G179L,-0.61289598006689
G179M,2.54525338268151
G179N,-0.621994793089678
G179P,0.728667748669187
G179Q,-0.124023360320579
G179R,-0.470065920147065
G179S,-1.02549953162617
G179T,-0.757053157665824
G179V,-0.666142414865267
G179W,0.925504358191588
S180A,-0.174513870521713
S180C,-1.40183451003121
S180D,2.92751130771338
S180E,-1.24590208685586
S180F,0.960671382568988
S180G,5.52884873225
S180H,-0.649717409598246
S180I,-0.0413054228177919
S180K,1.33070064799233
S180L,5.50179052583431
S180M,-0.26999079565143
S180N,3.16376146399413
S180P,3.27527491817554
S180Q,-1.09136500849337
S180R,1.14003403182933
S180T,-1.11959633037527
S180V,1.7162249479665
S180W,3.14475274832965
S180Y,-0.0897469253805529
Q181A,-0.790105683974981
Q181C,-1.21706429760586
Q181D,-0.756309559268651
Q181E,0.659542894545228
Q181F,-1.08941427691021
Q181G,1.55328453708043
Q181H,-1.11226776059785
Q181I,1.48018081305815
Q181K,-1.11106707880561
Q181L,1.68333264805226
Q181M,-0.367125341820394
Q181N,-2.32081405248287
Q181R,-1.41125642119253
Q181S,-0.682371404602042
Q181V,1.76593445391309
Q181W,7.10773898243982
Q181Y,-0.481429146321808
A182C,1.58066308244042
A182D,-0.0132721513399182
A182E,0.15056450051083
A182F,-0.628801752867857
A182G,0.0582318948000091
A182H,0.233959029196208
A182I,-1.50439082400342
A182K,-0.0966044132166576
A182L,0.0803726558797945
A182M,-0.371032436323879
A182N,-1.63871655101488
A182P,-0.435868549002845
A182Q,-0.533003592987207
A182T,2.97591184742417
A182V,-0.577751186239618
A182W,0.0519397936004771
A182Y,1.95743852782689
S183A,-0.843610443763692
S183D,1.5082943533742
S183E,2.38537341040156
S183G,1.5326052052436
S183H,-0.714488567382426
S183I,-0.927129580280994
S183L,-0.468427277901014
S183M,-1.59174897429769
S183N,-1.84869156478665
S183P,1.57082406367562
S183T,-0.488788998088719
S183V,1.67368544124529
S183W,-0.934373527983382
S184C,0.311330351542875
S184D,-1.86027025350567
S184F,-0.0458988919987968
S184G,0.204351081322118
S184H,2.62848713185085
S184K,-0.275659717631297
S184M,3.56530366491354
S184N,3.51806729678097
S184P,-1.58315902782407
S184Q,-0.986981818191482
S184T,1.57478547488397
S184V,0.247690832073066
S184W,-1.01619795624148
S184Y,-0.487758870262612
R185A,-1.34468226150775
R185C,-0.663619065694078
R185D,-0.363409417594978
R185E,1.56061105159443
R185G,12.4843922543432
R185H,3.87034073720017
R185I,-0.924884037574161
R185K,1.66468879101238
R185L,-1.13934373579263
R185M,-0.101748043788598
R185N,0.0606465414307693
R185P,0.528606597161034
R185Q,-0.226157531950238
R185S,-1.5254500905969
R185T,0.383060629981564
R185W,-0.779961084190712
R185Y,1.53316191494881
S186A,2.20434167269512
S186C,0.557611560989509
S186D,-0.242759006266456
S186E,-0.0404721170756702
S186F,-1.01014990170208
S186H,2.23116827248811
S186I,1.05978442361888
S186K,-0.0363691405349165
S186L,-1.13443877232466
S186M,1.1802109048827
S186N,-0.263130703152417
S186P,0.0972036709882621
S186Q,0.0671466588687499
S186R,1.5000182392939
S186T,1.3204152037226
S186V,-0.0763189631672867
S186W,-0.98178179143484
S186Y,1.60654312400546
S187A,-0.00913353627446538
S187C,2.49651583361211
S187D,0.0455498245298424
S187E,-0.966939072384532
S187F,1.95616147576881
S187G,0.385022542704935
S187H,-0.519887629208434
S187I,-1.15170462118376
S187K,1.64092072585626
S187L,0.121593267314674
S187M,-0.752640976571412
S187N,1.99159887649555
S187P,-0.501633124252614
S187Q,0.766922410417092
S187R,0.248816954849956
S187V,0.781426935410798
S187W,0.183166076228079
S187Y,-1.09543296916184
S188A,-1.95978144550135
S188C,2.85391881445875
S188D,0.704855653580366
S188E,1.74786822215294
S188F,-0.545198010983044
S188G,0.841910875019369
S188H,0.625538074892391
S188I,-0.230064368983324
S188K,2.18494460909323
S188L,-1.25081818138159
S188M,-0.194291364776603
S188N,3.1167293360191
S188P,-0.310583653003946
S188Q,0.366593647025008
S188R,-1.04432101540836
S188T,-1.59244965635322
S188V,-0.570366930198347
S188W,2.65605708176013
S188Y,0.599846138495979
R189A,-0.996040440638657
R189C,2.79831870827819
R189D,1.1530697501386
R189E,-0.0620921802004112
R189F,-0.253577712812892
R189G,-0.23310319919512
R189H,-1.19482313648403
R189I,-0.853154358725017
R189K,-0.972564618018477
R189L,3.58507096920822
R189M,-1.0585444339235
R189N,-0.527367448108156
R189P,-0.0384910105834972
R189Q,0.502986095992011
R189S,0.241853420034105
R189T,-1.26528890184139
R189V,-1.024312444913
R189W,-1.0085712668209
R189Y,1.26892533617371
S190A,2.43895362992347
S190C,-0.614183306498136
S190D,1.76685517495679
S190E,-0.286239541692539
S190F,-1.60290841198548
S190G,0.94265765857521
S190H,4.76418569121742
S190K,-0.609222788264582
S190L,-0.415878457656664
S190M,-0.592314814339817
S190N,-0.0617567242270041
S190Q,0.640910324096819
S190R,0.594519252424278
S190T,0.165766943713083
S190V,0.382370463004289
S190W,-0.55020935296369
S190Y,1.76101915169505
R191A,-0.952069547677128
R191C,1.8341149997873
R191D,-0.447949111880895
R191E,4.96229834624254
R191F,-0.793808867290632
R191G,1.3511259827904
R191H,1.97958348014162
R191I,-0.097645313384314
R191K,-1.66456698309658
R191L,0.420118501211997
R191M,2.41401762771071
R191N,-0.549776146059159
R191P,1.08432324363539
R191Q,2.359724452688
R191S,-0.198814227578206
R191T,-2.02648796198328
R191V,-0.520757377427347
R191W,-0.345445764619806
R191Y,-1.47529124475741
N192A,-0.347363129016268
N192C,0.682492379545421
N192D,-0.89765882818733
N192E,-1.74891516856099
N192F,-0.0276275405653252
N192G,-0.239096549488299
N192H,-1.01705294627932
N192I,2.29846775127474
N192K,1.53587215363563
N192L,-0.304348510905518
N192M,1.75738604010501
N192P,0.468105463041334
N192R,-0.377142479297155
N192S,1.10980348509463
N192T,3.74084222424279
N192V,-0.119591464930637
N192W,1.34684270559885
N192Y,-0.882875651458712
S193A,0.744874919408166
S193C,0.174622354472871
S193D,0.398682008383025
S193E,-0.393622791692346
S193F,-0.346236093328374
S193G,0.686675414598468
S193H,0.196486239927804
S193I,-0.619695707465823
S193K,-0.933508272774453
S193L,-1.20298835213413
S193P,2.05219319250399
S193R,-0.715890724391746
S193T,-0.346948176031889
S193V,1.00224258717472
S193W,3.0577655477242
S194A,1.41826584484865
S194C,-0.87800888350339
S194E,-0.634190984874973
S194F,0.991690430986707
S194H,1.33605745920128
S194I,-0.823130813396598
S194K,0.651255844830847
S194L,1.50478558233544
S194M,1.872496312555
S194N,-0.0581075224435549
S194P,0.58482357546046
S194Q,0.677053048827244
S194R,2.89707957652123
S194T,0.228853654177125
S194V,-0.401143287171416
S194W,-0.416990694028525
S194Y,0.115418635586567
R195A,0.469826919919646
R195C,2.39469103614127
R195D,-0.113513041568983
R195E,0.906136024942652
R195F,1.75272287065232
R195G,-1.66188378500868
R195H,0.139821303866894
R195I,-0.106096428615305
R195K,0.150023256213206
R195L,2.03271899542494
R195N,-1.25043289449303
R195P,-0.562797197268892
R195Q,-0.224131783438468
R195S,0.0448018073336738
R195T,0.676731767690302
R195V,-0.947337361356392
R195Y,0.519252756577817
N196A,0.576186208769352
N196D,-0.311298215904291
N196E,-0.374580555851629
N196F,-0.158709040330672
N196G,-0.917221709065446
N196H,0.187325830310721
N196I,0.00428047148301296
N196K,-0.0439242492094726
N196L,-0.279933119605446
N196M,1.36426259241745
N196Q,-0.164813614774236
N196R,-1.41846908358863
N196S,-0.459845540019197
N196T,-0.447547396832213
N196V,-0.0794169828909587
N196W,0.995843319568791
N196Y,-0.29058627874144
S197A,1.26928671839472
S197C,-1.00402411398923
S197D,-0.118034115073742
S197E,3.22822011324317
S197G,0.889050445836555
S197H,-1.41306992965119
S197I,-0.76074599478708
S197K,-1.07897918793849
S197M,0.0255634951405201
S197N,0.982300606223345
S197P,-0.502428126708967
S197Q,-1.88929573756733
S197R,2.36128685938863
S197T,2.20666274022887
S197V,2.67894726445046
S197W,-1.47308249726175
S197Y,-0.580289058164349
T198A,0.740980944398726
T198C,-0.733201712786768
T198D,0.830764142374366
T198E,-0.96299882403994
T198F,-1.09032606654233
T198G,-1.23665846244041
T198H,-1.38910689274942
T198I,-0.0644847847382519
T198K,0.463444619785924
T198L,-0.128601218843678
T198M,1.41721957908486
T198N,-0.926106276008463
T198P,-0.0801870808215747
T198Q,0.0580569361460577
T198R,-1.11626247111496
T198S,0.599582499587083
T198V,-0.841029875247751
T198W,0.913028577564346
T198Y,4.61519417446401
P199A,-1.3212480692576
P199C,0.288244493636469
P199D,-0.499025515639992
P199E,1.69015835553145
P199F,0.473670312321061
P199G,-0.420029581825802
P199H,-1.44242161022189
P199I,-1.14130764583361
P199K,0.506287672829671
P199L,-1.59100432788051
P199M,-1.08547456040333
P199N,-0.410747505141161
P199Q,2.04933361283613
P199R,-1.7411820807517
P199S,0.709288952569482
P199T,0.863765751976357
P199V,0.176148709897747
P199W,-1.85650825949334
P199Y,5.1237923629681
G200A,0.0578525484167367
G200C,1.11421348836868
G200D,0.00321178632811254
G200E,0.333099319812827
G200F,-0.0165194105968646
G200H,-0.151709582645708
G200I,-1.12157153360104
G200K,2.54834393534827
G200L,0.091356725949945
G200M,-2.00203013165511
G200N,0.15353421397938
G200P,0.847765651269969
G200Q,0.241010353296811
G200R,0.197632310591379
G200S,0.255248705278086
G200T,1.80949670140285
G200V,-1.00441034777793
G200W,0.24995638902134
G200Y,-0.560824586024062
S201A,0.334946841308281
S201C,-0.475304199914749
S201D,-0.0591423315215733
S201E,0.344480809596324
S201F,-0.473747056910554
S201G,0.561475817685451
S201H,0.0225125360493315
S201I,-0.773815949680297
S201K,-1.49789192000458
S201L,-0.85675556680458
S201M,-0.0538856010457167
S201P,0.807765275442967
S201Q,-1.289611734115
S201R,-2.26690665584701
S201T,1.02047791216969
S201V,-0.425150488727332
S201W,0.333186739269768
S201Y,2.47961896807271
S202A,-0.521603373960655
S202C,-0.501861534080107
S202D,0.53783734066641
S202E,1.32767621041321
S202F,-1.84451939441209
S202G,1.33830824555351
S202H,0.0298927497548726
S202I,2.01459376487494
S202K,-0.272898793470913
S202L,1.49559121208811
S202M,-1.32304762200362
S202N,0.143618108542634
S202P,2.19474881872011
S202Q,-1.07457276557277
S202R,-0.205571231002828
S202T,1.37756226226144
S202V,1.50854263421562
S202W,5.12940651842307
S202Y,-0.781117452301907
R203A,0.115370464056976
R203C,-0.660714969328362
R203D,1.357567532757
R203E,1.28555166975201
R203F,0.335267623757268
R203G,-1.0292335653411
R203H,0.573033380522135
R203I,-0.385965821698895
R203K,-0.229688259863354
R203L,0.923951450125758
R203M,0.21886575174627
R203N,-0.0999269694352383
R203P,-0.508418562041636
R203Q,-0.487758870262612
R203S,0.226525660526688
R203T,0.235543537107703
R203V,-1.8111871405382
R203W,-0.238466033176444
R203Y,0.539504999499981
G204A,-0.942573022359686
G204C,3.26857319561685
G204D,-1.28145695404311
G204E,4.17826632905635
G204F,0.884852919627727
G204H,0.747675943052788
G204I,1.94935822377321
G204K,0.0489159200370171
G204L,1.49571838278085
G204M,3.80769483911582
G204N,-2.32754250649751
G204P,-0.278956450885258
G204Q,0.616448297306564
G204R,-0.060744455766152
G204S,-0.836854434193918
G204T,-0.879917204249159
G204V,0.762488545350128
G204W,0.97464040871669
G204Y,-0.804309446629069
T205A,0.384699729989128
T205C,-0.456140193985228
T205D,-0.550570542210737
T205E,0.157050373710035
T205F,-0.492892324811622
T205G,0.0876084921948917
T205H,-0.122362867919826
T205I,0.197818779044688
T205K,0.661519367787322
T205L,-0.466621278231426
T205M,-0.618198337288247
T205N,0.411501465706668
T205P,-0.309025751843831
T205Q,0.0438772288561673
T205R,3.75103631406441
T205S,-0.541985986865543
T205V,-0.26510552099884
T205W,5.22912305931564
T205Y,0.449160776245841
S206C,-0.20114488684086
S206D,-0.336238278322914
S206E,-1.59181472855321
S206F,-0.51415627653037
S206H,-0.93587839001522
S206I,1.47469014282024
S206K,-0.764689845355357
S206L,-0.825032632456241
S206M,1.74493303508001
S206P,3.20520471071657
S206Q,0.27286188236495
S206R,0.462022245967767
S206T,0.834394555155992
S206V,2.33582534656705
S206W,-0.0937680221985034
S206Y,-0.812452479568021
P207A,1.71900847783118
P207C,0.178325634423164
P207D,2.98448935169127
P207F,1.3206870004669
P207G,0.380992367566205
P207H,0.530217850545924
P207I,-0.418572174056442
P207L,-0.559220035558817
P207M,0.609812832852942
P207N,-0.386914919883387
P207Q,1.54899295777489
P207R,0.659669843166231
P207S,3.7091400134203
P207T,-0.165197225245425
P207V,0.00403581332050122
P207W,-1.28809492406319
P207Y,0.234231734597738
A208C,-0.769749617237101
A208D,0.53552317592371
A208E,-0.166332315284329
A208G,0.163005785535835
A208I,1.19126002413277
A208K,-0.451723166730868
A208L,0.525301560860731
A208M,0.599993493499543
A208N,6.50037935777369
A208Q,-0.724281380261867
A208R,1.40515488491119
A208S,-1.20234070781238
A208T,-0.143584198090898
A208V,-0.885458218351005
A208W,-1.49642780493828
A208Y,-0.530883046653558
R209A,-1.40096618071515
R209C,0.38331371615527
R209D,-0.754316158788112
R209E,0.819829051994678
R209F,-0.609603109979141
R209G,-0.357729195114628
R209H,4.47058625584647
R209I,0.448877951143486
R209K,2.08590647383454
R209L,1.15521352692754
R209M,5.15414085914123
R209N,-0.508465478896571
R209P,-0.19122578409289
R209Q,-0.179908623115757
R209S,-1.40212341603092
R209T,2.38581070450835
R209V,-0.573979016003863
R209W,-0.112899104466846
R209Y,-0.577684114866759
M210A,0.0429293256151642
M210C,0.328199311747781
M210D,-0.656987183002269
M210E,2.04200945609572
M210F,0.621536275703516
M210G,2.91329761830838
M210H,-0.174580067834548
M210I,-0.952815764575322
M210K,1.0996650108531
M210L,-0.271380950851221
M210N,0.122431431699383
M210Q,-0.210121611675135
M210R,0.297480658765002
M210S,0.239149647384355
M210T,-0.362118559457349
M210V,-0.0832118852668534
M210W,-0.396352666619502
M210Y,-0.0198992426485447
A211C,0.709073812858204
A211D,0.312775275460164
A211E,-0.257861938531038
A211F,-1.87934573040733
A211G,-0.226902245075855
A211H,-0.102633608819843
A211I,-1.26666109625772
A211K,1.32114618498705
A211M,-0.0635931186645668
A211N,1.35219910707442
A211P,-0.305431164581471
A211Q,-0.581942117500648
A211R,-0.211118821874654
A211S,-0.565693875004017
A211T,3.14602127683581
A211V,0.429691116456695
A211W,-0.251127094172608
A211Y,1.40615848453837
G212A,-0.150636251431985
G212C,-0.351422078913797
G212D,-0.265960078217192
G212E,0.393576251295713
G212F,-0.34846079648175
G212I,0.947135860706681
G212K,0.696773367062121
G212L,1.306530956008
G212M,0.701443779970626
G212N,4.58742110715454
G212P,3.36293902237207
G212Q,0.00588737485376955
G212R,0.242156589656916
G212T,-0.949902693414456
G212V,0.631748660618659
G212W,-0.884648879035756
G212Y,0.302734995178456
N213A,-0.565239820303341
N213C,-0.995659114549933
N213D,-1.10075725843407
N213E,-1.13843636666741
N213F,-0.300991165961965
N213G,-0.393573262198346
N213H,1.25172090968424
N213I,-0.0594618271235679
N213K,-0.587857434442015
N213L,-0.449862078036163
N213M,-0.98147165009421
N213P,-0.588762807869755
N213Q,1.09911177344782
N213R,0.569770607496275
N213S,1.49967936251753
N213T,0.71256596392206
N213V,0.0205286274720397
N213W,-0.434328644412417
N213Y,-0.0946380794745919
G214A,1.25703282283244
G214C,0.150723872513811
G214D,-0.629661518768163
G214E,-0.94101054799782
G214F,1.31581886731065
G214H,0.0911864784854553
G214I,-0.466123060256302
G214K,-0.815393447722058
G214L,-0.576148449867033
G214M,-0.552885528914107
G214N,-0.541365529527309
G214P,6.26739671399091
G214Q,1.15912241679166
G214R,4.30602594179024
G214S,-1.29429060238065
G214T,0.993750045940542
G214V,3.18130608850478
G214W,-0.551404461682504
G214Y,-0.0697479811914115
G215A,1.39460515435092
G215C,-0.137854245567743
G215D,3.49888401434783
G215E,-0.142208941420577
G215F,1.08147290150971
G215H,-1.4025755960799
G215I,1.98392956833689
G215K,-0.0776441229221423
G215L,-0.406186639817982
G215M,-0.0494717637686678
G215N,-0.410670059714337
G215P,-0.0165258605542766
G215Q,-0.304846016044586
G215R,0.804008274910337
G215S,0.637364859857744
G215T,-1.55270633538043
G215V,0.166807403932914
G215W,1.23479067388577
G215Y,1.62420517355296
D216A,-0.127541438441326
D216C,1.38583693483892
D216E,0.829202859186043
D216F,0.173196242585537
D216G,-0.0545382663270788
D216H,-1.49829706184488
D216I,0.722792009583445
D216K,-0.517707350093184
D216L,-1.41117694709628
D216M,0.276602900021981
D216N,-0.424997727466601
D216P,-0.623177732690721
D216Q,0.284040528541
D216R,-0.422108715227273
D216S,0.59447593342598
D216T,1.6255884026101
D216V,0.514942812015168
D216W,0.764552148258479
D216Y,-1.22082499626989
A217C,0.0298923338730665
A217D,-0.784938302145096
A217E,0.738395988324129
A217F,1.35782339862004
A217G,-0.832357016679014
A217H,-0.947638097572117
A217I,0.636099233925104
A217K,0.969212553184584
A217L,0.146708743648108
A217M,2.32721417823019
A217N,0.644602672857184
A217Q,-0.332085274550692
A217R,0.750416444807435
A217S,3.34619933855949
A217T,-0.531268675153552
A217V,-0.56785556733596
A217W,0.564949582119702
A217Y,1.83128656147208
A218C,4.40160233098955
A218D,-0.0842187156663718
A218E,-0.0810540787632082
A218F,-1.04192636469071
A218G,-1.61528782077861
A218H,-0.0319299028321563
A218I,-0.430312539850203
A218K,-0.33129865780071
A218L,0.545200343956898
A218M,0.401017901271642
A218P,0.237561332714686
A218Q,12.4843922543432
A218R,-0.910654482769371
A218S,0.378394073789416
A218T,6.04402194330878
A218V,-0.912061734741242
A218W,1.08040085287587
A218Y,-1.2954428048826
L219A,-1.65193158165924
L219C,-0.519475740059316
L219D,0.254069650789952
L219E,-0.776418655907616
L219F,1.08104645486977
L219G,-1.24515957637464
L219H,-2.30831592910355
L219I,-1.73374671021979
L219K,0.71634590711852
L219M,-1.96324449553781
L219N,-0.760478086982378
L219P,-0.154025558428094
L219Q,0.288979256393773
L219R,0.200681232448252
L219T,-0.773720554869979
L219V,-0.457797874792721
L219W,-0.11964208087881
L219Y,-0.28839949788425
A220C,1.56733459166464
A220D,-0.998470430009485
A220E,-0.83254144198416
A220F,0.472582576402414
A220G,0.927571267910126
A220H,0.444537169986674
A220I,-0.629436056396246
A220K,0.619576133596048
A220M,2.47794468482145
A220N,0.270759215872609
A220P,-0.46154119248272
A220Q,0.776430294424788
A220R,0.994304544049646
A220S,-0.952584555722898
A220T,-0.521723862195718
A220V,-1.15061537027472
A220W,0.0678628455387099
A220Y,1.45096629626082
L221A,0.604186753284613
L221C,-0.684748341418788
L221D,-1.20878811875071
L221E,-0.0739829042252346
L221F,-1.62065269517304
L221G,-0.638263381853205
L221H,2.48250199265111
L221I,1.89095034642078
L221K,-0.996743037900739
L221M,0.517916219051278
L221N,-2.14651112235887
L221P,-1.5857199293148
L221Q,-1.0640507013181
L221R,0.0746670656583617
L221S,-0.973437467839235
L221T,-0.685307727250337
L221V,0.531948042361752
L221W,0.0413894099091855
L221Y,-0.26642430578897
L222A,-1.50291928190036
L222C,3.04614448592814
L222D,-0.718789041071884
L222E,1.37572995717937
L222F,0.986169581695503
L222G,0.883246614225916
L222H,-0.535077420079779
L222I,-0.31177164492931
L222K,-0.372929023665785
L222M,-0.477751935533886
L222N,-0.762297505378855
L222P,-1.14809193493636
L222Q,-1.01025115353272
L222R,0.548962394744127
L222S,0.600138441377499
L222T,-0.580004931592035
L222V,0.763381159609081
L222W,-0.860533256109524
L222Y,3.20168948868731
L223A,-1.16003647413971
L223C,0.236191057363197
L223D,-0.00641129372798363
L223E,-0.364124168357145
L223F,-0.717620333717208
L223G,-1.35105100511113
L223H,1.44715529207414
L223I,0.348177165943617
L223K,-0.26185194813639
L223M,2.51963059120647
L223N,-0.200201640446559
L223P,-1.11421618983397
L223Q,0.323117704181861
L223R,-0.586090320265337
L223S,-1.15487657930631
L223T,0.712804760654774
L223V,0.248897975094457
L223W,1.69872095869346
L223Y,2.24922060029317
L224A,1.56429467968919
L224C,0.442437459951214
L224D,-0.0747354212515764
L224E,1.0588692814884
L224F,5.91533900600361
L224G,-0.596288661874027
L224H,1.42809349262718
L224I,-0.902489056353141
L224K,-0.309955747376287
L224M,-0.146314865002029
L224N,-0.394719485440794
L224P,-0.722154865112924
L224Q,1.9504704576298
L224R,0.0195785296161211
L224S,-1.47351302756987
L224T,-0.592368857956613
L224V,0.891752906105141
L224W,5.30514550395234
L224Y,-1.43010645514116
D225A,-0.963499929571302
D225C,1.30301761847733
D225F,0.256734955920748
D225G,-0.191698943326353
D225H,-1.41858630785103
D225I,-0.101067639833584
D225K,-0.0216358794410663
D225L,1.19726365130643
D225M,-0.39216321965335
D225N,0.513069460228837
D225P,-0.423985634459317
D225Q,0.0417430746774066
D225R,0.283409538648517
D225S,-1.01652213352743
D225T,0.599667731969259
D225V,-1.18055773374221
D225W,-0.474525684312604
D225Y,-0.827373207283278
R226A,-0.509277343741135
R226C,-0.75527001194506
R226E,-0.97552981346506
R226F,2.23510114980482
R226G,0.62335946392046
R226H,-1.01325080725111
R226I,-0.138510998124151
R226K,-0.35159523901368
R226L,0.797353175241657
R226M,0.0769717231067523
R226N,-0.328283413857711
R226P,1.9518268313394
R226Q,1.42989290776847
R226S,-0.576630932745507
R226T,-0.519756420166789
R226V,-0.194276329750084
R226W,-0.935884369449808
R226Y,-0.614661283542772
L227A,0.163222398840193
L227C,0.575708781463192
L227D,10.0145973877612
L227E,-0.506667227355969
L227F,-0.495104207051907
L227G,0.988029319283385
L227H,0.0752490102479034
L227I,0.479286626102373
L227K,-0.278545975923592
L227M,-0.780399639240897
L227N,-0.989996259117152
L227P,0.0225310141532719
L227Q,-0.206802928642024
L227R,1.57326545525248
L227S,0.954316682160121
L227T,2.78049336185021
L227V,-0.330313883868621
L227W,-0.150079895457473
L227Y,-1.0682639744883
N228A,-0.694061455338197
N228C,-0.238449493776375
N228D,0.243532607655517
N228E,-0.597104032300967
N228F,-0.603808378492129
N228G,-0.185024634546174
N228H,1.1566644437001
N228I,1.12020178232338
N228K,-0.372455121201595
N228L,-0.411526404030269
N228M,1.94637116418493
N228P,0.16872249102562
N228Q,0.991112529691246
N228R,0.40482065190293
N228S,-0.0378236807512693
N228T,-0.200697344004502
N228V,2.34430844900995
N228W,0.771969288252823
N228Y,-0.608623369412459
Q229A,-0.147221194770939
Q229C,0.31885564929504
Q229D,0.732547349015319
Q229E,0.374637104080869
Q229F,-0.185442945335573
Q229G,0.0848960921544627
Q229H,-0.0666044727701406
Q229K,-0.313486678761122
Q229L,-0.835321526329508
Q229M,-0.113355814755451
Q229N,-0.796140294062421
Q229P,-0.31959698830819
Q229R,-1.07877441922702
Q229S,-0.338807149769528
Q229T,1.41649136576554
Q229V,0.190183278985391
Q229W,0.268253957950377
Q229Y,-0.656034473941228
L230A,3.99554786073474
L230C,-0.133661024823402
L230D,-0.00140336640361669
L230E,-0.645125255987307
L230F,0.670044001580441
L230G,-0.475972533344898
L230H,-0.512602238845554
L230I,-0.408447558937784
L230K,-0.525179790624585
L230M,-0.515868207456211
L230N,-1.33727749788075
L230Q,0.0499130001076308
L230R,0.491049938632667
L230S,-1.83951453391832
L230T,-0.749074818357919
L230V,-1.19002367263096
L230W,-0.645498423885628
L230Y,-0.0156631228267618
E231A,0.0246218860853227
E231C,-0.460295004821175
E231D,1.04209525530361
E231F,-0.23707633921662
E231G,0.00218663618768479
E231H,1.06626680572596
E231I,0.46802139743495
E231K,-0.890850767945861
E231L,0.0925618541328385
E231M,-1.10723119107285
E231N,-0.545934480283691
E231P,-0.433577432677425
E231Q,0.971347027325785
E231R,0.547737653121072
E231S,-1.52905351816374
E231T,-0.808400232035884
E231V,0.303437038322826
E231W,-0.638764366859553
E231Y,-0.844061852833273
S232A,-1.45421710983153
S232C,0.363302989426657
S232D,0.863745100858605
S232E,0.118325334245823
S232F,-0.2169409655916
S232G,2.7250926822119
S232H,0.122530271265063
S232K,-1.57165138160784
S232L,2.77637254785619
S232M,2.40283730533989
S232N,-1.03562509870849
S232P,-0.413478781593434
S232Q,-1.85845072599001
S232R,5.62641881146579
S232T,-1.35794336475657
S232V,3.98288061202727
S232W,0.855854578887574
S232Y,-0.843610443763692
K233A,-0.155967259366701
K233C,0.432904791892302
K233D,0.282763778198519
K233E,1.70235323387567
K233F,0.29386813219956
K233G,0.521167064188858
K233H,0.371411947990527
K233I,0.159885018830003
K233L,-0.0551949309470225
K233M,0.213889429720893
K233N,-1.79265773233635
K233P,2.63120506811668
K233Q,2.23471703977632
K233R,-0.473345496154016
K233S,4.71463224014456
K233T,-1.27326157069312
K233V,0.654993387607313
K233W,0.141094379038693
K233Y,-0.882515232756381
M234A,0.467369370053438
M234C,-0.404190122029775
M234D,0.96338361184647
M234E,-0.321774450351142
M234F,-0.705567720281034
M234G,4.69788879899304
M234H,3.51905443776776
M234I,-0.365875005635494
M234K,0.680259577154388
M234L,-0.0538684476013059
M234N,-0.590744083934314
M234P,-0.0677276431429008
M234Q,0.0385134537880321
M234R,0.0918316833470353
M234S,0.196584065580998
M234T,-0.671034834697479
M234V,0.472588275953638
M234W,0.234224173528204
M234Y,-0.0689518801334822
S235A,-0.850800276056515
S235C,-0.632643555893626
S235D,1.12953076983334
S235E,1.67811513262735
S235F,0.654213137486039
S235G,-0.511562721002535
S235H,-0.0992806760107285
S235K,0.331803637502583
S235L,0.909664664109537
S235M,0.954133060573226
S235N,0.358127913622614
S235P,1.24644389685538
S235Q,-0.252134887156595
S235R,4.94121420391895
S235T,0.0112630649295285
S235V,-0.821743389881296
S235W,-1.19047366182615
S235Y,-0.741235096630163
G236A,1.2159261546532
G236C,1.7534378659325
G236D,-0.619519482265731
G236E,-0.848234769533735
G236F,1.35435965342336
G236H,0.549901707132987
G236I,-1.05155140312039
G236K,1.02430002849858
G236L,-0.606404386242393
G236M,-0.482974718681271
G236N,-0.742385740181294
G236P,1.17771574538357
G236Q,4.2643440965354
G236R,0.680912495790597
G236S,-0.478317545355376
G236T,-0.402024823689607
G236V,-0.269811111006993
G236W,0.8823251993091
K237A,0.299797825966798
K237C,-0.59843910766416
K237D,0.419111379834127
K237E,-0.461662933540248
K237F,2.13238222153704
K237G,0.205298114591383
K237H,-0.525757112362127
K237I,1.30086387877601
K237L,-0.906051235820559
K237M,4.6029588216289
K237N,1.09832845364564
K237P,0.265382654288492
K237Q,-0.588838737836901
K237R,-2.06269733018331
K237S,0.408778096937083
K237T,-1.04034779684033
K237V,-0.860794061112371
K237W,-0.426671200889425
K237Y,-0.0816335528581545
G238A,0.444884170115744
G238C,0.431919254827814
G238D,1.97689988621625
G238E,-0.406862616272167
G238F,-0.172067834100655
G238H,3.3815559417515
G238I,-0.827254507387789
G238K,-0.139831070619962
G238L,0.583284116454222
G238M,1.82102898986485
G238N,0.000485094497695702
G238P,0.809815534741518
G238Q,-0.869042325210469
G238R,-0.369089319006016
G238S,-1.17859749597992
G238T,-1.34039379215357
G238V,-0.189876975901462
G238W,1.74270594351979
G238Y,-1.33471966182842
Q239A,1.19191774168448
Q239C,0.0968822446089981
Q239D,-1.17132307349794
Q239E,-0.671998004727215
Q239F,-0.356920317146352
Q239G,3.80981888282641
Q239H,0.0803643901675541
Q239I,0.434011576349068
Q239K,0.745634541638774
Q239L,-1.13344622000471
Q239M,0.898328351059365
Q239N,0.0421699213623763
Q239P,-0.876863150062603
Q239R,1.66319854792684
Q239S,-1.3183257261416
Q239T,0.140791553608005
Q239V,-1.04799074520484
Q239W,-1.15037164989973
Q239Y,0.745050610024927
Q240A,0.256169821026149
Q240C,0.681248570505616
Q240D,-0.962893944870968
Q240E,-0.152880175950915
Q240F,1.39010918196951
Q240G,0.930416610761936
Q240I,-1.96574258548149
Q240K,0.777776737649909
Q240L,-1.55464932663915
Q240M,-0.86397843224973
Q240N,-0.0529603966349646
Q240P,-0.78499793220868
Q240R,-0.6957462387996
Q240S,3.09593246545955
Q240T,0.138073402350619
Q240V,-0.771425808805399
Q240W,-0.421871589786272
Q240Y,0.0378510246408963
Q241A,-0.161407332982125
Q241C,0.577528492336412
Q241D,0.908361752074182
Q241E,0.312783473376314
Q241F,-0.789140065267935
Q241G,0.729336323991688
Q241H,2.1286677793451
Q241I,-0.623711083129697
Q241K,-0.311986123474051
Q241L,-0.195699584035825
Q241M,-0.281598862598916
Q241N,-0.00186959648997777
Q241P,1.47477012063883
Q241R,-0.97108092233988
Q241T,2.52971400907742
Q241V,3.06923532910839
Q241W,0.240112788313654
Q242A,-2.27375935963568
Q242C,-1.0786062620967
Q242D,-0.00500122471613857
Q242E,1.55619364821905
Q242F,-0.705771148255861
Q242G,-0.658488120651768
Q242H,0.287830283721081
Q242I,0.326499531743631
Q242K,0.924924799792494
Q242L,-0.552302534282215
Q242M,-1.37756684313376
Q242N,-1.22910389688466
Q242P,-0.201429794962242
Q242R,-0.250509843319214
Q242S,-0.403048715171344
Q242T,0.619215685994729
Q242V,-1.53933021257189
Q242W,0.606229211299681
Q242Y,-0.963111354046926
G243A,0.15672862988967
G243C,0.152840290049197
G243D,-0.889569371031952
G243E,-0.717349319382666
G243F,0.0604697767510694
G243H,-0.279537429147556
G243I,0.609515828653833
G243M,-0.358959321573538
G243N,2.08994395568827
G243P,-0.55988007038863
G243Q,1.33930685137856
G243R,-2.22761169986883
G243S,0.58127835111961
G243T,0.131497621988073
G243V,-0.571209402034918
G243W,0.627425836771047
G243Y,0.506208100301513
Q244A,-0.0779466005885534
Q244C,-1.43586221036209
Q244D,1.52156519922101
Q244E,-0.54047430641361
Q244F,-0.126391994928255
Q244G,0.963215911921581
Q244H,-0.0306805500702826
Q244I,0.18929567096481
Q244K,-0.592428192589408
Q244L,0.482865289504802
Q244M,0.570261177812244
Q244N,0.0289387197206534
Q244P,4.94412708525602
Q244R,4.13045988001718
Q244S,0.752653268002306
Q244T,-0.240742643759574
Q244V,-0.294494998316051
Q244W,-1.26732337130198
Q244Y,2.41332674999687
T245A,0.122984197164359
T245C,0.824276245567723
T245D,2.02972999814475
T245E,2.84182446942735
T245F,0.163122730708917
T245G,0.263818631867747
T245H,-1.51090550000565
T245I,-0.857664860695602
T245K,-1.30823025634858
T245L,0.0579113206419503
T245M,0.673856818552061
T245N,-0.46254222849059
T245P,1.15631851014977
T245Q,-0.150266034266228
T245R,-0.205508148841798
T245S,-0.694053174750302
T245V,0.528604904470146
T245W,-0.12778870618042
T245Y,2.66160419629817
V246A,-1.07148586293501
V246C,-0.368915652161663
V246D,1.27894838659287
V246E,-0.570002200168731
V246F,-1.71601250974229
V246G,-0.987224705018422
V246H,-0.628048732929541
V246I,0.696496420539921
V246K,-1.39122121679642
V246L,-0.660127027256186
V246M,-0.704625183574834
V246N,2.20445848520925
V246P,-0.00554385253263603
V246Q,1.75109961188268
V246R,0.233620979599966
V246S,-0.205951834347684
V246T,0.374692041199536
V246W,-0.858069457523858
V246Y,1.02386445498983
T247A,-1.16499139366011
T247C,1.76523804204105
T247D,-0.873900322376952
T247E,1.28749519339523
T247F,2.71391678596725
T247G,-0.0796311742859879
T247H,0.328850686468169
T247I,0.32382233802947
T247K,-1.66331108452984
T247L,0.514141627470045
T247M,1.16961800558542
T247N,-1.10437556827993
T247P,1.11498439809058
T247Q,-1.5284810632212
T247R,5.88630471236964
T247S,-0.651282307869682
T247V,-0.402767625095137
T247W,0.242264187204703
T247Y,0.11363490709057
K248A,0.940892391703975
K248C,-0.627752659958529
K248D,0.273202068801826
K248E,1.08128346872534
K248F,0.961162399622069
K248G,0.216377704695093
K248H,-0.513109987315248
K248I,-0.140894212480603
K248L,-0.23893529126946
K248M,0.918078645188263
K248N,1.09738859335907
K248P,2.5593788210834
K248Q,0.342754866338091
K248R,-1.08218369286853
K248S,0.695976533294863
K248T,0.639941096348679
K248V,-1.02451626228667
K248W,0.468654015698901
K248Y,-2.21409845305749
K249A,-0.614584372264636
K249C,0.226707581626193
K249D,-0.590037924202637
K249E,-0.186490982703346
K249F,-1.1111314638897
K249G,-0.581260851882161
K249H,-1.4128578558017
K249I,-0.0353112804940939
K249L,1.33354595428056
K249M,1.96604205447216
K249N,-1.35883969620099
K249P,-0.746507654685247
K249Q,1.74661938770956
K249R,0.761207296855963
K249S,0.647107693101373
K249T,0.854138907960806
K249V,3.62677538032069
K249W,0.141478647850002
K249Y,1.21532247952787
S250A,-0.995000993021024
S250C,0.511366137010059
S250D,-0.816195945364545
S250E,0.421797732869487
S250F,0.803491859306348
S250G,-0.588458478946069
S250H,-0.805608070973072
S250I,-0.778305813018069
S250K,1.45427352392891
S250L,0.00524449925630207
S250M,-0.00624472189009682
S250N,-0.563618329890499
S250P,-1.26415675857375
S250R,-0.0976340450014678
S250T,0.367857959721044
S250V,-1.71161270477829
S250W,2.04526641401661
S250Y,0.37459827480844
A251E,-0.966448154243284
E253F,-1.37696053115654
E253H,0.376246144264115
E253K,-1.36144415317087
E253L,1.46044380458811
E253P,-1.45257395811717
E253Q,1.30896375894337
E253R,-1.02283018749936
E253T,-0.0826109550397306
E253W,1.15483485703429
E253Y,-2.13913300014256
A254C,-0.29955475141001
A254D,-1.87934573040733
A254E,-0.999187958267545
A254F,0.491467265192156
A254G,0.40328053071369
A254I,-0.706705532878935
A254K,-0.553787343815678
A254L,0.81394641784363
A254M,0.453799160971415
A254P,0.491128055259494
A254R,-0.88876218897061
A254V,-0.99200483555679
A254W,-0.00607151322399172
S255A,-0.598559959555058
S255D,0.561722821423601
S255E,-1.25002809241944
S255F,0.216333784712285
S255G,4.11150763744208
S255Q,0.685399098429099
S255R,2.18557888818574
S255Y,-0.364713121063742
K256D,-0.247860292047732
K256E,-0.424797106359787
K256F,-0.312073629290856
K256I,0.286185145696531
K256L,-0.355781593608389
K256M,0.57137361266008
K256N,-0.811968950014699
K256P,-1.21601569295082
K256Q,-1.35924143186501
K256S,-0.830117990627584
K256V,-0.144359483439835
K256W,0.488291909188737
K257A,-0.961874029690684
K257C,-0.191655853727058
K257E,-0.616882526891782
K257F,-0.947528275041822
K257G,-0.317726128594578
K257H,-0.0512311949128377
K257I,0.174440331600903
K257L,-2.07322275235715
K257M,-0.29944881911382
K257N,0.797569159851152
K257P,-0.0749605479082717
K257R,-0.308566238943726
K257S,-0.19780271966112
K257T,-0.53813996796099
K257V,-0.43317980623809
K257W,0.118144600753227
P258A,1.03789305550348
P258C,0.619247823736377
P258D,0.227951107398154
P258E,-1.00371551827124
P258F,0.0583538547008257
P258G,0.149275092028993
P258H,0.892455796112203
P258I,0.633091007904247
P258K,-0.330498652992765
P258L,-0.924660180454946
P258N,-0.976978665226563
P258Q,0.933497768577534
P258R,0.349356529487842
P258S,-1.11918202631026
P258T,0.0309574252825193
P258V,-0.227727528581583
P258W,1.65683149804946
P258Y,0.770749746289361
R259C,-1.04499916973089
R259D,-0.617003992015408
R259E,0.202543010867552
R259F,0.093147927141223
R259G,-0.199206422800725
R259H,0.605474380868552
R259I,0.385451138662843
R259K,-0.245024581717217
R259L,-0.774561845306421
R259M,-0.0405182562945917
R259N,1.62203678233499
R259P,0.938662865723657
R259Q,1.15636329861611
R259S,-0.373306746932351
R259T,0.455637904249113
R259V,0.633469588958777
R259W,-0.495048829900015
R259Y,0.374670954668053
Q260C,1.00245936960971
Q260D,-2.44825568873308
Q260E,-0.873713189071388
Q260F,1.01175454186218
Q260G,0.813719310648545
Q260H,-1.69002865969361
Q260I,-1.13745585709639
Q260K,2.9754375231727
Q260L,2.00876162372031
Q260M,4.1834563666114
Q260N,1.54415573358443
Q260P,2.96985715069047
Q260R,1.14019450763088
Q260S,-0.0292264504668312
Q260T,1.46677588530607
Q260V,0.248848775911012
Q260W,-0.428278544466872
Q260Y,3.17146880356689
K261A,-0.940905505728495
K261C,-0.34892887740003
K261D,-0.903967821267872
K261E,-1.23966185286003
K261F,0.906598321079922
K261G,0.0427354735243224
K261H,0.12233948514633
K261I,-0.402217826967378
K261L,-0.0819674113621267
K261M,-0.904784245818864
K261N,-0.680441876394557
K261P,-0.904788341234574
K261Q,4.77216174734869
K261R,2.37045583238295
K261S,1.12616930728222
K261T,-0.939212997492027
K261V,-0.296100546318584
K261W,-0.202488302274023
K261Y,-0.345722707151717
R262A,-0.471250920591314
R262C,-0.609956751767013
R262D,1.12339431171969
R262E,-0.011333527815664
R262F,-0.665823186707075
R262G,-0.833960110455712
R262H,-0.0882289744441675
R262I,0.0975027921665013
R262K,-0.163440002445971
R262L,1.56763861509055
R262M,-1.05967806804847
R262N,-0.013421301763446
R262P,1.27325543026304
R262Q,-0.950689399851627
R262S,-0.108247274502274
R262T,1.06957546447126
R262V,-1.69047019248294
R262W,-0.578812345444537
R262Y,-1.54617896520981
T263A,-0.785082551030238
T263C,-1.17068530637093
T263D,-0.573680733886174
T263E,0.873775866675557
T263F,2.54342785360636
T263G,0.227031845970485
T263H,-0.270956537465548
T263I,0.313244678381822
T263K,0.34102190928983
T263L,-1.23956986719515
T263M,0.185845127988306
T263N,0.847025906740755
T263P,-1.71252555348466
T263Q,1.09665607324717
T263R,1.42463497074536
T263S,-0.220328234880607
T263V,6.18551758828224
T263W,0.645366670802343
T263Y,0.281759231223939
A264C,-0.309596864552353
A264D,-1.81559423461997
A264E,-0.168129108588242
A264F,-0.237023949269838
A264G,0.0869740075146553
A264H,-2.34647451168739
A264I,-1.53327180150713
A264K,-1.28354610280935
A264L,-0.809871970596464
A264M,-0.159232506456496
A264N,-0.476671157730947
A264P,-1.13380350033571
A264Q,-0.695155995316867
A264R,0.902890193277531
A264S,1.22940863082944
A264T,0.464142424931598
A264V,-0.513982538359923
A264W,0.00635110770136123
A264Y,0.542041767801924
T265A,-0.527991479694501
T265C,-0.47453227387394
T265D,3.10138250940907
T265E,-0.395158199518104
T265F,-0.407377832841047
T265G,1.42978090377064
T265H,0.355685242613941
T265I,0.172423082714446
T265K,0.531775316814617
T265L,4.75911879646474
T265M,0.534608557253056
T265N,-0.175828232672726
T265P,3.05125647889036
T265Q,-1.36363619090253
T265R,-0.131854502131924
T265S,0.901759654129414
T265V,-1.9908389129724
T265W,-1.01232469104969
T265Y,-0.0489468430637957
K266A,-0.71416987380082
K266C,3.18420614308959
K266D,0.393838180006916
K266E,-0.761736601790649
K266F,2.01533032601154
K266G,-0.0385272904785689
K266H,2.99284181505777
K266I,0.876443878560402
K266L,-0.815737648057973
K266M,-1.17561558151908
K266N,0.646070664337956
K266P,0.517852802960809
K266Q,-1.57045971444905
K266R,-0.222244452083807
K266S,-0.256351221899873
K266V,-1.78697817771392
K266W,0.0270160311381889
K266Y,-0.674575611688627
A267C,-2.48013655487698
A267D,-0.396043285346714
A267E,0.742124625525497
A267F,-0.720900094237214
A267G,-1.0397460106375
A267H,-0.185926195185929
A267I,0.498029500460664
A267K,0.0795235646265004
A267L,-1.16204583285847
A267M,-0.0193837803055446
A267N,0.915789836093998
A267P,0.545815030842967
A267Q,0.940206425879626
A267R,1.35922817139048
A267S,-0.573562971461247
A267T,0.122860986416942
A267V,-1.27932868320725
A267W,1.40632775371757
A267Y,-0.403176379517338
Y268A,0.170763678927183
Y268C,-1.25176028987414
Y268E,-0.122789462799776
Y268F,-0.502484371276231
Y268G,-1.19257085177066
Y268H,1.28946177342945
Y268I,0.0992240243352179
Y268K,0.801517691845159
Y268L,0.0742510906005152
Y268M,1.40431134638699
Y268N,-0.189902761455763
Y268P,-0.791447793825139
Y268Q,0.0551265398718695
Y268R,0.0962370189516175
Y268S,-1.60547743891856
Y268T,-0.154682180402516
Y268V,-1.67101122854561
Y268W,-1.35281617944489
N269A,-0.165120988331019
N269C,1.48467095304396
N269D,-0.0333048541884561
N269E,0.449063897034687
N269F,-0.811592387393281
N269G,0.125197847541298
N269H,-0.139183577086754
N269I,0.423542151019916
N269K,0.183896848312617
N269L,-1.29757656327617
N269M,0.70155411900089
N269P,-0.263363859649425
N269Q,0.623192150836836
N269R,-0.338246495318513
N269S,-0.829493502354914
N269T,0.703523264200598
N269V,-0.717724142024594
N269W,-1.56837894557735
N269Y,-0.560305841797459
V270A,-0.0450284283127006
V270C,-0.973972684721209
V270D,-0.178746505812792
V270E,-0.395481216671255
V270F,-0.352061545150185
V270G,-0.497379328715476
V270H,-0.654983415095146
V270I,-0.732554596833003
V270K,3.69769827545631
V270L,-0.433516485668952
V270M,-0.454320351634262
V270Q,4.15291638912536
V270R,1.53523368167446
V270T,0.388914659885482
V270W,2.35019188529797
V270Y,-2.07322275235715
T271A,0.734188826253489
T271C,-0.164310775373572
T271D,-0.289144920094611
T271E,0.427999989437031
T271F,-0.656384570675291
T271G,-0.204529421929503
T271H,-0.0682118149299799
T271I,2.22745228817838
T271K,-1.64203646500959
T271L,-0.0243368992484883
T271M,-0.437449578446091
T271N,1.12111513034937
T271P,-1.11706886498984
T271Q,-0.295083784969201
T271R,1.34377897574807
T271S,2.18854562643248
T271V,0.0442140891155709
T271W,-0.0139268212649783
T271Y,0.388744653701663
Q272A,0.232586855835012
Q272C,2.52742376009937
Q272D,-0.208826327567516
Q272E,1.39992021630362
Q272F,0.549058017194123
Q272G,0.440629344861322
Q272H,-0.558272112484457
Q272I,-1.99337899378418
Q272K,-1.04916350301121
Q272L,0.102334889003887
Q272M,-0.346259462326963
Q272N,-1.11941624261064
Q272P,0.33058651773269
Q272R,0.961461858686027
Q272S,0.445434622319064
Q272T,-1.09209167543567
Q272V,-1.65129335398781
Q272W,1.37193865991857
Q272Y,0.290360828514698
A273C,-1.18690444154637
A273D,-0.612867039844901
A273E,-0.633991540700623
A273F,-1.01705294627932
A273G,3.74148086326374
A273H,0.296584631618112
A273I,-0.513027001577322
A273K,-1.37842273382824
A273L,1.14215658884838
A273M,-0.104287032810565
A273N,-0.580603486115219
A273P,-1.01705294627932
A273Q,-0.831220067209364
A273R,0.503265711114096
A273S,0.505745704021157
A273T,-2.3989993377631
A273V,0.479079299178892
A273W,2.04045220677202
A273Y,0.127266913686685
F274A,0.830306107956426
F274D,-0.520973806603016
F274E,-1.17388299476071
F274G,-0.978741804145431
F274H,-0.0217170978587718
F274I,0.933038638134348
F274K,1.61149895459436
F274L,-0.828703778266651
F274M,1.71312412706306
F274N,-0.614294444531894
F274P,-1.47753932454249
F274Q,1.89211090421499
F274R,0.650550687514533
F274S,3.86268956581398
F274T,-1.2398571772429
F274V,0.847004712594793
F274W,0.144363819173912
F274Y,-0.574747643535821
G275A,-0.709462010873056
G275C,1.12993320555718
G275E,-0.321487454270672
G275F,-1.22110316032047
G275H,-0.0377507909744648
G275I,-0.505352458421272
G275K,0.243071470982553
G275L,0.504113049866503
G275M,1.61140325520959
G275N,-0.0154539120817324
G275P,-1.11751385398128
G275R,-0.944219706123468
G275S,0.684347974197481
G275T,-0.632934777741563
G275V,-1.30622699047802
G275W,-0.588497550031543
G275Y,-0.502260207828808
R276A,-0.155714983749165
R276C,-0.712879557904259
R276E,5.18176042951693
R276F,-0.300043678407547
R276G,1.77596745619183
R276H,1.90281362043933
R276I,3.75055218086854
R276K,-0.689592446685565
R276L,-1.21633497533357
R276M,3.99956870765459
R276N,-1.26662397803566
R276P,1.01151199419748
R276Q,-0.0830931411314956
R276S,-1.43544835939913
R276T,1.79749373741674
R276V,-0.0460568468638543
R276W,-0.0466423503722307
R276Y,-1.02061361202016
R277A,1.3068017635474
R277C,0.622753160689442
R277D,-0.921041979274054
R277E,0.838608892377298
R277F,-0.0635953204816105
R277I,3.34222751724371
R277K,-0.278869509687378
R277L,0.116685436718319
R277M,12.4843922543432
R277N,-0.338246495318513
R277P,-2.13913300014256
R277Q,-0.604054324984147
R277S,-0.551764292813305
R277T,0.350920480175383
R277V,-1.34737622464051
R277W,-1.29061442328796
R277Y,-1.80299450986503
G278A,-0.759164061039035
G278C,-0.663015610436709
G278E,-0.873849760725996
G278F,0.103791184802097
G278H,-0.70235203432662
G278I,1.24916611846876
G278K,-0.873010505788665
G278L,0.822980653650002
G278M,-1.29378414851016
G278N,0.475820533405243
G278P,1.23102631537629
G278Q,1.65226228951272
G278R,2.11352081965346
G278S,0.436342360585942
G278T,-0.213643164695052
G278V,0.237800405565994
G278W,-0.234295127561312
G278Y,12.4843922543432
P279A,4.42977652410549
P279C,1.5289821978453
P279D,1.40932847786953
P279E,-0.655578896699532
P279F,-0.894211003314222
P279G,0.216846450758404
P279H,-0.114444106121687
P279I,-0.728184119977216
P279K,-0.116193901937007
P279L,-1.80418593135645
P279M,-0.546645189116605
P279N,0.391636614628402
P279Q,0.215421901773159
P279R,-0.0775998304712575
P279S,-0.130210444535578
P279T,-0.474828545095318
P279V,1.05613626804374
P279W,1.82937886034049
P279Y,-1.05256858130523
E280A,-0.287390918513774
E280C,-0.413530679657685
E280D,-0.894759716167626
E280F,0.37723499319454
E280G,-0.592395421224627
E280H,0.701489276234307
E280I,0.279082059504576
E280K,0.833951962099538
E280L,-0.141434836875122
E280M,-0.282080308374637
E280N,2.20349123015888
E280P,-1.3344651974963
E280Q,-1.1493667457781
E280R,0.301449828093289
E280S,0.387202545209347
E280T,0.545935544000899
E280V,-0.643968561619142
E280W,-0.530145264961686
E280Y,5.98272843566114
Q281A,-0.277302849056979
Q281C,2.34524953492085
Q281D,0.731216795791459
Q281E,-0.879563474888389
Q281F,1.80620595937352
Q281G,-0.586816132994018
Q281H,-2.08638832974321
Q281I,-1.21872756763303
Q281K,1.25785779088737
Q281L,-0.286444149212931
Q281M,0.141755446108546
Q281N,3.45669560608146
Q281P,3.23265427515211
Q281R,-1.3463399987371
Q281S,0.660559910406389
Q281T,-0.215666663857865
Q281V,0.321712931148774
Q281Y,0.395447433250326
T282A,-0.140839558548127
T282C,-0.121744202903615
T282D,-1.45238875098715
T282E,0.151600663718353
T282F,2.1757658227218
T282G,-0.633476897034421
T282H,-0.98391085487832
T282I,-0.767486544902222
T282K,-0.278919005532929
T282L,-0.353199726974751
T282M,-0.525664244666561
T282N,1.25988308162202
T282P,0.372857047463955
T282Q,-1.30600497456373
T282R,-0.722198803916127
T282S,-0.0321629083977972
T282V,-1.09705175095671
T282W,2.12690929325809
T282Y,6.16822122316991
Q283A,0.749294405830256
Q283C,0.440884404035104
Q283D,-0.121369216163514
Q283E,3.44473691437333
Q283F,-0.711127626332324
Q283H,-0.717069839548241
Q283I,0.91104259328527
Q283K,-0.583318039982145
Q283L,0.554695191902807
Q283M,0.0528039161174454
Q283N,-0.084211922064044
Q283P,3.56115471407769
Q283R,0.116647166799509
Q283S,0.683304905493842
Q283T,1.40724621872105
Q283V,-1.49631451774575
Q283W,0.105486864150989
Q283Y,0.958700764394104
G284A,2.07317493877954
G284C,-0.80654255179332
G284D,0.19713545780466
G284E,-0.487745401516637
G284F,2.77653014235172
G284I,-0.35144241864207
G284K,0.424614039275167
G284L,1.38429980452892
G284M,-1.3924393447919
G284N,0.0927345014455053
G284P,1.60845394989628
G284Q,-0.911411618273837
G284R,4.18992381173633
G284S,1.34487416655417
G284T,-1.20412262492759
G284V,0.763278360489893
G284W,-1.13371573662497
G284Y,0.722915650795036
N285A,0.108863278953342
N285D,-0.0532022582341577
N285E,-0.50530782649038
N285F,-1.18136771173766
N285G,-1.17939777772683
N285H,0.421533791827777
N285I,-0.998446617940516
N285K,-0.106782248710848
N285L,-0.587789343193264
N285M,-0.765369018526455
N285P,1.66726127377831
N285Q,2.21070416705353
N285R,-0.476491899417365
N285S,5.83603030834651
N285T,3.61983979548276
N285W,0.615166761649131
N285Y,-0.184872901524606
F286C,0.0319521658421887
F286D,-0.0562972853329316
F286E,2.60214610482622
F286G,-0.672689832884932
F286H,0.360274502044123
F286I,1.34013660797953
F286K,-1.10865589670145
F286L,5.92635979243409
F286M,-2.28121297950626
F286N,-1.54933899541952
F286P,-0.235217150478723
F286Q,-0.80654255179332
F286R,-1.27368317077205
F286S,-0.583134419221163
F286T,1.12754530802305
F286V,-1.27179904563149
F286W,-0.739995750971359
F286Y,3.74865128023257
G287A,2.47427450238256
G287C,-1.30592820056295
G287D,2.45945620547993
G287E,0.0135332601112836
G287F,1.06080639053495
G287H,-0.793497457844602
G287I,-0.552708873346792
G287K,-0.710049687251908
G287L,1.92464665622428
G287M,-0.0607729739102424
G287P,2.0179285444597
G287Q,0.311330351542875
G287R,-0.886876630800556
G287S,6.3586828796385
G287T,0.71616451972433
G287V,7.01685128144493
G287Y,0.69907028437762
D288A,-0.48979222911566
D288C,0.432430135627558
D288E,-0.634141380241452
D288F,0.57778970403817
D288G,0.0621557822322745
D288H,-1.11786524428733
D288I,-0.469449849213239
D288K,-0.506360715529585
D288L,0.104698269009999
D288M,-0.618198337288247
D288N,-0.0990206242090546
D288Q,-1.76332551771774
D288R,1.35119868797358
D288S,0.51668051776571
D288T,-0.795141595400588
D288V,-1.04705033596047
D288W,-0.143803272607017
D288Y,-1.34443347726431
Q289A,1.19319139485092
Q289C,-0.730708808974039
Q289D,0.831220454492911
Q289E,0.329053925658033
Q289F,0.75047666210575
Q289G,-0.600208285226596
Q289H,-1.2753446325628
Q289I,0.760760639953085
Q289K,-1.54974761022059
Q289L,-1.38613596122674
Q289M,-0.501315266420813
Q289N,2.15777679004822
Q289R,-0.382479730551318
Q289S,-0.289161139547555
Q289T,-0.202439918564983
Q289V,-1.52990049414619
Q289W,3.11514568811257
Q289Y,-0.542083390404599
E290A,-0.517246943621128
E290D,1.05748911926116
E290F,3.35248216088115
E290G,-2.32754250649751
E290H,-0.478386280755941
E290I,-0.71667209695126
E290K,-0.933502457422289
E290L,-0.964024407516114
E290M,0.205237098739822
E290N,-0.601215190240938
E290P,8.34876542226199
E290Q,-0.682439446958979
E290R,4.34719743549981
E290S,-0.426460626609306
E290T,-0.39181881858148
E290V,-0.375536455862601
E290W,0.502303495228009
E290Y,0.528080087315739
L291A,2.28756753513271
L291C,0.210468206118174
L291D,1.59506407893124
L291F,0.265029951957003
L291G,-0.543247977873082
L291H,-0.12399350888227
L291I,-0.950867685470102
L291K,-0.255326693346865
L291M,-0.414982859782534
L291N,3.28303741100236
L291P,-1.56404026637985
L291R,2.69981097214105
L291S,0.145757162482745
L291T,-0.365628750060516
L291V,7.14827755965293
L291W,0.090856814021137
L291Y,-0.573114486459256
I292A,-0.908073838093429
I292C,-0.92806826253069
I292D,0.908136024092015
I292E,5.93757673307085
I292F,-0.701460306245388
I292H,-0.631318848409702
I292K,5.49746150528521
I292L,-0.576405195163264
I292M,1.10180250115326
I292N,-0.473289984332342
I292P,1.52094534245494
I292Q,1.30751391553776
I292R,-0.956724812773932
I292S,1.61440089529212
I292T,-2.33342706511983
I292V,-0.583115265611108
I292W,-1.55076907038556
I292Y,4.28707584408648
R293A,-1.34915395215241
R293C,0.551858222923475
R293D,-0.147602959750095
R293F,-0.309747503325824
R293H,-0.570969871314753
R293I,-0.189843072464538
R293K,0.657247091905013
R293L,-1.61895466426608
R293M,-0.0720788927194014
R293N,-0.685921245930685
R293P,-0.80654255179332
R293Q,-0.453760008434825
R293S,-1.39718735774145
R293T,-0.071327192333143
R293V,-1.38444995784781
R293W,-0.573455162652552
R293Y,-1.51647642674774
Q294A,0.0713095871919778
Q294C,-2.05666068157803
Q294D,0.598009095109927
Q294E,0.411575016324408
Q294F,0.346932231926895
Q294G,-0.0427069684013335
Q294H,-1.39608232156242
Q294I,-0.513882135915084
Q294K,-0.191278190778128
Q294L,0.551428976809664
Q294M,-1.47367081949194
Q294N,0.135539157123742
Q294P,-0.325124002094753
Q294R,0.0484411366774391
Q294S,2.00424317920761
Q294T,0.143964488628308
Q294V,-0.406671563726753
Q294W,-0.71225167262083
Q294Y,1.59986643374518
G295A,-0.068376453087183
G295C,-0.168566528784978
G295D,0.106643994220997
G295E,0.10910711862498
G295F,-0.581237479362897
G295H,-0.151698602811763
G295I,-1.30242941205462
G295K,-0.663587575429274
G295L,-0.265573487448595
G295M,-0.463263261491752
G295N,-0.917677444270764
G295Q,3.92519035524069
G295R,-0.907648883398087
G295S,-1.38425739507119
G295T,0.246844224485747
G295V,-0.359010791979378
G295W,0.710912034748387
G295Y,0.0582503618692203
T296A,-1.23838030215976
T296C,-0.545836354249423
T296D,2.81093090020336
T296E,-0.0910691795844553
T296F,-0.443616176515591
T296G,0.386652511594553
T296H,-1.36314929856261
T296I,2.23934620047883
T296K,0.609353558242112
T296L,-0.10722327036765
T296M,-0.41509274592471
T296N,-0.442577102999054
T296P,0.697461233568152
T296Q,2.09217708622344
T296R,-0.400272769905154
T296S,-1.34798203463095
T296W,0.509144056332362
T296Y,0.416395445107781
D297A,0.00328231706926857
D297C,-1.11926011125296
D297E,0.391174119067465
D297F,0.0574634399491177
D297G,-0.358267914623322
D297H,-0.735379207563827
D297I,-0.0145984117939996
D297K,-0.108092354643074
D297L,1.12900163976752
D297M,1.65172013509554
D297N,0.399256126779927
D297P,-0.694390845155383
D297Q,0.108508018269528
D297R,1.77861516538589
D297S,-0.359355081954989
D297T,-0.0953047253306085
D297V,3.41225291239529
D297W,0.0100792467832579
D297Y,-0.501243134149999
Y298A,-0.0942282236997639
Y298D,1.81056050882838
Y298E,-0.74482324610947
Y298F,0.4812107032555
Y298G,-0.678951775654493
Y298H,0.194970197507406
Y298I,-1.32675175732614
Y298K,-0.716116008785876
Y298L,12.4843922543432
Y298M,0.188601562925347
Y298N,-1.67828640590591
Y298Q,-1.23035977449166
Y298R,0.259274769389584
Y298S,9.46201372469308
Y298W,-0.741039749655847
K299A,-0.107074812609997
K299C,3.78041227700736
K299D,-1.33985755147342
K299E,-0.813845130650823
K299F,-0.745996449028605
K299G,-0.972790430820998
K299H,-0.686371532277666
K299I,-0.718034602093969
K299L,-0.0841946374062464
K299M,-0.168613222199853
K299N,-0.916940310194748
K299P,0.24567447810015
K299Q,-1.21009166980307
K299R,-0.310952800410867
K299S,-0.111541939284789
K299T,0.325064270111489
K299V,-1.11971610298295
K299W,-0.416082183535352
K299Y,-0.485072213445995
H300A,-0.303316237138534
H300C,-0.966673768229867
H300D,1.05659909943791
H300E,-0.927626664805943
H300F,-0.78412223801358
H300G,-0.514529925250311
H300I,-0.755710710855609
H300K,3.05387791674222
H300L,-0.123458407546257
H300M,-0.587650453415044
H300N,-0.381411490145167
H300P,0.546610323743911
H300Q,0.889205216059006
H300R,-1.03899150370046
H300S,-0.784402238820209
H300T,-0.135639070325638
H300V,-0.34160559536832
H300W,1.21620571700263
H300Y,-0.0582508475912944
W301A,0.519324040373875
W301C,-0.667771988600782
W301D,-0.00607151322399172
W301E,-0.187627278006427
W301F,-0.754325230604729
W301G,2.96171859141212
W301H,-0.63601876051765
W301I,0.713323967824634
W301K,-0.559220035558817
W301L,4.45647817911511
W301M,1.03505791590489
W301N,-0.5737006235869
W301P,-1.17020418826914
W301Q,1.52568918142291
W301R,7.3135546177383
W301T,-0.599509508700074
W301Y,0.0355944697291574
P302A,-0.136089764050358
P302C,0.867330125422666
P302D,-0.386295499052925
P302E,-0.69835607960059
P302F,-0.943007085605735
P302G,1.44963177691488
P302H,-0.511816470981876
P302I,-0.506059832307623
P302K,-0.697047411203178
P302L,-0.55084266748071
P302M,-0.503721079474714
P302N,-0.744235761931753
P302Q,0.465053798571534
P302R,1.18402180748039
P302S,3.43760127499672
P302T,1.09231259448821
P302V,-0.930353938109487
P302W,-0.127767043236954
P302Y,-0.411073579428385
Q303A,0.709065791821709
Q303C,-0.0823551035687134
Q303D,-0.659061887746274
Q303E,0.00501956877460576
Q303F,-0.783782328852007
Q303G,-0.112050580431576
Q303H,-0.529232581112402
Q303I,0.726728352649384
Q303K,1.19071119704363
Q303L,1.10026320922771
Q303M,2.20075840736625
Q303N,-0.336215977617002
Q303P,-0.665255679215877
Q303R,0.167962383219657
Q303S,-0.633274869844592
Q303T,1.8484716574691
Q303V,0.57837802961484
Q303W,-0.0636760728253044
Q303Y,-0.179724396704889
I304A,-1.36774547234301
I304C,-0.89652173100363
I304D,4.16733836382614
I304E,1.26447190487394
I304F,0.00899181363923304
I304G,3.333515937269
I304H,0.283936516806677
I304K,0.201078188479006
I304L,0.638834913404965
I304M,-0.191047631601576
I304N,-1.64991982340854
I304P,-0.7013814647595
I304Q,-0.16379797255284
I304R,0.466358784318317
I304S,0.106974031126923
I304T,-0.00266951599056709
I304V,1.62139037277091
I304W,1.53843932963958
I304Y,-0.784166675961759
A305C,0.708618283389012
A305D,-0.92117454780559
A305E,-0.0428381075649777
A305F,-0.0955092926746078
A305H,-1.13033524983795
A305K,-0.197740690404027
A305L,-1.04941899111426
A305M,-0.333509616409502
A305N,0.108418528116592
A305P,-0.148448505698523
A305Q,-0.336835919671273
A305R,1.00196035977846
A305S,0.282924857415804
A305T,-0.467149097633674
A305V,-1.20898668310998
A305W,-0.274484174528499
A305Y,-0.968906179401891
Q306A,-0.134085849469056
Q306C,0.664955812371504
Q306D,-0.293017893625573
Q306E,-0.203144680048095
Q306F,-0.221950051155343
Q306G,-0.435631120011301
Q306H,0.0768477083868663
Q306I,0.156010799122322
Q306K,-0.250250931590903
Q306L,2.03688396002635
Q306M,-0.079969090273344
Q306N,0.183128871703352
Q306P,-0.340219971771066
Q306R,0.962032162203001
Q306S,0.216589099038671
Q306T,-1.29959394678691
Q306V,1.01206808989129
Q306W,-0.939246059706489
Q306Y,-2.27051532708676
F307A,-0.780137263224187
F307C,0.179594279618873
F307D,0.986518841387979
F307E,-0.0522336595286011
F307G,-2.2964782250186
F307H,-0.594143788009929
F307I,-0.939004643442405
F307K,1.72212727697402
F307L,4.40941559960588
F307M,-0.681458733153727
F307N,2.91673192062447
F307P,0.586607599336075
F307Q,-0.680409731430896
F307R,1.02718378389146
F307T,-0.705716397608898
F307V,-1.2054513693096
F307W,0.898613442576288
F307Y,-0.25939751903406
A308C,0.978440261746884
A308D,-0.573327883833504
A308F,-1.80125229064328
A308G,-1.9942391874551
A308H,-0.861500880394708
A308I,0.726648150374265
A308K,-0.0482506132304222
A308L,1.39641006630569
A308M,0.35307810117342
A308N,-0.45302297225655
A308P,0.0696923650412015
A308Q,-0.53838203424418
A308R,-0.338246495318513
A308S,2.22045433605787
A308T,0.278872601962796
A308V,0.192885625137296
A308W,1.85486147296035
A308Y,-1.79237394720806
P309A,-0.446984849928203
P309C,-1.27618006624563
P309D,-0.579715627655345
P309E,-1.06345521300594
P309F,-0.953017330106948
P309G,-0.777250186814148
P309I,-0.544734124421026
P309K,-0.00889525677575847
P309L,-0.623393784755323
P309M,-1.08242918939279
P309N,0.0169533007810467
P309R,6.68989411693157
P309S,-0.741661798929119
P309T,-1.1267232747555
P309V,1.62638407065811
P309Y,1.40238097515634
S310A,6.34059367183276
S310C,0.449631761342775
S310E,-0.505569958002016
S310G,-0.279094745735936
S310H,-0.556622296180206
S310I,-0.616603123363021
S310K,5.56795432014769
S310L,-0.679752829275553
S310M,-0.648342503787122
S310N,3.5768364952619
S310P,-1.15080953362708
S310Q,1.65705645315436
S310T,0.230548941053332
S310V,-0.269342167552505
S310W,1.92504349883782
A311C,0.681740230852089
A311D,-0.245906213940622
A311E,-0.142512804315422
A311F,-0.58226430142153
A311G,1.31812250193146
A311H,-0.888643040923442
A311I,-0.703556157220111
A311K,-0.565662900086264
A311L,-0.689736619962668
A311M,-0.376501250108049
A311N,0.332779229016012
A311P,0.19885012049977
A311Q,-0.604012125677486
A311R,-0.23783162836825
A311S,-0.468699299556324
A311T,0.767653516998297
A311V,-1.4597050626629
A311W,3.73603136574868
A311Y,1.1017956003967
S312A,-0.710049687251908
S312C,-1.26981594850698
S312D,-1.37494302931612
S312F,-0.956332124737487
S312G,0.0136682114999733
S312H,-0.0619412935917334
S312K,-0.0176555236217292
S312L,-0.427474558789621
S312M,-1.38129023919745
S312P,2.14264083263626
S312Q,1.10371992935905
S312R,-0.47632574496632
S312T,-1.28313183568726
S312Y,-1.4059582477667
A313C,-1.23871988001613
A313D,2.44910362949267
A313E,-0.616199453941108
A313F,-1.1648741740068
A313G,-0.00334009509606205
A313H,2.86933959669115
A313I,-0.726230777746211
A313K,0.159412064856053
A313L,1.907507825138
A313M,-0.592833229145883
A313N,-1.25119088896777
A313P,1.73119287144037
A313Q,-0.721258733479887
A313S,2.01183760646
A313V,1.78692009362927
A313W,-2.08677916350516
A313Y,-1.59181472855321
F314A,0.733276727160182
F314C,3.48303738593268
F314D,0.13258088280453
F314E,-0.374087539052996
F314G,-0.807695634125126
F314H,1.75117572264909
F314I,-0.45616590014575
F314K,-0.52442300842951
F314L,0.0153822703296414
F314M,2.42567201411797
F314N,1.57891264633748
F314P,2.5700887661499
F314Q,0.0234983474231406
F314S,-1.01368979678247
F314V,-0.29909410496077
F314W,1.11558402256896
F314Y,1.990100434215
F315A,-0.148448505698523
F315C,-0.470209264177017
F315D,-0.56406339360367
F315E,-0.104347813426934
F315H,-1.47885671448461
F315I,0.31968067352576
F315K,-0.516056964059868
F315L,0.998271702245632
F315M,2.63442511905755
F315N,-0.443897782913272
F315P,-0.980056181865805
F315Q,-0.769006946668538
F315R,-0.603293813837305
F315S,4.16248670165306
F315T,0.957495220636667
F315V,-1.03588324598119
F315W,0.569383320999934
F315Y,-2.20263556308632
G316A,1.40515488491119
G316D,-0.209777898117697
G316F,1.29323889107573
G316H,0.144334362278801
G316I,-1.08382015694244
G316K,-1.25719890409405
G316L,-0.814439051505938
G316M,-0.609492340666177
G316N,-0.68586426223458
G316P,4.01133729425427
G316Q,0.129887838507107
G316R,-1.93009766240475
G316S,-0.839296583330282
G316T,-1.11949300968659
G316V,1.0344368394002
G316W,-0.828917408919282
G316Y,0.404607684227961
M317A,-0.937326449705303
M317C,-0.459301940255845
M317D,-0.263492065157749
M317E,-0.222637939004544
M317F,0.53261416064427
M317G,1.16044094797861
M317H,1.34193231934817
M317I,0.595725888756281
M317K,-2.01568592602484
M317L,0.388182779431905
M317N,-2.32754250649751
M317P,-0.651336495580065
M317Q,-0.484490327232253
M317S,-0.589231221603084
M317T,0.479981783934481
M317V,2.15048852567255
M317Y,2.70344537595689
S318A,1.01502315917509
S318C,0.499250093514304
S318D,-0.0176555236217292
S318E,-1.59999306987589
S318F,-0.0537307722894965
S318G,-0.154993895545988
S318H,0.212566874977479
S318I,-1.22266872822541
S318K,-0.288350798834609
S318M,1.06710372682946
S318N,-0.046389747402595
S318P,-2.2187083630045
S318Q,-2.2187083630045
S318R,-1.47140030370028
S318T,1.71038354967836
S318V,1.9282537747185
S318W,0.0652122371627204
S318Y,1.97852919203029
R319A,-0.518375245100853
R319C,1.62159762013991
R319D,-0.773815949680297
R319E,1.82976340840244
R319F,-1.77230150367087
R319G,-1.42680342664547
R319H,2.10646490160277
R319I,-0.946962584465205
R319K,-0.68241483160966
R319M,-0.412938283448851
R319N,0.363066469209911
R319P,0.973605662451114
R319Q,-0.20077991317627
R319S,1.24400064246698
R319T,-0.277702503523546
R319V,1.09807905835188
R319W,2.0550463624571
R319Y,-1.35195258229516
I320C,1.28604466617665
I320D,2.26010751968331
I320E,-0.997783121245973
I320F,1.65350628036929
I320G,-1.19036364935516
I320K,-0.235217150478723
I320L,-1.16329923961128
I320M,1.81363130906589
I320N,-0.270171197046922
I320P,-2.41420607572944
I320Q,1.23722894296901
I320R,-0.715493221293309
I320S,1.45813694505078
I320T,-0.926106276008463
I320V,-0.833682572537763
I320W,-0.349643652514783
I320Y,-1.62218713385734
G321A,0.373343748189677
G321C,0.577781495872636
G321D,1.1859204515059
G321E,-0.203087469832709
G321F,-0.0455833093072939
G321I,1.70572034549312
G321K,0.55591457195878
G321L,0.967774069970379
G321M,-0.074633142861514
G321N,-0.789039454238367
G321R,-0.794282256203677
G321S,-1.08540621391491
G321T,0.905048949307231
G321V,-1.043111682799
G321W,0.22681581037285
M322A,-0.7859237115353
M322C,-1.05138619969608
M322E,-0.671976094912233
M322F,-0.600547893427975
M322G,-0.18632311542326
M322H,0.74393925016446
M322I,0.0503879364495868
M322K,-0.355949442250842
M322L,-0.530347143056313
M322N,-0.160665169915966
M322P,-1.28846329660834
M322Q,-0.435996337021856
M322R,5.22338438676337
M322S,0.0596129799871514
M322T,0.0451216878874634
M322V,-0.0621428767915449
M322W,-0.764861856562984
M322Y,-0.00622117775696117
E323A,-0.928624965376412
E323C,-0.0301459919947679
E323D,3.92592735175369
E323F,1.05114421659233
E323G,0.514294819614521
E323H,-1.56238438304113
E323I,1.28689526817075
E323K,-0.824372706698077
E323L,-1.39637127559164
E323M,-0.67858922642996
E323N,-0.342022424671946
E323P,-1.14092070177328
E323Q,0.172880468806919
E323R,-1.27491818173512
E323S,0.246351164732346
E323T,-0.766294320431346
E323V,-0.34941641510271
E323W,-0.492949857538919
E323Y,-0.202527880016367
V324A,-1.84683428294222
V324C,-0.225638440494088
V324D,0.2318290855802
V324E,0.560048606953424
V324F,-1.28546007741967
V324G,0.605991312097333
V324I,-0.804818806891358
V324K,-0.872679941504825
V324L,0.787081252089644
V324N,1.3804844893061
V324P,2.84049693841629
V324Q,0.212486354936545
V324R,-0.022331306059903
V324S,-0.155784826244353
V324T,-0.321991215291566
V324W,-0.677958183284055
V324Y,-0.589537961161414
T325A,-0.922120570516795
T325C,0.0195383941138818
T325D,1.37748534178075
T325E,-0.307892277447125
T325F,3.73910947721412
T325G,-0.0932478157683299
T325H,1.22435948537868
T325I,4.45612906615497
T325K,-0.00429372216912709
T325L,0.963674312104767
T325M,-1.95557549228471
T325N,-0.0934568466591043
T325P,-1.16344472929465
T325Q,1.0328978068655
T325R,1.34562139302356
T325S,-0.237533271565858
T325V,-0.523781063560497
T325W,-1.75167746611349
T325Y,-0.940658374804832
P326A,0.112651482528811
P326C,0.0891800032633209
P326D,-0.541902321355599
P326E,0.0415479534221594
P326F,-1.23234781560888
P326G,0.658182186491003
P326H,-1.25677142986212
P326I,-0.630897726930765
P326K,1.34561940753705
P326L,-0.23109075184219
P326M,-0.943892986285178
P326N,-2.47094015587127
P326Q,0.21822555942832
P326R,1.34995598023222
P326S,2.55895100859967
P326T,1.91416807043357
P326V,-0.996259690917144
P326W,0.730080411683842
P326Y,0.460915129640629
S327A,1.4990169254026
S327C,-0.257633879686815
S327D,3.58508533973955
S327E,-0.0380814513522515
S327F,0.0172353097961674
S327G,-0.126209269650523
S327H,-0.455498374359952
S327I,-1.01277953697288
S327K,0.436679244770995
S327L,3.82031639825397
S327M,-0.994388328039529
S327N,2.84984010594988
S327P,-1.91970561714477
S327Q,-1.52976979821941
S327R,-1.09504060892503
S327T,-1.29179653358332
S327V,-1.27735328438849
S327W,-0.975742393742307
S327Y,0.0119966279206955
G328A,0.556988402008546
G328C,0.343581908230373
G328D,-0.579359286271107
G328E,-1.04859783021231
G328F,-1.17995000604612
G328H,-0.896096211823495
G328I,-0.179444769990372
G328K,-0.751152387735137
G328L,2.84320826836302
G328M,1.10565805817201
G328N,-1.04791644706241
G328P,-1.23310296285894
G328Q,0.204715041526963
G328R,0.0330949576166633
G328S,-0.0469387631848484
G328T,-0.273859118997473
G328V,0.507827473379209
G328W,1.56013780614591
G328Y,1.80548645301545
T329A,2.85166791092013
T329C,-0.731949765487829
T329D,-0.429439701669664
T329E,-1.4144103070727
T329F,1.4848314783517
T329G,0.388583376515331
T329H,-0.301502994120568
T329I,1.15179715802229
T329K,0.768085128190832
T329L,0.714070872864282
T329M,-0.642469957941192
T329N,0.314380939115055
T329P,-0.0743671157481657
T329Q,0.695141570325285
T329R,-0.737343001259443
T329S,0.125493424301578
T329V,-0.905603535447594
T329W,-0.675422085460587
T329Y,1.00605508057324
W330C,-0.586355904821641
W330E,-1.16209298665338
W330G,-1.1190155392067
W330H,1.37279819229197
W330I,-1.26448986783443
W330K,-0.883258149618725
W330L,-1.60807587813828
W330M,-0.507682311866905
W330N,-1.87694898880223
W330P,-0.440303557559383
W330Q,2.70407039277566
W330R,0.0278534285506975
W330S,-0.116525438307514
W330T,0.250946300391896
W330V,-1.16436761729491
W330Y,0.1993378662744
L331A,-0.76804253015085
L331C,-0.302401633756936
L331D,-0.71001920269254
L331E,1.19590322600537
L331F,-2.41079071096976
L331G,-0.350371777902408
L331H,-0.358142462070258
L331I,-0.703155735119501
L331K,3.0878835756307
L331M,-1.32897194882815
L331N,1.74434495693571
L331P,0.502429383660654
L331Q,-1.62485006647327
L331R,-1.72181587696647
L331S,-0.839874936349355
L331T,0.972760794134396
L331V,-0.550599102651147
L331Y,-0.607315880274747
T332A,-2.52894796281044
T332C,1.56800411697048
T332D,-1.45913129792936
T332E,-1.91898966277877
T332F,0.0147540900210281
T332G,-1.66669903312223
T332H,0.262768080003561
T332I,1.14838615287904
T332K,-0.188852315828578
T332L,1.58659609231786
T332M,1.05393688012041
T332N,-0.754556231844077
T332P,-0.362721732441823
T332Q,-0.180373016679193
T332R,-0.311596696872187
T332S,0.723198117625325
T332V,-0.114516217091162
T332W,-0.306230080178639
T332Y,-0.158445766941245
Y333C,-0.961874029690684
Y333D,-0.150441134398484
Y333E,1.15597258022774
Y333F,0.491884580976672
Y333G,0.768919877270982
Y333H,-0.0685366170036194
Y333I,0.685250274030204
Y333K,6.42260922245474
Y333L,-0.652655629576986
Y333M,2.54213627856409
Y333N,-0.663587575429274
Y333P,0.801489502868709
Y333Q,-0.176929557339186
Y333R,-0.278093880322543
Y333T,2.02508275297929
Y333V,0.168776997592643
Y333W,0.109206422538335
T334A,0.481228170196931
T334C,-0.173290941100741
T334D,1.95997975849775
T334E,1.6086716634748
T334F,-1.07024725416072
T334G,4.01289104622993
T334H,0.731830920267639
T334I,2.88650734953773
T334K,-1.22070254850128
T334L,-0.1865899473525
T334M,0.644948788690232
T334N,-0.458866946174674
T334P,-1.42680342664547
T334Q,0.343077612495589
T334R,-1.19575169200304
T334S,1.82972339233241
T334V,-0.237286400316283
T334W,0.553199882087089
T334Y,0.993327433486119
G335A,1.22708127144195
G335C,-0.38370131945647
G335D,0.671348863015588
G335E,0.292728172693414
G335F,0.214179801572799
G335H,-0.823628454838152
G335I,-0.387330487797536
G335K,-0.611078267277059
G335M,-0.282714284848032
G335N,-0.961874029690684
G335P,1.73623733150436
G335R,-0.311964643195683
G335T,1.81670449846102
G335V,0.012774830950965
G335W,0.123253222193871
G335Y,-0.63771154575414
A336C,1.07077401303217
A336D,0.400901371065343
A336E,-1.76230269775141
A336F,0.019556641720063
A336G,-0.462994055705445
A336H,-0.215039356310711
A336I,-0.111170132174055
A336K,0.42507760557517
A336L,-1.06560414198005
A336M,1.22977669287276
A336N,-0.529640891699678
A336P,0.561037122914697
A336Q,-0.384516140899375
A336R,-0.125680245758854
A336S,-0.613150511038172
A336T,0.180254650428807
A336V,-0.104624514663344
A336W,1.6085985031321
A336Y,-0.380134665607887
I337A,-0.785593244236687
I337C,-0.671802504192357
I337D,-0.853711053277139
I337E,-0.319069587371736
I337F,-0.408958827445939
I337G,-0.677137942971867
I337H,-2.31974529851078
I337K,-2.01309724405075
I337L,0.513612600562191
I337M,-0.725879969499942
I337N,-1.47896582585921
I337P,-0.350524419116892
I337Q,-0.636256761102419
I337R,4.41980687086873
I337S,-0.40423634392834
I337T,-1.260736017913
I337V,-0.361564772381271
I337W,1.09978194187515
I337Y,-0.980056181865805
K338A,-1.40714014961383
K338C,0.167699184009212
K338D,-1.48077937285642
K338E,-0.500283419880524
K338F,2.29538513760338
K338G,-0.122388643635717
K338H,-0.282416480312411
K338I,0.588551333874822
K338L,-2.13528654018877
K338M,1.35853581551072
K338N,-0.293755145006833
K338P,0.218022050855028
K338Q,1.51664984222099
K338R,-0.10809333791686
K338S,1.40430002335423
K338T,0.038637622627809
K338V,-0.194101404672577
K338W,-0.0828944540318545
K338Y,-1.12007042818936
L339A,-2.49551467202635
L339C,2.37081624993226
L339D,-0.038625429218548
L339E,-0.0677816864808609
L339F,0.465162918722457
L339G,1.21578576376937
L339H,0.608572642822444
L339I,-0.194972595173989
L339K,0.281776350765057
L339M,3.46400758099472
L339N,0.823494548220109
L339P,0.480413104178939
L339Q,3.07016132448943
L339R,5.43250039033158
L339S,-1.54745873277521
L339T,1.24222632825745
L339V,1.77489114314723
L339W,0.168892479741491
L339Y,-1.52108474737598
D340A,0.675828193967112
D340C,0.531230472817213
D340E,2.14970794830123
D340F,0.179743573077307
D340G,-0.497788886224376
D340H,-1.23526956353897
D340I,-1.28756984352323
D340K,-1.60590235832077
D340L,-0.713355921408988
D340N,-1.03225441698535
D340P,-1.03723818075692
D340Q,-0.477668348955244
D340R,-0.31468171702889
D340S,-0.0260463888133053
D340T,0.615539766549531
D340W,-0.504241774101743
D340Y,-0.587841934069894
D341A,-0.569185646570544
D341C,0.18349803394503
D341E,-0.343081531302215
D341F,-0.388891837653791
D341G,-0.552801042720773
D341H,2.01275017174586
D341I,0.0123937234523432
D341K,-0.00537011776594133
D341L,-0.106284698737629
D341M,-0.789872721360142
D341N,1.42594768720857
D341Q,1.87546350579784
D341R,0.503722655191097
D341S,-0.493375616591402
D341T,0.257078911766877
D341V,-0.295802480595404
D341W,-1.22552969803827
D341Y,-0.0485346426453303
K342A,0.552979300977685
K342C,0.754101580337582
K342D,1.18089115236468
K342E,3.08265054291785
K342F,1.37009750931104
K342G,2.10564569703477
K342H,-1.31421352669496
K342I,0.672498501842713
K342L,-1.4147875037078
K342M,-0.460040384290938
K342N,0.528483967781698
K342P,-0.552719326895013
K342Q,-1.7487819058817
K342R,-1.10266918079114
K342S,1.04954201045497
K342T,-0.255163084393117
K342V,-0.905041492753617
K342W,0.536589782712691
K342Y,0.117516642605946
D343A,-0.61913352246859
D343C,3.53774576413187
D343E,0.334835814692654
D343F,-0.572067659835859
D343G,-1.35254267389902
D343H,0.522291247217452
D343I,-1.23871988001613
D343K,-0.510819872361824
D343L,0.686414085676362
D343M,0.184637605572737
D343N,-0.307021479387582
D343P,-1.78416639404151
D343Q,-0.779420237309798
D343R,0.46664593420552
D343S,-0.658318666511204
D343T,1.20278730365008
D343W,-1.7430156719069
D343Y,-1.2010278933492
P344A,1.3429800707037
P344C,-0.339919907724623
P344D,-0.28417079865428
P344E,1.06774958626754
P344F,-0.57823392477454
P344G,0.124755283969429
P344H,-1.46556081152108
P344I,1.28032090987513
P344L,2.43900091935816
P344M,1.35634005842331
P344N,3.13317778592548
P344Q,-0.824656799836522
P344R,1.56521477442504
P344S,1.28714270760249
P344T,0.352922919428621
P344V,-0.28838207082864
P344W,-1.1664798888117
P344Y,-0.447871417213703
N345A,-0.786938424522511
N345C,-0.242087755293554
N345D,0.626835325099502
N345E,-0.339242930885434
N345F,-1.11042355089028
N345G,-0.363865711864529
N345H,-1.14297907485979
N345I,0.0111002234365097
N345K,0.417468974342123
N345L,0.777604331237143
N345M,-1.03588324598119
N345P,-1.10940492342481
N345Q,0.161408895950867
N345R,-0.770747290608479
N345S,0.658671040867877
N345T,0.179916877754836
N345V,0.202612632763498
N345W,-0.164516680948191
N345Y,-0.186744428394931
F346A,-0.50784348870683
F346C,-1.18534195447948
F346D,-0.549254686230085
F346E,-0.146164643172547
F346G,1.12754530802305
F346H,-0.6992789030298
F346I,-0.0354996191451968
F346K,0.698885748300205
F346L,-0.443044571612611
F346M,-0.220703682993442
F346N,-0.21895394699762
F346P,2.77779696786162
F346Q,-0.648802753445634
F346R,-1.35305941956656
F346S,-0.706788360150325
F346T,1.02860061060304
F346V,-0.435161936085777
F346W,0.594189030931149
F346Y,0.406674796218793
K347A,-0.432982556234862
K347C,-0.92891089767926
K347D,2.68412647584362
K347E,3.27852941182719
K347F,-0.625879748187265
K347G,2.04575926519959
K347H,-0.943892986285178
K347I,-1.057362105079
K347L,-1.33315020304214
K347M,-1.0526624601298
K347N,-1.04606555681437
K347Q,4.62284894836616
K347R,-1.24713811709711
K347S,0.318301437053816
K347T,-1.30148696444105
K347V,-0.236565233777032
K347W,-1.11412238993987
K347Y,0.414412719921478
D348A,-0.846408089072255
D348C,0.751159327768497
D348E,-0.186006533841002
D348F,0.988711239151391
D348G,3.34592358254818
D348I,0.147286972631062
D348K,-0.404988018420907
D348L,-0.0922275576801872
D348M,-0.363313140279773
D348N,2.3813647382121
D348P,-0.635931776488955
D348Q,0.20743438192163
D348R,-0.473302619377762
D348S,-0.7470031512059
D348T,-0.989020861261195
D348V,0.111585183827588
D348W,-0.998695796346861
D348Y,-0.210544302069973
Q349A,-0.672317716815339
Q349D,-1.12572608375472
Q349E,-0.961240918821588
Q349F,-0.807665767917618
Q349G,-0.0630264501728294
Q349H,-0.565973586529329
Q349I,-0.310201434746118
Q349K,-0.661811670808412
Q349L,0.265333367074522
Q349M,-1.51144581726424
Q349N,0.609695668982827
Q349P,-0.482770331022275
Q349R,-1.61187749399524
Q349S,0.24156298071897
Q349T,0.795642726669289
Q349V,0.326778643409739
Q349W,0.17182780027349
Q349Y,-1.07332058792081
V350A,0.288622321008504
V350C,2.99031057377069
V350D,-0.745555835437377
V350E,-0.4494387870417
V350F,0.960331800510053
V350G,-0.873849760725996
V350H,-0.0296100527212089
V350I,-1.38580385324187
V350K,0.262817399628538
V350L,-1.02099301334544
V350M,-0.799071967754689
V350N,-0.911518404309183
V350P,-0.943892986285178
V350Q,0.536660188254602
V350R,-0.949728678808189
V350S,0.0378199340753547
V350T,0.953174999484087
V350W,0.389746613040067
V350Y,-1.61877156344708
I351A,-0.931112970660837
I351C,-1.12387180053305
I351D,-0.180861405167299
I351E,-0.494023654853087
I351F,1.53058551577951
I351G,0.142512468681882
I351H,-0.0978939319479946
I351K,-0.917204144066251
I351L,3.50205397422214
I351M,2.21004510087244
I351N,1.43149773601778
I351P,-0.351499323589215
I351Q,1.08910413500781
I351R,3.65744893916268
I351S,-0.89731428311819
I351T,-0.900294111388894
I351V,4.606722064061
I351W,-0.950401025190994
I351Y,0.695762521518461
L352A,-0.823394144446746
L352C,1.51742462168023
L352D,4.55788408617049
L352E,-0.153947113740206
L352F,0.547819971817897
L352G,-1.30918744672639
L352H,-2.28087226397802
L352I,-0.170053046988388
L352K,-1.13375832988488
L352M,-0.174530546093089
L352N,0.995776020297833
L352Q,-0.532702579678847
L352R,-0.952267881540701
L352S,2.77143110020442
L352T,-0.961859582742254
L352V,-0.821624230193605
L352W,-0.531192525146241
L352Y,1.30015282340869
L353A,3.08905603713521
L353C,3.45431678348791
L353D,-0.0113493487524712
L353E,1.03803938561352
L353F,0.483825728531673
L353G,-1.80605296458481
L353H,-0.154738727141162
L353I,-0.311041932514935
L353M,-0.174662578218987
L353N,6.29659534415212
L353P,0.706094235876312
L353Q,-1.79237394720806
L353R,-0.13107549735042
L353S,-1.60994046153872
L353T,-0.80654255179332
L353V,-0.876962705690063
L353W,1.54617726215381
L353Y,-1.14582530789854
N354A,-0.0961664076489586
N354C,-0.23465254291239
N354D,0.201834782558694
N354E,3.71427564516945
N354F,0.727089314865917
N354G,0.0143477551892092
N354H,-0.141773366247094
N354I,0.981618009017059
N354K,-0.922656830996258
N354L,1.46985019023182
N354M,1.59029480831913
N354P,-0.459824242345697
N354Q,-1.02509636723815
N354R,-1.20997505946689
N354S,2.05428873624796
N354T,0.792999060577142
N354V,-0.946512544201139
N354W,-0.625276381404619
N354Y,-1.158720626275
K355A,-0.967789367811327
K355C,-0.569057316733096
K355D,0.535673408695325
K355E,-0.677137942971867
K355F,0.45104639256178
K355G,-0.730404234013908
K355H,-0.426278430962946
K355I,-0.785666697552398
K355L,1.18675819128687
K355M,-0.959269158405487
K355N,-0.762260195543285
K355P,-0.980056181865805
K355Q,2.23868692150791
K355R,2.87177813314323
K355S,4.59559114652785
K355T,-0.2787605801704
K355V,-0.952134332631739
K355W,-0.16814392117162
K355Y,-1.06742055941027
H356A,3.28938896664211
H356C,0.528575500459362
H356D,-1.03588324598119
H356E,-0.757669282740124
H356F,-1.2936205585064
H356G,-0.0402410910918293
H356I,-0.344997697342019
H356K,-0.58492029609663
H356L,1.0787256833483
H356M,-1.41391938740981
H356N,0.958326311115623
H356P,-0.325925113351261
H356Q,-0.341733241747741
H356R,-0.166236722573679
H356S,-0.251145135972926
H356V,-0.163940698693688
H356W,-2.1232533675933
H356Y,-0.773815949680297
I357A,-1.19159597529641
I357C,4.59324841360276
I357D,1.13748329225053
I357F,12.4843922543432
I357G,-0.794599836902142
I357H,-0.0527020797343732
I357L,-0.943892986285178
I357M,0.733363536705256
I357P,1.1078572788534
I357Q,-0.467253227891773
I357R,1.13266684455483
I357S,-1.08614817887375
I357T,0.205237098739822
I357V,-0.887219939704696
I357W,-1.12507864036636
I357Y,0.107234931705694
D358A,3.96956888063367
D358C,-0.438677395421825
D358E,-0.183455637533474
D358F,-0.488870373615768
D358G,-1.2801188494176
D358I,0.368061641012298
D358K,1.05103157207045
D358M,-1.27780444424275
D358N,-1.06411801897908
D358Q,0.0641303872864538
D358R,-1.45243254201663
D358S,-1.57540282960204
D358T,-0.0527020797343732
D358V,-0.161935132739142
D358W,-0.338246495318513
D358Y,-1.93793671556269
A359C,0.295082973520677
A359D,0.111932992319527
A359E,-1.21706429760586
A359F,2.92520782607575
A359G,-1.82043788374943
A359H,1.58129927128898
A359I,-0.622655358855303
A359K,1.34808299261924
A359L,-0.741661798929119
A359M,1.11069976731035
A359N,0.67295580036213
A359P,1.06831044099347
A359Q,-0.912088090846448
A359R,1.04612839132233
A359S,0.428845190879543
A359T,-1.09380673755638
A359V,0.433812612483788
A359W,0.371872487793768
A359Y,-0.569274951866692
Y360C,0.946655347884292
Y360D,-1.83132696767954
Y360E,-0.473747056910554
Y360F,-0.557788084863768
Y360G,0.913525227661411
Y360H,0.96288028114726
Y360I,-0.839874936349355
Y360L,-0.313007139481677
Y360M,-0.179618967290938
Y360N,0.332112739951441
Y360P,6.668725440564
Y360Q,0.106384453705794
Y360R,-0.710442263913636
Y360S,1.38853725420252
Y360T,4.52318008017026
Y360W,2.77409467449712
K361A,-0.889242793176758
K361C,-0.120285704691185
K361D,-1.10584412472114
K361E,1.84124965734415
K361F,-0.681936966910181
K361G,0.623916713341481
K361H,-0.347598659024491
K361I,0.314538913148047
K361L,2.11469311732411
K361M,3.43642502118286
K361N,-1.08897784600603
K361P,-0.0569136761092518
K361Q,0.532911262233096
K361R,-1.30679451663481
K361S,-0.575943102357621
K361T,0.503265711114096
K361V,2.29985582589829
K361W,-1.22932225547528
K361Y,-0.683590439151593
T362A,-0.873264285175214
T362C,-0.33967267826594
T362D,-0.839874936349355
T362E,-1.11215335216284
T362F,1.47281136674771
T362G,0.298138042546189
T362H,-0.313659757473374
T362I,-0.2198748140001
T362K,-1.17768603382323
T362L,-0.582101082793935
T362M,1.02279765906346
T362N,-0.0615386728653951
T362P,-0.737025858584438
T362Q,1.15270433686228
T362R,-0.349683141927223
T362S,-0.533831999045747
T362V,-0.677821551821753
T362W,-0.788587755066853
T362Y,1.93553595661756
F363A,0.357144829670711
F363C,-1.07417784163171
F363D,6.5910440213058
F363E,2.04711917742115
F363G,-1.27870515379439
F363H,0.0138176379911462
F363I,1.83813885995607
F363K,0.72052538660186
F363L,4.73587599965425
F363M,-1.5242889813277
F363N,5.87272978637237
F363P,0.201478630276672
F363Q,-0.621167387591259
F363R,-0.762540702921026
F363S,-0.554244027608494
F363T,-0.621780556325051
F363V,1.62663318138808
F363W,0.814801714562514
F363Y,-0.144938051003908
P364A,-0.115643260378528
P364C,0.719590157124274
P364D,5.12794450034443
P364E,-0.489702692541657
P364F,0.204643895889099
P364G,0.0153493184514098
P364H,-0.91526483542703
P364I,-0.8906310630949
P364K,-0.0549641424049958
P364L,0.244925840715477
P364M,0.254994733092721
P364N,0.973394604111893
P364Q,-0.889832842155943
P364R,-0.875548060365377
P364S,0.669555049557631
P364T,1.06013524893151
P364V,2.3797101361175
P364W,0.843917359802697
P365A,0.573872581429384
P365C,4.56446450992303
P365D,-0.206433219687933
P365E,0.460745009271332
P365F,-0.15512488170046
P365G,0.826489026043572
P365H,0.297664384404628
P365I,-0.244899996357728
P365K,0.902425360667077
P365L,2.94871257013316
P365M,2.60603938204281
P365N,-1.10429285066733
P365Q,-1.32303003760049
P365R,-1.12853140566838
P365S,-0.284187824581646
P365T,1.92409242458153
P365V,-0.53790187295212
P365W,0.286379172473514
P365Y,0.336647347140403
T366A,1.13771778417964
T366C,2.79432333488538
T366D,0.0368730072541857
T366E,1.82481583249024
T366F,0.493428380309882
T366G,3.13304779969779
T366H,-1.03099147384883
T366I,-0.399123451901956
T366L,0.184950702392848
T366M,-0.364300084606229
T366N,3.25467570508888
T366P,-0.18601311207571
T366Q,1.7598941304803
T366R,0.233149571016194
T366S,-1.17201371674516
T366W,0.680825208099058
T366Y,1.1026442902431
E367A,-0.618198337288247
E367C,-1.97908900930216
E367D,0.640749214090404
E367F,0.203275723712137
E367G,-0.2323188679468
E367I,1.9014575882955
E367K,-0.744528054122206
E367M,0.271157744662245
E367N,6.39836438801995
E367R,0.840743846883208
E367S,0.764044363070294
E367T,-0.169035553390021
E367V,0.97364826451915
E367W,-1.40407754521425
E367Y,-0.570126717841517
P368A,-0.904735972939863
P368C,-0.736705091294704
P368E,2.32503077656671
P368G,0.491169605896855
P368H,-1.4025755960799
P368K,0.947565687253431
P368M,-1.24315134838225
P368N,-1.54444839515729
P368R,-0.228653457969696
P368S,0.652321104389894
P368T,0.653504841461381
P368V,-0.515991163112961
P368W,0.229647364908769
P368Y,0.101884999679024
K369A,-2.4939099163559
K369D,0.362259263809199
K369F,-2.32754250649751
K369G,0.129374282751735
K369H,4.33600594119453
K369I,2.50055841723856
K369L,1.35356898082081
K369M,1.69635264320364
K369N,3.79673109219621
K369P,2.47561446718671
K369Q,6.04863909416838
K369R,-0.487758870262612
K369S,-1.42434050031284
K369T,-1.91656656611498
K369W,0.878762263089077
K369Y,-0.0647028542194425
K370A,-0.298761427422387
K370C,12.4843922543432
K370D,2.25344785425493
K370E,4.58185797969258
K370F,-0.718400263595532
K370G,-0.757669282740124
K370H,-0.443930162341744
K370I,-2.27100041107601
K370L,-0.762228252367412
K370M,-1.51413480300062
K370N,0.0694833872542643
K370P,-2.19261342757287
K370Q,1.07398820733661
K370R,-1.09857256389852
K370S,-0.358561067751381
K370T,-0.105532989820693
K370V,0.186770048503143
K370W,3.03698307403589
K370Y,-0.880896690743389
D371A,-1.17586394870246
D371C,-0.162717418767322
D371E,-0.477324180731426
D371F,1.29067330670441
D371G,-0.603293813837305
D371H,-0.0357926525401194
D371I,-0.48500798468367
D371K,0.0796714935283893
D371L,0.518049550459656
D371M,-1.89479588075566
D371N,-1.4347575793761
D371P,-0.072061018760638
D371Q,0.121711969239582
D371R,1.21162619764265
D371S,-0.194970516488601
D371T,-0.263808515113344
D371V,-0.928826681348041
D371W,2.06352813713313
D371Y,-1.2455995155841
K372A,2.57225923700285
K372C,-0.229928268508417
K372D,12.4843922543432
K372E,-0.893782020979898
K372F,0.0978111685537413
K372G,1.38161945061276
K372H,-0.476254523618421
K372L,-0.624984986593596
K372M,-0.487652592886854
K372N,-0.211213942585787
K372P,1.31213573964212
K372Q,-1.2305741431157
K372R,0.0271324461687566
K372S,2.11546602700357
K372T,-0.777931524694766
K372V,4.21059432181108
K372W,3.30698052003203
K372Y,-0.632578156823765
K373A,2.3562855662781
K373C,-0.20214160938339
K373D,0.989124921571176
K373E,1.2043352730922
K373F,0.307071741004416
K373G,-0.573807081717653
K373H,-0.0337240760531294
K373I,-0.544412180571978
K373L,0.395505836790916
K373M,3.06991206225181
K373N,-2.24868713290665
K373P,0.272103679607283
K373Q,0.177570586661138
K373R,-1.62869279153847
K373S,-0.540897540694601
K373T,5.11918676294856
K373V,0.00266964927390651
K373W,0.339728802929782
K373Y,-0.80654255179332
K374A,-0.801555446277514
K374C,-0.79498862855298
K374D,-0.133279031650271
K374E,-1.58724569467426
K374F,-0.427286438051463
K374G,-1.19556929334146
K374H,0.723805331866674
K374I,0.483563340005001
K374L,3.16991107794389
K374M,12.4843922543432
K374P,4.33381373641283
K374Q,-0.566052044582268
K374R,-0.142639496365037
K374S,-0.686661730383641
K374T,-0.23754860647585
K374V,0.83865860455077
K374W,1.38288106750182
K374Y,-0.104349796192051
K375A,-0.538215182429612
K375C,2.55849943784847
K375D,0.61780292643169
K375E,1.04876358417171
K375F,0.315564950640689
K375G,2.42280766080502
K375H,-0.90411658933648
K375I,1.89267580718922
K375L,0.593959043349087
K375M,-0.0101348176861936
K375N,6.51523917058084
K375P,-0.584776403975898
K375Q,-0.307076549353094
K375R,1.44101852763438
K375T,3.01690636166207
K375V,-0.900593138344592
K375W,-0.238016507065052
K375Y,-0.787393528173789
A376C,0.0895469045968321
A376D,3.87662834572541
A376E,-0.689132933919236
A376F,-0.586912495895976
A376G,-1.9007564317612
A376H,-1.27712491141516
A376I,-0.395791814308039
A376K,-0.755997859480981
A376M,-1.40467870733503
A376N,0.221818912571331
A376P,0.539726627473739
A376Q,-1.0425663380209
A376S,-1.1125715106795
A376T,0.637984246273064
A376V,-1.07904324517121
A376W,-0.92534675710332
A376Y,-0.47412681433627
D377A,-1.26336170283476
D377C,-0.858193408348617
D377E,1.19532268519741
D377F,-0.578969935215491
D377G,0.752270032348735
D377H,-0.992211301642709
D377I,1.32122165456566
D377K,-0.967817182803053
D377L,1.10596664453394
D377M,-0.408067227141753
D377N,-0.166502197242049
D377P,3.18294619386887
D377Q,-1.87574890083677
D377R,0.276859370261353
D377S,-0.0258736111067161
D377T,2.97922950800414
D377V,0.772642904353168
D377W,0.838774692052153
D377Y,-0.180402538503057
E378A,1.08581596038636
E378C,-1.06845455406312
E378D,1.34759873832401
E378F,-1.3139204777256
E378G,-0.852016280004951
E378H,-1.00145096145223
E378I,0.753782872163142
E378K,-0.744625119609415
E378L,0.532829677685392
E378M,-0.0982189702141964
E378N,-2.31657128370497
E378P,-0.256319958711819
E378Q,-1.30556544381837
E378R,-0.322042768892014
E378S,-0.879425983381594
E378T,0.190635667079891
E378V,2.12024024346392
E378W,0.962065466101185
E378Y,-0.915070750627746
T379A,4.58487075245023
T379C,-0.176595666896627
T379D,-0.00345464090880107
T379E,-0.767352545438187
T379F,-0.823964279781073
T379H,-0.645449413145438
T379I,-1.30737744511915
T379K,0.419856124268965
T379L,0.0397914810805812
T379M,-0.822893928717549
T379N,2.06688425885724
T379P,0.256851959241527
T379Q,-0.636097355490429
T379R,-1.335494184227
T379S,2.69358582453045
T379V,1.81582304145834
T379W,1.4791849731114
T379Y,-1.10083838012683
Q380A,0.98665143154627
Q380C,-0.185273562636055
Q380D,0.574921775085259
Q380E,-1.02409875056597
Q380F,1.86772652312184
Q380G,0.71850140356849
Q380H,2.86915786952273
Q380I,-0.0501060528837751
Q380K,-0.150309400159495
Q380L,-0.307312573672297
Q380M,5.79099694098137
Q380N,-0.961874029690684
Q380P,1.25226176154169
Q380R,-0.0702466119449476
Q380S,0.178599506469863
Q380T,-1.15287830400429
Q380V,-0.597091246506458
Q380W,-0.724266206572932
Q380Y,2.76398374872239
A381C,-0.098418295081648
A381D,-0.794826091042911
A381E,-0.200587022878903
A381F,-1.00895836596048
A381G,0.211426418966986
A381H,0.241304941349285
A381I,1.16105243050085
A381K,-1.18805447325569
A381L,1.83873214423218
A381M,0.804029237159911
A381N,-0.212949246401826
A381P,-0.472798389076928
A381Q,-0.492033927706923
A381R,-0.00550490796482937
A381S,-0.371906643092139
A381T,0.25764329082799
A381V,0.872097153556369
A381W,2.6436311253032
A381Y,-2.03433042303161
L382A,2.85975516926537
L382C,-0.432051373889337
L382D,2.51838467552215
L382E,0.797529315339729
L382F,-1.49401406438024
L382G,0.26946140442024
L382I,0.0990840300842722
L382K,-0.756205282965409
L382M,-0.714289190409986
L382N,0.106117842982209
L382P,-1.11627964267667
L382Q,-0.395617384566328
L382R,0.131890568572344
L382S,-1.67444325306987
L382T,0.370564003847271
L382V,-0.391566463491545
L382Y,0.498643550109451
P383C,-1.16405735933317
P383D,-0.483382013978028
P383E,-0.807273370094665
P383F,2.48741817970149
P383G,3.18916603878318
P383H,9.44226504601662
P383I,-1.14712404482126
P383K,3.21449565505579
P383L,0.493428380309882
P383M,1.64414691896216
P383N,-0.673506248831569
P383Q,2.01695442766547
P383R,-0.580884104465885
P383S,-0.405569684254191
P383T,0.756903229933793
P383V,-0.199177306176742
P383W,0.356602873786387
P383Y,-1.31704305087177
Q384A,-1.09429719769992
Q384C,-0.239174376008371
Q384D,-0.926048960444048
Q384E,1.22304554038086
Q384F,0.768466652931064
Q384G,-1.30365304415551
Q384H,0.506033998410628
Q384I,-0.447954475098407
Q384L,0.529465928416808
Q384M,-0.273342693663035
Q384N,-1.2201433761909
Q384P,1.16971692841646
Q384R,1.0613771629732
Q384S,-1.7201872455825
Q384T,-1.93024166897579
Q384V,0.468375232395536
Q384Y,-0.227371378894169
R385A,1.26120444457285
R385C,-0.222637939004544
R385D,2.42827336286173
R385E,1.00127500331525
R385F,1.84633101931376
R385G,-1.29778106756637
R385H,-0.0646281293461494
R385I,-0.0573884075618641
R385K,0.13180970744926
R385L,-0.931235663275188
R385M,1.3278549596863
R385N,3.23657896217732
R385P,-0.0573468945526285
R385Q,-0.109578176756665
R385S,0.765788772649229
R385T,0.0560443662933503
R385V,0.362529114420349
R385W,-0.144896635247556
R385Y,-0.532629451761193
Q386A,-2.2789796148983
Q386C,3.92956201794595
Q386D,0.467567910493886
Q386E,-0.533297028368941
Q386F,-0.432834039446776
Q386G,-0.697764102069019
Q386I,0.612048505433867
Q386K,-0.147737810403528
Q386L,0.371081232033114
Q386M,1.56715338127566
Q386N,-1.11300838728807
Q386P,0.301004491819217
Q386R,-0.757669282740124
Q386S,-1.29238138819251
Q386T,0.676395241434553
Q386V,-0.932889861090863
Q386W,0.239169011926372
Q386Y,-0.681803887384427
K387A,-0.394079670021055
K387C,-0.411879851593562
K387D,-1.27380488429484
K387E,-0.418341656810841
K387F,3.71534470268827
K387G,0.808681294986457
K387H,-0.0331644610079219
K387I,-0.868395408979473
K387L,0.754299885615105
K387M,-1.63111997313851
K387N,-0.0372037455739801
K387P,0.175211785437316
K387Q,1.26371608444326
K387R,0.534287640519479
K387T,0.0629644995425704
K387V,1.70244329716925
K387Y,-0.599208870694342
K388A,-0.926397496375724
K388C,-1.1974418668055
K388D,0.743313804805943
K388E,-0.454123437324079
K388F,0.739838801058876
K388G,0.945097159300384
K388H,-1.67714706256146
K388I,3.78903184583326
K388L,-0.865380809633764
K388M,-1.73219572518247
K388N,0.627372059094652
K388P,1.08475730989757
K388Q,1.58016745962673
K388R,1.32985247369962
K388S,-0.926106276008463
K388T,1.34694098196403
K388W,-0.720078949085873
Q389A,-0.349103732774168
Q389C,-0.204144135458278
Q389D,0.0750695404328617
Q389E,-2.03144182824007
Q389G,5.75816162220547
Q389H,-0.600264276886021
Q389I,-0.34313543912301
Q389K,0.132953998820464
Q389L,-0.331277234728481
Q389M,-0.755715318612397
Q389N,0.253519286324711
Q389P,0.0698772976543698
Q389R,-0.851693654410395
Q389S,-1.17269597523112
Q389T,-0.0502334563890738
Q389V,0.0991268681521594
Q389W,1.8425366474639
Q389Y,-1.64601397591798
Q390A,-0.777106005937572
Q390C,0.116808962731156
Q390D,-0.696410291149122
Q390E,-0.348225769064909
Q390F,-0.179917383471638
Q390G,1.78634782822002
Q390H,1.25928847700936
Q390I,-0.504412956129534
Q390K,0.0414994428127001
Q390L,-0.0410594000140209
Q390M,0.137150689659795
Q390N,-0.97845423749424
Q390P,-0.387215075105139
Q390R,-0.559582528156668
Q390S,-0.30799627899805
Q390T,-0.998271197806218
Q390V,0.0223575531303969
Q390W,0.975841343910237
Q390Y,-0.109700743080847
T391A,-0.904533342973827
T391C,0.419308395567393
T391D,-0.57648558509034
T391E,-0.738645323362231
T391F,-0.0503016345349366
T391G,-1.33472355110402
T391H,3.10808931869644
T391I,0.718411857165393
T391K,-0.92999246710013
T391L,0.0551633147900474
T391M,0.715004009424274
T391N,-0.737757917021197
T391P,0.164006651334503
T391Q,-1.39750409441772
T391R,-1.17527526417719
T391S,0.0943557358396752
T391V,1.25007481899467
T391W,0.0159246619445447
T391Y,-0.0837387824000209
V392A,-0.210648707124777
V392C,-0.828908169966904
V392D,1.377392834618
V392E,-0.169188150516421
V392F,1.50420194849118
V392G,2.62014847026168
V392H,-0.849783453817298
V392K,-0.774638088954935
V392L,4.43724092244226
V392M,1.57904921166641
V392N,0.0981729022431348
V392P,0.272488536998427
V392Q,0.375161330298072
V392R,0.69794252045581
V392S,0.264332563156522
V392T,0.424721397291752
V392W,4.9019261450757
V392Y,8.52346329503699
T393A,0.603207751013118
T393C,-0.633861462625514
T393D,-0.63612611719632
T393E,-1.15226536439748
T393F,1.50379885765913
T393G,6.53677502464952
T393H,0.357512998590392
T393K,-0.257428720110225
T393L,1.22242262702305
T393M,0.987085287219887
T393N,0.422593571427014
T393P,0.285803871363358
T393Q,0.0944768149490963
T393R,0.628856150025819
T393S,-0.673315431190077
T393V,-0.462338883097484
T393Y,-0.18674089798098
L394A,-0.181777058171481
L394C,-0.538995451499806
L394D,-0.0386764567913783
L394E,-0.384774203252688
L394F,-2.07480447540319
L394G,-0.12644513436848
L394H,-1.25437392302852
L394I,2.06903575881073
L394K,0.0119780152277149
L394M,-0.431693483554697
L394N,1.63247410762418
L394P,-0.103608870448743
L394Q,8.56019034296943
L394R,-0.470358116470784
L394S,0.369054123040709
L394T,3.04900790838154
L394V,0.129430384410823
L394W,-0.164301517876335
L394Y,0.0476412439945026
L395A,-0.501438209705153
L395C,1.65595864359011
L395D,0.845700299317802
L395E,-0.296574680281791
L395F,0.0220967580411313
L395G,-2.06551413250922
L395H,-0.446025580684774
L395I,-1.51269753857367
L395K,-0.55167845359695
L395M,0.459127409919489
L395N,0.956124593960434
L395P,-0.409864466354873
L395Q,-0.319529338108556
L395R,0.755964648441311
L395S,-0.0371394311985318
L395T,3.76377668931299
L395V,-0.542957323745948
L395W,-1.18495766142067
L395Y,-0.84268318441358
P396C,-0.722998572628938
P396D,-0.716753942198156
P396E,0.653097393446889
P396F,-0.917310938535593
P396G,-0.254550304027488
P396H,-0.0808486769323158
P396I,-0.80907404225649
P396K,-0.891007751302044
P396L,-0.673061726570751
P396M,1.03607288119329
P396N,-0.0767578678514466
P396Q,1.53058773317405
P396R,0.663314772120663
P396S,2.02908570240878
P396T,4.70056729957451
P396V,-0.706001047441297
P396W,-0.37574651279714
P396Y,-0.111774211664669
A397C,0.707334984941933
A397D,-0.489873271254769
A397E,0.192604984841244
A397F,0.302741958471023
A397G,0.0409793972520258
A397H,-1.55180961620448
A397K,1.45258108613
A397L,-0.45841598568175
A397M,-1.70658764383352
A397N,-0.361609203457078
A397P,0.10561463642032
A397Q,-0.754325230604729
A397R,0.0804133656559087
A397S,0.70153435978772
A397T,2.3177917108168
A397V,3.83962944353177
A397W,3.41426222376539
A397Y,2.13324264909023
A398C,-0.344319975000133
A398D,-0.38702182698907
A398E,1.35163072287797
A398F,-0.982625202353634
A398G,1.07489924204624
A398H,0.0432394531429059
A398I,1.82898291841253
A398K,0.751774063406806
A398L,-0.239720644816851
A398M,-0.332542430926593
A398N,1.59046279589691
A398P,-0.99005272039169
A398Q,4.38898049679513
A398R,0.191269923411461
A398S,0.287891908868919
A398T,4.28120419666818
A398V,1.99139469954675
A398W,3.58255271764663
A398Y,0.366082748029917
D399A,-1.94199828141467
D399C,0.429139343677679
D399E,0.454345625049431
D399F,-0.735216448062353
D399G,-1.47850019969344
D399H,-0.614746905096132
D399I,2.13256276705236
D399K,1.21275281944337
D399L,-0.422453451728785
D399M,0.130032621501012
D399N,-0.470051994903631
D399P,-0.872177926716708
D399Q,-0.849809781893768
D399R,1.24921742274633
D399S,-1.03629873033327
D399T,0.362661902837906
D399V,-0.624376334366373
D399W,3.44776902254494
D399Y,0.227198948272216
L400A,0.831507044936163
L400C,0.68218922977823
L400D,2.84090817269507
L400E,-0.572785071844071
L400F,-1.02511307880533
L400G,1.9909045345788
L400H,-1.32010312452408
L400I,-0.455248329976044
L400K,-0.7853782059008
L400M,0.55309808942532
L400N,0.248390859570618
L400P,-1.03588324598119
L400Q,-0.0402521186319583
L400R,-0.124492435536193
L400S,-0.518683747312171
L400T,-0.752931042332716
L400V,0.0589876289394415
L400W,5.96742948464953
L400Y,1.25388052944805
D401A,-0.69059831461488
D401C,-0.00577309536767378
D401E,-0.286370577034144
D401F,0.503051478434075
D401G,-1.35859561786511
D401H,1.61995206274232
D401I,-0.0797408216245449
D401K,0.261787276699788
D401L,0.788791376771499
D401N,0.0131876928763503
D401P,0.798439385284005
D401Q,0.0102311796875405
D401R,-0.730630770112479
D401S,-0.251693371961928
D401T,-0.667333855569711
D401V,-0.694575054913141
D401W,-0.318624886092075
D401Y,-0.481126910556218
D402A,1.16791303012122
D402C,0.803317476662807
D402E,-0.632045014835027
D402F,0.833480450445994
D402G,-0.741744509430679
D402H,2.48500862305898
D402I,0.485022791084474
D402K,0.0417197122226926
D402L,1.86716338522866
D402M,0.958592033855116
D402N,1.62440575588481
D402P,1.2808843328364
D402Q,1.12476897031599
D402R,-0.479967859544711
D402S,0.355918723251023
D402T,-1.66745080679237
D402V,-0.383890951700137
D402W,-0.235152644921938
D402Y,1.79805913247971
F403C,-0.637507000001811
F403D,0.387228374964825
F403E,-0.663929361840291
F403G,0.0738906874419408
F403H,-0.813033579297998
F403I,1.78553758535625
F403K,0.485291553374328
F403L,2.60406286729015
F403M,1.22571582586555
F403N,1.6495680358008
F403P,-0.377027704095422
F403Q,-0.413831039322671
F403R,1.58963717413394
F403S,-0.743915969607645
F403T,-1.09100944218382
F403V,0.16224301729947
F403W,-0.842985172496606
F403Y,-0.892026552283884
S404A,2.31721335412269
S404C,1.61086568501421
S404D,2.5501204270567
S404E,2.83295041642219
S404F,3.82611828966919
S404G,0.643152691858301
S404H,0.74569549308214
S404I,3.98382955769594
S404K,0.945317764833971
S404L,-1.39108696804288
S404M,-0.152238729153658
S404N,-2.26117091313381
S404R,0.266663798221321
S404T,-0.0347022967267837
S404V,4.4909063934061
S404W,0.708633821018957
S404Y,-0.633213680290097
K405A,1.22264346488416
K405C,-0.285307072529552
K405D,0.688700960263356
K405F,-0.0254833609152181
K405G,0.714207515429144
K405H,3.88806775947306
K405I,-0.874207737638197
K405L,-1.65359966773703
K405M,1.50610572271793
K405N,0.753998647922363
K405P,2.67076840745536
K405Q,1.07626793774903
K405R,0.953605154005535
K405S,1.83613957217335
K405T,1.90837443773629
K405V,0.955821038524575
K405W,0.339634050470269
K405Y,0.992501223276365
Q406A,1.3813721837084
Q406C,0.0503136791319049
Q406D,-0.609719716671665
Q406E,-1.54018452904296
Q406F,0.398013932352329
Q406G,-1.34326883705398
Q406H,0.258907578555378
Q406L,-1.23682456558503
Q406M,1.2641240691268
Q406N,-0.312073629290856
Q406P,-0.970759764433727
Q406R,-0.432973182350379
Q406S,-0.580402713370592
Q406T,-0.895078667104949
Q406V,-2.44173685000674
Q406W,-1.70524638434406
Q406Y,-1.03833971455604
L407A,-1.70266937811016
L407C,-0.714879930186041
L407D,0.528014075548547
L407E,0.524432647426794
L407F,-0.570772026065794
L407G,4.74612430984894
L407H,-0.196005163136381
L407I,0.919527339622089
L407K,1.84960002131176
L407M,-0.104726890015414
L407N,-0.437073211364611
L407P,0.742813643956142
L407Q,0.148871260937507
L407R,-0.32375070779861
L407S,0.405884047673529
L407T,1.37997964961799
L407V,-1.03018991686286
L407W,0.439935301711806
L407Y,-0.569829619120177
Q408A,0.274960721846854
Q408C,1.18036032719147
Q408D,0.396128701970087
Q408E,-0.958511679897574
Q408F,-0.908507492268633
Q408G,4.61783676463632
Q408H,0.473670312321061
Q408I,-0.720583904241042
Q408K,5.86139315732277
Q408L,2.78152035709706
Q408M,-0.296287026027654
Q408N,-0.852128204256717
Q408P,-0.951970116206817
Q408R,-1.32867024424557
Q408S,1.94964621697552
Q408T,-1.83127742443131
Q408V,0.518043287808881
Q408W,0.590827881289588
Q408Y,1.16368764908706
Q409C,-0.989014407848147
Q409D,-0.134135960984755
Q409E,-0.0918668261923101
Q409F,-0.654050846490464
Q409G,-1.07616241026609
Q409H,-0.617934658074088
Q409I,-1.07235699387911
Q409K,0.693219756561543
Q409L,0.723880267179685
Q409M,-1.66196869924958
Q409N,-0.670296575980629
Q409P,1.81710050194779
Q409R,-1.15246037038908
Q409S,0.678577250791622
Q409T,-0.688882545549224
Q409V,-0.766783666691353
Q409W,0.328202319317507
Q409Y,-0.008258915858906
S410A,-1.28673799943966
S410C,-0.34289666560878
S410D,7.44671298337191
S410E,0.417892187355259
S410F,-0.32951102040685
S410G,-0.454209506502166
S410H,1.15386207168725
S410I,1.14850243933979
S410K,0.603037486665581
S410L,-1.85016133577744
S410M,-0.0416557625059539
S410N,3.96885700248263
S410P,0.751515478209841
S410Q,1.14339839798811
S410R,-1.16789407296019
S410T,0.552147985745318
S410V,0.444243746362984
S410W,1.98354586869379
S410Y,12.4843922543432
M411A,0.770272179666869
M411D,0.121838687321381
M411E,-0.458495393648962
M411G,-0.682858657501245
M411H,1.45095613034915
M411I,-1.41551649245551
M411K,-0.805158906371113
M411L,0.226286870313981
M411N,-1.22160525545621
M411P,0.223166592733254
M411Q,-1.62586480357168
M411R,-0.644979686345224
M411S,0.489252080002879
M411T,0.402635906805903
M411V,-0.111531253704381
M411W,2.60061547752734
M411Y,-1.47867998712992
S412A,1.07616721069365
S412C,-1.17304683795862
S412D,-0.663580327445407
S412E,0.194128383839757
S412F,2.73696210220855
S412G,1.59324125255938
S412H,-0.725009270247155
S412I,0.0614969982927226
S412K,-0.494106220118614
S412L,2.45121927855641
S412M,0.0292307605503163
S412N,0.139747229538637
S412P,-1.260736017913
S412Q,0.302284070846019
S412R,-1.13412079189135
S412T,0.873861494091816
S412V,0.78530565305027
S412W,2.6037973020286
S412Y,-0.117695230116019
S413A,0.162277550311246
S413C,-0.459099959932653
S413D,0.230444396648235
S413E,-0.230212860921117
S413F,-1.3573807951579
S413G,-0.36269805589914
S413H,-0.420288635631271
S413I,-0.717263400291924
S413K,0.193746682722708
S413L,0.317341527713395
S413M,0.92093612589059
S413N,0.343460728412064
S413P,2.56434198593145
S413Q,0.255558481762923
S413R,-0.598290155887982
S413T,0.705710592918829
S413V,-0.512279824786902
S413W,-1.59748407559506
S413Y,-0.349657142927185
A414C,0.243719575179726
A414D,2.25403073699576
A414E,-0.929737284380075
A414F,1.3913913622586
A414G,-0.91478882733803
A414H,-0.926271730377937
A414I,-1.49071265313773
A414K,1.13683618056307
A414L,-0.892895521117653
A414M,0.451600620537642
A414N,-1.20167239681991
A414P,-1.09885983402464
A414Q,-1.87257030845185
A414S,-1.04026207253898
A414T,-0.329051972440674
A414V,0.130713417804455
A414W,4.07098574031524
A414Y,-0.1657747071711
D415A,0.825466396002297
D415C,-1.95440883335497
D415E,0.0887263069618444
D415G,-0.952560845482971
D415H,0.930272160322648
D415I,0.0845024770055522
D415K,-0.596757375332234
D415M,0.954650815199565
D415N,-0.603619922479677
D415P,-0.894663868600739
D415Q,0.234358472579793
D415R,-0.832697876534798
D415S,-0.0596094034605944
D415T,-1.32736414928279
D415V,2.13381897062723
D415W,0.829327278490259
D415Y,-0.778476179155059
S416A,1.34082041791109
S416C,-0.846179294249685
S416D,1.35337321879824
S416E,2.82806818432715
S416F,-0.18601311207571
S416G,-0.24713953241852
S416H,0.460154040084445
S416K,3.59644268080569
S416M,0.365000525703757
S416N,-0.210945644646238
S416P,0.0401850235994886
S416Q,0.794980449149711
S416R,0.04595603966221
S416T,0.719613273534656
S416V,-1.21015114933015
S416W,-0.85542245601151
S416Y,4.68928641846448
T417A,1.15344612323804
T417C,-0.817685487447017
T417D,-0.449989399936462
T417E,0.164640792978159
T417F,1.33315794369527
T417G,-0.216172734907043
T417H,0.0177310629303253
T417I,-0.259858652697669
T417K,0.237592886736434
T417L,1.10297726081072
T417M,1.93770333962956
T417N,-1.2651678528333
T417P,0.518963390293231
T417Q,0.257838482027844
T417R,0.874838801159271
T417S,-0.320797663534164
T417V,-1.80247326703602
T417W,0.585877339193211
T417Y,-0.573298292228427
Q418A,0.693039934581662
Q418C,-2.09054590482394
Q418D,-0.177345264682906
Q418E,-0.80142381408585
Q418F,-0.684923592177933
Q418G,0.20225122430962
Q418H,-0.0176555236217292
Q418I,-1.81929945384758
Q418K,4.64874067047334
Q418L,-0.995506403602909
Q418M,0.553080114637236
Q418N,-0.745543452375398
Q418P,-1.29974537654918
Q418R,-0.354029579812269
Q418S,-0.899673914697002
Q418T,-1.58462067453861
Q418V,0.115702901083135
Q418W,2.60910021424432
A419C,-0.338246495318513
A419D,0.808136666991338
A419E,-0.577001882602848
A419F,3.40183115680191
A419G,-0.128194734171994
A419H,-1.18731678948042
A419I,1.40949546602824
A419K,2.16058853675688
A419L,-0.217278408118664
A419M,2.61298902528075
A419N,0.109848195512465
A419P,-0.116742361831969
A419Q,-0.703781651151833
A419R,-0.333172407483352
A419S,1.14339839798811
A419T,-0.724195588814495
A419V,-0.110710373337587
A419W,-0.253436833914753
A419Y,0.0153822703296414
