Mutation,Escape_Score
S2A,-0.258152186979648
S2C,-0.802256504173263
S2D,-0.223241317022432
S2E,-0.968638043554773
S2F,2.25149504056302
S2G,0.162047107801474
S2H,2.43661604724013
S2I,1.65703542283313
S2K,0.474928361645492
S2L,3.85431169222384
S2M,-0.461371341707557
S2N,-0.337021203564294
S2P,0.0512092524281845
S2Q,-0.0488841779750582
S2R,-0.342477477201575
S2T,2.47525899516997
S2V,2.60036718923168
S2W,0.694569793348112
S2Y,2.01139326469692
D3A,1.78346596986678
D3C,4.30973468688686
D3E,-0.41366790954696
D3F,1.16631390045218
D3G,0.705383455695372
D3H,0.479816191797866
D3I,5.88822220378053
D3K,0.993642830690099
D3L,5.7686070950724
D3M,2.66769426721895
D3N,0.137628253257313
D3P,-0.715906345128578
D3Q,-1.51286391161224
D3R,1.01823264300064
D3S,0.386155916147343
D3T,-0.8770575531327
D3V,2.26197991476406
D3W,0.904528900940006
D3Y,1.21134229317934
N4A,1.07591063437071
N4C,1.4373597739111
N4D,-0.196662363455521
N4E,7.54543121886826
N4F,-0.780378872855498
N4G,0.894480635262262
N4H,0.0018974029038522
N4I,1.98332942999245
N4K,-0.137594494153523
N4L,3.12556359554824
N4M,0.370395538509885
N4P,0.449237968418081
N4Q,-1.092777647685
N4R,-0.139599791024642
N4S,-0.024659896913641
N4T,-1.12011122280084
N4V,2.69990929479984
N4W,-0.218542462568749
N4Y,-1.05564759101112
G5A,0.976938907673845
G5C,5.95804890134909
G5D,-1.19925918151291
G5E,-0.183739077742024
G5F,-0.00845529585297239
G5H,1.25054449421818
G5I,2.60149588941617
G5K,0.373237268681642
G5L,1.89208777922323
G5M,1.74096540317894
G5N,-0.276788517694194
G5P,-1.22460679626964
G5Q,1.46017836660599
G5R,1.37830199381784
G5S,0.759789800699
G5T,1.5311788144006
G5V,6.19054587775255
G5W,0.279885987223115
G5Y,0.261628712717387
P6A,-1.28640436855636
P6C,1.82846547247951
P6D,1.02070550980361
P6E,0.839848802936832
P6F,2.23133905428725
P6G,-1.12162452452287
P6H,-0.279590282316255
P6I,3.8092696953872
P6K,-0.418149459040361
P6L,5.10875798826756
P6M,2.95874878387967
P6N,1.33588315609125
P6Q,2.58820502938864
P6R,-0.476235633129542
P6S,0.10337350413693
P6T,0.542543023027742
P6V,1.42589896194376
P6W,0.132575828280666
P6Y,0.304293206411441
Q7A,0.547412112492702
Q7C,0.516537877537685
Q7D,-0.0239247199061674
Q7E,-0.236549632760595
Q7F,-0.749598385149734
Q7G,1.47309235215082
Q7H,0.32609231234891
Q7I,1.4165945638651
Q7K,1.12439330035917
Q7L,0.797916335711813
Q7M,0.671028478121675
Q7N,-1.57714359555518
Q7P,-0.365448138094774
Q7R,-1.47551205061108
Q7S,0.927826032533037
Q7T,-0.0386982785503699
Q7V,3.44925116197863
Q7W,-0.205099074977712
Q7Y,0.418738499911337
N8A,3.55690775158953
N8C,1.02960874151229
N8D,0.235812372289766
N8E,0.00213198511557566
N8F,0.845100577235472
N8G,0.00188705377582786
N8H,-0.316755868189274
N8I,1.34567580134563
N8K,-1.70673464663404
N8L,1.9130839264641
N8M,0.0245795823463364
N8P,-2.01864128941225
N8Q,0.862266405599818
N8R,1.39759864073714
N8S,1.26124710958543
N8T,2.33840780016793
N8V,0.401565686856536
N8W,1.02268512951226
N8Y,-0.229396599901639
Q9A,0.687165363756247
Q9C,2.77679152479002
Q9D,-0.809711844603194
Q9E,-0.454694873520241
Q9F,-0.380046735607207
Q9G,-0.955280661212719
Q9H,0.75068899146076
Q9I,-0.656161686521649
Q9K,-0.361698470764119
Q9L,1.08059014193167
Q9M,1.71796774046761
Q9N,-0.935214487574101
Q9P,-0.767831906084429
Q9R,-0.58389088802653
Q9S,-0.181754028222867
Q9T,-0.717594634770596
Q9V,0.392231337706293
Q9W,1.40307375873077
Q9Y,1.30279074269961
R10A,-0.108663170333659
R10C,1.35075929075375
R10D,1.03224756829065
R10E,-0.90034173249312
R10F,-0.389758695232038
R10G,0.825810348904668
R10H,1.42039034843947
R10I,-0.458229623141438
R10K,-1.36095243993329
R10L,-0.549291539722431
R10M,1.54755382725872
R10N,1.20138522959437
R10Q,0.818509796086487
R10S,-0.628356204449979
R10T,0.991934524409191
R10V,0.677062536210586
R10W,0.157746130408797
R10Y,1.36259776233337
N11A,-0.186480495472302
N11C,1.34782307495545
N11D,0.353627576762434
N11E,0.212513958570542
N11F,0.451053967711013
N11G,0.235978513039047
N11H,3.95429903426849
N11I,2.52057114374396
N11K,0.924140820280958
N11L,-0.315219341610122
N11M,0.229652698731477
N11P,-1.85295818134499
N11Q,-0.289706919427285
N11R,-0.0690603070264085
N11S,-0.51128229562134
N11T,0.970182704487742
N11V,2.14915578338355
N11W,1.17182245317952
N11Y,-0.652476391107596
A12C,-1.34586571314646
A12D,1.38914727405357
A12E,-0.289565535302625
A12F,0.189667923788481
A12G,-1.20477884382243
A12H,2.02799091904648
A12I,0.22582442897965
A12K,-0.678916727485378
A12L,2.58326014609909
A12M,0.811592264767936
A12N,0.311968072890058
A12P,0.861200169972753
A12Q,1.30408512522066
A12R,-0.480640164264797
A12S,0.535800037922353
A12T,0.754608183996841
A12V,0.349896034436848
A12W,1.67552286457857
A12Y,1.01316623988055
P13A,-0.282988690175594
P13C,2.0568001913872
P13D,-0.480127098198701
P13E,0.0530178485558579
P13F,0.828134054371597
P13G,-0.388914538892046
P13H,-1.16897209363469
P13I,0.533995851279901
P13K,0.168801922830009
P13L,1.58281768372262
P13M,1.69371408920439
P13N,0.0640976552702668
P13Q,-0.38303218957509
P13R,3.62233785550163
P13S,0.878007648496965
P13T,-0.238552073486121
P13V,0.533167745420239
P13W,1.35047912497163
P13Y,0.7595021943393
R14A,0.833743775039675
R14C,0.429189490237011
R14D,0.445673877116896
R14E,0.339337274075331
R14F,0.981219722201167
R14G,0.832794366669616
R14H,-1.42497839282181
R14I,0.339958831197675
R14K,0.282527182244455
R14L,0.952728068959683
R14M,1.03145992855519
R14N,-0.0347701914484836
R14P,1.10686355566436
R14Q,-0.897661770130698
R14S,-1.29164874462062
R14T,0.113425801431181
R14V,-0.0780769288647752
R14W,0.824567067178364
R14Y,0.811492376208664
I15A,1.36796681665708
I15C,1.76237519873374
I15D,-0.96059726576839
I15E,-0.922781464176106
I15F,-0.43741514944672
I15G,-1.53439822155959
I15H,1.96619865284997
I15K,0.155261615770792
I15L,-0.93623876930099
I15M,1.46701500185386
I15N,-1.42497839282181
I15P,-0.398447483930568
I15Q,-0.679171074351308
I15R,2.98242146244652
I15S,0.116260318686948
I15T,-0.210795277466628
I15V,-0.53763954421877
I15W,0.35276652578913
I15Y,1.13478461458064
T16A,0.116964655203256
T16C,-0.290532062128247
T16D,-0.120521298347766
T16E,0.463380264947873
T16F,2.66356915007603
T16G,-1.09029675891604
T16I,0.416254010528693
T16K,-0.651785249476745
T16L,0.834569345827345
T16M,1.17202673427432
T16N,0.413821783213481
T16R,-0.105085094117365
T16S,1.5008881682106
T16V,1.1878560962339
T16W,0.934678675428169
T16Y,0.933684630608927
F17C,0.111028449866834
F17D,0.0578496811169918
F17E,-0.75778405303904
F17G,0.538016875979188
F17H,-1.79322842915192
F17I,1.88888139192907
F17K,-0.424064620165885
F17L,-0.422976495794337
F17M,-0.970528350591291
F17N,0.167040898500051
F17P,-1.33528996725284
F17Q,-1.37309136590187
F17R,1.18225768864017
F17S,2.31949517809129
F17T,0.508652898184973
F17V,0.599695738175708
F17W,-0.570138987919034
F17Y,-0.408076813650441
G18C,-0.384554463081578
G18D,0.527118357222294
G18E,-1.11621426290905
G18F,-0.279473695530159
G18H,0.253105383487738
G18I,1.12689468749522
G18K,5.07819523564293
G18L,-0.347685712107653
G18M,0.868955215898
G18N,-0.775673753349607
G18P,3.25648327467644
G18Q,-1.57043724832433
G18R,0.344231031022968
G18T,-1.206866625204
G18V,0.207328764217976
G18W,0.941507169989704
G18Y,0.85214996832473
G19A,0.684639418757718
G19C,0.933605675054685
G19D,-1.75264637439653
G19E,-0.782870140729778
G19F,0.321494621952764
G19H,-0.0362472963633722
G19I,-0.623393679856515
G19K,0.0373518891566309
G19L,3.82770678542514
G19M,0.452721535106432
G19N,0.744846422604028
G19P,-0.405841933852067
G19Q,0.689768783591601
G19R,1.55012072242956
G19S,0.018510601793926
G19T,0.746963877638124
G19V,-2.10171308632432
G19W,-1.87745211687229
G19Y,0.31314860566218
P20A,2.04035067315071
P20C,0.836126698760662
P20D,0.812219196883594
P20E,0.53344427578067
P20F,0.822579632970293
P20G,-0.214348881711002
P20H,0.102068035857018
P20I,-1.21315388937978
P20K,1.76126706743324
P20L,0.0190564969802414
P20M,0.645387340367757
P20N,0.326329963403687
P20Q,-1.32351739995025
P20R,-0.441307241539125
P20S,2.37652750000741
P20T,0.780882636260911
P20V,1.23530629127427
P20W,1.42903332252601
P20Y,0.0311706061068086
S21A,3.27585772332152
S21C,1.46646964948657
S21D,-0.403056122692848
S21E,0.475993242547615
S21F,-2.25678905398058
S21G,-1.09403495287327
S21H,0.29935128069905
S21I,0.296757252875498
S21K,0.428713568038828
S21L,-1.2621384238788
S21M,1.5489981955521
S21N,1.88062305154245
S21P,-0.857910879258529
S21Q,2.82451471612341
S21R,-1.4580603342026
S21T,0.723318062958784
S21V,0.372495547577008
S21W,0.729855290373586
S21Y,1.30273753618927
D22A,-0.0745749258579361
D22C,0.52192915564194
D22E,0.16358085020494
D22F,-1.44628476848821
D22G,-2.03174396465981
D22H,0.663614209481575
D22I,-0.330464311299259
D22K,1.27191418784683
D22L,0.0906921004517065
D22M,0.585968576962074
D22N,1.8111112739415
D22P,-0.856623127401515
D22Q,-0.522442257508451
D22R,-0.105235894510982
D22S,0.321958682780821
D22T,-2.55486786011002
D22V,-1.21153265552609
D22W,0.368569472373126
D22Y,-0.815032969181476
S23A,-0.436929892574536
S23C,0.841172853834037
S23D,-1.37614852527253
S23E,0.0821916915132464
S23F,0.639209991118437
S23G,0.171430837010685
S23H,0.822624610071584
S23I,1.4422877119646
S23K,1.77180568361321
S23L,-0.534278640965225
S23M,0.238030490136566
S23N,-0.0652383230854731
S23P,1.19188509828835
S23Q,-1.92066974508126
S23R,0.850374330156057
S23T,-2.54345476703181
S23V,0.389381655888875
S23W,1.81187769904879
S23Y,0.082877684654834
T24A,0.541996092322683
T24C,0.209885489976953
T24D,0.30943228869704
T24E,-0.688914020558569
T24F,-0.580168035716683
T24G,-3.25648169969106
T24H,0.210459982552777
T24I,0.100867140748247
T24K,0.443972391693748
T24L,-0.930494424647937
T24M,-1.21500462856148
T24N,-0.352429790075826
T24P,-0.985664563343393
T24Q,0.838989005479891
T24R,3.45164313982167
T24S,1.19178595270716
T24V,1.64760723306692
T24W,1.73590891872222
T24Y,1.27272033640046
G25A,-1.72989970527908
G25C,0.964397427350021
G25D,-0.870615722296781
G25E,-0.684002059363341
G25F,1.74025176289353
G25H,-0.22027964556042
G25I,1.12254878160668
G25K,1.36779582633435
G25L,2.00487449198528
G25M,3.43989024681673
G25N,2.34083546219761
G25P,0.806830001490094
G25Q,1.6323591778052
G25R,-1.54543930982135
G25S,-1.26203967323077
G25T,0.164239227524279
G25V,0.495343079193972
G25W,0.883754489677851
G25Y,-0.487536397629367
S26A,0.269183258728425
S26C,3.4888548661001
S26D,0.831316330377233
S26E,1.09899348523992
S26F,0.68737680765169
S26G,16.0695206960343
S26H,-0.471065453294213
S26I,1.2809133925619
S26K,0.292373227603199
S26L,0.709413973273285
S26M,-0.0360174397830295
S26N,-1.08617443878798
S26P,-0.649947687212454
S26Q,-0.922296121695
S26R,-0.411499426127715
S26T,0.972627383752797
S26V,1.61840334810171
S26W,2.30891079356127
S26Y,-0.442942282956856
N27A,0.335423063215856
N27C,0.88666405908594
N27D,-0.166980628678494
N27E,0.685318196407213
N27F,0.895695609401468
N27G,-0.389052440043246
N27H,1.04428550864107
N27I,-0.63559022604479
N27K,-0.166324575988366
N27L,-0.254698801183507
N27M,-0.700573805766261
N27P,0.857635914403836
N27Q,-0.301192681881905
N27R,3.16530618203928
N27S,0.0831652667456978
N27T,1.27482104022696
N27V,1.17530856942258
N27W,3.58457047237232
N27Y,1.05825991208599
Q28A,1.73179164154343
Q28C,-0.0218885688954232
Q28D,0.701245014238959
Q28E,0.0480758803743802
Q28F,2.11244889730626
Q28G,-0.644186393428556
Q28H,0.518357429019855
Q28I,1.2211982221096
Q28K,-0.0745429264280634
Q28L,-0.113819806712262
Q28M,-0.410828181783242
Q28N,0.112969326631529
Q28P,-1.78844997246331
Q28R,0.595215269035855
Q28S,1.05918998832974
Q28T,-0.620864433445775
Q28V,-1.85066159336759
Q28W,1.4735891670077
Q28Y,1.11924374612069
N29A,1.16873573188987
N29C,-0.782469360327726
N29D,-0.64652905124782
N29E,-0.845252932192718
N29F,1.98860222113076
N29G,-1.29543936217057
N29H,2.06660293133775
N29I,0.710466905192107
N29K,2.34502144226489
N29L,1.15662526225
N29M,0.233775502512818
N29P,1.29727296398828
N29Q,0.82344440135788
N29R,1.25887262305374
N29S,-0.876190058248055
N29T,-0.703296572467125
N29V,2.74519166014199
N29W,1.71827577443952
N29Y,-0.127765436300909
G30A,0.766449342531907
G30C,-0.112918167711026
G30D,0.0160295738913127
G30E,3.67577945441338
G30F,0.0996459712156175
G30H,-0.986526731472543
G30I,2.8125385709728
G30K,0.26451850631988
G30L,-0.831880315118988
G30M,-0.498427994636471
G30N,-0.134382533591631
G30P,-0.451256509876131
G30Q,-0.805672442589979
G30R,-0.159140334641826
G30S,0.529861478511113
G30T,0.395696809438687
G30V,0.209870237482589
G30W,1.43039968169706
G30Y,2.43320914476149
E31A,-0.104142143063349
E31C,-0.529848035802043
E31D,0.318585326371233
E31F,-0.384193788932675
E31G,0.651584369240757
E31H,0.161599242472069
E31I,-0.143496376386443
E31K,-0.17128764074474
E31L,0.691931365556759
E31M,-0.0973348977472836
E31N,-1.7105004319044
E31P,1.75237078022294
E31Q,1.1180598914222
E31R,0.574218118587165
E31S,-0.402516547645645
E31T,-1.42898325916887
E31V,0.0659973446431044
E31W,2.77536487070732
E31Y,-0.495324919451278
R32A,-1.06391472388696
R32C,1.78107483254336
R32D,1.18718618508051
R32E,-0.175111628503947
R32F,1.2599400818905
R32G,0.261092467412696
R32H,1.52425415524899
R32I,0.647653426760993
R32K,-1.4650080514608
R32L,0.0943085399163059
R32M,-0.098947026231189
R32N,0.769954687439832
R32P,-1.51738114684539
R32Q,-0.0442770880825648
R32S,1.86071784626164
R32T,-0.113485934512442
R32V,0.296149052930954
R32W,1.39513334925848
R32Y,1.00155566579861
S33A,-0.902483522403153
S33C,-0.0718487995992402
S33D,2.65415575325547
S33E,0.199438748910231
S33F,1.04501776241492
S33G,-0.775446366698909
S33H,-0.017505210172787
S33I,0.345157801595757
S33K,-2.48785137637696
S33L,-0.508655114222783
S33M,0.791993342743586
S33N,0.0649402432450173
S33P,0.0539281405201342
S33Q,1.61689990693598
S33R,-3.32738746656986
S33T,0.505494028274003
S33V,0.789543903736323
S33W,2.35118696735257
S33Y,-0.618538569519835
G34A,-0.258360396184487
G34C,0.856087364986974
G34D,0.398243967034141
G34E,1.39596709474631
G34F,1.52356885413252
G34H,0.259880390011664
G34I,1.49301996517835
G34K,-0.932788098397879
G34L,0.319244204389365
G34M,1.86179262165465
G34N,1.14343557255369
G34P,-0.309860914364642
G34Q,0.613641783937594
G34R,-1.63616903758336
G34S,-1.45044752164849
G34T,0.242400303112905
G34V,1.04702845969842
G34W,1.01536757553262
G34Y,1.86069098750056
A35C,1.23606993177049
A35D,-0.48561301804174
A35E,0.429816692973736
A35F,1.91686407721393
A35G,1.38077215437245
A35H,1.01851117435191
A35I,1.96862811457772
A35K,-0.944286514968387
A35L,0.537173931495328
A35M,0.829598988525999
A35N,0.791936928754861
A35P,3.62394110555798
A35Q,-0.0225385398999795
A35R,-1.02141309547287
A35S,2.21884105937453
A35T,1.56904629320155
A35V,3.20897687454067
A35W,0.289441416134856
A35Y,-0.263217916655959
R36A,0.901647586103532
R36C,5.64206754937244
R36D,1.55686483215001
R36E,1.37849213336571
R36F,2.64542585572779
R36G,1.14806649640068
R36H,1.2047421134426
R36I,1.60210724056309
R36K,1.8670982850368
R36L,4.23980087487283
R36M,6.02545217519831
R36N,0.19430122277609
R36P,3.35249406142394
R36Q,1.71082689340714
R36S,0.459882905778689
R36T,1.41726157696596
R36V,1.04223361381534
R36W,2.73214410366462
R36Y,2.99335456404817
S37A,0.803298983233361
S37C,0.0620089433850675
S37D,1.72346644604636
S37E,0.366419736851213
S37F,-0.0997295390782516
S37G,-0.341641006834205
S37H,-1.01938754892062
S37I,0.777282209878197
S37K,-0.0211803846763513
S37L,1.40197200770756
S37M,2.27449957655962
S37N,-1.18257820016391
S37P,-0.3523299386099
S37Q,-0.324672161092582
S37R,5.2424557054432
S37T,0.865403543698207
S37V,2.15905325367293
S37W,0.622284948380043
S37Y,2.29503962023176
K38A,5.32299747172323
K38C,4.17924351503008
K38D,1.86991676480852
K38E,4.50305953040176
K38F,1.04313628126006
K38G,7.27293083419219
K38H,1.82929588000468
K38I,3.25989782968883
K38L,1.89110761514892
K38M,2.46308439712657
K38N,1.24185733947813
K38P,3.18309338537108
K38Q,2.5982071519878
K38R,-0.37461472674623
K38S,3.64925827087997
K38T,4.02600359693073
K38V,2.36583479482359
K38W,3.06891456405017
K38Y,3.99990868901958
Q39A,0.700336673295531
Q39C,1.54251900251156
Q39D,1.51374326326031
Q39E,2.81464521842968
Q39F,2.64415477980593
Q39G,0.499463244712802
Q39H,0.512839941443341
Q39I,1.41673114829236
Q39K,-0.609532431613454
Q39L,1.2199949839415
Q39M,0.982859854949057
Q39N,2.11910262933503
Q39P,1.8075856216434
Q39R,-1.2368311191917
Q39S,0.741264480792442
Q39T,0.576371294919775
Q39V,1.01918790391299
Q39W,1.23197930722068
Q39Y,1.5663386148846
R40A,3.34490535473284
R40C,3.72819671121118
R40D,2.65529121028838
R40E,2.21735606208215
R40F,2.69703294876175
R40G,3.16466341255457
R40H,1.58047542530498
R40I,2.34029287088533
R40K,0.131647646167482
R40L,2.4298459100791
R40M,0.760910624595589
R40N,3.30947314566915
R40P,1.51384501360305
R40Q,2.79937799045937
R40S,2.72150543778621
R40T,2.342981193969
R40V,3.02226744192667
R40W,4.51650646778345
R40Y,4.92240221534786
R41A,2.17923238066482
R41C,8.92888702479889
R41D,2.06192458351724
R41E,4.8018824180333
R41F,3.61611036419334
R41G,1.54845688305364
R41H,1.68119166923915
R41I,0.141093642763566
R41K,-0.23652135744358
R41L,1.39722246335951
R41M,1.39007103849968
R41N,1.96323004144333
R41P,0.639313272044527
R41Q,3.58234343123021
R41S,2.01096253939276
R41T,1.51215442260757
R41V,2.67123822999907
R41W,4.13233488711713
R41Y,0.904571070890978
P42A,1.83288805205707
P42C,-0.474238203279037
P42D,0.379545448370657
P42E,0.878390771306137
P42F,0.329866169246184
P42G,0.240728560593999
P42H,2.7070917502864
P42I,-0.69408092094249
P42K,1.0950216944948
P42L,1.10828672087381
P42M,0.522904785779372
P42N,-0.358416932892103
P42Q,0.471956293749428
P42R,-0.633575128501798
P42S,0.0844755057468411
P42T,-0.639233530077675
P42V,-0.0371424209177847
P42W,-0.190801222722133
P42Y,1.1634797190862
Q43A,2.65933892695185
Q43C,-0.651378977612852
Q43D,0.0816442885521344
Q43E,0.29165637847241
Q43F,0.473798292123076
Q43G,-0.120146747306386
Q43H,4.99744110690412
Q43I,0.535425490964037
Q43K,3.95392165143829
Q43L,0.21133055381302
Q43M,2.45697755610387
Q43N,0.849098444372928
Q43P,1.41772167408629
Q43R,2.79915735579699
Q43S,0.0674385382692405
Q43T,-1.24229233455389
Q43V,0.593971077417233
Q43W,0.360480138855184
Q43Y,0.0320933575498739
G44A,-0.0938632080767049
G44C,0.446417937923071
G44D,0.569512919605487
G44E,1.01036158605704
G44F,-0.514517102814417
G44H,1.26817308519714
G44I,3.06066407525646
G44K,0.446440061716677
G44L,-0.894664357955097
G44M,0.192807673966351
G44N,-0.619332834122363
G44P,-2.3338881003772
G44Q,-0.804886059373299
G44R,0.230485733856985
G44S,1.45325592434583
G44T,0.951716607647915
G44V,0.796974343609023
G44W,1.65994625600574
G44Y,0.469879215922658
L45A,0.851351497037923
L45C,-0.352508733557751
L45D,1.08565236082751
L45E,0.632396696087337
L45F,-0.886159928433501
L45G,0.00940856423756997
L45H,0.787537996343722
L45I,0.599875973009868
L45K,0.624480144540986
L45M,0.156917441816557
L45N,-0.652370737799354
L45P,-0.2684530659243
L45Q,0.667798504794092
L45R,1.39045771497959
L45S,-2.35080095041167
L45V,-0.134594148325413
L45W,-0.0588113767565677
L45Y,1.77428514263383
P46A,1.16876530129011
P46C,1.42148448056635
P46D,0.709128349376621
P46E,0.262423678919335
P46F,2.69784690922776
P46G,0.22952492522891
P46H,0.127479948062381
P46I,-0.180709216910788
P46K,-2.44464083498881
P46L,0.142268211124711
P46M,-0.538363186801748
P46N,1.17636835135494
P46Q,-0.0486764212397265
P46R,-1.29671123564845
P46S,-0.280016085851458
P46T,0.144869120010737
P46V,0.679849127718164
P46W,-0.596044592783222
P46Y,-0.782839121935592
N47A,-0.466425061450338
N47C,-0.792953591508512
N47D,0.179303772342233
N47E,1.81699184724208
N47F,0.503355281115853
N47G,0.590118794593394
N47H,1.22987678320847
N47I,0.0636612254586178
N47K,-0.148936047350775
N47L,1.04027621545826
N47M,0.32882650696482
N47P,0.38495253027285
N47Q,-2.18390053538679
N47R,-2.27293476664615
N47S,3.0603511360807
N47T,-0.740397935994434
N47V,-0.304357971955555
N47W,-0.194856095262185
N47Y,-0.374789425509064
N48A,0.866251254805914
N48C,0.137717340847032
N48D,1.39155899352192
N48E,0.328680107549533
N48F,1.26051667615933
N48G,0.187673836382579
N48H,0.601838107759095
N48I,4.09016610321657
N48K,-0.392643283654901
N48L,-0.0445845247215537
N48M,-1.40857417990379
N48P,-1.7507071121788
N48Q,0.832002494419994
N48R,-0.106132484591369
N48S,-0.21272335417936
N48T,0.372809724809679
N48V,0.373654607870077
N48W,-0.0206984036534879
N48Y,0.473447910901006
T49C,0.39815985634817
T49D,0.870007177811644
T49E,-0.422214885018076
T49F,-1.35169055325863
T49G,1.7620250549188
T49H,-1.97920341186893
T49I,0.226750953452874
T49K,-0.335930740175061
T49L,0.864229212744517
T49M,2.25516914696068
T49N,1.79684523585079
T49P,-0.0904049008845472
T49Q,1.70120095970812
T49R,0.339758275270286
T49S,0.0517513312406784
T49V,-0.607357691411727
T49W,-0.126717729727054
T49Y,0.416180357987841
A50C,0.801422568874952
A50D,-0.472051783860466
A50E,-0.890102138746882
A50F,-0.211141565956309
A50G,0.904576547228554
A50H,1.65285095584257
A50I,0.905913701907463
A50K,1.52338877515722
A50L,0.47746740330314
A50M,1.15168381870489
A50N,0.945181293731182
A50P,1.17661435077263
A50Q,3.37133637076446
A50R,0.0540506211955856
A50S,-0.611553253839961
A50T,-0.506365426244607
A50V,-0.762385274583934
A50W,0.0317597372732551
A50Y,-0.94416488075979
S51A,-1.17271900732269
S51C,-1.47207603066437
S51D,-0.345087392392312
S51E,0.245330955332709
S51F,-0.265186532776334
S51G,-2.22261029005781
S51H,-1.02693135082139
S51I,0.0260551205660661
S51K,-0.131980528480641
S51L,1.90150464067047
S51M,1.48255011089026
S51N,-0.226699655048746
S51P,1.09375840813749
S51Q,-0.827505676311623
S51R,-1.66255999059122
S51T,0.543876362286622
S51V,-0.429630242066683
S51W,0.0841659918157526
S51Y,0.500929023482921
W52A,-0.247970867859542
W52C,-0.685714125827482
W52D,-0.191459928322357
W52E,1.54625217207021
W52F,-0.00605356860519022
W52G,-0.423269877785338
W52H,-0.300340009327821
W52I,-0.109351425039001
W52K,0.315630654637468
W52L,-0.49163026163796
W52M,0.452438599958066
W52N,-0.478597311085731
W52P,0.849004111230074
W52Q,-0.98512065893311
W52R,0.743497977263984
W52S,0.0076042775958631
W52T,-0.56203977654353
W52V,0.595995670946927
W52Y,0.138176917010379
F53A,-0.187383223972012
F53C,0.701406156633265
F53D,-1.58234949531551
F53E,1.33085433170435
F53G,1.00434038216555
F53H,1.94286052929225
F53I,-0.477598745029914
F53K,-0.567045974439355
F53L,-0.561896040564065
F53M,0.381737714976499
F53N,-0.766694221433936
F53P,-0.411728807704005
F53Q,-0.813200285147999
F53R,0.323860201091994
F53S,-0.239692552766639
F53T,0.477556719111914
F53V,-0.868163480508128
F53W,0.303947435932876
F53Y,-0.569124342355585
T54A,-0.537623278078352
T54C,0.271376676472624
T54D,0.670621526663992
T54E,0.302196327027271
T54F,0.863719102078579
T54G,1.27875764161643
T54H,1.14410863696042
T54I,0.0411431124735753
T54K,2.64098983284493
T54L,3.68067647853969
T54M,0.190030938575445
T54N,-1.00946306320966
T54P,0.784320168411284
T54Q,0.0851492597418545
T54R,-1.06976902045999
T54S,0.479771953369031
T54V,-0.135642426862948
T54W,0.709077236853833
T54Y,-0.138102122083578
A55C,0.188703068590071
A55D,-0.0535089919740193
A55E,0.485592965905749
A55F,0.385782937239883
A55G,0.4881834049265
A55H,-1.19825010301836
A55I,-0.517675709051363
A55K,-1.00331056762477
A55L,-0.639193809810778
A55M,-1.00211120798612
A55N,0.695094629407955
A55P,-0.8938642921954
A55Q,-0.463038522719621
A55R,0.90774885300898
A55S,-0.224677364885992
A55T,0.531443970320308
A55V,-0.00536054118048109
A55W,0.380610922764805
A55Y,-0.608543290741077
L56A,1.68404017597566
L56C,0.530026112019796
L56D,0.073649948868842
L56E,-0.288182182380315
L56F,4.47209821816195
L56G,-1.66108641276738
L56H,-1.27784525002359
L56I,0.750351450867811
L56K,1.32952466410068
L56M,-0.0253283266253712
L56N,-1.00607805457151
L56P,1.04767027824996
L56Q,0.750759859835924
L56R,0.371068255655876
L56S,-0.302969620670672
L56T,0.0782848013383631
L56V,-0.414395376437913
L56W,-0.134845812357239
L56Y,-0.647092448435272
T57A,0.38581724840645
T57C,-0.217363573849766
T57D,-0.218614150313914
T57E,1.92090794115593
T57F,-0.676120842971833
T57G,2.8242982552245
T57H,-0.648150219377246
T57I,0.572002580329119
T57K,0.0190918936110418
T57L,0.289519741266218
T57M,3.79023249017361
T57N,-1.35574340059752
T57P,0.979637523548142
T57Q,-0.436354588522835
T57R,-1.34749240512449
T57S,0.0325002699038251
T57V,0.35494185391097
T57W,-0.970335205456428
T57Y,-0.479419046099933
Q58A,0.048984016674025
Q58C,2.82813057368252
Q58D,0.257482887084527
Q58E,-0.107725046339659
Q58F,0.0763778197298912
Q58G,1.68174125551276
Q58H,0.722623907749093
Q58I,0.620140261603935
Q58K,-0.550945436696544
Q58L,0.970707790386526
Q58M,0.572698345950868
Q58N,2.39651812694182
Q58P,-0.230947959510247
Q58R,1.2620572198618
Q58S,1.4655294252962
Q58T,1.34732571468672
Q58V,-1.19279060710289
Q58W,-1.25252473623113
Q58Y,0.183253614678212
H59A,0.770973969054385
H59C,0.237162732177258
H59D,1.25024274663345
H59E,-0.00773243819192193
H59F,-0.625267982773975
H59G,0.124208158857822
H59I,0.231647987220398
H59K,-0.872679664004826
H59L,0.350796759419363
H59M,-1.18562139380695
H59N,-1.9367364275565
H59P,-0.593549842667551
H59Q,0.135150870456592
H59R,-2.24227093287811
H59S,2.39636385634978
H59T,0.118639017848283
H59V,0.337855725345117
H59W,-0.459034294224877
H59Y,1.84985959506867
G60A,1.96689883686731
G60C,-1.03765096350698
G60D,-1.14711000215017
G60E,-0.82031026743966
G60F,1.3705618620981
G60H,-0.722238719697296
G60I,0.578236800667492
G60K,0.35661808913374
G60L,-0.0985217899910897
G60M,0.364406866231514
G60N,-0.96887137727118
G60P,0.313565444229834
G60Q,-2.23954973358488
G60R,-0.952354443654638
G60S,0.799984587969549
G60T,-0.118860609280197
G60V,-0.217539567933943
G60W,0.562811802876036
G60Y,-0.409818068564071
K61A,1.08809062637317
K61C,0.527214000190959
K61D,0.521834811252959
K61E,0.218004345093712
K61F,0.2434169761653
K61G,1.11375797237427
K61H,0.569385351817222
K61I,0.47850466605416
K61L,1.30165238328007
K61M,-0.681555587998371
K61N,0.321895021429548
K61P,0.78584524284994
K61Q,1.31632906348367
K61R,1.56485202045127
K61S,-0.100327410588089
K61T,0.741597230789077
K61V,0.903966651135553
K61W,0.635376554076453
K61Y,0.0942011127481081
E62A,3.01738995774771
E62C,0.773702490720923
E62D,1.19132172002958
E62F,0.0729032986918365
E62G,0.531923827578351
E62H,-1.85838682485261
E62I,-0.261643188831283
E62K,2.15167875807584
E62L,-0.0507075158613425
E62M,-0.0308207060109641
E62N,1.19849301048835
E62P,0.450477559334454
E62Q,-0.283649445384932
E62R,-0.877928656013026
E62S,-0.912075190533111
E62T,1.08082229862338
E62V,0.197317532337974
E62W,-1.15957576566795
E62Y,-1.09485568866108
D63A,3.60909760603649
D63C,0.659473224081941
D63E,-0.663940666839848
D63F,-1.77119793588302
D63G,1.24694432109413
D63H,-0.401683349943023
D63I,1.84097305485572
D63K,0.514019777393242
D63L,-0.72318036618655
D63M,-0.17241795431706
D63N,-1.0700401545884
D63P,0.514146341840559
D63Q,0.738982214443328
D63R,0.878811238840564
D63S,-0.518296666624473
D63V,-0.669905412417924
D63W,-0.564993417916589
D63Y,-0.236805097719659
L64A,-1.86909033430591
L64C,-1.94896314044611
L64D,4.30947794796398
L64E,0.804838063801433
L64F,0.807977560752118
L64G,0.196355148036476
L64H,0.175859363824916
L64I,2.02421169932353
L64K,0.905783251217638
L64M,0.044468019559885
L64N,1.18375780888094
L64Q,1.33987397888997
L64R,0.783626519229669
L64S,-0.42864145886708
L64T,-0.689973685757655
L64V,0.620255954053999
L64W,-0.120166842522732
L64Y,-0.704841391899801
K65A,-0.572309398357643
K65C,0.346047806157422
K65D,0.61079226114351
K65E,-0.572449714833127
K65F,0.26835236912187
K65G,0.106289990306514
K65H,0.599885607505622
K65I,0.350090330224998
K65L,0.546965258336583
K65M,-0.0195913161721237
K65N,0.41884526625101
K65P,-3.10453290326956
K65Q,0.311316101037933
K65R,-0.425999214779623
K65S,-0.361897237358045
K65T,0.015329064760537
K65V,2.91208564379251
K65W,1.06239389040688
K65Y,1.26267149072658
F66A,1.20387634713143
F66C,-0.579657031857625
F66D,-1.87486694974293
F66E,0.398803848881714
F66G,-1.2567017121597
F66H,-0.457873603511412
F66I,1.03543026928294
F66K,-0.590158155943139
F66L,-0.163926819282112
F66M,-0.857744654545436
F66N,0.440566525269961
F66P,0.422319139189349
F66Q,3.42594926949873
F66R,-0.619614651579499
F66S,-1.46964843145788
F66T,-0.094668704531879
F66V,-1.83797912448839
F66W,-0.294963076233678
F66Y,-0.155839898194011
P67A,0.620036930340191
P67C,-0.79069124208918
P67D,1.57031252092589
P67E,1.05058161908474
P67F,-0.483754362249482
P67G,1.70777419642309
P67H,0.0768314508894656
P67I,-0.808366469682917
P67K,0.22170946325534
P67L,0.20666141342293
P67M,1.10175136969397
P67N,0.911451339869064
P67Q,-1.52565657037145
P67R,0.661382930769656
P67S,-0.11738084693909
P67T,0.859706786195889
P67V,-0.12433677055452
P67W,1.39263509844204
P67Y,-0.394436376386132
R68A,0.423131222905728
R68C,-2.8331550054401
R68D,4.20628385535535
R68E,-1.32038315902454
R68F,0.0891563534272478
R68G,-1.1143268195848
R68H,-2.78321512350283
R68I,-0.532759259412726
R68K,2.94481084640717
R68L,-0.528907461361362
R68M,-0.554381029798743
R68N,1.47858612811759
R68P,-0.805679457555902
R68Q,0.450650964227611
R68S,3.25192540242654
R68T,1.48070133108456
R68V,-0.638010743012325
R68W,1.51325028450103
R68Y,0.506717089569245
G69A,-0.789336954307215
G69C,-0.396602479794295
G69D,0.0463532052006845
G69E,0.208261616825289
G69F,-0.46913930438821
G69H,0.681803417605512
G69I,-0.535475642209294
G69K,1.6700083468272
G69L,-0.633786892987842
G69M,0.0763664872722988
G69N,0.950559126771979
G69P,-1.66410687400818
G69Q,0.373957232031662
G69R,0.132660672041468
G69S,-0.824564437305883
G69T,-2.32743290008054
G69V,-0.633575128501798
G69W,-0.0283178253425949
G69Y,0.975680334610513
Q70A,0.250645088541652
Q70C,0.836318004555481
Q70D,0.473439065220701
Q70E,-0.271650688243988
Q70F,0.956616407065804
Q70G,0.387509665266849
Q70H,0.0124366373646036
Q70I,1.09877254322445
Q70K,-0.215162713475164
Q70L,0.194276084288528
Q70M,1.1429499801594
Q70N,-0.530784049859772
Q70P,-2.06973948601875
Q70R,-0.69290666705832
Q70S,-0.178086902168301
Q70T,0.33432442336049
Q70V,-1.22586307044289
Q70W,3.76340856557007
Q70Y,-0.0164587244270499
G71A,0.846879825570853
G71C,0.579581418158813
G71D,-0.375153038770181
G71E,0.301648269161822
G71F,-0.872679664004826
G71H,-0.163780994459865
G71I,0.800607164846358
G71K,-0.402414611679939
G71L,2.14775637122182
G71M,0.117437453871109
G71N,-0.224331064719594
G71P,-0.585207191013086
G71Q,-1.63952112301263
G71R,-1.5141873729754
G71S,-0.447811551838391
G71T,0.112061711993509
G71V,-1.00563771970708
G71W,1.06302897532712
G71Y,-0.113929909345186
V72A,-0.279402190819544
V72C,1.25346096719682
V72D,0.223703639333892
V72E,0.169730566424861
V72F,0.812089694933494
V72G,1.30234640708241
V72H,0.241230383410084
V72I,-1.205360663479
V72K,0.845342047010055
V72L,-0.359742162176417
V72M,1.32130594613644
V72N,0.074464112844123
V72P,0.432899802379727
V72Q,0.0337631020780706
V72R,0.616897473819596
V72S,-1.29815486602065
V72T,-0.332321328594924
V72W,0.629750311764758
V72Y,-0.419916619731188
P73A,0.666777467697421
P73C,-2.2817726631403
P73D,0.486315655133996
P73E,2.94853635666952
P73F,-0.0877424949626338
P73G,-0.581781553395616
P73H,0.0748089274092809
P73I,-0.0440015405865153
P73K,0.292581129514772
P73L,-0.298893812482446
P73M,-1.47918832548901
P73N,-0.0197803485032449
P73Q,0.756320176679634
P73R,-1.18245659028477
P73S,0.0514081737283024
P73T,-0.141563591532817
P73V,-0.6801903672236
P73W,-0.76632784258943
P73Y,0.0473044838949176
I74A,1.54969726320009
I74C,0.136108979484319
I74D,0.716820116401978
I74E,1.86222771718585
I74F,-0.199652292394327
I74G,1.19646748658531
I74H,-1.06626225682796
I74K,0.704842828860371
I74L,0.23103466778201
I74M,-0.6153691259497
I74N,-0.720390679787933
I74P,1.04808310756835
I74Q,1.07637355050057
I74R,0.882803011927057
I74S,0.723038725232756
I74T,-1.15412690732003
I74V,0.786871472517478
I74W,-0.380204472060076
I74Y,-0.195374164825344
N75A,-0.720848724546413
N75C,-1.47636003678164
N75D,-0.478983693013873
N75E,-0.426975458390412
N75F,-1.79010061751203
N75G,1.82329473575505
N75H,-0.444717364037906
N75I,0.133520243570769
N75K,0.355167862946248
N75L,1.03506178335174
N75M,-0.127730118953162
N75P,-1.68784425450915
N75Q,2.78491538513301
N75R,0.714374442856866
N75S,0.240163712476144
N75T,0.246992956954803
N75V,0.174644997496047
N75W,0.629592830840447
N75Y,-1.49602450307836
T76A,-1.35302263878766
T76C,2.10357930049377
T76D,-0.462374898345428
T76E,0.963262884637892
T76F,0.144306696985922
T76G,0.161135372319233
T76H,-0.307871311817907
T76I,-0.186197524375493
T76K,-0.92528417913792
T76L,-0.100087840393672
T76M,-0.420836981033669
T76N,-1.17910066263392
T76P,0.551181337339252
T76Q,0.234328022271826
T76R,1.90950621797797
T76S,0.71270546821232
T76V,0.144799324859706
T76W,0.382462546689737
T76Y,-2.15801041474001
N77A,-1.08616448086022
N77C,-0.125882150556308
N77D,-0.217180835056927
N77E,-1.90678792392433
N77F,3.47548728663451
N77G,0.536516284262242
N77H,-1.78409383998887
N77I,-0.386129769902347
N77K,1.05240318944728
N77L,-0.25949053317316
N77M,-0.147162206291039
N77P,0.0615681769389963
N77Q,0.933151827155892
N77R,-0.0924429819086059
N77S,1.08240566367555
N77T,-0.416086308959121
N77V,0.174114691952001
N77W,0.802849016429319
N77Y,4.03132490256168
S78A,0.480419681375352
S78C,-0.287936297702786
S78D,0.0790086356160587
S78E,-0.26915132269748
S78F,0.420240093278752
S78G,0.730856445304152
S78H,-1.45272539806012
S78I,-0.669649016020275
S78K,0.230080289079885
S78L,0.788345644601182
S78M,0.811656228890201
S78N,0.382765316974486
S78P,0.291635955096861
S78Q,0.570005334959204
S78R,1.55116218570908
S78T,-0.367445058812087
S78V,0.60406399532566
S78W,16.0695206960343
S78Y,-0.245337436315878
S79A,1.88620513992394
S79C,-2.90503352442493
S79D,-0.784019796193807
S79E,-1.71337118629056
S79F,-0.873589773570757
S79G,2.29967925928868
S79H,-0.19264858245949
S79I,-0.581204515453825
S79K,-0.229021688485521
S79L,1.60384605566313
S79M,-1.99665030203005
S79N,0.0856410294897388
S79P,2.06432458872167
S79Q,1.9879987700295
S79R,-0.202029592950985
S79T,-0.039509531340197
S79V,0.800556811799615
S79W,1.29585162820971
S79Y,1.06353660428149
P80A,0.207225972938625
P80C,0.404591358348222
P80D,0.345476734273563
P80E,-0.444061864650484
P80F,0.434073081832224
P80G,-0.070418844475709
P80H,-0.760303084819731
P80I,-1.02508023749654
P80K,-0.431248173297805
P80L,-0.429704313670382
P80M,1.06384551066655
P80N,0.0108709840548391
P80Q,-0.107500112763078
P80R,-0.275155676311444
P80S,1.53641382823857
P80T,0.624747859798303
P80V,0.993312331224856
P80W,-0.0811134420104784
P80Y,-2.54404249185084
D81A,0.722713546513526
D81C,1.37674505820751
D81E,-0.431458491279946
D81F,-1.76432572113862
D81G,-1.4208481850624
D81H,0.172608457073414
D81I,2.12460532683113
D81K,1.0318730956911
D81L,0.996118829175414
D81M,0.624671056296076
D81N,-0.823194586591436
D81P,1.05953720057832
D81Q,-2.34044810580327
D81R,2.59945380096338
D81S,0.583194632356545
D81T,0.660533395135127
D81V,0.550009656429457
D81W,-0.48873826041375
D81Y,8.46862338007639
D82A,0.303072288588784
D82C,2.34841050180768
D82E,-0.81080416404085
D82F,0.483201988786259
D82G,0.732542114813664
D82H,-0.0773431929073516
D82I,0.288291444763501
D82K,-0.553459618150783
D82L,0.0155728875040206
D82M,0.182523929348154
D82N,0.224645608035026
D82P,-2.0321824603902
D82Q,0.694341433113718
D82R,1.7372546022794
D82S,-0.796745833374542
D82T,0.737243744404769
D82V,-0.804640289845092
D82W,1.01064075931856
D82Y,-1.57593218373942
Q83A,0.759268391162992
Q83C,0.429672476851101
Q83D,-0.863090791670709
Q83E,-0.639971293811217
Q83F,0.716828503593749
Q83G,-0.744049431413533
Q83H,0.011042934168554
Q83I,-0.760421705206412
Q83K,0.287135805142952
Q83L,0.609012821766168
Q83M,-1.66794699728533
Q83N,0.772815810304016
Q83P,-0.00221879860094181
Q83R,0.419387786921865
Q83S,1.51450510100753
Q83T,0.260091602174614
Q83V,0.548330551119598
Q83W,1.82430787717194
Q83Y,-0.702651837486778
I84A,-1.59087913740918
I84C,-0.812144966242267
I84D,0.530126202014695
I84E,0.287188196234005
I84F,3.56090108108405
I84G,0.320456950778179
I84H,-1.13955770014714
I84K,1.97241427244308
I84L,-0.339922305050016
I84M,-2.09100633616228
I84N,-0.951672190652524
I84P,-0.494348467987519
I84Q,0.187197255974821
I84R,-0.777149584030662
I84S,0.103546744701143
I84T,2.68972246261058
I84V,0.677818823862087
I84W,0.31645604282325
I84Y,-0.698777715377565
G85A,0.0154427266041205
G85C,-1.13435700406692
G85D,2.00574374774922
G85E,0.737835539315057
G85F,3.11518083529551
G85H,-2.7519125227789
G85I,-0.344062757651038
G85K,-0.45771237341632
G85L,-0.234395425567959
G85M,0.195983242816028
G85N,-0.719689109835573
G85P,-1.59084891178266
G85Q,-0.300834146692269
G85R,0.189465030139423
G85S,0.169791514047625
G85T,-0.679078662610282
G85V,0.269116686865866
G85W,-0.513316723693225
G85Y,0.247067363612397
Y86A,0.13139681788678
Y86C,0.344503714048396
Y86D,0.352734588778043
Y86E,-0.773301794415596
Y86F,-1.50242312845065
Y86G,1.7191470806724
Y86H,1.46899845341695
Y86I,-0.160129649214991
Y86K,-0.383613294805432
Y86L,0.279547157874851
Y86M,-0.279846990467505
Y86N,-1.87556945777572
Y86P,0.805319997208561
Y86Q,-0.291947220447686
Y86R,-0.876898869285752
Y86S,0.00858403047907808
Y86T,-0.719414067137649
Y86V,0.248313664491272
Y86W,-0.650196980720388
Y87A,-0.899507828079397
Y87C,-1.69148289800833
Y87D,0.582521782989837
Y87E,-1.35843956449451
Y87F,-0.382723827622855
Y87G,-0.603804224856902
Y87H,0.368168101897621
Y87I,2.09059681538899
Y87K,-0.0336835523871081
Y87L,0.924558821098193
Y87M,-0.30602019465527
Y87N,-0.935230899689903
Y87P,0.0979539117361609
Y87Q,-0.183375535349789
Y87R,0.906888781757256
Y87S,-1.0314643312133
Y87T,-0.433539121687095
Y87V,-0.913387998447851
Y87W,-0.0452207142071066
R88A,-0.718789795915588
R88C,-2.09252120267255
R88D,-1.02247545132194
R88E,0.518127090389973
R88F,1.08383843614813
R88G,0.24512913451867
R88H,0.439337380023928
R88I,2.20150073335844
R88K,1.48892733852277
R88L,0.287404224271137
R88M,-0.474226557578933
R88N,1.45538410200132
R88P,-2.89225479648948
R88Q,0.853420221769171
R88S,0.304893642212571
R88T,0.0831261667327157
R88V,0.508746464989494
R88W,0.206452694973486
R88Y,3.66367251450341
R89A,1.0935887567229
R89C,-0.508003886382934
R89D,0.386637540071896
R89E,-0.547286450696687
R89F,0.708048586087569
R89G,0.528373852491149
R89H,0.817444073479546
R89I,7.4373384356117
R89K,-0.899348218316147
R89L,-1.47449217739
R89M,-0.352727312546558
R89N,0.437954746915122
R89P,0.542544506411345
R89Q,0.0166977356361198
R89S,-0.488915870335615
R89T,-0.3328155885802
R89V,4.4476307413017
R89W,0.00108672509790423
R89Y,-0.0695746815780131
A90C,-0.498997546676124
A90D,1.10847595819674
A90E,0.711801866790996
A90F,0.697092089487911
A90G,0.280664497783128
A90H,0.210794027957531
A90I,1.05165898236375
A90K,-0.842908780944951
A90L,1.171811029834
A90M,1.47121559260188
A90N,0.600234574446402
A90P,0.315844807976403
A90Q,0.0815555036823716
A90R,-0.341905780998593
A90S,-0.753884415698804
A90T,-0.326285317890868
A90V,0.0328487896898762
A90W,0.0774243268522318
A90Y,0.0984641380993104
T91A,-0.583982723240953
T91C,1.88954026509725
T91D,-0.67874012804002
T91E,0.0573500174473868
T91F,-0.349656252297964
T91G,-0.760473106361113
T91H,0.053020838923807
T91I,0.405550725462431
T91K,-2.09347174276616
T91L,-0.822205626427245
T91M,0.0568586672111683
T91N,0.394364868691256
T91P,0.266978771630389
T91Q,0.307478853445533
T91R,-2.16873936398212
T91S,-1.49669443245885
T91V,-0.602517343931215
T91W,0.781381235414585
T91Y,1.27959901406268
R92A,3.30010784783651
R92C,-0.888880948087919
R92D,0.225397843821123
R92E,-0.620385755386821
R92F,-1.4239097833436
R92G,0.0479686591914864
R92H,0.458196688800473
R92I,2.71427473578429
R92K,-0.39329400090977
R92L,-0.749123805016598
R92M,0.0614404199214218
R92N,-0.538567721707803
R92P,0.0670772646437771
R92Q,-0.412137179177793
R92S,1.11441066118654
R92T,0.0775231586036158
R92V,0.158165809906523
R92W,0.236390282933598
R92Y,0.736298218402928
R93A,1.25170975939149
R93C,-1.73602439642815
R93D,0.82847142067824
R93E,1.08641387738659
R93F,-2.12003011229007
R93G,1.29811465441912
R93H,0.840490805361019
R93I,0.0261906049029777
R93K,-1.01308252542491
R93L,0.810735902005887
R93M,0.810332287348117
R93N,2.19528539524583
R93P,0.0784628531256484
R93Q,1.79637387166931
R93S,0.337022233760769
R93T,-0.036197076550582
R93V,-0.370871819490531
R93W,0.56628168871611
R93Y,1.40349844366046
I94A,-0.276026258282699
I94D,0.262205207970027
I94E,0.613538203487892
I94F,-1.00933486084829
I94G,0.513207887617132
I94H,-0.159665957573677
I94K,0.161330485513488
I94L,0.13778574311351
I94M,-0.200119325691534
I94N,0.261836630670137
I94P,0.83390726269149
I94Q,0.609782294099022
I94R,-0.709652795043321
I94S,2.09454597271591
I94T,0.573784423246825
I94V,-0.672931462138811
I94W,-1.46159894308072
I94Y,-0.583081355756837
R95A,0.866251254805914
R95C,0.541539899953532
R95D,-0.650355445312291
R95E,1.38335794383179
R95F,-0.804749299931776
R95G,-1.12441229483212
R95H,0.454901288260259
R95I,-0.114472803111731
R95K,1.35678976877991
R95L,-0.724391083146917
R95M,0.0826612292602351
R95N,2.35209001114442
R95P,-0.134544655346577
R95Q,0.112108503804104
R95S,0.415486874017459
R95T,-0.363702910741705
R95V,-1.99229631386941
R95W,0.302448838781331
R95Y,3.62103877599455
G96A,-0.781765522670679
G96C,0.11641013492946
G96D,-0.48958366820985
G96E,-0.492063648191734
G96F,0.283943736939329
G96I,2.48700681940761
G96K,-0.584658902013498
G96L,-1.14638702393847
G96M,0.779154738635987
G96N,5.13215402811757
G96P,0.501283131064146
G96Q,3.08344434083595
G96R,0.915945363719253
G96S,-0.230646547354176
G96T,0.0242934787482754
G96V,-0.610982102077103
G96W,-0.57236044100141
G96Y,0.129366361923867
G97A,-0.803493466376876
G97C,-0.346045248800639
G97D,0.122533853020449
G97E,1.06917791105323
G97F,0.221246193850781
G97H,-0.554909370252592
G97I,1.31935730543647
G97K,1.08930291285868
G97L,0.741814541631057
G97M,0.069113902180313
G97N,-0.241295016529992
G97P,1.19263364695704
G97Q,0.786175965725722
G97R,-1.13904107292058
G97S,-2.06320976015616
G97T,-0.717634255266089
G97V,0.14156210284966
G97W,0.296000243908273
G97Y,-0.054764091792703
D98A,-0.740849250859291
D98C,-4.27944703321808
D98E,2.10365051788049
D98F,5.52493026493442
D98G,-0.2825662383852
D98H,-2.35146028393307
D98I,0.85892355982533
D98K,1.60158451133466
D98L,2.13244300609034
D98M,-0.704295274640832
D98N,-0.865871183422093
D98P,2.00957553756329
D98Q,-1.60199375478591
D98R,0.72310656912642
D98S,-1.29001703958281
D98T,1.79968586683751
D98V,-0.690439783919163
D98W,-0.269235935142471
D98Y,-0.0860139144237987
G99A,0.224903140010817
G99C,0.738326836307513
G99D,1.47326825749865
G99E,0.0903311628453314
G99F,-0.253224259244777
G99H,-0.656450638507044
G99I,-0.653699165876645
G99K,1.09159891294886
G99L,-1.96593009413187
G99M,0.475884778140249
G99N,0.599103437734697
G99Q,2.24441196714058
G99R,-1.08531971069909
G99S,0.309973412656651
G99T,-0.276663855997542
G99V,1.03816661880106
G99W,0.562389821642316
G99Y,0.0022337689086788
K100A,0.853563326985243
K100C,-0.779304818695834
K100D,-0.276286889108823
K100E,0.333745510963471
K100F,-0.543184747018145
K100G,0.888251009117145
K100H,-0.514953406607093
K100I,0.0313596518138435
K100L,-0.0452314790761446
K100M,-0.266278611036264
K100N,-0.873952195026657
K100P,-0.220567226884195
K100Q,-0.774946553625323
K100R,-0.563012341194955
K100S,1.21731656687217
K100T,-0.29706656246125
K100V,1.64500996673301
K100W,0.788287846613908
K100Y,0.124654179881519
M101A,1.10583889710336
M101C,0.367282661185042
M101D,-1.05935339825446
M101E,1.47881965623112
M101F,1.02276379096116
M101G,1.43085113174074
M101H,-0.559417541570564
M101I,-0.663075261442164
M101K,-0.226484684770377
M101L,-1.56127766432433
M101N,1.74004022930794
M101P,-1.18137261958943
M101Q,0.791632456313849
M101R,-0.609132494603155
M101S,-1.23090868338603
M101T,-2.5282439593821
M101V,0.344424124382775
M101W,0.622834028070747
M101Y,-0.279860389493546
K102A,-1.65076781335733
K102C,-0.64980470273616
K102D,-0.8008926860994
K102E,-0.47527715243445
K102F,0.0136765599925401
K102G,1.01325503453612
K102H,-1.26692686756336
K102I,-1.49108565510731
K102L,-0.747729181900355
K102M,-0.125332318255984
K102N,0.36206610468854
K102P,0.251879823022898
K102Q,0.116796577644826
K102R,1.05266847505054
K102S,0.352367770762592
K102T,1.74791835997378
K102V,-1.09648186926787
K102W,0.981748745209081
K102Y,1.12125433390676
D103A,-1.00594360797291
D103C,0.266311052945259
D103E,0.231608767511012
D103F,-0.719674011380112
D103G,-0.535546899491736
D103H,-0.147278611033754
D103I,-0.546276940183572
D103K,-0.449891420477491
D103L,1.24319247249367
D103M,0.0720527346789792
D103N,-0.244482913951149
D103P,-1.55752757136986
D103Q,0.644374030664841
D103R,-0.336934122666692
D103S,-1.04747523960924
D103T,-0.450764356698156
D103V,-1.05960837873082
D103W,0.936146547698904
D103Y,0.147726989498019
L104A,0.283955245251033
L104C,-1.46239210342942
L104D,-0.46858863922204
L104E,-0.118144951613548
L104F,0.975614966048138
L104G,0.224110022273643
L104H,1.50991348342961
L104I,0.144962998385061
L104K,0.276395443863406
L104M,-1.4454105797365
L104N,0.239803631188287
L104P,0.323911070577725
L104Q,-1.31010190292291
L104R,-0.00612963599021704
L104S,-1.7703910012813
L104T,2.60681777228779
L104V,1.43880849023025
L104W,1.60295566206668
L104Y,-0.524720132168061
S105A,-0.19118802417867
S105C,-0.608447077753
S105D,0.459919542366267
S105E,-0.375428280815669
S105F,0.104814495333331
S105G,0.554909967890623
S105H,0.871786554514404
S105I,-0.110114042140647
S105K,-0.332899383315248
S105L,-0.42306901983728
S105M,-0.713134173178819
S105N,1.58054707157194
S105P,-1.0802529415812
S105Q,0.723227110353747
S105R,0.130798261551836
S105T,3.44282295933906
S105V,-1.79182355136287
S105W,-0.507756553215363
S105Y,-0.980884605350782
P106A,0.21038657963799
P106C,-1.10058487310863
P106D,1.77092064665712
P106E,-1.33898092483874
P106G,1.98439773958538
P106H,-0.860682734191246
P106I,-0.0784979002766673
P106K,0.681221861607551
P106L,1.79139918705181
P106M,1.82526532661772
P106N,-2.00723705183744
P106Q,-0.16198719758112
P106R,2.36478673642555
P106S,-0.772402273652234
P106T,0.987791844549644
P106V,-0.040176272824718
P106W,-0.802407960101423
P106Y,-0.950798030657622
R107A,2.08320090605927
R107C,0.82004999515549
R107D,-1.47740243296812
R107E,-0.941237218665186
R107F,0.120222688217331
R107G,0.304341559235722
R107H,0.457776492809542
R107I,0.113952194438684
R107K,-2.48785137637696
R107L,1.3107852184205
R107M,1.69791470595188
R107N,0.809194608984794
R107P,-2.37242972903503
R107Q,-0.452384550200243
R107S,-0.70366199205962
R107T,-0.960939897179979
R107V,0.0619112575051229
R107W,-0.526194701447217
R107Y,1.40007221421193
W108A,-0.775083413042554
W108C,-1.0946981527322
W108D,-1.23003296710383
W108E,-0.663335859092065
W108F,-0.612695018349609
W108G,0.128844059663288
W108H,-1.14436743801497
W108I,-1.18416388764728
W108K,-1.60767749876076
W108L,-1.25389309990058
W108M,0.786968255700543
W108N,-0.320105628071791
W108P,0.619255270279882
W108Q,-0.922312290165029
W108R,1.30878486523504
W108S,-1.43109719258568
W108T,-0.318273691432784
W108V,1.68172488598115
W108Y,-0.161027212732503
Y109A,1.87666537315997
Y109C,-0.154641598658185
Y109D,2.38422098435248
Y109E,0.784533598567127
Y109F,0.208051947569701
Y109G,0.0353643902740568
Y109H,-0.0246624248082868
Y109I,-0.0988796398029487
Y109K,0.327680063795403
Y109L,0.778489363798595
Y109M,-0.214222526762504
Y109N,-1.21914513091807
Y109P,-0.979651280925444
Y109Q,-0.596305735947059
Y109R,-0.457257815466662
Y109S,-0.690743407898931
Y109T,5.5600695874814
Y109V,0.275193382019441
Y109W,0.66254663465516
F110A,-0.321438162788933
F110C,1.21943534339067
F110D,-1.45164917637066
F110E,0.0279772179191513
F110G,0.804006205766181
F110H,-1.22417827228395
F110I,0.0511383933306699
F110K,1.81379165050265
F110L,-1.08126296593119
F110M,-0.492664563021913
F110N,-0.284714758860979
F110P,-0.977972634787228
F110Q,0.96216239709661
F110R,1.47059594573141
F110S,-0.941763364605579
F110T,1.26451932503663
F110V,0.249615867166932
F110W,0.171650277892527
F110Y,1.08962685049517
Y111A,-0.98036453490782
Y111C,0.233620264292184
Y111D,-1.5623424782109
Y111E,0.700929983217292
Y111F,-0.795782957442682
Y111G,-1.01695806394224
Y111H,0.124153388590015
Y111I,0.447579481967691
Y111K,3.17318911163196
Y111L,-0.479382157561243
Y111M,-0.0549687310151054
Y111N,-0.49227877391182
Y111P,-0.672876196612772
Y111Q,1.71813043625518
Y111R,1.06985879513873
Y111S,-0.567061652708634
Y111T,-1.02398838816661
Y111V,-1.00041553625744
Y111W,0.554714162975991
Y112A,-1.08497104830823
Y112C,-0.311501550466407
Y112D,0.0100344627704083
Y112E,1.16336508146544
Y112F,0.241458000139837
Y112G,-1.28884635672811
Y112H,-0.00334934431731725
Y112I,0.921555956365144
Y112K,-1.93435165064105
Y112L,0.452803407019212
Y112M,0.394336566760308
Y112N,0.299710816205251
Y112P,0.656884707288893
Y112Q,1.08622428110193
Y112R,-0.0180540979934769
Y112S,-0.492487537422763
Y112T,0.440747557848596
Y112V,0.56543556032339
Y112W,-1.05192060491789
L113A,-0.0532730328238433
L113C,-0.145025608600926
L113D,-0.442793253245447
L113E,-0.576984157986208
L113F,1.97005656925504
L113G,-1.17324466237854
L113H,0.721037453073362
L113I,0.80753459096792
L113K,0.145671784411085
L113M,1.37989767083392
L113N,0.912921383422362
L113P,-0.200092404586803
L113Q,-0.892138844063342
L113R,-0.436695759073055
L113S,-0.723268982900804
L113T,-1.40446288328302
L113V,0.0725041330281529
L113W,0.46349802572073
L113Y,-0.461677551923465
G114A,-0.203003110975769
G114C,-0.508723497151003
G114D,-0.0804606123481664
G114E,-1.76190698335996
G114F,-0.0839434170877339
G114H,-0.260385849897953
G114I,-0.272502032063971
G114K,1.13372763521567
G114L,0.365791526225169
G114M,-1.34328441752896
G114N,-0.58896004607109
G114P,-0.0283665642280693
G114Q,-1.41626285428584
G114R,0.363137934204034
G114S,-0.367447527019068
G114T,0.447634583963267
G114V,-1.3207388196264
G114W,0.62533706270727
G114Y,0.353110218565462
T115A,-0.83742938125185
T115C,-1.78136918006801
T115D,-0.0607906002979633
T115E,-0.359684688391019
T115F,-0.262224654610577
T115G,-0.111197306944554
T115H,-0.0134074207455284
T115I,-1.42040898001264
T115K,-0.800693472886296
T115L,-1.77256879506851
T115M,-2.02096471187969
T115N,-1.18805873253994
T115P,-2.58154559734739
T115Q,0.965288608476989
T115R,0.305238662048999
T115S,-1.84025891891936
T115V,-0.618198416691118
T115W,1.3135701441716
T115Y,-0.301206407052249
G116A,-0.522315581338413
G116C,0.376950470315119
G116D,-1.76669490646271
G116E,-0.411173031184887
G116F,-1.1772614980675
G116H,0.527929806187505
G116I,3.49272871753969
G116K,0.182710311288454
G116L,0.421311359550875
G116M,0.126480168905367
G116N,-1.28643564506986
G116P,-0.136944761570455
G116Q,0.531139740348688
G116R,-0.771084713513747
G116S,-0.365572541392794
G116T,0.901389448770829
G116V,-0.630827037177221
G116W,-1.26063620478458
G116Y,-0.282851020579641
P117A,0.970514997113083
P117C,-0.0797383092851285
P117D,0.444448883464725
P117E,0.150493679999305
P117F,2.79872279788421
P117G,0.555913954714211
P117H,0.622450554826271
P117I,0.605240656417208
P117K,-0.464051838561055
P117L,-0.210960307376383
P117M,-0.161097696000471
P117N,0.893672364642908
P117Q,0.567724636699249
P117R,-0.163620687653199
P117S,1.46654679417418
P117T,1.53121873408513
P117V,0.774278872691122
P117W,-0.014014691506272
P117Y,0.43935216490909
E118A,-0.50817363693995
E118C,-0.463528699712159
E118D,2.58026435054933
E118F,1.14033951039654
E118G,-0.406085475659903
E118H,0.0907943918008836
E118I,1.12561369582468
E118K,0.467910956320334
E118L,2.20431570523391
E118M,0.25328390953028
E118N,1.47772401926618
E118P,-0.712490897949733
E118Q,0.349460081994473
E118R,0.362774708446962
E118S,-0.386271114706968
E118T,0.85578194860149
E118V,-1.97650952044814
E118W,2.68644898032906
E118Y,0.204601711849011
A119C,-0.2523592898628
A119D,0.929817294832896
A119E,0.190243313670687
A119F,0.482982649490448
A119G,-0.353799380251176
A119H,3.23497507788504
A119I,0.517568813428069
A119K,-0.585377587757677
A119L,1.09998543014718
A119M,0.992237361393332
A119N,0.0466596084648784
A119P,0.645922638150421
A119Q,3.74630149500555
A119R,1.83050398817302
A119S,2.58482205955477
A119T,0.0202288875495088
A119V,0.922387203728375
A119W,1.04904081311132
A119Y,1.42385329330684
G120A,-0.125242280247937
G120C,-0.215146655025875
G120D,0.157850276904325
G120E,0.456553876793466
G120F,-0.451251716235454
G120H,-0.174680766492521
G120I,-0.461310426330809
G120K,0.792796922288211
G120L,-0.855392123769088
G120M,1.32764416925354
G120N,-1.59971490140854
G120P,0.311128989244937
G120Q,-0.141329867647613
G120R,0.846314270752278
G120S,1.46644894238922
G120T,0.67435690051106
G120V,-0.180846623187635
G120W,-0.214004682427643
G120Y,0.755769948477025
L121A,-0.773517208779479
L121C,-0.18545341921091
L121D,1.7418040436336
L121E,0.975948570927075
L121F,0.717425398411095
L121G,-0.749478147350203
L121H,-0.527079666225589
L121I,2.39000841189137
L121K,0.083972953458766
L121M,-1.03196173685048
L121N,-0.694640998175822
L121P,-1.85142709109724
L121Q,0.0802199368104296
L121R,1.63456798078691
L121S,-0.421940894512699
L121T,-3.51604133852548
L121V,-0.142595940115725
L121W,-0.4521567389888
L121Y,0.128300057762615
P122A,0.259850189180277
P122C,-0.129191931000129
P122D,-1.17773252242144
P122E,1.05898038890891
P122F,0.627504085277798
P122G,-0.309524785484467
P122H,0.518257327168441
P122I,-0.393188986679193
P122K,0.526634081362582
P122L,-0.540307281703885
P122M,-0.312485017593853
P122N,1.61393495766945
P122Q,-0.744324135806608
P122R,0.239859928495045
P122S,0.443376098297107
P122T,-1.0962392803314
P122V,0.857646628591404
P122W,0.773443626174364
P122Y,0.668131759385635
Y123A,-0.311188191361855
Y123C,-2.4190081473408
Y123D,7.01808224615127
Y123E,-0.646589502952154
Y123F,-0.257808966151153
Y123G,0.271493565760077
Y123H,-0.644810555891323
Y123I,-0.849372560923221
Y123K,0.602481985155574
Y123L,-0.233415301888428
Y123M,1.27815587847039
Y123N,-1.18745398326955
Y123P,0.539227827257441
Y123Q,0.0685004685370855
Y123R,1.41647067214573
Y123S,0.786877480572233
Y123T,0.338166262343242
Y123V,0.033290344398829
Y123W,6.04765622642757
G124A,0.635084305476343
G124C,-0.0210528751962437
G124D,-1.11656842820297
G124E,0.027386729728228
G124F,-1.39758168086936
G124H,-0.0517171924081269
G124I,-0.792931761296155
G124K,0.895375461068386
G124L,-0.178111361839524
G124M,0.249306247824325
G124N,0.457535983522102
G124P,0.971954815907109
G124Q,-0.297978445771655
G124R,-0.235451733723533
G124S,-0.571955838285276
G124T,0.864145053282481
G124V,-1.15188443727101
G124W,0.129973468947847
G124Y,0.825683744279994
A125C,0.40418944790014
A125D,0.903173771845132
A125E,0.763680122128658
A125F,1.87102319464973
A125G,0.0403818259934474
A125H,1.33933443745939
A125I,1.02360904195639
A125K,-0.181808799831701
A125L,0.503943183954559
A125M,1.21984454989603
A125N,2.5641543664471
A125P,-0.555849921275499
A125Q,0.0732545892643942
A125R,0.377410598532284
A125S,-0.520101576396352
A125T,-1.44051228694146
A125V,-0.283351765716633
A125W,-0.784706236295122
A125Y,0.0310282402389181
N126A,-0.119759112954756
N126C,-0.629942972187647
N126D,0.454515745792686
N126E,-0.0476058951790773
N126F,0.560970130688734
N126G,0.636607492436053
N126H,-0.344084733534414
N126I,-0.6939672540367
N126K,-1.16779278254581
N126L,-0.0291634781753473
N126M,-1.35675347719558
N126P,0.489286574283073
N126Q,2.1219158473276
N126R,0.481061547051527
N126S,-0.840519626258378
N126T,2.50260776132829
N126V,-0.461493895360505
N126W,0.329001024440907
N126Y,-1.36665940999811
K127A,1.3210274207734
K127C,0.193555980823704
K127D,0.708255307355072
K127E,-1.20666592457141
K127F,-1.45031582327513
K127G,0.502645967396625
K127H,0.743927704468346
K127I,1.01848657089629
K127L,2.89092995558911
K127M,0.864258754123694
K127N,-0.0673022927681615
K127P,-0.889873014632501
K127Q,2.22627652254034
K127R,-0.283063887931884
K127S,0.483792190596984
K127T,0.442408955047983
K127V,0.608269650224335
K127W,0.495851408514085
K127Y,1.38612504124913
D128A,-0.849602129488988
D128C,-0.216382447589381
D128E,1.39610651350889
D128F,0.496893124029151
D128G,5.23617825117776
D128H,-2.27293476664615
D128I,-0.397292983409826
D128K,-0.192937095081893
D128L,-0.555697589765194
D128M,2.79922549115238
D128N,0.454787746574922
D128P,-0.907683117485084
D128Q,3.76497431433074
D128R,-0.427393204778433
D128S,0.00617119197683722
D128T,-0.616787906293193
D128V,0.738939279940051
D128W,-0.79255999490475
D128Y,0.277810424880535
G129A,1.17847724975299
G129C,-0.151630084302008
G129D,0.556368266310661
G129E,0.904530358606153
G129F,0.423706703503866
G129H,0.32619129012773
G129I,-0.016410361787979
G129K,1.71465235862921
G129L,-0.410056939399443
G129M,-0.479821965714815
G129N,-0.424788940768274
G129P,-0.609931441118731
G129Q,0.0312680612716547
G129R,1.90925755278778
G129S,0.87371123755437
G129T,-0.338017074156359
G129V,0.440828641631314
G129W,-0.43751141984842
G129Y,1.95494039949218
I130A,-0.891566370984004
I130C,0.237826605163356
I130D,0.795859155893362
I130E,1.18838253372169
I130F,-0.994444371042889
I130G,0.215098734549608
I130H,-0.599909987506744
I130K,-0.817150873093002
I130L,0.497836500449928
I130M,2.66033851361037
I130N,0.161081016655473
I130P,-1.09881131133857
I130Q,-1.41318814388193
I130R,0.566285587759957
I130S,0.59028576341289
I130T,2.70014747637965
I130V,1.64514822294522
I130W,-0.651782762196881
I130Y,-0.706370874818761
I131A,2.22796434533535
I131C,-0.126216655644556
I131D,0.058517119126565
I131E,0.130333110370582
I131F,-0.525532462776663
I131G,1.53220271762915
I131H,0.180884754972116
I131K,0.846262238876855
I131L,2.16871309488243
I131M,0.453288940700149
I131N,-1.58610100140448
I131P,0.927586276609509
I131Q,-0.550701006059601
I131R,-0.472634814377538
I131S,0.543978464094389
I131T,0.363094864783228
I131V,2.12203102800265
I131W,-0.207572427436009
I131Y,0.981259802063119
W132A,-0.248352332613383
W132C,-0.217909687841765
W132D,-0.452620558739714
W132E,-0.42078341403815
W132F,-0.125537864503425
W132G,-1.21585640337823
W132H,-1.63236052786508
W132I,1.02534476620894
W132K,0.412420856625046
W132L,-0.548136212015859
W132M,-0.349605764334883
W132N,-0.14689531248546
W132P,-0.202891977945879
W132Q,-0.86701421551729
W132R,1.7093832053767
W132S,-0.517077096328451
W132T,-0.435803238929776
W132V,-0.387787951491563
W132Y,-0.100062051780938
V133A,-0.867505869516269
V133C,-0.29374675251196
V133D,-0.892332771322594
V133E,0.390308725284385
V133F,-0.224232352947398
V133G,-0.231980225899603
V133H,-0.0036520248059285
V133I,-0.758034742137904
V133K,0.366632565682973
V133L,1.39348467509572
V133M,-0.384259968496139
V133N,-0.299434611275044
V133P,0.657858556558084
V133Q,-0.573293832878889
V133R,1.2080717972946
V133S,0.809298088778634
V133T,0.0799198998819128
V133W,-0.873857015858489
V133Y,3.12456999305118
A134C,-0.515265628612586
A134D,0.200997750950074
A134E,-0.282368661595714
A134F,-1.6105371042982
A134G,-0.651348740168672
A134H,0.647718206595984
A134I,0.521974312431452
A134K,-0.372895327703705
A134L,-0.117409758574733
A134M,-0.184619287797245
A134N,-0.878273507612409
A134P,1.0615725646543
A134Q,-0.183689656180056
A134R,-0.677018697573758
A134S,0.187471715845867
A134T,-0.512529628898555
A134V,-0.144514011227172
A134W,-1.15710238865869
A134Y,-0.462598487192713
T135A,0.789632697513409
T135C,-0.167411575114482
T135D,-0.466868033510323
T135E,0.784101224747809
T135F,-1.08250955614015
T135G,-1.52082179953353
T135H,0.669413506723098
T135I,0.388994929004869
T135K,-1.03199210463799
T135L,0.693796734779624
T135M,0.489294134761347
T135N,-0.591891741640293
T135P,-0.822361395148489
T135Q,-0.930488727621872
T135R,-0.0040001409820977
T135S,0.0587453583928723
T135V,1.30228902827533
T135W,0.698330033209095
T135Y,2.06543118366609
E136A,-0.0947580169495665
E136C,-0.602329255238251
E136D,-0.257808966151153
E136F,-0.47444780763477
E136G,0.698311758867581
E136H,0.977314981728872
E136I,1.19118857173813
E136K,-0.237159945794434
E136L,-1.20551712736243
E136M,2.16679038782377
E136N,0.169534660428017
E136P,0.534449989133527
E136Q,0.904636347403863
E136R,0.934813441349865
E136S,0.490096135025311
E136T,0.413483587224626
E136V,0.79878769413581
E136W,0.174139733989972
E136Y,0.88231164472906
G137A,-0.809339690248489
G137C,-0.328040616507962
G137D,0.359102041423118
G137E,-0.836167452161869
G137F,-0.922945124846214
G137H,0.468746266346859
G137I,-0.183638572669342
G137K,-0.12310263924914
G137L,-0.858949567436352
G137M,-1.06573419904497
G137N,-0.634170268561211
G137P,-0.560207832009967
G137Q,0.216591164525314
G137R,0.575884170711186
G137S,-0.370350670910275
G137T,-0.766196944455597
G137V,0.435922719255679
G137W,0.391149708377176
G137Y,-0.363749736899258
A138C,0.120426209248938
A138D,-1.07318048470229
A138E,-0.357405611688206
A138F,0.417170496410284
A138G,1.08328899896921
A138H,-0.622993469240098
A138I,0.0130259455306251
A138K,0.078486486352223
A138L,-0.573718779349451
A138M,2.99304276426346
A138N,-0.00389194339820132
A138P,-1.42535116445478
A138Q,-0.546051735770448
A138R,0.130392930115871
A138S,1.35070129977467
A138T,-1.16312210053627
A138V,1.41054551071975
A138W,-0.277984095039065
A138Y,1.10791395490872
L139A,0.317210115235713
L139C,0.204851613628512
L139D,-1.78204123898937
L139E,-0.955293301414072
L139F,0.328822473933456
L139G,0.591934273300903
L139H,1.52689460972966
L139I,0.977254795588453
L139K,1.59019339723632
L139M,-0.172918925545303
L139N,0.56519181672335
L139P,0.654615294288012
L139Q,-0.533508026112051
L139R,1.87642217009259
L139S,-1.10554497224973
L139T,1.03659158360145
L139V,-1.19271809206061
L139W,0.272847700979164
L139Y,-0.353140508333647
N140A,-0.111192153284026
N140C,-3.29017125422778
N140D,-0.47200806669165
N140E,-0.0340736606781656
N140F,0.892597237359871
N140G,0.095397012195256
N140H,-0.501729204854697
N140I,-0.595171261081168
N140K,0.304402242394889
N140L,0.765203666754985
N140M,0.176912390074799
N140P,-1.04936912085967
N140Q,0.214873750262104
N140R,3.04696058460335
N140S,-0.350060341471952
N140T,-0.827233953379009
N140V,1.08804344805002
N140W,-0.512619382638415
N140Y,-0.221626206455549
T141A,0.461206793432253
T141C,-0.2248465325632
T141D,-0.57124688864376
T141E,-0.316735002506613
T141F,-0.0225626189627199
T141G,3.35598782827116
T141H,0.295875530506757
T141I,0.224481512446664
T141K,-0.765646187996714
T141L,-0.571177130280031
T141M,-0.159517963950382
T141N,0.368217160188382
T141P,0.99032319076071
T141Q,-0.373953671017572
T141R,0.0530178485558579
T141S,-1.18995780730821
T141V,-1.21204555212498
T141W,0.224260595673377
T141Y,0.16947402609868
P142A,0.275043885804271
P142C,-0.166563369961893
P142D,0.485497207251237
P142E,-0.137379716081822
P142F,-0.211854021635545
P142G,0.292460234470681
P142H,-0.968187900810953
P142I,0.985282730625696
P142K,0.626705094177052
P142L,-0.396577522737901
P142M,0.687318468275099
P142N,-0.487390233097068
P142Q,1.79175216946347
P142R,0.339188722589831
P142S,-0.63809220554135
P142T,-0.271572726628449
P142V,-0.112658850966138
P142W,0.441411385612921
P142Y,0.571945879922073
K143A,-0.109009233787379
K143C,-0.381018349029971
K143D,0.624863085477891
K143E,-0.722843713695219
K143F,-0.538452920094447
K143G,-0.568379525357913
K143H,2.87877278166455
K143I,0.364817932965786
K143L,-1.27856336722394
K143M,0.133750953199268
K143N,-1.316126124571
K143P,-0.658916158005593
K143Q,-0.191334814933524
K143R,2.24510254643908
K143S,0.551898958826748
K143T,0.85068517661401
K143V,0.677800306463564
K143W,-1.21956280241276
K143Y,-1.99935904179581
D144A,0.621882979580015
D144C,-1.43671155041386
D144E,-1.41129441052309
D144F,2.76443325586459
D144G,0.484468547072056
D144H,-1.24413614050128
D144I,-0.84444562120568
D144K,-0.0610462827815577
D144L,0.142860969899528
D144M,-0.435612835869254
D144N,-1.83500385300006
D144P,1.16334008781973
D144Q,0.278282327935264
D144R,1.00283332738369
D144S,-0.824010136130817
D144T,-1.75519107968136
D144V,0.237864299390475
D144W,0.000103694839858936
D144Y,-1.84246861159785
H145A,1.02147792969588
H145C,0.36947348491154
H145D,0.575179348974992
H145E,-0.166152683976635
H145F,-1.66038797510205
H145G,-0.872992309628539
H145I,1.66866634780759
H145K,-0.394582072878912
H145L,0.785838514674864
H145M,-0.961414179651291
H145N,0.397221172976783
H145P,1.10439135915095
H145Q,-0.947706869469811
H145R,1.37989314364212
H145S,1.00276079671807
H145T,-0.821807567097597
H145V,-0.749937322972371
H145W,-1.05369266513546
H145Y,0.271119835259719
I146A,1.21367395318433
I146C,0.0158078832218825
I146E,-0.326384463883938
I146F,2.54257148890256
I146G,1.27416190296436
I146H,-0.759095035548362
I146K,-1.56996600877787
I146L,-0.540048694714999
I146M,0.141476822828762
I146N,0.476584438835869
I146P,-0.925446136342626
I146Q,1.01893691709005
I146R,-0.405600951641901
I146S,-1.28478524370027
I146T,1.25723120036922
I146V,0.296517813574166
I146W,-0.684525890407008
I146Y,0.760066535544233
G147A,0.148940741701345
G147C,-0.370816489675615
G147D,1.8522699925084
G147E,-0.489604174093975
G147F,-0.472844828696079
G147H,0.461173205030861
G147I,0.644347705593871
G147K,-0.0806427351118698
G147L,0.276168504765107
G147M,-0.701526729474442
G147N,-0.774404657411034
G147P,-0.551602702530953
G147Q,-0.327235251405741
G147R,-0.154783803921563
G147S,0.396572623656969
G147T,-0.504968567515901
G147V,-0.0032633846564279
G147W,0.808656448188259
G147Y,0.157321847025706
T148A,2.1384405512226
T148C,0.115081437979255
T148D,-1.05230917691407
T148E,-0.388196775165614
T148F,-0.354622002118988
T148G,0.470324405329966
T148H,-0.744567793639296
T148I,0.405473233960553
T148K,-2.80061609880131
T148L,-0.168870586769725
T148M,0.930154048464947
T148N,-1.02561800988863
T148P,1.09528629740616
T148Q,-0.32894519144221
T148R,1.25451637954763
T148S,-1.61101121169587
T148V,-1.28241979242906
T148W,-0.777468548415187
T148Y,-0.851368043297906
R149A,-0.904884505780825
R149C,1.32001330663644
R149D,-0.665262717988347
R149E,0.123901478141832
R149F,-0.305685153704554
R149G,1.55530181889526
R149H,-0.62936606252748
R149I,-0.922485487209776
R149K,0.2267101510438
R149L,-0.0572511731849408
R149M,-0.517075320568705
R149N,-0.77115796781827
R149P,-0.637277334710994
R149Q,0.298918468118742
R149S,-0.0216832260749142
R149T,-0.608735197504596
R149V,-0.109307550982286
R149W,0.275541955683098
R149Y,0.204768658221532
N150A,0.791180669546867
N150C,-0.69219265280347
N150D,0.223602612762933
N150E,-0.916541282803704
N150F,0.268537043601259
N150G,3.39544503371975
N150H,0.349690503307051
N150I,-0.262409599879555
N150K,-1.02176839212518
N150L,0.410183737326645
N150M,0.366182767952514
N150Q,-0.399055369789074
N150R,0.181992350082031
N150S,1.82647969743308
N150T,0.176297777181244
N150V,0.157925498375614
N150W,0.884582908295917
N150Y,0.791568262170098
P151A,0.446804318477613
P151C,0.771578593717399
P151D,0.742779095833285
P151E,-0.0937094043412026
P151F,0.75017174475851
P151G,-0.969125655857953
P151H,0.0196606361627295
P151I,1.56096103926133
P151K,0.772597337426744
P151L,0.634625366942823
P151M,1.19901256848628
P151N,1.47387874776524
P151Q,1.08345186380172
P151R,-1.05317821300567
P151S,0.117558882932715
P151T,1.12405796874415
P151V,1.90910517803754
P151W,-0.158465807663495
P151Y,0.144313756140711
A152C,-0.290236736515324
A152D,3.4939833224671
A152E,0.120988792650292
A152F,-1.2635222130167
A152G,0.216999108125934
A152H,-0.794803760626813
A152I,0.26177922246467
A152K,0.807264439149025
A152L,-1.46035169784491
A152M,1.79270427542928
A152N,-0.507335599271135
A152P,-0.568100569133016
A152Q,0.489770201959463
A152R,0.22526466774325
A152S,0.643084169438038
A152T,0.48626695982574
A152V,-0.457959072542123
A152W,-2.01379648129792
A152Y,0.0773007827681658
N153A,-0.388108392543676
N153C,-0.373028390681738
N153D,0.00805068986783584
N153E,-3.92976631522106
N153F,0.770746386698975
N153G,-1.47172023344274
N153H,-0.638002639111669
N153I,-0.548065680906543
N153K,-0.720758567249155
N153L,0.0702002651815937
N153M,-0.00903140204959125
N153Q,-0.745260141740337
N153R,0.196751647855934
N153S,0.343116678155202
N153T,-0.169968285957934
N153V,-0.760453505203781
N153W,-0.355248848562271
N153Y,-0.391395807381426
N154A,1.21724562601447
N154C,-0.290426069349988
N154D,-0.542326204968061
N154E,0.107994283078063
N154F,-0.430696999453476
N154G,-1.83353370316229
N154H,-0.588916421360929
N154I,0.738870581671779
N154K,-0.860611592832604
N154L,0.0640334344850034
N154M,-0.506939031889303
N154P,-0.504672746427664
N154Q,-0.95508108255159
N154R,0.0241750258781201
N154S,0.0966951138449232
N154T,1.35442893045885
N154V,-1.00643091506147
N154W,-0.0688125374396777
N154Y,1.24454587582821
A155C,-1.16362566103591
A155D,0.251113273893472
A155E,0.0935801949637854
A155F,0.440155144872714
A155G,-0.853517105727119
A155H,0.976725772633786
A155I,-2.45634343124547
A155K,0.834391720355044
A155L,0.748659893634335
A155M,-0.156584356413079
A155N,-0.500604380084514
A155P,0.813244935960984
A155Q,0.402846554601615
A155R,1.50341194741372
A155S,-2.10296508998367
A155T,-1.96468109363802
A155V,0.883823726088613
A155W,-0.241877409727605
A155Y,0.715695350535721
A156C,-1.5881470159861
A156D,-0.576680019536594
A156E,2.01599982697488
A156F,-0.387710835291699
A156G,0.825552511614765
A156H,0.779530261135736
A156I,-0.092303583910328
A156K,0.382954201812751
A156L,0.040002714202599
A156M,0.0528721752069788
A156N,-0.544964839374599
A156P,2.70682306884953
A156Q,4.71704977843475
A156R,3.24001907964542
A156S,-0.00276086627010533
A156T,-1.90611174680491
A156V,0.812343142722189
A156W,-0.202643824983111
A156Y,-0.95191993046171
I157A,3.92702914986928
I157C,0.0407733799814763
I157D,1.33550847161019
I157E,0.51901962086302
I157F,-0.989000436521994
I157G,0.185659349365404
I157H,-0.786978261749201
I157K,-1.2175655393243
I157L,0.0947361352720583
I157M,0.174212938753616
I157N,-0.291837815290918
I157P,-0.352190125575572
I157Q,-0.933618383043017
I157R,-1.09328235835596
I157S,-1.1875534368113
I157T,0.610333483974316
I157V,0.568428524964333
I157W,-0.768430244823359
I157Y,-1.29842268251279
V158A,-0.831255976459652
V158C,0.664766560820892
V158D,-0.610458482956657
V158E,-1.04641265671549
V158F,0.143917235242948
V158G,-0.221536529000803
V158H,0.933591789888211
V158I,-0.233453275601326
V158K,0.23893287523655
V158L,0.967549341625863
V158M,-0.285711617210424
V158N,-0.121452309018043
V158P,0.174987921833155
V158Q,-1.03100853553203
V158R,-1.74996260769463
V158S,2.97737634653193
V158T,-0.895758946140577
V158W,-0.484217072268705
V158Y,0.174331840580386
L159A,-0.844386295070698
L159C,0.774712575692486
L159D,0.327976212668206
L159E,0.720118047649526
L159F,2.23877899177685
L159G,0.949226272807387
L159H,0.375871834640849
L159I,0.99466028062364
L159K,0.554871721625808
L159M,0.562174584223086
L159N,-3.6346248644572
L159P,-0.975909162774239
L159Q,0.776325039180109
L159R,-0.802707936920239
L159S,-0.198192511502736
L159T,-1.2033606007077
L159V,0.822774393222165
L159W,-1.10689696718521
L159Y,1.38620098288001
Q160A,-0.261387403769502
Q160C,3.68828393220912
Q160D,-0.634674816113742
Q160E,1.18301783895252
Q160F,0.161123285793661
Q160G,-0.46790469338133
Q160H,-0.210788455280335
Q160I,0.257364698878779
Q160K,0.141109603437421
Q160L,0.830118765524977
Q160M,-0.786928910293946
Q160N,0.0773626356904936
Q160P,-0.0518079794634567
Q160R,0.477132401129866
Q160S,-1.03875024954839
Q160T,-2.11897164203267
Q160V,0.955252703710155
Q160W,0.614383551098903
Q160Y,-0.363093216630677
L161A,-0.170383905465119
L161C,-0.8572502561824
L161D,0.365291792110091
L161E,-1.82557216138308
L161F,-0.0890661994979138
L161G,-0.0147895473841784
L161H,0.776347253726302
L161I,-1.12972068112459
L161K,0.591576954483331
L161M,0.682616588051191
L161N,0.0174569886019879
L161P,0.362162839570215
L161Q,-0.446010142262334
L161R,0.479422013191514
L161S,0.373710008707665
L161T,3.00890546018569
L161V,-0.374550111974716
L161W,0.548317382717583
L161Y,-0.880076713764662
P162A,1.42098957458895
P162C,0.817029677476206
P162D,-1.05174266819977
P162E,0.417277465005596
P162F,-0.786269512607631
P162G,-1.09729562709382
P162H,0.32812427411056
P162I,0.989951944636919
P162K,0.0469638476937978
P162L,-0.210583067749368
P162M,-0.591222340020471
P162N,-0.273488970002675
P162Q,0.0285551616299163
P162R,0.525978292303779
P162S,0.188848804788711
P162T,0.126314928387878
P162V,-1.0990224506565
P162W,0.715681751486753
P162Y,2.55442011152359
Q163A,0.38872513417769
Q163C,-0.417312413594346
Q163D,2.19439273166653
Q163E,1.3255733417692
Q163F,-0.315602545829357
Q163G,0.0849158448328603
Q163H,0.500767696485288
Q163I,-0.1735340016612
Q163K,2.77822316706623
Q163L,0.605501437909221
Q163M,-1.99782323586169
Q163N,0.77883402045094
Q163P,0.0146633050285582
Q163R,2.06395832913014
Q163S,-0.193264460740523
Q163T,-0.376020374059809
Q163V,0.0573229435007129
Q163W,0.535579754255545
Q163Y,-0.877430708980819
G164A,0.716700569694339
G164C,-1.55214032301689
G164D,-0.0948376270915041
G164E,0.283325488350523
G164F,-0.0307088080708124
G164H,1.64533965110495
G164I,-0.720164411240507
G164K,0.366527325360377
G164L,2.36038452035894
G164M,0.829748166086617
G164N,1.36013000628609
G164P,-1.4052474780424
G164Q,0.459292027685176
G164R,0.189673263506271
G164S,0.670656529754905
G164T,-0.338441736976048
G164V,0.713900187006548
G164W,0.242321147172183
G164Y,0.255252513549344
T165A,1.5805748512144
T165C,-1.41830067872579
T165D,-0.672828995025288
T165E,-0.645958230434458
T165F,0.291235258673403
T165G,-1.64339006354774
T165H,0.327099172128291
T165I,0.627585693962496
T165K,-0.707252843736399
T165L,1.07338228956634
T165M,0.871259095984156
T165N,0.564136913659103
T165P,-1.74874178265601
T165Q,-1.1878427245555
T165R,-0.0971310988162808
T165S,0.188168238132924
T165V,-0.580322161566558
T165W,0.062430718766848
T165Y,-1.008016062463
T166A,-3.75705584125948
T166C,0.142200897871983
T166D,1.53353853826891
T166E,2.39701939137392
T166F,-0.0717059751080953
T166G,1.15304905036907
T166H,-0.835833420020034
T166I,-0.117443713920071
T166K,-0.813400339112916
T166L,-0.426008344035418
T166M,0.243220100532554
T166N,0.144381355560706
T166P,0.631523193215353
T166Q,-0.54974846022875
T166R,-3.43531551670243
T166S,-0.385722553331197
T166V,0.177666053785717
T166W,0.267542906332374
T166Y,0.0381088010308079
L167A,-0.119153701391433
L167C,-0.59370915961093
L167D,0.967576363743054
L167E,0.347798623654153
L167F,0.148886995694417
L167G,-0.117045135255004
L167H,0.197169245404244
L167I,-0.0336094098132954
L167K,-0.495056829712907
L167M,0.815120236547946
L167N,0.537863509381589
L167P,1.06870723919807
L167Q,0.276398207646226
L167R,-0.501630599733442
L167S,-1.21127152705251
L167T,2.03169979988691
L167V,0.650603368707735
L167W,0.253186670886701
L167Y,-0.54653043652696
P168A,-1.30269003447485
P168C,-0.392643283654901
P168D,1.98877433185111
P168E,0.48170013731732
P168F,1.46247256506534
P168G,-1.00984202809743
P168H,-0.55130622726025
P168I,1.31014640042802
P168K,1.76823897868203
P168L,-0.76230002133035
P168M,-0.357839397585563
P168N,-1.36357951407532
P168Q,-0.086838073793011
P168R,-1.02779494341319
P168S,0.589764070274219
P168T,-0.00513451204587637
P168V,1.0716309386218
P168W,-0.749810515310503
P168Y,0.00763733184639377
K169A,1.46796799490967
K169C,1.5748990220881
K169D,-0.56287664436164
K169E,0.531334627900827
K169F,0.0237109549801974
K169G,-0.402489425116779
K169H,-0.504056442112844
K169I,2.91564354087567
K169L,-0.288463345446416
K169M,-1.08555602727737
K169N,-0.937686861372873
K169P,-0.488315050758326
K169Q,1.33563814613602
K169R,1.15169247057545
K169S,-1.48012688673419
K169T,-1.63943404871687
K169V,-1.65834296596406
K169W,1.20954380451674
K169Y,0.719609418633146
G170A,0.352673511986737
G170C,0.652820274870231
G170D,-0.112279152837357
G170E,-0.641748491374687
G170F,-0.743050305431341
G170H,0.47866263166624
G170I,-2.46369472927537
G170K,-0.897588192091787
G170L,0.814202019170846
G170M,-1.13818498647394
G170N,-1.70699961418985
G170P,-1.1997882981142
G170Q,1.46580368368082
G170R,-1.43479034451258
G170S,-1.77696508396297
G170T,-0.0215414251344733
G170V,1.13593152617421
G170W,-0.0662783675214075
G170Y,-0.204828336638597
F171A,0.484360311923284
F171C,0.124838197692683
F171D,3.28436165715083
F171E,0.402699921100974
F171G,-1.49254476468123
F171H,0.486162925538712
F171I,-0.293470653659601
F171K,1.24692308243973
F171L,0.0783388329256551
F171M,-0.486332878661931
F171N,-1.72772942217314
F171P,-0.00195370711007414
F171Q,-0.450881175355907
F171R,0.130237644408544
F171S,0.10815362826128
F171T,0.630463010832948
F171V,0.237895647331274
F171W,1.05350303132538
F171Y,-0.382557674781851
Y172A,0.680988121519544
Y172C,-0.0359752120716068
Y172D,-0.859759600643607
Y172E,-0.189325018984308
Y172F,0.566527999014057
Y172G,1.47000792024424
Y172H,-1.16682952683865
Y172I,0.0339067631876649
Y172K,0.434650335578049
Y172L,0.0603405209788223
Y172M,0.287159046081199
Y172N,-1.21434698795366
Y172P,-0.538609260294712
Y172Q,0.374874134898438
Y172R,1.09816018689782
Y172S,-0.820812131474495
Y172T,1.18587919673171
Y172V,-0.649120148037349
Y172W,0.562187192030139
A173C,-1.15244487234671
A173D,-2.02652571886793
A173E,0.286832903973787
A173F,0.281997208207873
A173G,2.50609237366586
A173H,0.0982073205221893
A173I,0.534905568209278
A173K,0.528873393988537
A173L,-1.89652161209278
A173M,3.33187443142433
A173N,-0.297775765636256
A173P,0.288827385140605
A173Q,0.86455172960247
A173R,-0.107083288110597
A173S,-0.821989887654798
A173T,-0.157543146931448
A173V,0.0271172264584388
A173W,2.83109350371748
A173Y,-1.67240077270478
E174A,-0.0969833998348515
E174C,0.21677274213893
E174D,0.872949418686239
E174F,-0.953916067540401
E174G,-0.5475097187063
E174H,-0.263443932063404
E174I,-0.401882434991424
E174K,-0.244592587992089
E174L,-1.20888643280983
E174M,1.76556093299607
E174N,1.42174241815559
E174P,-0.427890451278495
E174Q,-0.243549803557659
E174R,1.73038028422526
E174S,-2.19412311491549
E174T,0.116019907155972
E174V,1.2103876407345
E174W,1.39930422387616
E174Y,-0.724027351992007
G175A,0.202182693493031
G175C,1.01296557124471
G175D,-1.76060644118268
G175E,0.815842023042725
G175F,-0.11381095134799
G175H,0.904499071113835
G175I,-2.73712213561879
G175K,0.163515029672007
G175L,-0.669869945907839
G175M,0.237664589984216
G175N,0.469056479801156
G175P,-2.00946025086755
G175Q,-0.260611230069444
G175R,0.416115227182323
G175S,-0.257808966151153
G175T,0.353870415116159
G175V,0.914487657961203
G175W,-2.00669615281279
G175Y,-0.121501176580311
S176A,-1.98124006334512
S176C,0.456281482024631
S176D,-0.36230583816077
S176E,0.135696373151858
S176F,-0.728448406875102
S176G,-0.267137742938107
S176H,-1.97502850153654
S176I,-0.075211023355733
S176K,-0.698783592512874
S176M,-0.0215189468773637
S176N,-1.04087464318401
S176P,0.508135011128872
S176Q,1.36744949383962
S176R,1.07773965260132
S176T,-0.913205183161998
S176V,-0.0349070355415637
S176W,-0.459390639674628
S176Y,0.0641105095192867
R177A,0.578872050279156
R177C,1.46106675245304
R177D,0.585271463409417
R177E,0.789388081945751
R177F,0.795015751756511
R177G,-0.0529621483089017
R177H,-0.321364010149954
R177I,-0.421139733661497
R177K,-0.1614806298947
R177L,-1.68303703484032
R177M,-0.441605047354383
R177N,0.767574178351078
R177P,-0.204916287485785
R177Q,-1.33853952916946
R177S,0.126898175594594
R177T,1.13675956657812
R177V,1.73639976855675
R177W,0.575647715805226
R177Y,0.52753866218734
G178A,-2.33208666632736
G178C,-0.463160883400832
G178D,-1.2455657943788
G178E,1.37419082692099
G178F,-0.442730057750079
G178H,0.475746904238065
G178I,-1.10198922552615
G178K,0.586543213064093
G178L,2.06504618025143
G178M,-1.27243375666352
G178N,0.418560793199458
G178P,0.60471797545085
G178Q,1.10485286687641
G178R,3.07849429038836
G178S,-0.894417427481508
G178T,-0.312142723581403
G178V,-1.25031100072412
G178W,0.0145178732782474
G178Y,2.02876381351801
G179A,-0.0696365479881903
G179C,-0.433167003681916
G179D,-0.0869823416143081
G179E,0.175658808270729
G179F,0.849739503095537
G179H,-0.964458187104397
G179I,3.14243940091568
G179K,0.951443334695266
G179L,0.00828180448813891
G179M,-0.43850032594787
G179N,-0.487499335093766
G179P,2.82251980119444
G179Q,-0.232372955480554
G179R,-1.10239012422716
G179S,-0.134879552822325
G179T,0.477425309708284
G179V,-0.142865105391334
G179W,1.17204638164618
G179Y,-0.823654082532691
S180A,0.718533579683464
S180C,-0.18594634712375
S180D,0.421612143393675
S180E,-0.295538232748177
S180F,-0.0630011458566966
S180G,-0.011179466424088
S180H,2.32770998075974
S180I,-0.429988953710949
S180K,-0.275509152836142
S180L,2.13681033353755
S180M,-1.22100077673176
S180N,-1.38439259535077
S180P,-1.09705391144729
S180Q,-0.891309456341689
S180R,0.392780387284897
S180T,-0.467166697154514
S180V,1.83640558416843
S180W,-0.921409524136482
S180Y,-1.13218749384622
Q181C,-1.92066974508126
Q181D,-0.199086808709591
Q181E,0.300705264213613
Q181F,0.622214052115761
Q181G,-0.874314921828865
Q181H,-0.427056737678658
Q181I,2.30205762030734
Q181K,-0.390855213456769
Q181L,-2.20350378597583
Q181M,1.12205976195173
Q181N,-0.0207233125482275
Q181P,0.665245092368856
Q181R,0.738823575421222
Q181S,-1.12884667901197
Q181T,-2.76462930798237
Q181V,0.16169853335936
Q181W,-0.575503678360201
Q181Y,0.359037730681195
A182C,0.291387565702061
A182D,-1.44606141843008
A182E,-0.174810155583851
A182F,-1.12896779727072
A182G,-0.808977479471113
A182H,0.00465782959981002
A182I,-1.68222365235009
A182K,-0.652788460472361
A182L,-0.252069997039224
A182M,0.0682469683631462
A182N,-1.85871628545878
A182P,-0.354440671412434
A182Q,-0.319914642107797
A182R,0.687018663460514
A182T,-1.01433446444656
A182V,-1.43866543982345
A182W,-1.44769575888274
A182Y,0.552281286606759
S183A,-1.69645189374772
S183C,-1.53139067498428
S183D,1.08492251592196
S183E,0.755570533367256
S183F,0.369083817833912
S183G,1.86170677842949
S183H,-0.592750249637782
S183I,-0.292957758523728
S183K,-1.61278139726746
S183L,1.23690911492493
S183M,2.25257296624885
S183N,-1.26918599728922
S183P,-1.02186250039845
S183Q,1.80326720402094
S183R,0.308818708004804
S183T,0.188636643639038
S183V,-0.402622233035832
S183W,0.711514368022285
S183Y,-0.476536720619258
S184A,-0.575449650465882
S184C,-2.17344829805848
S184D,0.320986750638983
S184E,-0.677458329805342
S184F,0.967861329192015
S184G,0.560462181737075
S184H,-1.3518797102109
S184I,1.9809691101987
S184K,-1.17108589661985
S184L,0.386059466406853
S184M,1.94315184461622
S184N,1.83881996617344
S184P,0.358065868771651
S184Q,-0.335527474760068
S184R,-2.05512729391209
S184T,-0.759274875494918
S184V,0.109470178162288
S184W,-0.632536534460242
S184Y,3.41580878122197
R185A,2.79697490572744
R185C,0.825662380679177
R185D,-1.10479127147567
R185E,0.104247348645467
R185F,-2.35080095041167
R185G,0.551425965256219
R185H,-2.19839295403185
R185I,0.803309534469686
R185K,0.960061524053487
R185L,0.280728298815281
R185M,-0.979481536603852
R185N,-0.667938396431351
R185P,-0.0690162255438317
R185Q,1.00999266862096
R185S,-0.589019686269531
R185T,0.408067826539297
R185V,-1.56091535916087
R185W,0.312029511917801
R185Y,-1.59615235625248
S186A,-0.98968480709165
S186C,0.351834332747048
S186D,0.488699849695619
S186E,-0.108757009300892
S186F,0.295583059020835
S186G,-0.872953002498592
S186H,1.57298486216233
S186K,-1.21602222271546
S186L,0.0251406705950763
S186M,-1.5623321982085
S186N,1.56164318749373
S186P,-0.190211662361722
S186Q,0.246603189412324
S186R,1.33396617800268
S186T,-0.231698811433238
S186V,0.16371107657378
S186W,2.64609819558132
S186Y,1.02397031326541
S187A,0.446859812672691
S187C,-0.825891339956477
S187D,-0.227302643209001
S187E,-3.35646782511761
S187F,2.89164879783482
S187G,0.542502706261774
S187H,-0.770666486429966
S187I,-1.0545728118105
S187K,0.0236389560913597
S187L,1.12509449164438
S187M,-0.12154166122527
S187N,-0.528058361186278
S187P,0.569179863515979
S187Q,0.382036320075333
S187R,-0.0917483768312172
S187T,0.270894682948309
S187V,-1.35824065988268
S187W,2.45116529421938
S187Y,0.341062518374705
S188A,-0.268959680625162
S188C,0.0855114853716573
S188D,4.08588436440676
S188E,1.50860339129959
S188F,-0.351074902557259
S188G,-1.59780670532228
S188H,1.27875815829777
S188I,3.30868284947724
S188K,-1.98211127131718
S188L,-0.268893129046699
S188M,3.40632648620197
S188N,-0.344907393513351
S188P,-1.31673920825672
S188Q,1.47024344422975
S188R,0.0799532274911599
S188T,-0.83842376193723
S188V,-0.0517916990276714
S188W,-0.858906469522836
S188Y,0.241737275046261
R189A,-0.630063564258681
R189C,-0.580103830281015
R189D,-1.7776951793633
R189E,1.08797013540824
R189F,0.154890692024512
R189G,0.360851375550932
R189H,-0.465352529608031
R189I,-1.01243176319887
R189K,1.2410890744936
R189L,1.72908466677985
R189M,-0.436710076037756
R189N,-0.680750297489057
R189P,3.7930833198096
R189Q,0.806104972738572
R189S,0.475358528423465
R189T,0.391096477371389
R189V,-0.399951225206368
R189W,0.823520507195272
R189Y,0.0626676082806615
S190A,-1.63061091081885
S190C,1.34462749961256
S190D,-1.29752548883104
S190E,-0.00640724751242699
S190F,-0.290603221708158
S190G,0.670915662567961
S190H,-0.173054784963519
S190I,-0.604597568952523
S190K,0.243449422979121
S190L,-2.34441155665805
S190M,1.60046614809051
S190N,-0.486729257987343
S190P,-0.420836981033669
S190Q,-0.524762262799109
S190R,-1.69742849552062
S190T,-1.03756591002516
S190V,-1.10095633981379
S190W,-1.37667016343187
S190Y,1.52333385387271
R191A,-0.400977686482255
R191C,0.599460916699686
R191D,0.0869873145129145
R191E,0.507834674404887
R191F,-1.49092984636831
R191G,-0.732362533763034
R191H,0.059794024706894
R191I,-0.949372585616499
R191K,-0.791160136613059
R191L,3.4472867422874
R191M,3.19214205530111
R191N,0.366373011283001
R191P,-0.0482733893633975
R191Q,0.173835595524505
R191S,0.38311046181086
R191T,-2.25196635297429
R191V,0.297606437629561
R191W,0.680363882230324
R191Y,0.00849642738714822
N192A,-0.560430643588402
N192C,0.624334009310913
N192D,-0.914241329383458
N192E,0.0239723548792856
N192F,0.474104204091215
N192G,-1.04599240233919
N192I,-0.869603916348904
N192K,1.96746617963848
N192L,0.926682315249303
N192M,0.0810426356879049
N192P,-1.32878124947549
N192Q,0.695212018066729
N192R,0.0193150630565228
N192S,0.748679841233833
N192T,0.648623732665603
N192V,-0.224232352947398
N192W,1.78671237124349
N192Y,1.88118968740598
S193A,-0.709669152303852
S193C,1.25657109667281
S193D,-1.17552627177736
S193E,-0.132965152780556
S193F,-0.0290055296179825
S193G,-0.197332594312033
S193H,9.0551123300347
S193I,-0.0931085576098922
S193K,-1.18019969967385
S193L,0.35428156413792
S193M,-1.66661576605547
S193N,1.10523813125934
S193P,0.697588894095036
S193Q,1.1451971367957
S193R,-1.02908195831887
S193T,-0.311740689696438
S193V,1.03197005677585
S193W,-1.84732806134176
S193Y,0.954863552322428
S194A,0.479251045767513
S194C,-1.56025125095604
S194D,0.610966581873504
S194E,-1.06858076632104
S194F,-1.00131905397085
S194H,-1.54096778047277
S194I,-3.75705584125948
S194K,-0.131447844474178
S194L,-0.155884737361358
S194M,-0.354561763841973
S194N,0.529329261730818
S194P,-1.51349973297439
S194Q,-0.875145452171908
S194R,-0.357883426440753
S194T,-0.500678396148908
S194V,0.680745017078953
S194W,-0.459959608128321
S194Y,0.535660482209411
R195A,-0.0184059236864068
R195C,0.313848032669238
R195D,0.224613918542009
R195E,0.536370016396554
R195F,-0.656127410896697
R195G,-0.471415807930694
R195H,0.1016734379412
R195I,0.321288597981103
R195K,-0.269825621193008
R195L,2.21351712084679
R195N,0.00366408547178884
R195P,-0.151105992399395
R195Q,1.52487580372086
R195S,-1.27897795364739
R195T,0.584402498348214
R195V,-0.149652177034058
R195Y,-0.359982143458624
N196A,0.953766344582166
N196C,7.34877083429775
N196D,-0.611894325868131
N196E,-1.19427325939317
N196F,1.16170290772139
N196G,-0.800304387159398
N196H,3.55284460848011
N196I,-0.432251621832262
N196K,-0.155158880738159
N196L,2.43295572100355
N196M,-0.164143858895133
N196P,1.55087201329098
N196Q,0.213310171589231
N196R,0.441186608299878
N196S,0.348599142100337
N196T,-0.470277151948108
N196V,0.754614380230685
N196W,-0.833219965789834
N196Y,0.171433311662082
S197A,-0.669931579990762
S197C,-1.16732912231452
S197D,-1.14212967055696
S197E,0.0520044543028067
S197G,1.40964473766691
S197H,0.714130224234365
S197I,-1.14121574010258
S197K,-1.22345868715325
S197L,1.23625884067494
S197M,0.741862815211345
S197N,1.47059594573141
S197P,-0.472678048551086
S197Q,-0.581948511584993
S197R,-0.311358996011111
S197T,0.649013528759439
S197V,0.354811838982541
S197W,1.19389459928777
S197Y,0.00348685135211726
T198A,-0.670701492411658
T198C,2.73157464711839
T198D,-1.42239266032646
T198E,1.51140668970735
T198F,-0.565657945434831
T198G,-0.927606245457979
T198H,-0.195572565156599
T198I,-2.12536911939181
T198K,1.88957705955348
T198L,0.247889137452616
T198M,-1.30806295935525
T198P,0.0968543992408719
T198Q,-2.46225120644681
T198R,-1.67045988678901
T198S,0.548494109612432
T198V,-0.39679852482214
T198W,-0.337601050856058
T198Y,-0.362032953222119
P199A,1.66898734153589
P199C,-0.988398577422172
P199D,0.577834529751621
P199E,0.938378372373554
P199F,-0.338586515669421
P199G,-1.23372456238614
P199H,-0.31728732733142
P199I,-0.205836799005444
P199K,0.354991184883371
P199L,-1.38256922497581
P199M,1.41391409949225
P199N,2.47400975366381
P199Q,-1.02020629042783
P199R,-1.08624209166272
P199S,0.129722458479949
P199T,-0.180808006845496
P199V,1.44399323687063
P199W,1.37561572532727
P199Y,2.71664770369764
G200A,0.477236350623109
G200C,0.967982198048922
G200D,-1.2328022271227
G200E,-0.980413861486149
G200F,1.64666505336391
G200H,-0.165889177407712
G200I,-0.668414806664753
G200K,2.59418587928606
G200L,5.76066720998148
G200M,1.13460713300179
G200N,1.37711447160027
G200P,1.32002213032116
G200Q,1.21732462042148
G200R,0.383447107661193
G200S,0.300959655426945
G200T,-0.195522029881947
G200V,0.655448604997814
G200W,1.3916850400706
G200Y,0.424350137765189
S201A,-0.755412569980319
S201C,-0.445461370583983
S201D,-1.01092301215359
S201E,0.385499863757032
S201F,-1.6715971915259
S201G,2.51365508005492
S201H,0.681776972861666
S201I,-1.85611917681879
S201K,-0.866164498757454
S201L,2.45703915874795
S201M,-0.364451714728134
S201N,-0.541557845900131
S201P,-0.7425837574052
S201Q,-0.346229928781497
S201R,-0.231271785533663
S201T,-1.51522783581384
S201V,-0.49383266489871
S201W,-0.257543640629078
S201Y,1.11523934150872
S202A,0.559837923708651
S202D,0.803367016726842
S202E,-0.261195460007427
S202F,-1.17927377118089
S202G,-0.865202470049753
S202H,0.16835452577147
S202I,-0.596346113963166
S202K,-1.92238923317127
S202L,0.862015455570679
S202M,-1.82867583039521
S202N,0.399106525107769
S202P,-0.512807690315001
S202Q,0.682226371737756
S202R,5.44910303760444
S202T,-0.570626502722553
S202V,-1.87457405742153
S202W,-0.341845360055065
S202Y,-2.04417298448729
R203A,-0.622143456889288
R203C,-0.785507606189142
R203D,-0.802101943704723
R203E,-0.978009075640416
R203F,-0.906516727907001
R203G,-0.938447477298419
R203H,0.698582981720245
R203I,0.0452312894069303
R203K,0.760590057420751
R203L,4.30890239429541
R203M,-0.358849007728077
R203N,-0.23123014167951
R203P,0.170791705451402
R203Q,-4.01185404188579
R203S,-0.342125594070641
R203T,0.267599227481324
R203V,-0.120636126627793
R203W,0.930718314707008
R203Y,-0.118197621455947
G204A,2.26467577878651
G204C,-0.71874024153609
G204D,-0.127606919765339
G204E,0.412468160318379
G204F,2.08447062707141
G204H,0.187209652407213
G204K,1.98919882607385
G204L,2.09543718130386
G204M,0.672150139308975
G204N,-0.379521763643198
G204P,0.215741026760782
G204Q,-0.270174774319248
G204R,0.838225842738992
G204S,1.16528639336404
G204T,-0.113879758942018
G204V,0.719644165936758
G204W,-1.78680092044448
G204Y,1.16366988132882
T205A,2.13750238536055
T205C,-0.0653343407217175
T205D,1.8030805380607
T205E,0.696258063907547
T205F,1.14658138738185
T205G,0.352223497487586
T205H,1.90774008692556
T205I,1.78777229903678
T205K,-0.84005018704324
T205L,0.685698340564501
T205M,-2.79850268300672
T205N,2.28115300798218
T205P,2.44432377809966
T205Q,0.623075668822345
T205R,0.0993002600226839
T205S,2.37664984283101
T205V,-0.017484380925386
T205W,-0.393035976026183
T205Y,-0.739420735630626
S206A,0.576884527729741
S206C,1.26427766074327
S206D,-0.900653991243063
S206E,-0.036197076550582
S206F,-1.7355377246193
S206H,-1.02235525126921
S206I,-1.20253454084844
S206K,0.245252310099949
S206L,0.490957879676354
S206M,0.590317914829936
S206N,-1.12973385267867
S206P,2.37384682050217
S206Q,0.0397564528141674
S206R,1.51180387884089
S206T,-0.907599968916442
S206V,2.29835356352126
S206W,-3.2832254256267
S206Y,0.389381655888875
P207A,2.91571649645131
P207C,-0.369089020320915
P207D,-1.85287132361242
P207E,-0.932254771267645
P207F,-1.53216622090275
P207G,1.98355885664928
P207H,0.124764916569732
P207I,0.74543933562662
P207K,2.07885518093188
P207M,-0.716559912137404
P207N,-1.58643877513155
P207Q,0.735850617517771
P207R,3.30817297864775
P207S,0.415327016532778
P207T,0.0810133790406691
P207V,1.39112353735369
P207W,-0.863436937302604
P207Y,-0.524595665850323
A208C,-1.67709862964799
A208D,-2.16746240005516
A208E,1.3456227497026
A208F,0.254870593106083
A208G,0.468746266346859
A208I,2.97612105856111
A208K,-0.874034026873254
A208L,-2.28126325299851
A208M,1.27522937071798
A208N,1.8097084170163
A208P,-2.0562139560848
A208Q,2.92714952218449
A208R,0.379963203109755
A208S,4.30433880233656
A208T,2.53731587740987
A208V,0.607463924669307
A208W,1.70183926867891
A208Y,-0.902488192551743
R209A,0.152717487519319
R209C,1.31070006309202
R209D,0.722163567815898
R209E,-0.172188763892888
R209F,-0.736516288080411
R209G,-1.48441277781314
R209H,1.20384168476316
R209I,1.18876859248431
R209K,0.758544495562577
R209L,-0.617179770055439
R209M,-1.26588825681561
R209N,0.249282849957318
R209P,-2.63695018562706
R209Q,1.3887710914619
R209S,1.85351745647462
R209T,-0.0467938071980441
R209V,1.52836074095547
R209W,0.844275412855571
R209Y,0.458986836028059
M210A,-1.06326479056394
M210C,-1.97751359762088
M210D,0.791352617845512
M210E,0.609061080805402
M210F,1.62229207524897
M210G,-0.968425999214748
M210H,0.423944799697294
M210I,0.508846372561283
M210K,3.38648959848552
M210L,-1.86581157962421
M210N,-0.724282798493627
M210P,-0.0572889719506974
M210Q,-0.858018766582224
M210R,0.359188669503946
M210S,-1.51889708329546
M210T,-0.194709341084586
M210V,-0.947362645343209
M210W,-1.29686094265234
M210Y,0.431892339106177
A211C,-0.0358259615953628
A211D,-0.224433540847381
A211E,-0.0691400085125078
A211F,0.241394377096792
A211G,-0.402286457083867
A211H,-0.0837973593442803
A211I,-0.463695593319153
A211K,0.626401143625631
A211L,2.15518479777099
A211M,1.44401621712289
A211N,0.768664514637652
A211P,0.602873189570241
A211Q,-1.44767872092061
A211R,-1.22809676693451
A211S,0.398787560040073
A211T,-0.0899099170927644
A211V,-2.60859347421522
A211W,0.59061299467396
A211Y,1.18158005502929
G212A,0.210134454439442
G212C,-0.0266204769054136
G212D,1.34065694872129
G212E,1.65003392968274
G212F,0.216444558597398
G212H,-0.484022526765916
G212I,-0.237599399881925
G212K,-1.09745167260756
G212L,0.271033775773282
G212M,-0.100971226267878
G212N,-0.677359104236965
G212P,-0.633258096079062
G212Q,0.602295810273951
G212R,-0.504598942342764
G212S,-1.26392994671532
G212T,0.399708093830228
G212V,-0.339020913758168
G212W,0.917863933448016
G212Y,1.16959073642658
N213A,1.4628052592886
N213C,2.636100676968
N213D,-0.974655802919632
N213E,-1.39957233779168
N213F,1.02797170418815
N213G,-0.252959145305019
N213H,-0.899730555100577
N213I,1.42034762005089
N213K,-0.0734254557835216
N213L,1.66663000528068
N213M,-0.176420251915205
N213P,0.39121375794204
N213Q,0.134237496913206
N213R,-0.661973944246973
N213S,-0.330604861074968
N213T,0.0902981894606613
N213V,1.0740186724152
N213W,0.646567938515905
N213Y,0.114693719011354
G214A,0.327896220378364
G214C,0.419385342385011
G214D,-1.10430099591916
G214E,-1.26248205214956
G214F,0.383498452590491
G214H,2.20944947066875
G214I,0.545231638185177
G214K,-0.0880689896686657
G214L,-1.11583365401002
G214M,0.411307260583224
G214N,-0.397630644445255
G214P,-0.252832821562712
G214Q,0.384554702973926
G214R,-0.550296786051875
G214S,0.966679852568729
G214T,-0.101670772675302
G214V,-0.685613241582831
G214W,0.797126483293163
G214Y,0.559162091794287
G215A,0.321532351760263
G215C,-0.721573658914904
G215D,0.130164200205378
G215E,1.40564623911425
G215F,0.949996306029352
G215H,-0.646489497990277
G215I,1.37474990269369
G215K,1.40974058081604
G215L,-0.846327296918616
G215M,3.22060707163964
G215N,-0.434532705855314
G215P,-0.491081345689416
G215Q,0.62335993408196
G215R,-0.556217769480945
G215S,0.0254703053303312
G215T,-0.113921535124214
G215V,-0.382604468562631
G215W,-0.57259408597375
G215Y,4.30564399212853
D216A,0.726079979877244
D216C,0.864229212744517
D216E,0.506362466569523
D216F,3.35972282162166
D216G,0.948200488905539
D216H,-2.10315019542666
D216I,-0.857990596984962
D216K,0.503905083362237
D216L,0.896647545028528
D216M,0.206136881746901
D216N,1.25293467162606
D216P,-0.352035951359955
D216Q,-0.0406066197077399
D216R,0.619477817284411
D216S,0.820223408299856
D216T,-0.279609187457391
D216V,-0.899147746211061
D216W,0.176966673766779
D216Y,0.391020318757739
A217C,1.54374659894404
A217D,0.0710002511398713
A217E,0.848896123715146
A217F,-2.10504766511779
A217G,2.09222749646699
A217H,-0.705609942221474
A217I,-2.6157497902862
A217K,-0.440008393629351
A217L,1.42657239464037
A217M,0.122653866648945
A217N,1.88997429694828
A217Q,-0.400912268819743
A217R,0.479078801970297
A217S,0.0889603517246727
A217T,-1.85991242787098
A217V,5.4006761334567
A217W,0.836838342762012
A217Y,0.0241344084162331
A218C,-1.08565975950876
A218D,-0.298725057267158
A218E,-0.930234714386109
A218F,1.59449490242323
A218G,0.0565961122410461
A218H,-0.531504424410302
A218I,-0.628688107199029
A218K,0.530348954934021
A218L,-0.567955148067944
A218M,-0.941737506554576
A218N,-2.86864368602788
A218P,-0.0108453400432096
A218Q,0.706011524898058
A218R,1.35623479857436
A218S,-1.07830610347778
A218T,-0.0986092494772162
A218V,-1.26990651585202
A218W,0.329774391250792
A218Y,-1.3331877743084
L219A,0.837014586877075
L219C,1.09502350847983
L219D,0.375368188371827
L219E,0.563639743548507
L219F,0.18239546131616
L219G,0.189379368074491
L219H,-1.10119502814877
L219I,1.8377219495014
L219K,0.255322163604736
L219M,0.563610816388692
L219N,-0.378317883169815
L219P,0.151753179620686
L219Q,0.674624045145622
L219R,-1.0787164701303
L219S,-0.730977681167189
L219T,0.929293277440119
L219V,3.77279990422621
L219W,0.278519321647162
L219Y,0.148139848907404
A220C,2.6820682224135
A220D,-1.97730741405425
A220E,-0.174052662391771
A220F,0.2376272875903
A220G,-0.469745371734971
A220H,0.198030852908995
A220I,0.125924294034678
A220K,0.777061555561675
A220M,-1.12417564490333
A220N,-2.3264009546896
A220P,-0.730552128294905
A220Q,1.30344192899163
A220R,1.67304724827431
A220S,-1.23670129864637
A220T,1.32948188791609
A220V,0.382486941717212
A220W,0.341107251070965
A220Y,0.469369031930781
L221A,-0.501714602785616
L221C,0.238952169295903
L221D,0.705383455695372
L221E,0.844616248162902
L221F,1.27585115539311
L221G,0.607951685846477
L221H,-0.288813115900163
L221I,2.98452824738233
L221K,-0.993879094784913
L221M,0.603046041277712
L221N,-0.00476790464492792
L221P,-0.401995085774268
L221Q,-1.25337953035584
L221R,0.0610590447846561
L221S,-0.628379646873561
L221T,0.507869857181009
L221V,0.304811384669717
L221W,0.103183820770863
L221Y,0.955939660848079
L222A,0.0868316762145245
L222C,-0.623644525186614
L222D,-0.568867987008338
L222E,1.13638843925288
L222F,0.404099139230652
L222G,-0.312287631702657
L222H,0.0917185609609958
L222I,1.02517073594314
L222K,-0.899437216734474
L222M,-0.759095035548362
L222N,-0.704032709078423
L222P,0.480217621385107
L222Q,0.36919159544927
L222R,-0.951793065828889
L222S,-0.386119389104416
L222T,0.53896299110019
L222V,2.087680951634
L222W,-0.3817504656114
L222Y,-0.319526274985029
L223A,-0.0889259328471786
L223C,-1.57147257537984
L223D,-0.68418809857518
L223E,-1.79600761281182
L223F,1.23049895087581
L223G,-0.167034322707132
L223H,1.64416167133703
L223I,-0.451404175915529
L223K,0.290923429082826
L223M,-1.09000077584337
L223N,-0.479098192107226
L223P,-0.264131897504123
L223Q,-1.7534519801216
L223R,-0.142926590643833
L223S,0.652527025979096
L223T,0.419911445968407
L223V,2.07399325318289
L223W,-0.788847936971499
L223Y,-0.612612755024667
L224A,-2.4105977623317
L224C,0.3150120289694
L224D,1.31794625714526
L224E,1.56379988866372
L224F,-0.464990391460244
L224G,-0.210237287729144
L224H,-1.67941592733551
L224I,-0.28092917893295
L224K,-0.0419760338786897
L224M,0.432106088341565
L224N,-0.648704765873017
L224P,0.223921508840804
L224Q,-1.73870943517807
L224R,-0.797388518165036
L224S,0.614385117296145
L224T,-0.959785390181058
L224V,3.35063746458243
L224W,0.462497256690869
L224Y,0.436412615298105
D225A,0.327203036415292
D225C,0.223639358808792
D225F,1.37935972910374
D225G,0.573875993922429
D225H,-1.54750191694538
D225I,-0.658805462450915
D225K,0.340087256472308
D225L,1.61316094572031
D225M,0.557807082893032
D225N,-0.234642491985807
D225P,0.433734060253637
D225Q,0.408596623423232
D225R,2.24091388496048
D225S,0.138390593061898
D225T,1.06216939059671
D225V,-0.557173675819421
D225W,1.19003943448528
D225Y,0.262207438218509
R226A,0.372039728429568
R226C,-0.168532829027258
R226D,-0.806789838537899
R226E,-0.918059667280592
R226F,0.686076773258577
R226G,-1.76630780981036
R226H,-0.325584436921977
R226I,0.650047151962144
R226K,0.514370990641724
R226L,0.877188510212067
R226M,-0.502443943801797
R226N,0.847981229172858
R226P,0.789338427473637
R226Q,1.73827237812613
R226S,1.44112812665438
R226T,0.40874886496832
R226V,1.07509184512331
R226W,-0.483416863939427
R226Y,0.936767165271358
L227A,-2.10611501028462
L227C,0.580665346717909
L227D,0.506231213257894
L227E,-0.00712603753630936
L227F,0.50182189471435
L227G,2.12254685761472
L227H,0.168184348018403
L227I,1.25101319033347
L227K,-0.313800890045437
L227M,-1.0207187655656
L227N,0.152181275110094
L227P,0.155732371449277
L227Q,1.80833339998592
L227R,-0.722148707296996
L227S,-1.21324629829593
L227T,-0.803252573716845
L227V,-0.171092172070679
L227W,-1.08565525072873
L227Y,-0.777889441243865
N228A,1.12027736829444
N228C,-1.72123319861367
N228D,-0.875811057651646
N228E,2.03086522495763
N228F,0.82807766002933
N228G,0.282671727385513
N228H,0.925743788100326
N228I,1.2381324705896
N228K,2.48235879348409
N228L,0.131725384601599
N228M,-0.241309948407278
N228P,-0.452488005380533
N228Q,-0.232119281120061
N228R,0.183394237363632
N228S,-0.689996232703493
N228T,1.53602689958918
N228V,2.05302073283083
N228W,0.985273001757898
N228Y,0.539800951445025
Q229A,-0.890028548266637
Q229C,-2.73880878423231
Q229D,-0.437417047891229
Q229E,-1.34059666710659
Q229F,1.24000143170147
Q229G,0.711444383331089
Q229H,0.473938625915592
Q229I,-1.08631526239724
Q229K,1.3816341990765
Q229L,1.23587315702876
Q229M,-1.7551517042745
Q229N,0.795280768266615
Q229P,1.11443510287596
Q229R,-1.77734268220747
Q229S,-0.444914524787078
Q229T,0.0503600591736559
Q229V,-0.0496314904919984
Q229W,-0.0150499977245162
Q229Y,0.909170407943074
L230A,0.628078833092268
L230C,-0.0550288704882191
L230D,-1.18944745718974
L230E,1.57536234680021
L230F,-0.823077173529898
L230G,1.51569650416515
L230H,-0.692776494231145
L230I,-0.842940269936912
L230K,-1.09076846903957
L230M,0.914139258092155
L230N,0.310545751896844
L230P,0.805804108527428
L230Q,1.30537100708636
L230R,0.0965767195736559
L230S,0.858479567882251
L230T,-1.10163816606128
L230V,2.84059323550968
L230W,0.503104071349488
L230Y,-0.265701749678793
E231A,-0.991753727251766
E231C,1.2058292737041
E231D,0.632817137262847
E231F,0.684159746870755
E231G,-0.407343044961829
E231H,1.1505942288393
E231I,0.124473736109752
E231K,0.872226705876674
E231L,-0.201133467241613
E231M,0.602323257592678
E231N,-0.896502240326479
E231P,-0.0969715713131632
E231Q,0.381304731352528
E231R,1.60309095094883
E231S,2.2781054407411
E231T,0.236299664182834
E231V,0.71138248324304
E231W,-0.422127818556036
E231Y,0.775537319555131
S232A,0.586616938398599
S232C,-0.351678807246138
S232D,-0.306495383985956
S232E,0.332634035076164
S232F,0.996461926611236
S232G,3.08420873706421
S232H,-0.302560712680812
S232I,0.667286356147643
S232K,0.650346654469117
S232L,-0.452299308309926
S232M,0.744056794964501
S232N,0.0259435651582146
S232P,0.738181265659878
S232Q,2.36928289985313
S232R,0.641078387708377
S232T,-1.03965862126714
S232V,-0.138111558980178
S232W,0.175451381307568
S232Y,0.459564573122073
K233A,0.344686993717331
K233C,-1.53360744664529
K233D,-0.303481805543477
K233E,0.720242601467362
K233F,-0.752210529126879
K233G,-1.21546282611897
K233H,0.859918816165236
K233I,-1.12680676235598
K233L,1.37527784649057
K233M,0.443982579117178
K233N,-0.150948586284915
K233P,-1.65150335787767
K233Q,-0.542517098052995
K233R,1.97860750289072
K233S,0.589155039720116
K233T,-0.711803554845217
K233V,0.309356659388453
K233W,-1.13876858427394
K233Y,0.525784134490354
M234A,0.63685981825262
M234C,0.326713324939497
M234D,-0.382727001482834
M234E,-0.177326809315661
M234F,-1.20690600540737
M234G,-0.617159478031404
M234H,0.177251939435237
M234I,1.11571392732844
M234K,0.00571257488069486
M234L,-0.417076758555065
M234N,2.44448210331882
M234P,0.467961237884057
M234Q,5.03783548138917
M234R,-0.500695892676478
M234S,-0.813359227394051
M234T,-0.632357425905009
M234V,2.57502855810446
M234W,2.7711886072617
M234Y,0.325824869286423
S235A,-0.407287346220228
S235C,1.85508191811473
S235D,0.269756172042141
S235E,-0.420965563968963
S235F,1.68142289304583
S235G,-0.36118738366515
S235H,1.09234179860669
S235I,0.490816984678443
S235K,-0.344837225010372
S235L,-1.46318143642921
S235M,0.0141233756307841
S235N,-0.0199623996281125
S235P,0.879115640659518
S235Q,0.391169537112448
S235R,0.649627307204327
S235T,1.35319713767547
S235V,0.798513954789109
S235W,1.18414949439061
S235Y,0.00249165735808172
G236A,-1.34821283373495
G236C,0.246877911201993
G236D,0.452128856380545
G236E,1.21600652037034
G236F,0.983751428269455
G236H,0.347166332562337
G236I,4.42357557541277
G236K,0.846113095806668
G236L,0.276745810588399
G236M,3.7243896346786
G236N,0.997635389040228
G236P,0.898816022698023
G236Q,2.00513450151796
G236R,-0.120317547373336
G236S,2.70231116146952
G236T,-1.05337982347617
G236V,0.894920538688046
G236W,2.23158639511497
K237A,-0.258085692868051
K237C,-1.45768605595793
K237D,-0.526126814757165
K237E,2.86245010443091
K237F,-0.964906547654681
K237G,-0.703709497076288
K237H,1.18299987909253
K237I,-3.39807614849159
K237L,-0.751138875322851
K237M,0.0568096371246695
K237N,0.986339050884916
K237P,-0.607175884292233
K237Q,1.50754499125054
K237R,-0.562627681412166
K237S,0.350915520862516
K237T,0.390307847116552
K237V,0.353307504856865
K237W,-0.158332212301857
K237Y,0.0402425322498326
G238A,1.1880198522857
G238C,1.20474047188324
G238D,-0.658764077581043
G238E,0.2903446863953
G238F,-1.25831316382869
G238H,1.38816429727173
G238I,2.88205493785234
G238K,-0.274526206854227
G238L,-0.797446942205943
G238M,0.608662327632386
G238N,0.460005176002899
G238P,-1.21367326160414
G238Q,-0.949337530979359
G238R,0.865325640351877
G238S,2.29779883438214
G238T,2.49659455099844
G238V,2.10506772472463
G238W,0.820189296188279
G238Y,-2.80459033666564
Q239A,-1.52706721682091
Q239C,0.187683553897723
Q239D,0.291493638009236
Q239E,-0.895979692769445
Q239F,-1.78836198526465
Q239G,-0.791828565508656
Q239H,0.3693511327758
Q239I,0.227951039555114
Q239K,0.286123383995753
Q239L,-0.864343858683179
Q239M,-0.269419174984546
Q239N,-0.55265183292372
Q239P,-0.505135160275387
Q239R,2.04696979681451
Q239S,-0.487304031007698
Q239T,-1.90823032835753
Q239V,0.67063675451415
Q239W,-3.35123515759522
Q239Y,1.49366531647044
Q240A,-0.472577111023574
Q240C,0.329109306471497
Q240D,0.637783330619129
Q240E,-0.934938542449907
Q240F,-0.210186654881064
Q240G,0.480956490336917
Q240H,-0.97216319350453
Q240I,0.455149316667667
Q240K,-0.294814323485303
Q240L,1.33360110820694
Q240M,1.19778309458929
Q240N,-0.712566495543262
Q240P,-1.39835973494603
Q240R,0.834025418601467
Q240S,3.15327913136924
Q240T,-0.477830868765617
Q240V,1.71397554757822
Q240W,-1.8656128308669
Q240Y,0.990045749278663
Q241A,2.08352059166687
Q241C,2.68532814013469
Q241D,-2.95524088109294
Q241E,-0.323634945679659
Q241F,1.22774053533078
Q241G,0.759163904565886
Q241H,-0.920200344918136
Q241I,-1.34010954445108
Q241K,-0.137622657471721
Q241L,-1.31098763306374
Q241M,-0.392541207678293
Q241N,2.00379682665237
Q241P,4.65630255009339
Q241R,1.09741897136462
Q241S,0.608345682649388
Q241T,1.5396746394422
Q241V,-1.25727861428709
Q241W,-0.372436830791279
Q241Y,0.320739100486407
Q242A,0.19036197162481
Q242C,0.941346467070904
Q242D,0.384149750380549
Q242E,0.556772640132657
Q242F,0.702724712273755
Q242G,0.699420553426898
Q242H,0.810596932187912
Q242I,-0.181671186315306
Q242K,-0.275601380780814
Q242L,-0.483853639043915
Q242M,-1.82010417205784
Q242N,-0.139152591662677
Q242P,-0.819253367959262
Q242R,0.4973576373186
Q242S,-0.917063144669669
Q242T,-0.317975938223978
Q242V,-0.691776701652911
Q242W,0.130837305752826
Q242Y,1.1256928642552
G243A,1.24281132602634
G243C,0.752956193903237
G243D,-1.70137065809735
G243E,1.62422998743906
G243F,0.503445171924633
G243H,0.240714195516238
G243I,1.07620199529933
G243K,-0.776740819324906
G243L,-1.64094240050433
G243M,-0.66124276628195
G243N,-3.91449100167255
G243P,1.05251585050736
G243Q,-1.55729594031546
G243R,0.723430798709419
G243S,-0.515907522782939
G243T,-0.26951964177468
G243V,-0.355313066876984
G243W,0.837416658280058
G243Y,1.09593730230261
Q244A,0.855917526482717
Q244C,-0.44042283493948
Q244D,0.855407228512757
Q244E,0.718819377533984
Q244F,1.29252645939418
Q244G,-0.561236437194701
Q244H,0.756896422466084
Q244I,0.561293260208916
Q244K,0.287701811561219
Q244L,-0.563570974268316
Q244M,-1.20840103714417
Q244N,0.328463901941266
Q244P,-0.680016175135457
Q244R,1.01168091609322
Q244S,1.38703352061743
Q244T,0.712743043757374
Q244V,1.05207206774468
Q244W,2.63210691880072
Q244Y,0.106332875267378
T245A,-0.76331066121707
T245C,1.60042222030327
T245D,-2.2878170274103
T245E,-0.723578534443649
T245F,-0.377570731205774
T245G,2.66318531770249
T245H,0.693559442309949
T245I,0.0902643010079499
T245K,1.07214052459435
T245L,0.831633928983727
T245M,-0.959914632590529
T245N,-0.469834816352944
T245P,1.03792806359507
T245Q,0.997780982362443
T245R,0.706382885712061
T245S,0.625195109789435
T245V,1.98342048903327
T245W,-0.173547493424493
T245Y,-1.12336537455833
V246A,-1.33831907478839
V246C,0.586079467545221
V246D,1.85091463059432
V246E,2.0999606659889
V246F,0.15279740176277
V246G,0.429896195996226
V246H,0.911096518755001
V246I,5.78894683600126
V246K,-1.03445783198321
V246L,5.11798360793906
V246M,1.74784313461068
V246N,-1.1277548956014
V246P,0.728737839104684
V246Q,0.120762376294164
V246R,0.0421899142111308
V246S,0.862171710507259
V246T,0.322624605058746
V246W,0.194219781087182
V246Y,-0.470435530648002
T247A,-0.384624209434456
T247C,-0.775598059152214
T247D,0.603254890178005
T247E,-0.163687930732119
T247F,0.217610007565748
T247G,-0.577242894249559
T247H,0.00359707204938217
T247I,3.64466730295584
T247K,6.99394003036809
T247L,-0.44918031191468
T247M,-1.26933015410571
T247N,0.133022080000728
T247P,1.88665523197702
T247Q,0.51133008564464
T247R,0.317732479447897
T247S,-1.4358188715281
T247V,1.10809659103101
T247W,0.33550383797507
T247Y,-0.00413750168461132
K248A,0.460777530176871
K248C,0.80410668329548
K248D,1.87317934039747
K248E,1.43374461569338
K248F,0.597579474306297
K248G,-0.755424439920586
K248H,-0.831086364900002
K248I,-1.49426625540896
K248L,0.939315110907812
K248M,-0.192544974378739
K248N,-0.337411456087975
K248P,-1.15773944394677
K248Q,0.123494055246329
K248R,-1.19375957907382
K248S,-2.13762197667976
K248T,-0.856610090617584
K248V,0.94917116456406
K248W,-0.925378582942627
K248Y,-0.844221589218738
K249A,-0.0893702689860992
K249C,0.617824484685234
K249D,0.134352744118795
K249E,-0.690139655761432
K249F,-2.92987543551049
K249G,0.682737031691588
K249H,-2.64144212930796
K249I,-0.314718843793949
K249L,-0.554871796041919
K249M,-0.434478367826469
K249N,-1.59051354579886
K249P,-0.178064575302505
K249Q,0.625395042912064
K249R,1.58906985205918
K249S,-0.99610437839564
K249T,-1.94978194692829
K249V,-0.753324959198807
K249W,1.01298293755711
K249Y,0.325889351653685
S250A,-0.19433790452767
S250C,-1.21716244456527
S250D,0.918869645053082
S250E,-0.244561605857195
S250F,6.66351998906825
S250G,-1.46128976325628
S250H,-0.0657127194056141
S250I,-0.284952786917392
S250K,0.848728624310814
S250L,-2.4283817213244
S250M,0.240932686182435
S250N,-2.0633710366739
S250P,-1.03608969449174
S250R,-1.62553447410605
S250T,-1.57161192382864
S250V,-0.846652526806417
S250W,0.666033253041164
S250Y,0.607164845069861
A251E,0.306063520783654
A251S,-1.49452365274845
E253A,-2.66719734494247
E253G,-1.84040404470413
E253H,0.517487004973238
E253I,-1.53621149981907
E253K,0.170981019277494
E253M,-1.06391472388696
E253N,-1.75202779739836
E253R,0.651474191295116
E253S,-2.22261029005781
E253T,0.0120887705176779
E253V,-1.3887916759155
E253W,1.3267131975475
E253Y,-2.45963822231901
A254C,3.77218700071533
A254D,-0.96774454503049
A254E,-0.805415072227213
A254F,1.16107189203265
A254G,-1.10330060814776
A254H,-1.09666806166227
A254I,-0.285178614549237
A254K,0.689049172784048
A254L,3.00006018298724
A254M,-0.191555504113967
A254N,-1.35302263878766
A254P,-1.05169539318834
A254R,-2.30521464382938
A254S,-0.983337094036631
A254T,-0.662777738052302
A254V,2.70164640561601
A254W,2.45463915559414
A254Y,-1.85611917681879
S255A,-0.0325599863446293
S255C,0.723227110353747
S255D,-1.31765608935914
S255E,0.522053537948037
S255F,-0.100327410588089
S255G,-0.0874342340418688
S255M,-0.633575128501798
S255P,-1.44323338930566
S255Q,0.143271168896046
S255R,5.23684214773969
S255T,-1.26532985329792
S255W,-3.75705584125948
S255Y,0.356348337200944
K256A,1.73014893246122
K256C,-2.05512729391209
K256D,1.11201043747905
K256E,0.190389026710596
K256F,-2.57521814173314
K256G,-1.81398113140411
K256H,0.728628680224702
K256I,-2.05946448480775
K256L,1.15401064875935
K256N,-0.118659755704482
K256P,-0.858451050113738
K256Q,-0.220527976786277
K256R,-0.434695301303002
K256S,0.364768613741364
K256V,-0.629726013079559
K256W,-0.84592779381798
K256Y,-1.83496370734287
K257A,1.86160649802686
K257C,0.0478830835736308
K257E,-0.570618190260554
K257F,-2.07437455806615
K257G,-1.54744511534067
K257H,-1.49411284590014
K257I,-0.901536308032847
K257L,0.391733833456812
K257M,0.590419136630399
K257N,0.203405769706823
K257P,1.11337152170545
K257Q,-0.126216655644556
K257R,0.0232614825504304
K257S,0.573723348738104
K257T,3.0882037978478
K257V,-1.00595032525595
K257W,-1.82715023454767
P258A,-0.0298659749344735
P258C,-2.57521814173314
P258D,-0.216829288472321
P258E,-0.214010073057514
P258F,0.966056701698362
P258G,-0.792245354881898
P258H,-0.399378286098505
P258I,-0.328573096161508
P258K,-1.51044285816203
P258L,1.08814403808845
P258M,-2.16906940925097
P258N,1.77936195919739
P258Q,-0.775184936477842
P258R,12.6616433086703
P258S,0.471630702503921
P258T,0.623112298910498
P258V,-0.0382293661118764
P258W,-0.747492890384344
P258Y,-0.26306026287712
R259A,0.16371107657378
R259C,1.09132413200403
R259D,0.556888198313961
R259E,0.461288976310584
R259F,-0.154348874621588
R259G,0.950196672868449
R259H,-0.300791844361761
R259I,0.185793086367791
R259K,0.991482560502254
R259L,-0.0773586315882695
R259M,-0.68114424613358
R259N,0.00442847801244196
R259P,-0.254484843143703
R259Q,-0.738752889463981
R259S,1.42888657380863
R259T,-0.915936339791579
R259V,0.303161939053239
R259W,0.0672033727255287
R259Y,0.159413406883547
Q260A,-1.29099156338276
Q260C,3.53812395276046
Q260D,-0.149159430136813
Q260E,-0.0490065550094505
Q260F,-0.526296333850958
Q260G,-0.618612709860061
Q260H,0.590116133621641
Q260I,1.61833241667621
Q260K,0.0687231878648057
Q260L,0.108571314681322
Q260M,-0.559656782725368
Q260N,0.135877161943855
Q260P,-2.04417298448729
Q260R,-1.29594827743116
Q260S,-1.41945292556325
Q260T,-2.6847854218768
Q260V,-0.780844411900825
Q260W,-0.0443916379354393
Q260Y,-1.01501300156907
K261A,-0.176181611870145
K261C,6.07747632441597
K261D,1.99824120594535
K261E,-0.296870013004356
K261F,0.262555417740217
K261G,0.272104050191605
K261H,0.183656197563399
K261I,-0.239619598962541
K261L,0.0795042000592778
K261M,-0.375041216636611
K261N,0.528322468561687
K261P,1.49633736787166
K261Q,-0.688273691544521
K261R,-0.291303960541877
K261S,-0.169585384138064
K261T,-0.367471783371178
K261V,0.518233715567593
K261W,-0.232006980071959
K261Y,0.385468697920031
R262A,0.949677015950053
R262C,3.77325960752051
R262D,0.855678696495183
R262E,0.553847291302874
R262F,-0.0169073778626297
R262G,0.418877784517326
R262H,0.83786826584169
R262I,-0.699942817257034
R262K,1.58855852531058
R262L,-0.752210529126879
R262M,0.276248208099475
R262N,1.48976265223612
R262P,1.4948888202283
R262Q,-0.658070639570098
R262S,1.40918038105017
R262T,0.0974071249927094
R262V,0.628605515873277
R262W,0.961353022227755
R262Y,-0.645817627635303
T263A,-0.413745385420295
T263C,0.141523478575095
T263D,-1.28592614410194
T263E,-0.607779586169685
T263F,0.772916732268493
T263G,-2.48785137637696
T263H,0.163664451247703
T263I,-2.96964732450334
T263K,0.0611043930886844
T263L,-0.939936432595901
T263M,-0.176520533869092
T263N,0.473132890359103
T263P,2.22422984012391
T263Q,0.50572672029397
T263R,-0.153430979928082
T263S,-0.54393449673925
T263V,-0.42039926677779
T263W,0.159054394680956
T263Y,-0.285648730217312
A264C,3.90168221897863
A264D,0.594376554792291
A264E,1.28912996893497
A264F,-0.66089014516535
A264G,0.361952581183183
A264H,-2.58443495395403
A264I,0.0907449530822054
A264K,3.74771056050398
A264L,1.70615197858647
A264M,1.4562824037223
A264N,0.690404230786808
A264P,-0.862089158838963
A264Q,3.40658450738524
A264R,5.20527724409326
A264S,0.472326197128882
A264T,0.124424185998052
A264V,0.00567653072439133
A264W,-1.71298204537229
A264Y,-1.90183112158531
T265A,-2.15838334198212
T265C,0.885056113485802
T265D,-1.0457397480362
T265E,-0.217638050067894
T265F,1.63374838030772
T265G,-0.205269327028589
T265H,0.246361363045653
T265I,0.649244676357892
T265K,-0.0330454411065908
T265L,1.75150577395099
T265M,-1.40899943081476
T265N,0.769520536648869
T265P,-0.736724791991837
T265Q,0.723834979559275
T265R,-2.52677156166879
T265S,-0.136151201201548
T265V,-2.31723916939806
T265W,-1.51695135559605
T265Y,2.46780038925449
K266A,0.142921567258557
K266C,1.20768547102124
K266D,-0.20317162263038
K266E,-1.52238442994693
K266F,-0.419191294761025
K266G,1.56526884233762
K266H,-0.678735833321143
K266I,-0.317595353632078
K266L,-0.680093295230315
K266M,-0.232650335681131
K266N,0.280425036628886
K266P,-0.997577348277906
K266Q,0.0216698888697442
K266R,-0.211175593323247
K266S,0.674037787308907
K266T,1.24421115429275
K266V,-0.788663172199518
K266W,0.32569476494199
K266Y,-1.58537486165173
A267C,1.01176808920865
A267D,0.0987125124739502
A267E,0.380310422757153
A267F,-1.52485736700496
A267G,0.546200755453687
A267H,0.227321343089478
A267I,-0.300191603704873
A267K,0.74252865442566
A267L,-0.97575395397879
A267M,0.957556869181388
A267N,-0.54929574387771
A267P,0.808610094131483
A267Q,-2.22780872828614
A267R,1.1458463594354
A267S,0.639493504536151
A267T,-1.33521153215221
A267V,2.63544403304061
A267W,-0.474760747787455
A267Y,3.65986566280151
Y268A,-1.87230720754515
Y268C,-2.12552444369492
Y268D,-0.335263734432273
Y268E,1.29941098968143
Y268F,-0.343360221687679
Y268G,0.106159751654375
Y268H,3.75412172471775
Y268I,1.85778521247885
Y268K,-1.31065225159297
Y268L,1.24234783671612
Y268M,-0.417463391461868
Y268N,4.24430392648413
Y268P,0.193155036935198
Y268Q,-0.520608427834247
Y268R,-0.655074696999827
Y268S,1.02778260278579
Y268T,0.278763510613116
Y268V,-0.0322879414222382
Y268W,4.87693354631149
N269A,0.0469638476937985
N269C,0.155595408890982
N269D,-1.2728118505976
N269E,-1.15187242466198
N269F,0.647703000245022
N269G,0.708373957605804
N269H,0.810985384189045
N269I,1.71441024967152
N269K,2.36286729666944
N269L,1.31048253397656
N269M,-0.652114669224541
N269P,2.12006229819386
N269Q,0.362195743949062
N269R,1.87115899087548
N269S,2.10112843023571
N269T,-0.208612098685475
N269V,0.505958713283267
N269W,5.81404015211505
N269Y,2.0236713705875
V270A,1.21105051140766
V270C,0.40739027006091
V270D,-0.340592550056853
V270E,-1.78195510771756
V270F,-1.90875341690319
V270G,-1.31981231265323
V270H,-1.52014750163573
V270I,0.587247675655547
V270K,0.550893310462669
V270L,2.01602223281139
V270M,-0.896852711322314
V270N,1.59716390995105
V270P,-0.837083946788753
V270Q,-0.648150219377246
V270R,1.24505571110127
V270S,-1.92079336509228
V270T,1.9104493587243
V270W,0.546444440473298
V270Y,-1.89896730761927
T271A,0.671293592438137
T271C,1.45408913848882
T271D,0.863940147922419
T271E,-0.207908508028044
T271F,3.31895535691375
T271G,0.0465083439755914
T271H,2.68681033038498
T271I,1.20466505236909
T271K,2.06504721758082
T271L,1.04979563802613
T271M,-0.622027620280008
T271N,2.18671217027619
T271P,-0.0973088639003328
T271Q,0.632628348231534
T271R,1.40149143964718
T271S,2.44466933365304
T271V,1.52878918668678
T271W,1.89513873627377
T271Y,3.63007660394519
Q272A,0.0236389560913597
Q272C,0.79274053427074
Q272D,-0.036662818458989
Q272E,0.246984631359805
Q272F,0.334358102063745
Q272G,-0.991031060680591
Q272H,-0.46042105758552
Q272I,0.0312444829374321
Q272K,-0.589893237349586
Q272L,1.63864644698207
Q272M,0.371379497339976
Q272N,-1.77112059213713
Q272P,1.1474941568678
Q272R,0.261338002908325
Q272S,0.234112555230694
Q272T,0.283154843145476
Q272V,-0.643890745706307
Q272W,0.15398092071538
Q272Y,-1.46050148574019
A273C,1.42848730297971
A273D,-0.256991919471085
A273E,1.15502523641181
A273F,-3.29017125422778
A273G,0.336181557340737
A273H,1.06834445158276
A273I,0.742504735409083
A273K,-1.70275740650778
A273L,0.371572377795815
A273M,-0.790718512046591
A273N,-0.17958935310919
A273P,-3.45728560556557
A273Q,-1.43646379398482
A273R,0.16371107657378
A273S,-0.522012166611866
A273T,0.0361919451981397
A273V,-1.31183382852764
A273W,-1.20994105544008
A273Y,-1.22309576545038
F274A,3.16328798534824
F274C,3.83741564782479
F274D,-0.435913319454359
F274E,3.27122058126806
F274G,3.34959538346558
F274H,3.18385730890492
F274I,-0.995098752103427
F274K,4.37553781821045
F274L,-0.263602805990326
F274M,2.30049186511737
F274N,0.574066922852888
F274P,-0.1457741246276
F274Q,-0.987190981050595
F274R,1.47980704955802
F274S,-2.71051921646906
F274T,0.467262841736471
F274V,-0.939472604612253
F274W,-0.530235006030476
F274Y,3.33519081129688
G275A,-0.901675598148234
G275C,2.04937252029756
G275D,-0.977571705995056
G275E,-0.176075496349779
G275F,0.514564401249935
G275H,-0.180445426830684
G275I,-1.41045374221066
G275K,-2.29017564138853
G275L,1.19479532694094
G275M,0.179699773615123
G275N,0.7655469867748
G275P,-1.98121652170386
G275Q,0.822579632970293
G275R,-1.11706912366764
G275S,-1.14574527381091
G275T,0.0502184319087465
G275V,-1.34393173641428
G275W,1.44051092562889
G275Y,-2.3308243232098
R276A,1.08419126104782
R276C,0.484629681067984
R276D,-1.05009274668068
R276E,-0.0475117940511123
R276F,-0.929244689564586
R276G,-0.502698580806376
R276H,1.43197726615807
R276I,0.45076970895809
R276K,0.632111625199747
R276L,-1.01285748009023
R276M,2.30427819932374
R276N,1.35596706664774
R276P,-0.105195213140711
R276Q,-1.11903139456501
R276S,-1.56044993246783
R276T,0.0123820338377907
R276V,0.995155405780046
R276W,-1.54200382424747
R276Y,0.777715212361138
R277A,1.22546276686962
R277C,0.0304081775382712
R277D,1.31866659407513
R277E,0.0292870066088871
R277F,1.44772721118808
R277G,16.0695206960343
R277H,0.622284948380043
R277I,0.305004909236793
R277K,-0.660024743187768
R277L,1.83763057513948
R277M,2.26414305268198
R277N,-1.4068318383087
R277Q,0.217775884031003
R277S,-0.236974870013173
R277T,-0.973332541265506
R277V,-2.87163121530551
R277W,0.855665360219383
R277Y,-0.653402639236352
G278A,0.0256836590234507
G278C,-1.25190264405712
G278E,-1.49867052908289
G278F,0.27635072896686
G278H,3.28478708157807
G278I,-0.169656108643391
G278K,2.66391715440179
G278L,-1.09666806166227
G278M,-0.556481695507111
G278N,-1.927562879567
G278P,-0.915288996766279
G278Q,-0.812016539422376
G278R,0.822579632970293
G278S,1.62500154949797
G278T,0.641563909115508
G278V,0.685166384348608
G278W,-0.771729866585943
G278Y,0.0842202463609848
P279A,-0.745925297167819
P279C,0.593358382055854
P279D,-0.148162070026102
P279E,-0.683594061855184
P279F,-1.44019065508589
P279G,0.791899326114077
P279H,-0.765271926703336
P279I,-0.604986427208015
P279K,0.235631045380609
P279L,1.24452872975833
P279M,-0.00884680081004302
P279N,0.118672302380804
P279Q,-0.170407144084263
P279R,-0.434602860448762
P279S,1.68148939153366
P279T,1.76796409002498
P279V,2.47917502574384
P279W,-1.10491379163772
P279Y,4.920487145495
E280A,1.02559048318767
E280C,-2.096736233162
E280D,2.95840914451633
E280F,-0.251203237238593
E280G,-0.724314377461736
E280H,2.78972450529909
E280I,0.0979114376005157
E280K,1.00339925509771
E280L,-0.613827102874216
E280M,0.344115753231983
E280N,1.67094072189803
E280P,-1.10883218654189
E280Q,0.413018830514418
E280R,2.16465295947576
E280S,-0.58295128074495
E280T,0.390642175156421
E280V,-0.156465775183291
E280W,0.397263729709906
E280Y,0.0426903907746922
Q281A,-0.832621771234103
Q281C,-0.756193116616498
Q281D,0.0888656285392658
Q281E,0.0327443926004051
Q281F,1.22558836029166
Q281G,0.304645157412475
Q281H,0.545001821732126
Q281I,-1.34375684447168
Q281K,-0.178721515066935
Q281L,1.61370548360812
Q281M,-0.517019498597547
Q281N,1.02080991419166
Q281R,0.310019290291136
Q281S,1.50463314176028
Q281T,0.627610954618986
Q281W,0.677213664432897
Q281Y,0.661077786127108
T282A,-2.23060476744238
T282C,0.0218383691250051
T282D,-1.32237776805623
T282E,0.18099371265755
T282F,0.47630534427189
T282G,1.55119397046447
T282H,1.35476721577846
T282I,0.812307243582635
T282K,0.865273330488207
T282L,1.41914169743899
T282M,1.41261913105993
T282N,-1.47571032190204
T282P,1.0415416076063
T282Q,0.464636442708555
T282R,1.94991487576591
T282S,0.89380739084155
T282V,-1.57722655428374
T282W,1.20864742662653
T282Y,4.86064208068152
Q283A,-0.792260022530089
Q283C,-1.20769566628819
Q283D,-0.495996254557067
Q283E,1.01514217383928
Q283F,-0.26499222174664
Q283G,2.11613554683968
Q283H,-0.721061958496719
Q283I,-0.9854443246009
Q283K,0.330461397022692
Q283L,-0.471133023915457
Q283M,-0.934069463964448
Q283N,1.3226954595815
Q283P,0.40549363113432
Q283R,0.839626813237319
Q283S,-1.6979036186122
Q283T,-0.730041263207713
Q283V,0.619775331100481
Q283W,1.05424646455482
Q283Y,3.89187180431975
G284A,-1.98459109473231
G284C,-0.448597704513699
G284D,0.101167797070612
G284E,-1.96255317529041
G284F,-0.322776537834668
G284H,-0.345875405206745
G284K,0.847298912242391
G284L,3.46014759668503
G284M,2.10014170466944
G284N,-0.0446514083853282
G284P,-0.310842956408607
G284Q,0.742496558307722
G284R,0.88003172196653
G284S,-0.880248543962589
G284T,-0.571075365822963
G284V,-2.14895362890875
G284W,-0.858018766582224
G284Y,1.44997095269908
N285A,-0.173701762086388
N285C,1.87115899087548
N285D,0.224613918542009
N285E,-0.933720809615184
N285F,1.55965031597744
N285G,0.649065803479031
N285H,1.29165555239986
N285I,-1.21383228172468
N285K,2.83801003342532
N285L,-1.33253418834776
N285M,-0.215443325734663
N285P,-0.465773788552663
N285Q,0.377207343702205
N285R,1.79461055400908
N285S,0.351899758643367
N285T,-0.961613533020072
N285V,-0.971252212812252
N285W,2.25041691444999
N285Y,1.64542950263869
F286A,1.12583345052429
F286C,-3.41150678694743
F286D,0.798951054670067
F286E,2.42330069254698
F286G,-2.03814103621976
F286H,-0.62939686972604
F286I,1.84940499580617
F286K,4.68168629010794
F286L,0.762703504573691
F286M,-0.794758161058343
F286N,-0.63770900799862
F286P,0.47345876578394
F286Q,-2.66719734494247
F286R,1.25860836087183
F286S,-0.972833962586023
F286T,-1.48007723789938
F286V,-0.164944985024717
F286W,-0.548209881630188
F286Y,0.218712096947513
G287A,-0.211927134133624
G287C,-1.98695403658284
G287D,-0.305773454664041
G287E,0.453589967082814
G287F,1.03613391790455
G287H,-0.859638787633235
G287I,-1.3529240207478
G287L,-0.0663794419324713
G287M,1.20530374406049
G287N,0.439969248186547
G287P,-0.484524540996341
G287Q,-1.51738114684539
G287R,3.18539917410967
G287S,2.24672845663023
G287T,0.483723433486242
G287V,1.43471459461475
G287W,6.06195166579642
G287Y,-1.22702693592694
D288A,-0.141907606731918
D288C,4.82154688746221
D288E,-1.23811600791094
D288F,-1.17228532182448
D288G,-0.124982233513345
D288H,1.74934816861455
D288I,0.612935613217749
D288K,0.467339984315538
D288L,-0.133147468810154
D288M,0.320739100486407
D288N,0.401537527944092
D288P,-0.325023799138454
D288Q,-0.58922463761036
D288R,0.130643134126959
D288S,-0.0951234854114877
D288T,0.740509731241172
D288V,0.556411378021576
D288W,0.289490651185692
D288Y,-0.820509780910644
Q289A,1.17092529007121
Q289C,-0.26418039554115
Q289D,-0.506300119600526
Q289E,-0.0560232269535344
Q289F,-0.331688956995633
Q289G,1.22054102780099
Q289H,-0.402385958580507
Q289I,-0.765425771372574
Q289K,-0.310613277832374
Q289L,0.451871778090289
Q289M,-0.0384434172099165
Q289N,0.69551869876278
Q289R,0.720462905323828
Q289S,0.167466105440407
Q289T,-0.852740754438146
Q289V,0.859864431242564
Q289W,0.0142444617212113
Q289Y,-1.70889166859863
E290A,0.663079779407786
E290D,-0.321450481197854
E290F,-0.353272315871086
E290G,-1.81398113140411
E290H,0.428028673994318
E290I,2.3598260708294
E290K,0.355662343177039
E290L,-0.696777344513036
E290M,1.45157372626423
E290N,1.48114280544984
E290P,-0.359982143458624
E290Q,0.733600100545681
E290R,0.419802969769881
E290S,0.785554220197919
E290T,-0.234461229771621
E290V,1.90745962656552
E290W,0.608362644213034
E290Y,0.861567450622928
L291A,0.141288475523898
L291C,3.08779117693759
L291D,-0.788404319864879
L291E,0.107015109243016
L291F,1.68470958145055
L291G,-2.28624476822832
L291H,1.94339645858206
L291I,-0.522887485225476
L291K,-0.912543243009494
L291M,-0.705426343000698
L291N,0.45799517573407
L291P,-2.68575760812795
L291R,1.36557780095038
L291S,2.9011818096462
L291T,-2.19417596994504
L291V,0.496598985416623
L291W,-0.451902902022868
L291Y,-0.057929501746182
I292A,1.73278286905032
I292C,0.314192671212465
I292D,1.38296983614062
I292E,-0.00767069686965117
I292F,0.035259435957647
I292G,3.03811430020834
I292H,0.370252461823134
I292K,0.220969389014374
I292L,0.244674092844946
I292M,-0.777862939215059
I292N,-1.34488830744653
I292P,-0.299342063191858
I292Q,-0.973592915395844
I292R,0.00400721642162971
I292S,-1.37820486320968
I292T,0.356604722134209
I292V,0.331721757478523
I292W,-1.40518804334503
I292Y,-0.56007714196671
R293A,0.525215195060471
R293C,-1.01898441338512
R293D,0.176250038731799
R293E,-1.3557905607033
R293F,0.0307378645541885
R293G,-0.279782047528205
R293H,-1.45170478382113
R293I,-0.09458654836642
R293K,2.52340487132599
R293L,-0.0870375796885562
R293M,6.66827236196025
R293N,-0.214518073956523
R293P,-0.751680892412014
R293Q,-0.001366507618298
R293S,1.19843963601089
R293T,-0.207655084609584
R293V,-0.385992328047843
R293W,0.103155088768222
R293Y,-1.08847161553731
Q294A,1.77050153568569
Q294C,4.36739021139388
Q294D,-0.24658232895117
Q294E,0.0156184806751193
Q294F,-0.541286090631418
Q294G,1.52086009913224
Q294H,1.0421181430693
Q294I,-1.17883045065173
Q294K,0.805446978196279
Q294L,-1.68805121815937
Q294M,0.903889397481549
Q294N,-0.121931313414517
Q294P,-1.35302263878766
Q294R,2.29453925171497
Q294S,0.458121018090943
Q294T,0.24471247304578
Q294V,-0.13704328422595
Q294W,-0.0150946394243982
Q294Y,2.275155005892
G295A,0.610033011519024
G295C,2.26311369302422
G295D,0.602340838697394
G295E,0.252467161955884
G295F,0.364106015211474
G295H,1.98695919864156
G295I,4.33791217712161
G295K,-2.17344829805848
G295L,-0.103254275251405
G295M,-0.139690239595514
G295N,-0.305744530496245
G295P,-0.70698137846576
G295Q,2.49052961479402
G295R,2.29883155245815
G295S,-1.05248738306922
G295T,3.50549664135189
G295V,0.232730260655085
G295W,-2.31377739610486
G295Y,-0.647405371197978
T296A,-1.8550134103021
T296C,1.35554146199928
T296D,3.66337873999248
T296E,-0.510914112960555
T296F,0.446661904186609
T296G,1.78429729307706
T296H,-0.524595665850323
T296I,0.833524893439525
T296K,-0.848915157624301
T296L,1.527776234157
T296M,-1.11381185536708
T296N,-1.07537830556885
T296P,-2.08157262344936
T296Q,-1.17517851660395
T296R,0.352030558464534
T296S,-0.513199175580265
T296V,4.89739431697747
T296W,1.92067250894523
T296Y,-0.206444278292243
D297A,-1.05775613541988
D297C,0.579508027959876
D297E,0.577268351498786
D297F,0.0865959494538557
D297G,1.06916491961395
D297H,0.854536670103469
D297I,0.731821659228773
D297K,-0.221413486317509
D297L,-0.419264407059882
D297M,0.051783391295835
D297N,0.391697923981993
D297P,-2.49981514617484
D297Q,0.845917072248874
D297R,0.352723599530472
D297S,-0.47277132763061
D297T,-0.986410849525122
D297V,0.33020447894459
D297W,-0.465606122696401
D297Y,3.71369008089405
Y298A,0.832655898618074
Y298C,2.65924283578543
Y298D,0.16371107657378
Y298E,0.864501960776655
Y298F,0.384238600143292
Y298G,3.39068135242971
Y298H,2.04640470866209
Y298I,1.18639675807854
Y298K,0.857428209622985
Y298L,-0.267336787423332
Y298M,0.759668282472045
Y298N,0.34517571608453
Y298P,1.31899825967203
Y298Q,-0.0398970101251242
Y298R,-1.24416753686695
Y298S,0.509705682148554
Y298V,-1.03327391256702
Y298W,-0.524741327693298
K299A,1.35330661766734
K299C,1.31742948456978
K299D,-0.599682714845509
K299E,-0.811135344493134
K299F,-1.22324743862565
K299G,0.725261721361774
K299H,0.210700171608942
K299I,2.41818153639144
K299L,-0.824299390926455
K299M,-0.329728070611153
K299N,-0.246356852229444
K299P,1.54951133639585
K299Q,-1.03817640244034
K299R,-0.750544014895801
K299S,0.176052811928536
K299T,0.996840509435533
K299V,0.226001060585763
K299W,0.646269113039651
K299Y,-0.0705017872237462
H300A,-0.433047596569395
H300C,-0.117586291038985
H300D,-0.471648182657766
H300E,-0.558116320506041
H300F,-2.16996199538279
H300G,-0.323210911978269
H300I,-0.118080449459961
H300K,0.424909747960305
H300L,-0.499843551733895
H300M,0.733293586808746
H300N,-0.830473250492296
H300P,-0.196379306907391
H300Q,-1.62864565504982
H300R,0.659813129392311
H300S,0.425089416351127
H300T,-0.181640762853132
H300V,-0.0830881628282007
H300W,-0.184900768055502
H300Y,-0.970753624019262
W301A,1.59341542136591
W301C,-0.194998332476407
W301D,1.39011216256128
W301E,-0.508677256956206
W301F,1.16810625589461
W301G,-0.820251542624082
W301H,1.3190512344954
W301I,-0.505604183267916
W301K,0.0896517078073909
W301L,-0.823255923868459
W301M,-2.17299380421922
W301N,2.59136754877209
W301P,0.355614963176401
W301Q,-1.91868339739069
W301R,-0.672375912870593
W301S,0.633582409245931
W301T,-3.48058125684985
W301V,-1.43275433852166
W301Y,-1.10888957279536
P302A,-0.702749323115724
P302C,-1.08277422028627
P302D,-0.327027313735581
P302E,-0.627924697374839
P302F,-1.09487478234215
P302G,2.5455768424272
P302H,2.65919607253812
P302I,-0.67766992079831
P302K,-0.887892670365112
P302L,-0.901669565271371
P302M,-0.399311393272504
P302N,-0.110004078567586
P302Q,-0.313423562709336
P302R,0.0382124469340963
P302S,0.921820307534957
P302T,-0.498993768220623
P302V,0.441155553008596
P302W,-0.486636938164526
P302Y,0.288267048510546
Q303A,0.810929294409671
Q303C,0.632852547169939
Q303D,-0.487808238463739
Q303E,0.312459031855068
Q303F,0.537145193049702
Q303G,-0.280486097076506
Q303H,-0.222797374115663
Q303I,-0.51725830114832
Q303K,1.26800913579149
Q303L,0.0732026420369203
Q303M,-0.124316913955669
Q303N,-0.945801689884658
Q303P,0.690831396727001
Q303R,-0.646544487252944
Q303S,-0.00702600494286556
Q303T,0.184988495109381
Q303V,0.344810267912595
Q303W,0.570967634280926
Q303Y,0.15829374284257
I304A,0.327516840254699
I304C,-1.75488227869814
I304D,-0.246664499930984
I304E,-1.14946740940698
I304F,0.511309392349098
I304G,-0.173407547964919
I304H,-1.63620654662106
I304K,0.585070325168401
I304L,0.0231368719131553
I304M,0.732034361566117
I304N,-2.07461921873674
I304P,0.359194959389256
I304Q,0.411951401228381
I304R,2.57507208444277
I304S,4.02844902013023
I304T,-1.43360708504053
I304V,1.86287709477498
I304W,3.39906155057788
I304Y,2.16324368534203
A305C,0.974184617737408
A305D,-0.542666559748124
A305E,0.205885082550174
A305F,0.974882076295165
A305G,-2.19788918195883
A305H,-0.967835891176434
A305I,1.03004631780661
A305K,-0.117464113139696
A305L,-0.177749458104979
A305M,0.50086236358572
A305N,0.044859293147686
A305P,0.461854227567714
A305Q,0.791338915015071
A305R,0.0594610749979855
A305S,-0.430027130009595
A305T,0.687775617335079
A305V,0.0936573475087708
A305W,-0.483054192879402
A305Y,1.25988442015638
Q306A,0.218475189314825
Q306C,0.163750781837284
Q306D,-0.894667197570598
Q306E,-0.272881068404262
Q306F,0.476420789968836
Q306G,-1.91767120770435
Q306H,-0.9542246768275
Q306I,1.15973117061674
Q306K,-0.0105771273136898
Q306L,1.70082893550938
Q306M,-0.327562201864493
Q306N,0.103447934029722
Q306P,1.05455864763962
Q306R,-0.408424161388944
Q306S,-0.284203700199962
Q306T,-0.777059943450932
Q306V,1.72621960756428
Q306W,0.387513242450868
Q306Y,0.5833650652795
F307A,0.659042839420597
F307C,5.69614002463494
F307D,-0.53196827819823
F307E,5.43162265526348
F307G,-0.853840874483224
F307H,0.460429806835703
F307I,-0.0375572896314047
F307K,-1.10814420535901
F307L,3.00462123286337
F307M,3.44846867501654
F307N,-0.316719966737171
F307P,-2.43717862475704
F307Q,-1.60266867735894
F307R,0.194798353723722
F307S,-0.379521763643198
F307T,1.2061348806364
F307V,-0.644311930127095
F307W,0.241818581437835
F307Y,-0.559269384354276
A308C,5.24613011097257
A308D,-0.144692888183025
A308F,0.28501339326454
A308G,0.473922949795952
A308H,0.855469077608595
A308I,-0.646409932703769
A308K,-0.889371188714633
A308L,0.134973427452881
A308M,-0.62582891459514
A308N,-0.640985582527509
A308P,-1.60488233673914
A308Q,-0.571814906458893
A308R,-1.6715971915259
A308S,2.14971005021666
A308T,-1.2126646664484
A308V,-0.634381447064168
A308W,-1.89166434527106
A308Y,-2.35080095041167
P309A,-0.111291006533966
P309C,0.116349425404102
P309D,1.39295558480029
P309E,1.65827542985362
P309F,2.80832775436514
P309G,1.10804084910107
P309H,-0.842645882633362
P309I,2.99144813111012
P309K,0.0797609703918756
P309L,2.87061349021023
P309M,1.67492767736062
P309N,2.47263285099341
P309Q,-1.05462933763291
P309R,-0.754846666119823
P309S,-2.22261029005781
P309T,-1.28439893265314
P309V,0.552776384232056
P309W,-3.52107731307601
P309Y,7.09155230855363
S310A,1.28003434649644
S310C,0.00221387684740015
S310D,0.333106195235024
S310E,-0.0661725282508654
S310F,0.519648540350369
S310G,0.0588239767559982
S310H,6.25707466876827
S310I,-0.313282931940033
S310K,-0.332393016235123
S310L,-0.185900482151911
S310M,2.30960637003988
S310N,-1.40737692851381
S310P,-0.796779044072195
S310Q,3.03822296386047
S310T,0.752208831215156
S310V,0.105416884449586
S310W,0.461012855728498
S310Y,2.43208472294282
A311C,-0.374516737299981
A311D,-1.42037751776662
A311E,-0.519678786234969
A311F,2.22786271535581
A311G,-0.753761416756405
A311H,1.33258681473721
A311I,0.911800116021915
A311K,0.891907674703425
A311L,0.914532572899308
A311M,0.678679666875549
A311N,-0.11357095451393
A311P,-1.23911804771406
A311Q,0.185589209200512
A311R,0.847657703719395
A311S,-0.131141572001818
A311T,-0.438734440575612
A311V,0.738979393973704
A311W,1.50128136529878
A311Y,1.80894732424072
S312A,-1.53621149981907
S312C,2.04609221836477
S312D,-0.0136647062494949
S312E,-2.18500689338027
S312F,-0.537366244961517
S312G,-0.24700400574517
S312H,0.83051485107856
S312I,0.66735084586979
S312K,-1.48007723789938
S312L,-1.35854362013092
S312M,-0.977118573053531
S312N,-1.94256465507644
S312P,2.34369470192748
S312Q,-1.05815447425016
S312R,-0.914624769234654
S312T,-0.736724791991837
S312V,-0.809114463232258
S312W,0.330281267519772
S312Y,-0.715453315831787
A313D,2.38988176398695
A313E,-0.525228725931809
A313F,-1.16791783757559
A313G,-1.96765616998462
A313H,1.72993275168051
A313I,0.682908755838859
A313K,0.921741296417239
A313L,-0.547093521906617
A313M,-1.39118978844712
A313N,-1.73870943517807
A313P,-1.99522760818674
A313Q,0.705481916893666
A313R,-0.812085095369742
A313S,-1.46554196525365
A313T,0.724147587246666
A313V,-1.79137090305054
A313W,0.0237955965889812
A313Y,-0.812085095369742
F314A,0.264464794749078
F314C,-2.48716997319773
F314D,0.846870421755636
F314E,0.607388204349225
F314G,-0.0424042487101279
F314H,0.92043766875533
F314I,0.142361252117178
F314K,-1.36520894320932
F314L,-0.317740100823551
F314M,0.230280469778529
F314N,4.75918625333428
F314P,-0.947139545362134
F314Q,-0.539763167327368
F314S,0.9828137646381
F314T,-0.80722685474846
F314V,-0.244482913951149
F314W,1.24069161599571
F314Y,-0.651862054166663
F315A,-1.63224957583637
F315C,3.96765187894882
F315D,-1.75315214715567
F315E,-0.835833420020034
F315G,0.117705985736959
F315H,-1.51425081518143
F315I,-1.20118672002171
F315K,0.403480183246148
F315L,0.278193554470439
F315M,3.06681338390805
F315N,-0.414236313751321
F315P,-0.858018766582224
F315Q,2.67360106153973
F315R,-1.14638702393847
F315S,2.02373233274411
F315T,4.09309073610505
F315V,-1.75202779739836
F315W,0.199403359028601
F315Y,0.0184986080466734
G316A,-0.935842487257084
G316C,4.71050486878333
G316D,2.5252462221354
G316E,-1.30638579825779
G316F,1.82348198361692
G316H,0.93728531507912
G316I,-0.86420454867291
G316K,0.0226217163274725
G316L,4.91667317842707
G316M,2.8318933824512
G316N,-1.39900971082278
G316P,-0.430610067674447
G316Q,-0.344571186528395
G316R,2.52736003096697
G316S,1.65780023477911
G316T,4.09127028640437
G316V,2.92910758005042
G316W,3.91809664284605
G316Y,1.45800897789965
M317A,2.08001817919546
M317C,0.648073874539856
M317D,0.418859593419379
M317E,-0.476536720619258
M317F,0.391733833456812
M317G,-0.465831762008907
M317H,-0.493537433624382
M317I,0.388679395498852
M317L,-0.380514957943387
M317P,-0.150771563762324
M317Q,-1.45977607642396
M317R,1.00041505621222
M317S,-1.19308588850693
M317T,-1.07228299941874
M317V,0.35681980776281
M317Y,1.09666167787808
S318A,0.567738621044781
S318C,0.746061120148685
S318D,0.599627158486399
S318E,-1.73386107486186
S318F,2.59780923783244
S318G,3.6468442078407
S318H,3.2870283911564
S318I,0.266920554491655
S318K,-0.403083931357878
S318L,1.75584889232713
S318M,4.86554553479393
S318N,0.958287273164131
S318P,-0.393250679419717
S318Q,4.78249467581762
S318R,-0.576160038427564
S318T,2.64514891938773
S318V,1.01483447012895
S318W,1.66519134809687
S318Y,0.746020604323665
R319A,-0.418031197563855
R319C,2.86322175622948
R319D,1.18512333664919
R319E,3.41540560643287
R319F,0.906933863845186
R319H,-1.0314643312133
R319I,-0.211950484100948
R319K,0.0250397845557319
R319L,1.14343557255369
R319M,-1.87712674798935
R319N,0.802919939939993
R319Q,1.76931308656826
R319S,-0.023299205857458
R319T,-2.12631780336219
R319V,0.683504764922834
R319W,-0.981141122931544
R319Y,1.84145675060019
I320A,0.576884527729741
I320C,0.76499376274979
I320D,-2.76462930798237
I320E,-0.966286245069941
I320F,-1.1537793665905
I320G,0.0743147257481027
I320K,0.800633660753319
I320L,-2.59217831720279
I320M,0.098203615161365
I320N,1.75050659010073
I320P,1.51614163483964
I320Q,1.31117917685698
I320R,4.27317136200042
I320S,0.423673493842345
I320V,0.819936685239603
I320W,-0.392599458539665
I320Y,2.48161875699665
G321A,-0.044248846935203
G321C,0.290942105680988
G321D,3.56832966528982
G321E,0.0796614878455114
G321F,-0.566195896017141
G321I,14.2222585381208
G321K,4.28543153087773
G321L,2.13599701462576
G321M,0.238035625734405
G321N,1.17526728770435
G321R,1.98025824453471
G321S,-0.393676677901944
G321T,1.6134968523694
G321V,10.0273773561582
G321W,2.30853221379024
G321Y,0.175953704949978
M322A,1.42194851339947
M322C,16.0695206960343
M322D,-2.14927798304918
M322E,-0.547999079981459
M322F,-0.483355350005754
M322G,-0.655838455414843
M322H,-0.849514951189262
M322I,1.43811732022168
M322K,8.28481126370501
M322L,0.332634035076164
M322N,3.91897431479881
M322P,-1.14124681341125
M322Q,0.67827794173825
M322R,2.77128047565944
M322S,0.466770108546633
M322T,9.7723972187959
M322V,12.1336083486856
M322W,0.361051880412384
M322Y,13.2839460169008
E323A,3.64111191076216
E323C,16.0695206960343
E323D,16.0695206960343
E323F,16.0695206960343
E323G,10.3990531402191
E323H,3.56576975391664
E323I,16.0695206960343
E323K,16.0695206960343
E323L,8.21605102871729
E323M,9.44005789557048
E323N,16.0695206960343
E323P,9.5914014484442
E323Q,-0.984205965229889
E323R,16.0695206960343
E323S,16.0695206960343
E323T,12.2491774131533
E323V,16.0695206960343
E323W,12.0260725812174
E323Y,16.0695206960343
V324A,16.0695206960343
V324C,7.86164751744145
V324D,16.0695206960343
V324E,16.0695206960343
V324F,-0.416442526869658
V324G,11.110425264782
V324H,1.31899825967203
V324I,16.0695206960343
V324K,16.0695206960343
V324L,14.6589943983242
V324M,1.33969479776722
V324N,8.83377303628665
V324P,4.48827842992458
V324Q,8.18574634417889
V324R,0.840440923237045
V324S,11.4958295973735
V324T,8.65016076466287
V324W,16.0695206960343
V324Y,5.19384757246711
T325A,-0.495122975557289
T325C,0.769366236579517
T325D,3.78333246111548
T325E,7.4615481643492
T325F,16.0695206960343
T325G,16.0695206960343
T325H,-1.17275117677937
T325I,1.90354762498527
T325K,1.22401491404002
T325L,3.86090738537403
T325M,-0.0651764287245506
T325N,0.0787538015619506
T325P,1.72309159546468
T325Q,1.72508209171545
T325R,2.45500399690882
T325S,-0.0965394628652571
T325V,1.51627598470302
T325W,16.0695206960343
T325Y,16.0695206960343
P326A,16.0695206960343
P326C,10.7855707694042
P326D,16.0695206960343
P326E,16.0695206960343
P326F,16.0695206960343
P326G,13.7651569900791
P326H,16.0695206960343
P326I,16.0695206960343
P326K,16.0695206960343
P326L,16.0695206960343
P326M,2.2638737000393
P326N,16.0695206960343
P326Q,16.0695206960343
P326R,4.98813088019626
P326S,16.0695206960343
P326T,16.0695206960343
P326V,9.0371699301859
P326W,16.0695206960343
P326Y,16.0695206960343
S327A,4.81506882514318
S327C,6.58125582007324
S327D,16.0695206960343
S327E,16.0695206960343
S327F,5.91940380475023
S327G,3.83965101373981
S327H,2.90106652382662
S327I,11.495590357463
S327K,3.19009526849872
S327L,6.76255542203843
S327M,8.21767933619889
S327N,2.11142360019171
S327P,10.0442590837753
S327Q,7.87297553521631
S327R,2.44621809334896
S327T,0.793179053109834
S327V,13.3906995561227
S327W,2.91620696656139
S327Y,-0.187937307033032
G328A,16.0695206960343
G328C,16.0695206960343
G328D,16.0695206960343
G328E,16.0695206960343
G328F,3.76343078972002
G328H,16.0695206960343
G328I,16.0695206960343
G328K,4.2545299117659
G328L,-0.200596394885111
G328M,6.15678393748759
G328N,11.5380558006237
G328P,-0.237586640414021
G328Q,11.8337735381227
G328R,0.577870511036397
G328S,16.0695206960343
G328T,10.010203879281
G328V,10.154521248673
G328W,-0.0394855247386878
G328Y,16.0695206960343
T329A,7.70102846599251
T329C,5.45332380221072
T329D,0.398136277145578
T329E,3.61866050883959
T329F,0.769565347439511
T329G,8.05489942333248
T329H,16.0695206960343
T329I,3.48838037160981
T329K,11.3847423749205
T329L,1.19221824785088
T329M,-0.56447185925093
T329N,4.05061293295491
T329P,0.795003728607671
T329Q,16.0695206960343
T329R,16.0695206960343
T329S,6.77200608304569
T329V,1.72059646414112
T329W,16.0695206960343
T329Y,9.63898219570033
W330A,10.758466722633
W330C,9.02488106939919
W330D,-0.42042693362247
W330E,5.98646471306417
W330F,0.912813900185152
W330G,-0.876044879608595
W330H,3.50263265941548
W330I,5.42098073261783
W330K,9.41822856549219
W330L,0.728109680950956
W330M,1.47401237842072
W330N,-0.225342530451342
W330P,1.95879837998004
W330Q,8.50423913538062
W330R,9.93790448752815
W330S,16.0695206960343
W330T,11.3791933259864
W330V,9.06245627438666
W330Y,0.548134625997498
L331A,2.12434271159186
L331C,2.16145237921473
L331D,2.96553516572945
L331E,2.21669590021209
L331F,0.95751557515049
L331G,-0.703651726487836
L331H,2.69023821960657
L331I,-0.767340664696656
L331K,-2.13368332405278
L331M,1.12647502598049
L331N,-0.0165188065679836
L331P,1.54395685918859
L331Q,0.306911353717489
L331R,-4.00462061875543
L331S,0.0772055438962966
L331T,-0.627022089001387
L331V,2.78403445567793
L331Y,-2.58993244402084
T332A,0.620867607511092
T332C,0.95780786906551
T332D,1.89946057568859
T332E,0.507672654560189
T332F,5.15628194056558
T332G,1.47272791418719
T332H,7.45863847874145
T332I,2.32702089194176
T332K,0.790268955528886
T332L,-0.949806789775289
T332M,1.66016806576475
T332N,6.89512700150458
T332P,-0.234358006061159
T332Q,1.59877173393357
T332R,1.63071029285305
T332S,3.01768667523982
T332V,0.679833497904858
T332W,0.0534289508572551
T332Y,0.0991086875011313
Y333A,0.66735084586979
Y333C,-3.39807614849159
Y333D,-0.210315466533525
Y333E,0.187400877878413
Y333F,3.78517355077039
Y333G,0.15849722267231
Y333H,-0.684499777239939
Y333I,0.415202440511902
Y333K,-0.329779385290661
Y333L,2.00604178952929
Y333M,-0.383878116992134
Y333N,0.974189760834273
Y333P,0.688466965237754
Y333Q,1.68175795348975
Y333R,-0.941243629543047
Y333S,-0.494417185992588
Y333T,0.357285536809017
Y333V,-0.56035525562386
Y333W,0.666317395277
T334A,-0.0878738721078383
T334C,-1.46390697622553
T334D,0.516811477456572
T334E,-0.206062161344294
T334F,-0.864837982953171
T334G,0.285016535264997
T334H,-0.616622127918616
T334I,-0.704903810062763
T334K,-0.758206243683288
T334L,-0.0988286839086746
T334M,-0.377643571168079
T334N,-0.226484684770377
T334P,-2.27293476664615
T334Q,2.0402467618182
T334R,-1.3887916759155
T334S,1.89320045238506
T334V,-1.08650579414865
T334W,0.108506653996101
T334Y,-2.13508351451332
G335A,0.600484818005611
G335C,-0.898037483867867
G335D,-0.687321735176811
G335E,-0.204620610930847
G335F,0.228661018069044
G335H,1.43213035941477
G335I,1.63174820920378
G335K,5.49956862564744
G335L,0.485040294019213
G335M,5.27991543708691
G335N,-1.98695403658284
G335P,-0.338586515669421
G335Q,-1.3887916759155
G335R,5.90732140054662
G335S,2.26213026605199
G335T,4.43243738274316
G335V,10.1098533721225
G335W,1.87068384486921
G335Y,16.0695206960343
A336C,3.39214793307826
A336D,2.53901904474712
A336E,0.72455076326124
A336F,1.22196398914962
A336G,0.354648371413887
A336H,0.371263468014451
A336I,4.21863732625519
A336K,2.51990259205709
A336L,2.53972343230297
A336M,2.38733072487017
A336N,-1.44893367015571
A336P,0.0270133350829488
A336Q,0.262990542323751
A336R,-0.986752940709199
A336S,-0.183589225998218
A336T,1.06202256848204
A336V,2.22489640238947
A336W,2.92879506245247
A336Y,0.617721391920045
I337A,2.57023357118209
I337C,3.04376891719595
I337D,0.551071535638807
I337E,13.5245639715892
I337F,10.0084849671029
I337G,-0.133167505683576
I337H,-3.11440109745328
I337K,1.11642933228874
I337L,0.0894911258271357
I337M,0.81578763669188
I337N,-3.52107731307601
I337P,-0.861206832860941
I337Q,1.372674096734
I337R,0.902617293076644
I337S,0.936844652954526
I337T,0.963473411612566
I337V,-0.168957752128435
I337W,-0.183146784591752
I337Y,16.0695206960343
K338A,-1.27962836813291
K338C,6.93796763793346
K338D,0.388721142662965
K338E,0.106790767983693
K338F,0.425820573284631
K338G,0.031177032859033
K338H,0.595750698453252
K338I,0.745659324771325
K338L,-1.98875886017357
K338M,-0.286074641186507
K338N,0.654123907194076
K338P,1.15715934497948
K338Q,0.159669674127417
K338R,0.489923459540611
K338S,-0.121223939775883
K338T,1.74917443391003
K338V,-0.180975967654248
K338W,-1.57942891844236
K338Y,-0.410379715054255
L339A,7.4912591788194
L339C,2.4222476349251
L339D,2.18879735474496
L339E,0.250133719136719
L339F,-0.544870987662071
L339G,2.4837716475868
L339H,-3.13483602839851
L339I,0.58128805761623
L339K,2.18021669591401
L339M,0.756032338239124
L339N,0.240732055601049
L339P,0.939430373664454
L339Q,-0.943963877493966
L339R,-0.393891986050368
L339S,-0.903858182684615
L339T,1.3623594019573
L339V,1.41397500974795
L339W,0.532716540264854
L339Y,-0.472953621815442
D340A,2.0419194168856
D340C,0.12483334600175
D340E,-0.465078684014908
D340F,3.27614158474624
D340G,3.32729261755688
D340H,-2.72098541348244
D340I,2.70668071002314
D340K,1.64402792092837
D340L,3.16291512981342
D340M,2.34566790883275
D340N,1.27845847373701
D340P,2.57531519751809
D340Q,0.396204357043753
D340R,3.21605053862995
D340S,0.585186424976555
D340T,2.01721180805026
D340W,5.57196143404861
D340Y,2.26645997752315
D341A,0.599827093792296
D341C,1.12546768499699
D341E,1.44987381590045
D341F,3.7911755946179
D341G,5.12845202987399
D341H,1.07954665354894
D341I,2.21697367531401
D341K,7.27437804155539
D341L,-0.0673110886333882
D341M,-0.301337098190673
D341N,2.60813956238088
D341Q,0.551930641391588
D341R,16.0695206960343
D341S,0.592846200998273
D341T,0.583163602312592
D341V,0.54873312419686
D341W,2.55467016106821
D341Y,2.47288224278616
K342A,0.212473527959025
K342C,1.89578619420043
K342D,0.496297130528265
K342E,0.958161571255401
K342F,-0.584885868162623
K342G,-0.376306545638854
K342H,-0.0892747292799895
K342I,2.08525317000874
K342L,-0.472634213494553
K342M,0.811094623347608
K342N,-0.178365391986882
K342P,-1.46890808239701
K342Q,2.24659535567316
K342R,1.79257969990201
K342S,0.159270346990314
K342T,-0.379911027440457
K342V,-0.110749829035387
K342W,0.347064477846331
K342Y,-0.169822445209686
D343A,1.26622981571069
D343C,1.98777010589893
D343E,0.179692812115377
D343F,2.09548511531167
D343G,-0.0515135232226014
D343H,-1.26918599728922
D343I,-0.518788355355457
D343K,7.66959593436936
D343L,-0.914668525474802
D343M,-0.80774457694697
D343N,0.566542499258197
D343P,0.179650296280489
D343Q,2.9081664172426
D343R,-0.752337564545264
D343S,1.1994608019788
D343T,1.08175696422059
D343V,-0.627526052291123
D343W,5.8965956723548
D343Y,0.235503897880223
P344A,-2.83598137422144
P344C,1.29383032639419
P344D,0.0578739633586723
P344E,-1.31785642819643
P344F,1.10021861036979
P344G,-0.49070028416732
P344H,0.0636057754563923
P344I,0.743351307102231
P344K,1.16843602166417
P344L,0.788637578961812
P344M,-0.184993497519891
P344N,1.50514195770988
P344Q,1.51746869625185
P344R,0.376081224081552
P344S,-0.0229378674631964
P344T,-0.722701405715743
P344V,-0.801750583598385
P344W,1.30011658119478
P344Y,0.63776392966011
N345A,0.885344282592928
N345C,-0.0494417972988755
N345D,-0.427832783662635
N345E,-0.540624246275985
N345F,2.35841448522204
N345G,1.46911294056746
N345H,0.801165184092882
N345I,-1.09613006775687
N345K,1.93159686875804
N345L,-1.96465750828093
N345M,0.212513958570542
N345P,-0.985730337860645
N345Q,-0.139927865303505
N345R,0.909107094652693
N345S,0.958457768827247
N345T,0.730118913754276
N345V,2.34225400407696
N345W,0.549919091067089
N345Y,5.75889237835587
F346A,2.61430682257106
F346C,8.88634103078961
F346D,0.716501182257183
F346E,0.504286532381198
F346G,2.58889409040267
F346H,7.01076516742533
F346I,7.0931300117711
F346K,8.66039647129391
F346L,7.54136687888689
F346M,10.1765579913517
F346N,5.0153880392059
F346P,1.00256549894988
F346Q,1.23912521916966
F346R,7.94898247033694
F346S,4.17599188031933
F346T,16.0695206960343
F346V,10.3603446358442
F346W,-0.682215340385897
F346Y,-0.149374530315194
K347A,7.37680415291333
K347C,12.9802959337545
K347D,16.0695206960343
K347E,16.0695206960343
K347F,3.01311440280274
K347G,11.3608158436399
K347H,-0.298019351150017
K347I,1.93823893950348
K347L,0.323557117652083
K347M,3.87242589447824
K347N,6.26848465022154
K347P,5.0761437470441
K347Q,6.73423533572125
K347R,-0.789889055104853
K347S,4.63337756202401
K347T,0.112967994952502
K347V,0.583860697855712
K347W,16.0695206960343
K347Y,0.42481318260911
D348A,-1.75398862524497
D348C,1.04050184757511
D348E,5.77992332222292
D348F,0.97659715056863
D348G,-0.267790280441685
D348I,1.83320600210126
D348K,-1.96465750828093
D348L,1.14194074832144
D348M,-0.971499787714497
D348N,0.535117990664401
D348P,0.291182863442156
D348Q,0.44910086829531
D348R,3.24186953416721
D348S,0.942182624437002
D348T,0.651262463799085
D348V,-1.03340187530318
D348W,-2.12571998986645
D348Y,-0.0595266542895649
Q349A,-0.96593917108868
Q349C,2.2638737000393
Q349D,-0.550904421738981
Q349E,0.312915266108969
Q349F,2.17901428044632
Q349G,-0.338953988469042
Q349H,0.242158766243475
Q349I,3.35055629607907
Q349K,-0.449599694631763
Q349L,1.70564981483749
Q349M,-0.267615104342396
Q349N,-1.5934024190728
Q349P,-0.860546318684668
Q349R,-0.769539953508861
Q349S,0.61263186871704
Q349T,0.215278492515215
Q349V,0.691748434647824
Q349W,2.11463990333357
Q349Y,-1.4214633743629
V350A,-0.0595991103118246
V350C,9.94167428420733
V350D,-1.38182632218152
V350E,16.0695206960343
V350F,9.55295511156
V350G,-0.271173460675493
V350H,8.3774904437701
V350I,-2.16561731041656
V350K,16.0695206960343
V350L,-0.676042945204061
V350M,-0.89542161114706
V350N,4.8299976142108
V350P,-2.0321824603902
V350Q,9.66469245958432
V350R,13.4188402128657
V350S,16.0695206960343
V350T,16.0695206960343
V350W,14.9573431551783
V350Y,16.0695206960343
I351A,16.0695206960343
I351C,16.0695206960343
I351D,16.0695206960343
I351E,16.0695206960343
I351F,16.0695206960343
I351G,9.68314268024188
I351H,16.0695206960343
I351K,-0.108311219264102
I351L,1.16753564296641
I351M,2.21704769976963
I351N,4.15178967708695
I351P,5.0024782644123
I351Q,2.38917244145458
I351R,0.0933287082602545
I351S,16.0695206960343
I351T,4.77583213136385
I351V,-0.329351432270076
I351W,16.0695206960343
I351Y,9.40130559724556
L352A,0.533995851279901
L352C,2.16193721380674
L352D,-1.0298703499819
L352E,-0.356149883524897
L352F,2.35434971324685
L352G,-0.477280424241803
L352H,-1.68979087301859
L352I,0.0242400371420461
L352K,0.80344843896563
L352M,0.644629109805929
L352N,0.159512878714668
L352P,-1.83424557108362
L352Q,-0.771155880569162
L352R,0.103920926814839
L352S,1.28720599498615
L352T,-1.26106083080721
L352V,1.72918030052527
L352W,0.260403641847577
L352Y,-0.967331208614605
L353A,1.20466277378349
L353C,4.87833443428246
L353D,0.137294843517076
L353E,-0.708828793329686
L353F,1.57518329212113
L353G,1.57213610193838
L353H,-0.595248385935614
L353I,0.872645282459066
L353M,0.918894018617158
L353N,1.27442220442979
L353P,0.152743516255685
L353Q,-0.72182519183976
L353R,-0.0682984762277852
L353S,-1.21480506950116
L353T,-1.14638702393847
L353V,0.285564305037924
L353W,2.83546337218318
L353Y,2.26090538431106
N354A,2.00613053824026
N354C,16.0695206960343
N354D,-1.18241704888493
N354E,16.0695206960343
N354F,1.8750310386538
N354G,0.460829187168851
N354H,-0.734521025972101
N354I,16.0695206960343
N354K,11.7625580595278
N354L,16.0695206960343
N354M,2.05721519934901
N354P,1.37999318159973
N354Q,16.0695206960343
N354R,16.0695206960343
N354S,9.42565054457154
N354T,12.8253964138611
N354V,9.13396822216083
N354W,1.81135333532014
N354Y,-0.00436788252442184
K355A,0.409464909784978
K355C,0.0609959460134185
K355D,2.38263927966173
K355E,-0.593134395333739
K355F,6.47154581961795
K355G,-0.58181541780156
K355H,2.09974535225967
K355I,5.83947205201962
K355L,1.65632488418396
K355M,1.90806323823644
K355N,-0.563801207347191
K355P,-0.935842487257084
K355Q,0.809761515523999
K355R,-1.73360891689176
K355S,-0.904846664632454
K355T,0.428616689860211
K355V,6.31816991625159
K355W,0.413404809314452
K355Y,-0.523407474716778
H356A,-0.590158155943139
H356C,3.91702123163159
H356D,-1.6715971915259
H356E,7.4742458130352
H356F,1.76438166315827
H356G,3.3529243217863
H356I,5.11665742266036
H356K,-0.508187336723161
H356L,-0.494231329199005
H356M,0.0895951530676445
H356N,-0.455949832166871
H356P,-1.28863962340998
H356Q,0.0520001761829093
H356R,-0.850400383843261
H356S,0.0518523279678905
H356T,-0.815295219119228
H356V,8.5515527654497
H356W,1.4523454054814
H356Y,-1.53621149981907
I357A,1.20525293812125
I357C,-2.37026879013049
I357D,0.753285791592714
I357E,-1.53621149981907
I357F,1.55872065474378
I357G,0.811096593155573
I357H,-1.71151424934666
I357K,1.85831060929553
I357L,-1.6715971915259
I357M,0.905678745173458
I357N,2.51227473059292
I357P,-0.193265547774663
I357Q,0.290229967035008
I357R,-2.93155186980594
I357S,0.412444738539149
I357T,3.37275736871534
I357V,0.639375884094051
I357W,-0.234863849439027
I357Y,0.984889295041965
D358A,-0.407102051275248
D358C,-0.9216112725577
D358E,-0.963991953490262
D358F,0.179352122417067
D358G,-1.59693891229544
D358H,-1.33528996725284
D358I,-0.835833420020034
D358K,-1.27396228558411
D358L,-1.31765608935914
D358M,2.98593130464968
D358N,0.380078421828274
D358P,-1.83496370734287
D358Q,-1.15327187921339
D358R,-0.0275520168365099
D358S,-1.55455824290601
D358T,-2.3245115847415
D358V,2.3487284381011
D358W,1.89023381027061
D358Y,6.90501800682372
A359C,0.875326366089013
A359D,-1.1853345433892
A359E,-0.448597704513699
A359F,-1.27620362339354
A359G,-1.52693030869451
A359H,-2.80263285879493
A359I,-1.38867445242327
A359K,1.599305531157
A359L,0.700936421244865
A359M,-4.01185404188579
A359N,-0.565288269937866
A359P,0.866251254805914
A359Q,-0.615949078422601
A359R,0.261964019667803
A359S,-0.0290630930827433
A359T,-0.0745749258579361
A359V,0.519648540350369
A359W,-0.333406466912448
A359Y,-0.309897985770493
Y360A,0.662721785069557
Y360C,3.04055364585978
Y360E,-2.98082160088613
Y360F,-1.56222467956019
Y360G,3.64074368022456
Y360H,-2.06957558330223
Y360I,-2.10171308632432
Y360K,-0.923780630116771
Y360L,-1.69146081092849
Y360M,-0.733213947322065
Y360N,-0.700411860902722
Y360P,3.52945571367978
Y360Q,0.323073270589827
Y360R,2.69379976983371
Y360S,-1.51345865095293
Y360T,0.800633660753319
Y360V,0.673257098623724
Y360W,0.711474636373517
K361A,0.675091410364768
K361C,2.08556160372027
K361D,-2.86677019410171
K361E,-0.935887270403255
K361F,0.812876243094385
K361G,-1.58174324170893
K361H,5.65955777086269
K361I,0.764190847118506
K361L,0.00737223568402151
K361M,0.602725773439149
K361N,-0.957950140667063
K361P,0.779485776938401
K361Q,-0.874291420140006
K361R,1.53096907601045
K361S,0.048374781452451
K361T,-0.604579711388676
K361V,0.328092628326822
K361W,0.234482556365742
K361Y,0.227538793935509
T362A,1.45878003168022
T362C,0.476992567990903
T362D,-0.100327410588089
T362E,-0.651636991366695
T362F,-1.66753636892984
T362G,4.22337606022562
T362H,0.60008663799855
T362I,2.14045367193137
T362K,-1.65224559646137
T362L,1.62700381608725
T362M,1.81795842536215
T362N,-1.79635134636982
T362P,-0.174152155082204
T362Q,1.25406539039458
T362R,2.28804961495849
T362S,0.0317332238905084
T362V,-1.27890565935808
T362W,-0.0797747465116946
T362Y,0.031569166796399
F363A,1.50580597379471
F363C,-0.469516381925373
F363D,-0.497140963804947
F363E,0.527273730935406
F363G,-0.462804767313282
F363H,-1.26622573716172
F363I,-0.859993682172023
F363K,2.13063597831397
F363L,-1.51232760436969
F363M,0.108510501205095
F363N,-2.24218095660506
F363P,0.342628846908095
F363Q,-0.170590551126507
F363R,-0.410308202253558
F363S,0.607150394292523
F363T,0.95179278468214
F363V,0.300699808313892
F363W,-0.287878211125507
F363Y,-0.187573888818491
P364A,0.0976380933624587
P364C,3.06663934234545
P364D,4.12916321679062
P364E,0.575612722335646
P364F,-1.38505049669637
P364G,1.05689673021669
P364H,1.69444210326847
P364I,-0.831370374500203
P364K,-1.06136779713519
P364L,-1.66745098742084
P364M,0.764231351225272
P364N,0.00643856400299102
P364Q,-0.601190193528809
P364R,0.00393046951683137
P364S,0.555269760688125
P364T,-0.45822057509757
P364V,1.16840386839756
P364W,0.689151274192282
P364Y,0.765054191024078
P365A,2.32326279522889
P365C,-1.91146238666101
P365D,0.447852539292345
P365E,1.84010937031558
P365F,0.355993821601284
P365G,-0.128101754120819
P365H,0.418956667461675
P365I,0.960822573854631
P365K,-0.181202028491511
P365L,0.600377852046207
P365M,-0.567746701298533
P365N,-0.460267073993988
P365Q,0.420623541011877
P365R,0.449293974139512
P365S,-0.604732287018202
P365T,-0.894025201563635
P365V,-1.09961219714345
P365W,-0.0291960519434022
P365Y,0.603167708711769
T366A,-2.84789090890763
T366C,1.60626187093285
T366D,-1.51048417384742
T366E,2.75231561405135
T366F,-0.165312707599471
T366G,0.823625352450405
T366H,-0.309609999237965
T366I,1.53078593724869
T366K,0.175711035240241
T366L,-0.887379894004233
T366M,0.373662634403882
T366N,0.507048992601173
T366P,-0.339030641803153
T366Q,-0.318994355709354
T366R,-1.2496112837175
T366S,-0.167126128476169
T366V,-3.07923064784497
T366W,2.04970901034197
T366Y,2.96084954362506
E367A,-1.61278139726746
E367C,1.86123586873637
E367D,0.299632502238415
E367F,-0.206386468645557
E367G,-0.127518741072215
E367I,-0.295874465762397
E367K,-0.336305557259888
E367M,1.9324061430562
E367N,0.221399533082192
E367R,1.6367492403525
E367S,0.32253295170003
E367T,-1.10791512538654
E367V,-0.367659131599211
E367W,0.0922500899095812
E367Y,-0.036303324788262
P368A,0.391782935135361
P368C,0.117487479412342
P368D,0.65611521081406
P368E,-0.973324390754228
P368F,-0.311501550466407
P368G,0.943375260694118
P368H,-2.01177683589927
P368K,-1.03710857693744
P368M,0.888590732762655
P368N,-0.474352423112531
P368Q,-0.883382673120503
P368R,0.773132678725615
P368S,-0.597578681153668
P368T,1.01999300748776
P368V,-0.640250157997194
P368W,0.0184821255752128
P368Y,6.45471927794871
K369A,1.54952125961495
K369C,-3.19285569503822
K369D,0.351938904849736
K369E,-2.27293476664615
K369F,-1.87745211687229
K369G,-1.23090868338603
K369H,0.802691317373668
K369I,-0.216025427085708
K369L,-1.18497866845299
K369M,0.0489790297375003
K369N,0.7300854224981
K369P,0.495732295594394
K369Q,1.07508449580512
K369R,3.40743735321108
K369S,1.62707664885756
K369T,-2.73148373058745
K369V,-0.999307837298426
K369W,-0.0918512399159764
K369Y,-1.80422311207788
K370A,-0.300595921827211
K370C,-1.11912813299175
K370D,1.11805192611034
K370E,-1.28798018847701
K370F,0.06393129003854
K370G,-1.3887916759155
K370H,-0.997676149862121
K370I,0.290184419096077
K370L,-0.024087783850636
K370M,2.14470647276098
K370N,1.34748280600851
K370P,0.463844973587419
K370Q,-0.292633219966314
K370R,0.845043348700661
K370S,3.85841248525258
K370T,-0.329619302308307
K370V,0.100310746261654
K370W,-0.482446876572135
K370Y,-0.747145890129476
D371A,2.0658947184997
D371C,0.549321526596734
D371E,1.91098110758265
D371F,0.239992652988956
D371G,0.811615930444083
D371H,0.685270463274617
D371I,-1.25757727360614
D371K,0.153868377413426
D371L,-0.120163315191976
D371M,-0.455311471245729
D371N,0.417256608725312
D371P,-0.369007259050803
D371Q,1.34330321196406
D371R,0.446522596822781
D371S,5.54937150952603
D371T,-0.3668766440415
D371V,-0.522887485225476
D371W,-0.912635603520543
D371Y,-1.1880235693475
K372A,-0.858885371121926
K372C,-0.833570385867567
K372D,1.59033379668212
K372E,-0.298218343611493
K372F,0.506815638720265
K372G,-0.339474787237469
K372H,-1.08073857120148
K372I,0.00246113357471228
K372L,-1.78009624061886
K372M,0.317923772073474
K372N,0.632662913608797
K372P,-0.374571694265095
K372Q,-0.662490971293554
K372R,-0.366729691317039
K372S,-1.68078745901708
K372T,0.236942932803374
K372V,-1.00408950729661
K372W,0.358853166698777
K372Y,0.0281513058392209
K373A,-0.779741035809268
K373C,0.379932864222405
K373D,-0.359982143458624
K373E,-0.166498282587809
K373F,-0.135572482146694
K373H,0.606090371111728
K373I,1.86734152094515
K373L,0.730941872655306
K373M,-1.01554680256588
K373N,0.503020359137613
K373P,0.717222842903665
K373Q,0.975547143186807
K373R,0.568186734297297
K373S,-2.54620098661862
K373T,-1.37447048185863
K373V,-0.181963939021991
K373W,1.30701485037082
K373Y,-2.60532860793244
K374A,1.21438272426057
K374C,0.0731248154268411
K374D,-1.0773579690208
K374E,-1.62779493654175
K374F,0.0974851814387149
K374G,-0.958737047651746
K374H,-0.541457633210858
K374I,-0.311501550466407
K374L,0.520640671655825
K374M,0.118867250034162
K374N,0.252658730579007
K374P,0.0817632703530801
K374Q,-1.13660201147205
K374R,0.010266386325612
K374S,0.343242292396003
K374T,0.806146745530716
K374V,-1.58222509136566
K374W,3.13366474866239
K374Y,-1.40185441843133
K375A,-1.17333151544665
K375C,-0.0792948378682233
K375D,-1.74612870233763
K375E,-0.648451714890159
K375F,2.40620417393085
K375G,3.04343293119168
K375H,1.36663775766959
K375I,0.868474682285548
K375L,-0.856713854491899
K375M,-1.60492760110089
K375N,0.872919063347587
K375P,-0.210617255435653
K375Q,1.24460256444913
K375R,-0.676894479823973
K375S,-2.17344829805848
K375T,0.760599976460332
K375V,0.518275912169003
K375W,-2.40032302833387
K375Y,-0.426075220380053
A376C,2.37795155745962
A376D,0.244674092844946
A376E,0.770181895758322
A376F,-0.225463768503906
A376G,0.881667778642147
A376H,-0.496368115438299
A376I,0.382598547490359
A376K,0.863392418652401
A376L,-2.00177670798331
A376M,0.393865059813785
A376N,1.9385103982904
A376P,0.0559918639028688
A376Q,0.0579043728289184
A376R,-0.101587610669274
A376S,0.369679080992527
A376T,2.10248599246409
A376V,0.846186950699728
A376W,2.15044102413734
A376Y,0.768235864935661
D377A,0.66792110385169
D377C,0.249005736334195
D377E,1.91085793306033
D377F,-1.22486436664576
D377G,0.800316271020014
D377H,-0.131571160916905
D377I,-0.857314086260131
D377K,-0.80710425347364
D377L,2.43852837912004
D377M,-1.41136552166747
D377N,3.63704420989039
D377P,0.0493642382521745
D377Q,-0.511084581202993
D377R,0.443660860921821
D377S,-0.431439960953314
D377T,2.53687441138641
D377V,-0.210868785569023
D377W,-0.674515905687346
D377Y,0.931660351504694
E378A,0.386270859432943
E378C,-0.838415250629218
E378D,-0.543543601651498
E378F,-0.00169493347329522
E378G,0.147853591132302
E378H,2.40454364653275
E378I,0.558372172996278
E378K,0.701379665952521
E378L,-1.53101933721567
E378M,-1.03570839206016
E378N,0.271964925020178
E378P,0.914765393276295
E378Q,1.28467251916417
E378R,0.478818970719645
E378S,-0.0898120807948381
E378T,-0.0636431405505024
E378V,-0.987776983111103
E378W,2.26860279820747
E378Y,-0.0407663298996525
T379A,0.363224479476602
T379C,1.91182637894452
T379D,-0.331837202980733
T379E,0.233455382133491
T379F,0.256878786193533
T379G,0.066410472647866
T379H,9.9530315111521
T379I,0.859283300289123
T379K,-0.0726258825082304
T379M,-1.61288931670217
T379N,-0.112781964760984
T379P,1.13395367738939
T379Q,-0.256329837696045
T379R,-0.316595573363086
T379S,-1.99567437617364
T379V,2.09318942770182
T379W,-0.0618892387508729
T379Y,2.68809999048561
Q380A,-0.334593438025094
Q380C,1.36986094754042
Q380D,0.404110224080066
Q380E,2.61230612330405
Q380F,0.12155000368096
Q380G,0.887222858324908
Q380H,-0.229641093950551
Q380I,-1.51884243901397
Q380K,-1.87805770836976
Q380L,1.31521832251549
Q380M,-0.00394879968691803
Q380N,-1.71151424934666
Q380P,0.323781181569401
Q380R,1.22889758386005
Q380S,0.860436741550924
Q380T,-0.524055297578258
Q380V,-1.38262485794107
Q380W,2.12881442483727
Q380Y,0.17690768912939
A381C,1.72791895624972
A381D,0.758330910589601
A381E,-0.142374470273309
A381F,0.843352212622197
A381G,1.82198015396306
A381H,-0.0296728929762334
A381K,2.95588903260257
A381L,2.03540587638898
A381M,-0.464508488445073
A381N,-0.314022498753003
A381P,0.753961836045741
A381Q,0.133739077130755
A381R,2.97080742859733
A381S,-0.896451096477809
A381T,1.45758857890589
A381V,2.26697209976736
A381W,3.51940751617844
A381Y,-0.168180482726333
L382A,0.259159442709453
L382C,1.05645375606526
L382D,0.65611521081406
L382E,-1.39797545232354
L382F,0.825311980976353
L382G,0.24882761870964
L382H,0.302329731534625
L382I,0.0797702263351143
L382K,0.326140366361196
L382M,0.876008603256246
L382N,0.39411998901653
L382P,0.131675935722515
L382Q,1.02806350579376
L382R,0.697065181619321
L382S,-0.330826977727585
L382T,0.991240316954685
L382V,0.341542263531098
L382Y,1.05677424467501
P383A,-2.48785137637696
P383C,-1.05567666222079
P383D,-0.283537602881974
P383E,-0.581606443180502
P383F,1.06006097998339
P383G,0.605129572666987
P383H,1.42113914981258
P383I,0.0301712566547779
P383K,-2.443142479917
P383L,-2.22261029005781
P383M,-0.0329315033739096
P383N,1.12970279896357
P383Q,0.688739600916463
P383R,0.908448431090525
P383S,-0.119207864558851
P383T,0.604861910182982
P383V,-0.0512333957710112
P383W,1.90739839383171
P383Y,-0.376584720207494
Q384A,-1.50933637169313
Q384C,1.49936594585376
Q384D,1.46495152270122
Q384E,-0.127165138065232
Q384G,4.61913840022875
Q384H,-2.13365980145141
Q384I,2.07445809052527
Q384K,-0.284576789538126
Q384L,-0.101561689030027
Q384M,0.633582409245931
Q384N,0.801637248010604
Q384P,-0.998228927923549
Q384R,0.24361318193009
Q384S,1.05013623075993
Q384T,-0.711354761354136
Q384V,1.39445224003177
Q384W,-0.547190969583298
Q384Y,-0.665174947265412
R385A,0.308745422836241
R385C,-0.82733493461439
R385D,1.85637812995718
R385E,2.42833468343789
R385F,2.04514094386943
R385G,-0.582820357472785
R385H,1.08586421251318
R385I,0.74941818062354
R385K,-0.794699556477057
R385L,0.194594764202974
R385M,-0.312105839258001
R385N,0.133380324407467
R385P,1.3744461058973
R385Q,0.0109322628366153
R385S,0.769454322899944
R385T,0.426214640624734
R385V,-0.429889467080683
R385W,-0.535171280056094
R385Y,-0.895886019463596
Q386A,0.313458787093045
Q386C,-0.18954119546184
Q386D,0.804051276795891
Q386E,-0.664873350730286
Q386F,0.818772853460451
Q386G,-0.398447483930568
Q386H,0.94152706849621
Q386I,-1.48398367621409
Q386K,-0.00450409009556487
Q386L,-0.987714407289463
Q386M,1.10997037277798
Q386N,0.302404484369263
Q386P,-0.199647964365796
Q386R,-0.751680892412014
Q386S,-0.167426647959277
Q386T,2.49683487213665
Q386V,-1.20477062543576
Q386W,-0.614615639723465
Q386Y,0.278855766559784
K387A,1.24760064595627
K387C,1.12936091034421
K387D,2.57235850988823
K387E,-0.379813477983437
K387F,0.697033678102589
K387G,0.359720808989835
K387H,-0.435053446764607
K387I,-0.887856305731398
K387L,1.58405338788256
K387M,0.242879614689829
K387N,-0.967024029565752
K387P,-1.03537111477645
K387Q,0.914141102919853
K387R,2.01980769771148
K387S,0.188168238132924
K387T,-0.456154471311839
K387V,-1.04670196468965
K387W,-1.57259523292751
K387Y,-1.32429572821922
K388A,1.33839351721616
K388C,-2.13762197667976
K388D,-0.206516371996422
K388E,2.08274710226192
K388F,0.204117005200827
K388G,-0.00298771274743294
K388H,-0.312785825850646
K388I,1.61573431680611
K388L,-0.473236968443047
K388M,-0.46755463993811
K388N,-0.961098332753807
K388P,0.55390884066553
K388Q,1.22979367558263
K388R,-0.915525106260359
K388S,0.599627158486399
K388T,-0.519438073603684
K388V,0.272902722399706
K388W,-1.15834959083592
K388Y,-0.0761330685609513
Q389A,0.243919373466498
Q389C,0.604931034185927
Q389D,1.55793818146835
Q389E,-0.704823218910197
Q389F,0.312611407535979
Q389G,0.570511029496736
Q389H,0.799254204104819
Q389I,-0.253031655145569
Q389K,1.93630637243933
Q389L,0.626863511776322
Q389M,0.270213266322227
Q389N,-0.834620192057994
Q389P,-0.562341287685529
Q389R,-0.6014460747804
Q389S,0.241191958001976
Q389T,-1.52229728206819
Q389V,0.974437468553833
Q389W,0.882691329470804
Q389Y,1.82797399836079
Q390A,1.7491247552034
Q390C,3.77992740712543
Q390D,-0.0766253152166697
Q390E,2.19742689411309
Q390F,-0.838323609663588
Q390G,0.672838887410808
Q390H,0.358887171320563
Q390I,-0.413930833483646
Q390K,-1.06101890347498
Q390L,0.205136374198149
Q390M,0.157877169115628
Q390N,1.91416013205354
Q390P,-0.877125152510939
Q390R,1.26792551123883
Q390S,0.444337214549853
Q390T,-0.174049317083742
Q390V,0.982923538522699
Q390W,0.583039289582676
Q390Y,-0.0898878973076878
T391A,1.39102184040154
T391C,1.73249618938654
T391D,1.45528040341031
T391E,1.58678659314549
T391F,-2.05464972299713
T391G,-0.0364783379782822
T391I,-1.21082619540883
T391K,1.70036763763453
T391L,-0.203884506033293
T391M,2.37066610661496
T391N,-0.93952746239562
T391P,0.345686620076358
T391Q,5.26283685228278
T391R,-0.229596962910444
T391S,-0.644681019717043
T391V,-0.23745185301566
T391W,0.30620812161631
T391Y,1.48862486993522
V392A,-1.01011517990847
V392C,-1.03712526980119
V392D,-0.959526860208864
V392E,1.02127506262509
V392F,-0.390329511887869
V392G,-1.41693217825842
V392H,1.9029425518963
V392I,1.42455949294041
V392K,1.70498369346106
V392L,1.36715455340543
V392M,1.12135013471727
V392N,-0.29843600341636
V392P,-0.394449403928161
V392Q,-0.703468913393495
V392R,-1.34603948220647
V392S,1.19231552962839
V392T,3.27383736780364
V392W,-0.124225572812577
V392Y,0.012212491883125
T393A,1.99597045316545
T393C,-0.702630110305294
T393D,1.34967225866525
T393E,0.333846046273399
T393F,2.34457808991769
T393G,1.3082598033
T393H,1.79003912800281
T393I,-0.543530360835487
T393K,1.45159650912817
T393L,6.09014895908735
T393M,0.507779041430046
T393N,-0.434739471076286
T393P,-0.24698882133285
T393Q,-0.221413041009946
T393R,0.469208183521991
T393S,1.79057268838261
T393V,-1.38002295288996
T393W,3.42468321594101
T393Y,0.0442709996624115
L394A,3.32205869792517
L394C,0.521441232764086
L394D,-0.0178726612877155
L394E,1.37212209422264
L394F,1.27421132849174
L394G,1.27310433001788
L394H,-2.14983464030888
L394I,-0.457215119046417
L394K,-0.188478109341782
L394M,-0.245096088010848
L394N,-0.982030738483602
L394P,-0.194558214345008
L394Q,-0.839158093904191
L394R,1.80153993992027
L394S,1.91594185712939
L394T,0.347232546275092
L394V,0.649654991058925
L394W,1.91883198100497
L394Y,3.03046918115009
L395A,0.840290671673638
L395C,-1.18712161151999
L395D,-0.200788400820651
L395E,-0.390430388238774
L395F,0.617241973555786
L395G,-1.60966197971326
L395H,0.703830715234008
L395I,1.29172645945818
L395K,0.460667030568023
L395M,0.59317142201567
L395N,-0.494896620777995
L395P,0.523296154369788
L395Q,-0.711405426763207
L395R,-1.08984704503792
L395S,0.152298772938466
L395T,-0.636774182303447
L395V,-0.00348460930099398
L395W,3.37182666961444
L395Y,-0.764420156841091
P396A,-1.48487758129458
P396C,2.97306787061558
P396D,-0.310489088734423
P396E,0.134137757644182
P396F,1.72043287000001
P396G,0.447138028184136
P396H,0.674216354164412
P396I,4.56075431721482
P396K,3.18860162806031
P396L,3.26420677955199
P396M,0.668996652994102
P396N,-0.262315768720367
P396Q,0.868267905817453
P396R,-0.151705385837672
P396S,0.601769227463817
P396T,1.59471500439388
P396V,1.36399347075421
P396W,1.5621723443116
P396Y,-0.998710101399707
A397C,-0.16328274587901
A397D,0.474419391038499
A397E,-0.66914888855379
A397F,2.72505804098985
A397G,1.10897056771988
A397H,0.396448871923854
A397I,10.1707469453861
A397K,2.05080059018946
A397L,0.316661424839076
A397M,-1.32164360171762
A397N,-0.0275132230519641
A397P,0.590528206090127
A397Q,0.888903369702388
A397R,1.02733414482625
A397S,-0.660180431226851
A397T,0.688131119915855
A397V,-0.482180216585754
A397W,0.0531001112722883
A397Y,-0.0340736606781656
A398C,-0.229426361683964
A398D,-0.793451000655892
A398E,-0.10245258840107
A398F,-0.825261530085996
A398G,-0.572844674307813
A398H,0.283404941415116
A398I,-0.106487461766659
A398K,0.355724207407545
A398L,-0.893935010445926
A398M,-0.739268610678252
A398N,0.953181808675662
A398P,-0.420798780097298
A398Q,-1.24140093614964
A398R,-0.764647852612976
A398S,-0.364046539556613
A398T,0.794415042513311
A398V,-0.974359025148525
A398W,-0.846126135026878
A398Y,-0.676246420702863
D399A,-0.881601802995376
D399C,1.21075126783871
D399E,-0.842152786088677
D399F,0.252674556348725
D399G,-1.35511157294139
D399H,-0.0937064004558007
D399I,0.31178445587277
D399K,1.75327530506347
D399L,-0.965778515491296
D399M,1.50754499125054
D399N,-0.265397097793581
D399P,0.577460771491631
D399Q,0.521440002315367
D399R,1.95575620171563
D399S,-0.205889041617154
D399T,-1.2700041622023
D399V,0.781650224770634
D399W,3.57759559583203
D399Y,-1.32256267502357
L400A,0.226412013216083
L400C,-1.25951620161269
L400D,0.654069337939542
L400E,0.134595143420772
L400F,1.80451369988454
L400G,-0.365904938077118
L400H,-0.756674971049696
L400I,0.0617516672591365
L400K,0.235149877746618
L400M,-1.29734126578864
L400N,3.41955415614562
L400P,-2.00946025086755
L400Q,1.91557895542766
L400R,0.801310698509838
L400S,0.822965218564508
L400T,-0.243906618031878
L400V,-0.505573288307315
L400W,-0.555679840147005
L400Y,-0.502667229779245
D401A,1.13100563629616
D401C,0.662255960087513
D401E,0.597899083521061
D401F,0.205466549849942
D401G,1.09601263061766
D401H,0.49894717346985
D401I,0.211701735636619
D401K,0.276160678431508
D401L,0.860955702340648
D401M,-0.173644784836449
D401N,0.116089097873879
D401P,-0.896708689314281
D401Q,1.01751651762308
D401R,4.31924112000338
D401S,1.24147546915801
D401T,1.36919848731534
D401V,-0.109844063664342
D401W,-0.978315838706422
D401Y,0.0815551474393091
D402A,-1.6794832604005
D402C,1.66168173570715
D402E,2.23275410974458
D402F,-0.238451526412498
D402G,1.28811525762368
D402H,-1.12907576864861
D402I,-1.1935538036954
D402K,-0.334183260081726
D402L,-0.0405425723472904
D402M,-0.865097452079475
D402N,1.59285607897982
D402P,-1.16116075073788
D402Q,0.314295180908456
D402R,-0.909256506203622
D402S,0.0560724444072573
D402T,0.401860744144573
D402V,-1.45211252825181
D402W,1.65187760319756
D402Y,1.50990807670613
F403A,0.617606582045832
F403C,1.56244291038427
F403D,-0.464350684495347
F403E,-1.38305788403982
F403G,-0.56679420977221
F403H,1.97448575678558
F403I,0.448974482566498
F403K,0.753637214703626
F403L,5.15770621229283
F403M,1.41406964399139
F403N,-6.17300120371758E-06
F403P,-0.402544351831513
F403Q,0.292577937774141
F403R,-0.54233023076173
F403S,-0.0724316090808918
F403T,-0.384956839974303
F403V,0.626739553043732
F403W,-0.89676449205313
F403Y,-0.592296622275507
S404A,-1.41069513245912
S404C,1.18672104413897
S404D,-1.14756905883588
S404E,0.289961274668422
S404F,1.70053914079974
S404G,-1.24527414384956
S404H,1.33134233838977
S404I,1.40581345676606
S404K,0.0373246798746265
S404L,2.63834615467104
S404M,-0.581934155062591
S404N,-0.958083231748793
S404Q,-0.229035775087458
S404R,2.81169212664156
S404T,0.439354555698349
S404V,0.793356539346071
S404W,-0.911391060916709
S404Y,-0.518788355355457
K405A,0.908005341720983
K405C,-0.666105479260716
K405D,2.11810178630279
K405E,1.22936734249491
K405F,0.999246521960613
K405G,0.460703597935836
K405H,-0.381336227164134
K405I,-2.1309077352919
K405L,-2.66719734494247
K405M,0.518140300515154
K405N,0.508846372561283
K405P,1.3195216528186
K405Q,0.831299983420293
K405R,1.55573530274494
K405S,0.708183820279309
K405T,-1.46497343549766
K405V,-1.3772186948604
K405W,-1.51302090621952
K405Y,0.190156853952433
Q406A,-0.93286673305309
Q406C,1.42011008345487
Q406D,0.465997333013611
Q406E,0.662938237460057
Q406F,0.757430219094721
Q406G,-0.182520115605294
Q406H,0.984889295041965
Q406I,-0.375774477504192
Q406K,-1.46159894308072
Q406L,0.465168432691452
Q406M,-0.488286144892401
Q406N,2.89634612474691
Q406P,-0.313098634529529
Q406R,0.224760493298686
Q406S,1.08256074812918
Q406T,-0.46676666761457
Q406V,0.406630568441058
Q406W,4.00675453468017
Q406Y,-0.6265939892306
L407A,-0.142385603544135
L407C,-0.689712762133048
L407D,0.96144940765214
L407E,3.8166370317939
L407F,0.627416512143344
L407G,0.264833589088409
L407H,0.159939687404652
L407I,-0.605240072180095
L407K,0.444067409474229
L407M,-0.694970581610461
L407N,-1.349094483425
L407P,0.981424747716195
L407Q,0.0542546112241623
L407R,2.15430769367013
L407S,0.989212062421099
L407T,-1.21636950933815
L407V,0.591701721569106
L407W,1.29671172110856
L407Y,0.19399722646773
Q408A,0.3745999821923
Q408C,-1.81829096682191
Q408D,0.826562386447013
Q408E,0.0191821485745671
Q408F,-2.73148373058745
Q408G,-0.247221887393833
Q408I,-0.381356710748739
Q408K,2.28296599000798
Q408L,-0.0303678819122994
Q408M,0.211529535977736
Q408N,-1.15379678342745
Q408P,-0.851607018565383
Q408R,0.314861938145314
Q408S,-0.830346828120191
Q408T,5.22454069579795
Q408V,0.909620932831406
Q408W,-0.845843709706037
Q408Y,0.134861620471655
Q409A,0.88797885657155
Q409C,-0.334400392543903
Q409D,-0.37824070106521
Q409E,1.74502928201407
Q409F,5.08940399323217
Q409G,-1.19504309446543
Q409H,-0.396194141007934
Q409I,-0.869498046907144
Q409K,0.276505407734745
Q409L,-0.642215031904952
Q409M,-0.487043057746456
Q409N,0.91536069059913
Q409P,-0.365801863089542
Q409R,-1.35443011055693
Q409S,-0.180654218457816
Q409T,-1.43197613059673
Q409V,0.564632704659429
Q409W,1.02525474172276
Q409Y,-0.540341046509161
S410A,-0.889940676449602
S410C,2.36488727399641
S410D,0.343243901580286
S410E,-0.205153987554429
S410F,-0.290522892368789
S410G,1.61621185962311
S410H,-0.470228237062631
S410I,-0.71544668842743
S410K,0.708381591310409
S410L,2.08173584139945
S410M,-0.655681739445918
S410N,-1.14133618103924
S410P,-2.3586006542289
S410Q,0.00634471299542624
S410R,-1.95482045627161
S410T,-0.305120223005127
S410V,-0.0324054388241263
S410W,-1.48227251170254
S410Y,1.16114433559247
M411A,-0.3005437244742
M411C,-1.8707684122048
M411D,-0.10200547971828
M411E,-0.611324321151527
M411F,-1.78804157200961
M411G,2.97727911812084
M411H,0.0777377875238128
M411I,0.338046751072389
M411K,1.01004899703856
M411L,-0.620087079074624
M411N,-0.159157500686671
M411P,-0.0833825259422751
M411Q,1.47694423596001
M411R,1.05692851860174
M411S,0.280051533608923
M411T,1.43444018768382
M411V,0.257053580928605
M411W,-0.727520947362565
M411Y,0.100531222699777
S412A,5.27700636794866
S412C,-1.20192811216343
S412D,0.7497696193756
S412E,2.44399099616041
S412F,2.83568723506896
S412G,4.59167951768169
S412H,-0.0215870320995877
S412I,0.430348514959909
S412K,-0.28283143497141
S412L,0.822579632970293
S412M,-0.734130170670223
S412N,0.196387485134252
S412P,1.53042803797855
S412Q,2.07306382813621
S412R,-0.158055226673935
S412T,0.133188926151395
S412V,0.539359890812421
S412W,-0.758918851675751
S412Y,2.04794801554923
S413A,-0.476536720619258
S413C,0.345148570401474
S413D,0.779284910292283
S413E,1.87373980195277
S413F,-1.13520282005047
S413G,3.44904873916972
S413H,0.302876446068863
S413I,0.621829240369611
S413K,-0.0294017340658962
S413L,0.219389061046553
S413M,-1.50027073518588
S413N,0.315740871592437
S413P,0.0497404836324999
S413Q,1.22407158967552
S413R,-0.871441646463102
S413T,-0.866935449798311
S413V,-0.569051356285103
S413W,-2.27539068491925
S413Y,0.928458540418729
A414C,-0.845307095789559
A414D,-1.23463684399908
A414E,0.879754831194741
A414F,0.479041950324934
A414G,0.120924861835778
A414H,0.46658130714753
A414I,-0.573843601133404
A414K,0.255211733488667
A414L,0.277707553954125
A414M,-0.137622657471721
A414N,-1.64734711507847
A414P,-1.79210703000444
A414Q,-0.462544678704654
A414R,-0.579687361994224
A414S,-0.741370418534424
A414T,-0.700142708763513
A414V,-0.0992800540002752
A414W,-0.38779021345323
A414Y,0.711366798112467
D415A,-0.795957541841144
D415C,-0.264934164806393
D415E,-0.828796274532716
D415G,-1.16458713810989
D415H,2.16427189446881
D415I,1.49831489617672
D415K,0.44993372815574
D415L,-1.47583488741956
D415M,0.421507476000184
D415N,-0.192383303349463
D415P,0.332055734531497
D415Q,-0.435470134107286
D415R,-0.0610033297255386
D415S,-2.0761788292985
D415T,1.83561347985696
D415V,-0.946487150709326
D415W,-0.63876351324943
D415Y,-1.35816781145266
S416A,-0.353474991509773
S416C,-0.34482234928038
S416D,-0.0843668040297979
S416E,-0.0354655010486335
S416F,3.65933034926691
S416G,2.20138914953861
S416H,1.14119806216008
S416I,-0.762314157767557
S416K,-1.2658668614967
S416M,0.37140707569479
S416N,-0.0080160293728296
S416P,-3.97233969784099
S416Q,1.62115168734332
S416R,3.94870092154134
S416T,0.565730843667547
S416V,0.287726443120473
S416W,-2.53309064965525
S416Y,-0.972780380979914
T417A,1.90204030557825
T417C,-0.129546984082883
T417D,0.920142730287513
T417E,-1.54961653109209
T417F,0.694154895039457
T417G,0.337791707941443
T417H,-2.26889659231065
T417I,0.0560076222085117
T417K,0.191778737874161
T417L,-0.667068973922708
T417M,0.870687230790259
T417N,-0.773465935506587
T417P,-1.17086121986436
T417Q,-1.92202489571888
T417R,-1.3651026373519
T417S,-0.0212286522158494
T417V,0.336968364312604
T417W,-0.288063291943629
T417Y,0.10139628650132
Q418A,-0.0171164725420087
Q418C,-2.00841893322375
Q418D,0.679089749849986
Q418E,-0.0173101505160482
Q418F,-0.330237874669336
Q418G,2.05840625082131
Q418H,0.45022650420426
Q418I,-0.956044949264254
Q418K,0.00434651737755803
Q418L,-1.50908510056572
Q418M,-0.929244689564586
Q418N,0.262185751929335
Q418P,1.30197733303741
Q418R,1.89169216330272
Q418S,0.767930338417956
Q418T,-0.384477428743861
Q418V,-0.287929357843084
Q418W,-0.718861688312238
Q418Y,-0.590158155943139
A419C,-1.23090868338603
A419D,0.342602531100445
A419E,-1.13253732152185
A419F,2.75826592265907
A419G,0.302174103243354
A419H,0.440401812846498
A419I,0.579597405797983
A419K,-0.00540803358644012
A419L,-0.701478531264217
A419M,0.319723020165014
A419N,-0.455414131910922
A419P,2.33859991451875
A419Q,-0.663548567899624
A419R,-1.75594992074533
A419S,1.51289300039417
A419T,-0.11116048036854
A419V,-0.160627473906411
A419W,-1.02037342614668
A419Y,-1.476631911227
