Mutation,Escape_Score
S2C,0.0258598977533255
S2F,0.074430527329114
S2G,0
S2H,0.138177468692391
S2I,0.0943165102599423
S2N,0.158140309357506
S2P,0.00931371304525417
S2T,0.343437528507761
S2Y,0.0755350313590457
D3A,0.177011538373866
D3C,0.397528723506621
D3E,0.0610772433729643
D3F,0.594410149284411
D3G,0.0311281263513635
D3H,0.125244467766174
D3I,0.494614235508219
D3K,0.0500947745223101
D3L,0.484517854947027
D3M,0.512637513479272
D3N,0.477597371935365
D3P,0.273783446334138
D3Q,0.83010751730005
D3R,0.428694385690777
D3S,0.445403031458046
D3T,0.351733477338054
D3V,0.26324214567504
D3W,0.410868884333657
D3Y,0.243135547112437
N4A,0.069831985278899
N4C,0.0911587726718893
N4D,0.179085279168923
N4E,0.0438018095416574
N4F,0.0268579738139241
N4G,0.0636746655969688
N4H,0.071270933162153
N4I,0.0469120712196069
N4K,0.201016661971503
N4L,0.150144576602174
N4M,0.0475504860298542
N4P,0.0873198539032039
N4Q,0.0433276105516491
N4R,0.152106287917791
N4S,0.0827350392019582
N4T,0.108883456510231
N4V,0.0834640917966295
N4W,0.0440610573452321
N4Y,0.0161137686030946
G5A,0.054277103586262
G5C,0.316585407075709
G5D,0.0111668743203373
G5E,0.0327381677141491
G5F,0.03334823139175
G5H,0.113792497943252
G5I,0.147782757659856
G5K,0.100924774792385
G5L,0.281175702001092
G5M,0.0504121523927183
G5N,0.0426242682502409
G5P,0.0155504824209325
G5Q,0.03212562644851
G5R,0.0820035821770253
G5S,0
G5T,0.057700946874859
G5V,0.0856319412317576
G5W,0.115408226933443
G5Y,0.0155388326126924
P6A,0.135367978532213
P6C,0.716933970748986
P6D,0.0783689088292701
P6E,0.0177423375288942
P6F,0.0275247115021303
P6G,0.126161355893613
P6H,0.155544753669864
P6I,0.0482667947166991
P6K,0.0957940232843563
P6L,0.283727135579355
P6M,0.155842062542158
P6N,0.158269972702524
P6Q,0.125481812579849
P6R,0.19478424990363
P6S,0.145874934840347
P6T,0.125077032097019
P6V,0.218778488493184
P6W,0.0399285290254859
P6Y,0.0899100782871752
Q7A,0.0901067141487305
Q7C,0.305400236215046
Q7D,0.0208969391013812
Q7E,0.00617358972881173
Q7F,0.067043986821442
Q7G,0.0774067446873277
Q7H,0.0682309338604629
Q7I,0.180443434941119
Q7K,0.189119292850239
Q7L,0.117659964260835
Q7M,0.17537419184645
Q7N,0.144013454006628
Q7P,0.0612684880376632
Q7R,0.372319307448685
Q7S,0.0353665009106538
Q7T,0.0477936968507236
Q7V,0.0925208405862454
Q7W,0.124981315125099
Q7Y,0.0485243042924744
N8A,0.0670235683924354
N8C,0.087353115022668
N8D,0.0273912053009861
N8E,0.0377551276550186
N8F,0.0548039025265933
N8G,0.00696848214086129
N8H,0.120298254229645
N8I,0.309117207819687
N8K,0.251775252346339
N8L,0.230461495035818
N8M,0.116692350868983
N8P,0.105198434831124
N8Q,0.0931858742944221
N8R,0.0598506156006766
N8S,0.0430788988051304
N8T,0.0851343385129499
N8V,0.0823592083368575
N8W,0.097703328729385
N8Y,0.0328140479739193
Q9A,0.0142348308098935
Q9C,0.275194632083914
Q9D,0.0497884372477453
Q9E,0.028366540562051
Q9F,0.133528494590523
Q9G,0.0424692240801161
Q9H,0.0509760286085722
Q9I,0.0507623994780753
Q9K,0.129843140378139
Q9L,0.263338564549819
Q9M,0.0382369019158852
Q9N,0.131454367537312
Q9P,0.086116748638577
Q9R,0.229249980351009
Q9S,0.0439256729900981
Q9T,0.0396381019417874
Q9V,0.107637421036823
Q9W,0.156776462232848
Q9Y,0.113628740903346
R10A,0.0320209981561581
R10C,0.0785432309384021
R10D,0.00818423802674663
R10E,0.283938924363098
R10F,0.033991524471545
R10G,0.100111330695767
R10H,0.0307578323400294
R10I,0.0385914019877966
R10K,0.0587872988377662
R10L,0.0243498211687494
R10M,0.0352048773918685
R10N,0.0237580175499172
R10P,0.000506092514400489
R10Q,0.0741625318614059
R10S,0.0448311337067731
R10T,0.120412943672575
R10V,0.104332683795242
R10W,0.0437132335626876
R10Y,0.0249069432065535
N11A,0.108075673500579
N11C,0.383009271761334
N11D,0.11283379265771
N11E,0.0453673757064403
N11F,0.0722758856845711
N11G,0.258311753792198
N11H,0.0670710584142023
N11I,0.0995142031731179
N11K,0.224288408915369
N11L,0.093081203161125
N11M,0.0679034772522469
N11P,0.0217263565155678
N11Q,0.593740126626761
N11R,0.157753123401881
N11S,0.188896353396815
N11T,0.213213233970034
N11V,0.0192314826891357
N11W,0.0663495395557759
N11Y,0.0454538418296604
A12C,0.439153354885161
A12D,0.0353792701655343
A12E,0.0453475109216458
A12F,0.117253383844021
A12G,0.0387960235054392
A12H,0
A12I,0.143620077759541
A12K,0.0643869182159488
A12L,0
A12M,0.0278592984337062
A12N,0.356025435148315
A12P,0.0881724461122628
A12Q,0.0378380300120434
A12R,0.108608080228193
A12S,0.115027623196574
A12T,0.0792073319660784
A12V,0.146264308433016
A12W,0.120524631557248
A12Y,0.0476793020008473
P13A,0.171889124987784
P13C,0.251106854095906
P13D,0.200617610133373
P13E,0.599545588845546
P13F,0.129887986461457
P13G,0.0724603638305227
P13H,0.0484434536668686
P13I,0.0702652232285533
P13K,0.156304373427799
P13L,0.237960000188126
P13M,0.124040036695178
P13N,0.251756755726615
P13Q,0.0985601280569672
P13R,0.188665816164424
P13S,0.060274726855567
P13T,0.0577277965730735
P13V,0.0447729913583451
P13W,0.25496136346043
P13Y,0.165532606455854
R14A,0.061203323899084
R14C,0.701202261459023
R14D,0.134779679113338
R14E,0.208301623819662
R14F,0.398054739307123
R14G,0.0824745759049554
R14H,0.134668803692821
R14I,0.0483850250883434
R14K,0.015178767543876
R14L,0.0453096591519525
R14M,0.0322257489546845
R14N,0.00966698881850086
R14P,0.0355711467568868
R14Q,0.0318277099675001
R14S,0.0723878489413715
R14T,0.0406704810587885
R14V,0.0487881988694326
R14W,0.100719349035955
R14Y,0.0547229246506481
I15A,0.136872804700004
I15C,0.341075606751277
I15D,0.345039038003695
I15E,0.444449967424411
I15F,0.0159189477138145
I15G,0.12563272805522
I15H,0.130913117059364
I15K,0.0545860674396739
I15L,0.0474471967529478
I15M,0.177692491233146
I15N,0.103307161949044
I15P,0.0591641468133282
I15Q,0.0660567645503877
I15R,0.25805735643114
I15S,0.147131727408145
I15T,0.190605376438217
I15V,0.076414432006456
I15W,0.0829917153723188
I15Y,0.0477892731630844
T16A,0.143580057298803
T16C,0.617847946732685
T16D,0.708253169182986
T16E,0.0955878856324959
T16F,0.360074870370459
T16G,0.159727989318569
T16I,0.151938420640636
T16K,0.129573101440945
T16L,0.0656112730081028
T16M,0.111533282814429
T16N,0.142005188724027
T16R,0.185759795847823
T16S,0.0324184811363686
T16V,0.124481163306896
T16W,0.101159596467559
T16Y,0.0988397734636218
F17C,0.122154945940011
F17D,0.0975818052701326
F17E,0.0771543183177546
F17G,0.0611222521738056
F17H,0.0888887049683709
F17I,0.0771414344839542
F17K,0.0651826463058876
F17L,0.0934945174863934
F17M,0.0235736538124128
F17N,0.0233283141476647
F17P,0.0184445744765371
F17Q,0.0695117136433473
F17R,0.0212151169693291
F17S,0.0817461318948743
F17T,0.0995048706618566
F17V,0.0539550324776977
F17W,0.0319003732346773
F17Y,0.141179830768682
G18A,0.00646585482213149
G18C,0.192636252420511
G18D,0.0909646824707914
G18E,0.0462228946902479
G18F,0.190766996871694
G18H,0.0506413411369079
G18I,0.134174322425543
G18K,0.0559384177134613
G18L,0.00715938806404915
G18M,0.0267569239407912
G18N,0.0363619367373808
G18P,0
G18Q,0.115606381919451
G18R,0.0804250957329479
G18S,0.103843706231207
G18T,0.0319422506128273
G18V,0.0535083832848478
G18W,0.0438328739604048
G18Y,0.0584752153312108
G19A,0.015089809489461
G19C,0.0941883885957004
G19D,0.0300125845573834
G19E,0.118736682624537
G19F,0.111383119884246
G19H,0.0597103323323869
G19I,0.154280742436565
G19K,0.160196982471174
G19L,0.142053590835161
G19M,0.0271357211749518
G19N,0.0773323471249803
G19P,0.017445612485013
G19Q,0.0118774473752632
G19R,0.120890476515453
G19S,0.103329960276602
G19T,0.0765204102774675
G19V,0.0615614284538127
G19Y,0.168608412687658
P20A,0.0205769269048353
P20C,0.087671772863005
P20D,0.0926070654497511
P20E,0.0511996976512355
P20F,0.0855650237087427
P20G,0.0544249442136465
P20H,0.148296611831528
P20I,0.0247034120583069
P20K,0.0477886764423741
P20L,0.011290911537916
P20M,0.0646384296152298
P20N,0.107368995954849
P20Q,0.203229326127559
P20R,0.0838251896236526
P20S,0.0106676213231082
P20T,0.0917247305678061
P20V,0.0139631120557678
P20W,0.0599586878508233
P20Y,0.039493210976356
S21A,0.0310100524232324
S21C,0.305644877517842
S21D,0.11491783393928
S21E,0.147379071915827
S21F,0.0496758847119779
S21G,0.136054659957082
S21H,0.0102925785234603
S21I,0.0724112590832592
S21K,0.023481711487328
S21L,0.04260599349704
S21M,0.0418530757766949
S21N,0.0399581150474929
S21P,0.0389184726264131
S21Q,0.035301997767169
S21R,0.0173097001160885
S21T,0.140014631650902
S21V,0.0274897922184328
S21W,0.151016237152339
S21Y,0.0458352159953392
D22A,0.304211264438817
D22C,0.423943906474019
D22E,0.0192246269872794
D22F,0.0583373311708696
D22G,0.0119137963239004
D22H,0.128812977823515
D22I,0.0452330781982269
D22K,0.037531692846891
D22L,0.041438074467592
D22M,0.12676362692007
D22N,0.0686281471030539
D22P,0.0453913899512796
D22Q,0.0842734117668698
D22R,0.114522890185323
D22S,0.0640205103814763
D22T,0.0421604348463427
D22V,0.0606943287336026
D22W,0.110018629599937
D22Y,0.042782051014504
S23A,0.0962158778594467
S23C,0.0949195596783838
S23D,0.0607444127566967
S23E,0.0665774941559742
S23F,0.04834973939455
S23G,0.0400680145821532
S23H,0.120457416208543
S23I,0.0480939828297451
S23K,0.0198156714579066
S23L,0.0657587985756636
S23M,0.0513845820221315
S23N,0.0784513861069901
S23P,0.093544846936473
S23Q,0.0646209199685193
S23R,0.0578832967994667
S23T,0.0589349236393101
S23V,0.0350899701717641
S23W,0.0845203357565975
S23Y,0.173594067602939
T24A,0.0794257378371776
T24C,0.136078242046042
T24D,0.037703149320036
T24E,0.0749689070003049
T24F,0.0621956557206586
T24G,0.0237755502394662
T24H,0.0464575127694734
T24I,0.0471388732402134
T24K,0.0654068500762445
T24L,0.0366269718039588
T24M,0.0756308910652166
T24N,0.0987430074993276
T24P,0.161846685038551
T24Q,0.0759741262689306
T24R,0.104012988911537
T24S,0.245700743792873
T24V,0.0972995741032403
T24W,0.295781701943856
T24Y,0.0280911372556233
G25A,0.0307552080203006
G25C,0.158515910344466
G25D,0.0805557822368541
G25E,0.09751299255468
G25F,0.0600083691612542
G25H,0.0673736054255499
G25I,0.0598377868044536
G25K,0.214517051895842
G25L,0.0502874770325323
G25M,0.0825069122156007
G25N,0.0446568547421309
G25P,0.0515410757039269
G25Q,0.00833492024196514
G25R,0.143560240751837
G25S,0.0838579352909554
G25T,0.0384987368251499
G25V,0.0762365490541096
G25W,0.0481750749097924
G25Y,0.104928807045321
S26A,0.0471836765754822
S26C,0.709467892680566
S26D,0.135239489032063
S26E,0.0548258839288661
S26F,0.217664494848703
S26G,0.0923197815286845
S26H,0.0294953878478282
S26I,0.0877044540884333
S26K,0.200427775850425
S26L,0.0876175947734916
S26M,0.0634504682514236
S26N,0.0621963579623473
S26P,0.0357871012656672
S26Q,0.0208657726249702
S26R,0.0892484694554324
S26T,0.212571689434877
S26V,0.0916492758151181
S26W,0.0862551048871075
S26Y,0.0495691212022313
N27A,0.126205550059179
N27C,0.0943771198472089
N27D,0.0290220395948459
N27E,0.0205121790155151
N27F,0.336518799290457
N27G,0.0279431983629674
N27H,0.122870118988513
N27I,0.0260423444034202
N27K,0.126172699299106
N27L,0.0422328367423737
N27M,0.0779069465858984
N27P,0.0876437713491369
N27Q,0.0306307980106893
N27R,0.101680249498465
N27S,0.0262685221828431
N27T,0
N27V,0.0618429194601413
N27W,0.0326114829312962
N27Y,0.101266338751091
Q28A,0.207324963886981
Q28C,0.568108692745701
Q28D,0.0234132689988308
Q28E,0.033308244804232
Q28F,0.0543048827165063
Q28G,0.022938732628885
Q28H,0.0779118763693792
Q28I,0.0280014053764276
Q28K,0.0181640835197229
Q28L,0.230582347984138
Q28M,0.0701622583975084
Q28N,0.0495329526079261
Q28P,0.0897276294861091
Q28R,0.174784572541632
Q28S,0.0413831405747717
Q28T,0.103149810631594
Q28V,0.13899714993963
Q28W,0.10758359718192
Q28Y,0.0555289092192055
N29A,0.0629664929036609
N29C,0.302858827964224
N29D,0.0342387399603797
N29E,0.0278247851983676
N29F,0.301309088401383
N29G,0.190654823146353
N29H,0.0728353469391949
N29I,0.55606171369617
N29K,0.180108983020366
N29L,0.182658601977617
N29M,0.142827261397034
N29P,0.209556189389485
N29Q,0.0489144898365689
N29R,0.0884782182556777
N29S,0.0324906267373175
N29T,0.104943558152015
N29V,0.116227543707404
N29W,0.0910937809316474
N29Y,0.0855446317754207
G30A,0.0325160317135153
G30C,0.297481211781687
G30D,0.0497006257371526
G30E,0.0635138840931846
G30F,0.149796960018882
G30H,0
G30I,0.286866354781696
G30K,0.152377333071541
G30L,0.0294236787196429
G30M,0.032060993495459
G30N,0.0550644610910401
G30P,0.231662847644555
G30Q,0.0222864547474006
G30R,0.0653090119916987
G30S,0.182827412684606
G30T,0.0454089112221793
G30V,0.03155854221061
G30W,0.120829371009589
G30Y,0.0696932193777997
E31A,0.0187033205490647
E31C,0.264373875016942
E31D,0.108577209623268
E31F,0.0465997201822213
E31G,0.0823300394645951
E31H,0.0823232303868322
E31I,0.0926639360621518
E31K,0.0546643659128436
E31L,0.109611914832154
E31M,0.110909110992821
E31N,0.0494209031282496
E31P,0.117735485744626
E31Q,0.0308047418454537
E31R,0.048250225823927
E31S,0
E31T,0.0323344368686964
E31V,0.0323200041562416
E31W,0.11388141612192
E31Y,0.0967071048605006
R32A,0.575566258500969
R32C,0.119159714100533
R32D,0.0264476275240299
R32E,0.0648562186371528
R32F,0.0687250052997841
R32G,0.0349339264621403
R32H,0.489980021524441
R32I,0.0804294191549748
R32K,0.0314223603980524
R32L,0.0355711467568868
R32M,0.0832839674641375
R32N,0.0621175323945616
R32Q,0.0531946495587466
R32S,0.047985496761619
R32T,0.0434057962319186
R32V,0.0417326096401066
R32W,0.0390475307627197
R32Y,0.0603010090643485
S33A,0.0363415095679637
S33C,0.370974324367336
S33D,0.0266612312476318
S33E,0.026190365734921
S33F,0.11949180658853
S33G,0.021059523926832
S33H,0.153808222091678
S33I,0.0348393940049814
S33K,0.04868617860982
S33L,0.0193319338054594
S33M,0.0830733992637923
S33N,0.0643874814325182
S33P,0.0629895638427575
S33Q,0.0641264879727216
S33R,0.059780725977876
S33T,0
S33V,0.115179577449938
S33W,0.163860840523051
S33Y,0.207116280658102
G34A,0.0685425125379062
G34C,0.362996492589396
G34D,0.0446528376045357
G34E,0.257046798758456
G34F,0.161322665573487
G34H,0.169797556781494
G34I,0.18250846711789
G34K,0.0859696497672892
G34L,0.0683489836183776
G34M,0.10445665393173
G34N,0.123998399808996
G34P,0.0683232740836233
G34Q,0.136705109281629
G34R,0.0563341026529245
G34S,0.0436265337833548
G34T,0.0218906436473807
G34V,0.096636923877751
G34W,0.419885656477022
G34Y,0.193549307586921
A35C,0.185843648755866
A35D,0.0393591814037889
A35E,0.0446955358068592
A35F,0.0816325067846651
A35G,0.0135069063434644
A35H,0.00632157993735896
A35I,0.0830459425155502
A35K,0.0406040774337682
A35L,0.0435074867489575
A35M,0.192785245252477
A35N,0.79227150299987
A35P,0.108506442871822
A35Q,0.0178319599692853
A35R,0.011194533625151
A35S,0.0576650705321613
A35T,0.148340015411071
A35V,0.244773680977882
A35W,0.134483466953554
A35Y,0.0527658765382498
R36A,0.0938529791677987
R36C,0.199229925745332
R36D,0.00437634182396378
R36E,0.0918949797674632
R36F,0.0365649362594876
R36G,0.042088149242609
R36H,0.0991088183807076
R36I,0.0670111065228539
R36K,0.0623799525724282
R36L,0.0242825061675034
R36M,0.141584722391695
R36N,0.191912840138262
R36P,0.174348719315445
R36Q,0.0721891735969811
R36S,0.138869428114219
R36T,0.0288862453057628
R36V,0.19685267329916
R36W,0.175246733878718
R36Y,0.02810673044866
S37A,0.0764890001388864
S37C,0.296255839138474
S37D,0.0302652718994517
S37E,0.0507174182118049
S37F,0.0736371424380687
S37G,0.0384322341434717
S37H,0.0993680351504931
S37I,0.0725653549386924
S37K,0.0653061814763227
S37L,0.0553129984993479
S37M,0.536444638944038
S37N,0.0804884368597657
S37P,0.183224772633317
S37Q,0.0901323320870668
S37R,0.0392195020801072
S37T,0.0469059364651921
S37V,0.427735774115406
S37W,0.175370982726606
S37Y,0.0567560128464641
K38A,0.0626512943746795
K38C,0.235626758916933
K38D,0.12199089287665
K38E,0.0907093317833574
K38F,0.0807494379834289
K38G,0.0689202262252076
K38H,0.155160483109752
K38I,0.0970520074127527
K38L,0.023078465849406
K38M,0.121614020217189
K38N,0.136966587264742
K38P,0.128371847897521
K38Q,0.134363841582792
K38R,0.111384684664941
K38S,0.0690465252925974
K38T,0.171943696792449
K38V,0.0440732301415414
K38W,0.060079865917197
K38Y,0.0838067415099315
Q39A,0.0283218503847663
Q39C,0.100189329180119
Q39D,0.113906587824282
Q39E,0.129173038788095
Q39F,0.198949115563574
Q39G,0.403597470496828
Q39H,0.0507992393954153
Q39I,0.0715124004314738
Q39K,0.0309573630450962
Q39L,0.131711050301894
Q39M,0.054377193525244
Q39N,0.0738014237094684
Q39P,0.0862400509971041
Q39R,0.0583591885448564
Q39S,0.120522649342831
Q39T,0.0669355845201099
Q39V,0.0706036817774673
Q39W,0.234805786259384
Q39Y,0.243576527269056
R40A,0.156930778903649
R40C,0.195779833891854
R40D,0.0377135966805161
R40E,0.00367151681733061
R40F,0.115603058844813
R40G,0.0570280895388574
R40H,0.370597409882475
R40I,0.0276768358029584
R40K,0.0550118104589289
R40L,0.105767281434668
R40M,0.0610577535424908
R40N,0.0527183124695204
R40P,0.128951139314854
R40Q,0.0491398208771123
R40S,0.036999258520233
R40T,0.0715516114853918
R40V,0.100630759766025
R40W,0.16631344889871
R40Y,0.0968701774182742
R41A,0.189694035896468
R41C,0.202184665382139
R41D,0.0430101341826179
R41E,0.00667191499768454
R41F,0.113079178521718
R41G,0.030044134742536
R41H,0.00983499592299486
R41I,0.042450701487414
R41K,0.0633639651683029
R41L,0.111718124734157
R41M,0.0504537812506696
R41N,0.0567558960360821
R41P,0.239528971249923
R41Q,0.053960452542004
R41S,0.054009893230145
R41T,0.0615116546364573
R41V,0.0964543672297452
R41W,0.0778728161852994
R41Y,0
P42A,0.0520305949023386
P42C,0.325982657057509
P42D,0.0697080001661015
P42E,0.0917154182818371
P42F,0.118768308812729
P42G,0.11811954980108
P42H,0.336923505856143
P42I,0.0341388428334646
P42K,0.494262415770848
P42L,0.126839365990133
P42M,0.0240928010924645
P42N,0.0272049266902164
P42Q,0.0311592051521589
P42R,0.0635672641638039
P42S,0.1008270671282
P42T,0.0326265913986384
P42V,0.0290696457666933
P42W,0.0654903561846272
P42Y,0.0194578412858703
Q43A,0.0393207152866594
Q43C,0.15825838736496
Q43D,0.37777272535781
Q43E,0.0292942679593711
Q43F,0.0281605081640116
Q43G,0.0147344608131416
Q43H,0.0138439575948765
Q43I,0.0493627276051361
Q43K,0.0154538764314742
Q43L,0.0787847222387037
Q43M,0.00874228643383896
Q43N,0.0159486403181041
Q43P,0.0929676434345175
Q43R,0.0714179444277394
Q43S,0.0856066471911211
Q43T,0.0373958388823791
Q43V,0.0420120565196252
Q43W,0.0156641639409612
Q43Y,0.0197697626465198
G44A,0.196965096737331
G44C,0.343120206744636
G44D,0.0889571134062583
G44E,0.0811081407129658
G44F,0.0400858547743854
G44H,0.0497405339220514
G44I,0.125693531138396
G44K,0.200391642621409
G44L,0.086139474387926
G44M,0.0153621799675113
G44N,0.0543613362601367
G44P,0.0645718166519151
G44Q,0.109277222998908
G44R,0.100570250707271
G44S,0.0106500712786348
G44T,0.0272825331164862
G44V,0.0571697471147876
G44W,0.125200445838821
G44Y,0.0995785199953335
L45A,0.0516032129008359
L45C,0.0585826496576605
L45D,0.0643991319848168
L45E,0.0827250596347805
L45F,0.0172147270813717
L45G,0.0641945935029756
L45H,0.138021974983083
L45I,0.0367941159552854
L45K,0.164245664438755
L45M,0.100020159233459
L45N,0.203549518685037
L45P,0.0811805601611326
L45Q,0.0164950319489245
L45R,0.492403821378726
L45S,0.128917221757974
L45T,0.0607357218169066
L45V,0.0276278285682475
L45W,0.157249300941804
L45Y,0.0467098793058437
P46A,0.0518038264375897
P46C,0.055547108011866
P46D,0.0417206421191147
P46E,0.0268232350028645
P46F,0.0591551379768672
P46G,0.0559412958685869
P46H,0.0295950685137454
P46I,0.00491661416728177
P46K,0.0234700030750062
P46L,0.0867651315234401
P46M,0.0160572372015824
P46N,0.0292444317100357
P46Q,0.0384978163692646
P46R,0.0652489554520674
P46S,0.0375049587309885
P46T,0.146793605630533
P46V,0.0817325451575776
P46W,0
P46Y,0.00273994994065265
N47A,0.206304649347332
N47C,0.0930601773477479
N47D,0.0646433961694435
N47E,0.0878471060288517
N47F,0.104947206249353
N47G,0.185912749101636
N47H,0.393757322116373
N47I,0.0509055138787259
N47K,0.132696560724318
N47L,0.136449713236646
N47M,0.179440032263182
N47P,0.345292669023198
N47Q,0.0741542679091902
N47R,0.182558109592286
N47S,0.143347222291923
N47T,0.107504829168595
N47V,0.198229421793305
N47W,0.0859653525272637
N47Y,0.233551183960886
N48A,0.0287396076239452
N48C,0.0554375496296058
N48D,0.0841828592696853
N48E,0.157051328326593
N48F,0.131045987432824
N48G,0.0961286117884458
N48H,0.244901403658847
N48I,0.0789926285542293
N48K,0.0669570639415196
N48L,0.233283663182548
N48M,0.0821852322665406
N48P,0.129504291831065
N48Q,0.096791040600134
N48R,0.0843386999260229
N48S,0.103812579639913
N48T,0.0229442218736455
N48V,0.0176408138619804
N48W,0.198646236714435
N48Y,0.387122264959298
T49A,0.0660197461890591
T49C,0.150741454435491
T49D,0.0137866871133184
T49E,0.0677194304462206
T49F,0.152331237432272
T49G,0.123661131848639
T49H,0.18430387036164
T49I,0.218919816189024
T49K,0.0421617372983288
T49L,0.0944883132936772
T49M,0.0554964331657025
T49N,0.169092098002742
T49P,0.214044641404514
T49Q,0.103348390185522
T49R,0.0538221390612546
T49S,0.0642046938285209
T49V,0.0639253780909028
T49W,0.046206350545194
T49Y,0.239377460565291
A50C,0.0569321643632571
A50D,0.0462158776361497
A50E,0.0258789148861643
A50F,0.0495286290137289
A50G,0.0286893239989833
A50H,0.0595652238025891
A50I,0.191464545604613
A50K,0.0187911862418058
A50L,0.0253246499723424
A50M,0.0408977521920985
A50N,0.0443449649679085
A50P,0.0120211949518079
A50Q,0.0484680266697101
A50R,0.0296396795702527
A50S,0.107791452107346
A50T,0.0156174704352225
A50V,0.112898620881987
A50W,0.0671502304716739
A50Y,0.073835321501146
S51A,0.0363865032054431
S51C,0.0628196825585232
S51D,0.0985210893035586
S51E,0.0136800867592117
S51F,0.0438422415377108
S51G,0.0393822138136474
S51H,0.0441358249318342
S51I,0.152701756470123
S51K,0.00765673338497061
S51L,0.0358199374640151
S51M,0.0604231622517986
S51N,0.0120563043822303
S51P,0.048470007382604
S51Q,0.0134384231330542
S51R,0.0458045315940318
S51T,0.0155954389794657
S51V,0.0473298652519021
S51W,0.0323986897795127
S51Y,0.0309465428251816
W52A,0.0472211315171979
W52C,0.19153305238298
W52D,0.0427998997225782
W52E,0.0254809924969652
W52F,0.0318290773150392
W52G,0.109947035835106
W52H,0.090291534089165
W52I,0.056753537272196
W52K,0.0860267522181278
W52L,0.00990757967944485
W52M,0.0858998739383628
W52N,0.0467105037823079
W52P,0.115583900050479
W52Q,0.0482083220487804
W52R,0.152239816978074
W52S,0.0424830760644992
W52T,0.0437959894766106
W52V,0.017860414427958
W52Y,0.0589341354620121
F53A,0.0478507929012121
F53C,0.435525023016853
F53D,0.0671342036559399
F53E,0
F53G,0.0391812166905603
F53H,0.0569613684443053
F53I,0.0340865061115713
F53K,0.0191388070598995
F53L,0
F53M,0.0726795985619987
F53N,0.00357850893980449
F53P,0.153306632501512
F53Q,0.0288907013597659
F53R,0.0139782391100092
F53S,0.0307909107367952
F53T,0.0327681383580291
F53V,0.0654494738452302
F53W,0.0586277012664776
F53Y,0.0304419837009641
T54A,0.0363169596496284
T54C,0.00994150715546603
T54D,0.0451995324822699
T54E,0.0408708984461229
T54F,0.0650512450840816
T54G,0.0184670852311625
T54H,0.0517584955976682
T54I,0.0228048439264602
T54K,0.0399045279828066
T54L,0.139847044970911
T54M,0.032047766275592
T54N,0.116508164173037
T54P,0.099755970898938
T54Q,0.0581334958705637
T54R,0.0283190303925761
T54S,0.0557173540549497
T54V,0.0955142143216331
T54W,0.0801212013266662
T54Y,0.116003351705673
A55C,0.172559959833154
A55D,0.0168589810049983
A55E,0.0227915990838728
A55F,0.0225069008089566
A55G,0.0164385844075246
A55H,0.0498134060985386
A55I,0.0263658777516292
A55K,0
A55L,0.0757345361830944
A55M,0.0130224361153704
A55N,0.0223314500382212
A55P,0.0221336107133386
A55Q,0.0393671306218383
A55R,0.014693132596353
A55S,0.0847939757883041
A55T,0.0287439116096111
A55V,0.0053931911680811
A55W,0.0548056955011641
A55Y,0.0887114146750056
L56A,0.0614453555014834
L56C,0.0274338003407332
L56D,0.0940373497449452
L56E,0.0246478302616794
L56F,0.0633691212750554
L56G,0.0130416250870327
L56H,0.00596525469513689
L56I,0.00565352837070568
L56K,0.032563735833596
L56M,0.00263136679523407
L56N,0
L56P,0.179331477007113
L56Q,0.0806841670295227
L56R,0.0291853877227728
L56S,0.0320476946807904
L56T,0.0474858037687636
L56V,0.0707079935901447
L56W,0.0204838907977505
L56Y,0.67011554255491
T57A,0.0258551574866787
T57C,0.0768023259293649
T57D,0.0170160209406523
T57E,0.0428050770340624
T57F,0.0329357828594329
T57G,0.0514024560520386
T57H,0.11994571790968
T57I,0.0175037203915372
T57K,0.0460079226783794
T57L,0.0203630819836776
T57M,0.0678945879215358
T57N,0.0315495149177555
T57P,0.00738149458966411
T57Q,0.0703467846288229
T57R,0.0419791598807821
T57S,0.00182571121739601
T57V,0.0615577040792592
T57W,0.0163206180294239
T57Y,0.0964330369476676
Q58A,0.018396648849497
Q58C,0.131885375666851
Q58D,0.00151036379346929
Q58E,0.0919003835478256
Q58F,0.0326344577210423
Q58G,0.0260507289046331
Q58H,0.0149421028349714
Q58I,0.274026578502621
Q58K,0.216925075146592
Q58L,0.0310249082647869
Q58M,0.0486866532258155
Q58N,0.0273836633763528
Q58P,0.0104806219387242
Q58R,0.0357290737096623
Q58S,0.0159037579572681
Q58T,0.140361635597748
Q58V,0.0259811489093994
Q58W,0.0582097396070519
Q58Y,0.0387070595377055
H59A,0.0168886164243659
H59C,0.00397547857030644
H59D,0.0599556418286533
H59E,0.013916827142068
H59F,0.00106322408280103
H59G,0.0255971057962773
H59I,0.129777802563133
H59K,0.00595588227634072
H59L,0.0388190208622811
H59M,0.0245753011699856
H59N,0.0963703557410983
H59P,0.0752990370767694
H59Q,0.0309004835429644
H59R,0.171761152115613
H59S,0.0592308163392402
H59T,0.0150300620099522
H59V,0.0515877702228599
H59W,0.166423003587705
H59Y,0.0942130399275064
G60A,0.0287002540430844
G60C,0.129463787657754
G60D,0.0146169517706075
G60E,0.0175552523715346
G60F,0.0251850968807539
G60H,0.0144259020098181
G60I,0.00811753612638294
G60K,0.0551660909230821
G60L,0.0517753622026531
G60M,0.0245324236369102
G60N,0.0306237098187099
G60P,0.0306647247244027
G60Q,0.0312788892482545
G60R,0.0178090913979926
G60S,0.0251784856556215
G60T,0.0748051487021461
G60V,0.0381540999224977
G60W,0.0400072290389459
G60Y,0.029771701964754
K61A,0.0565622708128556
K61C,0.120449867400007
K61D,0.0364408042397052
K61E,0.0840855579695498
K61F,0.0112601328694483
K61G,0.0495933450669624
K61H,0.0996994113326829
K61I,0.0231607953122034
K61L,0.0370195385384014
K61M,0.0228442624949541
K61N,0.0569465485784039
K61P,0.142705745815363
K61Q,0.0339006670502081
K61R,0.0569981555023809
K61S,0.0509625703709302
K61T,0.0808707873378787
K61V,0.0330358188848243
K61W,0.124339322544219
K61Y,0.0172764013155938
E62A,0.278007598349936
E62C,0.114997109260174
E62D,0.012741235072416
E62F,0.0306073126069501
E62G,0.0348531370056456
E62H,0.12578051785321
E62I,0.0701969473952208
E62K,0.0476079780704526
E62L,0.232421849388275
E62M,0.238615136757519
E62N,0.0321787494663303
E62P,0.504141258819424
E62Q,0.227977763322523
E62R,0.107946602323122
E62S,0.0733714489069146
E62T,0.151714846314837
E62V,0.0656320229272343
E62W,0.166793798079978
E62Y,0.0912329277536233
D63A,0.0358234021850939
D63C,0.21976700194261
D63E,0.0995603398656759
D63F,0.0747412690329831
D63G,0.0156675398383622
D63H,0.279074866074848
D63I,0.0909499801195745
D63K,0.0943415061465489
D63L,0.151272911194129
D63M,0.0657138330984701
D63N,0.126996131027633
D63P,0.0741731026762344
D63Q,0.110310951082523
D63R,0.124291139757161
D63S,0.168714017718605
D63T,0.0780677811083763
D63V,0.118852094435806
D63W,0.109088528917081
D63Y,0.0595176267246247
L64A,0.0564119504762296
L64C,0.0519433005634392
L64D,0.0377036903797258
L64E,0.0230915064349938
L64F,0.0277589573639347
L64G,0.0205837496871666
L64H,0.087765486974304
L64I,0.0177442035196316
L64K,0.0299290584709138
L64M,0.0250557625789445
L64N,0.153900599736305
L64P,0
L64Q,0.0320854236422363
L64R,0.0117362917955484
L64S,0.0176777364020385
L64T,0.0115722627423454
L64V,0.0238300300972296
L64W,0.0326776851817715
L64Y,0.102005133485825
K65A,0.0520473895109507
K65C,0.113311547340339
K65D,0.0221128026339438
K65E,0.0182796284079886
K65F,0.0474574433099981
K65G,0.129239943291196
K65H,0.0477839523155495
K65I,0
K65L,0.0346143302051773
K65M,0.00885646689245127
K65N,0.0258811573065924
K65P,0.0685047104838588
K65Q,0.0108805784772703
K65R,0.00567816929020628
K65S,0.0603521415846309
K65T,0.0366823375517004
K65V,0.018952790426434
K65W,0.0639751987479639
K65Y,0.0645256904765119
F66A,0
F66C,0.0469420493817166
F66D,0.00880740688488389
F66E,0.0112752987124079
F66G,0.0394922742500821
F66H,0.0827757048390668
F66I,0.0143068502259678
F66K,0.13811297347607
F66L,0
F66M,0.00790867059540576
F66N,0.0437970662305957
F66P,0.150490271402326
F66Q,0.202935102322273
F66R,0.06959001797692
F66S,0.0202044699286306
F66T,0
F66V,0.0161098072550884
F66W,0.122368214822331
F66Y,0.0814084897698718
P67A,0.03466493135647
P67C,0.132270714829096
P67D,0.0480182411266794
P67E,0.0768928962419483
P67F,0.0188997181793434
P67G,0.0453582248886373
P67H,0.04885415174891
P67I,0.0618595977990636
P67K,0.304262042483291
P67L,0.155652740377613
P67M,0.0868981676394753
P67N,0.10202848611691
P67Q,0.106744636440159
P67R,0.0782300305951799
P67S,0.0826192805895155
P67T,0.0225883296223296
P67V,0.0571556396946506
P67W,0.121961892860902
P67Y,0.0355375596780172
R68A,0.0255947097085391
R68C,0.0768519959693286
R68D,0.294344573832105
R68E,0.0203206485683531
R68F,0.037490913454025
R68G,0.0408815518581436
R68H,0.00769785342293257
R68I,0.036679648866273
R68K,0.0794263135737427
R68L,0.0193170641545772
R68M,0.0624329000220841
R68N,0.0622319085713064
R68P,0.34879776564459
R68Q,0.0250888348091868
R68S,0.0297457888875964
R68T,0.00510109253403671
R68V,0.0615380059265312
R68W,0.0567978301324608
R68Y,0.141282582893551
G69A,0.034421156461801
G69C,0.155002882356921
G69D,0.016569499397416
G69E,0.0209066969843206
G69F,0.00582747409372568
G69H,0.0162673607527924
G69I,0.00915870367922721
G69K,0.0505071652041638
G69L,0.129286471854578
G69M,0.0192289215537906
G69N,0.0364723018758812
G69P,0.012165806411847
G69Q,0.0249393174500896
G69R,0.530345183986899
G69S,0.0385737329751331
G69T,0.00719287171131594
G69V,0.0201347529153448
G69W,0.0495378818854354
G69Y,0.0798707662830098
Q70A,0.0640499558792796
Q70C,0.157762527265159
Q70D,0.0387918503412663
Q70E,0.0335178342254596
Q70F,0.0206274849490995
Q70G,0.0145567337193302
Q70H,0.0584510547074374
Q70I,0.0313221882254852
Q70K,0.134142218480099
Q70L,0.0179566506646525
Q70M,0.0576035608983261
Q70N,0.0308178086260739
Q70P,0.0325639511765832
Q70R,0.0823966938214867
Q70S,0.0128889683478718
Q70T,0.137466263513181
Q70V,0.0320395450668926
Q70W,0.198932040106882
Q70Y,0.167936208738561
G71A,0.0535352389537599
G71C,0.258758199273343
G71D,0.0691092433730957
G71E,0.0209377501250194
G71F,0.0954967187837025
G71H,0.0137425006952451
G71I,0.0262249529390225
G71K,0.0450942755369366
G71L,0.0232992303664971
G71M,0.0203147486945914
G71N,0
G71P,0.0164828824640995
G71Q,0.0521771329092875
G71R,0.116537179662201
G71S,0.0429817685018168
G71T,0.06382828528079
G71V,0.0073254351443565
G71W,0.0175913880836688
G71Y,0.0611222521738056
V72A,0
V72C,0
V72D,0.101126634176776
V72E,0.00795219025614764
V72F,0.0541107551952358
V72G,0.0311524797066433
V72H,0.0375506139705737
V72I,0.0307409837191835
V72K,0.0159316743149939
V72L,0.016667576668683
V72M,0.0969327730653553
V72N,0.00625154425439925
V72P,0
V72Q,0.131161780890171
V72R,0.0301024785083997
V72S,0.02773610938637
V72T,0.0398560994612058
V72W,0.0728476903370117
V72Y,0.0186054752118363
P73A,0.0371208895758656
P73C,1
P73D,0.00815072898591726
P73E,0.0445351300505827
P73F,0
P73G,0.00706196302695411
P73H,0.0739397317622201
P73I,0.0654893760972382
P73K,0.0133731990500524
P73L,0.0193563728212759
P73M,0.031876174483446
P73N,0
P73Q,0.013704556295679
P73R,0.0385696503633232
P73S,0.0255511054169187
P73T,0.0589226010184757
P73V,0.0832884247300782
P73W,0.174890886414452
P73Y,0.0698662189620167
I74A,0.0227705560598781
I74C,0.0381340778673292
I74D,0.0765163208487887
I74E,0.0446119518463928
I74F,0.0409152081639764
I74G,0.265215760548851
I74H,0.084682028029088
I74K,0.0146522670646529
I74L,0.0658692589392864
I74M,0.03168019459724
I74N,0.0726592534683157
I74P,0.0096169318433793
I74Q,0.0339960940713782
I74R,0.0863356000381504
I74S,0.0531631335912496
I74T,0.138290148262302
I74V,0.0263127196819025
I74W,0.0233695030235712
I74Y,0.0251547748141934
N75A,0.101503844581383
N75C,0.104741294825204
N75D,0.0415046157895525
N75E,0.0277979621506987
N75F,0.0498960664975598
N75G,0.0725829262265128
N75H,0.0363624548278866
N75I,0.00829260737077126
N75K,0.0913507332982356
N75L,0.0367041188199101
N75M,0.0430499376261067
N75P,0.0347045507838187
N75Q,0.0291673106965853
N75R,0.0528048033288238
N75S,0.0532390878672365
N75T,0.199730667909917
N75V,0.051082943163091
N75W,0.0870867994631729
N75Y,0.17869113768069
T76A,0.00559365982820834
T76C,0.182173398166054
T76D,0.0324740893515833
T76E,0.0287503013739093
T76F,0.0106550890945518
T76G,0.0397675436442637
T76H,0.0139024622205814
T76I,0.0988465382291678
T76K,0.146302135347755
T76L,0.0784011541225959
T76M,0.0969760054250716
T76N,0.0406180392635819
T76P,0.0581506377409996
T76Q,0.082473826907618
T76R,0.138766801702038
T76S,0.0195861703472766
T76V,0.0410086978059313
T76W,0.045591188096855
T76Y,0.104507942971256
N77A,0.0504551901235016
N77C,0.222397929469628
N77D,0.0530384193755528
N77E,0.0159823099928474
N77F,0.0778981250035056
N77G,0.0702230754647107
N77H,0.12325883986729
N77I,0.0335063827914574
N77K,0.102156829537813
N77L,0.0450082443584542
N77M,0.0218421007022462
N77P,0.0764293045601004
N77Q,0.0739125439549009
N77R,0.0477838503757988
N77S,0.0130278915221779
N77T,0.201925205052279
N77V,0.0365097558045284
N77W,0.0384549451398436
N77Y,0.0996330013241115
S78A,0.0463961350009312
S78C,0.256715765676543
S78D,0.0654993530861664
S78E,0.0253511834624788
S78F,0.0407687078162625
S78G,0.049909932698193
S78H,0.0131510124985135
S78I,0.0929100659710085
S78K,0.134769556022571
S78L,0.0611994764838332
S78M,0.0790232474136678
S78N,0.115299824916935
S78P,0.0700186760708852
S78Q,0.0578244420723332
S78R,0.0262673673129929
S78T,0.359959860329388
S78V,0.113872123472705
S78W,0.057539738440498
S78Y,0.098261510801278
S79A,0.164366304907619
S79C,0.209954046651731
S79D,0.142134136966115
S79E,0.272545124447133
S79F,0.0954074985531241
S79G,0.0324226212636496
S79H,0.0239187715648572
S79I,0.077655320384753
S79K,0.0535257905094534
S79L,0.0245071128785907
S79M,0.088236010299516
S79N,0.0566908155492497
S79P,0.0150915819112061
S79Q,0.0344068203817929
S79R,0.073825679482467
S79T,0.0553858305294618
S79V,0.0484056111812914
S79W,0.0308299990424883
S79Y,0.11515089794988
P80A,0.0161744681466888
P80C,0.00825171680357687
P80D,0.0171509556700036
P80E,0.0212087462309781
P80F,0.0686171040855737
P80G,0.00904402995705594
P80H,0.00369593247469058
P80I,0.0815386639896358
P80K,0.0560792424232036
P80L,0.0248496355531882
P80M,0.0122288997045689
P80N,0.0174827017361281
P80Q,0.0683611845795439
P80R,0.0131517597151327
P80S,0.128142383850039
P80T,0.0450967533393671
P80V,0.0125478523812746
P80W,0.0368058073024742
P80Y,0.00791732695944506
D81A,0.0797881663169001
D81C,1
D81E,0.0336011471858857
D81F,0.0971547884919959
D81G,0.0090494219719656
D81H,0.079556704110987
D81I,0.132941548621422
D81K,0.108510660966035
D81L,0.0160429162865611
D81M,0.0707681253369676
D81N,0.0883700359499815
D81P,0.0605380234603738
D81Q,0.0806300332155136
D81R,0.139793925383012
D81S,0.048505848857754
D81T,0.0532474608948521
D81V,0.0435630695023043
D81W,0.0693549303591635
D81Y,0.088036756676229
D82A,0.046798623053032
D82C,0.0623545197607753
D82E,0.00823103953688888
D82F,0.0186528560237377
D82G,0.184320930932979
D82H,0.0785578854045804
D82I,0.0360901410539327
D82K,0.0484905486200927
D82L,0.0375826703948228
D82M,0.29394488021994
D82N,0.019732165298685
D82P,0.0507968247424367
D82Q,0.0851734313774571
D82R,0.0415253874828206
D82S,0.125124079814019
D82T,0.206142656235277
D82V,0.0462949771989957
D82W,0.0182523319499146
D82Y,0.0200073042146607
Q83A,0.0504406665145633
Q83C,0.159889238519737
Q83D,0.0263158165407985
Q83E,0.0312652103335935
Q83F,0.222423340134231
Q83G,0.0417411743271486
Q83H,0.0270676295466542
Q83I,0.123241118793235
Q83K,0.0218803794187144
Q83L,0.0497518964907012
Q83M,0.0298142351080874
Q83N,0.0654483454311756
Q83P,0.0112518943948818
Q83R,0.0403668516660977
Q83S,0.0743793043315206
Q83T,0.0266480880090261
Q83V,0.150712259626056
Q83W,0.0240602801083734
Q83Y,0.0206796490004175
I84A,0.034681010207713
I84C,0.0581227648885871
I84D,0.0162858630117734
I84E,0.0172158228030707
I84F,0.089915589402977
I84G,0.163292076985114
I84H,0.0277672847977003
I84K,0.0327487076617572
I84L,0.176878364726074
I84M,0.0796508027699935
I84N,0.045111418893149
I84P,0.0350729574612453
I84Q,0
I84R,0.0584772236693347
I84S,0.0461302140164789
I84T,0.0534812036212828
I84V,0.128445541715253
I84W,0.0279569154275809
I84Y,0.0500603960111641
G85A,0.0171540317581864
G85C,0.0653408589498277
G85D,0.0875374563381026
G85E,0.0238100042024304
G85F,0.0520644072290694
G85H,0.0325797496244941
G85I,0.0204530217119791
G85K,0.0750579903489818
G85L,0.0272681932373978
G85M,0.0481152783221466
G85N,0.00387886000814974
G85P,0.0523064852878843
G85Q,0.0171544691936514
G85R,0.046233795459808
G85S,0.047100718846797
G85T,0.00217366312487168
G85V,0.0421631156019454
G85W,0.00838574780010414
G85Y,0.0551121359491276
Y86A,0.0473025039604906
Y86C,0.0222370870737686
Y86D,0.0406664439272197
Y86E,0.0317043121373907
Y86F,0.0932705040118571
Y86G,0.0539069970673218
Y86H,0
Y86I,0.0669337149676108
Y86K,0.081892619229043
Y86L,0.147287806764495
Y86M,0.0314406514581108
Y86N,0.0232323292398448
Y86P,0.197269205043713
Y86Q,0.0770581152018808
Y86R,0.0533056567880632
Y86S,0.0480659855526292
Y86T,0.0522675233244065
Y86V,0.0287870888542986
Y86W,0.241294883385344
Y87A,0.0203658731217937
Y87C,0.0495364780270985
Y87D,0.135479206847803
Y87E,0.069649976396282
Y87F,0.0699548913342332
Y87G,0.0388133941930755
Y87H,0.0733318314410135
Y87I,0.0219239703327038
Y87K,0.00541432747578023
Y87L,0.0611087708916523
Y87M,0.0708201764817371
Y87N,0.0226445620109295
Y87P,0.0587756746756393
Y87Q,0.0179236371338977
Y87R,0.0904238563173852
Y87S,0.0697915877032221
Y87T,0.0352873236513539
Y87V,0.0979887385937599
Y87W,0
R88A,0.0651302687097928
R88C,0.0730953149594578
R88D,0.184732134572983
R88E,0.00961120155322731
R88F,0.0923795967293498
R88G,0.00193712906957295
R88H,0.0225525684373518
R88I,0.0222603068410211
R88K,0.0410006897594065
R88L,0.0559309492057424
R88M,0.0459805938337924
R88N,0.133173465571432
R88P,0.0204768604337541
R88Q,0
R88S,0.105958413684964
R88T,0.0184903259514617
R88V,0.00853791650122195
R88W,0.0251021332847316
R88Y,0.00552677553015294
R89A,0.0331462010958953
R89C,0.0417207030713875
R89D,0.05497296388865
R89E,0.0528459669975754
R89F,0.0311374443586751
R89G,0.0259158081857718
R89H,0.0526468355534099
R89I,0.00271198544427856
R89K,0.0617709882648973
R89L,0.0211524235571905
R89M,0.0460254381679147
R89N,0.0465931922308518
R89P,0.0977032386420404
R89Q,0.0225711216156531
R89S,0.0202534649597121
R89T,0.0300235468087711
R89V,0.0321289525562084
R89W,0.194557200405285
R89Y,0.0154557727611496
A90C,0.158677889760464
A90D,0.0385771591588773
A90E,0.0438562372156388
A90F,0.215623197091713
A90G,0.0242569850475729
A90H,0.0252909212527709
A90I,0.0324528170053017
A90K,0.0323225517354864
A90L,0.0138086869981622
A90M,0.0503740782182493
A90N,0.0410821694938693
A90P,0.0237507880142359
A90Q,0
A90R,0.0606212501068072
A90S,0.0324043648173686
A90T,0.0573378183624577
A90V,0.156458974818442
A90W,0.0415460717154962
A90Y,0.252659430497418
T91A,0.0196255901729914
T91C,0.0317108826500221
T91D,0.0353199375787376
T91E,0.071127854475906
T91F,0.0133424352442598
T91G,0.0160349928168233
T91H,0.142953422008158
T91I,0.0161835690506303
T91K,0.0761315345887947
T91L,0.227613121469897
T91M,0.0352833134662223
T91N,0.00750151563116263
T91P,0.0474050098545997
T91Q,0.0243006240676502
T91R,0.259858325355846
T91S,0.00427426952666413
T91V,0.027575473656236
T91W,0.0227404444450284
T91Y,0.0384985779566549
R92A,0.0385184663856065
R92C,0.0746492213291909
R92D,0.0338329214266074
R92E,0.00414545174649582
R92F,0.0092251853632483
R92G,0.140539968801507
R92H,0.0016901693097755
R92I,0.0362240146056451
R92K,0.0058854252115375
R92L,0.0613240861507447
R92M,0.00917418971506275
R92N,0.0162983920361947
R92P,0.028439820642893
R92Q,0.0282739538357011
R92S,0.014447378100571
R92T,0
R92V,0.0485467640491476
R92W,0.000404683679475394
R92Y,0.00902612477685226
R93A,0.0359336245851667
R93C,0.117847558621713
R93D,0.0181415348487734
R93E,0.0250118888086258
R93F,0.0451567242857023
R93G,0.0269483696342156
R93H,0.0486680448223577
R93I,0.0199573861624146
R93K,0.0241376625479287
R93L,0.0481584538937212
R93M,0.170981344912125
R93N,0.0500345098180015
R93P,0.0312070190078403
R93Q,0.0827635536398663
R93S,0.0200394420805965
R93T,0.0107699169296904
R93V,0.0505137421126753
R93W,0.0198211658397556
R93Y,0.0742613673653352
I94A,0
I94C,0.0391170400302971
I94D,0.0107751291438999
I94E,0.028173195105445
I94F,0.0150913398739298
I94G,0.0551238023623259
I94H,0.053422953052607
I94K,0.0779075447094087
I94L,0.00923082805088523
I94M,0.0132329255233813
I94N,0.0223321274080177
I94P,0
I94Q,0.0256509941407208
I94R,0.0307059475854437
I94S,0.0474921320367933
I94T,0.0429898850685358
I94V,0.0336459589969424
I94W,0.106589235522854
I94Y,0.124814936192385
R95A,0
R95C,0.0471480926083576
R95D,0
R95E,0.0212484243343817
R95F,0.00694166098346262
R95G,0.00248061311499417
R95H,0.175618791601828
R95I,0.0478142363064437
R95K,0.0372130996977247
R95L,0.398725788626141
R95M,0.0638014344683556
R95N,0.195392189464078
R95P,0
R95Q,0.0625910300274623
R95S,0.0203151007702108
R95T,0.148296611831528
R95V,0.0254734518150409
R95W,0.0268186805250978
R95Y,0.065008154562207
G96A,0.173847717248447
G96C,0.0859706152031495
G96D,0.0799124201330564
G96E,0.0118523343540567
G96F,0.0403387306851979
G96H,0.00585921548428225
G96I,0.0200400826799363
G96K,0.0331051159877482
G96L,0.0205507527253343
G96M,0.0605126977538618
G96N,0.185818922776478
G96P,0.603206488666081
G96Q,0
G96R,0.0369921645062821
G96S,0.103521597167557
G96T,0.0676577876477438
G96V,0.104108282309337
G96W,0.0482316254149954
G96Y,0.0149299664013919
G97A,0.207283169423287
G97C,0.110503790866749
G97D,0.0351362906866302
G97E,0.0161180944725159
G97F,0.991984092656845
G97H,0.048100586296628
G97I,0.0170957109501383
G97K,0.108054363856724
G97L,0.133741441923361
G97M,0.166519539876741
G97N,0.124549777434701
G97P,0.00717863107814274
G97Q,0.0639203099484858
G97R,0.332665372486942
G97S,0.0238252474907302
G97T,0.0515344836495651
G97V,0.0668077643482207
G97W,0.426513723587937
G97Y,0.168293986986404
D98A,0.0264581583389431
D98C,0.109196000010482
D98E,0.0268743680762999
D98F,0.033364704074368
D98G,0.134038701250075
D98H,0.0473344025585185
D98I,0.0621531165529223
D98K,0.0265124442606709
D98L,0.0652495738901676
D98M,0.114538707358506
D98N,0.0734905732105481
D98P,0.0496576739816224
D98Q,0.0255088393093178
D98R,0.0843464892745868
D98S,0.0336882491021035
D98T,0.0530389230077214
D98V,0.0250813725496636
D98W,0.0939443472782455
D98Y,0.186021670152291
G99A,0.0560282652514391
G99C,0.153818142601027
G99D,0.0493851218218839
G99E,0.0556357106744231
G99F,0.0505143093809822
G99H,0.0159180546065913
G99I,0.0329795676436829
G99K,0.018677187164787
G99L,0.0144122956646208
G99M,0.031156212077936
G99N,0.035025035887897
G99Q,0.0992682936886947
G99R,0.0544401736883703
G99S,0.160302340188001
G99T,0.0388009539671342
G99V,0.025624532522001
G99W,0.115254885968665
G99Y,0.00688970049567425
K100A,0.0128385107842934
K100C,0.0833525993159459
K100D,0
K100E,0.0405872185217362
K100F,0.187301069270279
K100G,0.0385562381314658
K100H,0.0111025320385888
K100I,0.095342734044715
K100L,0.000653134793979503
K100M,0.0415044816071954
K100N,0.0811623348537418
K100P,0
K100Q,0.0107092023811977
K100R,0.14779560976453
K100S,0.012192189263814
K100T,0.0203989784143816
K100V,0.100608778670018
K100W,0.0405414407120174
K100Y,0.0122828851677546
M101A,0.0149921576328567
M101C,0.0471484571521504
M101D,0.0219854901049563
M101E,0.0462082254058145
M101F,0.161158636911421
M101G,0.020848605530531
M101H,0.044756927855041
M101I,0.0324161966745954
M101K,0.0519732191152232
M101L,0.0799912367445399
M101N,0.0332490750734754
M101P,0.0333185468009394
M101Q,0.0893045721978007
M101R,0.03652428105419
M101S,0.0332644701508783
M101T,0
M101V,0.0850025314161173
M101W,0.067632564587386
M101Y,0.0706855938583509
K102A,0.0300030717483231
K102C,0.0313717150647846
K102D,0.00951772084647762
K102E,0.0349223790793072
K102F,0.0310057269243617
K102G,0.0968220148292494
K102H,0.0324148135086335
K102I,0.357461021102497
K102L,0.0378567181231998
K102M,0.11963986162246
K102N,0.0591372132108335
K102P,0.0621130335622284
K102Q,0.0537173691706613
K102R,0.306613265003025
K102S,0.022359022564197
K102T,0.045970343419743
K102V,0.0528869930238331
K102W,0.0372770900420724
K102Y,0.0264983830461812
D103A,0.24537458986426
D103C,0.177540249194579
D103E,0.0056585146101614
D103F,0.0896390062873983
D103G,0.158470654735527
D103H,0.269764865731211
D103I,0.129685821461266
D103K,0.180191162290979
D103L,0.0679099629831124
D103M,0.0527859743668592
D103N,0.0397156868029757
D103P,0.126039356136608
D103Q,0.149264357681356
D103R,0.0156875565229524
D103S,0.124080455614238
D103T,0.129012171697664
D103V,0.147635656091613
D103W,0.260921126876373
D103Y,0.286742120046037
L104A,0.0552712780564884
L104C,0
L104D,0.0288028109636163
L104E,0.0281308107546948
L104F,0.0125250516749602
L104G,0.00432561893522528
L104H,0.0366343667396201
L104I,0.00395941156548372
L104K,0.0737995136484477
L104M,0.08775131759365
L104N,0.0277035096224142
L104P,0
L104Q,0.00467397536641292
L104R,0.0672061408131181
L104S,0.0595006897149394
L104T,0.0809962378384412
L104V,0.0341131816817896
L104W,0.0546592264229822
L104Y,0.0461350174545803
S105A,0.0300993460518097
S105C,0.00888905418534315
S105D,0.0144844625477197
S105E,0.0380955932777697
S105F,0.0389960696581379
S105G,0.0570006362929593
S105H,0.0345926013920514
S105I,0.076398952343249
S105K,0.0218477003435094
S105L,0.0568869933419902
S105M,0.109089970086023
S105N,0.0169587523669834
S105P,0.0113831396676041
S105Q,0.151489005383329
S105R,0.0178345520557823
S105T,0.0479999897514267
S105V,0.0249906687567378
S105W,0
S105Y,0.0134614742057316
P106A,0.0445299462213
P106C,0.0935144947664969
P106D,0.042620632765252
P106E,0.148893222494054
P106F,0.0821213567718238
P106G,0.0205729068486731
P106H,0.0802300322230008
P106I,0.103539668686274
P106K,0.0244838054222509
P106L,0.0351581993897901
P106M,0.0281158662066524
P106N,0.0474588380889348
P106Q,0.0399294619449077
P106R,0.0958268443125853
P106S,0.0783716851442117
P106T,0
P106V,0.0924609809367211
P106W,0.0728754658518794
P106Y,0.0684881487493174
R107A,0.0518275129931021
R107C,0.0469926482351183
R107D,0.0199393535898642
R107E,0.226289980114755
R107F,0.0441775390651646
R107G,0.00321344639863305
R107H,0.0442038435511166
R107I,0
R107K,0.0148047885536393
R107L,0.0289762165749673
R107M,0.0500396259239591
R107N,0.0415486941182807
R107P,0.00277055902074293
R107Q,0.0316817453685765
R107S,0.0736919819140657
R107T,0
R107V,0.021222888537867
R107W,0.0100603102203406
R107Y,0.0207132009699778
W108A,0.0166051305837289
W108C,0.0790040937929613
W108D,0.0714003040834953
W108E,0.00704823876655931
W108F,0.0360992884932435
W108G,0.0713661379890922
W108H,0.0222693584814149
W108I,0.033446194152307
W108K,0.0480864027124805
W108L,0.011267717342302
W108M,0.18988536766131
W108N,0.0140471422434476
W108P,0.0357459985493038
W108Q,0.0352256630750059
W108R,0.0227848540851153
W108S,0.0422362921478612
W108T,0.030040554048376
W108V,0.0412693523586405
W108Y,0.0317705254294971
Y109A,0.0634946401579335
Y109C,0.0321129871369112
Y109D,0.0394202508978471
Y109E,0.00862608251009736
Y109F,0.174310846479562
Y109G,0.0238225360622818
Y109H,0.0712167412164599
Y109I,0.0278083405718418
Y109K,0.00651302687097928
Y109L,0.00855329264422555
Y109M,0.0184075380849915
Y109N,0.158705128331627
Y109P,0.00572831607471642
Y109Q,0.134736860823831
Y109R,0.0868758669976517
Y109S,0.0363463491736627
Y109T,0.0213161162192491
Y109V,0.0378272408701842
Y109W,0.0333494822656016
F110A,0.0237758918183378
F110C,0.0104261621225608
F110D,0
F110E,0.0167915379677465
F110G,0.0212962586220282
F110H,0.0129871117309127
F110I,0.0461388541169968
F110K,0.0180532117357472
F110L,0.0399714392598068
F110M,0.131203024465296
F110N,0.205559112469193
F110P,0.0563075830156711
F110Q,0.00909991939604338
F110R,0.036839523051396
F110S,0.0483074988661699
F110T,0.0158194006514303
F110V,0.107276784511672
F110W,0.0810117683089783
F110Y,0.0102356863366558
Y111A,0.0155520727960226
Y111C,0.00764372066329846
Y111D,0
Y111E,0.012050441780165
Y111F,0.0419535503563692
Y111G,0.0441738494248732
Y111H,0
Y111I,0.103526829348264
Y111K,0.0283550770176735
Y111L,0.0608536273975574
Y111M,0.0770003793876512
Y111N,0.0119182985446578
Y111P,0.698345343046063
Y111Q,0.0529381428814622
Y111R,0.0155310640769506
Y111S,0.0218026139118804
Y111T,0.0910359100811943
Y111V,0.00590030426710827
Y111W,0.0281547792007521
Y112A,0.000352400844933828
Y112C,0.0722037390101545
Y112D,0.0338702420326086
Y112E,0.0372555137928283
Y112F,0.0646293921033985
Y112G,0.0534007395527093
Y112H,0
Y112I,0.04524986634662
Y112K,0.0401049124377787
Y112L,0.0161109496604062
Y112M,0.00549238256896203
Y112N,0.0884352450148182
Y112P,0
Y112Q,0.172475686356645
Y112R,0.153087630187049
Y112S,0.0234639093771435
Y112T,0.124112780178203
Y112V,0.0465081580746417
Y112W,0.120097301600372
L113A,0.0393458573872984
L113C,0.0247867289173194
L113D,0.00335940872087025
L113E,0.0380064656475248
L113F,0.0215873134924423
L113G,0.166440613598812
L113H,0.0310673758582515
L113I,0.0316831333102979
L113K,0.0110263651773889
L113M,0.0168958165180772
L113N,0.155310640769506
L113P,0.080054189570373
L113Q,0.0198772838974956
L113R,0.346329672498495
L113S,0.11474391775869
L113T,0.00707365562367696
L113V,0.0618747636388907
L113W,0.0651638946746362
L113Y,0.0619181976576333
G114A,0.296644327764634
G114C,0
G114D,0.0600400459153817
G114E,0.14947738748295
G114F,0.0252763323087809
G114H,0.0767590252333035
G114I,0.0102736209948645
G114K,0.0660576028249822
G114L,0.0754120794468696
G114M,0.068713734111194
G114N,0.064057613745715
G114P,0.0330002885025916
G114Q,0.221957519601846
G114R,0.0243976083417645
G114S,0.0470377672215047
G114T,0.0243918005790709
G114V,0.0355222100470508
G114W,0.0496814295748478
G114Y,0.0723976651429244
T115A,0.0191508149637777
T115C,0
T115D,0.0302555879228673
T115E,0.000447892745716594
T115F,0.103514846505271
T115G,0.0145586681799569
T115H,0.0112948672697503
T115I,0.112626751290021
T115K,0.231151287083535
T115L,0.0544891763851024
T115M,0.0306440152892273
T115N,0.0126238531297085
T115P,0.259168031795743
T115Q,0.0396549278854656
T115R,0.0555603939041932
T115S,0.323339928040979
T115V,0.0490926065372083
T115W,0.0458368556821464
T115Y,0.0438919792082204
G116A,0.0768425192927291
G116C,0.018729849413058
G116D,0.0392660099167783
G116E,0.0419929119216519
G116F,0.0558445493019811
G116H,0.033605058276922
G116I,0.0976262549566201
G116K,0.0299806662003849
G116L,0.06148726520635
G116M,0.0471638722600054
G116N,0.016406075179769
G116P,0.0505005968527683
G116Q,0.06016747743984
G116R,0
G116S,0.112092960270913
G116T,0.0329045364432506
G116V,0.0456555213788623
G116W,0.0931877132957304
G116Y,0.0380761570918789
P117A,0.0659516562614716
P117C,0.0510430458133259
P117D,0.110791809869222
P117E,0.0196705784215551
P117F,0.0751721712398952
P117G,0.0390488372822466
P117H,0.0841569432588154
P117I,0.0410753416215953
P117K,0.0397959485871254
P117L,0.0343475781072775
P117M,0.109248835863757
P117N,0.0562564469811966
P117Q,0.0470981035271063
P117R,0.145447853592098
P117S,0.00975299035054786
P117T,0.0979862907823034
P117V,0.10280841147621
P117W,0.228506718773745
P117Y,0.0543900309628878
E118A,0.0915097547283814
E118C,0.17478496931219
E118D,0.0460788875369177
E118F,0.0490721927047625
E118G,1
E118H,0.0480513817050455
E118I,0.0790363995021248
E118K,0.0368487562950085
E118L,0.0580987585818947
E118M,0.0643416219968881
E118N,0.0339807626277167
E118P,0.0516578256216739
E118Q,0.0152120904287414
E118R,0.0279290333264386
E118S,0.065967579521437
E118T,0.018232877508784
E118V,0.0284233986183086
E118W,0.0692042986403627
E118Y,0.169470439079806
A119C,0.252831242799534
A119D,0.160051395570528
A119E,0.287094754730429
A119F,0.0566318499208224
A119G,0.0270273230269167
A119H,0.0179903235896818
A119I,0.0971879857474015
A119K,0.035889197932637
A119L,0.171799519617305
A119M,0.00764956521218988
A119N,0.281891752853516
A119P,0.0298322549281905
A119Q,0.0424019385364158
A119R,0.138772585118817
A119S,0.0982358048994516
A119T,0.0920196009764622
A119V,0.0359063916032195
A119W,0.0376676613200403
A119Y,0.0534167797764576
G120A,0.0885902534411339
G120C,0.115118070237568
G120D,0.00253920439813755
G120E,0.0836961966177817
G120F,0.0025787764147319
G120H,0.0215636358909703
G120I,0.100590240141202
G120K,0.065843502910454
G120L,0.0198689846888439
G120M,0.0266699288591992
G120N,0.0789854259931595
G120P,0.0198797127634617
G120Q,0.0804704807109961
G120R,0.178502952129847
G120S,0.0440812708287441
G120T,0.14114710666374
G120V,0.206924673658275
G120W,0.0624440527075588
G120Y,0.401777284617222
L121A,0.0103184069454863
L121C,0.0331574348391984
L121D,0.00898636342498715
L121E,0.0297158318011376
L121F,0.178749361442261
L121G,0.101134487811051
L121H,0.0705871329097364
L121I,0.0416080645266301
L121K,0.0288499442627095
L121M,0.0627878148860941
L121N,0.0856236245032627
L121P,0
L121Q,0.0367712618467209
L121R,0.0497661123911434
L121S,0.019210027312372
L121T,0.0845962105835014
L121V,0.043662783762513
L121W,0.104906904687259
L121Y,0.0298298251756079
P122A,0.0397339635403398
P122C,0.210922738254801
P122D,0.0349099202868516
P122E,0.171398213386456
P122F,0.0736945494666818
P122G,0.0798941906641681
P122H,0.0137601636448859
P122I,0.0725696735341363
P122K,0.0768899499111196
P122L,0.0685266933596634
P122M,0.0413479076071235
P122N,0.0449356575310279
P122Q,0.106159668894873
P122R,0.107737857549106
P122S,0.0476130868999167
P122T,0.0703011734170347
P122V,0.0514896677710707
P122W,0.113682734465022
P122Y,0.161322220120471
Y123A,0.00128688575572623
Y123C,0.0336245953037936
Y123D,0.00792492953106248
Y123E,0.0365905240153911
Y123F,0.0285012984744597
Y123G,0.0125723670999075
Y123H,0.0287577579717595
Y123I,0.00272124330179352
Y123K,0.00996582817798682
Y123L,0.0173951747493136
Y123M,0.033972256814018
Y123N,0.0383001164599153
Y123P,0.0905596832033312
Y123Q,0
Y123R,0.0118247327919078
Y123S,0.046670242191907
Y123T,0.0307762495872177
Y123V,0.0320611113895139
Y123W,0.0476463697641232
G124A,0.0615784437740045
G124C,0.0575064840646394
G124D,0.0366691742544307
G124E,0.0519205683299954
G124F,0.037783172775748
G124H,0.317636259068145
G124I,0.0560327633430296
G124K,0.0593173210481871
G124L,0.0806639585435598
G124M,0.0731560041897847
G124N,0.0616481499589422
G124P,0.109551146573686
G124Q,0.0398689531533822
G124R,0.0417535847762574
G124S,0.249293105417085
G124T,0.0710989811101772
G124V,0.077414419573724
G124W,0.062142757824753
G124Y,0.0874361649873619
A125C,0.114053913492831
A125D,0.0184144724527261
A125E,0.0300609523100389
A125F,0.0032251408110255
A125G,0.273036996265473
A125H,0.217354905580576
A125I,0.0975198509489432
A125K,0.14959859942059
A125L,0.0373796522629819
A125M,0.110420900842834
A125N,0.0535442044913163
A125P,0.0732124811407852
A125Q,0.122001108395902
A125R,0.160355225368597
A125S,0.0544815903589218
A125T,0.049468514866365
A125V,0.0357695055894041
A125W,0.0255636153000846
A125Y,0.0722992809884375
N126A,0.042496997672812
N126C,0.102440903406784
N126D,0
N126E,0.034632807969727
N126F,0.021179072514234
N126G,0
N126H,0.110510642851276
N126I,0.0158568633193555
N126K,0.0901204738790765
N126L,0.0983010806953353
N126M,0.0699110938465495
N126P,0.0918481881106887
N126Q,0.0513470755293272
N126R,0.127755527084594
N126S,0.00805479259661742
N126T,0.0766665259852017
N126V,0.0249948656880142
N126W,0.0365018014242352
N126Y,0.147980044649992
K127A,0.0306166794426584
K127C,0.174087109022886
K127D,0.0861482521284856
K127E,0.00704127564737417
K127F,0.137757397895352
K127G,0.0307689819833376
K127H,0.168230699450838
K127I,0.0798985210097816
K127L,0.0751357935434006
K127M,0.0337192306872655
K127N,0.0315817298184352
K127P,0.0490909678005225
K127Q,0.0462972218085026
K127R,0.0699443252308946
K127S,0.0304192803897253
K127T,0.0386647225408743
K127V,0.0376338565957727
K127W,0.13371541038652
K127Y,0.050601208766839
D128A,0.186307548395014
D128C,0.123169329037547
D128E,0.0665457026466043
D128F,0.0739838252774691
D128G,0.126161823424513
D128H,0.133459789561401
D128I,0.108098022861936
D128K,0.467814780831271
D128L,0.0578549335362069
D128M,0.300457332535798
D128N,0.310616708550536
D128P,0.300778883993886
D128Q,0.177647420316408
D128R,0.250181682247484
D128S,0.0544736173573926
D128T,0.062142385637399
D128V,0.165068394218094
D128W,0.0889081091541931
D128Y,0.071608444211631
G129A,0.0346188744988213
G129C,0.0191856727546424
G129D,0.0579180112091428
G129E,0.0445159698295668
G129F,0.0913321441826581
G129H,0.0634246639262757
G129I,0.135864099053829
G129K,0.00315699633096475
G129L,0.126470841209476
G129M,0.0466298250269879
G129N,0.103947411498381
G129P,0.019532773064558
G129Q,0.0346419365224864
G129R,0.0165910403022075
G129S,0.0729836752332762
G129T,0.130375620909782
G129V,0.0930185852084191
G129W,0.0686843228150855
G129Y,0.0620285764637251
I130A,0.0049289716090561
I130C,0.0641822376418531
I130D,0.293248696350932
I130E,0.0305822001258371
I130F,0.0879083487092029
I130G,0.0461382808418267
I130H,0.0240521203298018
I130K,0.040845978341023
I130L,0.0208211818072885
I130M,0.0582658401626139
I130N,0.0313137136074588
I130P,0.0406354636251605
I130Q,0.0638408253186031
I130R,0.0424836883709038
I130S,0.00297421133022815
I130T,0.0739220775573977
I130V,0.0237226425170874
I130W,0.016822018240286
I130Y,0.113548623121931
I131A,0.0210420868139331
I131C,0.0671631950276564
I131D,0.041464855927024
I131E,0.21934214709714
I131F,0.135031925188555
I131G,0.00710444459662565
I131H,0.0467240555079402
I131K,0.022157037344472
I131L,0.00934480022946046
I131M,0.0355298911691681
I131N,0.0171035911644997
I131P,0.0466932820782781
I131Q,0.0137479548068807
I131R,0.0228519741438702
I131S,0.0621254616841561
I131T,0.0332533280639708
I131V,0.1001323677216
I131W,0.0742975025247526
I131Y,0.0977210401286618
W132A,0.0122639328854651
W132C,0.0151201250905581
W132D,0.17205088938813
W132E,0.0297314917264734
W132F,0.0695540774698102
W132G,0.00558134477814661
W132H,0.00932731961791518
W132I,0.0345141131945939
W132K,0.0347842511357414
W132L,0.0158153834310127
W132M,0.0279073988293071
W132N,0.021180861438342
W132P,0.0306878494498992
W132Q,0.0401637833176935
W132R,0
W132S,0.0345434778718713
W132T,0.0604744918039301
W132V,0.0641426345513342
W132Y,0.0565032750137199
V133A,0.0123954061933966
V133C,0.0947461620712875
V133D,0.00314115078410861
V133E,0.0236197834731234
V133F,0.0674747784080201
V133G,0.0117150359512571
V133H,0.168155876515429
V133I,0.0484972201354429
V133K,0.0362330336989142
V133L,0.0510497632541909
V133M,0.0528805314356617
V133N,0.0231275723139665
V133P,0.031193114307069
V133Q,0.2515716437684
V133R,0.0413978215524989
V133S,0.0265531095509155
V133T,0.0413513077764545
V133W,0.0364978313906245
V133Y,0.0171777479034019
A134C,0.059983437640091
A134D,0.0808024361005581
A134E,0.0828427905612535
A134F,0.0731997665837653
A134G,0.102999987467344
A134H,0.0406592514031466
A134I,0.127254525017595
A134K,0.0551474560082886
A134L,0.0797794551990797
A134M,0.0161075260256769
A134N,0.112365294699316
A134P,0.0306192379764396
A134Q,0.095650798215667
A134R,0
A134S,0.0613113746923531
A134T,0.0158175074790915
A134V,0.0646719823390902
A134W,0.150146283809983
A134Y,0.127728848714362
T135A,0
T135C,0.057685435003883
T135D,0.00273825267659691
T135E,0.123940796805237
T135F,0.111571972610974
T135G,0.0876891128018625
T135H,0.0689128326674893
T135I,0.107794651050233
T135K,0.220833864866478
T135L,0.0626765467656745
T135M,0.0920347107096689
T135N,0.0988576493048698
T135P,0.0240447684542592
T135Q,0.0375773262348754
T135R,0.0289329615317344
T135S,0.111350282450495
T135V,0.0906179853656187
T135W,0.0725249076993265
T135Y,0.0664358352921243
E136A,0.033597039398008
E136C,0.126988563304665
E136D,0.0610362810050335
E136F,0.0912633793316452
E136G,0.0764738694856601
E136H,0.452054903921513
E136I,0.181533101630886
E136K,0.140819761565454
E136L,0.134371561939874
E136M,0.076206581254577
E136N,0.04086514974374
E136P,0.0258355224247266
E136Q,0.0284138071883057
E136R,0.158711441357059
E136S,0.174129730732676
E136T,0.120031053574527
E136V,0.170383296820703
E136W,0.22965724791453
E136Y,0.0745914871053704
G137A,0.239007405963979
G137C,0.134543888936209
G137D,0.0292648003549303
G137E,0.000366158837930802
G137F,0.0947774808038213
G137H,0.0838447487773553
G137I,0.0731403278326828
G137K,0.0427335829707343
G137L,0.0713108445214587
G137M,0.026523183702066
G137N,0.117455842441946
G137P,0.0035273477236641
G137Q,0.354863257046482
G137R,0.0142295062115729
G137S,0.0404416611240331
G137T,0.0575519961343754
G137V,0.0970660723448484
G137W,0.0615663101488159
G137Y,0.0458988507554915
A138C,0.13399620964648
A138D,0.100198116013258
A138E,0.0381694735540183
A138F,0.0127039051813288
A138G,0.0597876853173379
A138H,0.0930489679693202
A138I,0.0454190154680028
A138K,0.0643896567062661
A138L,0.0117781158241574
A138M,0.0381842878498254
A138N,0.0491888207379535
A138P,0.0353549281027642
A138Q,0.0594400866338579
A138R,0.0514937333466542
A138S,0.238722387881379
A138T,0.0628840072314864
A138V,0.024168225090243
A138W,0.0335507703889085
A138Y,0.0853890512587896
L139A,0.0644479789598883
L139C,0.295002259215754
L139D,0.0520004031414476
L139E,0.0373041110611022
L139F,0.0989993798113718
L139G,0.0844684779367481
L139H,0.115529081179398
L139I,0.00650984083405413
L139K,0.180558937520609
L139M,0
L139N,0.0579047031954321
L139P,0.0342757896545614
L139Q,0.0154124544559662
L139R,0.0913727126276074
L139S,0.0974918808571732
L139T,0.0676060342297681
L139V,0.0520849872120556
L139W,0.153163983467269
L139Y,0.0388407966482476
N140A,0.0551825702557869
N140C,0.0187955971807677
N140D,0.0240904275237751
N140E,0.0678171792357516
N140F,0.0295739200816279
N140G,0.0608210431503
N140H,0.0754846931166936
N140I,0.0836838923265999
N140K,0.0275183939828016
N140L,0.0841060830960596
N140M,0.120244085073454
N140P,0.0332886593533535
N140Q,0.105380289808289
N140R,0.0201941902426943
N140S,0.0458045172061485
N140T,0.120403940582569
N140V,0.0817326508668473
N140W,0.0781058022027506
N140Y,0.0188449794672187
T141A,0.12306851111789
T141C,0.124745688354917
T141D,0.0588203657734205
T141E,0.0290290241284377
T141F,0.0379632182766968
T141G,0.0444009314197506
T141H,0.0127842870398414
T141I,0.0743948433253156
T141K,0.052084400722385
T141L,0.0534756904776019
T141M,0.0264255024372769
T141N,0.068220917118704
T141P,0.0931603001377915
T141Q,0.0209380439799305
T141R,0.0592074315133285
T141S,0.0663958706800912
T141V,0.0469066009956223
T141W,0.0472114451312456
T141Y,0.0160974365638648
P142A,0.0188885807184695
P142C,0.028942425784854
P142D,0.0483822909866656
P142E,0.0231569119487311
P142F,0
P142G,0.0497024167788683
P142H,0.062020051327292
P142I,0.0520869900892769
P142K,0.15460945459907
P142L,0.0289328268669069
P142M,0.0929300382425309
P142N,0.0641340688319215
P142Q,0.111600378548347
P142R,0.0573353023508833
P142S,0.0412727229686971
P142T,0.0533673537287614
P142V,0.00960348436676846
P142W,0.018192862882553
P142Y,0.0238336235172225
K143A,0.0279574880348171
K143C,0.126066522397733
K143D,0.0322630433865085
K143E,0.0148729263797138
K143F,0.115044685992979
K143G,0.0874887229716164
K143H,0.0174864933116015
K143I,0.0973678263912193
K143L,0.0326308755060615
K143M,0.041880652562859
K143N,0.120094655691716
K143P,0.00821030788356021
K143Q,0.0744175320011959
K143R,0.112118135537795
K143S,0.0525056934258236
K143T,0.086567196180509
K143V,0.0187160679997037
K143W,0.0311814468003797
K143Y,0.0634775732857084
D144A,0.176697094344501
D144C,0.536453677887782
D144E,0
D144F,0.365047510884714
D144G,0.10419354984752
D144H,0.224331511181568
D144I,0.0500944949910525
D144K,0.0724236736253967
D144L,0.126792901806157
D144M,0.0344468737657207
D144N,0.474848717692299
D144P,0.0561893592873514
D144Q,0.073248754176301
D144R,0.0959585055541378
D144S,0.0230376772018763
D144T,0.206467653007295
D144V,0.0648831606238759
D144W,0.08710096973297
D144Y,0.10795649281911
H145A,0.0375816302489518
H145C,0.108859466644798
H145D,0.0815012119739489
H145E,0.0137816055079837
H145F,0.0140280578759554
H145G,0.0285585972442151
H145I,0.00651966921971893
H145K,0.0272553569153175
H145L,0.301596412935398
H145M,0.0276529611160834
H145N,0.121120514961159
H145P,0.02043675217645
H145Q,0.0424290144649146
H145R,0.0793906746819615
H145S,0.104420578684901
H145T,0.0123296610074627
H145V,0.0443000782332912
H145W,0.0536989732084738
H145Y,0.0409078354412811
I146A,0.0811623348537418
I146C,0.0332210893240111
I146D,0.0314969173357748
I146E,0.0273604406284431
I146F,0.00394384070995801
I146G,0.0220746492389202
I146H,0.0375169592010761
I146K,0.0726107807208746
I146L,0.169765896877355
I146M,0.0425296354941703
I146N,0.0345517900380573
I146P,0.0454542705778059
I146Q,0.0321723882309292
I146R,0.0126169352565062
I146S,0.0413357422690786
I146T,0.0187771436640833
I146V,0.0779004053647467
I146W,0.0134692540543676
I146Y,0.0183749058613385
G147A,0.0398370674022519
G147C,0.28087676931158
G147D,0.0651803790085238
G147E,0.0137416055777973
G147F,0.0512278281038877
G147H,0.0451731198362236
G147I,0.0155927308543285
G147K,0.0884098741419557
G147L,1
G147M,0.0254224020852648
G147N,0.0173933702274073
G147P,0
G147Q,0.0664521192419114
G147R,0.0721463842983852
G147S,0.0836785046622222
G147T,0.0810034709370158
G147V,0.050663060733223
G147W,0.213272281571332
G147Y,0.0227831785556131
T148A,0.0866729870794113
T148C,0.145539429543076
T148D,0.010379042826386
T148E,0.0820698190598163
T148F,0.0267855393826431
T148G,0.0219183962755354
T148H,0.0390998261801243
T148I,0.0241351413520444
T148K,0.0688423826376189
T148L,0.111333304300856
T148M,0.0664824167167988
T148N,0.0361353043723133
T148P,0.340716616171476
T148Q,0.0219368540469505
T148R,0.0502163558887917
T148S,0.0627620294465438
T148V,0.0589022443490162
T148W,0.0392115794326382
T148Y,0.0437878667405059
R149A,0.029823827063868
R149C,0.0719446172553395
R149D,0.0504371603020804
R149E,0.0640709409300046
R149F,0.0702134839351879
R149G,0.0474579800927665
R149H,0.0144837284152434
R149I,0.0161181202156032
R149K,0.125264676312766
R149L,0.0611476464125829
R149M,0.0632889401171446
R149N,0.0110784234776883
R149P,0
R149Q,0.0214506988008936
R149S,0
R149T,0.00574764992081147
R149V,0.0241793894481424
R149W,0.0505706429684
R149Y,0.0311171747843937
N150A,0.0526052170348327
N150C,0.131555311294209
N150D,0.151803626300517
N150E,0.0594426872578531
N150F,0.0538867235762564
N150G,0.0826653410547371
N150H,0.0195691662775567
N150I,0.0605744949535158
N150K,0.0816633369207402
N150L,0.0503491463521559
N150M,0.172817620426356
N150P,0.0432109408048862
N150Q,0.0771493706378514
N150R,0.0453578264245789
N150S,0.0432458619929046
N150T,0.0763583520755335
N150V,0.155774524208167
N150W,0.0357269633986449
N150Y,0.0131120263020961
P151A,0.0521513243901585
P151C,0.0531999565853057
P151D,0.421554467425796
P151E,0.0985868929089972
P151F,0.131376136920832
P151G,0.0360307472444791
P151H,0.046033735197572
P151I,0.0611381241124067
P151K,0.0894717054437619
P151L,0.141201942244972
P151M,0.0477483332687465
P151N,0.0456308541317696
P151Q,0.0226152626441854
P151R,0.0398368674161021
P151S,0.143935610748043
P151T,0.00528021688266307
P151V,0.059580119514863
P151W,0.19884166665619
P151Y,0.0845738160388525
A152C,0.256071031181559
A152D,0.0348665772826699
A152E,0.102071160642342
A152F,0.0956887938476202
A152G,0.0687100117393428
A152H,0.00251708319906846
A152I,0.152304628367516
A152K,0.0415831715608677
A152L,0.0454342675720019
A152M,0.0154946257478773
A152N,0.138667729824642
A152P,0.0123479483974046
A152Q,0.0567646245369588
A152R,0.0705278446864141
A152S,0.017099034211308
A152T,0.0133432901964211
A152V,0.153985263210284
A152W,0.0679678768468926
A152Y,0.0367605700963436
N153A,0.158448660016784
N153C,0.309240942089778
N153D,0.0548090444590315
N153E,0.0222367245298711
N153F,0.0577501253832779
N153G,0.167329254521171
N153H,0.18611764143041
N153I,0.153325835459655
N153K,0.0511692259013202
N153L,0.154298275998422
N153M,0.109260137627667
N153P,0.0205410847469347
N153Q,0.0366488314253219
N153R,0.0296940921122713
N153S,0.128216182058901
N153T,0.0505243555038823
N153V,0.187729459586478
N153W,0.293575688247179
N153Y,0.219685040058531
N154A,0.0517595627324713
N154C,0.0727623965317916
N154D,0.0222908343064328
N154E,0.0586609279115703
N154F,0.0607208931474901
N154G,0.0119470135748234
N154H,0.0670177614958086
N154I,0.0770269995147826
N154K,0.0784212287387266
N154L,0.0477883569664625
N154M,0.0778713375551638
N154P,0.144851117021395
N154Q,0.0433522226724602
N154R,0.130771943909739
N154S,0.0475152715876568
N154T,0.183773201528206
N154V,0.135771560156568
N154W,0.105385333932242
N154Y,0.166489829722805
A155C,0.156564408128479
A155D,0.0460377326915925
A155E,0.068980262487264
A155F,0.105451907413392
A155G,0.0961741926216545
A155H,0.0443381760496442
A155I,0.0782010737069417
A155K,0.0765565468242745
A155L,0.0886892649921936
A155M,0.113400081407003
A155N,0.0965593254092002
A155P,0.102204421667675
A155Q,0.133628426584807
A155R,0.0912573556341308
A155S,0.0575916375592539
A155T,0.016326970274929
A155V,0.0641052783468815
A155W,0.190542956786586
A155Y,0.155652558336749
A156C,0.00922118031286105
A156D,0.0597116603855788
A156E,0.0120922114014272
A156F,0.0531235047949177
A156G,0.0454379966848228
A156H,0.0176717827479413
A156I,0.0541485565312374
A156K,0.0705274645670933
A156L,0.0756019223300895
A156M,0.0685665666087949
A156N,0.137507813807637
A156P,0.011239182859254
A156Q,0.110019748583365
A156R,0.0837359587333149
A156S,0.116552306988869
A156T,0.0587791060852345
A156V,0.0645205954383561
A156W,0
A156Y,0.109202030666941
I157A,0.0249340776299764
I157C,0.0309492265173762
I157D,0.0137292079914113
I157E,0.0813722259757411
I157F,0.0324972894294832
I157G,0.010968108936047
I157H,0.0589273009462913
I157K,0.0547736033954244
I157L,0.0492545694740276
I157M,0.0465125745472727
I157N,0.0420308110373647
I157P,0.00858357039096159
I157Q,0.0610427201409099
I157R,0.131994899012885
I157S,0.0353801408140149
I157T,0.0962931772272086
I157V,0.0869449558037686
I157W,0.188738885017794
I157Y,0.037294091430266
V158A,0.0341289223525545
V158C,0.0656858213806218
V158D,0.0278124034906062
V158E,0.081620314175831
V158F,0.0427136740427288
V158G,0.0565501248378618
V158H,0.0297661719489484
V158I,0.0268267081473814
V158K,0.0328894551750643
V158L,0.0315150085789949
V158M,0.02020992179741
V158N,0.162776546204451
V158P,0.0851928077909315
V158Q,0.0310946164207418
V158R,0.0789784529419391
V158S,0.0172517933602904
V158T,0.0767697133183978
V158W,0.0658885003480022
V158Y,0.161000285427415
L159A,0.0257621864592838
L159C,0.0154827845737896
L159D,0.0365736333012903
L159E,0.010568191862565
L159F,0.0346149726819435
L159G,0.0403540744397378
L159H,0
L159I,0.0252966995693564
L159K,0.0439694016018247
L159M,0.0341071743245293
L159N,0.0189405018341375
L159P,0.0659586733433707
L159Q,0.0650696550715612
L159R,0.181305283361951
L159S,0.104043030623139
L159T,0.0311407819877565
L159V,0.0589096630521325
L159W,0.0282121228126658
L159Y,0.018264347549714
Q160A,0.109921952175259
Q160C,0.399852396697674
Q160D,0.0442851077882411
Q160E,0.0510054727069333
Q160F,0.050175841751319
Q160G,0.0102429913429289
Q160H,0.0382878352693151
Q160I,0.127792101567783
Q160K,0.030580225366881
Q160L,0.0587503466689942
Q160M,0.111489009894457
Q160N,0.116251409078054
Q160P,0.0124195537981406
Q160R,0.0581375964365282
Q160S,0.0209405072100461
Q160T,0.0505868781885618
Q160V,0.0351274115207894
Q160W,0.0888790275345386
Q160Y,0.0998720826049813
L161A,0.044562429624476
L161C,0.0414825438296173
L161D,0.0242605719625374
L161E,0
L161F,0.0397284702578941
L161G,0.0168723565132371
L161H,0.113227235251561
L161I,0.0292547296990232
L161K,0.412476289451891
L161M,0.142893465693287
L161N,0.264442521273051
L161P,0.0577426948723381
L161Q,0.0367455989046406
L161R,0.0426108416268335
L161S,0.0499403511671205
L161T,0.00978559636711399
L161V,0.0390073158155208
L161W,0.0918233210556145
L161Y,0.111709216898249
P162A,0.0167748272409211
P162C,0.0828665253464439
P162D,0.0153879846212205
P162E,0.025083207150568
P162F,0.023487863644958
P162G,0.0846852540371977
P162H,0.0417107542578193
P162I,0.0858210131959021
P162K,0.0581333004293652
P162L,0.0536321760246382
P162M,0.0970386814640132
P162N,0.0797681373708198
P162Q,0.0240165108561832
P162R,0.166932399379325
P162S,0.0299568520864629
P162T,0.0331395149747234
P162V,0.101614767889387
P162W,0.0784731362632999
P162Y,0.0818539948741495
Q163A,0.0345813033374436
Q163C,0.275228454054804
Q163D,0.0764184137723894
Q163E,0.0515484802045929
Q163F,0.219158859124257
Q163G,0.0561137243432711
Q163H,0.0614204050227181
Q163I,0.0584226085995616
Q163K,0.130890736529957
Q163L,0.0410879529350459
Q163M,0.147947389780874
Q163N,0.0365588596889444
Q163P,0.0126135311772934
Q163R,0.263892977915465
Q163S,0.159016463446232
Q163T,0.0146849148920752
Q163V,0.0259651403028297
Q163W,0.0912451115873585
Q163Y,0.0215430888809315
G164A,0.0100107617983738
G164C,0.23261701684251
G164D,0.0226485884843743
G164E,0.0214431702426705
G164F,0.155492291547944
G164H,0.102578574592826
G164I,0.0227342902493687
G164K,0.117327441608586
G164L,0.033931247924645
G164M,0.0419746238188212
G164N,0.0996433334866212
G164P,0.032330851536736
G164Q,0.0758146811969378
G164R,0.0395776307416127
G164S,0.0138947316782649
G164T,0.0644361503233019
G164V,0.345708479559182
G164W,0.113604786282631
G164Y,0.0480643478365072
T165A,0.0386762795037868
T165C,0.0747956264886763
T165D,0.0577651757267978
T165E,0.043702537107288
T165F,0.0359160608061244
T165G,0.0566132335708199
T165H,0.0239313279968402
T165I,0.0261050550434908
T165K,0.0332837850380543
T165L,0.0140102030666725
T165M,0.0380301534174401
T165N,0.0127399629334456
T165P,0.112725465074641
T165Q,0.23909928168014
T165R,0.101756100619562
T165S,0.100285677496278
T165V,0.0166104115946294
T165W,0.0430493494801973
T165Y,0.0391806484320891
T166A,0.00703364828964004
T166C,0.0994324286483742
T166D,0.0608783573554071
T166E,0.0548525759908599
T166F,0.0380997062480889
T166G,0.342717368222109
T166H,0.0451941493700473
T166I,0.0147090763291403
T166K,0.180557513729489
T166L,0.0105210434069665
T166M,0.0500115402003381
T166N,0.0826653410547371
T166P,0.064374872740059
T166Q,0.179160064463762
T166R,0.0595308261436118
T166S,0.0623211694812502
T166V,0.0661509981695542
T166W,0.174148930491976
T166Y,0.0420002829199243
L167A,0.00941273841626271
L167C,0.155917893468828
L167D,0.0243818060649341
L167E,0.0293464543664139
L167F,0.114411919037173
L167G,0.0593729266713883
L167H,0.0222972763763646
L167I,0.189005733709272
L167K,0.0648169555589629
L167M,0.163545454591492
L167N,0.0166452642807414
L167P,0.0444834899683194
L167Q,0.0753566332141653
L167R,0.0491965780963382
L167S,0.194337648156575
L167T,0.0667515050552572
L167V,0.0632717433466814
L167W,0.376895993390497
L167Y,0.0962427034927107
P168A,0.07868539646951
P168C,0.307181670872002
P168D,0.0229024906683839
P168E,0.0229118493208929
P168F,0.0532538467153734
P168G,0.0964185314364225
P168H,0.105602368233203
P168I,0.0377303522380335
P168K,0.0672525892296621
P168L,0.0418673858932853
P168M,0.0574511380031692
P168N,0.060374037611618
P168Q,0.0995413753910094
P168R,0.0771720637722293
P168S,0.0451544340011014
P168T,0.032023376323543
P168V,0.05854830423167
P168W,0.163416919100043
P168Y,0.0788314796904798
K169A,0.0174952586308741
K169C,0.03670964072736
K169D,0.203085409128864
K169E,0.0336273974912147
K169F,0.0586295831221833
K169G,0.00931145445042393
K169H,0.0935635638898107
K169I,0.0464146972603431
K169L,0.0163749044659358
K169M,0.0182627983328311
K169N,0.0356100822050098
K169P,0.020680345488737
K169Q,0.0245483430592021
K169R,0.0620439973086268
K169S,0.0550784061681356
K169T,0.0345489272176212
K169V,0.0301319463724848
K169W,0.0744102789621605
K169Y,0.0287874942837138
G170A,0.0377732570429518
G170C,0.108465309260895
G170D,0.0179815019834018
G170E,0.0744159287545338
G170F,0.807734977657559
G170H,0.0385483015681454
G170I,0.0916932139666564
G170K,0.028682663730165
G170L,0.0239218759161857
G170M,0.213426880541321
G170N,0.0414247469222883
G170P,0.0332869720757434
G170Q,0.0353787100459932
G170R,0.264755012666691
G170S,0.0546954090232362
G170T,0.0292057008612595
G170V,0.0590212937773282
G170W,0.0752532098411504
G170Y,0.0388169211972111
F171A,0.0259017939387346
F171C,0.0505170702860959
F171D,0.0249785427012172
F171E,0.121089659309873
F171G,0.027595980294269
F171H,0.0846598128756575
F171I,0.099100543775538
F171K,0.0368119364154509
F171L,0.173620931757921
F171M,0.0277242875379662
F171N,0.0656694048545666
F171P,0.117007876390643
F171Q,0.0997812695322773
F171R,0.378616157798414
F171S,0.0636909118280012
F171T,0.0610566909355758
F171V,0.0779450320822518
F171W,0.0478424690457621
F171Y,0.123041072024943
Y172A,0.0159743427366395
Y172C,0.0206481077627918
Y172D,0
Y172E,0
Y172F,0.0332084544355893
Y172G,0.0294952873541812
Y172H,0.0297652224670335
Y172I,0.0309784490078072
Y172K,0.0512662141424667
Y172L,0.0182606589048215
Y172M,0.0329852130967001
Y172N,0.0527600518385344
Y172P,0.0273579623049803
Y172Q,0.00340887565030164
Y172R,0.0433134090831529
Y172S,0.0128190730953808
Y172T,0.0185498567989117
Y172V,0.0133544340714385
Y172W,0.0147765034335795
A173C,0.0311243986722503
A173D,0.0284408958453067
A173E,0.0410513166552515
A173F,0.0542086583106173
A173G,0.0677616311684651
A173H,0.16840195273748
A173I,0.0438715118221969
A173K,0.00934711205377592
A173L,0.0694575658720046
A173M,0.0336691932514707
A173N,0.133908254262904
A173P,0.220513618237841
A173Q,0
A173R,0.137972022763503
A173S,0.0989493900484142
A173T,0.0620456194641236
A173V,0.0627881960498126
A173W,0.0714976329740219
A173Y,0.0262711619873485
E174A,0.0333603563262804
E174C,0.135308316171648
E174D,0.031234053616357
E174F,0.0554232678254834
E174G,0.0141997647573257
E174H,0.0813300639551679
E174I,0.0509185800182369
E174K,0.0324001234091108
E174L,0.0393172753708427
E174M,0.107589976185058
E174N,0.0192874280135141
E174P,0.0634547659237781
E174Q,0.0315657744600266
E174R,0.0585579556406556
E174S,0.23098923596581
E174T,0.0621404031458966
E174V,0.0039294528800306
E174W,0.0253151653070244
E174Y,0.0182907610518274
G175A,0
G175C,0.0909777031698374
G175D,0
G175E,0.0471263986189624
G175F,0.0166698217625231
G175H,0.0196591783577436
G175I,0.0818423911610467
G175K,0.030586166005402
G175L,0.0683712547941354
G175M,0.0551136662466771
G175N,0
G175P,0.010839381534301
G175Q,0.103053942958413
G175R,0.0157446108577526
G175S,0
G175T,0.0483815291163026
G175V,0.0799432287509834
G175W,0.0782858529991866
G175Y,0.0612127546961199
S176A,0.0758117313535824
S176C,0.0387592654008266
S176D,0.0181144318673249
S176E,0.0310745635274019
S176F,0.0351367908807277
S176G,0.302048485227935
S176H,0.0266905548038856
S176I,0.0663805973159537
S176K,0.0173603228239752
S176L,0.0352738887451105
S176M,0
S176N,0.153306730875852
S176P,0
S176Q,0.0502218470081336
S176R,0.0128815180771505
S176T,0.178583279309454
S176V,0.0185194206832065
S176W,0.0244707066651169
S176Y,0.103989197413264
R177A,0.128473070479667
R177C,0.162785631025774
R177D,0.00403555176152774
R177E,0.025178317602894
R177F,0.0309578113007868
R177G,0.0597199809241705
R177H,0.222525015805469
R177I,0.0165395477660833
R177K,0.0210646209912903
R177L,0.0321938938257435
R177M,0.07436851347012
R177N,0.026845860037075
R177P,0.0506065994192036
R177Q,0
R177S,0.160840855972378
R177T,0.0933468313996565
R177V,0.015448301982819
R177W,0.0176002924021028
R177Y,0.0523646101100215
G178A,0.0310621281539012
G178C,0.629434371687544
G178D,0.0241365714689028
G178E,0.0099129015227854
G178F,0.137257100940501
G178H,0.0485216301026506
G178I,0.0603523200082369
G178K,0.0525257610870885
G178L,0.00452392533115343
G178M,0.0303143559754232
G178N,0.0106874608833516
G178P,0.0888085258212133
G178Q,0.295364310757217
G178R,0.26102207690617
G178S,0.011884906991828
G178T,0
G178V,0.119510631157471
G178W,0.0561849097023587
G178Y,0.0425236335037103
G179A,0.0505582722717413
G179C,0.154995170540531
G179D,0.0506335822413972
G179E,0.0130977625966055
G179F,0
G179H,0.169995964382564
G179I,0.0236722916624945
G179K,0.0566904542569991
G179L,0.0762909845581189
G179M,0.316345222546622
G179N,0.0175539650003857
G179P,0.04797221043875
G179Q,0.0431883795871045
G179R,0.0849106097198351
G179S,0.160133479601859
G179T,0.0321229638072486
G179V,0.0705778915523325
G179W,0.0432605559424988
G179Y,0.0751479078022367
S180A,0.091861797902649
S180C,0.228961358938188
S180D,0.120893612980329
S180E,0.0450115131684156
S180F,0.104368827362694
S180G,0.000109498453577399
S180H,0.103887690164182
S180I,0.285329836259774
S180K,0.0116668836182629
S180L,0.0268430084656404
S180M,0.0695411452480518
S180N,0.0235561008044531
S180P,0.0576110303832183
S180Q,0.00678943856140698
S180R,0.0375046930844378
S180T,0.0660305291482903
S180V,0.0526070388605308
S180W,0.213276599332383
S180Y,0.0687917975675155
Q181A,0.137029394005166
Q181C,0.100754923015141
Q181D,0.0402040033022179
Q181E,0.050002325102442
Q181F,0
Q181G,0.0622329074722379
Q181H,0.0186072347795991
Q181I,0.112753276387093
Q181K,0.0845622645569795
Q181L,0.0487838528968295
Q181M,0.0589959761834846
Q181N,0.00446014788711493
Q181P,0.0452758021922774
Q181R,0.232753730398927
Q181S,0.0572922736864446
Q181T,0.022471531887367
Q181V,0.0302283306981994
Q181W,0.0619999159133209
Q181Y,0.0449392821592666
A182C,0.187477919192271
A182D,0.029396415756456
A182E,0.0901837330001031
A182F,0.0280018945042408
A182G,0.0728534070328018
A182H,0.0633396584700097
A182I,0.113081886452412
A182K,0.0459141190144591
A182L,0.02584823796609
A182M,0.0363430208113574
A182N,0.172984272498369
A182P,0.0701402893797769
A182Q,0.0564048231329085
A182R,0.128701518089203
A182S,0.0530749000284981
A182T,0.250127390263301
A182V,0.0372649416650837
A182W,0.116439683045806
A182Y,0.14640361455959
S183A,0.0184559662325341
S183C,0.105076722528214
S183D,0.0693211934321202
S183E,0.0257189967762595
S183F,0.215931890876313
S183G,0.246325080820904
S183H,0.0211207561122224
S183I,0.259559138407796
S183K,0.281243783951363
S183L,0.183048355311042
S183M,0.0438483469870171
S183N,0.0340830767184075
S183P,0.243487004561225
S183Q,0.274983980058862
S183R,0.0733626695772167
S183T,0.0316559439902036
S183V,0.00570812894256089
S183W,0.155631442301597
S183Y,0.0290582134961593
S184A,0.0311909628681117
S184C,0.0648419349551077
S184D,0.160821663506488
S184E,0.125900935569025
S184F,0.195448277606939
S184G,0.00661113609515325
S184H,0.0873490552031769
S184I,0.0336362915366309
S184K,0.0460687703114712
S184L,0.0121940923605539
S184M,0.0119928707072599
S184N,0.0651772956561171
S184P,0.0130260537419586
S184Q,0.0564707498854779
S184R,0.0409024780028312
S184T,0.0514634075809541
S184V,0.0772582553866866
S184W,0.0451132198555001
S184Y,0.112977083962651
R185A,0.013117042571388
R185C,0.0234548243946919
R185D,0.174681800430328
R185E,0.0654472931347556
R185F,0.1847784519824
R185G,0
R185H,0.116445412917647
R185I,0
R185K,0.0301660790073198
R185L,0.0771543183177546
R185M,0.100619964030912
R185N,0.188291867451922
R185P,0.450633880050585
R185Q,0.181561832565961
R185S,0.0241942315380896
R185T,0.82665341054737
R185V,0.178048024240578
R185W,0.0123352360239747
R185Y,0.0225592951294506
S186A,0.0660092199524679
S186C,0.243310705606744
S186D,0.0173913597120767
S186E,0
S186F,0.151106140797061
S186G,0.0414404287849948
S186H,0.289919715166118
S186I,0.0718298044086325
S186K,0.107464576663414
S186L,0.00826524605978632
S186M,0
S186N,0.0514486668985106
S186P,0.227563643203749
S186Q,0.0877894445301975
S186R,0.0721153066960775
S186T,0.0380761570918789
S186V,0.0437448342308381
S186W,0.191943255727053
S186Y,0.0979033641586895
S187A,0.0570110028147817
S187C,0.182193005553937
S187D,0.0958425055922817
S187E,0.0552575854441948
S187F,0.0354847280156901
S187G,0.124688064524473
S187H,0.0183082041879713
S187I,0.0737794567338303
S187K,0.0642122462457771
S187L,0.134552794170436
S187M,0.199517513178007
S187N,0.027711138884857
S187P,0.0247363142234127
S187Q,0.0287569057991434
S187R,0.119873408145899
S187T,0.100556943627907
S187V,0.0257925676158936
S187W,0.0375566096090586
S187Y,0.0425405427509738
S188A,0.0382899333478547
S188C,0.111586358908405
S188D,0.0357862815885883
S188E,0.00358555518095752
S188F,0.0169269918330491
S188G,0.0732195593639315
S188H,0.320979250031033
S188I,0.11496813690148
S188K,0.0578340202857759
S188L,0.0121956712621731
S188M,0.0822608170203524
S188N,0
S188P,0.183758962084417
S188Q,0.0217582712727156
S188R,0.0153802881850178
S188T,0.0434757652759309
S188V,0.106539448855145
S188W,0.255479928083323
S188Y,0.293086209194068
R189A,0.0158742489070604
R189C,0.150032632308784
R189D,0.141625372613456
R189E,0.010186891795416
R189F,0.0168105199366358
R189G,0.0196818645589856
R189H,0.0410050087933596
R189I,0.0201401048513466
R189K,0.0439005040414233
R189L,0
R189M,0
R189N,0.0202960220071838
R189P,0.0283911332438119
R189Q,0.024410485404223
R189S,0.0181761171004564
R189T,0.0177239265447749
R189V,0.0723450480053281
R189W,0.195807162593375
R189Y,0.0679101105024954
S190A,0.209842401473469
S190C,0.0976667954547154
S190D,0.0347830272989248
S190E,0.118180601383869
S190F,0.0431596209429041
S190G,0.0861638814474458
S190H,0.0313731324188582
S190I,0.0244693307531492
S190K,0.0247682259669014
S190L,0.142548907664162
S190M,0.223411523146271
S190N,0.0379455402667734
S190P,0.0154311655811519
S190Q,0.102309877513058
S190R,0.040779281801284
S190T,0.0906533936856459
S190V,0.0302677023231246
S190W,0.0566156442665961
S190Y,0.0593203683520837
R191A,0.0854842292535499
R191C,0.109057969589793
R191D,0.0118546736677228
R191E,0.0789679895559279
R191F,0.0224953861069525
R191G,0.0122319899297197
R191H,0.0650508191103144
R191I,0.0513293846798479
R191K,0.158273383425114
R191L,0.847656718852194
R191M,0
R191N,0.0470797217461699
R191P,0.0130395827070973
R191Q,0.0584533943457652
R191S,0.153917934510279
R191T,0.0375751550248805
R191V,0.295800571537192
R191W,0.263214210995691
R191Y,0.0183521625696687
N192A,0.0179272077250296
N192C,0.592218042624346
N192D,0.0163355445879254
N192E,0.00954878035328686
N192F,0.0233855111181194
N192G,0.0956887757406085
N192H,0.10127061444698
N192I,0.151237168159784
N192K,0.0771338105359722
N192L,0.039530630787662
N192M,0.0744400936997109
N192P,0.0720499648624027
N192Q,0.116914624440517
N192R,0
N192S,0.0405602425640876
N192T,0.092871867611383
N192V,0.0191926806356004
N192W,0.238540142752186
N192Y,0.138602375623033
S193A,0.0114989606961526
S193C,0.24600890768378
S193D,0.0248307963371646
S193E,0.366316981714808
S193F,0.0500999760648653
S193G,0.0564992680137877
S193H,0.234877157655119
S193I,0.0129928856685956
S193K,0.0080688856863489
S193L,0.0487429537811302
S193M,0.0204311632358542
S193N,0.119425568176818
S193P,0.139672618133242
S193Q,0.285683053802742
S193R,0.234195846109471
S193T,0.173828514090119
S193V,0.0648422117412969
S193W,0.294424223039974
S193Y,0.108177006908468
S194A,0.0200195193574997
S194C,0.0194010583212377
S194D,0.00883455579177722
S194E,0.0738595201393323
S194F,0.303939368285518
S194H,0.227112780633782
S194I,0.179397563331256
S194K,0.0158515171879618
S194L,0.00531409914057562
S194M,0.029638734365102
S194N,0.0197432070365034
S194P,0.041415266486161
S194Q,0.0802085548954828
S194R,0.00903054662087764
S194T,0.0170888541691735
S194V,0.19137524221311
S194W,0.0578338887629178
S194Y,0.20155756750926
R195A,0.186309791804974
R195C,0.242308247590452
R195D,0.118062279692266
R195E,0.0378111109929457
R195F,0.0573588341314892
R195G,0.0538104583027833
R195H,0.00769413584960508
R195I,0.15026348271714
R195K,0.0353020368476299
R195L,0.251598881506887
R195N,0.0127451962314509
R195P,0.102102862549111
R195Q,0.0112204391015642
R195S,0.0366803929442924
R195T,0.0339867719873388
R195V,0.0707686262962905
R195Y,0.0237600461369514
N196A,0.0305668380219831
N196C,0.214978689699742
N196D,0.134686379309886
N196E,0.0180603393826612
N196F,0.0114575921945765
N196G,0.188798060061575
N196H,0.0684813474807743
N196I,0.0512724941741463
N196K,0.0655901617960386
N196L,0.0616940456170166
N196M,0.0130098342505809
N196P,0.143643625215224
N196Q,0.0457056995100841
N196R,0.219708841533145
N196S,0.0571394103536093
N196T,0.0299666192690034
N196V,0.0335651894299965
N196W,0.0926887102927335
N196Y,0.0514560405180019
S197A,0.0778436807883723
S197C,0.10307788191606
S197D,0.0572969355396979
S197E,0.0663345002301936
S197F,0.260954446720882
S197G,0.0586391221858126
S197H,0.0547455798052742
S197I,0.109839041420604
S197K,0.147654463038865
S197L,0.0537391544816161
S197M,0.173462345116814
S197N,0.130346817354728
S197P,0.122713300626852
S197Q,0.0236768156868825
S197R,0.268279695664176
S197T,0.0132574228612247
S197V,0.0478870693460407
S197W,0.178559802055428
S197Y,0.0506768930855194
T198A,0.00776160728650228
T198C,0.17284571311445
T198D,0
T198E,0.157125412916301
T198F,0.00816610129297068
T198G,0.12901154537634
T198H,0.932303888142145
T198I,0.0127513054930373
T198K,0.0873214542152039
T198L,0.0554018564799839
T198M,0.070621644128623
T198N,0.0337116219295085
T198P,0.0722807375842864
T198Q,0.019497217906531
T198R,0.0914552557025642
T198S,0
T198V,0.0630883905116772
T198W,0.034077180188838
T198Y,0.303479924892848
P199A,0.122026109510321
P199C,0.37652323283534
P199D,0.0306161114770298
P199E,0.0301683304074708
P199F,0.117735485744626
P199G,0.0319474592961723
P199H,0.0693186506063664
P199I,0.0219706261952167
P199K,0.181805118232752
P199L,0.144069069078632
P199M,0.104898966202036
P199N,0
P199Q,0.0949897287370058
P199R,0.0172564673872227
P199S,0.0333674875363691
P199T,0.0064627811867974
P199V,0.0113368473771728
P199W,0.0725493884613867
P199Y,0.257497052514902
G200A,0.0241166863243259
G200C,0.615894498815656
G200D,0.0372582926486208
G200E,0.0763243609367414
G200F,0.0399023883595752
G200H,0.139734495501177
G200I,0.092419788425127
G200K,0.036341313590185
G200L,0.0516372800454088
G200M,0.059112210332532
G200N,0.0589841018917316
G200P,0.0490477098132974
G200Q,0.0950249249312326
G200R,0.0610440167909933
G200S,0.0797396129990819
G200T,0.250000031432205
G200V,0.0178789905702202
G200W,0.0935700773815642
G200Y,0.110521527573345
S201A,0.017005213944545
S201C,0.326168747795028
S201D,0.0642572246993333
S201E,0.102339034217541
S201F,0.0597424186418987
S201G,0.0583006336792925
S201H,0.101042991042489
S201I,0.0610869963397698
S201K,0.294589215395063
S201L,0.0442689557429204
S201M,0.120358837816286
S201N,0.0958662776575163
S201P,0.0159431986479587
S201Q,0.0630485305731054
S201R,0.0276908594597647
S201T,0.0630964114048911
S201V,0.0106995914146478
S201W,0.176326175271521
S201Y,0.344220794013534
S202A,0.12871482376992
S202C,0.0262917161906737
S202D,0.136934848547103
S202E,0.0313068304292991
S202F,0.00233627532827823
S202G,0.0240480992159235
S202H,0.00453437883925591
S202I,0.124773104989721
S202K,0.0510039214621473
S202L,0.0773101826302121
S202M,0.0154065077466711
S202N,0.000501002066998406
S202P,0.0619390292214025
S202Q,0.361182379181139
S202R,0.071594050326405
S202T,0.0594561328654717
S202V,0.0269070077256381
S202W,0.258186673132023
S202Y,0.157294129694052
R203A,0.0667193820273114
R203C,0.170182119333814
R203D,0.0217159845053989
R203E,0.029559121952906
R203F,0.139817251340489
R203G,0
R203H,0.0562703897473056
R203I,0
R203K,0.101920052770819
R203L,0.374689769159085
R203M,0.0353670082118216
R203N,0.0565620806212304
R203P,0.0261956233646271
R203Q,0.0108617823417459
R203S,0.117498915268208
R203T,0.00404716699474885
R203V,0.127509004110605
R203W,0.0255324321122379
R203Y,0.0124114744329878
G204A,0.0407564161525407
G204C,0.256742623426624
G204D,0.0277131721249319
G204E,0.00181000098950183
G204F,0.129861861255484
G204H,0.31120385462578
G204I,0.0318264052557886
G204K,0.111723460940645
G204L,0.0871945147042057
G204M,0.0308292243288125
G204N,0.0329633969246232
G204P,0.00912983808499058
G204Q,0.04560294948922
G204R,0.076029573598778
G204S,0.0297693878954402
G204T,0.0863457644162371
G204V,0.19207582689806
G204W,0.14394504739232
G204Y,0.0864399287354888
T205A,0.0739804819576978
T205C,0.459172922750098
T205D,0.0845171943585812
T205E,0.00632880587456025
T205F,0.12061834876862
T205G,0.119113177629602
T205H,0.415418945516398
T205I,0.0380729115614678
T205K,0.0240498930852171
T205L,0.0924404836207411
T205M,0.0365731508908837
T205N,0.0304129116225262
T205P,0.0047697752407233
T205Q,0.0796323275554782
T205R,0.0375897014668882
T205S,0.0374824318753212
T205V,0.215293370918362
T205W,0.0348060291883029
T205Y,0.0766533162507562
S206A,0.116558249608048
S206C,0.211753797004922
S206D,0.171279367575979
S206E,0
S206F,0.254551995508895
S206G,0.143314168494918
S206H,0.0139454153588427
S206I,0.0111110016651811
S206K,0.154240982069552
S206L,0.0124582457962505
S206M,0.0357154647237596
S206N,0.0814206461097219
S206P,0.0217619045646081
S206Q,0.0521178900009111
S206R,0.0392168877183641
S206T,0.16485097322666
S206V,0.0379835087338727
S206W,0.0323720011506739
S206Y,0.404728357442592
P207A,0.044957860549218
P207C,0.142137817309798
P207D,0.113071462033657
P207E,0.0593668744297979
P207F,0.0353518771030271
P207G,0.0738692578910539
P207H,0.155618976822588
P207I,0.0221206967685718
P207K,0.0534527186503185
P207L,0.634520308615437
P207M,0.0116002881966854
P207N,0.0580468854391215
P207Q,0.0523558657894185
P207R,0.136327994405529
P207S,0.0351356953943965
P207T,0.284441284259702
P207V,0.194537580153292
P207W,0.0577323140624334
P207Y,0.0209775716989471
A208C,0.297395053184658
A208D,0
A208E,0.148084281997484
A208F,0.130302443990972
A208G,0.036387225209445
A208H,0.0385650812230943
A208I,0.0865222072633132
A208K,0.0600011157510663
A208L,0.072084879346386
A208M,0.0789234164557451
A208N,0.120436973779387
A208P,0.028667432879471
A208Q,0.0818859509871651
A208R,0.333354913154438
A208S,0.0475305579317309
A208T,0.0298054611089292
A208V,0.0440875104291884
A208W,0.219029306282438
A208Y,0.183423357245837
R209A,0.0159503938402158
R209C,0.0545081799670851
R209D,0.0346384118124256
R209E,0.0305295934211826
R209F,0.114568965121027
R209G,0.0474053080850141
R209H,0.0926853823947052
R209I,0.169926279869112
R209K,0.143688891489239
R209L,0.0503983463892872
R209M,0.0418809853644846
R209N,0.0684791870155174
R209P,0.0638796412407763
R209Q,0.0635005762303808
R209S,0.0150997094645413
R209T,0.024234013334855
R209V,0.0494512672034675
R209W,0.0719345480669736
R209Y,0.0194219643385078
M210A,0.0762888437792999
M210C,0.347463614402665
M210D,0.0115782986205457
M210E,0.0484719235103014
M210F,0.312596532045957
M210G,0.0958935537331884
M210H,0.0755318484569559
M210I,0.0285838648647441
M210K,0.04218315589846
M210L,0.0174694276599034
M210N,0.116783542929717
M210P,0.0798357275612362
M210Q,0.0660000046227086
M210R,0.103379471958489
M210S,0.0556474787829892
M210T,0.0819627569473037
M210V,0.147004471889137
M210W,0.216904002708126
M210Y,0.0632437480177976
A211C,0.27467812521578
A211D,0.0126045821881344
A211E,0.0264545555400682
A211F,0.302064606942991
A211G,0.0463617548213935
A211H,0.0634203216625688
A211I,0.0904864108505744
A211K,0.0759543793228337
A211L,0.0793526267123931
A211M,0.0690681172890554
A211N,0.0699097558778625
A211P,0.0214338779176023
A211Q,0.0742592301478962
A211R,0.137766000450446
A211S,0.0725341473384106
A211T,0.119036771969111
A211V,0.106461916074132
A211W,0.147274206782338
A211Y,0.12513434249559
G212A,0.077975757700246
G212C,0.269268636152992
G212D,0.0211367566850347
G212E,0.0466457514868698
G212F,0.220584031271423
G212H,0
G212I,0.26825576234526
G212K,0.121577168123278
G212L,0.173762623366593
G212M,0.124264128406564
G212N,0.00805938554707585
G212P,0.0546098561671976
G212Q,0.0663552642070306
G212R,0.0343722999100335
G212S,0.0622832189281223
G212T,0.0466133718653399
G212V,0.0978040051835442
G212W,0.37166276140191
G212Y,0.042675883533891
N213A,0.0144804507740351
N213C,0.335746899570063
N213D,0.0253435369693068
N213E,0.0706487425319005
N213F,0.131596665158084
N213G,0.0285839086889632
N213H,0.0198199096800807
N213I,0.148121022398919
N213K,0.152522269241927
N213L,0.11284314441048
N213M,0.105030687642051
N213P,0.0797797078500013
N213Q,0.0212061669929749
N213R,0.0724747714192207
N213S,0.063889819369113
N213T,0.132023865225819
N213V,0.119928430939049
N213W,1
N213Y,0.198169582893703
G214A,0.0932687012744183
G214C,0.66175231754479
G214D,0.0155851717604589
G214E,0.0644864124773814
G214F,0.54826830464072
G214H,0.0370038627086999
G214I,0.424445229544981
G214K,0.0528148698866538
G214L,1
G214M,0.213685046054837
G214N,0.0441490445470104
G214P,0.0294564598062177
G214Q,0.297605534125289
G214R,0.387848825301834
G214S,0.0253865386283195
G214T,0.0278966868617648
G214V,0.15321716211309
G214W,0.998877706464059
G214Y,0.458681080361693
G215A,0.125904712251982
G215C,0.3059702517986
G215D,0.0339240218512445
G215E,0.0198249621139859
G215F,0.969641874380443
G215H,0.0482575534992679
G215I,0.854208978175563
G215K,0.0970574575131188
G215L,0.334967892431336
G215M,0.347163162554321
G215N,0.025743266522476
G215P,0.188140634081965
G215Q,0.0279244540705921
G215R,0.111397768665554
G215S,0.134480651052022
G215T,0.0439552098682765
G215V,0.679507585281857
G215W,1
G215Y,0.411235333831929
D216A,0.488691841718924
D216C,0.567973494314006
D216E,0.0685011055065782
D216F,0.748044562766604
D216G,0.403342680731219
D216H,0.465319523288888
D216I,0.523457965059167
D216K,0.0233188717579196
D216L,0.5641445322774
D216M,0.96480059412016
D216N,0.0649013308354452
D216P,0.129291942632774
D216Q,0.117928000012708
D216R,0.40013085430407
D216S,0.33384919701216
D216T,1
D216V,0.951649801296415
D216W,0.643604397151911
D216Y,0.700945864224031
A217C,0.821094490321134
A217D,0.115926666090439
A217E,0.00567388355699001
A217F,0.604589165123969
A217G,0.0297940917671712
A217H,0.0741538638756176
A217I,0.75913668661418
A217K,0.0474639790808012
A217L,0.357510197174509
A217M,0.26265492863555
A217N,0.077985587192701
A217Q,0.229607893683865
A217R,0.0406101601568517
A217S,0
A217T,0.111077325273766
A217V,0.37164376071571
A217W,0.32796745766991
A217Y,0.710069444636573
A218C,0.608493979998009
A218D,0.0292692112385803
A218E,0.0252466815960137
A218F,0.592353213865508
A218G,0.0123391979963139
A218H,0.0348352895768861
A218I,0.619485739460396
A218K,0.0290581198859076
A218L,0.49601849838318
A218M,0.253467086116774
A218N,0.000328607284194117
A218P,0.0228960412062462
A218Q,0.0203041131366285
A218R,0.183867758588415
A218S,0.0283650292113896
A218T,0.0277922206727925
A218V,0.225121051952538
A218W,0.593245210755415
A218Y,0.345691415488443
L219A,0.0481341613320571
L219C,0.49380294750334
L219D,0.0824877288412844
L219E,0.0129670631154573
L219F,0.14521298727413
L219G,0.00168204324044214
L219H,0.00769156862151624
L219I,0.0687105345519599
L219K,0.0513825025839964
L219M,0.0102748122774474
L219N,0.11864822298446
L219P,0.0139078356278016
L219Q,0
L219R,0.167260077881345
L219S,0.0422204503825756
L219T,0.0080535040498062
L219V,0
L219W,0.563890600150743
L219Y,0.00352320131531446
A220C,0.250941077002406
A220D,0.0190062654083372
A220E,0.0606742511760593
A220F,0.64850413363052
A220G,0.259215843277147
A220H,0.087322435126791
A220I,0.612203068510116
A220K,0.451394310800051
A220L,0.587943736818259
A220M,0.171423439910931
A220N,0.109155326481201
A220P,0.0398365807071644
A220Q,0.0441000055347879
A220R,0.0651372345683928
A220S,0.0246963547635841
A220T,0.0124977314433202
A220V,0.528351207464145
A220W,0.508919450363854
A220Y,0.412819666499781
L221A,0.0694181186289627
L221C,0.165831684176473
L221D,0.0244708305153807
L221E,0.024185769649611
L221F,0.000805239657500055
L221G,0.0483630764113394
L221H,0.0290538643887407
L221I,0.118287301434221
L221K,0.0877118012132558
L221M,0.049454750677336
L221N,0.0471535231333741
L221P,0.000223946372858297
L221Q,0.105376566368686
L221R,0.0130619767265467
L221S,0.00489190274296832
L221T,0.0225640214050664
L221V,0.0322902503615751
L221W,0.127087003820354
L221Y,0.121090649531871
L222A,0.0267261481753582
L222C,0.267879182492385
L222D,0.000666494779629871
L222E,0.00513676522629338
L222F,0.157990906128699
L222G,0.0274917400114827
L222H,0.00428093392502961
L222I,0.0464691368300391
L222K,0.0166131368635744
L222M,0.0387161525958412
L222N,0.0316687426844669
L222P,0.114105943643906
L222Q,0.0133540944799809
L222R,0.00207437954255375
L222S,0.010088701941713
L222T,0.0151886340182272
L222V,0.121743502280613
L222W,0.0661322728437896
L222Y,0.115048919053802
L223A,0.0309253386508411
L223C,0.0104078674004647
L223D,0.043536383448664
L223E,0.0290909549043614
L223F,0.0319183578236275
L223G,0.0127951764027178
L223H,0.011204534959978
L223I,0.0146103992455024
L223K,0.0267716859073061
L223M,0.0408111538433337
L223N,0
L223P,0.00245328622170831
L223Q,0.17887817590889
L223R,0.0139667646388465
L223S,0.01026947044343
L223T,0.111098049044708
L223V,0.0588534983105737
L223W,0.0322613654666319
L223Y,0.00309043315531188
L224A,0.150630977998413
L224C,0.0740209546183219
L224D,0.0342282977201531
L224E,0.0160900989048738
L224F,0.0355456846866506
L224G,0.0501037956142257
L224H,0.0342833472251405
L224I,0.0285750222565814
L224K,0.0046201317702194
L224M,0.0485152309736814
L224N,0.00717084685351922
L224P,0.0251918676716937
L224Q,0.0142643814697752
L224R,0.0225897345395006
L224S,0.0324868917787495
L224T,0.0161075955708373
L224V,0.0140190111829942
L224W,0.219358563357467
L224Y,0.0251284967646508
D225A,0.478841163617749
D225C,0.584880553986583
D225E,0.0746694434518244
D225F,0.629486593376104
D225G,0.0261838245277322
D225H,0.214449607027677
D225I,0.559070542079896
D225K,0.0889661656443338
D225L,1
D225M,0.757972393386451
D225N,0.10507005307828
D225P,0.0327524684131356
D225Q,0.0532684654829354
D225R,0.151510198916089
D225S,0.285048108427813
D225T,0.216267287833091
D225V,0.68619651079501
D225W,0.760178615345545
D225Y,0.58314254473113
R226A,0.128715501578373
R226C,0.0401699004145281
R226D,0.0509310880675022
R226E,0.00502282203044083
R226F,0.14617042635283
R226G,0.00674483770517604
R226H,0.0589179648926447
R226I,0.280529890845332
R226K,0.314314550031738
R226L,0.622834924020732
R226M,1
R226N,0.08211859411077
R226P,0.0271433067355517
R226Q,0.00756701903043573
R226S,0.228351340367166
R226T,0.000635211226636487
R226V,0.405001512471185
R226W,0.414159139608829
R226Y,0.76834702864732
L227A,0.0292899104039508
L227C,0.0285838376171295
L227D,0.0727171971643281
L227E,0.0287256672167943
L227F,0.0588930754266742
L227G,0.0879152067385644
L227H,0.00465768676006365
L227I,0.00983161729654134
L227K,0.0230033372787113
L227M,0.0100480000239426
L227N,0.0242930164604509
L227P,0
L227Q,0.00347396810896433
L227R,0.0114361909565875
L227S,0.0852025357285838
L227T,0.112350019680592
L227V,0.0275939386326997
L227W,0.0434877826251883
L227Y,0.0412691649734816
N228A,0.0824603892657654
N228C,0.00774717963584255
N228D,0.385757737694144
N228E,0.0232356137223377
N228F,0.417942502509925
N228G,0.0538602396040192
N228H,0.0350081938662718
N228I,0.848369685328005
N228K,0.0503552390517381
N228L,0.289873747677215
N228M,0.633507815018392
N228P,0.0221965619740958
N228Q,0.0438489098044684
N228R,0.0389507449337771
N228S,0.0769059081116415
N228T,0.149559387346951
N228V,0.37210605305381
N228W,0.392396474329106
N228Y,0.131150037054485
Q229A,0.0727728113650902
Q229C,0.310027887440219
Q229D,0.0359583652233978
Q229E,0.0192626783706489
Q229F,0.0185236052325813
Q229G,0.100584531355762
Q229H,0.0147806817566477
Q229I,0.0594421566247531
Q229K,0.0746363043581544
Q229L,0.0283614586440018
Q229M,0.0694460397430626
Q229N,0.00848678397708124
Q229P,0.0360087105358403
Q229R,0.111872673048535
Q229S,0.137766195209149
Q229T,0.0302968031919553
Q229V,0.00872419783917581
Q229W,0.149907969128043
Q229Y,0.019811258521002
L230A,0.0183269941063294
L230C,0.0399259345173307
L230D,0.0488184200253678
L230E,0.01452548227336
L230F,0.0540250857391044
L230G,0.00487416471162983
L230H,0.153295040277954
L230I,0.0927966802235252
L230K,0.0571067347868292
L230M,0.034964377913405
L230N,0.066123413523558
L230P,0.0315829821434436
L230Q,0.00331858272020247
L230R,0.0122721890533122
L230S,0.0274291846713223
L230T,0.0619806566938618
L230V,0.0166367990524189
L230W,0.154872364010793
L230Y,0.0210630901764678
E231A,0.102971457677711
E231C,0.481875074107363
E231D,0.0158150403345156
E231F,0.228734895341109
E231G,0.160236330477677
E231H,0.186461906925027
E231I,0.295410048142517
E231K,0.0229588908820205
E231L,0.398044862109847
E231M,0.206588863208398
E231N,0.0507941825148819
E231P,0
E231Q,0.146101201674156
E231R,0.0865807115909322
E231S,0.0597140187055102
E231T,0.0910550450357126
E231V,0.545244252333933
E231W,0.445364065311655
E231Y,0.790752626782363
S232A,0.234684882180732
S232C,0.142362197858803
S232D,0.0660286250959223
S232E,0.044181189583859
S232F,0.105618747250758
S232G,0.0368053724699107
S232H,0.290616550323538
S232I,0.0175746477971107
S232K,0.587527136133914
S232L,0.0574623187056451
S232M,0.0607860229889075
S232N,0.017638602544113
S232P,0.0394212435364535
S232Q,0.0658351380214212
S232R,0.0712037946360688
S232T,0.0356077882582707
S232V,0.0103166819281298
S232W,0.151646911906076
S232Y,0.160414008785877
K233A,0.0181282154368382
K233C,0.200569535349915
K233D,0.0200209546507623
K233E,0.129552080060784
K233F,0.127876002342025
K233G,0.00132500848692363
K233H,0.145020123605339
K233I,0.0285608776597488
K233L,0.058559012619545
K233M,0.144054837223542
K233N,0.101888830438176
K233P,0
K233Q,0.0621675973601682
K233R,0.0974427581584206
K233S,0.0323271358324873
K233T,0.0109669084376634
K233V,0.0128874120513634
K233W,0.187708155341097
K233Y,0.115056072482992
M234A,0.00795148713127733
M234C,0.263101450019103
M234D,0.0499438368486351
M234E,0.0101303730599994
M234F,0.05613540233719
M234G,0.0123173329824496
M234H,0.037256065696022
M234I,0.134792332502083
M234K,0.0344145755926793
M234L,0.0798190788675332
M234N,0
M234P,0.0108836335541531
M234Q,0.0222547106754976
M234R,0.0290483809329116
M234S,0.00947551221885798
M234T,0.0754743631692698
M234V,0.0351303587475605
M234W,0.0464243738848618
M234Y,0.0149810212582447
S235A,0.0870337039972018
S235C,0.310060720531023
S235D,0.0415160447876081
S235E,0.011947306749205
S235F,0.435593743756523
S235G,0.0817183280606966
S235H,0.0692096508318919
S235I,0.113625204094368
S235K,0.512534440257193
S235L,0.52574713608422
S235M,0.10993797508813
S235N,0.145084253749389
S235P,0.192201495987743
S235Q,0.116977930750346
S235R,0.0417572009398764
S235T,0.169052387331158
S235V,0.0387574269546364
S235W,0.0685477452681961
S235Y,0.0785658622154636
G236A,0.0972710509158149
G236C,0.693169020649882
G236D,0.071383969232965
G236E,0.0395654532165991
G236F,0.181863750320422
G236H,0.0461866520041522
G236I,0.242729627046511
G236K,0.0639044754862439
G236L,0.0198809422933049
G236M,0.0888829296978541
G236N,0.0455817168992724
G236P,0.0256323292515176
G236Q,0.029461465824032
G236R,0.131133042773692
G236S,0.00545922101382867
G236T,0.0256683688298496
G236V,0.0941515058683049
G236W,0.120182503018526
G236Y,0.0423652129652323
K237A,0.0869877872438665
K237C,0.326697367294669
K237D,0
K237E,0.0862566950907969
K237F,0.0981655681284014
K237G,0.0682999236823643
K237H,0.0564115821822936
K237I,0.131637267394413
K237L,0.0649210272304326
K237M,0.0582377544302121
K237N,0.0467430313157707
K237P,0.0125269001126744
K237Q,0.0629571455627016
K237R,0.00927053061453435
K237S,0.11922461479516
K237T,0.111693253463076
K237V,0.0976954030646892
K237W,0.0826129444290899
K237Y,0.0334214814383343
G238A,0.0537007621861888
G238C,0.538384210775399
G238D,0.0302714310449208
G238E,0.038616317218472
G238F,0.0662233476061742
G238H,0.0374737145430461
G238I,0.192885795794386
G238K,0.164300965841374
G238L,0.0713542821981496
G238M,0.0399073318948565
G238N,0.0353076497002967
G238P,0.0165540682063503
G238Q,0
G238R,0.0815776071058317
G238S,0.0366892787469057
G238T,0.301953067613985
G238V,0.0652106394026031
G238W,0.194074949635163
G238Y,0.0036875741621448
Q239A,0.0421378582930696
Q239C,0.448205191508551
Q239D,0.0570081801548412
Q239E,0.143808961371077
Q239F,0.130133107971517
Q239G,0.0598349181374027
Q239H,0.0359249881063736
Q239I,0.0380930614608178
Q239K,0.0937990981737504
Q239L,0.0187201548740243
Q239M,0.0118343129254739
Q239N,0.127632617745257
Q239P,0.0284751446048448
Q239R,0.0952145442480732
Q239S,0.0618939772246306
Q239T,0.0264857711703467
Q239V,0.00561686413458713
Q239W,0.257109842437132
Q239Y,0.0876753617247211
Q240A,0.0882751297471945
Q240C,0.500740502719732
Q240D,0.078783583992747
Q240E,0.0370100050337047
Q240F,0.10325743570169
Q240G,0.133249165176973
Q240H,0.0543631658418291
Q240I,0.134268553955573
Q240K,0.0439898233385387
Q240L,0.183822406245618
Q240M,0.0172644094382074
Q240N,0.0646538062506524
Q240P,0.0281294673081638
Q240R,0.092878711253552
Q240S,0.0351680702598912
Q240T,0.00878068511747035
Q240V,0.0776662988883652
Q240W,0.157316085284798
Q240Y,0.0357794950804886
Q241A,0.0454762887860317
Q241C,0.224047100079414
Q241D,0.173789333352633
Q241E,0.0436753377543941
Q241F,0.056502447339604
Q241G,0.0327811129699917
Q241H,0.0841532614792068
Q241I,0.0618198260314893
Q241K,0.13246005969729
Q241L,0.110760400631231
Q241M,0.0288337871534206
Q241N,0.070495116097119
Q241P,0.0583305622899997
Q241R,0.150790961395215
Q241S,0.0917942969171361
Q241T,0.0331761359880179
Q241V,0.0240482745447309
Q241W,0.153557799700071
Q241Y,0.0446198205575708
Q242A,0.0314577206882829
Q242C,0.429543378333118
Q242D,0.18464824237054
Q242E,0.0144128873590495
Q242F,0.0756773043335323
Q242G,0.0753234291781425
Q242H,0.0901210736665955
Q242I,0.00388124045893813
Q242K,0.13128114424199
Q242L,0.179134497197091
Q242M,0.176432458119583
Q242N,0.0398024789088702
Q242P,0.126182756512738
Q242R,0.226842468101834
Q242S,0.0357781211621315
Q242T,0.0419209240259794
Q242V,0.039373851103478
Q242W,0.0889111218323924
Q242Y,0.0401363813747885
G243A,0.04592456426965
G243C,0.350113055430245
G243D,0.129862535758399
G243E,0.04651035661659
G243F,0.0161230295902356
G243H,0.177819754186208
G243I,0.0583527526386454
G243K,0.217825679520347
G243L,0.158769756954013
G243M,0.0413490564126278
G243N,0.0814490388693796
G243P,0.0577041718657048
G243Q,0.142109955773049
G243R,0.154503042783808
G243S,0.109382202561079
G243T,0.0606162841065183
G243V,0.168461859791568
G243W,0.0544579859675355
G243Y,0.0215795149429142
Q244A,0.0481624492035829
Q244C,0.385112379226771
Q244D,0.0579742900905341
Q244E,0.0466496805767127
Q244F,0.0328988891510729
Q244G,0.0356540488719253
Q244H,0.0156534944656036
Q244I,0.0224903420885098
Q244K,0.124911056859479
Q244L,0.00909107814410095
Q244M,0.042972271425009
Q244N,0.14952957105346
Q244P,0.24114829728588
Q244R,0.0450775945038447
Q244S,0.0834662133004382
Q244T,0.045762191439983
Q244V,0.101916570818181
Q244W,0.0964073169110091
Q244Y,0.125527147591639
T245A,0.170595864222915
T245C,0.348906681894504
T245D,0.102076165636847
T245E,0.0327609091959208
T245F,0.105065865684829
T245G,0.0116921483314347
T245H,0.154827341153799
T245I,0.0401478655865592
T245K,0.204120294120444
T245L,0.0257253487142137
T245M,0.0439746962098341
T245N,0.084268570693124
T245P,0.0125918618386936
T245Q,0.0405074199226088
T245R,0.0809622144058537
T245S,0.0412807332052778
T245V,0.0276253043262587
T245W,0.0412990284769396
T245Y,0.009501514559461
V246A,0.2099378349997
V246C,0.303685307922254
V246D,0.0806075595443618
V246E,0.0223957263425951
V246F,0.0401892014722981
V246G,0.138466745551533
V246H,0.106633514970602
V246I,0.091834791308773
V246K,0.0987256068174812
V246L,0.154829231439474
V246M,0.0385491684696576
V246N,0.150038723099458
V246P,0.0760486839273566
V246Q,0.194385599962136
V246R,0.144973497070103
V246S,0.0810489427044539
V246T,0.0466692471688264
V246W,0.0947890072339846
V246Y,0.042366026241992
T247A,0.108633558580199
T247C,0.607798126194995
T247D,0.059876502841926
T247E,0.0823642406546088
T247F,0.169753101041476
T247G,0.342807758160018
T247H,0.4098127271863
T247I,0.0901049220335661
T247K,0.159471268107299
T247L,0.0521115660887116
T247M,0.035963237509485
T247N,0.064379886210377
T247P,0.0595192683920572
T247Q,0.0199742836193355
T247R,0.0962484056228664
T247S,0.0267558832394804
T247V,0.156457019480653
T247W,0.149791526535899
T247Y,0.025840501226471
K248A,0.149376360694104
K248C,0.444411970465692
K248D,0.00706724045837496
K248E,0.00680650313219191
K248F,0.00466095857273556
K248G,0.0492326898200336
K248H,0.0178239924765372
K248I,0.0402258390492639
K248L,0.0266898508995976
K248M,0.0342263920010549
K248N,0.041929192452809
K248P,0.0463763030617043
K248Q,0.0324273600164681
K248R,0.156705985247526
K248S,0.0107541822803386
K248T,0.100941730269992
K248V,0.0225572528988649
K248W,0.0281767978158165
K248Y,0.0258675379974049
K249A,0.0112517710955131
K249C,0.269099841654371
K249D,0.0304166847551033
K249E,0.0551459359098455
K249F,0.0548858828428811
K249G,0.0286215483958641
K249H,0.225850620431983
K249I,0.0207752919980556
K249L,0.133995076756159
K249M,0.0544517464644765
K249N,0.277153242612101
K249P,0.0646195015781426
K249Q,0.0592104057988886
K249R,0.12085785467039
K249S,0.01954239461565
K249T,0.0548660553528998
K249V,0.0181013294419093
K249W,0.0225098939469058
K249Y,0.041207730185147
S250A,0.0441705110142456
S250C,0.492858304605081
S250D,0.0721818228084591
S250E,0.0190055821765741
S250F,0.0665795012099932
S250G,0.0352366926958182
S250H,0.086527026508079
S250I,0.0985352825032605
S250K,0.0339091812703541
S250L,0.0152019582017621
S250M,0.0403139947078478
S250N,0.0840707973456921
S250P,0.00854497794074524
S250Q,0.0127196066688341
S250R,0.0966254358887073
S250T,0.0305316309564743
S250V,0.0311095590029232
S250W,0.0206212260341802
S250Y,0.0321562823313694
A252D,0.000342737163862734
E253A,0.0732562898213044
E253D,0.0736439033822477
E253F,0.032064132287898
E253G,0.0806305580367022
E253I,0
E253L,0
E253M,0.0527919286254635
E253N,0
E253P,0
E253Q,0.04772816025653
E253R,0.0533557776561943
E253T,0
E253V,0.00150300620099522
E253Y,0.674849784246853
A254C,0.134769556022571
A254D,0
A254E,0
A254F,0
A254G,0
A254H,0.15080162216652
A254I,0.0265531095509155
A254K,0.0883906596872878
A254L,0.175156159135177
A254M,0.0253627904744845
A254N,0
A254P,0.0287909096152027
A254R,0.41882481424026
A254S,0.0937451076894138
A254T,0.0114482004561863
A254V,0.0430861777618629
A254W,0
A254Y,0
S255A,0
S255C,0
S255D,0
S255E,0
S255F,0.0749823606599221
S255H,0.106713440270661
S255I,0.652546421848458
S255L,0.0390781612258757
S255M,0
S255P,0.0102530855917905
S255Q,0.0623283789249747
S255T,0
S255V,0.0701067109250195
S255Y,0
K256C,0
K256D,0
K256E,0.0414312207012161
K256G,0.018177884252298
K256H,0
K256I,0
K256L,0.137561035525617
K256M,0
K256N,0
K256P,0.00948381133797514
K256Q,0.0395944025953062
K256R,0.0515953650362899
K256S,0
K256T,0.0250501033499203
K256V,0.0249755277334102
K256W,0.0212601732411278
K256Y,0
K257C,0
K257D,0.155686623743931
K257E,0.0135861302388806
K257F,0.0360721488238853
K257G,0.044659043172559
K257H,0.117171894909905
K257I,0.0289656145124837
K257L,0.0110220454739649
K257M,0.00442229519391707
K257N,0.0038665534462747
K257P,0
K257Q,0
K257R,0.0645988740417645
K257S,0.0101494961644036
K257T,0
K257V,0
K257W,0.0661270953698543
K257Y,0.0131105028878632
P258A,0
P258C,0
P258D,0.013385172842598
P258E,0.0247509193852789
P258F,0.0279588945381166
P258G,0
P258H,0.0291658726328716
P258I,0.0587211148566703
P258K,0
P258L,0.128962324611974
P258M,0.0766869648132045
P258N,0
P258Q,0.0499706856900649
P258R,0.0353873836425616
P258S,0.0545813697470758
P258T,0.262024081040167
P258V,0.51552131112177
P258W,0.112514741582542
P258Y,0.0218160342073605
R259A,0.0501538190701333
R259C,0.0298429162330139
R259D,0.0851061317551313
R259E,0.114350396187238
R259F,0.106925028591794
R259G,0.280646081878609
R259H,0.048591803569097
R259I,0.0721963932426614
R259K,0.0693559301510994
R259L,0.148120713292697
R259M,0.031285480937409
R259N,0.0368652212960636
R259P,0.0576620413467133
R259Q,0.0461774346733263
R259S,0.0449916130293309
R259T,0.121512840167813
R259V,0.597754705294384
R259W,0.0455748756438789
R259Y,0.116114781852996
Q260A,0.014608381924326
Q260C,0.0355803839039143
Q260D,0.0230792240079777
Q260E,0.0163985661168669
Q260F,0.0210592253301839
Q260G,0.0610762835068083
Q260H,0.0703982410752269
Q260I,0.0816918678743988
Q260K,0.0474559930916857
Q260L,0.0220747642221907
Q260M,0.105997287232368
Q260N,0
Q260P,0.0591182439058119
Q260R,0.0525948570754526
Q260S,0.139207729174563
Q260T,0
Q260V,0
Q260W,0.0519566132991113
Q260Y,0.1514319336285
K261A,0.0191459205789777
K261C,0.00621935129064041
K261D,0.0727268904123986
K261E,0.0385998983923313
K261F,0.0290313533572828
K261G,0.00876424849845367
K261H,0.00866413276636981
K261I,0.0283134251498253
K261L,0.0610963188626274
K261M,0.0246996462942736
K261N,0.0194719223173367
K261P,0.089975781111349
K261Q,0.0197749904019895
K261R,0.00732379464393148
K261S,0.0275932476682524
K261T,0.0508048085262863
K261V,0.0214451438564927
K261W,0.0208312931451551
K261Y,0.06681915460336
R262A,0.0891781029766807
R262C,0.38472871178457
R262D,0.155826283706858
R262E,0.112707044887983
R262F,0.106470746152028
R262G,0.0899905759376086
R262H,0.181723509412496
R262I,0.0183272341581213
R262K,0.0854901079517184
R262L,0.0168092313874592
R262M,0
R262N,0.309405711865315
R262P,0.0251767991349492
R262Q,0.017862370286849
R262S,0.163212604075163
R262T,0.0407536895381024
R262V,0.079605911128971
R262W,0.0719936558528742
R262Y,0.106004159176551
T263A,0.23580182677529
T263C,0.0662509972289864
T263D,0.0203428586944131
T263E,0.0199633571005085
T263F,0.00813157426956351
T263G,0.0610555660716981
T263H,0.00356790204201861
T263I,0.0644606411829866
T263K,0.0877678658540489
T263L,0.0148988722912294
T263M,0.0162439889338693
T263N,0.0565766612378174
T263P,0.0376190632414107
T263Q,0.273752788545649
T263R,0.205482748258601
T263S,0
T263V,0.0655391677223308
T263W,0.050651537506639
T263Y,0.0159516365650917
A264C,0.100166099274055
A264D,0.118231898963544
A264E,0.270459398691074
A264F,0.164420684767176
A264G,0.14175949267387
A264H,0.294538454664554
A264I,0
A264K,0.203493407429379
A264L,0
A264M,0.0658590994534629
A264N,0.126108783640542
A264P,0.075395745709016
A264Q,0.152354274063651
A264R,0.399157749337431
A264S,0.044053571661936
A264T,0.0689427819494967
A264V,0
A264W,0.166992689239672
A264Y,0.169505113317344
T265A,0.0580567647714211
T265C,0.12703253097999
T265D,0.0591576791437989
T265E,0.219897422437019
T265F,0.23277319867121
T265G,0.0355529025109508
T265H,0.0855781633402706
T265I,0.0599192141461645
T265K,0.0221416778131465
T265L,0.0580681055388586
T265M,0.0121473670299706
T265N,0.0930929601388797
T265P,0.0841683472557323
T265Q,0.178910047534111
T265R,0.108006349564874
T265S,0.058100703550737
T265V,0.0211862300243774
T265W,0.11552513136264
T265Y,0.301061027387247
K266A,0.0249618687494724
K266C,0.0819352827538467
K266D,0.053422953052607
K266E,0.0133569713661213
K266F,0.0353280001608741
K266G,0.0369781559245961
K266H,0.0484794788056392
K266I,0.0252658162623476
K266L,0.026195525193211
K266M,0.225870180634379
K266N,0.0141918893358017
K266P,0.00974132600545808
K266Q,0.112962097128453
K266R,0.0563702729015653
K266S,0.0207062977369001
K266T,0.0266574357999907
K266V,0.0658813215453903
K266W,0.0464541451097089
K266Y,0.0231696244947308
A267C,0.146619383360655
A267D,0.0798638606766424
A267E,0.0492019819146689
A267F,0.112805204418394
A267G,0.0418646947970018
A267H,0.0147572954456854
A267I,0.0879451084376228
A267K,0.0890407528960436
A267L,0.0434816774409109
A267M,0.0836445057089081
A267N,0.147601393578631
A267P,0.336890421531778
A267Q,0.133203890421213
A267R,0.130073744496451
A267S,0.0189115485809989
A267T,0.0113058265759972
A267V,0.0612271815222105
A267W,0.0967783564189971
A267Y,0.047213521637453
Y268A,0.055488121031527
Y268C,0.064128264575796
Y268D,0.0691148692627561
Y268E,0.064591399897856
Y268F,0.0210267728084611
Y268G,0.0624514429967206
Y268H,0.0212675340243224
Y268I,0.216558075506637
Y268K,0.0445891839628582
Y268L,0.022027791033243
Y268M,0.022407453984131
Y268N,0.0760189739749843
Y268P,0.0639422571785458
Y268Q,0.046486379497741
Y268R,0.0575199477138953
Y268S,0.0841775952874666
Y268T,0.00851532897258961
Y268V,0.0679449749926909
N269A,0.0512855701810199
N269C,0.222697960892212
N269D,0.0448015648469241
N269E,0.0635810295989297
N269F,0.206201070831808
N269G,0.131143231317527
N269H,0.0151329795642842
N269I,0.3431125268081
N269K,0.0243927794919361
N269L,0.298829433952882
N269M,0.0386053510607794
N269P,0.152293711903669
N269Q,0.0327396937301706
N269R,0.0372253725516601
N269S,0.236067180113664
N269T,0.208963483855678
N269V,0.22945894668527
N269W,0.395123508468253
N269Y,0.175100906603788
V270A,0.070914049299904
V270C,0.150671552405676
V270D,0.0828461357479466
V270E,0.127240461338769
V270F,0.0242307187737707
V270G,0.0362064813586243
V270H,0.109538009669004
V270I,0.0569144950463011
V270K,0.121141577912271
V270L,0.0341818238479953
V270M,0.118019738496323
V270N,0.136077881650252
V270P,0.055378769826945
V270Q,0.178692387433868
V270R,0.395836495960181
V270S,0.2410718152777
V270T,0.0337906463658805
V270W,0.00769805203639676
V270Y,0.304802290339591
T271A,0.315018106818476
T271C,0.270894428538166
T271D,0.326926833830627
T271E,0.0383729457606061
T271F,0.40218496018476
T271G,0.19254855612238
T271H,0.242102830380838
T271I,0.120453237286905
T271K,0.207397524714218
T271L,0.104935838754667
T271N,0.375176952128528
T271P,0.0539937516003691
T271Q,0.124243718873125
T271R,0.431968820969075
T271S,0.0356677754935873
T271V,0.101598780975668
T271W,0.228354268130527
T271Y,0.413703865490193
Q272A,0.0427437023815352
Q272C,0.0469419063732801
Q272D,0.0702984868686699
Q272E,0.0195774837059361
Q272F,0.052680718186666
Q272G,0.064128264575796
Q272H,0.0868144850590989
Q272I,0.188136526016703
Q272K,0.0638367133917321
Q272L,0.0444073742086678
Q272M,0.0444762520315123
Q272N,0.0174222273338636
Q272P,0.114545047536893
Q272R,0.029437164573185
Q272S,0.0707221116977819
Q272T,0.208537416201893
Q272V,0.0539998071902085
Q272W,0.0385723424097942
Q272Y,0.0648741510611928
A273C,0.0508225215229821
A273D,0.159005384505621
A273E,0.107853531227905
A273F,0.0111054126912547
A273G,0.100308014658002
A273H,0.00350701446898884
A273I,0.0540699134211196
A273K,0
A273L,0.0438554057783723
A273M,0.0854466237268847
A273N,0.0205410847469347
A273P,0.0460921901638534
A273Q,0.000305338448430688
A273R,0.634268616819982
A273S,0.0446411725247187
A273T,0.0192293430865978
A273V,0.0221784924329994
A273W,0.0904060378511982
A273Y,0.0162770913388326
F274A,0.0445387607374175
F274C,0.0281281713815685
F274D,0.0823327293759152
F274E,0.0110756707772353
F274G,0.113006078536627
F274H,0.0359753002473232
F274I,0.0355052703518193
F274K,0.172209045818214
F274L,0.122076034853306
F274M,0.0772773949565634
F274N,0.0434923699440306
F274P,0.221442913613296
F274Q,0.0793949052005123
F274R,0.0636330504500062
F274S,0.0465897147178073
F274T,0
F274V,0.0132319533719323
F274W,0.016640304100463
F274Y,0.0725950807350793
G275A,0.0230460950819267
G275C,0.0538143100388211
G275D,0.442109554583901
G275E,0.0260782445901204
G275F,0.0371229802934767
G275H,0.144074267500696
G275I,0.0814350446757444
G275K,0.0460921901638534
G275L,0
G275M,0.409013298484922
G275N,0.0284053343070806
G275P,0.0596192459728104
G275Q,0.0314049341088101
G275R,0.00485580017260108
G275S,0.0295526295545912
G275T,0.0700831386836643
G275V,0.0117057547202752
G275W,0.122980480999319
G275Y,0.0337338429754794
R276A,0.347769320119003
R276C,0.0242385598307268
R276D,0.0210683529417175
R276E,0.0262806348649007
R276F,0
R276G,0.060327707519212
R276H,0.190408571813458
R276I,0.083130899094906
R276K,0.0390169109922049
R276L,0.0901625793774907
R276M,0.0218278158956904
R276N,0.0209386552519047
R276P,0.024523263908321
R276Q,0.0149191422355633
R276S,0.0147386801010083
R276T,0.198115498403793
R276V,0.0368675366174898
R276W,0.0567983620956391
R276Y,0.149554210939956
R277A,0.0412379202237146
R277C,0.135749248432852
R277D,0.154701039473659
R277E,0.0626540465693916
R277F,0.0280561157519108
R277G,0.0869226763431951
R277H,0
R277I,0.0248291392102378
R277K,0
R277L,0
R277M,0.0524898940326468
R277N,0.0127611899617577
R277P,0.0243507183183702
R277Q,0
R277S,0.0333264875840189
R277T,0.115538141299489
R277V,0.26299706220722
R277W,0.118285384536957
R277Y,0.0277898556490718
G278A,0
G278C,0.0205410847469347
G278D,0.199954014556395
G278E,0.000457696737362497
G278F,0.050395159872486
G278H,0
G278I,0.0622336743634672
G278K,0.0501992150395845
G278L,0.0543519096472875
G278M,0.0185370206569837
G278N,0.0673888859279886
G278P,0.0213321696491211
G278Q,0.0228240490201939
G278R,0.0747922205492871
G278S,0.105034581727634
G278T,0.406769620260453
G278V,0.0800092227610046
G278W,0.0428361487356947
G278Y,0.0728085617445848
P279A,0.0129752956936984
P279C,0.293691070316457
P279D,0.0179061517248286
P279E,0.0717909155579642
P279F,0.0395271466848251
P279G,0.0325631295755595
P279H,0.181174036021048
P279I,0
P279K,0.089678382987482
P279L,0.039642585620519
P279M,0.0468666005066581
P279N,0.0255918737432863
P279Q,0.0321134297222416
P279R,0.0766795136737127
P279S,0.0442653649694985
P279T,0.0592483041936606
P279V,0.0119899011610636
P279W,0.0600532886618173
P279Y,0.00951262687553754
E280A,0.0567020943411756
E280C,0.131266369649605
E280D,0.201949215105459
E280F,0.0444853401706681
E280G,0.0583320025874597
E280H,0.0296377683721301
E280I,0.0174750025280656
E280K,0.0970179829300824
E280L,0.0457340620263149
E280M,0.0387931996656836
E280N,1
E280P,0.0932380470449117
E280Q,0.113256557268681
E280R,0.0465088897466537
E280S,0.0283248315177328
E280T,0.124540364931092
E280V,0.0509726575794216
E280W,0.10466392696322
E280Y,0.0503308844197662
Q281A,0.0866682783070958
Q281C,0.0705272841405606
Q281D,0.0318454559140006
Q281E,0
Q281F,0.0489425645209078
Q281G,0.0890866913963296
Q281H,0.0725371705345982
Q281I,0.0268864610527493
Q281K,0.164382258922669
Q281L,0.078858167447063
Q281M,0.0535753200865179
Q281N,0.0534266522761306
Q281P,0.0296577208308587
Q281R,0.11687152700296
Q281S,0.0468639235885674
Q281T,0.070813926191504
Q281V,0.0299700450229217
Q281W,0.0773256131612174
Q281Y,0.524038074866804
T282A,0.0183476974496562
T282C,0.096848426407735
T282D,0.0683160851869394
T282E,0.128544868922653
T282F,0.145765236817169
T282G,0.0317279806357287
T282H,0.30300187962039
T282I,0.0702304161530224
T282K,0.0568378601523701
T282L,0.132008147002515
T282M,0.094900159701613
T282N,0.143240355693273
T282P,0.033999848852282
T282Q,0.0181023043333565
T282R,0.0448143754103569
T282S,0.185873856496064
T282V,0.105422266057164
T282W,0.0590333371481474
T282Y,0.0846106617212209
Q283A,0
Q283C,0.00952205268735583
Q283D,0
Q283E,0.142835197032971
Q283F,0.0609127998410293
Q283G,0.000701257183065729
Q283H,0.0174202170533947
Q283I,0.0175098665490972
Q283K,0.0104125046927225
Q283L,0.0788036334150635
Q283M,0.0698147381794167
Q283N,0.0579125989781576
Q283P,0.0235093621693778
Q283R,0.0798899141439837
Q283S,0.0239520497447565
Q283T,0.0365604896879165
Q283V,0.0215704134070685
Q283W,0.0536469761424167
Q283Y,0.198047025821518
G284A,0.329729037320739
G284C,0.00869834886871308
G284D,0.0749397826699971
G284E,0.18236475238742
G284F,0.0428087708670951
G284H,0.00941583110095748
G284I,0.0166821730899913
G284K,0.026899804002169
G284L,0.12256843443656
G284M,0
G284N,0.0376493703521891
G284P,0.0355849862346499
G284Q,0.07106499623608
G284R,0.0127896627691995
G284S,0.0281221194156901
G284T,0.117210357510953
G284V,0.0939098242090827
G284W,0.0056406089302061
G284Y,0.0278010437943808
N285A,0.0219474162758877
N285C,0.00200400826799363
N285D,0.224689721626069
N285E,0.124455862234789
N285F,0.075150310049761
N285G,0.0103208151270045
N285H,0.198303923223085
N285I,0.0189673769431592
N285K,0
N285L,0.0224947493669908
N285M,0.141319461755743
N285P,0.0331330080399036
N285Q,0.0131820214724156
N285R,0.0339705024969224
N285S,0.0621374630543377
N285T,0.0132041290325971
N285V,0.0414217670773533
N285W,0.155903388029515
N285Y,0.0444667000162088
F286A,0.122264671017614
F286C,0.214428884675318
F286D,0.0130106873944261
F286E,0.0588309652051846
F286G,0.466103885932173
F286H,0.164227987326575
F286I,0.0123812974174526
F286K,0.168301110546592
F286L,0.0872338396545113
F286M,0.0406226874690864
F286N,0.0515658284370867
F286P,0.398354849445419
F286Q,0
F286R,0.424597583333556
F286S,0.0129404864666968
F286T,0.00386767217593336
F286V,0.225813672327127
F286W,0.0131532003723476
F286Y,0.0844882454932743
G287A,0.0245491012829219
G287C,0.015833157639678
G287D,0.0480705141486655
G287E,0.127632785498383
G287F,0.805952550035504
G287H,0.0228121841532626
G287I,0.0380061247485124
G287K,0.198452066810179
G287L,0
G287M,0.0454452627418541
G287N,0.0515179682826548
G287P,0.0442583118520718
G287Q,0.196908306606023
G287R,0.275161279097044
G287S,0.348400368279826
G287T,0.0094480284515994
G287V,0.0118791453875213
G287W,0.0273334272761988
G287Y,0
D288A,0.044485223203853
D288C,0.114489987718821
D288E,0.0655844161069063
D288F,0
D288G,0.0654344415422052
D288H,0.0290581198859076
D288I,0.126342136152317
D288K,0.0912427135444367
D288L,0.840715222001738
D288M,0.184003421636603
D288N,0.0729396513642904
D288P,0
D288Q,0.0239763984082848
D288R,0.263044140469388
D288S,0.0229606701647585
D288T,0
D288V,0.0328138924386759
D288W,0.0807903932222464
D288Y,0.0256957846853062
Q289A,0.0901388145041914
Q289C,0.0541642613750639
Q289D,0.0226239428692873
Q289E,0.221692890577422
Q289F,0.0477347724356382
Q289G,0.0592423074635633
Q289H,0.0620544185380802
Q289I,0.038714849350782
Q289K,0.156402990080427
Q289L,0.0602232248203827
Q289M,0.0590912798349307
Q289N,0.599480645929077
Q289R,0.0887705481392286
Q289S,0.223497545054656
Q289T,0.0530932070315281
Q289V,0.039365811392234
Q289W,0.163635976384685
Q289Y,0.0608460763621596
E290A,0.0587816625889564
E290C,0.0108539019588341
E290D,0.200109541243856
E290F,0.0357142480105115
E290G,0.0460921901638534
E290H,0.058338470968903
E290I,0.0183368858958044
E290K,0.0464371718051937
E290L,0.0424501243023295
E290M,0.0637251699897953
E290N,0.010556137922848
E290P,0.170055104446686
E290Q,0.0095169478650071
E290R,0.0471280651679033
E290S,0.0679389997068768
E290T,0.328445641440426
E290V,0.0554360318656459
E290W,0.248094664280795
E290Y,0.047551727977565
L291A,0
L291C,0.113157219727231
L291D,0.0294242759728393
L291E,0.260170419972356
L291F,0.103801757352075
L291G,0.090520901933456
L291H,0.109538262398704
L291I,0.0355793749692419
L291K,0.0248004611771074
L291M,0.0175274631633115
L291N,0
L291P,0.0702265394850181
L291Q,0
L291R,0.0955533930849311
L291S,0.0847925526396942
L291T,0
L291V,0.0838728643694612
L291W,0.0200756033266627
L291Y,0.0435462532983187
I292A,0.0075150310049761
I292C,0.027005885950236
I292D,0.0317773813909622
I292E,0.0839188869492673
I292F,0.0244341900574492
I292G,0.490398401309208
I292H,0
I292K,0.0216233745758091
I292L,0.0524802201993621
I292M,0.0577635418475648
I292N,0.071743473860217
I292P,0.589559305931838
I292Q,0.0466281592330304
I292R,0.05331903196944
I292S,0.00966129425962373
I292T,0.00457982945244627
I292V,0.0260048985852671
I292W,0.0552246383955662
I292Y,0.253745459265775
R293A,0.0363127040444223
R293C,0.0631438700944989
R293D,0.0893138650842786
R293E,0.0227933037824116
R293F,0.0208902183745343
R293G,0.0342014846501835
R293H,0.0293300676976005
R293I,0.0184094549057977
R293K,0.0163153448811026
R293L,0.306678171649029
R293M,0.331478378914459
R293N,0.0428361487356947
R293P,0.0638818684618518
R293Q,0.0356378944586825
R293S,0.0675128510217216
R293T,0.0447528130977326
R293V,0.0423707891316742
R293W,0.0185968036345192
R293Y,0.0389446103957596
Q294A,0.0120412371818887
Q294C,0.0851547380214418
Q294D,0.0197054352052981
Q294E,0.155169263124045
Q294F,0.11623247954363
Q294G,0.0624378106352885
Q294H,0.0354207943064341
Q294I,0.0259164554847145
Q294K,0.105868235139895
Q294L,0.0537297110718853
Q294M,0.209673194675697
Q294N,0.0546370313288765
Q294P,0.105711436136664
Q294R,0.0625383639119468
Q294S,0.0451965633725063
Q294T,0.211923874340326
Q294V,0.0154470510775143
Q294W,0.109528701887295
Q294Y,0.161416783996556
G295A,0.0170726486934899
G295C,0.0903807728865125
G295D,0.0422004007037841
G295E,0.0661628849446369
G295F,0.032499729550097
G295H,0.21200767605508
G295I,0.109234959644774
G295K,0.244942826440567
G295L,0.252075394540044
G295M,0.0955764724662396
G295N,0.031682424569731
G295P,0.0716784671145754
G295Q,0.102856939523645
G295R,0.0271646842455076
G295S,0.0553671701339942
G295T,0.137468619646862
G295V,0.0607634099368188
G295W,0.0102041407806476
G295Y,0.0925971034160323
T296A,0.00905619630949529
T296C,0.827010135009449
T296D,0
T296E,0.0743415035968141
T296F,0.0256213914754009
T296G,0.0983541102843827
T296H,0.0890758392248817
T296I,0.0236453427289757
T296K,0.0313659379463639
T296L,0.0888278493869734
T296M,0.0343835148063946
T296N,0.0149591675114646
T296P,0.0519247940528329
T296Q,0.0180549168337744
T296R,0.0333586776559682
T296S,0.0337456973176967
T296V,0.0222727399205503
T296W,0.121340640228903
T296Y,0.0712512687306137
D297A,0.0499199876722469
D297C,0.108694804042149
D297E,0.0551879355436407
D297F,0.0107710202110009
D297G,0.0398480990641389
D297H,0.0312215442066539
D297I,0.134769556022571
D297K,0.00863914059754192
D297L,0.0691207003433355
D297M,0.0965134947017061
D297N,0.0978434848646452
D297P,0.133836906449339
D297Q,0.0716616348486041
D297R,0.0354447399487666
D297S,0.0816109998186161
D297T,0.00495207147254447
D297V,0.0718688617367878
D297W,0.00993717818536224
D297Y,0.0903558147370452
Y298A,0.0295632832093623
Y298C,0
Y298D,0.0352095208939903
Y298E,0.0707369145589269
Y298F,0.0127071610769731
Y298G,0
Y298H,0.0168048397687616
Y298I,0.109259383833234
Y298K,0.340523522921053
Y298L,0.0562005494146656
Y298M,0
Y298N,0.116552408720453
Y298P,0.0429921537259352
Y298Q,0.0452124828968589
Y298R,0.467549677929074
Y298S,0.125873065084747
Y298T,0.0154909703587846
Y298V,0.210630519577673
Y298W,0.0529201213860132
K299A,0.0144205730925697
K299C,0.722320246613487
K299D,0.0255756608660643
K299E,0.0226063999701767
K299F,0.0664480693511429
K299G,0.00808430088225437
K299H,0.0232158401056998
K299I,0.0843678588979939
K299L,0.075034847446213
K299M,0.0162987023096122
K299N,0.0406138562355018
K299P,0.11733755572224
K299Q,0.0083805277561012
K299R,0.0792204836278147
K299S,0.0364008458416182
K299T,0.0562321686749265
K299V,0.0411139244058104
K299W,0.142349212121393
K299Y,0.0349583370535951
H300A,0.0413456833857632
H300C,0.0855360300024921
H300D,0.0293300371951191
H300E,0.0374370391609343
H300F,0.0123638348841329
H300G,0.0161307024221921
H300I,0.10090277723903
H300K,0.0358903717178279
H300L,0.119849823746333
H300M,0.0517955222072563
H300N,0.0532279694955457
H300P,0.042092357629065
H300Q,0.0880252272072965
H300R,0.109128265080134
H300S,0.0352418294889154
H300T,0.0238895095492407
H300V,0.0199738146051651
H300W,0.0860122181653609
H300Y,0.0892696575945487
W301A,0.0564528835107261
W301C,0.132861768826111
W301D,0.0840964827271805
W301E,0.582665403919147
W301F,0.120489677941667
W301G,0.0450967320359716
W301H,0.0779837448267796
W301I,0.0713749554269905
W301K,0.0276351435508142
W301L,0.107434347119465
W301M,0.0698475688391699
W301N,0.0180746600001786
W301P,0.0161326297035361
W301Q,0
W301R,0.137494488545282
W301S,0.0220189759479392
W301T,0.0282873044152296
W301V,0.0494857175092198
W301Y,0.158841768196861
P302A,0.067964605770523
P302C,0.00281305868380283
P302D,0.0351002177703507
P302E,0.159296293004577
P302F,0.00848009044100163
P302G,0.265159897464443
P302H,0.0244134780225105
P302I,0.0790762932517641
P302K,0.0337696629674931
P302L,0.00914169339188036
P302M,0.0322920619949912
P302N,0.0121781893743353
P302Q,0.0063234420523158
P302R,0.0842934677803042
P302S,0.121025180474296
P302T,0.0792584008021537
P302V,0.0271981071625872
P302W,0.0375958671980707
P302Y,0.0104363041966409
Q303A,0.0410608836664341
Q303C,0.0380069939862603
Q303D,0.0109688843886755
Q303E,0.0236297871190063
Q303F,0.0173427837068679
Q303G,0.0299578863993046
Q303H,0.0272545408311047
Q303I,0.0121186814664834
Q303K,0.0180703335687733
Q303L,0.00835942505987095
Q303M,0
Q303N,0.0447324482853903
Q303P,0.203128703412545
Q303R,0.0360612089790566
Q303S,0.028587487347334
Q303T,0.00891101040640865
Q303V,0.0348278081345181
Q303W,0.0305441674338297
Q303Y,0.0296435467308484
I304A,0.148560016504059
I304C,0.0541082232358279
I304D,0.0518711030908955
I304E,0.00753329290077379
I304F,0.106968439511944
I304G,0.228527230391463
I304H,0.310102159541179
I304K,0.143809427718525
I304L,0.103571234020633
I304M,0.00895267696351435
I304N,0.0603140467402442
I304P,0.0490982025658438
I304Q,0.0211919672196586
I304R,0.186130250552115
I304S,0.125922934968843
I304T,0.0321900948397396
I304V,0.00968076531493976
I304W,0.0129305624109378
I304Y,0.0125799440753443
A305C,0.127322901301751
A305D,0.00658285284462355
A305E,0.0112939391326506
A305F,0.0308161554637825
A305G,0.0415831715608677
A305H,0.0223453350347412
A305I,0.0762548206200345
A305K,0.0108726423931797
A305L,0.0732013917442287
A305M,0.0495780592892794
A305N,0.0151074276723378
A305P,0.0625867033885819
A305Q,0.0155612951746621
A305R,0.0293129859921234
A305S,0.0209187829930133
A305T,0.00990848510721203
A305V,0.0206782998195191
A305W,0.0560059910796442
A305Y,0.0336993941787513
Q306A,0.038825430854884
Q306C,0.101698601402439
Q306D,0.126650024592486
Q306E,0.0154749195151754
Q306F,0.134168964952847
Q306G,0.00527652504567968
Q306H,0.0343986884563303
Q306I,0.0460921901638534
Q306K,0.0504515337866575
Q306L,0.0105033159360441
Q306M,0.0159570342493474
Q306N,0.137422713307575
Q306P,0.100189961578174
Q306R,0.0328591471170355
Q306S,0.0625193644593104
Q306T,0.0136372348515346
Q306V,0.289121827177837
Q306W,0.0904273428037526
Q306Y,0.140336497592589
F307A,0.138777572558559
F307C,0.085075734073048
F307D,0.141235554669008
F307E,0.149799618032523
F307G,0.0435871798288614
F307H,0.0184064396754738
F307I,0.0824797879208263
F307K,0.0922292655904652
F307L,0.118066933806305
F307M,0.301118150105244
F307N,0.0505202804243547
F307P,0.00650713129596282
F307Q,0.04232837664764
F307R,0.125445757803707
F307S,0.0473556432090152
F307T,0.0728832621266564
F307V,0.0574864257516484
F307W,0.116535804442398
F307Y,0.170851238276101
A308C,0.082912329648939
A308D,0.215289231536867
A308E,0.494539355849785
A308F,0.0568638584261228
A308G,0.0895992912501179
A308H,0.0156115867618158
A308I,0.141282582893551
A308K,0.0872359689443267
A308L,0.0374747609126341
A308M,0.0298706138227742
A308N,0.0357596788774125
A308P,0.0275886570120088
A308Q,0.0605889297677312
A308R,0.448504968077315
A308S,0.00781026003560782
A308T,0.0767003259145286
A308V,0.0354505090699794
A308W,0
A308Y,0.0788687607412799
P309A,0.202404835067356
P309C,0.142284587027547
P309D,0.345931134325309
P309E,0.0252315749326756
P309F,0.21489399023718
P309G,0.0964175422138858
P309H,0.350477366445055
P309I,0.606788534724251
P309K,0.0116857315724119
P309L,0.0723034233510897
P309M,0.142815790227339
P309N,0.249499029365206
P309Q,0.055731373431702
P309R,0.0614897251173794
P309S,0.181362748253423
P309T,0
P309V,0
P309W,0.759826449448885
P309Y,0.677569244390536
S310A,0.036879294713005
S310C,0.282457192949283
S310D,0
S310E,0.0207485151972734
S310F,0.123039982003942
S310G,0.0132629431055481
S310H,0.0845597962653979
S310I,0.0225257236108133
S310K,0.0237585212107562
S310L,0.186807440216579
S310M,0.0391867267522707
S310N,0.045591188096855
S310P,0.0215563721643863
S310Q,0.0203100858359277
S310R,0.195354932960099
S310T,0.175230367365287
S310V,0.0653129547242621
S310W,0.262129193553294
S310Y,0.0758829865516834
A311C,0.0671044765819868
A311D,0.0202535697981916
A311E,0.0308767070984843
A311F,0.27395571162884
A311G,0.0677265574320097
A311H,0.0516741544391
A311I,0.20614615894478
A311K,0.152932872586912
A311L,0.114276921210521
A311M,0.043935721877118
A311N,0.0226899589294332
A311P,0.00459250443172315
A311Q,0.22758562080619
A311R,0.104318832467883
A311S,0.0771301391054172
A311T,0.0593713484954631
A311V,0.0568862545518513
A311W,0.0304945769698974
A311Y,0.24597383185826
S312A,0.0657733587938145
S312C,0
S312D,0.220047869262171
S312E,0.0433062519247311
S312F,0.0771543183177546
S312G,0.0217069530416626
S312H,0.00808009549644293
S312I,0.0392366584677188
S312K,0.158035090592065
S312L,0.168456280904478
S312M,0.024688176758033
S312N,0.117115602972176
S312P,0.0263929871834296
S312Q,0.0374905345538082
S312R,0.140781580826552
S312T,0.0216139477390129
S312V,0.0548335231289397
S312W,0
S312Y,0.014529337327733
A313C,0.0070136497948739
A313D,0.0784786622969473
A313E,0.0415252298107357
A313F,0.115321917238245
A313G,0.233590277930182
A313H,0.0253045718252104
A313I,0
A313K,0.0287249625547122
A313L,0.0475951963648486
A313M,0.0375638033767297
A313N,0.346693430362897
A313P,0.02363020348091
A313Q,0
A313R,0.0620146784996932
A313S,0.0129169068630768
A313T,0.0883555498214984
A313V,0.0598485715757275
A313W,0.0249208952176695
A313Y,0.868976819089209
F314A,0.0404401359033902
F314C,0.0270164226176003
F314D,0.00514745977108912
F314E,0.515030124874362
F314G,0.0230911698615377
F314H,0.00616556105102386
F314I,0.0460701667198842
F314K,0.458601861266678
F314L,0
F314M,0.0251012130383969
F314N,0.16377663041486
F314P,0.03456914262289
F314Q,0.0833591377814606
F314R,0.0105616759802513
F314S,0.0436154004037776
F314T,0.0483305201112895
F314V,0.14283374250495
F314W,0.0962980158567445
F314Y,0.0546872844170708
F315A,0.052916080432201
F315C,0.218719083463379
F315D,0.0280561157519108
F315E,0.279058151318112
F315G,0
F315H,0.0216344185533812
F315I,0.0271244514446256
F315K,0
F315L,0.283509213931768
F315M,0.00819963203285464
F315N,0.104957891584691
F315P,0.017040242591513
F315Q,0.374485810800766
F315R,0.0465931922308518
F315S,0.0427313492549438
F315T,0.00100200413399681
F315V,0.102874074058566
F315W,0
F315Y,0.0376133585381355
G316A,0.063546059496303
G316C,0.0946353152124631
G316D,0.0406669392714931
G316E,0.0215430888809315
G316F,0.121569596601901
G316H,0.0264672549949266
G316I,0.218436901211305
G316K,0.122077563808075
G316L,0.263922045240252
G316M,0.126604492770104
G316N,0.232965961154259
G316P,0.12575084139445
G316Q,0.203441283093459
G316R,0.384971059340847
G316S,0.0232113747517924
G316T,0.367362636537303
G316V,0.150589718794888
G316W,0.357961201923975
G316Y,0.0361217309704402
M317A,0.324148337347969
M317C,0.118065813357869
M317D,0.185124576505663
M317E,0.0903399279651787
M317F,0.0075150310049761
M317G,0.292928929018946
M317H,0.100611495144355
M317I,0.00827163736044073
M317K,0.0181786946028222
M317L,0.138881688743443
M317N,0.0520090735760998
M317P,0.131763543620581
M317Q,0.0364018151945903
M317R,0.0559883671475945
M317S,0.0538197607420534
M317T,0.00905752177711109
M317V,0.022792734583598
M317W,0.445158761769267
M317Y,1
S318A,0.010165823972547
S318C,0.141820903084563
S318D,0.055630799037902
S318E,0.176141486822067
S318F,0.733541771667337
S318G,0.0620425376260099
S318H,0.106212438203662
S318I,0.0280392846718565
S318K,0.146614822784173
S318L,0.113809260149844
S318M,0
S318N,0.0462638572416988
S318P,0.0639484555361629
S318Q,0.0733667172129666
S318R,0
S318T,0.26402808930816
S318V,0.0660742515370499
S318W,0.105618969718889
S318Y,0.22885547978875
R319A,0
R319C,0.039132843175238
R319D,0.181553843016499
R319E,0.0391919341334344
R319F,0.00657412207091638
R319G,0.0817761010036515
R319H,0.0660027110332884
R319I,0.0301213475757994
R319K,0.115177254130085
R319L,0.0314786736195916
R319M,0.0336517090088458
R319N,0.00709297242792373
R319P,0
R319Q,0.0281664785396107
R319S,0.0349086151139485
R319T,0.0774232869846494
R319V,0.0527297696449972
R319W,0.196388195066023
R319Y,0.182679878715858
I320A,0
I320C,0.099482388736034
I320D,0.131133042773692
I320E,0.00901803720597131
I320F,0.053101801020168
I320G,0.0664694684389156
I320H,0.336172386955931
I320K,0.00974204423343164
I320L,0.142543469557571
I320M,0.0282276036369992
I320N,0.0195390806129378
I320P,0.126470013465349
I320Q,0.0285571178189092
I320R,0.020301024445698
I320S,0.0460921901638534
I320T,0.149575967356328
I320V,0.029610242319424
I320W,0.0388390302743039
I320Y,0.0220926094047957
G321A,0
G321C,0.0624505824837363
G321D,0.658270326750798
G321E,0.511021111319336
G321F,0.192560559015532
G321I,0.928573308046791
G321K,0.13863533010425
G321L,0.2036750877025
G321M,0.129237572764829
G321N,0.4824170491053
G321R,0.313791642462367
G321S,0.185472552063171
G321T,0.144379510922325
G321V,1
G321W,0.65176091209403
G321Y,0.153492016760009
M322A,0.326770972844416
M322C,0.539471639697151
M322D,0.047246942458412
M322E,0.0805166790968485
M322F,0.104467162741077
M322G,0.108702390720297
M322H,0.130260537419586
M322I,0.289066072624624
M322K,0.087983869736333
M322L,0.223446921881289
M322N,0
M322P,0.0264664847151803
M322Q,0.430301963746985
M322R,0.161875583025587
M322S,0.324380846840573
M322T,1
M322V,1
M322W,0.262939960705876
M322Y,0.636436016878892
E323A,0.660233454664852
E323C,0.471094210581313
E323D,1
E323F,0.412015405742408
E323G,0.794459699032789
E323I,0.430129592382772
E323K,0.843706132671816
E323L,0.71696584029162
E323M,0.966254080611739
E323N,0.975106569962354
E323P,0.405050987135134
E323Q,0.178861923456891
E323R,1
E323S,0.497666885262118
E323T,1
E323V,0.563805626025702
E323W,0.501660920321613
E323Y,1
V324A,0.533481547710908
V324C,0.316251013740582
V324D,1
V324E,1
V324F,0.737777642872595
V324G,1
V324H,1
V324I,0.936956638317477
V324K,0.962044429876016
V324L,0.61457013001393
V324M,0.502505073199402
V324N,0.934571449532547
V324P,1
V324Q,1
V324R,0.399948208948823
V324S,0.446408301187933
V324T,0.450738295598366
V324W,0.430230286516038
V324Y,1
T325A,0.0664156877431569
T325C,0.0198228436244115
T325D,0.594788289213286
T325E,1
T325F,0.629532868781957
T325G,1
T325H,0.0484183070766742
T325I,0.0505147938041434
T325K,0.0209771021506197
T325L,0.37222214641819
T325M,0.0783611456239144
T325N,0.187901453306145
T325P,0
T325Q,0.305561033900777
T325R,0.27496667757422
T325S,0.0142942139349322
T325V,0.290679864562395
T325W,1
T325Y,1
P326A,0.545761112191372
P326C,1
P326D,0.572277124111858
P326E,0.723641045228292
P326F,0.540019118959377
P326G,0.420714613115426
P326H,1
P326I,1
P326K,0.851035473478401
P326L,0.720529127890904
P326M,0.755172419329657
P326N,0.937795043223733
P326Q,0.846247819813913
P326R,0.826021327888418
P326S,0.39885027607512
P326T,1
P326V,0.999636378527962
P326W,0.707358027181945
P326Y,0.552774052163351
S327A,1
S327C,1
S327D,1
S327E,1
S327F,0.434359360281815
S327G,1
S327H,0.836518907201278
S327I,0.661646253653482
S327K,0.433370046077394
S327L,0.454964482552572
S327M,0.807977599078418
S327N,0.0148765230752102
S327P,0.353176468754688
S327Q,1
S327R,0.129000411884897
S327T,0.0559532558068892
S327V,0.919827751321351
S327W,0.0847490303990616
S327Y,0.0356693279038963
G328A,1
G328C,1
G328D,1
G328E,1
G328F,0.138317396430387
G328H,0.572385404322461
G328I,1
G328K,0.114329158711748
G328L,0.139595109289389
G328M,0.792021904222621
G328N,0.793400639571688
G328P,0.0791430547597212
G328Q,0.677387539188644
G328R,0.750501096363613
G328S,1
G328T,0.228329957293046
G328V,0.727144070758225
G328W,0.133266549821576
G328Y,0.438222978887222
T329A,0.847984999478788
T329C,0.59188451641831
T329D,0.00888557832201581
T329E,0.186622485542506
T329F,0.315520804965845
T329G,0.517744235873085
T329H,0.581108845228301
T329I,0.437644322957483
T329K,0.532410768633265
T329L,0.572945756896653
T329M,0.114334883174283
T329N,0.593947591430389
T329P,0.691800673615435
T329Q,1
T329R,1
T329S,0.40409953013526
T329V,0.341820869848564
T329W,0.407995057002775
T329Y,1
W330A,1
W330C,0.583727738856195
W330D,0.84032630590393
W330E,0.309082764932743
W330F,0.0433290519420721
W330G,0.0652447490377901
W330H,1
W330I,1
W330K,1
W330L,0.14242157291138
W330M,0.263692133717651
W330N,0.10452597568676
W330P,0.0862570734440224
W330Q,1
W330R,1
W330S,0.789282585348476
W330T,0.824209719119569
W330V,0.687722966934866
W330Y,0.173608932023966
L331A,0.114127837548957
L331C,0.0751312297633086
L331D,0.0437682733118071
L331E,0.292096976963664
L331F,0.0325651343548964
L331G,0
L331H,0.104160822924355
L331I,0.0774292393513892
L331K,0.0826653410547371
L331M,0.196128200191871
L331N,0.0710879421791603
L331P,0.0546521620492666
L331Q,0.160380056254673
L331R,0.150205381777501
L331S,0.0858107047907447
L331T,0.0824662457707833
L331V,0.1795416825465
L331W,0.37711429232431
L331Y,0.0313126628117002
T332A,0.713872216880088
T332C,0.0746339008301533
T332D,0.283260651177294
T332E,0.340086781156843
T332F,0.720714601305428
T332G,0.231337793894069
T332H,0.691547443368862
T332I,0.0898760351579731
T332K,0.122646618239341
T332L,0.0149747459607827
T332M,0.0690907985428478
T332N,0.418779717245015
T332P,0.0233016838794926
T332Q,0.115110684199501
T332R,0.390609700281178
T332S,0.226502528427286
T332V,0.103019887900836
T332W,0.367144750899753
T332Y,0.17236299591785
Y333A,0.0593774961367271
Y333C,0.368476602898304
Y333D,0.0720878023976216
Y333E,0.120248938812998
Y333F,0.0486448788896204
Y333G,0.084757576745797
Y333H,0.118909533528174
Y333I,0
Y333K,0.111854808464797
Y333L,0.124518878012454
Y333M,0.319138316677985
Y333N,0.215256409008728
Y333P,0.450901860298566
Y333Q,0.00911610665525121
Y333R,0.0629621725233807
Y333S,0.689976321995031
Y333T,0.0450901860298566
Y333V,0
Y333W,0.196208678844673
T334A,0.0741812736181613
T334C,0.0965994875035514
T334D,0.0549191777854201
T334E,0.0302742170512892
T334F,0.331251591987933
T334G,0.0931185770494465
T334H,0.0844197936629496
T334I,0.0291172019037974
T334K,0.0343520367146638
T334L,0.0841282547256754
T334M,0.098710282531203
T334N,0.0472624990559749
T334P,0.0141776730946478
T334Q,0.12499929562392
T334R,0.129887684295626
T334S,0.012976516897999
T334V,0.0429281486979673
T334W,0.0111738678901685
T334Y,0.0450422178074087
G335A,0.00100200413399681
G335C,0.248202207513455
G335D,0.284773954752331
G335E,0.0284446238431891
G335F,0.110363571874229
G335H,0.336111004635654
G335I,0.115731477476632
G335K,0.458866203593062
G335L,0.182207281831364
G335M,0.0585091766835593
G335N,0.574740321169047
G335P,0.0215039023532923
G335Q,0.771842420271351
G335R,0.518224780226276
G335S,0.0421622897971468
G335T,0.372731805473238
G335V,0.308309768278267
G335W,0.297645088289846
G335Y,1
A336C,0.0259919012429852
A336D,0.35675266574212
A336E,0.206208179190459
A336F,0.242117081829372
A336G,0.0325457477206668
A336H,0.0720537708750203
A336I,0.300388060704958
A336K,0.123093492668368
A336L,0.332620805443174
A336M,0.484504308520304
A336N,0.122214529741086
A336P,0.0942224953206798
A336Q,0.108316727287831
A336R,0.030673425109762
A336S,0.0600490812230109
A336T,0.213008305372922
A336V,0.313740095900149
A336W,0.0437724112538376
A336Y,0.168308673598338
I337A,0.246627540856875
I337C,0.0162838731070067
I337D,0.064128264575796
I337E,0.0240480992159235
I337F,0.412092100146927
I337G,0.0438872237902802
I337H,0.143600273944629
I337K,0.0845716832075463
I337L,0.0867775699569156
I337M,0.0423914859655208
I337N,0.0309848698553286
I337P,0.089837502122641
I337Q,0.110837346010101
I337R,0.0494781626164071
I337S,0.0460921901638534
I337T,0.0622312516885075
I337V,0.0144345213229733
I337W,0.0179016192431232
I337Y,0.516459564425467
K338A,0.0383290902392512
K338C,0.0125215921924394
K338D,0.52722978597305
K338E,0.0559882732323751
K338F,0.0466932607875351
K338G,0.345190424161902
K338H,0
K338I,0.0470940815785495
K338L,0.0228716321661707
K338M,0.0657980107393938
K338N,0.0198526286159412
K338P,0.194410475424577
K338Q,0.0999909777857898
K338R,0.0221816664721778
K338S,0.0293647194772499
K338T,0.279286657573434
K338V,0.0537639273728064
K338W,0.0336884877261285
K338Y,0.0717321133292867
L339A,0.0651302687097928
L339C,0.055810417550601
L339D,0.00769389965053468
L339E,0.151503753309111
L339F,0.0472906854579514
L339G,0.165090371526181
L339H,0
L339I,0.0837961074972089
L339K,0.110012244917349
L339M,0.102523979869021
L339N,0.0903141394191307
L339P,0.0327453071210788
L339Q,0.0623851497302676
L339R,0.0938126048210174
L339S,0.0427631775377237
L339T,0.11623247954363
L339V,0.0387550594897554
L339W,0
L339Y,0.483734318794057
D340A,0.384156930165768
D340C,0.0593289792444912
D340E,0.0372592258969796
D340F,0
D340G,0.424882683283978
D340H,0.117590375592332
D340I,0.233032115230176
D340K,0.0416429922892661
D340L,0.192181943986784
D340M,0.416185391312751
D340N,0.161287924127328
D340P,0.239237030471598
D340Q,0.271441473708203
D340R,0.147789951331102
D340S,0.186794494209843
D340T,0.262001993263694
D340V,0.102209282004072
D340W,0.317139076514322
D340Y,1
D341A,0.139777156392715
D341C,0.0943277411826192
D341E,0.158774434539504
D341F,0.324848915829726
D341G,0.239333655896625
D341H,0.0701402893797769
D341I,0.513645245449023
D341K,0.12665367619476
D341L,0.447212801922676
D341M,0.166005590679591
D341N,0.0960424139321117
D341Q,0.162064579196049
D341R,0.18368072190138
D341S,0.0555172843009671
D341T,0.0590916845258364
D341V,0.0680926371262115
D341W,0.758012329409421
D341Y,0.12938946095855
K342A,0.0122363508891455
K342C,0.671659999435627
K342D,0.0275303626872741
K342E,0.00257653344319822
K342F,0.084610912962551
K342G,0.159128398626758
K342H,0.306363476024766
K342I,0.0131884623003842
K342L,0.0687390002845114
K342M,0.0939754420634306
K342N,0.0488001615978216
K342P,0.0975762286654717
K342Q,0.025683926354731
K342R,0.143053363600615
K342S,0.0513575481094441
K342T,0.0245491012829219
K342V,0.0449708982837549
K342W,0.136948755864692
K342Y,0.0355718799569419
D343A,0.138582105503234
D343C,0.15629642684903
D343E,0.0404282740208585
D343F,0.0410821694938693
D343G,0.0615689462591497
D343H,0.116351778015992
D343I,0.257515062437181
D343K,0.109353541125825
D343L,0.339176961074475
D343M,0.397945066147177
D343N,0.0844605270284171
D343P,0.149491668762009
D343Q,0.188056014705045
D343R,0.047178266941859
D343S,0.0691715569832424
D343T,0.208142929827659
D343V,0.373782876341277
D343W,0.409318688737698
D343Y,0
P344A,0.0807377558644213
P344C,0.67059942601797
P344D,0.104550041746496
P344E,0.0239871046449478
P344F,0.0983488192354689
P344G,0.0828834857047426
P344H,0.139422281746951
P344I,0.0302902998484083
P344K,0.11341031038536
P344L,0.0204611338265564
P344M,0.0490999029364955
P344N,0.0905871859875878
P344Q,0.11884338047477
P344R,0.110842599657762
P344S,0.107929971290383
P344T,0.0844341468646514
P344V,0.0881145768402193
P344W,0.60971951553706
P344Y,0.0642475586049455
N345A,0.1446397479109
N345C,0.0780892559069913
N345D,0.0077794488718079
N345E,0.0623372025522144
N345F,0.0986814539069964
N345G,0.100397260803077
N345H,0.0922395402999627
N345I,0.0924370235647687
N345K,0.199127663320068
N345L,0.0158610373944763
N345M,0.0155952087719803
N345P,0
N345Q,0.0591670745409728
N345R,0.0731530573857185
N345S,0.0624969745581319
N345T,0.158762733180915
N345V,0.205603968168331
N345W,0.0870631046903646
N345Y,0.0376657035194379
F346A,0.153935292383799
F346C,0.741350135957766
F346D,0.234691555840201
F346E,0.0884178544704103
F346G,0.0764720102709668
F346H,1
F346I,0.96810570934209
F346K,0.443198575333048
F346L,0.998791990513658
F346M,0.472595872604005
F346N,0.0493390161835576
F346P,0.173847717248447
F346Q,0.092722921485275
F346R,0.012195044131734
F346S,0.11610564163014
F346T,0.159340634288721
F346V,0.879015759747498
F346W,0.0486665828201025
F346Y,0.109316879711918
K347A,1
K347C,0.585592916243194
K347D,1
K347E,0.72270957202851
K347F,0.148001323843031
K347G,0.816539006581191
K347H,0.049598510268609
K347I,0.202889951702962
K347L,0.182123790005374
K347M,0.854443749509795
K347N,1
K347P,0.355356974579807
K347Q,0.765416269058071
K347R,0.0612284429326638
K347S,1
K347T,0.16286279078195
K347V,0.0756636659979712
K347W,0.8074407296254
K347Y,0.129930528426275
D348A,0.108342690164309
D348C,0.672695765290512
D348E,0.0683136831586989
D348F,0.191356282281813
D348G,0.111216757397339
D348H,0.196359466276915
D348I,0.552619546633298
D348K,0.876243121492852
D348L,0.230500273785783
D348M,0.182136472938761
D348N,0.122807503816387
D348P,0.0215904017992828
D348Q,0.0674398505693272
D348R,0.266733951350434
D348S,0.0497116601929012
D348T,0.161431718912436
D348V,0.2403145462898
D348W,0.197315054632679
D348Y,0.342117033341472
Q349A,0.0539795888995347
Q349C,0.0963495807847869
Q349D,0.00998170053179727
Q349E,0.020034234574923
Q349F,0.013785536319973
Q349G,0.0572636427788075
Q349H,0.113499881761502
Q349I,0.0434894242085822
Q349K,0.217704475787005
Q349L,0.423849309039098
Q349M,0.230315174508677
Q349N,0.00479087179936533
Q349P,0.0130473806697745
Q349R,0.0469984245589118
Q349S,0.021185818279272
Q349T,0.135426862648361
Q349V,0.182725159960068
Q349W,0.0597332076264694
Q349Y,0.0654837925299597
V350A,0.0868989117117155
V350C,0.263826924643758
V350D,0.0774007172837883
V350E,0.752188054970432
V350F,0.847284081453533
V350G,0.0450901860298566
V350H,0.310885885906522
V350I,0.184176516720793
V350K,1
V350L,0.074947917038229
V350M,0.0208290241701886
V350N,0.0279911361963421
V350P,0.0431574723752689
V350Q,0.980156040762602
V350R,1
V350S,0.488177621453093
V350T,1
V350W,0.383981059986792
V350Y,1
I351A,0.744647490348117
I351C,1
I351D,0.881428943937749
I351E,0.878329879411068
I351F,0.50828117055363
I351G,0.859328721368114
I351H,1
I351K,0.0785734218921348
I351L,0.130395686214739
I351M,0.365896524589647
I351N,1
I351P,0.0549457248867084
I351Q,0.450272672850638
I351R,0.0385800682558574
I351S,0.593358167092976
I351T,1
I351V,0.0576432148684447
I351W,0.884637692243676
I351Y,0.753888709503193
L352A,0.00200400826799363
L352C,0.111324971993325
L352D,0.11866421941926
L352E,0.0255811797153006
L352F,0.210358420405396
L352G,0.137297075497358
L352H,0
L352I,0
L352K,0.00583213532720331
L352M,0
L352N,0.17672853282015
L352P,0.0649769898739714
L352Q,0.0460387627049767
L352R,0.0906813741267116
L352S,0.0548204186171493
L352T,0.0287365754819235
L352V,0.0338956120275355
L352W,0.0311310016844855
L352Y,0.0681362811117833
L353A,0.273253123460259
L353C,0.0160890661963004
L353D,0.0753867745696531
L353E,0.088464257423786
L353F,0.0205970862751628
L353G,0.790739341878787
L353H,0.0236398718930234
L353I,0.105611361840839
L353K,0.110366059796917
L353M,0.120390826437484
L353N,0.00920169475541303
L353P,0.123086483833207
L353Q,0.0593943026967471
L353R,0.0399608074321909
L353S,0.709229617262604
L353T,0
L353V,0.00828506726670652
L353W,0.0395522268936015
L353Y,0.13980986855762
N354A,0.102465872012636
N354C,1
N354D,0.037544794333392
N354E,0.957651891211247
N354F,0.156260076852793
N354G,0.069193509522056
N354H,0.0279914911705501
N354I,1
N354K,1
N354L,0.661070427906047
N354M,0.368658135020041
N354P,0
N354Q,1
N354R,0.574312666435696
N354S,0.929043726851423
N354T,0.994527277906741
N354V,0.903857541752927
N354W,0.0516965765058507
N354Y,0.130520993597784
K355A,0.0493876531034127
K355C,0.0179923024474416
K355D,0.0442914503551225
K355E,0.0630995750630717
K355F,0.621970851524061
K355G,0.0578184402006764
K355H,0.0699397711191499
K355I,1
K355L,0.378596695567008
K355M,0.15266994831525
K355N,0.0277237471677583
K355P,0.311035981819524
K355Q,0.0239390817188316
K355R,0.256206146316317
K355S,0.0639608082155138
K355T,0.0900230896648821
K355V,1
K355W,0.377277842022095
K355Y,0.676853792514847
H356A,0.0541082232358279
H356C,0.100544540818847
H356D,0.118149939875891
H356E,0.0492851559868531
H356F,0
H356G,0.0422560521914779
H356I,0.809187118392896
H356K,0.135771560156568
H356L,0.149065352646253
H356M,0
H356N,0.0461174751328924
H356P,0.131459695594071
H356Q,0.153710711564693
H356R,0.0412979074767652
H356S,0
H356T,0.107654524583971
H356V,0.349156462382622
H356W,0.0408174731715864
H356Y,0.0449289579620506
I357A,0.0631262604417992
I357C,0.0432097743732352
I357D,0.0490982025658438
I357E,0.0201638230393219
I357F,0.187374773057404
I357G,0.0916833782607084
I357H,0.0145290599429538
I357K,0.0888910858591957
I357L,0.0153375008772863
I357M,0.1261744225265
I357N,0.0626252583748008
I357P,0.069085717254646
I357Q,0
I357R,0.414997962693974
I357S,0
I357T,0.0996994113326829
I357V,0.681530436699047
I357W,0
I357Y,0.155950912218431
D358A,0.173502438441487
D358C,0.0692414191581247
D358E,0.0302814301439678
D358F,0.101643545410951
D358G,0.000428776991305453
D358H,0.0380013157598056
D358I,0.148244035742521
D358K,0.0913518387896253
D358L,0.374749546114808
D358M,0.455878578076392
D358N,0.0174393321773344
D358P,0.0456721217849665
D358Q,0.0485972004988454
D358R,0.0221885516666349
D358S,0.00111627590174738
D358T,0.0475951963648486
D358V,0.0732559961765547
D358W,0.0846693493227307
D358Y,0.246994019030214
A359C,0.511289596959894
A359D,0.272044122380135
A359E,0.000285964334584819
A359F,0.135326454309032
A359G,0.0663224861936624
A359H,0
A359I,0.0368162588876564
A359K,0.161074438239311
A359L,0.0456221027326207
A359M,0.053346284672703
A359N,0.0109348164158212
A359P,0.0815660343171205
A359Q,0.0553506079561951
A359R,0.154512366906425
A359S,0.0112520610896135
A359T,0.0270541116179139
A359V,0.0802936060505181
A359W,0.0796839032982362
A359Y,0
Y360A,0.00631131464759156
Y360C,0.0125250516749602
Y360D,0.110721456806648
Y360E,0.0656312707767912
Y360F,0.0233413218773319
Y360G,0
Y360H,0.0127552170525561
Y360I,0.205410847469347
Y360K,0.213830219309339
Y360L,0.0204003616174601
Y360M,0.0340681405558916
Y360N,0
Y360P,0.217694923379877
Y360Q,0.0484791142784089
Y360R,0.0761523141837578
Y360S,0.278438156131188
Y360T,0.042627822544465
Y360V,0.0370741529578821
Y360W,0.0924893042008166
K361A,0.057110771573071
K361C,0.157935456036785
K361D,0.0102814351628093
K361E,0.116749473684395
K361F,0.0621757426025862
K361G,0.0866733575907243
K361H,0.111222458873646
K361I,0.665302339914212
K361L,0.109678905327122
K361M,0.0941883885957004
K361N,0.00595309457857679
K361P,0.0198507581235076
K361Q,0.114548016664466
K361R,0.0143681546236087
K361S,0.0248214740652049
K361T,0.0814777817871902
K361V,0.108058874002516
K361W,0.0455234712422815
K361Y,0.151196244241644
T362A,0.0940505230938561
T362C,0.0829191884324625
T362D,0.228860396125588
T362E,0.142112278554167
T362F,0
T362G,0.0139325370069282
T362H,0.0540871681331323
T362I,0.00753385621283474
T362K,0.0698544730727994
T362L,0.381690780340848
T362M,0.0205947042447002
T362N,0.0702392286846842
T362P,0.101277962256546
T362Q,0.0549347363698922
T362R,0.067082993387517
T362S,0.1198551291275
T362V,0.0556112294368231
T362W,0.0612924904627105
T362Y,0.0367576264862753
F363A,0.109915213248757
F363C,0.200269984628134
F363D,0.099200341103411
F363E,0.0479272715999315
F363G,0.0574727756539839
F363H,0.0967127532225678
F363I,0.0704616473024065
F363K,0.013484087073604
F363L,0.0638965722714944
F363M,0.017734103151947
F363N,0.0124805248744593
F363P,0.0329214587092597
F363Q,0
F363R,0.0402341887822087
F363S,0.00279527145524338
F363T,0.0222804638827793
F363V,0.117934496215641
F363W,0.0490636886682386
F363Y,0.0331626354621612
P364A,0.0144610332241055
P364C,0.0330689247458614
P364D,0.000623037712603186
P364E,0
P364F,0.0485409029779812
P364G,0.031931493031928
P364H,0.023279907060223
P364I,0.0878121153467302
P364K,0.114974503170028
P364L,0.0292000486878616
P364M,0.0180362665999359
P364N,0.0275428297653308
P364Q,0.0566295707753931
P364R,0.0309255404979058
P364S,0.0381284019272019
P364T,0.0685013885231413
P364V,0.0976528889935306
P364W,0.0175988999107655
P364Y,0.0377319451137601
P365A,0.0815737566852813
P365C,0.47952263423272
P365D,0.24327653642874
P365E,0.0204669976207203
P365F,0
P365G,0.0250494435739999
P365H,0.0478146187115921
P365I,0.0136632986580489
P365K,0.0567463724513842
P365L,0.0288510246023934
P365M,0.0359966653721779
P365N,0.0228993805293849
P365Q,0.0756070290421839
P365R,0.0439831473649983
P365S,0.348097888402916
P365T,0.0122290242490668
P365V,0.0525889980378764
P365W,0.0571142356378183
P365Y,0.0550266504401695
T366A,0.0898475446159211
T366C,0.700554134265883
T366D,0.0228831973679487
T366E,0.0185422775403554
T366F,0.0904925709507818
T366G,0.0227643913883369
T366H,0.0350006508547887
T366I,0.139643338941372
T366K,0.0836226269523997
T366L,0.0199840517440992
T366M,0.0410326376849765
T366N,0.117357999533458
T366P,0.171494830561438
T366Q,0.178744501170959
T366R,0.126583560518224
T366S,0.0154464677904293
T366V,0.0822460684142938
T366W,0.00841220200187896
T366Y,0.0841313579754381
E367A,0.294210997772464
E367C,0.125152443761569
E367D,0.0533827873653107
E367F,0.135802267627268
E367G,0.0622148536781845
E367I,0.0861391605522059
E367K,0.198040799014196
E367L,0.0220440909479299
E367M,0.0302777501220235
E367N,0.164579339867784
E367R,0.0669483771784206
E367S,0.0965389017782997
E367T,0.0418177081100572
E367V,0.118980405647182
E367W,0.0709579497641419
E367Y,0.0801741785555093
P368A,0.0249549679368413
P368C,0.339662243000907
P368D,0
P368E,0.0706412914467753
P368F,0.113845406909636
P368G,0.0395791632928741
P368H,0.0601988839964896
P368I,0
P368K,0.0801185542304122
P368L,0.0220440909479299
P368M,0.0121921391903426
P368N,0.0671161445182073
P368Q,0.371248440649047
P368R,0.404593647384367
P368S,0.0218237997810675
P368T,0.0131442913677647
P368V,0.13663036952546
P368W,0
P368Y,0.0626252583748008
K369A,0.0385771591588773
K369C,0.0264568621006383
K369D,0.00561581996305576
K369E,0.0430075554223123
K369F,0.0809135941171939
K369G,0.00826256333397692
K369H,0.0245491012829219
K369I,0.0580748888469297
K369L,0.0390414933823885
K369M,0.0277648260652802
K369N,0.0615443114154549
K369P,0.149529051024765
K369Q,0.0263792493326558
K369R,0.0139081270120545
K369S,0.0193901393642525
K369T,0.0148464787316403
K369V,0
K369W,0.0581162397718151
K369Y,0.012165978822408
K370A,0.0309626630064784
K370C,0.247342396364225
K370D,0.0271497452564402
K370E,0.0335089017778786
K370F,0.00705938971068452
K370G,0.0395080974575071
K370H,0.0538264663652647
K370I,0.0149124449804365
K370L,0.0517153941340812
K370M,0.0381870145224438
K370N,0.0532595616012681
K370P,0.025306042451675
K370Q,0.284205304376782
K370R,0.0431289767844232
K370S,0.0263548600667591
K370T,0.010457981971564
K370V,0.106992495313675
K370W,0.098882472746763
K370Y,0.048467065247807
D371A,0.141182659604961
D371C,0.194297384228218
D371E,0.227572051773406
D371F,0.652264719775547
D371G,0.0731403343978258
D371H,0.0751694588738101
D371I,0.0456056800977339
D371K,0.0264031539735619
D371L,0.28924953093818
D371M,0.0230348353722218
D371N,0.039988179470993
D371P,0.268036105844147
D371Q,0.106337071288287
D371R,0.0427735506233398
D371S,0.0843230631521868
D371T,0.10628252963278
D371V,0.0379003912973036
D371W,0.013527055808957
D371Y,0.125456878388593
K372A,0.0214226478202989
K372C,0.0673725114241461
K372D,0.0846693493227307
K372E,0.0274254704960113
K372F,0.0310277436201761
K372G,0.126695657247285
K372H,0.0351868716979482
K372I,0.0460921901638534
K372L,0.00325633666143023
K372M,0.0991699622212234
K372N,0.0210420868139331
K372P,0.500751029206471
K372Q,0.196392810263375
K372R,0.141497121568602
K372S,0.053945516260464
K372T,0.0443884865681423
K372V,1
K372W,0.052168964315349
K372Y,0.0576432909940408
K373A,0.0213749755317054
K373C,0.197563877186403
K373D,0.0112038224097936
K373E,0.0213581583420779
K373F,0.0186794377584647
K373G,0.192642166160768
K373H,0.0309748957542411
K373I,0.02535308585695
K373L,0.00331556967608388
K373M,0.00185592503998024
K373N,0.0752382386281765
K373P,0.0441729048933683
K373Q,0.0366894977059138
K373R,0.0363072734998958
K373S,0.0155310640769506
K373T,0.00499694470260318
K373V,0.0589568363044998
K373W,0.0350701446898884
K373Y,0.0233151120049881
K374A,0.0245183992897464
K374C,0.261203503630021
K374D,0.0773941784577835
K374E,0.0181145722594946
K374F,0.0276538912633866
K374G,0.00067919885852798
K374H,0.0297912789127316
K374I,0.0986550985770478
K374L,0.0190723888082374
K374M,0
K374N,0.0219886696256714
K374P,0.0347444891046332
K374Q,0.0234095045239761
K374R,0.0727582711074858
K374S,0.0506976469619634
K374T,0.024135646949749
K374V,0.0833226447303383
K374W,0.00650049182577214
K374Y,0.256744694272702
K375A,0.0394344364200176
K375C,0.169338698645461
K375D,0.0517535503351028
K375E,0.0647455778495507
K375F,0.0190380785459394
K375G,0.0338372134189052
K375H,0.0556349982618826
K375I,0.118546379016233
K375L,0.0192366000452288
K375M,0.00224725607161768
K375N,0.0590164147267052
K375P,0.128777227423645
K375Q,0.0718797433487442
K375R,0
K375S,0.105026029269946
K375T,0.0831532841199366
K375V,0.0373842341865654
K375W,0.0781537335978526
K375Y,0.0886832411494823
A376C,0.326165353404004
A376D,0.180534254677044
A376E,0.0822540542093644
A376F,0.0454132367676823
A376G,0.036190942004879
A376H,0.149811181309717
A376I,0.174946124547901
A376K,0.053674330919878
A376L,0.134268553955573
A376M,0.0255790770386124
A376N,0.0824150088121333
A376P,0.11001682213553
A376Q,0.0143367277247018
A376R,0.105603278994999
A376S,0.0606075832659963
A376T,0.0968479249433702
A376V,0.112377269685177
A376W,0.0426265693713562
A376Y,0.0424821053723294
D377A,0.231640119958313
D377C,0.461874498686818
D377E,0.146985770011059
D377F,0.0773492467146992
D377G,0.0949523213878051
D377H,0.05198659281113
D377I,0.0787939499082682
D377K,0.0823467655298416
D377L,0.043962260563617
D377M,0.294387461773347
D377N,0.0210420868139331
D377P,0.3709586356819
D377Q,0.0630950033642899
D377R,0
D377S,0.0424903006181211
D377T,0.155516823622371
D377V,0.0366472435970526
D377W,0.196333369934195
D377Y,0.00856264647076808
E378A,0.0391626478493362
E378C,0.514032433213532
E378D,0.154837240148073
E378F,0.0581955584098886
E378G,0.210130604317347
E378H,0.188707756923862
E378I,0.0220440909479299
E378K,0.0817100501319821
E378L,0.0553657193967462
E378M,0.0346717641444025
E378N,0.20258715365621
E378P,0.0355943245225959
E378Q,0.0968114657526702
E378R,0.0655884389938613
E378S,0.0518022852915596
E378T,0.0551102273698247
E378V,0.26478804863441
E378W,0.0196942594718992
E378Y,0.252044346948648
T379A,0.0195841351342156
T379C,0.759812856911854
T379D,0.1323142777299
T379E,0.102582825985062
T379F,0.0187993257593746
T379G,0.0622556881137185
T379H,0.126644048570858
T379I,0.0420841736278661
T379K,0.0749425362874118
T379L,0.0487603861735095
T379M,0.132128776269386
T379N,0.0359899464963178
T379P,0.0793780860704687
T379Q,0.1163648692013
T379R,0.0455052116429814
T379S,0.0510333056223966
T379V,0
T379W,0.0517095995298475
T379Y,0.0441600338717911
Q380A,0.0477256610074199
Q380C,0.144803062371882
Q380D,0.319639318744983
Q380E,0.0226332609051121
Q380F,0.140998205434636
Q380G,0.118346935798202
Q380H,0.104602367966869
Q380I,0.172880497419187
Q380K,0.220895777594298
Q380L,0.0370218786104677
Q380M,0.171031798873853
Q380N,0.113916233308548
Q380P,0.105303311181812
Q380R,0.0661322728437896
Q380S,0.0166607848386219
Q380T,0.0315729589176001
Q380V,0.0123087144970013
Q380W,0.0494062077416487
Q380Y,0.0145101574321887
A381C,0.449780204013322
A381D,0.0830685112406211
A381E,0.296236730095592
A381F,0.0498395363506426
A381G,0.0332979746662193
A381H,0.295090217462061
A381I,0.0701097347947659
A381K,0.0649009841494459
A381L,0.18931130094518
A381M,0.0333722985612527
A381N,0.0395791632928741
A381P,0.027458056984781
A381Q,0.105715712060649
A381R,0.0709305695745515
A381S,0.118225561645706
A381T,0
A381V,0.152927438548055
A381W,0.274940513174567
A381Y,0.0709373867414409
L382A,0.000655205420590851
L382C,0.479783716261448
L382D,0.0459668696747481
L382E,0.0645288559058013
L382F,0.0737773544231883
L382G,0.110100723395524
L382H,0.042067414145031
L382I,0.0392461304876271
L382K,0.234969969422253
L382M,0.0778074010735036
L382N,0.176735470741003
L382P,0.0608446421378278
L382Q,0.0144368588972767
L382R,0.0683328642819134
L382S,0.0737266530016199
L382T,0.018537076478941
L382V,0.0882688760020995
L382W,0.069774017591553
L382Y,0.15297019134341
P383A,0.0248631413654236
P383C,0.181099107850633
P383D,0.105906946768756
P383E,0.139564528977706
P383F,0.0663949354347757
P383G,0.0732761276102351
P383H,0.153684797178864
P383I,0.0783825638546695
P383K,0.355981439132615
P383L,0.116733481610629
P383M,0.0533306570016661
P383N,0.0457423043052468
P383Q,0.0705567961039612
P383R,0.132682343208356
P383S,0.106864043199547
P383T,0.0393370990195882
P383V,0.0444030472697407
P383W,0.0792105984363887
P383Y,0.0662645131572128
Q384A,0.128256529151592
Q384C,0.347838890826461
Q384D,0.129238826903656
Q384E,0.027483669251106
Q384F,0.0363366195938742
Q384G,0.133266549821576
Q384H,0.162581257578554
Q384I,0.06545649584812
Q384K,0.17961631672094
Q384L,0.0341757723414009
Q384M,0.0370993097808682
Q384N,0.0605136034951484
Q384P,0.1389250226942
Q384R,0.164790579370095
Q384S,0.0815496599436036
Q384T,0.0641941197671108
Q384V,0.015635235206222
Q384W,0.0426552365389215
Q384Y,0.0619215701042756
R385A,0.0263706716371336
R385C,0.166059693393992
R385D,0.0203430322407985
R385E,0.0542529631823858
R385F,0.0281043207064657
R385G,0.0507392885948199
R385H,0.112425769275907
R385I,0.0422017887303079
R385K,0.0572316241948015
R385L,0.0140744372944898
R385M,0.0549904813187683
R385N,0.318317865030114
R385P,0.0734395954231943
R385Q,0.640262707991669
R385S,0.0209504989073159
R385T,0.00337638838037432
R385V,0.13550454997229
R385W,0.0303401114600099
R385Y,0.0575210405841589
Q386A,0.107883560511801
Q386C,0.781818714648163
Q386D,0.0605635016154837
Q386E,0.0930091110896361
Q386F,0.167129784984253
Q386G,0.0355923629219048
Q386H,0.0950957477954797
Q386I,0.0681528976636353
Q386K,0.0690519697142736
Q386L,0.0312679176455023
Q386M,0.168631361530075
Q386N,0.593246804081817
Q386P,0.123728267640486
Q386R,0.124066756148471
Q386S,0.0249315892590234
Q386T,0.141784413465913
Q386V,0.162246007700703
Q386W,0.0296242134033521
Q386Y,0.101042110813166
K387A,0.051272341215995
K387C,0.234613543458025
K387D,0.0339764443563924
K387E,0.0227643913883369
K387F,0.0384110250425309
K387G,0.317948266291779
K387H,0.056859199479793
K387I,0.0347021378411018
K387L,0.0356597274381362
K387M,0.0786698046133118
K387N,0.140563713335664
K387P,0.0458033976224626
K387Q,0
K387R,0.143948048562118
K387S,0.0553003835734549
K387T,0.111904087912561
K387V,0.00383653543071275
K387W,0.622592806498341
K387Y,0.0290315476082356
K388A,0.0540119679885818
K388C,0.141677953534861
K388D,0.0197651273878887
K388E,0.0158322246991651
K388F,0.0526017694621375
K388G,0.0979827224475121
K388H,0.0371082996725987
K388I,0.0138998229118428
K388L,0.0389528165243834
K388M,0.0364035454274035
K388N,0.0157757376227561
K388P,0.0346466206981128
K388Q,0.0396282974296304
K388R,0.0269173672746167
K388S,0.0756145949004083
K388T,0.0746664199944973
K388V,0.0211631194365194
K388W,0.0360826051145846
K388Y,0.0510144771385387
Q389A,0.0285126295101768
Q389C,0.171821376923508
Q389D,0.0800166195546182
Q389E,0.0336125399357817
Q389F,0.0983447859013467
Q389G,0.352747239111451
Q389H,0.0272815023648132
Q389I,0.351589997398604
Q389K,0.080223708411087
Q389L,0.0819785055430294
Q389M,0.0720689207160771
Q389N,0.01955578569838
Q389P,0.0194887755220634
Q389R,0.0715244895253323
Q389S,0.0291746920562414
Q389T,0.0763294930212584
Q389V,0.0346678768442582
Q389W,0.0122985982164791
Q389Y,0.0256968369831729
Q390A,0.0542128134336396
Q390C,0.206680068153036
Q390D,0.073245338591495
Q390E,0.0384873238388826
Q390F,0.0836461809522464
Q390G,0.129683686434078
Q390H,0.0956422882416952
Q390I,0.0464148989164004
Q390K,0.0662371467039418
Q390L,0.114269141595241
Q390M,0.0226802679893743
Q390N,0.0230672967207887
Q390P,0.0351585835938748
Q390R,0.0365882159336431
Q390S,0.066822563817302
Q390T,0.984386317087295
Q390V,0.0302056898951949
Q390W,0.123954447025682
Q390Y,0.0195169452770941
T391A,0.115307317311377
T391C,0.432171552112818
T391D,0.0424909590991717
T391E,0.043846984381476
T391F,0.0925126300203444
T391G,0.0666902498771021
T391H,0.07662943257943
T391I,0.0156584707462924
T391K,0.0871141024816329
T391L,0.106540961490541
T391M,0.0434839162514082
T391N,0.0531060734299355
T391P,0.041084349079901
T391Q,0.0437914647309188
T391R,0.0691275585302634
T391S,0.128501255758935
T391V,0.0387683811126964
T391W,0.0958576383770789
T391Y,0.046776812099885
V392A,0.0472714672721146
V392C,0.195613689003754
V392D,0.0250785523053739
V392E,0.168272951718268
V392F,0.0175350723449442
V392G,0.0385330865243495
V392H,0.0914153700096348
V392I,0.194276044088452
V392K,0.23443271811254
V392L,0.137560309386946
V392M,0.131042804381828
V392N,0.11382713788215
V392P,0.118944425850058
V392Q,0.263383838522912
V392R,0.234685635967759
V392S,0.0622597629831098
V392T,0.03837301165186
V392W,0.000815268283271118
V392Y,0.0972487246726586
T393A,0.117735485744626
T393C,0.0811976032640899
T393D,0.0915796846218874
T393E,0.149649411795413
T393F,0.250195465231949
T393G,0.160582696261308
T393H,0.285950861495177
T393I,0.0774812917440612
T393K,0.162585647081873
T393L,0.0804972500505003
T393M,0.0341823813143422
T393N,0.0584933862922742
T393P,0.17284571311445
T393Q,0.0769992720131574
T393R,0.250522568700988
T393S,0.143767990157011
T393V,0.0739882966479296
T393W,0.136659694985155
T393Y,0.133370312702956
L394A,0.0708171676968685
L394C,0.54234801915433
L394D,0.0446578896441191
L394E,0.0498313685012482
L394F,0.134321146119498
L394G,1
L394H,0.0369593247469058
L394I,0.0997719702527309
L394K,0.0862787128299971
L394M,0.026413847540385
L394N,0.171552326324228
L394P,0.153881159971142
L394Q,0.0902058342966589
L394R,0.114407274392047
L394S,0.0372890090266678
L394T,0.0839742551266987
L394V,0.0457150066452636
L394W,0
L394Y,1
L395A,0.0816358072974473
L395C,0.167082652688619
L395D,0.0165834312320208
L395E,0.0109113915032949
L395F,0.023599446215352
L395G,0.081951000827645
L395H,0.0457836492166661
L395I,0.0569026461941124
L395K,0.124163851359593
L395M,0.0436106628813218
L395N,0.0966418692251943
L395P,0.108527306969045
L395Q,0.0463366755450196
L395R,0.0438931483478217
L395S,0.161008058816056
L395T,0.0801722452675041
L395V,0.0182656122301311
L395W,0.146957151347139
L395Y,0.163857563717101
P396A,0.0684026872285931
P396C,0.637437179247239
P396D,0.251207437243407
P396E,0.0417783272132268
P396F,0.120653554177747
P396G,0.0506653521638819
P396H,0.0676919332716654
P396I,0.472284334395464
P396K,0.172258040204122
P396L,0.796785069174611
P396M,0.0738156293451364
P396N,0.10124357941698
P396Q,0.0709523074335309
P396R,0.0406869458279113
P396S,0.0865602111405993
P396T,0.0765395438588698
P396V,0.0463237504552263
P396W,0.27731290095912
P396Y,0.108931839063015
A397C,0.210433954277977
A397D,0.0222865801498876
A397E,0.0686372831787817
A397F,0.139091486280007
A397G,0.00896835458799162
A397H,0.0483403376704662
A397I,0
A397K,0.130473356283292
A397L,0.0697414983548087
A397M,0.0409840427694688
A397N,0.050086035862068
A397P,0.0221721115319314
A397Q,0.0694888719753031
A397R,0.0744001893067747
A397S,0
A397T,0.0468930427023979
A397V,0.0658500035667532
A397W,0.0251677042078961
A397Y,0.0134596719719385
A398C,0.365675776379799
A398D,0.0310964447988144
A398E,0.0824630564782498
A398F,0.0449100148552895
A398G,0.186418959140887
A398H,0.190597343518232
A398I,0.0218467769354364
A398K,0.168776886332591
A398L,0.0301331082048801
A398M,0.258219270020464
A398N,0.00969751935119475
A398P,0.00923785408449606
A398Q,0.271495320134253
A398R,0.334686992904522
A398S,0
A398T,0.024239525559449
A398V,0.160483756165622
A398W,0.0486186712455691
A398Y,0.025003177102783
D399A,0.144138460144014
D399C,0.0698325354685584
D399E,0.0434286970488684
D399F,0.00343581669862455
D399G,0.0144088779367178
D399H,0.0838422587877203
D399I,0.0804643526875208
D399K,0.110820078773381
D399L,0.0442201953279609
D399M,0.056304991949615
D399N,0.0417839498693417
D399P,0.0694253084910682
D399Q,0.0105737794697935
D399R,0.169984387073622
D399S,0.130115327855523
D399T,0.013279111836643
D399V,0.140679843993749
D399W,0.0959419785493033
D399Y,0.0797111764116464
L400A,0.0845905202714981
L400C,0.259040589818741
L400D,0.0337377198400724
L400E,0.0300528458137966
L400F,0.0536676646440093
L400G,0.0200435238196283
L400H,0.107632676798778
L400I,0.071782505315419
L400K,0.113256823048986
L400M,0.0200668375367435
L400N,0.0791851459571895
L400P,0.123558503912301
L400Q,0.046014525541186
L400R,0.0170949169940339
L400S,0.0292405675517483
L400T,0.0734529236080129
L400V,0.0306099621057654
L400W,0.0812208399607922
L400Y,0.0519819867973848
D401A,0.194758060955861
D401C,0.500634336545135
D401E,0.0370741529578821
D401F,0.0632563759679444
D401G,0.0430646923876441
D401H,0.0668853712590147
D401I,0.0611078815840646
D401K,0.0815910211802572
D401L,0.0585823644979059
D401M,0.0500487173295419
D401N,0.0273135901841534
D401P,0.0986974071986861
D401Q,0.0423263684755584
D401R,0.114574348145361
D401S,0.0191454321295781
D401T,0.130117143559299
D401V,0.116827667519016
D401W,0.0402556925825695
D401Y,0.354639696434976
D402A,0.0520037604349608
D402C,0.310949656380177
D402E,0.113579128132962
D402F,0.0654916415297961
D402G,0.145364968371551
D402H,0.0427930221082555
D402I,0.114729473342635
D402K,0.144071514812009
D402L,0.0240513273109025
D402M,0.0694908810326001
D402N,0.0118689536171207
D402P,0.0291888900973
D402Q,0.172444967482552
D402R,0.0641445816248562
D402S,0.125415180643506
D402T,0.0401446314017926
D402V,0.102461190761374
D402W,0.054113610984532
D402Y,0.0533276832284833
F403A,0.0548480969702772
F403C,0.140201639974251
F403D,0.153036032702807
F403E,0.0170942737632239
F403G,0.100774367810528
F403H,0.230581056135632
F403I,0.0186473720543378
F403K,0.0732686481057701
F403L,0.0985779949351629
F403M,0.0591783462378148
F403N,0.0248014956503358
F403P,0.10742160866892
F403Q,0.171290217069409
F403R,0.0914572919980586
F403S,0.0644844032544298
F403T,0.0421558909066024
F403V,0.0795054312243768
F403W,0.0439900065414937
F403Y,0.0341875981984882
S404A,0.0555106741223134
S404C,0.00412612879243321
S404D,0.170700439357054
S404E,0.0540780020242512
S404F,0.0467476045922504
S404G,0.0907566227262443
S404H,0.0297923463732446
S404I,0.176536777057322
S404K,0.0412936971700941
S404L,0.0512807581691689
S404M,0.024569414712544
S404N,0.0930608156463091
S404P,0.0405045774961178
S404Q,0.131068074114189
S404R,0.0773797748657786
S404T,0.0199760043324474
S404V,0.109030447425712
S404W,0.149546657940788
S404Y,0.0338747135741646
K405A,0.0475951963648486
K405C,0.19184298706563
K405D,0.156873294717009
K405E,0.0414783652442875
K405F,0.0307784083827063
K405G,0.0521819257882874
K405H,0.341335923335493
K405I,0.0642125793216458
K405L,0.0109489806118084
K405M,0.0582743076839136
K405N,0.0143170122564137
K405P,0.01542144176651
K405Q,0.0122283913859868
K405R,0.0372397730659666
K405S,0.0137833271236581
K405T,0.000907903362246802
K405V,0.0419284363868194
K405W,0.0330057654474955
K405Y,0.0618208758147373
Q406A,0.0491496174921197
Q406C,0.0573966158538175
Q406D,0.0858544159439723
Q406E,0.256132336993607
Q406F,0.162753026474767
Q406G,0.0467031925700701
Q406H,0.0373565218281442
Q406I,0.0576754911095521
Q406K,0.237975981824243
Q406L,0.0541137276891796
Q406M,0.0561122315038215
Q406N,0.02602813641698
Q406P,0.0271679543411192
Q406R,0.0547037936030558
Q406S,0.0926263889643658
Q406T,0.130568672716185
Q406V,0.0319040979578153
Q406W,0.0828975349728225
Q406Y,0.108901008413429
L407A,0.00773351866163866
L407C,0.148843895522308
L407D,0.06829195506583
L407E,0.0980467263102768
L407F,0.00645639463222964
L407G,0.0930130523164878
L407H,0.0558787820408964
L407I,0.0434923699440306
L407K,0.0357331057423801
L407M,0.0324355569014197
L407N,0.0329503890581074
L407P,0.0214580998189264
L407Q,0.0469444756498487
L407R,0.0536453356801466
L407S,0.0451671970718172
L407T,0.000620233041228124
L407V,0.0365789031947603
L407W,0.176781129005881
L407Y,0.0369706739544094
Q408A,0.0289131132407089
Q408C,0.111418738554411
Q408D,0.0091357298049266
Q408E,0.0134318723655602
Q408F,0.0884177028570278
Q408G,0.163651496492477
Q408H,0.0657473153313475
Q408I,0.049563039776042
Q408K,0.109368507352883
Q408L,0.0281969742071862
Q408M,0.0762335637478859
Q408N,0.059155870579317
Q408P,0.0189250541012092
Q408R,0.148291617711947
Q408S,0.0165308787331538
Q408T,0.0389542894864943
Q408V,0.0586726955406381
Q408W,0.0685696573690984
Q408Y,0
Q409A,0.0139924104622732
Q409C,0.17446931695808
Q409D,0.330633617874033
Q409E,0.0308785639088266
Q409F,0.0873339925677202
Q409G,0.0318428482384045
Q409H,0.127125262812684
Q409I,0.0683047010700944
Q409K,0.0867701685321859
Q409L,0.0271150316123301
Q409M,0.046258534513274
Q409N,0.012598471238931
Q409P,0.0208495368669819
Q409R,0.00613176123461232
Q409S,0.0212689009581736
Q409T,0.0352533238064297
Q409V,0.243386744412275
Q409W,0.025876303551361
Q409Y,0.12958664105091
S410A,0.0132812731878152
S410C,0.0224072080801481
S410D,0.000592259921669459
S410E,0
S410F,0.0775050833346324
S410G,0.0710947293735724
S410H,0.066195199963347
S410I,0.0790130062729979
S410K,0.081215221325872
S410L,0.0469887866494707
S410M,0.0374254721087825
S410N,0.0110151719808662
S410P,0.00987044766959875
S410Q,0.0206816484176942
S410R,0.0857120454839584
S410T,0.319570977632639
S410V,0.0773096507137616
S410W,0.133482462153813
S410Y,0.115929322302162
M411A,0.0424838148589335
M411C,0.601202480398088
M411D,0.496994050462419
M411E,0.107251376597562
M411F,0.0891000312525959
M411G,0.196335548907531
M411H,0.0432596440110598
M411I,0.0720364027032866
M411K,0.0920231302259772
M411L,0.0284914913296325
M411N,0.0242653065994478
M411P,0.0613936391409451
M411Q,0.0685847576706921
M411R,0.0203272947683659
M411S,0.0815007745079339
M411T,0.0289270431013153
M411V,0.0393508206034327
M411W,0.258820228714437
M411Y,0.0270154526244264
S412A,0.0636618981108784
S412C,0.112870899895812
S412D,0.0225925104217543
S412E,0.054895381652474
S412F,0.0427035459289502
S412G,0.00682011365746195
S412H,0.0766794829469124
S412I,0.0181585737249228
S412K,0.0552133542600895
S412L,0.134596083129092
S412M,0.0879759913061487
S412N,0.113384386012727
S412P,0.0720248042753013
S412Q,0.0622833536388935
S412R,0.0187946514903435
S412T,0.0596649376290125
S412V,0.0112908377039503
S412W,0.0244790567676392
S412Y,0.0182632237746311
S413A,0.0786058463691452
S413C,0.0781729082930939
S413D,0.0513428440424445
S413E,0.00949420857289556
S413F,0.096527753255031
S413G,0.0440204005591374
S413H,0.0402910345694389
S413I,0.043348976761636
S413K,0.0481678443799686
S413L,0.0635233719951877
S413M,0.0280561157519108
S413N,0.0634934542288066
S413P,0.014346961099058
S413Q,0.0578331121405118
S413R,0.211508165380022
S413T,0.0302399811995713
S413V,0.0239720041484285
S413W,0.0293382636561196
S413Y,0.056431309415995
A414C,0.0679274120375561
A414D,0.00906759501727099
A414E,0.0282986888464664
A414F,0.0709510293275749
A414G,0.141860705318213
A414H,0.0678003753523549
A414I,0.0272753538869409
A414K,0.146940175139914
A414L,0.0774373232799621
A414M,0.0368653410789555
A414N,0.0129264778614934
A414P,0.0617401309096014
A414Q,0.021499430591828
A414R,0.0625189586592907
A414S,0.0961269351543417
A414T,0.0439683991213223
A414V,0.0483290146986492
A414W,0.00263432233314588
A414Y,0.0607887344299828
D415A,0.0217123120684759
D415C,0.177109933945936
D415E,0.0258305330752346
D415F,0.0942290830164681
D415G,0.0331921859626461
D415H,0.053540860752244
D415I,0.626491075130391
D415K,0.20102470945848
D415L,0.215727985591021
D415M,0.0979676071381848
D415N,0
D415P,0.0398586159225532
D415Q,0.150726824213175
D415R,0.182461672812961
D415S,0.00782104923453276
D415T,7.17783958652741E-05
D415V,0.0233436235207348
D415W,0.0775014411784606
D415Y,0.036066218976494
S416A,0.035471195583485
S416C,0.0827755652274883
S416D,0.0787039296354055
S416E,0.0196044564904728
S416F,0.0306629193240657
S416G,0.056988031799381
S416H,0.165886333041903
S416I,0.0315416599827988
S416K,0.135523080723894
S416L,0.0461279458374312
S416M,0.0934384564628294
S416N,0.0440368955512335
S416P,0.0339496598248316
S416Q,0.0996972346944892
S416R,0.148165025210163
S416T,0.0149831520988
S416V,0.0179358240002558
S416W,0.0486373052532638
S416Y,0.0378958091797584
T417A,0.040250937206456
T417C,0.154204368505469
T417D,0.0512552358234888
T417E,0.031274433623292
T417F,0.0169602218425555
T417G,0.0355844353345552
T417H,0.125112612620917
T417I,0.00200400826799363
T417K,0.296823379254714
T417L,0.234933143629294
T417M,0.02929831381341
T417N,0.0993057460926714
T417P,0.0354357889202892
T417Q,0.0626581414459437
T417R,0.0625467184124374
T417S,0.0187364699601655
T417V,0.289907957970168
T417W,0
T417Y,0.0733325581806245
Q418A,0.0393299658953953
Q418C,0.230860205585576
Q418D,0.0813952089454345
Q418E,0.0946514917912298
Q418F,0.101865223157515
Q418G,0.19552987512879
Q418H,0.0788891501089485
Q418I,0.236126868602429
Q418K,0.106244741199441
Q418L,0.115350982219104
Q418M,0.162324669707484
Q418N,0.124709100084085
Q418P,0.0257290275862347
Q418R,0.0697553152239339
Q418S,0.0285275166842901
Q418T,0.0558925620749232
Q418V,0.00030520961364232
Q418W,0.269044415174498
Q418Y,0.048799056786782
A419C,0.0771223286080559
A419D,0.0373789442354587
A419E,0.134528014253503
A419F,0.644789660226949
A419G,0.0390490471850852
A419H,0.0991272598865526
A419I,0.100104573451159
A419K,0.0844330847933866
A419L,0.165452058040858
A419M,0.0892539542066364
A419N,0.178878464456982
A419P,0.253507045901194
A419Q,0.338176395223924
A419R,0.0766571335939083
A419S,0.0975719661737672
A419T,0.000501002066998406
A419V,0.0257694971774577
A419W,0.0219522920087878
A419Y,0.208117782286884
