Mutation,Escape_Score
S2C,0.214940290675674
S2F,0.518434899346763
S2H,0.312799384078522
S2I,0.159603351780036
S2N,0.676460456625097
S2P,0.454145829011961
S2T,0.268074252286106
S2Y,0.261409861463144
D3A,0.851065403822367
D3C,0.285523109813164
D3E,0.164237608646774
D3F,0.720543190608176
D3G,0.0680546416535501
D3H,0.439362127837017
D3I,1
D3K,0.226196399427182
D3L,0.45651355019084
D3M,0.436676168615161
D3N,0.461270347654858
D3P,0.549099021168614
D3Q,0.275514334047555
D3R,0.222991114720352
D3S,0.335706746831576
D3T,0.373460440362115
D3V,0.375958973340342
D3W,0.657846623757424
D3Y,1
N4A,0.0883063937347497
N4C,0.441358624267108
N4D,0.111429149309476
N4E,0.153817297778316
N4F,0.0981249474414872
N4G,0.201682468384712
N4H,0.0554159951478171
N4I,0.0482155815729805
N4K,0.555491115533241
N4L,0.0444430098364715
N4M,0.18198441380401
N4P,0.223736418162509
N4Q,0.239444137922188
N4R,0.123834097747129
N4S,0.154392758904854
N4T,0.0834334237423055
N4V,0.123670205690551
N4W,0.263020293798746
N4Y,0.24044943654349
G5A,0.320189898811023
G5C,0.480267965906147
G5D,0.0886451000903866
G5E,0.154340521615713
G5F,0.140296271320686
G5H,0.246751848625008
G5I,0.0766658555987894
G5K,0.441944453087534
G5L,0.140574404579773
G5M,0.299346366160618
G5N,0.161761958666776
G5P,0.191727331022414
G5Q,0.310619845923581
G5R,0.655641737470093
G5S,0.345529801438462
G5T,0.289530138788271
G5V,0.219182458253616
G5W,0.243344646394428
G5Y,0.419172162821818
P6A,0.448625267447247
P6C,0.21871056587387
P6D,0.158370751705492
P6E,0.0918772048687502
P6F,0.220843107406941
P6G,0.211537052903806
P6H,0.403803736310237
P6I,0.120040309442118
P6K,0.584909417382602
P6L,0.191431324997456
P6M,0.231338271610517
P6N,0.171896180364674
P6Q,0.106392073393679
P6R,0.356453801858251
P6S,0.167420197057288
P6T,0.092365316383759
P6V,0.345826454512322
P6W,0.198524910890553
P6Y,0.256516237420691
Q7A,0.120851400448684
Q7C,0.208538718451056
Q7D,0.0605664551114568
Q7E,0.0483509959791137
Q7F,0.412670879697407
Q7G,0.226307370745637
Q7H,0.121474093304905
Q7I,0.287877156729176
Q7K,0.459635796458349
Q7L,0.114041690089431
Q7M,0.244016044867006
Q7N,0.225474662192736
Q7P,0.107953933773441
Q7R,0.550465236942514
Q7S,0.149322233040572
Q7T,0.102051856366093
Q7V,0.14319789957369
Q7W,0.18044900677501
Q7Y,0.295316229977988
N8A,0.219472655438359
N8C,0.426000694932871
N8D,0.184084259564332
N8E,0.160211354706506
N8F,0.247049335509585
N8G,0.0715585302473396
N8H,0.0327706045313423
N8I,0.148862621258347
N8K,0.522014831655358
N8L,0.22531561776679
N8M,0.205850453269139
N8P,0.215235257367609
N8Q,0.177579794581493
N8R,0.310442562656366
N8S,0.0760836859322801
N8T,0.0974661331356506
N8V,0.351935711159838
N8W,0.189768752309423
N8Y,0.140781807279125
Q9A,0.0876891784984861
Q9C,0.502964448879614
Q9D,0.277612814274213
Q9E,0.185567662277621
Q9F,1
Q9G,0.320431551056823
Q9H,0.121936088580192
Q9I,0.351577915444755
Q9K,0.411981061713459
Q9L,0.179421345067435
Q9M,0.108273293630964
Q9N,0.0473450861066993
Q9P,0.19311131259647
Q9R,0.252884938495497
Q9S,0.112889391680518
Q9T,0.116950094921228
Q9V,0.119948815303824
Q9W,0.492199209112499
Q9Y,0.616139957747698
R10A,0.144338130282325
R10C,0.607684350208244
R10D,0.112671191489414
R10E,0.117817744981167
R10F,0.201156398335605
R10G,0.151318307923262
R10H,0.0781714647360798
R10I,0.0494012750201044
R10K,0.119492302210374
R10L,0.0611037958479543
R10M,0.0874332252985259
R10N,0.137959147932025
R10P,0.250493815705158
R10Q,0.179677224565038
R10S,0.155047663535425
R10T,0.138860394219045
R10V,0.294919259279283
R10W,0.0641874085016402
R10Y,0.187088307055742
N11A,0.111560181501033
N11C,0.284413150410079
N11D,0.166265684579557
N11E,0.165604841856852
N11F,0.404728330619876
N11G,0.191152827717189
N11H,0.701435543503374
N11I,0.0658184027361209
N11K,0.319218621373079
N11L,0.350663761486298
N11M,0.202804454311085
N11P,0.568557384540124
N11Q,0.244850633753047
N11R,0.470261436708705
N11S,0.15628510137306
N11T,0.199943770673719
N11V,0.87844155928624
N11W,0.291943569014223
N11Y,0.154052335772314
A12C,0.411150432009871
A12D,0.503158213364732
A12E,0.0999059541348042
A12F,0.328400897826502
A12G,0.283183507434679
A12H,0.371841327441853
A12I,0.129088750716529
A12K,0.219655413201757
A12L,0.166880937875981
A12M,0.159494440349303
A12N,0.168396108393112
A12P,0.335708139426181
A12Q,0.254470851158579
A12R,0.37093629387261
A12S,0.178009146115781
A12T,0.248483988319201
A12V,0.176577320189312
A12W,0.831511704003982
A12Y,0.277149952491398
P13A,0.190731331755196
P13C,0.186496160959476
P13D,0.130703687491339
P13E,0.271704282755627
P13F,0.823454146972602
P13G,0.226349371040711
P13H,0.520910860795358
P13I,0.274079935486975
P13K,0.2911831664796
P13L,0.565625528376317
P13M,0.156656043119692
P13N,0.28505564524783
P13Q,0.18032845543987
P13R,0.204965168606884
P13S,0.179278336851951
P13T,0.127415941985206
P13V,0.137338395319427
P13W,0.326777784903312
P13Y,0.170753304178303
R14A,0.205322676544062
R14C,0.409727803040599
R14D,0.0783717936349885
R14E,0.258115902169664
R14F,0.0618602872421409
R14G,0.201345048830286
R14H,0.178015909638183
R14I,0.110456177271501
R14K,0.171116766115379
R14L,0.0607927718888774
R14M,0.114363104749589
R14N,0.14081996275115
R14P,0.0557950064218134
R14Q,0.0972785593979517
R14S,0.10207390195651
R14T,0.265784258654612
R14V,0.225319629600573
R14W,0.0683651680307892
R14Y,0.0688598371605146
I15A,0.34967410821786
I15C,0.113872976620133
I15D,0.209834995900812
I15E,0.0781550181032633
I15F,0.1817941750142
I15G,0.0756343918721332
I15H,0.131376865542374
I15K,0.0838217982316037
I15L,0.0619665645494403
I15M,0.199038169070763
I15N,0.106713083959953
I15P,0.058572340442221
I15Q,0.0883874671723678
I15R,0.317675658588512
I15S,0.0487695626504463
I15T,0.311346691603886
I15V,0.248756479596113
I15W,0.141344179831331
I15Y,0.178671867005333
T16A,1
T16C,0.206241339285047
T16D,0.0722205721006857
T16E,0.210129311481151
T16F,0.304265437402266
T16G,0.435644890471104
T16I,0.0422803006430052
T16K,0.0811139870898792
T16L,0.366974551738952
T16M,0.11970361237345
T16N,0.146283762493451
T16R,0.209420617644788
T16S,0.0573316589377535
T16V,0.11547733465248
T16W,0.242870738071215
T16Y,0.145608770484854
F17A,0.0623055683733642
F17C,0.215566531990746
F17D,0.0619851103361955
F17E,0.637497750400717
F17G,0.106449103000474
F17H,0.20022761090353
F17I,0.237467408589914
F17K,0.180187169004081
F17L,0.0914550882757193
F17M,0.141745016147486
F17N,0.336958686100847
F17P,0.133511932228637
F17Q,0.0929675626708932
F17R,0.113477612391158
F17S,0.256067010765259
F17T,0.218281753996178
F17V,0.206177653940938
F17W,0.214996362232349
F17Y,0.249178341864731
G18A,0.15512814982756
G18C,0.674455052908356
G18D,0.120783373791073
G18E,0.25458524064485
G18F,0.173408860830135
G18H,0.146221592069767
G18I,0.65993040787298
G18K,0.213914572665229
G18L,0.427917978619675
G18M,0.198120648124918
G18N,0.698911486132005
G18P,0.196995203892183
G18Q,0.154292411222972
G18R,0.512615357568587
G18S,0.136230784006335
G18T,0.158923780500584
G18V,0.33672689251599
G18W,0.0880407743729461
G18Y,0.227948074977929
G19A,0.125748054232221
G19C,0.108465750381412
G19D,0.0547172592173077
G19E,0.1839910523443
G19F,0.162511298153567
G19H,0.200425556314707
G19I,0.0678355597594525
G19K,0.389205758826991
G19L,0.312298753900955
G19M,0.251402622174536
G19N,0.204756552336989
G19P,0.0537910332508855
G19Q,0.124701656205721
G19R,0.401280579858724
G19S,0.484441365539769
G19T,0.286574545160266
G19V,0.203013750933536
G19W,0.0279739286574288
G19Y,0.153157784830089
P20A,0.104182347312857
P20C,0.147727442830979
P20D,0.0559235361249147
P20E,0.179833306302584
P20F,0.199191773953776
P20G,0.0832052774342408
P20H,0.483186040446498
P20I,0.121269166361359
P20K,0.186265897928294
P20L,1
P20M,0.11754829027192
P20N,0.288870815554179
P20Q,0.042455962513688
P20R,0.306440371543852
P20S,0.174867529087558
P20T,0.103898211702418
P20V,0.281139738371731
P20W,0.112692932336484
P20Y,0.184588449380847
S21A,0.137123460278872
S21C,0.0761409990943606
S21D,0.138199988371267
S21E,0.120734261241267
S21F,0.363095623752658
S21G,0.320580123136734
S21H,0.230876803134739
S21I,0.118381539842537
S21K,0.353185364024997
S21L,0.170217820887584
S21M,0.292866907571921
S21N,0.121817350673588
S21P,0.0735651468656224
S21Q,0.20297443552702
S21R,0.350229168960607
S21T,0.0615656773883303
S21V,0.56316312806604
S21W,0.111128014491338
S21Y,0.473715490217846
D22A,0.181696379355879
D22C,0.384593495743037
D22E,0.587976632973236
D22F,0.175699673121094
D22G,0.131725358013171
D22H,0.0670660584551244
D22I,0.299044805050567
D22K,0.0948397316462766
D22L,0.403413635395858
D22M,1
D22N,0.296825796505601
D22P,0.135414146826648
D22Q,0.33088968536618
D22R,1
D22S,0.284047305420141
D22T,0.329972401345235
D22V,0.752752989327175
D22W,0.0925384876818804
D22Y,0.471242610071146
S23A,0.116302814376928
S23C,0.155119348535573
S23D,0.358269708806698
S23E,0.279770725804797
S23F,0.229872685786813
S23G,0.167988017452867
S23H,0.16757491696057
S23I,0.426158760398213
S23K,0.536676738537795
S23L,0.124945226777301
S23M,0.225861067114646
S23N,0.145961811393809
S23P,0.0775100464058363
S23Q,0.096228222095073
S23R,0.271154002396361
S23T,0.139270955482266
S23V,0.168883157865582
S23W,0.233084394461839
S23Y,0.109272172343084
T24A,0.214612447051302
T24C,0.177803260997686
T24D,0.0716067234937183
T24E,0.100979138580849
T24F,0.313943072370988
T24G,0.31555765256852
T24H,0.264879021394294
T24I,0.0980554456573228
T24K,0.273568946629231
T24L,0.284182117377927
T24M,0.231633170931213
T24N,0.0731538572037642
T24P,0.196632689437544
T24Q,0.236153848281942
T24R,0.274952387562027
T24S,0.188204208112694
T24V,0.375104952451886
T24W,0.119583031912092
T24Y,0.154391146680205
G25A,0.191918104486118
G25C,0.31136972262806
G25D,0.0835988129376158
G25E,0.404259376394232
G25F,0.118137011373525
G25H,0.182869206594186
G25I,0.0896832492482596
G25K,0.170997527822161
G25L,0.22584381611486
G25M,0.3101115712733
G25N,0.144970732446733
G25P,0.396388511847403
G25Q,0.173668964827803
G25R,0.186472152526921
G25S,0.113406152650888
G25T,0.0580531896530277
G25V,0.0851815314752483
G25W,0.264687316438018
G25Y,0.111038331881254
S26A,0.639124473362677
S26C,0.291118009813472
S26D,0.184334650488801
S26E,0.236377687946361
S26F,0.146460051783573
S26G,0.271241039631762
S26H,0.243119255682953
S26I,0.0654533694790944
S26K,0.176015893398268
S26L,0.286096997632795
S26M,0.197179850143312
S26N,0.111400488475544
S26P,0.154045645610528
S26Q,0.29319682647006
S26R,0.132793416613129
S26T,0.368989124341795
S26V,0.0847130834796707
S26W,0.201429197416774
S26Y,0.254677038207582
N27A,0.14123611064384
N27C,0.362132636800362
N27D,0.247206012347408
N27E,0.128954182682202
N27F,0.305271663385776
N27G,0.110721983357376
N27H,0.521846282672382
N27I,0.226749467326614
N27K,0.154947067095901
N27L,0.219325496309343
N27M,0.342011490866296
N27P,0.0502239671440856
N27Q,0.370750883666364
N27R,0.334212223286057
N27S,0.074231272153495
N27T,0.0995085580020495
N27V,0.141813420478456
N27W,0.161690382337108
N27Y,0.34878290223832
Q28A,0.167540715092235
Q28C,0.226966037527207
Q28D,0.104928769648495
Q28E,0.0565598063403431
Q28F,0.13552076851415
Q28G,0.239360546360018
Q28H,0.29550681238616
Q28I,0.232941110828833
Q28K,0.291656365978475
Q28L,0.19668168077454
Q28M,0.255732946138195
Q28N,0.160766114322317
Q28P,0.12035268336882
Q28R,0.368512904818239
Q28S,0.299459759678854
Q28T,0.481914498234796
Q28V,0.128979956222775
Q28W,1
Q28Y,0.330625832258509
N29A,0.172990401520744
N29C,0.204153571032869
N29D,0.180769334930907
N29E,0.425966640919939
N29F,0.121837193708729
N29G,0.126259199617639
N29H,0.10315008687061
N29I,0.153494872009021
N29K,0.185375441833182
N29L,0.146641650258759
N29M,0.228804098556426
N29P,0.641171093994253
N29Q,0.294886462807924
N29R,0.36636755119158
N29S,0.216876498626052
N29T,0.226361989985127
N29V,0.192457200285236
N29W,0.208840075111268
N29Y,0.163156775353688
G30A,0.0737316555840594
G30C,0.256113375022478
G30D,0.24299308390581
G30E,0.135661954532988
G30F,0.471005908369755
G30H,0.118121340278419
G30I,0.210897189637065
G30K,0.113173080698875
G30L,0.109038897931968
G30M,0.245542280739592
G30N,0.109083496608141
G30P,0.281869602235882
G30Q,0.200314521557385
G30R,0.532162295625223
G30S,0.180692595320237
G30T,0.0810043947506341
G30V,0.29775529446008
G30W,0.381883897798363
G30Y,0.246180962996532
E31A,0.130810629849251
E31C,0.645058073411673
E31D,0.140568575791614
E31F,0.488230769667192
E31G,0.251282602907671
E31H,0.228001880329582
E31I,0.251739996815654
E31K,0.112378413215924
E31L,0.12159399855612
E31M,0.232183080245783
E31N,0.185341135736874
E31P,0.0954637797153527
E31Q,0.41142748862482
E31R,0.445469072912914
E31S,0.372295828718951
E31T,0.0454897895963066
E31V,0.077433021040779
E31W,0.771691163418844
E31Y,0.168518439665258
R32A,0.128425763381832
R32C,0.141884014461577
R32D,0.112372286847636
R32E,0.158120845918985
R32F,0.143506978429462
R32G,0.164501232416672
R32H,0.0720493440089707
R32I,0.0957852920760275
R32K,0.133915458181666
R32L,0.0855366134505788
R32M,0.0993287862132111
R32N,0.205560845140482
R32Q,0.0674088853046797
R32S,0.124728289650843
R32T,0.205261954456087
R32V,0.0536054964372713
R32W,0.178751965119769
R32Y,0.141951892732664
S33A,0.13229841950816
S33C,0.844095071541575
S33D,0.126383110873481
S33E,0.0375092406765526
S33F,0.136371863671825
S33G,0.250099257424185
S33H,0.245064890310314
S33I,0.115105095258168
S33K,0.051118373624807
S33L,0.0844665741275616
S33M,0.0769654862286724
S33N,0.166856858656529
S33P,0.103193707893206
S33Q,0.0637901664680363
S33R,0.334104006097408
S33T,0.170482524043641
S33V,0.242467645859816
S33W,0.171488617116497
S33Y,0.0961658605453068
G34A,0.166140284551259
G34C,0.237413214630149
G34D,0.150949336434548
G34E,0.109362073250444
G34F,0.245745226722398
G34H,0.375343855555552
G34I,0.161884045654184
G34K,0.160076948249315
G34L,0.533826259099899
G34M,0.30007370069282
G34N,0.423423556496536
G34P,0.236015595624363
G34Q,0.289370295508892
G34R,0.171941088516358
G34S,0.486264803731681
G34T,0.0959806695109667
G34V,0.113041787009767
G34W,0.204591141862741
G34Y,0.532804394033339
A35C,0.35411184119575
A35D,0.0842266657414098
A35E,0.0822465435891933
A35F,0.204085901607606
A35G,0.267856563623315
A35H,0.617583383835617
A35I,0.193567999151642
A35K,0.16010280374243
A35L,0.23730200247527
A35M,0.212874278322629
A35N,0.0476324771079921
A35P,0.140367266917763
A35Q,0.196710317920505
A35R,0.375563248524391
A35S,0.204666167472222
A35T,0.0406333785813909
A35V,0.25703317565105
A35W,0.129925970480117
A35Y,0.299917729565099
R36A,0.0904461443942655
R36C,0.103246282190972
R36D,0.0334215942277145
R36E,0.0997742435374852
R36F,0.102890989825958
R36G,0.252980090095449
R36H,0.076823298596076
R36I,0.0528666143043117
R36K,0.240134099440183
R36L,0.0383897879314294
R36M,0.13520984174557
R36N,0.28928544286075
R36P,0.0438451761758213
R36Q,0.1127624030864
R36S,0.271950068856878
R36T,0.158831353511489
R36V,0.0460284178504136
R36W,0.0570419934503079
R36Y,0.0946743850710039
S37A,0.45972777880705
S37C,0.321275263184516
S37D,0.0135206492397265
S37E,0.312871688221407
S37F,0.602711008346421
S37G,0.165017591014084
S37H,0.192616835449053
S37I,0.2027303920628
S37K,0.0780852564448211
S37L,0.21219664587427
S37M,0.148835896859241
S37N,0.184832845411991
S37P,0.167234995672152
S37Q,0.136720644878012
S37R,0.142676294791367
S37T,0.144256012132116
S37V,0.38963641024753
S37W,0.649758070179369
S37Y,0.251846846345401
K38A,0.047822280644687
K38C,0.0860138521875345
K38D,0.0487022039871451
K38E,0.0524715560086137
K38F,0.0287366283336578
K38G,0.0103926771382374
K38H,0.0697338687915958
K38I,0.0686266397321212
K38L,0.0830414875180317
K38M,0.0552489248939131
K38N,0.0620251222506874
K38P,0.0474792075899365
K38Q,0.0929364463251927
K38R,0.124667613875421
K38S,0.0571976122557059
K38T,0.0393064684165691
K38V,0.067590767749467
K38W,0.0459108729429093
K38Y,0.092377263204849
Q39A,0.197176134746011
Q39C,0.141620726861133
Q39D,0.0599535033620366
Q39E,0.169735228127215
Q39F,0.145420368570072
Q39G,0.219765890065495
Q39H,0.385777577081199
Q39I,0.12961574285298
Q39K,0.671758374637736
Q39L,0.0635209966304449
Q39M,0.20823948990093
Q39N,0.169623503573654
Q39P,0.104694883371709
Q39R,0.106663465719236
Q39S,0.345865561880242
Q39T,0.303000947524142
Q39V,0.103441306765784
Q39W,0.125859138587094
Q39Y,0.288003059706097
R40A,0.0438882487003137
R40C,0.0587336254836287
R40D,0.0932229489204461
R40E,0.120317682222566
R40F,0.0586356931953959
R40G,0.134043305276942
R40H,0.253508843691769
R40I,0.0489423259768109
R40K,0.211076007142417
R40L,0.00894682205556856
R40M,0.0477733103932134
R40N,0.160463248992547
R40P,0.0436835725754367
R40Q,0.0365495705256198
R40S,0.0544863925077278
R40T,0.0460592831911768
R40V,0.0587781625163765
R40W,0.0817249359917846
R40Y,0.0339155808535411
R41A,0.190793641387241
R41C,0.372593050262558
R41D,0.0629396019681181
R41E,0.116907859422882
R41F,0.109936393325207
R41G,0.099029506480646
R41H,0.147109181819801
R41I,0.155787180851917
R41K,0.237293282880827
R41L,0.0385742442019043
R41M,0.203747105442165
R41N,0.0795628992220007
R41P,0.51497459573903
R41Q,0.141045340608516
R41S,0.116177418503627
R41T,0.0838605575107048
R41V,0.0669776887962181
R41W,0.133561382699004
R41Y,0.207479031876884
P42A,0.252423500083188
P42C,0.197063327750348
P42D,0.32001353726461
P42E,0.13971661220149
P42F,0.392732237101974
P42G,0.086189636153848
P42H,0.108471313393244
P42I,0.0701679623866954
P42K,0.414393774600068
P42L,0.03342323759768
P42M,0.235716722381913
P42N,0.272786821900631
P42Q,0.212465037854676
P42R,0.0409189938494649
P42S,0.0923146023907606
P42T,0.332601434765764
P42V,0.213281560348941
P42W,0.310147119035889
P42Y,0.0760141776877453
Q43A,0.0473773240774836
Q43C,0.126526380369908
Q43D,0.169753896492497
Q43E,0.0506587422785083
Q43F,0.140986093758817
Q43G,0.425436434804198
Q43H,0.179282926788633
Q43I,0.210383823031529
Q43K,0.134075886808521
Q43L,0.241845581387097
Q43M,0.173598649057897
Q43N,0.0915276743469214
Q43P,0.151569856722979
Q43R,0.144296126288134
Q43S,0.167984937740448
Q43T,0.113445375172302
Q43V,0.109154176796305
Q43W,0.446511034979155
Q43Y,0.285666967426073
G44A,0.0497497630903899
G44C,0.744061725631844
G44D,0.0722704159152744
G44E,0.087709384076674
G44F,0.0785809256884988
G44H,0.131806398502432
G44I,0.0152585065404157
G44K,0.0516849513076666
G44L,0.366439582336078
G44M,0.196061183343408
G44N,0.112481387968845
G44P,0.137978184247912
G44Q,0.0476719650566478
G44R,0.0607791155683147
G44S,0.0749822107411664
G44T,0.398138773841444
G44V,0.186747741083421
G44W,0.267740203796113
G44Y,0.15895168171077
L45A,0.16427427155517
L45C,0.235235309164742
L45D,0.19941756860458
L45E,0.133452986563194
L45F,0.382557652175168
L45G,0.159318694787829
L45H,0.0189121400144586
L45I,0.816330099912241
L45K,0.0767382695714593
L45M,0.166939072845528
L45N,0.25433928095605
L45P,0.145930094954556
L45Q,0.0778081831998184
L45R,0.412304879202913
L45S,0.117092891129923
L45T,0.126203505420591
L45V,0.154380300508041
L45W,0.196683498505591
L45Y,0.129018115973137
P46A,0.149206824150808
P46C,0.0917988195160352
P46D,0.0300244682368882
P46E,0.198623779078954
P46F,0.123632304667806
P46G,0.109205573585307
P46H,0.175620950916941
P46I,0.347503427977832
P46K,0.0700686418132702
P46L,0.243766947230351
P46M,0.192793643283956
P46N,0.0701253032802978
P46Q,0.479060730809269
P46R,0.550561523931414
P46S,0.193142395077868
P46T,0.108343257594365
P46V,0.227505077600159
P46W,0.092344700523639
P46Y,0.107650082733468
N47A,0.483447365962889
N47C,0.857068582920519
N47D,0.202029658689731
N47E,0.380481788057219
N47F,0.428590990979657
N47G,0.14642115152188
N47H,0.428957035248789
N47I,0.735607476654407
N47K,0.313636907414287
N47L,0.759066671915747
N47M,1
N47P,0.385920128282989
N47Q,0.253001282699661
N47R,0.889980499138398
N47S,0.391635001204003
N47T,1
N47V,0.351517454012717
N47W,1
N47Y,0.541381884126666
N48A,0.11698188347652
N48C,0.102533601385179
N48D,0.191089059376692
N48E,0.368278566556641
N48F,1
N48G,0.196504020138021
N48H,0.235859749696429
N48I,0.478000387963634
N48K,0.265758155008013
N48L,0.285442677602503
N48M,0.192538670174551
N48P,0.453769846938847
N48Q,0.41455994061146
N48R,0.304042017718098
N48S,0.133257623786297
N48T,0.087987532229137
N48V,0.190740473871011
N48W,1
N48Y,0.805455156730874
T49A,0.139140625752435
T49C,0.300832550874099
T49D,0.372012554150401
T49E,0.255341311710056
T49F,1
T49G,0.722943537224129
T49H,0.584909417382602
T49I,0.398996705556417
T49K,0.118288624088546
T49L,0.605135034510301
T49M,0.251396335160738
T49N,0.324438214391578
T49P,0.0710504221562299
T49Q,0.265286036381714
T49R,0.996239326572784
T49S,0.355542374612058
T49V,0.0704352695089399
T49W,0.134586396663404
T49Y,0.796956144623018
A50C,0.0644371131214733
A50D,0.155434617940966
A50E,0.191984650292111
A50F,0.24213966453856
A50G,0.101729300511444
A50H,0.133649039416001
A50I,0.204910512010219
A50K,0.36874724139338
A50L,0.308615319948656
A50M,0.118364857358635
A50N,0.38291352577759
A50P,0.42959872124508
A50Q,0.146904927869648
A50R,0.103952734193176
A50S,0.246177673293711
A50T,0.182048635102795
A50V,0.15124762241276
A50W,0.360340333429878
A50Y,0.400076345052901
S51A,0.0623161415732445
S51C,0.146883254590264
S51D,0.102732947393029
S51E,0.139308674128415
S51F,0.577928782858799
S51G,0.133385036977368
S51H,0.240223633842718
S51I,0.190072738096828
S51K,0.411390715941628
S51L,0.414622406925304
S51M,0.146253608749065
S51N,0.239970019753877
S51P,0.124596046891511
S51Q,0.128008617122658
S51R,0.364445122536537
S51T,0.148282477339078
S51V,0.212066248593307
S51W,0.647883179778524
S51Y,0.176725243876675
W52A,0.0540170064467552
W52C,0.244115065685548
W52D,0.0488671615191723
W52E,0.0966551837604471
W52F,0.233807140690951
W52G,0.3257742411978
W52H,0.11174333716304
W52I,0.0820447124897326
W52K,0.160207736057221
W52L,0.262257021421564
W52M,0.183102078484989
W52N,0.510228405249891
W52P,0.278910751351449
W52Q,0.0682874866247485
W52R,0.291583404937198
W52S,0.121432482857534
W52T,0.242479310407233
W52V,0.105035750228057
W52Y,0.209655452405352
F53A,0.167695431104375
F53C,0.304233813361516
F53D,0.184602840413777
F53E,0.218940137050635
F53G,0.184612988386522
F53H,0.0821406064675314
F53I,0.231067392482692
F53K,0.0975542794542606
F53L,0.16949688267949
F53M,0.101803054590453
F53N,0.046268553567723
F53P,0.392048413912145
F53Q,0.442496689672056
F53R,0.427482782294243
F53S,0.0444821574748576
F53T,0.128105334744484
F53V,0.346666474516129
F53W,0.199667620957483
F53Y,0.0919679885873801
T54A,0.200426101850691
T54C,0.222625872964535
T54D,0.243955438973812
T54E,0.0301234208452821
T54F,0.0580841323254849
T54G,0.191909950249863
T54H,0.0944809153017627
T54I,0.121503957779578
T54K,0.320985477688038
T54L,0.223522365719753
T54M,0.115962803290097
T54N,0.187977280985376
T54P,0.192570887154438
T54Q,0.0873918647519151
T54R,0.0955515372692953
T54S,0.234092278692587
T54V,0.111722660506273
T54W,0.0844997486526983
T54Y,0.677406788731962
A55C,0.321446786602327
A55D,0.135826433052133
A55E,0.0736180623765335
A55F,0.0546442818493976
A55G,0.073649472176389
A55H,0.0547042488072798
A55I,0.2153995500247
A55K,0.0983301334758088
A55L,0.130426130545795
A55M,0.208981619583542
A55N,0.0949327522190689
A55P,0.220588078990639
A55Q,0.121862563772387
A55R,0.230148525154796
A55S,0.388327245208403
A55T,0.187420023912224
A55V,0.0987535162521114
A55W,0.0734521255190639
A55Y,0.0876147868306189
L56A,0.202594513783938
L56C,0.183575855710119
L56D,0.271741693318199
L56E,0.0761820751304019
L56F,0.170619317234078
L56G,0.0861768187619703
L56H,0.450420041140888
L56I,0.220031800938104
L56K,0.0576413071254072
L56M,0.0714645211887675
L56N,0.175729305227019
L56P,0.343779907347839
L56Q,0.0712743241172057
L56R,0.100480682977025
L56S,0.0941876489657663
L56T,0.0699274790699167
L56V,0.0431255021108385
L56W,0.0580248940169507
L56Y,0.239495657366012
T57A,0.138781664071231
T57C,0.283334244787437
T57D,0.0454931576565348
T57E,0.0167183816164036
T57F,0.0549907215681493
T57G,0.56411808287074
T57H,0.115052945291423
T57I,0.111402843730014
T57K,0.275539564297926
T57L,0.0711888484731075
T57M,0.326860521702919
T57N,0.0812351765020604
T57P,0.073106629156006
T57Q,0.12360065277209
T57R,0.322831488060556
T57S,0.247287841977077
T57V,0.152420750048053
T57W,0.0872501094574363
T57Y,0.14075847938587
Q58A,0.109140876998089
Q58C,0.836389082915427
Q58D,0.0660051843688044
Q58E,0.181846392797305
Q58F,0.135408371118698
Q58G,0.321850237336967
Q58H,0.152834530746446
Q58I,0.106987903046162
Q58K,0.470048437429138
Q58L,0.0922762326994251
Q58M,0.0866075167756302
Q58N,0.0732113577341984
Q58P,0.108470459772357
Q58R,0.101708345271055
Q58S,0.699142730270281
Q58T,0.143354002266375
Q58V,0.0944782026714067
Q58W,0.19662099860022
Q58Y,0.184663985417555
H59A,0.247457429891501
H59C,0.0748522926813276
H59D,0.0549538375110314
H59E,0.114703905128941
H59F,0.522729960205477
H59G,0.0599170158742544
H59I,0.0628012268660783
H59K,0.0881748265143483
H59L,0.182803863046329
H59M,0.154866042081558
H59N,0.0545151491116151
H59P,0.0752930358080551
H59Q,0.0466052682126936
H59R,0.052049720479767
H59S,0.0434217790958642
H59T,0.255716307388702
H59V,0.0888668328212329
H59W,0.331385261654831
H59Y,0.363030927733696
G60A,0.108936144916128
G60C,0.364265128286439
G60D,0.0841104497557299
G60E,0.0329292924555867
G60F,0.0905196090680129
G60H,0.406382722431523
G60I,0.0922531562238117
G60K,0.186542471960796
G60L,0.19621405803221
G60M,0.0835488693154942
G60N,0.0643387519583215
G60P,0.327677221017098
G60Q,0.226447992278385
G60R,0.15097058143755
G60S,0.0427630416127411
G60T,0.0925469670926724
G60V,0.0912200825159217
G60W,0.139779416809796
G60Y,0.155582422500652
K61A,0.240137288580282
K61C,0.0654341278623701
K61D,0.160538993429892
K61E,0.0879262809014453
K61F,0.249788794454239
K61G,0.0796186305056397
K61H,0.0855105491678129
K61I,0.153791802166694
K61L,0.111725875731912
K61M,0.227573031954629
K61N,0.144066637598009
K61P,0.11693754797402
K61Q,0.109408838541277
K61R,0.152486740148071
K61S,0.0750209904903772
K61T,0.216110597938945
K61V,0.150886622132908
K61W,0.0484476190593004
K61Y,0.0653086098587767
E62A,0.42723818313164
E62C,0.289798472569416
E62D,0.053106231595943
E62F,0.338609119553509
E62G,0.0880557077365891
E62H,0.347504891504488
E62I,0.360182019221304
E62K,0.363369418109205
E62L,0.923116290838201
E62M,0.181754861090758
E62N,0.292559539089683
E62P,0.284400612736473
E62Q,0.270098519971555
E62R,0.426531276797163
E62S,0.21408187508294
E62T,0.421779417626154
E62V,0.22155134464264
E62W,0.315445503229945
E62Y,0.4790823410649
D63A,0.606703564096473
D63C,0.158830066326404
D63E,0.0811011510749898
D63F,0.194130099959372
D63G,0.448854400730562
D63H,0.111718017935695
D63I,0.125054016736122
D63K,0.30789000719698
D63L,0.127284527975297
D63M,0.394562615090314
D63N,0.285523379763385
D63P,0.131495950765292
D63Q,0.210808169907215
D63R,0.714107691997264
D63S,0.343893603738066
D63T,0.677667029526711
D63V,0.234557716570866
D63W,0.127254145901895
D63Y,0.239237483027549
L64A,0.32372286446862
L64C,0.182504617833149
L64D,0.755422326168761
L64E,0.189424786415195
L64F,0.0937745318977143
L64G,0.424955467457677
L64H,0.323389561889994
L64I,0.0766548968160928
L64K,0.220071380144205
L64M,0.0817933860997042
L64N,0.201118255382614
L64P,0
L64Q,0.103334668778381
L64R,0.275652075349089
L64S,0.0701214930808396
L64T,0.118198553174274
L64V,0.086985878240912
L64W,0.0850843642658811
L64Y,0.312550592322936
K65A,0.19836512393182
K65C,0.308571791872737
K65D,0.0849906275673547
K65E,0.10425102839335
K65F,0.0832064487566452
K65G,0.0651066919253027
K65H,0.158971583490568
K65I,0.08292757601252
K65L,0.0902464804185829
K65M,0.109414870971066
K65N,0.0831700126061937
K65P,0.116932694222683
K65Q,0.0818455314631865
K65R,0.0838757958320106
K65S,0.0569033066961292
K65T,0.105607973518328
K65V,0.142821431630325
K65W,0.223481941722412
K65Y,0.136996639653215
F66A,0.128325247992534
F66C,0.14854696609152
F66D,0.157917702840053
F66E,0.165718064442019
F66G,0.328994226590535
F66H,0.187467173603774
F66I,0.227437119449787
F66K,0.110359883847849
F66L,0.220559291776704
F66M,0.109131787871615
F66N,0.199722750444956
F66P,0.400873767489093
F66Q,0.0484674982123751
F66R,0.262925053602937
F66S,0.105982800375455
F66T,0.237624392769493
F66V,0.298812419749808
F66W,0.155551683502812
F66Y,0.15924881534902
P67A,0.24637242206993
P67C,0.22787342173856
P67D,0.109495373497434
P67E,0.0382551303829601
P67F,0.219431586453434
P67G,0.237612891268527
P67H,0.0512511985314429
P67I,0.100787725615657
P67K,0.263317178587171
P67L,0.229909262052502
P67M,0.256206301095086
P67N,0.0652818773556208
P67Q,0.104536397694952
P67R,0.335179552441733
P67S,0.119004336443163
P67T,0.149191415874507
P67V,0.097813840634336
P67W,0.219170389183961
P67Y,0.110647158567136
R68A,0.165438618197902
R68C,0.183098338654954
R68D,0.0879216239652949
R68E,0.124529199659101
R68F,0.155845262236659
R68G,0.043191014168211
R68H,0.0447509208714435
R68I,0.131569312611328
R68K,0.184022739428144
R68L,0.149699153380759
R68M,0.213211126031855
R68N,0.183532564883674
R68P,0.264472509840626
R68Q,0.364749848031583
R68S,0.137518171614148
R68T,0.191964754487208
R68V,0.22169598943863
R68W,0.0495474115547367
R68Y,0.130967126514289
G69A,0.130784527610682
G69C,0.0841891487473036
G69D,0.117335589057845
G69E,0.212005121166592
G69F,0.0642802349242523
G69H,0.228633705893801
G69I,0.142715631161426
G69K,0.265755448988717
G69L,0.115198367172979
G69M,0.145990486436054
G69N,0.258956642777911
G69P,0.367308144789902
G69Q,0.173689662475379
G69R,0.19631557332868
G69S,0.0429303652585188
G69T,0.222450530199818
G69V,0.156386468557038
G69W,0.134536488157705
G69Y,0.174332803926857
Q70A,0.259244213721167
Q70C,0.206303003755416
Q70D,0.0720752822444183
Q70E,0.240825351199169
Q70F,0.344386376383422
Q70G,0.074813132220978
Q70H,0.24402570872526
Q70I,0.130070301713321
Q70K,0.405745934773396
Q70L,0.0601697640286281
Q70M,0.0701301614782224
Q70N,0.253737878527319
Q70P,0.16877008749766
Q70R,0.197824871200863
Q70S,0.111576847342531
Q70T,0.0651382341115092
Q70V,0.0534313649209782
Q70W,0.262103632833848
Q70Y,0.174907812032955
G71A,0.351247442141209
G71C,0.0919877738985403
G71D,0.250838802669566
G71E,0.167855067866829
G71F,0.319863507476863
G71H,0.348406240983649
G71I,0.177281988355159
G71K,0.179288349197952
G71L,0.295590665524775
G71M,0.283485810270596
G71N,0.266472026714412
G71P,0.264163844203043
G71Q,0.251521304488293
G71R,0.0861902026644426
G71S,0.226311348953432
G71T,0.292176207189181
G71V,0.230449172178557
G71W,0.29237523730307
G71Y,0.104673766980865
V72A,0.192082277372761
V72C,0.353801481843861
V72D,0.1936951239721
V72E,0.203830128240792
V72F,0.0759619775667314
V72G,0.186194005525238
V72H,0.146663286204628
V72I,0.0313381824714608
V72K,0.118543851142139
V72L,0.0920301546879358
V72M,0.246679189070054
V72N,0.207496254671469
V72P,0.257603726540398
V72Q,0.201299522098684
V72R,0.220507139262494
V72S,0.219351512666582
V72T,0.111259048211714
V72W,0.178491993220989
V72Y,0.178929172000179
P73A,0.345752093072833
P73C,0.124467675610995
P73D,0.34160431093953
P73E,0.187899224174293
P73F,1
P73G,0.22458501588801
P73H,0.974785773653459
P73I,0.36704637480007
P73K,0.238005937028668
P73L,0.249448590140036
P73M,0.350405036477896
P73N,0.658843065937608
P73Q,0.369083356319903
P73R,0.320441047481579
P73S,0.367821222244319
P73T,0.381087073368334
P73V,0.32843240305172
P73W,0.401206532177984
P73Y,0.343420373802273
I74A,0.220462885849559
I74C,0.128507670287339
I74D,0.153595799277228
I74E,0.17090052445943
I74F,0.0808472763877802
I74G,0.0777563260957415
I74H,0.169272527226385
I74K,0.178753371050952
I74L,0.166480482641752
I74M,0.0649354934776954
I74N,0.174143808023324
I74P,0.0542681967383268
I74Q,0.0438136391229535
I74R,0.221664265129708
I74S,0.0606225101452408
I74T,0.133588128122645
I74V,0.170245503249945
I74W,0.0751805173085382
I74Y,0.0997874703895435
N75A,0.134469445681666
N75C,0.138537374400615
N75D,0.132646808874919
N75E,0.0718127964056233
N75F,0.0290893833521249
N75G,0.192373812332591
N75H,0.155819222928015
N75I,0.1945459583903
N75K,0.18952325722704
N75L,0.205713229618868
N75M,0.134047681478776
N75P,0.433689702946001
N75Q,0.166753050439667
N75R,0.0716189789591245
N75S,0.124603545449942
N75T,0.58688000067494
N75V,0.109079355697302
N75W,0.193665138740987
N75Y,0.133953828079682
T76A,0.492332812892917
T76C,0.189068378205913
T76D,0.119745684371895
T76E,0.125342786874008
T76F,0.200410220457279
T76G,0.164126087074787
T76H,0.254673143765527
T76I,0.573111034055998
T76K,0.190169420162782
T76L,0.0737353276236293
T76M,0.359846445911471
T76N,0.712063638552733
T76P,0.100231201829222
T76Q,0.120657639557096
T76R,0.120659218310179
T76S,0.109128096840715
T76V,0.611336281456924
T76W,0.202329768991237
T76Y,0.239648774144361
N77A,0.427235070421207
N77C,0.366336213903655
N77D,0.0461265781119058
N77E,0.0527544831897278
N77F,0.104656121592061
N77G,0.179322811755661
N77H,0.427775353946689
N77I,0.158375240320052
N77K,0.223476779021452
N77L,0.133336320627426
N77M,0.187861012203782
N77P,0.147476009677806
N77Q,0.139918388059772
N77R,0.224797185925693
N77S,0.08947043090281
N77T,0.0457557006696291
N77V,0.0778342655284521
N77W,0.40187651079393
N77Y,0.328161853189706
S78A,0.0899310226946382
S78C,0.384740012971926
S78D,0.0997093129696796
S78E,0.0618775406563035
S78F,0.135456425976086
S78G,0.117459942394144
S78H,0.249299434082789
S78I,0.159817609950078
S78K,0.0752517312895894
S78L,0.314123382652092
S78M,0.154206323716884
S78N,0.302598147698282
S78P,0.162358158973249
S78Q,0.0793198243248726
S78R,0.130068505962715
S78T,0.226272613047781
S78V,0.197402980920025
S78W,0.210682930861517
S78Y,0.171103838025709
S79A,0.218708739853156
S79C,0.169853882053942
S79D,0.652694454446031
S79E,0.239331834309044
S79F,0.156130097297108
S79G,0.189925991860382
S79H,0.194478113625132
S79I,0.0982268581204294
S79K,0.448114858284078
S79L,0.690690342450972
S79M,0.06704324581594
S79N,0.26405998189187
S79P,0.126750227327214
S79Q,0.130853253058717
S79R,0.162278640604314
S79T,0.068038676454676
S79V,0.177136634739175
S79W,0.101775855425079
S79Y,0.237616512091568
P80A,0.0948414691521617
P80C,0.0883805638244781
P80D,0.0636509274545282
P80E,0.0927263891355799
P80F,0.0475708154720145
P80G,0.0972778434116018
P80H,0.104700393507892
P80I,0.117962907765681
P80K,0.0708437345216694
P80L,0.045831970913033
P80M,0.0814444172524068
P80N,0.295641478383698
P80Q,0.0412340572661888
P80R,0.393698667119439
P80S,0.0991777712789711
P80T,0.201815320297493
P80V,0.132887900336597
P80W,0.0503462292037573
P80Y,0.0228562421105659
D81A,0.0971594782288985
D81C,0.366696826180782
D81E,0.140159970996043
D81F,0.242092330958034
D81G,0.204075392536254
D81H,0.217880447732111
D81I,0.109941191121296
D81K,0.216116753628456
D81L,0.294924451310407
D81M,0.0729594531898709
D81N,0.266527579144317
D81P,0.259927158101949
D81Q,0.0486058195953065
D81R,0.122281764739091
D81S,0.128611785297989
D81T,0.17745852127141
D81V,0.153406644718296
D81W,0.260919307205729
D81Y,0.263520437445685
D82A,0.117484788695282
D82C,0.112930533557323
D82E,0.303513938222823
D82F,0.283330560648323
D82G,0.281489510152636
D82H,0.0752918866074826
D82I,0.394166254270564
D82K,0.384317810238198
D82L,0.124655327115072
D82M,0.114447208965661
D82N,0.416281048727266
D82P,0.804886220006929
D82Q,0.322798273337928
D82R,0.203280683056204
D82S,0.0434567542100167
D82T,0.0713771469319617
D82V,0.158006229791156
D82W,0.524963019596534
D82Y,1
Q83A,0.121705208670772
Q83C,0.456835319088172
Q83D,0.116914395869054
Q83E,0.0829327470280473
Q83F,0.279541114137413
Q83G,0.13381017725541
Q83H,0.286312606964344
Q83I,0.264338611782407
Q83K,0.086685698454864
Q83L,0.261476068256452
Q83M,0.111338132402213
Q83N,0.20920395043204
Q83P,0.162117897231693
Q83R,0.458695278408503
Q83S,0.193843530154769
Q83T,0.151017524841535
Q83V,0.136471281812579
Q83W,0.0893334854085885
Q83Y,0.0814950331198081
I84A,0.0637865678518095
I84C,0.140327018555019
I84D,0.218432699384948
I84E,0.421585605259794
I84F,0.760818199927109
I84G,0.147856134053177
I84H,0.468475227829089
I84K,0.129259289919474
I84L,0.126826750338546
I84M,0.205279081006611
I84N,0.183120346388219
I84P,0.863506142735753
I84Q,0.163105002820543
I84R,0.489543751505004
I84S,0.10591881248551
I84T,0.126066761061206
I84V,0.168838601712848
I84W,0.151124619341943
I84Y,0.354178580995119
G85A,0.532698743174589
G85C,0.227293190067538
G85D,0.236816456263735
G85E,0.616148520087211
G85F,0.958595980876396
G85H,0.632919983849871
G85I,0.820453779564
G85K,0.35403164939581
G85L,0.604770384868631
G85M,1
G85N,0.582713016506467
G85P,1
G85Q,0.520669879811245
G85R,0.557564273335356
G85S,1
G85T,0.998632769053449
G85V,1
G85W,0.492237668022785
G85Y,0.95479846773191
Y86A,0.644344646979929
Y86C,0.0508616884680524
Y86D,0.759825234741495
Y86E,0.72147557060665
Y86F,1
Y86G,1
Y86H,0.5724953267784
Y86I,0.620510296626045
Y86K,0.975816475185729
Y86L,0.757099364057706
Y86M,0.438910767273246
Y86N,0.765890376602855
Y86P,1
Y86Q,0.364224139900661
Y86R,0.78116545147905
Y86S,0.42371892785845
Y86T,1
Y86V,0.727311290199759
Y86W,0.801682085781082
Y87A,0.435134903661227
Y87C,0.259184182010519
Y87D,0.614678227195327
Y87E,0.704965735178207
Y87F,0.0830069300950113
Y87G,0.744515013453348
Y87H,0.238386124384197
Y87I,0.308532602541423
Y87K,0.46076363678394
Y87L,0.162761829445685
Y87M,0.113164706616363
Y87N,0.478349794502719
Y87P,0.367895316862691
Y87Q,0.700332732159868
Y87R,1
Y87S,0.200903669448807
Y87T,0.428518440820261
Y87V,0.478821697185614
Y87W,0.147368455635796
R88A,0.0893496277263175
R88C,0.0383684854000243
R88D,0.0767043407405368
R88E,0.158853434603928
R88F,0.138538470913661
R88G,0.0645020405092335
R88H,0.075699660930711
R88I,0.134514354733561
R88K,0.052926964209658
R88L,0.241110348409432
R88M,0.119647328155843
R88N,0.0711026639157312
R88P,0.512835054652275
R88Q,0.26505010226384
R88S,0.0866951710782014
R88T,0.110378610981584
R88V,0.0798801816551795
R88W,0.308157976158836
R88Y,0.103166041679537
R89A,0.0641022008911122
R89C,1
R89D,0.0942420910697238
R89E,0.102943249110307
R89F,0.0503624973966535
R89G,0.082398785853227
R89H,0.193287085530346
R89I,0.0296086104820496
R89K,0.0964315453382574
R89L,0.0439320304755908
R89M,0.0207018259915228
R89N,0.461474548791367
R89P,0.191967516974399
R89Q,0.105351552992535
R89S,0.092946977409686
R89T,0.166560224964328
R89V,0.428290259006764
R89W,0.064357657576581
R89Y,0.0780469910375594
A90C,0.20608416635286
A90D,0.102559785866287
A90E,0.0899143875348346
A90F,0.14041594830264
A90G,0.0395235756309014
A90H,0.169077007310798
A90I,0.186785966119884
A90K,0.206149319861148
A90L,0.220495445670883
A90M,0.0567181922191357
A90N,0.18087721671478
A90P,0.428641407929712
A90Q,0.681406506190815
A90R,0.111547035394316
A90S,0.109616658366643
A90T,0.105830581345178
A90V,0.277871790992891
A90W,0.0765808325018902
A90Y,0.330989194693449
T91A,0.339028882924857
T91C,0.345127215615845
T91D,0.12298141041909
T91E,0.136339336649688
T91F,0.140730907597518
T91G,0.121908051851436
T91H,0.127917804758866
T91I,0.130111454571989
T91K,0.282638761970661
T91L,0.0593392777675496
T91M,0.0850600986982688
T91N,0.122757392931002
T91P,0.28443981754435
T91Q,0.254484928701437
T91R,0.227933314847455
T91S,0.0457853898442877
T91V,0.116586580582894
T91W,0.0635781225565829
T91Y,0.156664983163091
R92A,0.118268003879184
R92C,0.199985458435755
R92D,0.0738012347251161
R92E,0.0401267619541568
R92F,0.0736201656235495
R92G,0.12871959491967
R92H,0.0532615746189352
R92I,0.111879242420878
R92K,0.14678412246045
R92L,0.0512146929388607
R92M,0.0319284927255798
R92N,0.0996103646448307
R92P,0.320008636110019
R92Q,0.355152796616973
R92S,0.144213270308032
R92T,0.371651857867254
R92V,0.387141300167913
R92W,0.10258099546624
R92Y,0.0234755370119319
R93A,0.0476796540832699
R93C,0.587504401488115
R93D,0.0688555985141892
R93E,0.270775543458136
R93F,0.12764627233235
R93G,0.0759398170962864
R93H,0.0682570629515934
R93I,0.103383865332852
R93K,0.161247131179842
R93L,0.110836475963908
R93M,0.145355566592376
R93N,0.356274769028975
R93P,0.0245170106005617
R93Q,0.296269335326405
R93S,0.497795765558296
R93T,0.0165142930661528
R93V,0.170648830019873
R93W,0.152776439409812
R93Y,0.978083159214493
I94A,0.263209237822171
I94C,0.18437362069669
I94D,0.336991939384092
I94E,0.151098653952585
I94F,0.0784755737685847
I94G,0.50358399274203
I94H,0.0499978956098149
I94K,0.189632604074599
I94L,0.0567215584233335
I94M,0.117007032650011
I94N,0.151180593759987
I94P,0.382541736823897
I94Q,0.151910389637298
I94R,0.186570953724204
I94S,0.0486692500240661
I94T,0.084187913365314
I94V,0.182448272665774
I94W,0.0292454708691301
I94Y,0.403492742579616
R95A,0.174201283003079
R95C,0.18753503759496
R95D,0.0576240136524275
R95E,0.235235309164742
R95F,0.150252206432879
R95G,0.382160068321702
R95H,0.107610496020185
R95I,0.314600206457327
R95K,0.104764403989408
R95L,0.041942013369043
R95M,0.202122915564845
R95N,0.0373044815100706
R95P,0.0773958981317625
R95Q,0.600708073886657
R95S,0.0213876045118259
R95T,0.0691420812009827
R95V,0.0693558792399203
R95W,0.176931625424405
R95Y,0.0724354579712178
G96A,0.259394611187067
G96C,0.336189913902681
G96D,0.0342456097224299
G96E,0.160668656884372
G96F,0.182766253566774
G96H,0.0686632794318707
G96I,0.0958149695820332
G96K,0.182617338394571
G96L,0.234449281296473
G96M,0.590884220843267
G96N,0.23195804507328
G96P,0.286974037133207
G96Q,0.00341491289121206
G96R,0.318222416720218
G96S,0.152343750823834
G96T,0.289361059598914
G96V,0.488246200475336
G96W,0.223954785478409
G96Y,0.205900161998579
G97A,0.120102661582537
G97C,0.230135505413825
G97D,0.158385724856139
G97E,0.0899011940087757
G97F,0.431361670177788
G97H,1
G97I,0.210647247274401
G97K,0.147246200212903
G97L,0.0529901603295629
G97M,0.423530610737727
G97N,0.172266915595917
G97P,0.071928879699317
G97Q,0.19707026836494
G97R,0.802343135583526
G97S,0.952257407084503
G97T,0.304467012863136
G97V,0.112132049919178
G97W,0.582288592688523
G97Y,0.359119483394478
D98A,0.272479880918541
D98C,0.506390975292494
D98E,0.0891778220264632
D98F,0.327945759587072
D98G,0.49464960366778
D98H,0.475255365815349
D98I,0.169829810158725
D98K,0.309459025356333
D98L,0.215703731523359
D98M,0.111218157372964
D98N,0.453199071569214
D98P,0.0498297444820441
D98Q,0.108793321120766
D98R,0.790943685605745
D98S,0.337927741532211
D98T,0.461888319954085
D98V,0.279239131527261
D98W,0.631612046321275
D98Y,0.251574063955807
G99A,0.155890157073561
G99C,0.342153541989953
G99D,0.249613963621419
G99E,0.082300646996784
G99F,0.247179652819134
G99H,0.0633006208297725
G99I,0.14243921817329
G99K,0.294708140109191
G99L,0.217964132952091
G99M,0.0610153519769783
G99N,0.0514441308524057
G99Q,1
G99R,0.122517881510479
G99S,0.176964422891467
G99T,0.212622175679034
G99V,0.119517225323489
G99W,0.438531990808855
G99Y,0.256964815763909
K100A,0.119756897199337
K100C,0.571167904514539
K100D,0.653099916263773
K100E,0.51670570564758
K100F,0.399273099985249
K100G,0.411989484630323
K100H,0.651811107908607
K100I,0.662017154847584
K100L,0.250246155849546
K100M,0.139267494691699
K100N,0.154391146680205
K100P,0.115179478711226
K100Q,0.400673351384276
K100R,0.129220932315039
K100S,0.640101737900629
K100T,0.232532352474956
K100V,0.300607920562036
K100W,0.762599217207211
K100Y,1
M101A,0.0591655042731769
M101C,1
M101D,0.149320795226004
M101E,0.151210736504959
M101F,0.118435168136714
M101G,0.137830782887608
M101H,0.0441629729073168
M101I,0.205172117226872
M101K,0.25138348016884
M101L,0.0621244335866029
M101N,0.0920147642316709
M101P,0.133969783059488
M101Q,0.076876425058441
M101R,0.0880861508485375
M101S,0.0432324351978445
M101T,0.284825455421093
M101V,0.100550027669919
M101W,0.885308966929184
M101Y,0.319396192280308
K102A,0.246337835456174
K102C,1
K102D,0.0825506324851903
K102E,0.125243359662744
K102F,0.14295480337363
K102G,0.0944051649306373
K102H,0.261127509422483
K102I,0.328672781732432
K102L,0.130218043092412
K102M,0.12110306918321
K102N,0.0637638248667696
K102P,1
K102Q,0.0673468465338354
K102R,0.148172065963547
K102S,0.0558480385263009
K102T,0.0396627735955177
K102V,0.230178963269597
K102W,0.0499480797617212
K102Y,0.441390881193735
D103A,1
D103C,0.427442208464815
D103E,0.87076460682687
D103F,0.673090261594524
D103G,0.137995262111186
D103H,1
D103I,0.999747299727955
D103K,1
D103L,0.707099432277109
D103M,0.473796378410967
D103N,0.231549256069101
D103P,0.600265593107395
D103Q,0.485739627283448
D103R,0.852316237380921
D103S,1
D103T,1
D103V,1
D103W,0.495485639809254
D103Y,0.521213174773169
L104A,0.183308537952115
L104C,0.35828359489774
L104D,0.172815406954536
L104E,0.0573753531911175
L104F,0.171984277775076
L104G,0.299106124114087
L104H,0.146974674936037
L104I,0.132204455128345
L104K,0.0696476992086717
L104M,0.0427141357968823
L104N,0.0791455903060679
L104P,0.471434977573326
L104Q,0.0474861633850612
L104R,0.236145041972444
L104S,0.0637092004210758
L104T,0.105282584611653
L104V,0.278628657075614
L104W,0.215186206488537
L104Y,0.0165837653064075
S105A,0.0373165203996223
S105C,0.268295406668976
S105D,0.30983388902208
S105E,0.140178913208597
S105F,0.0633751669517318
S105G,0.256442294787485
S105H,0.136211211555206
S105I,0.112076605498224
S105K,0.108444160801723
S105L,0.301806696570911
S105M,0.0589774086017395
S105N,0.351937732814515
S105P,0.358574903699769
S105Q,0.229160002948721
S105R,0.426316703151518
S105T,0.110021789346592
S105V,0.0739684361040245
S105W,0.131728274812071
S105Y,0.119902769693342
P106A,0.0771099526953151
P106C,0.372337978747377
P106D,0.0966915640922425
P106E,0.163772730961582
P106F,0.051290941277704
P106G,0.250240922052483
P106H,0.0951528519367939
P106I,0.133801008888884
P106K,0.131546515326577
P106L,0.108005121034595
P106M,0.198915118712174
P106N,0.19279222540736
P106Q,0.859701406614435
P106R,0.157330391446004
P106S,0.16188384140394
P106T,0.237638441620171
P106V,0.210461542960114
P106W,0.129704594979197
P106Y,0.201820141385559
R107A,0.155532551461009
R107C,0.176998148075445
R107D,0.123245505787861
R107E,0.11903247599669
R107F,0.432649017540117
R107G,0.0820058227077161
R107H,0.0786105230239747
R107I,0.0493329683252397
R107K,0.466655991694381
R107L,0.143422515340873
R107M,0.103617429674392
R107N,0.174874498537304
R107P,0.382245548092699
R107Q,0.0489989677320622
R107S,0.0924584001226039
R107T,0.116211033523818
R107V,0.165517886763745
R107W,0.0784841698282111
R107Y,0.0211886351087467
W108A,0.195458762287255
W108C,0.413666831163156
W108D,0.0509588221371169
W108E,0.0634712006507248
W108F,0.247203627624195
W108G,0.0548271344783147
W108H,0.198235279573201
W108I,0.300606940431106
W108K,0.12256271200536
W108L,0.565885228895264
W108M,0.210700971500988
W108N,0.0742066044088532
W108P,0.137062960977831
W108Q,0.168861953185755
W108R,0.0264045369530524
W108S,0.135670446760656
W108T,0.0812829619000028
W108V,0.116353383136898
W108Y,0.0612762246781774
Y109A,0.319604298799815
Y109C,0.521585938887637
Y109D,0.111612338191955
Y109E,0.168790575857473
Y109F,0.172175332971995
Y109G,0.0841380095754356
Y109H,0.082261547975509
Y109I,0.0596818495658049
Y109K,0.119016351015243
Y109L,0.0583018146098266
Y109M,0.128755466241558
Y109N,0.0782890039597695
Y109P,0.285915227968223
Y109Q,0.0927460170103846
Y109R,0.142457370233718
Y109S,0.212230017806486
Y109T,0.375983057835752
Y109V,0.14679907453965
Y109W,0.0898208894040475
F110A,0.294910543374349
F110C,0.453119527750487
F110D,0.220096919684401
F110E,0.221927031014878
F110G,0.186454498577699
F110H,0.297540877538106
F110I,0.430060386577123
F110K,0.0855080663552009
F110L,0.920458284813738
F110M,0.254133486092026
F110N,0.108716614101963
F110P,0.412389139276602
F110Q,0.265903759259798
F110R,0.319157095137029
F110S,0.154419931208258
F110T,0.20524668853712
F110V,1
F110W,0.158065404727121
F110Y,0.0480336180337296
Y111A,1
Y111C,0.920038470806262
Y111D,0.0651446152081111
Y111E,0.314284492811569
Y111F,0.191824073077746
Y111G,0.459026738424173
Y111H,0.114916816222785
Y111I,0.688639036449087
Y111K,0.623344553363886
Y111L,0.710343373894628
Y111M,0.341520932462275
Y111N,0.0508180095371161
Y111P,0.486905155224105
Y111Q,0.269298383250566
Y111R,0.46366597371061
Y111S,0.207208999184876
Y111T,0.589156474728047
Y111V,0.926140240282543
Y111W,0.115276803869466
Y112A,0.165101172552059
Y112C,0.352217192641263
Y112D,0.0657275374266681
Y112E,0.0827590594420902
Y112F,0.359615479001386
Y112G,0.114507047964161
Y112H,0.13602328685563
Y112I,0.438417340653484
Y112K,0.113317572035805
Y112L,0.104295147256184
Y112M,0.284786012075493
Y112N,0.698305287311115
Y112P,0.238440172341501
Y112Q,0.361628666039803
Y112R,0.141898918485279
Y112S,0.122642513930197
Y112T,0.0713008437719322
Y112V,0.131386328055264
Y112W,0.154964233129554
L113A,0.110757433298685
L113C,0.863839123823064
L113D,0.37567429707755
L113E,0.260904709223691
L113F,0.329705461553074
L113G,0.203475216617581
L113H,0.385791487466216
L113I,0.106667285581601
L113K,0.148538479670514
L113M,0.2368384670746
L113N,0.224480045093017
L113P,0.173888398321126
L113Q,0.130556533664026
L113R,0.0723192208963085
L113S,0.2959546666466
L113T,0.237417485930312
L113V,0.106146485871603
L113W,0.525560347669676
L113Y,0.069807220411717
G114A,0.161008456378825
G114C,1
G114D,0.192380659076246
G114E,0.418326829173477
G114F,0.208335933947547
G114H,0.145452638165605
G114I,0.341623297063827
G114K,0.212494029047432
G114L,0.669169268349187
G114M,0.80915747782303
G114N,0.10012894668066
G114P,0.350247258913832
G114Q,0.559029519814892
G114R,0.477838756072321
G114S,0.23860801964176
G114T,0.343360589779665
G114V,1
G114W,0.234027143625355
G114Y,0.300748787798524
T115A,0.378119898242912
T115C,0.730673384941425
T115D,0.458554006349039
T115E,0.194112751580005
T115F,0.399204650933038
T115G,0.49043588192773
T115H,0.315936837443032
T115I,1
T115K,0.25436551015341
T115L,0.229420877337716
T115M,0.105602286223095
T115N,0.181800216339774
T115P,0.53342248533601
T115Q,0.244634678320633
T115R,0.245967994576358
T115S,0.232860081478518
T115V,0.432689119354868
T115W,0.332497254630347
T115Y,0.49765143022219
G116A,0.961675078236013
G116C,0.688857900538192
G116D,0.920147231017797
G116E,0.838542546604386
G116F,0.924645603299791
G116H,0.527063867498327
G116I,0.889751328658347
G116K,0.354161837376953
G116L,1
G116M,1
G116N,0.628555311567585
G116P,0.536080557675964
G116Q,1
G116R,0.658974780267463
G116S,0.887266635550484
G116T,1
G116V,0.602916276593268
G116W,1
G116Y,0.93979951461838
P117A,0.17822207801932
P117C,0.086006994705874
P117D,0.233223111189992
P117E,0.146742115763701
P117F,0.49490282101469
P117G,0.261688163917677
P117H,0.229256232091012
P117I,0.475456981631393
P117K,0.233504325298612
P117L,0.329517702178613
P117M,0.334770532160947
P117N,0.377103090213131
P117Q,0.494284937881319
P117R,0.322836415187717
P117S,0.295421705099955
P117T,0.261355602065113
P117V,0.296157810561531
P117W,0.463855219314454
P117Y,0.567131880073382
E118A,0.236284161063136
E118C,0.400211829844149
E118D,0.332384480302437
E118F,0.260886323805234
E118G,0.173939697366333
E118H,0.157592025392093
E118I,0.38169426584181
E118K,0.133264334382137
E118L,0.325634023742906
E118M,0.122052103118571
E118N,0.182393449328622
E118P,0.657925315174769
E118Q,0.124092185121285
E118R,0.337780390265956
E118S,0.121377882111559
E118T,0.181118990941706
E118V,0.225575384004205
E118W,0.0328969485436308
E118Y,0.236594393008919
A119C,0.227258222993636
A119D,0.148555217429315
A119E,0.167548952013211
A119F,0.106641167502602
A119G,0.142073283612563
A119H,0.36019211973079
A119I,0.182220965392149
A119K,0.123226105339447
A119L,0.257181921701774
A119M,0.120387041664537
A119N,0.145132307299083
A119P,0.114189107446824
A119Q,0.523532695088274
A119R,0.339958559436225
A119S,0.130992987192263
A119T,0.42415784585226
A119V,0.205534879358647
A119W,0.198807472339465
A119Y,0.0647659477939861
G120A,0.126663440773892
G120C,0.141949789717064
G120D,0.179576104197621
G120E,0.0441846852833775
G120F,0.219132155391886
G120H,0.227006839065055
G120I,0.463836967358079
G120K,0.162027116287411
G120L,0.168654700904173
G120M,0.30103957283475
G120N,0.181736558909376
G120P,0.093447688961394
G120Q,0.164517748604666
G120R,0.135401858725173
G120S,0.104809644440234
G120T,0.171774137768229
G120V,0.356772427605729
G120W,1
G120Y,0.113650617922089
L121A,0.195301709995393
L121C,0.52896707375979
L121D,0.383613270583353
L121E,0.137001779407259
L121F,0.157492476327301
L121G,0.481089461282329
L121H,0.271628276516507
L121I,0.145960542590956
L121K,0.136732410769955
L121M,0.105588378121172
L121N,0.273120863623454
L121P,0.835584881975146
L121Q,0.0838309342621739
L121R,0.168691558306908
L121S,0.0538570795521012
L121T,0.177540133909964
L121V,0.079494892636115
L121W,0.330959082084434
L121Y,0.214715006400214
P122A,0.103655251822104
P122C,0.303589362381687
P122D,0.209817422605005
P122E,0.111406572497622
P122F,0.509580792175374
P122G,0.202684594534473
P122H,0.195321303431947
P122I,0.403982696165913
P122K,0.157918767536563
P122L,0.113487321825165
P122M,0.526581579226471
P122N,0.275595196868722
P122Q,0.350921591589453
P122R,0.312869707313381
P122S,0.167892958293995
P122T,0.0770921895180068
P122V,0.167174707502096
P122W,0.311627270072834
P122Y,0.237114229902261
Y123A,0.0874893839868728
Y123C,0.351654626456541
Y123D,0.237674189153235
Y123E,0.203935707507258
Y123F,0.127183363874621
Y123G,0.38003585046756
Y123H,0.157380050487795
Y123I,0.291704693462481
Y123K,0.19142960787909
Y123L,0.214072956491243
Y123M,0.0989970571721513
Y123N,0.206337777594125
Y123P,0.088752169066298
Y123Q,0.0683189157430805
Y123R,0.0812806124098334
Y123S,0.204566268317059
Y123T,0.677460109585743
Y123V,0.193119284441911
Y123W,0.112820529141234
G124A,0.156621064568687
G124C,0.379837915128774
G124D,0.046061080582945
G124E,0.127311934942957
G124F,0.265274795778075
G124H,0.245287111624038
G124I,0.23680964823458
G124K,0.11615352534204
G124L,0.296103678247351
G124M,0.163778021200012
G124N,0.14867156836884
G124P,0.251007643828411
G124Q,0.283489614997364
G124R,0.111960266408243
G124S,0.538049561573174
G124T,0.18221941723229
G124V,1
G124W,0.321477441777727
G124Y,0.406805499054929
A125C,0.476586966759368
A125D,0.155269020393288
A125E,0.135316170771734
A125F,0.118248753354635
A125G,0.100901149354289
A125H,0.200259197978102
A125I,0.103948780322271
A125K,0.144650633886698
A125L,0.166573155589266
A125M,0.130666073009227
A125N,0.0786053544701501
A125P,0.171817067532277
A125Q,0.180958114131323
A125R,0.13392850561203
A125S,0.146876100372029
A125T,0.105431718806452
A125V,0.0985825099847659
A125W,0.172049885111369
A125Y,0.207680725738487
N126A,0.143704277911472
N126C,0.159072449119736
N126D,0.279970216886279
N126E,0.124531129596329
N126F,0.466291546224169
N126G,0.0742211072052889
N126H,0.292879244382639
N126I,0.361776656732452
N126K,0.229419024237455
N126L,0.317283963061727
N126M,0.134484703189856
N126P,0.210096682706076
N126Q,0.125464946575686
N126R,0.511390913042536
N126S,0.136259500444785
N126T,0.47080774191299
N126V,0.112178851559446
N126W,0.615015447170728
N126Y,0.0545018825589068
K127A,0.182271181882659
K127C,0.287020379477006
K127D,0.0734169472980299
K127E,0.180858698984968
K127F,0.437565137481604
K127G,0.09544998565291
K127H,0.0824356400896414
K127I,0.0519598903961854
K127L,0.149453160211982
K127M,0.114832985914054
K127N,0.0654721486212208
K127P,0.956895043434997
K127Q,0.166957832679532
K127R,0.166475606182721
K127S,0.0358348616520651
K127T,0.145714308286357
K127V,0.313485860855392
K127W,0.432947995297223
K127Y,0.19865109684414
D128A,0.268941481024397
D128C,0.975575919022635
D128E,0.223762922708372
D128F,1
D128G,0.45372406475897
D128H,0.356031819276367
D128I,0.666804797467077
D128K,0.164342150241575
D128L,1
D128M,0.457396956637676
D128N,0.183759539010229
D128P,0.0721312164027902
D128Q,0.583823035312553
D128R,0.310448863448782
D128S,0.188232288314259
D128T,0.47110478260019
D128V,0.486179435622458
D128W,0.811330124155816
D128Y,0.797641825210292
G129A,0.159843393653493
G129C,0.865777343488836
G129D,0.20418859268503
G129E,0.0839927396717485
G129F,1
G129H,0.164059731849999
G129I,0.858214171430988
G129K,0.173189095796628
G129L,0.812903578803537
G129M,0.576616221113231
G129N,0.0596427026318923
G129P,0.27390352056012
G129Q,0.125995281470365
G129R,0.215544997181257
G129S,0.0905984588352056
G129T,0.271506460048225
G129V,1
G129W,0.809584450652095
G129Y,0.648899856156338
I130A,0.348381243330725
I130C,1
I130D,1
I130E,0.715465056410363
I130F,0.26665911928101
I130G,0.841492329722243
I130H,0.113607908767939
I130K,0.62955404103172
I130L,0.109186439986586
I130M,0.227284805286356
I130N,0.32135523052225
I130P,1
I130Q,0.56246268797874
I130R,0.64680011481384
I130S,0.402712565484523
I130T,0.102880999687469
I130V,0.136872003735631
I130W,0.802935807690627
I130Y,0.292469062296636
I131A,0.0575754313458353
I131C,0.181830536273287
I131D,0.125444566207684
I131E,0.152238944594413
I131F,0.293060540437597
I131G,0.07700851892434
I131H,0.150733112540369
I131K,0.118138736418349
I131L,0.0842028071558641
I131M,0.113315110586963
I131N,0.0715291100435645
I131P,0.279018706264377
I131Q,0.151411427880322
I131R,0.298634898012031
I131S,0.186523277386328
I131T,0.144438557988394
I131V,0.0524776066954228
I131W,0.093487831430633
I131Y,0.243766947230351
W132A,0.606515897436537
W132C,1
W132D,0.415084473887022
W132E,0.574541104489597
W132F,0.100406901842209
W132G,0.552640310897591
W132H,0.181362608739381
W132I,0.453352108139959
W132K,0.517283866202867
W132L,1
W132M,0.654266265293583
W132N,0.474415098093937
W132P,0.482340864256547
W132Q,0.351560144577924
W132R,0.315268083720098
W132S,0.236986503946897
W132T,0.559962609602046
W132V,1
W132Y,0.0452319348186695
V133A,0.105320910998479
V133C,0.75231405490941
V133D,0.281189557616766
V133E,0.0998966779519375
V133F,0.194144589380079
V133G,0.458493405090947
V133H,0.124503112989778
V133I,0.30049033112195
V133K,0.272292829447597
V133L,0.145883694288434
V133M,0.2741925035467
V133N,0.0983139467794878
V133P,0.508634868222619
V133Q,0.191147790993341
V133R,0.49096756642783
V133S,0.15492309190429
V133T,0.139466348828476
V133W,0.711786734045242
V133Y,0.270691561669505
A134C,0.176251320446435
A134D,0.0464007240907596
A134E,0.162566657983851
A134F,0.637585903000301
A134G,0.0918250736812435
A134H,0.230475669284688
A134I,0.296237225674594
A134K,0.338628063420902
A134L,0.148712452226997
A134M,0.175489317331664
A134N,0.214417379309379
A134P,0.220402563560524
A134Q,0.0577855606573164
A134R,0.269520617383085
A134S,0.178590458341248
A134T,0.0667663276158349
A134V,0.199825444542605
A134W,0.262702778437871
A134Y,0.373657183707646
T135A,0.62178414152194
T135C,0.129084642880389
T135D,0.0757945685322323
T135E,0.165109400442193
T135F,0.346539771672415
T135G,0.180079361130126
T135H,0.134307180552028
T135I,0.10931732968297
T135K,0.43315236727823
T135L,0.0773245842207242
T135M,0.109037083610633
T135N,0.0961739028196105
T135P,0.757065668104548
T135Q,0.167151278114632
T135R,0.226028851209786
T135S,0.29212295609099
T135V,0.697884016313155
T135W,0.116435365409509
T135Y,0.259060874729617
E136A,0.215956616218715
E136C,0.405156294120401
E136D,0.0573165822646401
E136F,0.498201989125419
E136G,0.137133657082104
E136H,0.325926121341094
E136I,0.512855358719528
E136K,0.133922701217682
E136L,0.573938518231797
E136M,0.16232681973268
E136N,0.198410561417779
E136P,0.291073639290436
E136Q,0.199258863431748
E136R,0.937628063290452
E136S,0.369298849302123
E136T,0.221443966714751
E136V,0.199636884476807
E136W,0.770005390230359
E136Y,0.192372389875469
G137A,0.0876393701041404
G137C,0.518142648360884
G137D,0.122923404088661
G137E,0.179648251142762
G137F,0.124279777237871
G137H,0.174124372944358
G137I,0.115707796483875
G137K,0.071734297518011
G137L,0.388789319255925
G137M,0.125996654730907
G137N,0.0526900666415581
G137P,0.282479460040504
G137Q,0.104430466804037
G137R,0.180021703099663
G137S,0.0992194551425419
G137T,0.150245165560975
G137V,0.166030846042016
G137W,0.147053504821396
G137Y,0.161701211439367
A138C,0.229392757749698
A138D,0.0781590676979725
A138E,0.300126167105541
A138F,0.245995180399268
A138G,0.116574675522479
A138H,0.214862941388156
A138I,0.248837284003147
A138K,0.152161789994054
A138L,0.303161773700381
A138M,0.242050337271391
A138N,0.144397712585847
A138P,0.556854992500752
A138Q,0.205115031713575
A138R,0.2387566192849
A138S,0.107298412922787
A138T,0.0623055683733642
A138V,0.181743694014309
A138W,0.159673561331566
A138Y,0.112913850068838
L139A,0.104036509644839
L139C,0.151949792681718
L139D,0.137744166158638
L139E,0.315185477834546
L139F,0.107126004240199
L139G,0.125005294681132
L139H,0.249868187043481
L139I,0.0878682789499425
L139K,0.173022253154744
L139M,0.31868393846098
L139N,0.321757591903077
L139P,0.133945796705599
L139Q,0.0726268765961425
L139R,0.175287334247351
L139S,0.0858724473197828
L139T,0.240550857648103
L139V,0.0792943461598672
L139W,0.282554121795031
L139Y,0.15739018187407
N140A,0.199350149022384
N140C,0.127579901144647
N140D,0.127025528919625
N140E,0.0274152503450831
N140F,0.327612313573485
N140G,0.189378896668143
N140H,0.297393756951629
N140I,0.452702721228689
N140K,0.19337336584826
N140L,0.547797739182816
N140M,0.188000637270629
N140P,0.402404137037843
N140Q,0.0735338389471266
N140R,0.241677185071498
N140S,0.0738625475859336
N140T,0.0906125638040461
N140V,0.110616562535354
N140W,0.188014661740966
N140Y,0.479144691369578
T141A,0.0762691575005658
T141C,0.105486573705173
T141D,0.127792253568561
T141E,0.171016132710402
T141F,0.0628378031774772
T141G,0.0681133792389373
T141H,0.116814760747192
T141I,0.191657346191979
T141K,0.138914809897077
T141L,0.0976433430082359
T141M,0.0804246072321644
T141N,0.152054363405236
T141P,0.28070692548049
T141Q,0.224968973548465
T141R,0.265287461485384
T141S,0.204508245263079
T141V,0.0875727854946503
T141W,0.154440062286263
T141Y,0.409044938516444
P142A,0.124232096923
P142C,0.0998845951005362
P142D,0.0597672278548553
P142E,0.141869030144718
P142F,0.269279129450905
P142G,0.152147207788214
P142H,0.117355564991282
P142I,0.191696023784524
P142K,0.151201743696219
P142L,0.0899138527034147
P142M,0.103917889475329
P142N,0.165788285469492
P142Q,0.129801195178844
P142R,0.461612311218137
P142S,0.055312086209007
P142T,0.0319608025442137
P142V,0.151436043048475
P142W,0.209327522171683
P142Y,0.250126572218432
K143A,0.177912246762279
K143C,0.478190594789825
K143D,0.204527242752158
K143E,0.165254611714903
K143F,0.826189503541289
K143G,0.173373208996448
K143H,0.249295682115988
K143I,0.239897630607647
K143L,0.234023545627048
K143M,0.26747032954708
K143N,0.0422389437983553
K143P,0.144568326757661
K143Q,0.181815381177985
K143R,0.348547746848598
K143S,0.123843257359142
K143T,0.168033574573065
K143V,0.232521745795618
K143W,0.249796319249225
K143Y,0.113388848924215
D144A,0.340916999152912
D144C,0.445200267533155
D144E,0.107127823690258
D144F,0.453545064553059
D144G,0.371454395779583
D144H,0.140540365721917
D144I,0.161658337184676
D144K,0.296327562504005
D144L,0.224127009017797
D144M,0.268586743843848
D144N,0.631686967551114
D144P,0.148362222616928
D144Q,0.1390459849119
D144R,0.178130146064759
D144S,0.457879653851463
D144T,0.497173004775212
D144V,0.205566730590497
D144W,0.115080327114758
D144Y,0.304637903855816
H145A,0.135202867947008
H145C,0.909839025173889
H145D,0.187514504143457
H145E,0.139750472715389
H145F,0.151097366200087
H145G,0.109470483464752
H145I,0.224340067014414
H145K,0.203497642111063
H145L,0.160136008851763
H145M,0.224193271041909
H145N,0.0744133390308234
H145P,0.285294747377911
H145Q,0.161211207768339
H145R,0.0992855422040846
H145S,0.0710051821222851
H145T,0.311855452407981
H145V,0.172771803073122
H145W,0.257687791978551
H145Y,0.136205309856265
I146A,0.241053763767202
I146C,0.188744620565961
I146D,0.256297627612621
I146E,0.117868551164065
I146F,0.25446284389454
I146G,0.210605950973833
I146H,0.897708801461124
I146K,0.0639407710229516
I146L,0.0547819691044772
I146M,0.276977576184865
I146N,0.0597731512503953
I146P,0.0977621325097707
I146Q,0.15404002214173
I146R,0.0518178882112518
I146S,0.190187834847682
I146T,0.118853290243267
I146V,0.086241604446683
I146W,0.0829839795626868
I146Y,0.0496109369874231
G147A,0.0908305259480338
G147C,0.0850581453368721
G147D,0.333030965567106
G147E,0.0797985842397822
G147F,0.22121086780242
G147H,0.0972858458744127
G147I,0.340813034324389
G147K,0.339009991555004
G147L,0.319292751781703
G147M,0.282802795841001
G147N,0.152554620027257
G147P,0.260425491674871
G147Q,0.0745290143428355
G147R,0.133837625496898
G147S,0.075345626205661
G147T,0.141705181482527
G147V,0.132373064261417
G147W,0.250612294534371
G147Y,0.0705443860209439
T148A,0.103714262891719
T148C,0.130662980360044
T148D,0.0571576293848496
T148E,0.13185948001303
T148F,0.0986983188903739
T148G,0.0339456984198263
T148H,0.0914748250326955
T148I,0.29276260999687
T148K,0.0999964683354772
T148L,0.346126547973709
T148M,0.171250324390823
T148N,0.174119248021679
T148P,0.0697691017414838
T148Q,0.104275657662871
T148R,0.072794489877259
T148S,0.0712126547258321
T148V,0.0807829271364533
T148W,0.0970875917713411
T148Y,0.12645256026539
R149A,0.135332637571395
R149C,0.0976375168940679
R149D,0.099645573458939
R149E,0.103943086417128
R149F,0.178491228113212
R149G,0.230922200751647
R149H,0.164131871418465
R149I,0.122219240760121
R149K,0.12611786789566
R149L,0.100209020884796
R149M,0.087344045447118
R149N,0.224576763333594
R149P,0.0525028484494851
R149Q,0.0570449294806372
R149S,0.0977414828724214
R149T,0.112664980545994
R149V,0.186622705282069
R149W,0.23858432241089
R149Y,0.0851557152355621
N150A,0.124482550250226
N150C,0.623599443148169
N150D,0.167873361066925
N150E,0.121135325996164
N150F,0.118975599763833
N150G,0.115296177940817
N150H,0.0808667672697583
N150I,0.0776675083908706
N150K,0.0997699568832
N150L,0.108069220975781
N150M,0.0793190345891816
N150P,0.0534690112795647
N150Q,0.0768719590141567
N150R,0.133295114557363
N150S,0.0430305023930613
N150T,0.189708975225846
N150V,0.108758013599597
N150W,0.0977544407541187
N150Y,0.126507573067837
P151A,0.122022398547108
P151C,0.0903675969822806
P151D,0.0154487416067804
P151E,0.0411035601887243
P151F,0.49450162937515
P151G,0.263501827111967
P151H,0.1743303988482
P151I,0.227037139069917
P151K,0.116335592611175
P151L,0.190585012169488
P151M,0.0964043657929137
P151N,0.0324420150540839
P151Q,0.103314798408032
P151R,0.0462151226800788
P151S,0.184452182801303
P151T,0.0766885868335921
P151V,0.106292719705193
P151W,0.351698325006779
P151Y,0.877339906222252
A152C,0.168508706188961
A152D,0.0958507463150193
A152E,0.361184165041253
A152F,0.150048813555777
A152G,0.131400374674293
A152H,0.0675344248759257
A152I,0.159931753738431
A152K,0.344587939371055
A152L,0.0622647787259675
A152M,0.443768231883757
A152N,0.152294563250922
A152P,0.0989190048638472
A152Q,0.106076821347488
A152R,0.0807995227387424
A152S,0.163866001685086
A152T,0.0488256649662136
A152V,0.0420219796408074
A152W,0.60079014176886
A152Y,0.140224034406792
N153A,0.172946176707158
N153C,0.219244192210962
N153D,0.11246342500328
N153E,0.150841494200901
N153F,0.225625834187936
N153G,0.0933908051027336
N153H,0.350764510933335
N153I,0.362209415068488
N153K,0.62791346601346
N153L,0.0814544449419859
N153M,0.180563279356439
N153P,0
N153Q,0.343721251401287
N153R,0.0884508057889263
N153S,0.230097194543747
N153T,0.135852629836707
N153V,0.252058339993288
N153W,0.266636444404113
N153Y,0.115929733104158
N154A,0.196737408444923
N154C,0.304021760566137
N154D,0.0836833082667909
N154E,0.133386821889249
N154F,0.206818504926918
N154G,0.0711358979097117
N154H,0.170824332398431
N154I,0.191529170762814
N154K,0.231191668206563
N154L,0.068697376905493
N154M,0.0998040228760566
N154P,0.094924238738986
N154Q,0.180252632005453
N154R,0.316763348054339
N154S,0.203518821986711
N154T,0.264348053815812
N154V,0.118753808426575
N154W,0.457483387076649
N154Y,0.236190930505551
A155C,0.193489406560166
A155D,0.0421541722267646
A155E,0.152676677518142
A155F,0.197857820132759
A155G,0.1359177952535
A155H,0.32317244031283
A155I,0.183620275482223
A155K,0.120964101527677
A155L,0.162340475253692
A155M,0.192476005952647
A155N,0.0685259456449129
A155P,0.103451998803169
A155Q,0.308554750155504
A155R,0.148850428961599
A155S,0.101750710625649
A155T,0.178015909638183
A155V,0.0538207132032273
A155W,1
A155Y,0.340743599278121
A156C,0.161223491462926
A156D,0.182000858324739
A156E,0.111360094683047
A156F,0.254662059381687
A156G,0.179160189779502
A156H,0.24483733114836
A156I,0.130660755195961
A156K,0.129721304502845
A156L,0.145269289412643
A156M,0.202088432030097
A156N,0.121136427336535
A156P,0.145335394513228
A156Q,0.141628563785038
A156R,0.0466467615070425
A156S,0.0793796967285105
A156T,0.0477294795414969
A156V,0.328551639287745
A156W,0.555760766125746
A156Y,0.350010096592706
I157A,0.357870254745706
I157C,0.164932453765582
I157D,0.166776090115127
I157E,0.134812157300776
I157F,0.178282186628157
I157G,0.629413394792148
I157H,0.0546653643654867
I157K,0.241508840407842
I157L,0.175229573661238
I157M,0.135839140675263
I157N,0.186868103525482
I157P,0.119057434770063
I157Q,0.15530092489353
I157R,0.188980214644717
I157S,0.0870640123179121
I157T,0.0605284437503128
I157V,0.146098903381413
I157W,0.172844276478788
I157Y,0.0895933602389744
V158A,0.0628675668215607
V158C,0.16671207721423
V158D,0.150943700370744
V158E,0.200617267768536
V158F,0.0323594167046826
V158G,0.0593561147895209
V158H,0.204487335310199
V158I,0.573469574119232
V158K,0.131890227822926
V158L,0.236935931464343
V158M,0.0595234722560327
V158N,0.10187943240471
V158P,0.0571254406623569
V158Q,0.213116248950407
V158R,0.214003918097615
V158S,0.169777954917955
V158T,0.242034232234007
V158W,0.0832632776938013
V158Y,0.128825156590417
L159A,0.0731132378009484
L159C,0.502138323027535
L159D,0.154987701608275
L159E,0.123337199916926
L159F,0.096418991586286
L159G,0.225534600737738
L159H,0.115731205764308
L159I,0.199745987791459
L159K,0.281794110176405
L159M,0.0875494682152795
L159N,0.135751706234739
L159P,0.0912260859555785
L159Q,0.041773219260038
L159R,0.366986256346222
L159S,0.149040878717064
L159T,0.0985724267488851
L159V,0.128432504778781
L159W,0.0951790687340533
L159Y,0.0238726309928093
Q160A,0.0985256698620101
Q160C,0.245522024818066
Q160D,0.0639744763455971
Q160E,0.143469043313743
Q160F,0.269431694464677
Q160G,0.0767887034953829
Q160H,0.15270553795447
Q160I,0.242555889385263
Q160K,0.296306282239128
Q160L,0.272105440135344
Q160M,0.131608175672517
Q160N,0.0873151296880952
Q160P,0.145224419579616
Q160R,0.295863053790848
Q160S,0.1862219050379
Q160T,0.407641637958988
Q160V,0.0937832465236204
Q160W,0.274862947321706
Q160Y,0.168897762698725
L161A,0.153087600652079
L161C,0.498614645945044
L161D,0.127804405222966
L161E,0.519237889671056
L161F,0.108716424533746
L161G,0.206634513758688
L161H,0.131096474718677
L161I,0.150759694212231
L161K,0.191516788747183
L161M,0.0805792297119326
L161N,0.169031986699335
L161P,0.147720905971249
L161Q,0.101968145486198
L161R,0.0812480522509538
L161S,0.19425339115575
L161T,0.328352591650175
L161V,0.0887949169020944
L161W,0.32315622005383
L161Y,0.247100823171584
P162A,0.301153409136958
P162C,0.541663597529898
P162D,0.032068577870431
P162E,0.14509213776377
P162F,0.316004942401897
P162G,0.105222956282149
P162H,0.102694958096714
P162I,0.263705308180284
P162K,0.0951055409778728
P162L,0.143267759424141
P162M,0.0961334439781666
P162N,0.513949251905449
P162Q,0.128979331676943
P162R,0.392448442074441
P162S,0.1203586906526
P162T,0.0837974953104814
P162V,0.256616294676857
P162W,0.300567489701133
P162Y,0.130050936722285
Q163A,0.113038483312396
Q163C,0.710262026737628
Q163D,0.116448163183369
Q163E,0.07317154113292
Q163F,0.269726171979497
Q163G,0.211136983778804
Q163H,0.113310190599831
Q163I,0.227568642922436
Q163K,0.158149074954723
Q163L,0.196604846276135
Q163M,0.467509398731344
Q163N,0.141141185498845
Q163P,0.172751240064952
Q163R,0.951548788165335
Q163S,0.199999788119844
Q163T,0.297540877538106
Q163V,0.0806696062163741
Q163W,0.418306101536978
Q163Y,0.143315467635737
G164A,0.063176154239399
G164C,0.197300877134083
G164D,0.200502059579214
G164E,0.152182523041342
G164F,0.0954592655126262
G164H,0.350321098813814
G164I,0.105185884189507
G164K,0.259721195315133
G164L,0.278731887938056
G164M,0.297496814194137
G164N,0.0970182526788089
G164P,0.215032513950271
G164Q,0.145342454344048
G164R,0.346665839110653
G164S,0.0705072656143707
G164T,0.191459451986471
G164V,0.11608982450754
G164W,0.283143488500378
G164Y,0.417034235628683
T165A,0.158982040236422
T165C,0.258384255880296
T165D,0.0912720086051577
T165E,0.0919420456359001
T165F,0.0585413185499161
T165G,0.152758734883053
T165H,0.102534794447147
T165I,0.101065885924664
T165K,0.143334270504753
T165L,0.0935961284727122
T165M,0.170877804579165
T165N,0.269480209494422
T165P,0.310225926225524
T165Q,0.144463901643291
T165R,0.117126794827217
T165S,0.0272106108791081
T165V,0.122349137585011
T165W,0.0858180862009899
T165Y,0.128549498603457
T166A,0.212347549354119
T166C,0.347441116443123
T166D,0.0787444529394802
T166E,0.0522420625700293
T166F,0.120588298706053
T166G,0.0864644230633366
T166H,0.317610947565054
T166I,0.467933820888587
T166K,0.298380624127163
T166L,0.205210386065098
T166M,0.129882076571171
T166N,0.320973768550902
T166P,0.08302763341601
T166Q,0.154357724787762
T166R,0.289394581501092
T166S,0.100140448635554
T166V,0.182546358081664
T166W,0.104216260037424
T166Y,0.047039650072326
L167A,0.195081034493708
L167C,0.101095572186164
L167D,0.0763712427579245
L167E,0.0360089749796468
L167F,0.190561019349469
L167G,0.0757462241970512
L167H,0.439747520611424
L167I,0.0879558612632496
L167K,0.338106085476993
L167M,0.0865333766120882
L167N,0.323436034411656
L167P,0.19283251249516
L167Q,0.0750423421507369
L167R,0.0530219603954481
L167S,0.208454737275577
L167T,0.189577639797263
L167V,0.183233748666945
L167W,0.167466602234008
L167Y,0.0743248605501228
P168A,0.150273215295329
P168C,0.537647376591188
P168D,0.13057435975261
P168E,0.170242752703942
P168F,0.745164791750856
P168G,0.328663911603717
P168H,0.272635459244977
P168I,0.467105621934276
P168K,0.158011652884778
P168L,0.461567745164223
P168M,0.343124244984049
P168N,0.113946033985858
P168Q,0.179548717287971
P168R,0.163336752366411
P168S,0.129587916500296
P168T,0.10723621110072
P168V,0.324015068483887
P168W,0.312603488496432
P168Y,0.249584708328146
K169A,0.0443545373543623
K169C,0.105876298404437
K169D,0.0489367236501385
K169E,0.0951660022245212
K169F,0.046333536586507
K169G,0.0475821213792123
K169H,0.152527902147115
K169I,0.19613780222319
K169L,0.0856552080750412
K169M,0.1341563448835
K169N,0.267383795529837
K169P,0.0788483103344824
K169Q,0.0852120370446411
K169R,0.148284639402874
K169S,0.0530466707944302
K169T,0.0477514865487085
K169V,0.223980891551306
K169W,0.0566424961156944
K169Y,0.233377985237571
G170A,0.163150719120879
G170C,0.459026738424173
G170D,0.0415447719672097
G170E,0.0615251970845997
G170F,0.0666917163528008
G170H,0.112345332833077
G170I,0.109362158832379
G170K,0.0833414379015407
G170L,0.0448821636210853
G170M,0.118523778169939
G170N,0.0695718066348142
G170P,0.278188022724065
G170Q,0.0447624523130167
G170R,0.375768855022598
G170S,0.0989443081980225
G170T,0.0729687582708652
G170V,0.221631313556303
G170W,0.539319860809817
G170Y,0.273529956454586
F171A,0.060452767832585
F171C,0.147068802660439
F171D,0.0467323366997705
F171E,0.0889761165164513
F171G,0.0762915076781272
F171H,0.0855190627629112
F171I,0.056726550392592
F171K,0.117412529745084
F171L,0.117124387164032
F171M,0.167902350349447
F171N,0.0551206400505603
F171P,0.0387946773005603
F171Q,0.124103269481627
F171R,0.508434725543454
F171S,0.108338743518178
F171T,0.179860597399538
F171V,0.107174825995812
F171W,0.113655692644857
F171Y,0.211734743364259
Y172A,0.0977907829201123
Y172C,0.182517535754927
Y172D,0.150697115673585
Y172E,0.0938729858899489
Y172F,0.0316348523878216
Y172G,0.0549910605896088
Y172H,0.120548849719576
Y172I,0.216308438729715
Y172K,0.119997357924343
Y172L,0.335691520970769
Y172M,0.162329161646811
Y172N,0.0278424753338524
Y172P,0.0472457216043766
Y172Q,0.117719283420853
Y172R,0.139132193498284
Y172S,0.747438061717984
Y172T,0.0734195519365973
Y172V,0.0771022177216271
Y172W,0.0767587835262899
A173C,0.207007543224663
A173D,0.0832312494865279
A173E,0.147911046469776
A173F,0.063700140507693
A173G,0.331994553813059
A173H,0.121841043632972
A173I,0.0876250742811274
A173K,0.095536891148646
A173L,0.214123505005173
A173M,0.18227787637394
A173N,0.0852210097743544
A173P,0.532121925609579
A173Q,0.337947451081396
A173R,0.183475897388824
A173S,0.081521608214368
A173T,0.163851029917002
A173V,0.236506851376444
A173W,0.0651669326507997
A173Y,0.310662800408513
E174A,0.0606650387856279
E174C,0.214937183492401
E174D,0.153242592935683
E174F,0.811375380687646
E174G,0.05590165092061
E174H,0.176851885684161
E174I,0.065944261293068
E174K,0.263108182290488
E174L,0.65102961239107
E174M,0.12310897882271
E174N,0.0590745268663138
E174P,0.110489583392308
E174Q,0.0758129528771128
E174R,0.0792418106172307
E174S,0.0477022379084377
E174T,0.0909535546069705
E174V,0.104649221515071
E174W,0.110312759848454
E174Y,0.366340490052123
G175A,0.141931466714086
G175C,0.108735265019087
G175D,0.0299073231551355
G175E,0.233104949078011
G175F,0.116850506421437
G175H,0.164883201222593
G175I,0.0253250857647228
G175K,0.044198826500842
G175L,0.114782219068385
G175M,0.152125707341513
G175N,0.120554617401318
G175P,0.254308442340262
G175Q,0.0425785159296722
G175R,0.537862355549654
G175S,0.0425544552218959
G175T,0.115877158270574
G175V,0.106948227960055
G175W,0.0815651944066
G175Y,0.0692955565219715
S176A,0.190279779203919
S176C,0.0648486527967668
S176D,0.150377007421338
S176E,0.17705849778284
S176F,0.131197717035179
S176G,0.135162791333105
S176H,0.166288625079446
S176I,0.297296450200888
S176K,0.182184376565592
S176L,0.120796510111624
S176M,0.175068385378025
S176N,0.109325036809844
S176P,0.00890079548190917
S176Q,0.377525114411083
S176R,0.127982895364361
S176T,0.212827469955422
S176V,0.137084360347227
S176W,0.0794819683858921
S176Y,0.103338162514462
R177A,0.112125185241763
R177C,0.10246509494135
R177D,0.0409474790522839
R177E,0.150021942349911
R177F,0.0743145781505432
R177G,0.134403366282513
R177H,0.0608595504852268
R177I,0.261344699887778
R177K,0.174311297097338
R177L,0.267220823159771
R177M,0.297440643354752
R177N,0.517909838040808
R177P,0.231938941440569
R177Q,0.100398439001634
R177S,0.0325515737557712
R177T,0.24871974108192
R177V,0.076998843253391
R177W,0.313196099776632
R177Y,0.144963863054166
G178A,0.16897551362245
G178C,0.337196669616084
G178D,0.089901516881022
G178E,0.0572387329169123
G178F,1
G178H,0.373985795456126
G178I,0.196229628722845
G178K,0.199418946844739
G178L,0.427290975512909
G178M,0.521239370157479
G178N,0.104774567584665
G178P,0.327905678318351
G178Q,0.0944946612931935
G178R,0.0989853561245745
G178S,0.0535956966867135
G178T,0.439645030151253
G178V,0.272964001523965
G178W,0.457986385705508
G178Y,0.582187322547273
G179A,0.0753181674322165
G179C,0.185176455742764
G179D,0.333091587428547
G179E,0.110588766808132
G179F,0.153072536291444
G179H,0.132848228884038
G179I,0.0642004903500225
G179K,0.235631429491728
G179L,0.127312657989597
G179M,0.444527193962326
G179N,0.0947828152856895
G179P,0.221321486644666
G179Q,0.375104952451886
G179R,0.289349079758739
G179S,0.0564525944219204
G179T,0.0758677229459798
G179V,0.150090955363732
G179W,0.507469104688418
G179Y,0.247950731281755
S180A,0.245029130727597
S180C,0.100860693418539
S180D,0.156665100682218
S180E,0.147567282020838
S180F,0.106967341786094
S180G,0.293640930971048
S180H,0.147021282678822
S180I,0.14173768267094
S180K,0.217363537091536
S180L,0.186967835918023
S180M,1
S180N,0.181947865374592
S180P,0.320550777399399
S180Q,0.133352279021236
S180R,0.122335856404397
S180T,0.0420328036714773
S180V,0.511159969103926
S180W,0.831588606452656
S180Y,0.151779234286525
Q181A,0.259438685440506
Q181C,0.0696146751692176
Q181D,0.109762207370986
Q181E,0.0812556490767837
Q181F,0.52721110251024
Q181G,0.181997393051129
Q181H,0.267544896560029
Q181I,0.322884650404625
Q181K,0.503922896477557
Q181L,0.17284347605517
Q181M,0.127950582127848
Q181N,0.0490202967532329
Q181P,0.0936006116349345
Q181R,0.475118647762985
Q181S,0.23195676827046
Q181T,0.0870571255283024
Q181V,0.309613737624013
Q181W,0.262889374754142
Q181Y,0.462114576881008
A182C,0.235318671683186
A182D,0.13126332279566
A182E,0.15163460611198
A182F,0.101080462334683
A182G,0.329053714871137
A182H,0.251126881402048
A182I,0.136238160591997
A182K,0.206940886849298
A182L,0.108058845273707
A182M,0.263924852589095
A182N,0.0371513822144095
A182P,0.36874724139338
A182Q,0.227169497957184
A182R,0.444656070828932
A182S,0.227606055894534
A182T,0.22142961705387
A182V,0.0901865155065623
A182W,0.484488310375628
A182Y,0.299450425551988
S183A,0.0334860686961283
S183C,0.233431682592183
S183D,0.230382137996953
S183E,0.313403868398291
S183F,0.126677085407906
S183G,0.116429780487701
S183H,0.109428714289472
S183I,0.0711158984014764
S183K,0.143684269922248
S183L,0.126105777358616
S183M,0.0161020783189958
S183N,0.190732759652121
S183P,0.0950860070683791
S183Q,0.314918126526958
S183R,0.0932823421028896
S183T,0.143403490712675
S183V,0.0952234206670899
S183W,0.136493479483661
S183Y,0.194317080792194
S184A,0.0125487297896154
S184C,0.0254308442340262
S184D,0.22449136075211
S184E,0.370764962992064
S184F,0.221411648564326
S184G,0.352033687826547
S184H,0.103080525966842
S184I,0.0400781926059827
S184K,0.261417190649521
S184L,0.00508616884680524
S184M,0.198295130109865
S184N,0.132695910583952
S184P,0.157872900060027
S184Q,0.11218642149342
S184R,0.100451834724403
S184T,0.0890400189252969
S184V,0.142082802978743
S184W,0.0960003427130429
S184Y,0.141486151734523
R185A,0.0527960036472428
R185C,0.38952987198521
R185D,0.0383149970219603
R185E,0.149925358908014
R185F,0.173074934192714
R185G,0.0972712606216409
R185H,0.420952446160588
R185I,0.106847800159456
R185K,0.107607998347836
R185L,0.108112146671008
R185M,0.072771494634963
R185N,0.14033636159634
R185P,0.0298265731880384
R185Q,0.0807524564655502
R185S,0.0840605151426394
R185T,0.10148521940668
R185V,0.335566149388032
R185W,0.0974445551312947
R185Y,0.228877598106236
S186A,0.19209547796531
S186C,0.18641225722627
S186D,0.152181756861239
S186E,0.044898272150422
S186F,0.279416729849278
S186G,0.150374172312508
S186H,0.628464215394681
S186I,0.292454708691301
S186K,0.328497859825931
S186L,0.110843789719705
S186M,0.140301141366205
S186N,0.0550893479511182
S186P,0.303211084509986
S186Q,0.226502331436662
S186R,0.287191483765182
S186T,0.252197589867708
S186V,0.151254137979272
S186W,0.121931440350168
S186Y,0.238000706802104
S187A,0.382190942552869
S187C,0.141499549376601
S187D,0.172182067339648
S187E,0.0873237078046036
S187F,0.181169804177138
S187G,0.178437890900515
S187H,0.181205336183448
S187I,0.254764526025586
S187K,0.353193822541679
S187L,0.180898213326066
S187M,0.10434688109366
S187N,0.207979661142998
S187P,0.195199162268462
S187Q,0.16998881187229
S187R,0.216101971113751
S187T,0.175472825214781
S187V,0.0645789687000432
S187W,0.180675440292401
S187Y,0.300039097890901
S188A,0.45780464507626
S188C,0.122563503375841
S188D,0.104135627434188
S188E,0.0818379876989298
S188F,0.0432359272464863
S188G,0.999432178397229
S188H,0.0509440679274787
S188I,0.103579653582315
S188K,0.145893127440344
S188L,0.204982951974609
S188M,0.228877598106236
S188N,0.0717973195546184
S188P,0.177295772715747
S188Q,0.0599283797105058
S188R,0.136423541345256
S188T,0.0703625844969311
S188V,0.180723672291673
S188W,0.533757564432662
S188Y,0.263802020846131
R189A,0.284100854795267
R189C,0.40128104704858
R189D,0.146889583490178
R189E,0.214890633777521
R189F,0.051685669057848
R189G,0.0673290442413371
R189H,0.0598610344805471
R189I,0.106969462075766
R189K,0.115522359135718
R189L,0.131895908461575
R189M,0.037644075453531
R189N,0.168339270621314
R189P,0.157349829669776
R189Q,0.0757174276262514
R189S,0.110345662416962
R189T,0.360466870818214
R189V,0.0504129619205642
R189W,0.167486812043866
R189Y,0.102790748185883
S190A,0.580787130883688
S190C,0.162478032256795
S190D,0.177205104367678
S190E,0.206513817934091
S190F,0.378469550791697
S190G,0.0708905203936944
S190H,0.120796510111624
S190I,0.1945459583903
S190K,0.455212111789069
S190L,0.0712063638552733
S190M,0.0940941236658969
S190N,0.298045209251367
S190P,0.212347549354119
S190Q,0.347197006065235
S190R,0.602235594937891
S190T,0.0479475610808089
S190V,0.0711286775386555
S190W,0.27484478165216
S190Y,0.182265418757526
R191A,0.0859552239221731
R191C,0.114606557143233
R191D,0.155815417911704
R191E,0.12987708314247
R191F,0.123742041193049
R191G,0.0547447283204835
R191H,0.110784414698428
R191I,0.115733577206276
R191K,0.216162175989223
R191L,0.297218303407704
R191M,0.154717210710772
R191N,0.0303387624639753
R191P,0.0496752682089847
R191Q,0.204811532433164
R191S,0.16114239251175
R191T,0.0645442040080363
R191V,0.15208679137451
R191W,0.148895300998612
R191Y,0.162450364033525
N192A,0.365571926355567
N192C,0.320613064290141
N192D,0.0513137129136662
N192E,0.110869661894698
N192F,0.258173977208504
N192G,0.130597013007035
N192H,0.0673917372201694
N192I,0.18182646984063
N192K,0.208978094271557
N192L,0.173595647836497
N192M,0.0793166714552176
N192P,0.126787191522994
N192Q,0.161445542226254
N192R,0.178313295937619
N192S,0.290820399324752
N192T,0.238766599594857
N192V,0.341644096507388
N192W,0.368129356431172
N192Y,0.102992700051451
S193A,0.155417705920928
S193C,0.0776042472638748
S193D,0.0470676262625321
S193E,0.181630274406928
S193F,0.678081213452101
S193G,0.332553089874076
S193H,0.283849994338109
S193I,0.319863507476863
S193K,0.148330228638477
S193L,0.262176145428546
S193M,0.162329687464627
S193N,0.295971263778134
S193P,0.159114775020928
S193Q,0.200655116958865
S193R,0.119948815303824
S193T,0.488096217291683
S193V,0.203602438921862
S193W,0.218682633886345
S193Y,0.35122163096286
S194A,0.229412038806253
S194C,0.465056452537439
S194D,0.0598671189083484
S194E,0.101580631597897
S194F,0.191251937349138
S194H,0.281915203779164
S194I,0.614154888251732
S194K,0.262317969916773
S194L,0.0331762999061121
S194M,0.247917037745775
S194N,0.123627079390583
S194P,0.647214985755966
S194Q,0.576255405114975
S194R,0.244166601984031
S194T,0.23677305944199
S194V,0.0449106328750665
S194W,0.187576065923083
S194Y,0.208248164928811
R195A,0.252646263421164
R195C,0.155849792363687
R195D,0.0507680433894621
R195E,0.103344854736502
R195F,0.0599583157797218
R195G,0.479795261215294
R195H,0.198499808839591
R195I,0.0727112406171631
R195K,0.157605633280655
R195L,0.187365755446148
R195N,0.0846697519791695
R195P,0.0686380949574947
R195Q,0.110776258839413
R195S,0.0733012148413395
R195T,0.151041243516907
R195V,0.143713498492243
R195Y,0.160653645117636
N196A,0.236121697282238
N196C,0.174592164497788
N196D,0.1527100206915
N196E,0.071280067158875
N196F,0.0797626082447388
N196G,0.36334409575738
N196H,0.161620860642839
N196I,0.229644394639053
N196K,0.159490466587541
N196L,0.134626885454019
N196M,0.279358598566607
N196P,0.154974096440813
N196Q,0.260773678108902
N196R,0.384906303091468
N196S,0.236655770734571
N196T,0.146759028754329
N196V,0.197356368872836
N196W,0.421755511874734
N196Y,0.116315103843544
S197A,0.109368845409862
S197C,0.168016253900462
S197D,0.116902496184996
S197E,0.367002031446608
S197F,0.122993955506583
S197G,0.25440672311383
S197H,0.368926236711362
S197I,0.0681080456494139
S197K,0.107265075490475
S197L,0.914238850213241
S197M,0.111312773678363
S197N,0.359846445911471
S197P,0.325947867673433
S197Q,0.345869165834178
S197R,0.0880523138559903
S197T,0.267687190654396
S197V,0.161981018549564
S197W,0.252158550976215
S197Y,0.273483298892718
T198A,0.26808232491401
T198C,0.297976513365377
T198D,0.401807338897614
T198E,0.14804134069327
T198F,0.0970158699990396
T198G,0.137084360347227
T198H,0.589995586229408
T198I,0.122510536233679
T198K,0.293152075144391
T198L,0.43143645030229
T198M,0.091370738120967
T198N,0.0813787015488838
T198P,0.181212335095643
T198Q,0.0615666485630245
T198R,0.393769123807007
T198S,0.111611272465154
T198V,0.088032331485888
T198W,0.613524097076215
T198Y,0.176481213473104
P199A,0.162502306712926
P199C,0.148019105044185
P199D,0.133511932228637
P199E,0.0613678650787685
P199F,0.112312504829045
P199G,0.0862980164403074
P199H,0.116117526362915
P199I,0.083227957924135
P199K,0.558826957279963
P199L,0.083095656785819
P199M,0.251055659938235
P199N,0.0432324351978445
P199Q,0.144695536907768
P199R,0.0723493343236831
P199S,0.307824162456348
P199T,0.273834368596046
P199V,0.0792397395083148
P199W,0.186818594300488
P199Y,0.208387639087404
G200A,0.122392413844114
G200C,0.226062133888771
G200D,0.10963197419479
G200E,0.097308748531414
G200F,0.174991490001372
G200H,0.172618166327055
G200I,0.412402635426144
G200K,0.14162023991754
G200L,0.121620204073251
G200M,0.0785440433749132
G200N,0.186453602762639
G200P,0.0531409137183076
G200Q,0.234952665519913
G200R,1
G200S,0.180043091858437
G200T,0.329329432830639
G200V,0.203266555275342
G200W,0.373647082360279
G200Y,0.37948171968615
S201A,0.0324247270102963
S201C,0.108781860229827
S201D,0.271008870078953
S201E,0.14601579044625
S201F,0.121788521060017
S201G,0.28217034084688
S201H,0.0958182908504139
S201I,0.115422444915
S201K,0.113445566281327
S201L,0.244383050721542
S201M,0.13287326287075
S201N,0.0603806382456131
S201P,0.0481741692295275
S201Q,0.201827867301043
S201R,0.315278308115096
S201T,0.19594123245283
S201V,0.167248795397541
S201W,0.160747445060699
S201Y,0.105875011483184
S202A,0.1803734061658
S202C,0.0470470618329485
S202D,0.180582912757741
S202E,0.119811101394175
S202F,0.476828329387991
S202G,0.178878372648211
S202H,0.2911831664796
S202I,0.132374181978853
S202K,0.163122242883468
S202L,0.729636835060564
S202M,0.179701915178422
S202N,0.225797687086833
S202P,0.065339274558024
S202Q,0.125408124192814
S202R,0.153952996589331
S202T,0.151959923288931
S202V,0.411253081041681
S202W,0.57477735478167
S202Y,0.166863521655032
R203A,0.049502685680943
R203C,0.119720589778646
R203D,0.158194875439795
R203E,0.219036967076547
R203F,0.213857182237753
R203G,0.110790990514345
R203H,0.0428657208295796
R203I,0.181260942085518
R203K,0.557918446139263
R203L,0.306819039557141
R203M,0.288316216958047
R203N,0.177449106826474
R203P,0.0895061096476
R203Q,0.096075507403548
R203S,0.531518276271856
R203T,0.429225580727307
R203V,0.128539598852889
R203W,0.269998279088682
R203Y,0.122910514447128
G204A,0.101285338043479
G204C,0.114319908617882
G204D,0.215649913105369
G204E,0.0761041081475788
G204F,0.260667163360811
G204H,0.790621889045964
G204I,0.11873203607757
G204K,0.323055913466773
G204L,0.100027757655153
G204M,0.378968720814979
G204N,0.425966640919939
G204P,0.0604603410188142
G204Q,0.248703661542077
G204R,0.251990031500065
G204S,0.250225648492118
G204T,0.0541695873351547
G204V,0.124921285582532
G204W,0.256628398996482
G204Y,0.109667488277782
T205A,0.235060984829267
T205C,0.208991449693303
T205D,0.0458021872937399
T205E,0.10253584643349
T205F,0.0848777857678162
T205G,0.206911706399096
T205H,0.176493345684527
T205I,0.438509326984026
T205K,0.0472065533186509
T205L,0.195229692966416
T205M,0
T205N,0.2123019351805
T205P,0.14752437560519
T205Q,0.138998456617264
T205R,0.287022691342231
T205S,0.235725497901427
T205V,0.068160329587688
T205W,0.189882072934835
T205Y,0.213513422214506
S206A,0.211076007142417
S206C,0.215816419911327
S206D,0.118253425688222
S206E,0.160214318674365
S206F,0.904706193656883
S206G,0.177956848934361
S206H,0.0938448465056893
S206I,0.225776877447689
S206K,0.381052265480143
S206L,0.493358378140108
S206M,0.182995915567883
S206N,0.0505402311673414
S206P,0.0939793145147433
S206Q,0.242031583706309
S206R,0.112393476078544
S206T,0.254308442340262
S206V,0.553273840126577
S206W,0.605254092769823
S206Y,0.133491423483287
P207A,0.156047895017984
P207C,0.398150940153921
P207D,0.123230089886603
P207E,0.218262300526321
P207F,0.204869633009721
P207G,0.432324351978445
P207H,0.108714938341834
P207I,0.104129701377711
P207K,0.314070926290223
P207L,0.0788356171254812
P207M,0.418245019050117
P207N,0.216788225824342
P207Q,0.0973964554016583
P207R,0.235956071329553
P207S,0.198472008827461
P207T,0.452207033695415
P207V,0.081296866830421
P207W,0.0513298515079095
P207Y,0.0226901400175084
A208C,0.177121905362598
A208D,0.087875058505707
A208E,0.100457620096832
A208F,0.298605497973742
A208G,0.188895458143023
A208H,0.251765357916859
A208I,0.448854400730562
A208K,0.644049494784494
A208L,0.0898039500487091
A208M,0.538568332504379
A208N,0.255834292994303
A208P,0.246679189070054
A208Q,0.107546000667461
A208R,0.314828861099978
A208S,0.137909737385967
A208T,0.0717037198495181
A208V,0.258756635094722
A208W,1
A208Y,0.129316745718049
R209A,0.132009099677883
R209C,0.228380853802435
R209D,0.131272475356
R209E,0.0617518033062868
R209F,0.270200489210718
R209G,0.297169172141263
R209H,0.560951428538585
R209I,0.0962799855281527
R209K,0.163343944916224
R209L,0.11841494298536
R209M,0.133482991558444
R209N,0.11029556403236
R209P,0.193178560340824
R209Q,0.100091623042938
R209S,0.037403730862566
R209T,0.273786670569814
R209V,0.197239777277766
R209W,0.180627226622974
R209Y,0.554820280673389
M210A,0.0917018276797103
M210C,0.326063393499951
M210D,0.178275300014425
M210E,0.115409141671102
M210F,0.158936110448448
M210G,0.268165822749312
M210H,0.111256872165865
M210I,0.208817775630138
M210K,0.0507404008750233
M210L,0.196478658401315
M210N,0.112251044053619
M210P,0.186120687715829
M210Q,0.284825455421093
M210R,0.294938773235312
M210S,0.102919045229824
M210T,0.148054619657984
M210V,0.0492699290245534
M210W,0.190918094720817
M210Y,0.212757812555167
A211C,0.0657665964575703
A211D,0.14904656816884
A211E,0.118434186678806
A211F,0.473675423699793
A211G,0.0472737659097494
A211H,0.27786703976857
A211I,0.174883186673141
A211K,0.202323302922112
A211L,1
A211M,0.167947766334714
A211N,0.142102423454779
A211P,0.114813688315857
A211Q,0.155274839112104
A211R,0.27439310959958
A211S,0.171842664638822
A211T,0.469655885449967
A211V,0.481387942580324
A211W,0.746779951591408
A211Y,0.76567732608749
G212A,0.0687697690397129
G212C,0.12266962446496
G212D,0.160009617299161
G212E,0.0452128364243963
G212F,0.123205222450281
G212H,0.15431371311897
G212I,0.360967462876927
G212K,0.113418026811782
G212L,0.102380918409031
G212M,0.361460107103899
G212N,0.270078538303288
G212P,0.361684272499374
G212Q,0.131280663181773
G212R,0.383836208972235
G212S,0.263041007320072
G212T,0.220351940292273
G212V,0.203012056888418
G212W,0.32140609750981
G212Y,0.453216751287569
N213A,0.322217511760798
N213C,0.849973064941254
N213D,0.0619127440208899
N213E,0.0807491579427343
N213F,0.37831290707475
N213G,0.236057651684694
N213H,0.160128449768298
N213I,0.921263682037651
N213K,0.104930086454434
N213L,0.379680501985331
N213M,0.583789478756445
N213P,0.142932014879521
N213Q,0.219249589921145
N213R,0.155840835327168
N213S,0.0696821748542557
N213T,0.160098855684777
N213V,0.180288475133883
N213W,0.376072451589004
N213Y,0.369561085621117
G214A,0.143511381693501
G214C,0.150306819494729
G214D,0.091041150815602
G214E,0.0780584999681948
G214F,0.123852322008754
G214H,0.245658465647968
G214I,0.217352914338578
G214K,0.128225166991454
G214L,0.0556885960489212
G214M,0.0930319736443478
G214N,0.152563428009534
G214P,0.459443101382553
G214Q,0.498143726074121
G214R,0.213613381901645
G214S,0.292840555983128
G214T,0.139796461001578
G214V,0.31699570012332
G214W,0.0819909413939483
G214Y,0.233635118151878
G215A,0.240708095575916
G215C,0.106209896723916
G215D,0.0965343784068139
G215E,0.0654015043125929
G215F,0.228534668887227
G215H,0.266746277349228
G215I,0.174597495556246
G215K,0.135787663439422
G215L,0.317300598779081
G215M,0.369213381596802
G215N,0.164570773130168
G215P,0.120813055611959
G215Q,0.174383803456498
G215R,0.247591997922336
G215S,0.145330634248192
G215T,0.0983268730126927
G215V,0.475314999862689
G215W,0.265313812012565
G215Y,0.41389072773997
D216A,0.928549714145882
D216C,0.398070478256144
D216E,0.216969026102493
D216F,0.586247458632317
D216G,0.268921162477003
D216H,0.442432042699603
D216I,0.466908198414057
D216K,0.399115692950085
D216L,0.990331895454562
D216M,0.720686428170583
D216N,0.628975300416688
D216P,0.248625989824904
D216Q,0.180489181049105
D216R,0.555784714570377
D216S,0.219352241588352
D216T,0.54328060051002
D216V,1
D216W,0.117685630109412
D216Y,1
A217C,0.415379004903376
A217D,0.0885031590972458
A217E,0.134354901117631
A217F,0.286781177706096
A217G,0.131309717894968
A217H,0.230999350540598
A217I,0.314575000226675
A217K,0.673564766643969
A217L,0.266931779843636
A217M,0.199378954634071
A217N,0.145406230032203
A217Q,0.0770876058707932
A217R,0.171785680799698
A217S,0.188008766347735
A217T,0.0630946628358715
A217V,0.522448965675003
A217W,0.312363224246017
A217Y,0.245520231325014
A218C,0.90794589361922
A218D,0.118587616764289
A218E,0.10046152976766
A218F,0.715202829217985
A218G,0.0866020492235074
A218H,0.0862319956945027
A218I,0.967922992637477
A218K,0.157551458232528
A218L,0.309984584457961
A218M,0.173399012614875
A218N,0.00213962751623037
A218P,0.032861395572313
A218Q,0.402768324023864
A218R,0.336660463571814
A218S,0.128790740300147
A218T,0.161147175777963
A218V,0.186843346915571
A218W,0.516932143907839
A218Y,0.924574408646242
L219A,0.106457955960918
L219C,0.150346802743834
L219D,0.106252446554343
L219E,0.0953772303585188
L219F,0.171843428715664
L219G,0.0964489516801644
L219H,0.0826056848918155
L219I,0.127149475133882
L219K,0.118176312417788
L219M,0.0947080523288472
L219N,0.148164922042522
L219P,0.0371658463570149
L219Q,0.216824673778504
L219R,0.170779193676481
L219S,0.113100188002626
L219T,0.238472496168394
L219V,0.124252262689153
L219W,0.185101460985069
L219Y,0.0487521003900049
A220C,0.182602719381441
A220D,0.150665191259286
A220E,0.151039870683477
A220F,1
A220G,0.158311605726609
A220H,0.103916875308229
A220I,0.528996564670957
A220K,0.0401728811350098
A220L,0.244136104646651
A220M,0.223400111177562
A220N,0.0775187883135706
A220P,0.081988570414276
A220Q,0.106417510745954
A220R,0.0888491119856869
A220S,0.00640976481779807
A220T,0.139039767889717
A220V,0.268546964591886
A220W,0.298246483701233
A220Y,0.426107122920665
L221A,0.124221689003592
L221C,0.0380400334978878
L221D,0.0874578576175026
L221E,0.0899616114778676
L221F,0.284846870868869
L221G,0.307015146528229
L221H,0.212889561159725
L221I,0.179327732383305
L221K,0.266065432248063
L221M,0.178178089852382
L221N,0.0301667679207221
L221P,0.0746267287929706
L221Q,0.101505583103349
L221R,0.237836211655057
L221S,0.038299588045815
L221T,0.0508673054408263
L221V,0.148050503589552
L221W,0.392316311263482
L221Y,0.0694710684926567
L222A,0.0606426461772813
L222C,0.133824985261107
L222D,0.0357436759889742
L222E,0.0835479445396979
L222F,0.206791994052624
L222G,0.177128013441296
L222H,0.051081650655249
L222I,0.227271439523034
L222K,0.122119233305998
L222M,0.0705600725435895
L222N,0.126995681460726
L222P,0.0878406449395791
L222Q,0.161800115347525
L222R,0.063578952065459
L222S,0.0603811319820449
L222T,0.0575754313458353
L222V,0.142819423487747
L222W,0.223484353498266
L222Y,0.340322504037883
L223A,0.0808047590478834
L223C,0.0634947837680859
L223D,0.0570988581986653
L223E,0.196147793531824
L223F,0.120841101921387
L223G,0.0661995036737435
L223H,0.140989441424696
L223I,0.194492952078648
L223K,0.429974534317092
L223M,0.0550876040654597
L223N,0.0892085522703903
L223P,0.187631875169883
L223Q,0.111796954069583
L223R,0.0831795831181171
L223S,0.288302172216473
L223T,0.111665675762499
L223V,0.271725968331174
L223W,0.0913573487504439
L223Y,0.0884198700837444
L224A,0.133667476427583
L224C,0.12005952025565
L224D,0.088455646175595
L224E,0.117880732281344
L224F,0.213791123747403
L224G,0.0564142328996854
L224H,0.0976161159395637
L224I,0.0906082534248878
L224K,0.0463447126337999
L224M,0.0677981160282145
L224N,0.0759721213842605
L224P,0.110040000126551
L224Q,0.14760135951655
L224R,0.246806391473953
L224S,0.101188587302496
L224T,0.0174855508011164
L224V,0.147409047788036
L224W,0.325559125908919
L224Y,0.147147323914556
D225A,0.425013236751673
D225C,0.316825812899692
D225E,0.0553109365325045
D225F,0.362214479906676
D225G,0.0977007257422491
D225H,0.334733195324444
D225I,0.271660015818589
D225K,0.273492762310099
D225L,0.101614281685955
D225M,0.38318783699762
D225N,0.359269213884022
D225P,0.115217933422145
D225Q,0.345492186033296
D225R,0.247027118424902
D225S,0.280980563329946
D225T,0.349646592369938
D225V,0.193964418213624
D225W,0.273431708004415
D225Y,0.299487234544102
R226A,0.0333434358843354
R226C,0.13968598187618
R226D,0.0912447406431621
R226E,0.028699874368781
R226F,0.175537509269759
R226G,0.0363306507891389
R226H,0.0369582412408185
R226I,0.154611778562101
R226K,0.10974247364507
R226L,0.127909562397768
R226M,0.252128844058953
R226N,0.0525417526599967
R226P,0.160246129951999
R226Q,0.0401067246217119
R226S,0.13379393072294
R226T,0.0932076490054196
R226V,0.122134670707993
R226W,0.298952818373746
R226Y,0.280124024873473
L227A,0.0618791923132552
L227C,0.0536124355899225
L227D,0.115301583716136
L227E,0.0581703554355167
L227F,0.065820762833752
L227G,0.0748157080109865
L227H,0.110290599006633
L227I,0.0885065714706963
L227K,0.123113422345882
L227M,0.236995277420711
L227N,0.0456456103007232
L227P,0.0849865060936004
L227Q,0.238668128129405
L227R,0.0205819345528361
L227S,0.23272523881922
L227T,0.125368021211821
L227V,0.165799163479877
L227W,0.186096861240604
L227Y,0.087258101910139
N228A,0.114989216508719
N228C,0.112674063458881
N228D,0.0637814307687305
N228E,0.681162488436627
N228F,0.106727016547206
N228G,0.0563847480183134
N228H,0.0931367271770865
N228I,0.239312989753201
N228K,0.178806843082173
N228L,0.35262372154909
N228M,0.352029876193804
N228P,0.173233546059547
N228Q,0.296573678117587
N228R,0.149788804862795
N228S,0.16506717702361
N228T,0.255566277375299
N228V,0.366723676540977
N228W,0.202725754338413
N228Y,0.0487222775656473
Q229A,0.539656295695841
Q229C,0.166267799179215
Q229D,0.151319138442655
Q229E,0.076557193177786
Q229F,0.0923811169210377
Q229G,0.0801836192160345
Q229H,0.665246560006771
Q229I,0.204686652829277
Q229K,0.134356017002927
Q229L,0.213997751459723
Q229M,0.091362211417044
Q229N,0.0169987656338708
Q229P,0.125087620297859
Q229R,0.371675308320325
Q229S,0.154341566824581
Q229T,0.218614757661177
Q229V,0.0518197024677933
Q229W,0.18014908690622
Q229Y,0.198438217341628
L230A,0.15303581997471
L230C,0.09689490408463
L230D,0.0816682754197517
L230E,0.189634987831187
L230F,0.139278880523543
L230G,0.102626269041322
L230H,0.139607519988701
L230I,0.0790482356592411
L230K,0.065695650487127
L230M,0.0871322844603958
L230N,0.0374755184784416
L230P,0.195579192824708
L230Q,0.128423459863333
L230R,0.106404106518158
L230S,0.0530145999450431
L230T,0.0467103365753831
L230V,0.11775179579139
L230W,0.105514843202468
L230Y,0.0915783129015279
E231A,0.118148273589383
E231C,0.116015707053341
E231D,0.051897730874135
E231F,0.206893505594861
E231G,0.120875527682724
E231H,0.499478410426162
E231I,0.127466836481378
E231K,0.228878069135023
E231L,0.133724085533732
E231M,0.128501187395588
E231N,0.11565144356681
E231P,0.113510604738383
E231Q,0.16334799184724
E231R,0.497132400906267
E231S,0.138771125059085
E231T,0.303564306284718
E231V,0.114688684411207
E231W,0.249424251317698
E231Y,0.147089288203542
S232A,0.40919106116239
S232C,0.166772208265798
S232D,0.212413152442431
S232E,0.0808252629720552
S232F,0.346757459350617
S232G,0.270554873876206
S232H,0.0464389670858273
S232I,0.187819209919855
S232K,0.229270685613717
S232L,0.169263240170528
S232M,0.381248101754061
S232N,0.145560152806071
S232P,0.250396432822424
S232Q,0.190443146178584
S232R,0.357364746284495
S232T,0.0544274644812444
S232V,0.130676530478055
S232W,0.102956764008167
S232Y,0.238519325502856
K233A,0.0467407872303701
K233C,0.218198347437106
K233D,0.104669294208676
K233E,0.0776392063246772
K233F,0.149496930012603
K233G,0.452065158752582
K233H,0.134868313747709
K233I,0.194815104367268
K233L,0.19195484225497
K233M,0.220575331908077
K233N,0.0388045231201343
K233P,0.110548437928916
K233Q,0.132197431202296
K233R,0.100850608713599
K233S,0.129843070373301
K233T,0.1461353848028
K233V,0.101252974331602
K233W,0.320815887124816
K233Y,0.0817059101407313
M234A,0.129954771993156
M234C,0.171527220501873
M234D,0.0943131603055236
M234E,0.070143116059494
M234F,0.143711665208995
M234G,0.109351199095213
M234H,0.188988778420598
M234I,0.21771952485978
M234K,0.100700558353892
M234L,0.265652252199828
M234N,0.0751150056620758
M234P,0.0926414222524476
M234Q,0.0745389203850416
M234R,0.0706811229167744
M234S,0.0694246409867633
M234T,0.0908716436232257
M234V,0.281516234705489
M234W,0.339709960855285
M234Y,0.0558533897560532
S235A,0.147531309741718
S235C,0.372764010636498
S235D,0.0979516230235993
S235E,0.181721397435599
S235F,0.189344490058143
S235G,0.416415253607057
S235H,0.218624391905883
S235I,0.242646048634249
S235K,0.122197152985245
S235L,0.300915071436114
S235M,0.322320559559436
S235N,0.241176822239271
S235P,0.461257717031976
S235Q,0.185526160956189
S235R,0.274616020910558
S235T,0.0687109712973598
S235V,0.138079216816213
S235W,0.346821485839444
S235Y,0.114894066704431
G236A,0.133386244365866
G236C,0.0923403496307702
G236D,0.106106750363288
G236E,0.155669613093118
G236F,0.180781186332389
G236H,0.128070637436326
G236I,0.111262530062131
G236K,0.356423683268051
G236L,0.196200049295987
G236M,0.126884244435135
G236N,0.275722038231785
G236P,0.00845422372924539
G236Q,0.458667367406774
G236R,0.131994857631738
G236S,0.171124634893185
G236T,0.126679895371337
G236V,0.201920106013019
G236W,0.196811112346514
G236Y,0.0572193995265589
K237A,0.278281251504871
K237C,0.220157310501113
K237D,0.0592422167691796
K237E,0.714606722976136
K237F,0.280375800576967
K237G,0.133575375014107
K237H,0.191755462024689
K237I,0.11410674865172
K237L,0.355864742498895
K237M,0.491950369168699
K237N,0.134799621008106
K237P,0.0727813120857299
K237Q,0.0649871939631163
K237R,0.255300367725313
K237S,0.0993034195233368
K237T,0.0808038426447913
K237V,0.0742686274948275
K237W,0.238397098125347
K237Y,0.41586284479643
G238A,0.158038831949032
G238C,0.0538884437757953
G238D,0.210912996427705
G238E,0.394517997690559
G238F,0.161954543659236
G238H,0.162288527354179
G238I,0.226173917712559
G238K,0.0921045172793629
G238L,0.722489625858522
G238M,0.219891407538522
G238N,0.168828385761918
G238P,0.279264092017933
G238Q,0.186560055279432
G238R,0.270142604093998
G238S,0.0677383476591732
G238T,0.215569277059355
G238V,0.100084292169942
G238W,0.412224851081949
G238Y,0.265912242311327
Q239A,0.127259465446494
Q239C,0.363450058388409
Q239D,0.056695126553083
Q239E,0.0648961403683094
Q239F,0.773097664714396
Q239G,0.123042808023205
Q239H,0.113057680492832
Q239I,0.349666288155057
Q239K,0.10293413225524
Q239L,0.279595384032022
Q239M,0.140368512159379
Q239N,0.144367504492086
Q239P,0.109034304165323
Q239R,0.0941196763769065
Q239S,0.158143996974588
Q239T,0.0796584002759256
Q239V,0.347275391032467
Q239W,0.191816881857169
Q239Y,0.188131161439596
Q240A,0.277016461704532
Q240C,0.163392559337945
Q240D,0.110129327904896
Q240E,0.153474881693091
Q240F,0.255641353864123
Q240G,0.44614902971352
Q240H,0.26046346084973
Q240I,0.0704505937482012
Q240K,0.238504745749273
Q240L,0.233445300575166
Q240M,0.272759406625866
Q240N,0.23329298891241
Q240P,0.0578979006660004
Q240R,0.191392066846335
Q240S,0.188152228431728
Q240T,0.183985891449729
Q240V,0.165557368733744
Q240W,0.244154153507002
Q240Y,0.300139383315957
Q241A,0.530597112402796
Q241C,0.213460252741467
Q241D,0.211141428580786
Q241E,0.380589474121906
Q241F,0.0950641862729843
Q241G,0.305786674122666
Q241H,0.132376793027611
Q241I,0.125496536539092
Q241K,0.0987510753435386
Q241L,0.130636339253398
Q241M,0.344362519667431
Q241N,0.233015321532837
Q241P,0.209065716814763
Q241R,0.868534487455423
Q241S,0.2911831664796
Q241T,0.28079821025223
Q241V,0.163870213292513
Q241W,0.316386730221679
Q241Y,0.112347731181016
Q242A,0.179923222955735
Q242C,0.0622348234077596
Q242D,0.102707386356959
Q242E,0.144314818113861
Q242F,0.418295085854038
Q242G,0.0851483452561203
Q242H,0.189632053585953
Q242I,0.292668523270482
Q242K,0.219639189688305
Q242L,0.481573927614609
Q242M,0.202142345836541
Q242N,0.10769127213409
Q242P,0.237823587691731
Q242R,0.125628370516089
Q242S,0.166387384387958
Q242T,0.0841790421415664
Q242V,0.139337093639571
Q242W,0.262786945821588
Q242Y,0.18401238711382
G243A,0.274409219572256
G243C,0.103652873803749
G243D,0.167652597022356
G243E,0.141849440395056
G243F,0.890198645808541
G243H,0.135774584022098
G243I,0.0937608804893637
G243K,0.0960975712647016
G243L,0.0630580865343291
G243M,0.169165396591093
G243N,0.0461653104140307
G243P,0.0654564540317651
G243Q,0.241810254086296
G243R,0.186807241920998
G243S,0.407644356483331
G243T,0.353267900282376
G243V,0.307016530537218
G243W,0.136042763094774
G243Y,0.75256075617391
Q244A,0.209280202780764
Q244C,0.487971612657324
Q244D,0.161563710409232
Q244E,0.0522147200838893
Q244F,0.0908068883642369
Q244G,0.116524994478409
Q244H,0.105039576368361
Q244I,0.172838334139713
Q244K,0.330005521128568
Q244L,0.103997659186217
Q244M,0.288280346024315
Q244N,0.113950651868339
Q244P,0.116819314105466
Q244R,0.199688799865499
Q244S,0.0970774133792504
Q244T,0.0771321681815425
Q244V,0.138996932504007
Q244W,0.294551727903341
Q244Y,0.285327835858959
T245A,0.103346609554391
T245C,0.181140218767825
T245D,0.259232219559286
T245E,0.114432301392445
T245F,0.156745205570507
T245G,0.18164390242683
T245H,0.126905693693019
T245I,0.138206840456948
T245K,0.166099397756822
T245L,0.0759639449057881
T245M,0.136916227444103
T245N,0.0603734769043484
T245P,0.102707140433055
T245Q,0.101073259451381
T245R,0.358477051402717
T245S,0.0621489571682141
T245V,0.161646926330122
T245W,0.115091841234627
T245Y,0.448539290538408
V246A,0.276691745731519
V246C,0.15786967318956
V246D,0.00815320288355482
V246E,0.462611896046188
V246F,0.1216770287616
V246G,0.0847227699829136
V246H,0.136743111939535
V246I,0.213645402825274
V246K,0.246040338104175
V246L,0.197475276353375
V246M,0.137946478152171
V246N,0.439255900178216
V246P,0.278023170924266
V246Q,0.36477278182314
V246R,0.337734550800668
V246S,0.280974327236515
V246T,0.12872555788703
V246W,0.39255975917615
V246Y,0.0915100041022716
T247A,0.0805875197282696
T247C,0.110951523843039
T247D,0.110337482579157
T247E,0.658803479338615
T247F,0.0853977808010025
T247G,0.178971967245244
T247H,0.437567060579175
T247I,0.146725544004905
T247K,0.0644179076620962
T247L,0.121740741986138
T247M,0.128794963106014
T247N,0.134509589330342
T247P,0.194202843825238
T247Q,0.103356106956621
T247R,0.135149447620632
T247S,0.354534027518061
T247V,0.137988159586865
T247W,0.0728681417087615
T247Y,0.143104009526867
K248A,0.199396210178376
K248C,0.253923903364949
K248D,0.0600009098205604
K248E,0.167461771246894
K248F,0.132247908081981
K248G,0.0386322885013703
K248H,0.0826143045581389
K248I,0.225549083971093
K248L,0.0969858670471979
K248M,0.0530920985771022
K248N,0.0768099139688742
K248P,0.103783206772311
K248Q,0.0464528061680318
K248R,0.131187318039719
K248S,0.307925315684044
K248T,0.321669571857861
K248V,0.152887087696984
K248W,0.112934990657339
K248Y,0.118448850287923
K249A,0.256813489176135
K249C,0.148287081384079
K249D,0.0635561751497583
K249E,0.14416303602861
K249F,0.0573123582261089
K249G,0.0657661765398393
K249H,0.138105022225772
K249I,0.225543566217024
K249L,0.328376984862178
K249M,0.225688112465999
K249N,0.211235034507904
K249P,0.215811523116919
K249Q,0.184890064006818
K249R,0.138914028401143
K249S,0.135029420709527
K249T,0.213468230625449
K249V,0.331151186477202
K249W,0.227954090088546
K249Y,0.277235783231405
S250A,0.169488486489271
S250C,0.424434269536606
S250D,0.233273806473222
S250E,0.100089739922396
S250F,0.236480738220721
S250G,0.273381575515782
S250H,0.170730065578435
S250I,0.210207329789869
S250K,0.152058190477462
S250L,0.0688012324330513
S250M,0.106120238476241
S250N,0.284700244133693
S250P,0.103062817032897
S250Q,0.0470470618329485
S250R,0.378823422661031
S250T,0.148746547579272
S250V,0.2034452956816
S250W,0.598894580660025
S250Y,0.0701629660146821
A251E,0.190143077174447
A251S,0.0961128327754996
E253A,0.0597624839499615
E253C,0.0991802925127021
E253F,0.053404772891455
E253G,0.0610340261616628
E253H,0.203628010429385
E253I,0.0869681427947162
E253K,0.067902407048885
E253L,0.105993062124144
E253M,0.283551790434414
E253N,0.0419608929861432
E253P,1
E253Q,0.267023864457275
E253R,0.102994919147806
E253S,0.036874724139338
E253T,0.377697836178619
E253V,0.372561868028484
E253W,0.00494917747958469
E253Y,0
A254C,0.137646181496191
A254D,0.060620219651035
A254E,0.028416006814067
A254F,0.110602154371058
A254G,0.597624839499615
A254H,0.0549383886887741
A254I,0.127143128108306
A254K,0.322971721772133
A254L,0.130968847805235
A254M,0.0518583630311785
A254N,0.311527841866821
A254P,0.187126348110657
A254Q,0.105538003571209
A254R,0.143684269922248
A254S,0.275924659939184
A254T,0.0127154221170131
A254V,0.0982820833029466
A254W,0.0899616114778676
A254Y,0.186910532585084
S255A,0.233963766953041
S255C,0.0114438799053118
S255D,0.0839217859722864
S255E,0.0152585065404157
S255F,0.0381462663510393
S255G,0.0750209904903772
S255H,0
S255I,0
S255K,0
S255M,0.090279497030793
S255N,0.0521332306797537
S255P,0.333144059465743
S255Q,0.195608710639906
S255R,0.643190104109479
S255T,0.601439466134719
S255V,0
S255W,0.0946515533084674
S255Y,0.104266461359507
K256A,0.08299384466805
K256C,0
K256D,0.00808643698677462
K256E,0.252087550862101
K256F,0.0635771105850655
K256G,0.0928225814541956
K256H,0.0125524068159355
K256I,0.243306796637225
K256L,0.125660663651625
K256M,0.127154221170131
K256N,0.14404488455245
K256P,0.0384272262603558
K256Q,0.117943641904664
K256R,0.0801071593371825
K256S,0.259450415547455
K256T,0
K256V,0.0601156773202348
K256W,0.0939183570769425
K256Y,0.335687143889146
K257A,0
K257C,0.364881334455088
K257D,0
K257E,0.0595504073669682
K257F,0.0362079535558084
K257G,0.192113939286614
K257H,0.102709453427441
K257I,0.0641012639983777
K257L,0.0254308442340262
K257M,0.217326980291322
K257N,0.139623677542573
K257P,0.132240390016936
K257Q,0.10680954578291
K257R,0.213414705104078
K257S,0.109266551436805
K257T,0.166181307170484
K257V,0.033691734857771
K257W,0.0704564212415252
K257Y,0.132330628496476
P258A,0.0787948284631811
P258C,0.204718296083911
P258D,0.0673449368518036
P258E,0.224699011348548
P258F,0.544074052191506
P258G,0.15052578259383
P258H,0.115130575365615
P258I,0.13755788145378
P258K,0.192789469319199
P258L,0.040259751910339
P258M,0.138385254245979
P258N,0.0493000635377183
P258Q,0.175448870011094
P258R,0
P258S,0.121993844286053
P258T,0.438260746065313
P258V,0.218098103094222
P258W,0.191367300121707
P258Y,0.0656514823746575
R259A,0.12588267895843
R259C,0.193226408292263
R259D,0.150034430019035
R259E,0.223099547064004
R259F,0.577241755047176
R259G,0.0640864163024999
R259H,0.168721777168608
R259I,0.674120233376916
R259K,0.205566852120109
R259L,0.0948286445595673
R259M,0.210944468292931
R259N,0.0401625732963382
R259P,0.260959757965649
R259Q,0.154947265046392
R259S,0.096095357714995
R259T,0.362850172505055
R259V,0.186431530903959
R259W,0.101790530187292
R259Y,0.158805473782527
Q260A,0.0661031792367787
Q260C,0.151247376644241
Q260D,0.0854516626174996
Q260E,0.147822038703407
Q260F,0.248332500763448
Q260G,0.0254059071441713
Q260H,0.131711751611243
Q260I,0.0445524171128487
Q260K,0.345133814392092
Q260L,0.147030494810263
Q260M,0.238886014093036
Q260N,0.227528807926437
Q260P,0.158498306521826
Q260R,0.110953550098786
Q260S,0.061306288763174
Q260T,0.144875417089416
Q260V,0.112606994829208
Q260W,0.0300693105598876
Q260Y,0.152943015649585
K261A,0.147838490081406
K261C,0.0498931876871122
K261D,0.0991716551565819
K261E,0.0374476212309813
K261F,0.133153995005941
K261G,0.0705807215181413
K261H,0.0804434887617793
K261I,0.061487083653079
K261L,0.124842301221965
K261M,0.112759400263546
K261N,0.221098751634651
K261P,0.0776578031585145
K261Q,0.194640462716745
K261R,0.132403527584456
K261S,0.279118430919601
K261T,0.0456646992297568
K261V,0.071018542812144
K261W,0.0809781031586994
K261Y,0.0391531383999509
R262A,0.0587832895181916
R262C,0.0757850394187633
R262D,0.0612042119099147
R262E,0.0621031727129119
R262F,0.0348147926863633
R262G,0.0586079021611087
R262H,0.236149230129403
R262I,0.161383125039922
R262K,0.0527568571608507
R262L,0.41134680325705
R262M,0.109642743808405
R262N,0.0603228635874072
R262P,0.0851008850868428
R262Q,0.0826798327985226
R262S,0.0683544962191402
R262T,0.111471867225815
R262V,0.127004627968754
R262W,0.0380907187215166
R262Y,0.0321916307116446
T263A,0.0914924009210175
T263C,0.0918088288955156
T263D,0.0900133194968801
T263E,0.124265503144007
T263F,0.0749582034158296
T263G,0.421344452833985
T263H,0.099289250714219
T263I,0.152585065404157
T263K,0.141458566585919
T263L,0.138159734371601
T263M,0.176897807732939
T263N,0.191517089304191
T263P,0.0954890835989477
T263Q,0.192885991180212
T263R,0.0590423009610517
T263S,0.259099416009714
T263V,0.236361056200655
T263W,0.309189950521358
T263Y,0.0683542149225264
A264C,0.169818125824013
A264D,0.0264558545139858
A264E,0.175215785285453
A264F,0.0537631362312554
A264G,0.0576003396007978
A264H,0.0512684452508278
A264I,0.134720836892964
A264K,0.0430425024191691
A264L,0.110880914433965
A264M,0.021447801411942
A264N,0.0129403929053319
A264P,0.0749608458754903
A264Q,0.0698711745911711
A264R,0.0614077582750392
A264S,0.0186882655166357
A264T,0.352477222473422
A264V,0.269268907170162
A264W,0.154926100491555
A264Y,0.080897810020699
T265A,0.0950856727305706
T265C,0.140936383219093
T265D,0.0768436540888096
T265E,0.20318017974937
T265F,0.129444945519413
T265G,0.0628185548189096
T265H,0.142179014865698
T265I,0.0703553221791536
T265K,0.202196422636823
T265L,0.0172866456028881
T265M,0.0521464377881971
T265N,0.312578480558693
T265P,0.080278854860876
T265Q,0.198587457702181
T265R,0.0820983002523948
T265S,0.570670610205864
T265V,0.185390735574774
T265W,0.13227962593291
T265Y,0.107924202588155
K266A,0.0349757293222364
K266C,0.183731927929396
K266D,0.0357170776332672
K266E,0.234135897121437
K266F,0.101636427416648
K266G,0.184957665268315
K266H,0.124854373713347
K266I,0.611293481018798
K266L,0.0914147358923413
K266M,0.145854920384235
K266N,0.213962751623037
K266P,0.0926367655999793
K266Q,0.160339375899384
K266R,0.589204019728806
K266S,0.0881221060526094
K266T,0.0533506376107164
K266V,0.455493041037964
K266W,0.180498517033931
K266Y,0.100380126402293
A267C,0.265823639934602
A267D,0.123054286250201
A267E,0.117395001465838
A267F,0.279420709321372
A267G,0.193483445626653
A267H,0.203098580816197
A267I,0.270190941996288
A267K,0.163976720272672
A267L,0.394054071016635
A267M,0.136387343308776
A267N,0.163298993024957
A267P,0.0738732386315611
A267Q,0.0718812712990708
A267R,0.424090663527648
A267S,0.107340946136873
A267T,0.374129723534077
A267V,0.0880388303321379
A267W,0.17644247119261
A267Y,0.463162880626673
Y268A,0.285395457102201
Y268C,0.277196202150885
Y268D,0.0592253963163839
Y268E,0.127262767456496
Y268F,0.201922203726241
Y268G,0.197267738060644
Y268H,0.0367460492145108
Y268I,0.52646027977185
Y268K,0.333364239935302
Y268L,0.0383033204350954
Y268M,0.148713320425058
Y268N,0.169894715446727
Y268P,0.0613930272591789
Y268Q,0.0473063557569567
Y268R,0.28889080868949
Y268S,0.0644204599541828
Y268T,0.140634777248279
Y268V,0.055787995085388
Y268W,0.0855578962306993
N269A,0.252535699576629
N269C,0.193857851523666
N269D,0.348981914607648
N269E,0.0617336569430345
N269F,0.117535934259526
N269G,0.470199355990988
N269H,0.157780301004337
N269I,0.0369844638286193
N269K,0.0978714835304351
N269L,0.147199893367338
N269M,0.0965379393573711
N269P,0.110087552461207
N269Q,0.117982441282449
N269R,0.0907349204590527
N269S,0.302303938756985
N269T,0.312394167329738
N269V,0.0722355955252443
N269W,0.150633395962941
N269Y,0.241959787890807
V270A,0.0566178674137372
V270C,0.0526807861515055
V270D,0.031251799895443
V270E,0.211977341395684
V270F,0.0843857160699742
V270G,0.168119553515966
V270H,0.130041939709371
V270I,0.0732132028224819
V270K,0.419249668728602
V270L,0.138354103636008
V270M,0.206814468727353
V270N,0.340153356831738
V270P,0.0946228348705033
V270Q,0.0561462539720025
V270R,0.0704154628565626
V270S,0.0873372937568097
V270T,0.103643525471137
V270W,0.240011596227888
V270Y,0
T271A,0.197610135564889
T271C,0.159782144988442
T271D,0.103544665475687
T271E,0.457755196212471
T271F,0.413149504999053
T271G,0.189260834061881
T271H,0.316743688872109
T271I,0.332689127286181
T271K,0.438375938397245
T271L,0.199014175541629
T271M,0.159906480073176
T271N,0.167531816416084
T271P,0.123254491316134
T271Q,0.232628005437718
T271R,0.182176710916288
T271S,0.364432014303367
T271V,0.186530572951285
T271W,0.104781827662563
T271Y,0.643796939468649
Q272A,0.148723240249284
Q272C,0.319238076037662
Q272D,0.0723413303096006
Q272E,0.116071867729086
Q272F,0.039827664887289
Q272G,0.0469313917067454
Q272H,0.119878215647965
Q272I,0.211179373046041
Q272K,0.386779022382013
Q272L,0.230472689432564
Q272M,0.188293467580683
Q272N,0.271312796520553
Q272P,0.0982795414153661
Q272R,0.327506654824031
Q272S,0.12380259250234
Q272T,0.11327837473082
Q272V,0.0625894872380756
Q272W,0.0827710365286655
Q272Y,0.117473739656963
A273C,0.226529840950293
A273D,0.141234095681329
A273E,0.0676249015665064
A273F,0.235118793344546
A273G,0.0913205482071406
A273H,0.0810667838098432
A273I,0.14059515694933
A273K,0.245001835514193
A273L,0.112647583067939
A273M,0.115118358684513
A273N,0.0588927049086909
A273P,0.359846445911471
A273Q,0.0638218224824118
A273R,0.194933960413757
A273S,0.0544454509999762
A273T,0.127711682265031
A273V,0.355623997393605
A273W,0.285318248669362
A273Y,0.21550126139331
F274A,0.0743933418957512
F274C,0.00845986606676841
F274D,0.107771270602928
F274E,0.0889960878829115
F274G,0.190731331755196
F274H,0.173912424861446
F274I,0.161563710409232
F274K,0.210826066593171
F274L,0.196211009454886
F274M,0.178829834024877
F274N,0.116007991803082
F274P,0.266807388694901
F274Q,0.0525184957734251
F274R,0.0954025374413178
F274S,0.740897015152213
F274T,0.254009255937509
F274V,0.154667785077147
F274W,0.156764788317868
F274Y,0.275366366315767
G275A,0.0190978369651325
G275C,0.49718656066233
G275D,0.297540877538106
G275E,0.162039681327003
G275F,0.284812716112773
G275H,0.21059578438131
G275I,0.0773514344462086
G275K,0.0810595372930103
G275L,0.0312278449529631
G275M,0.252327559654675
G275N,0.0563819601000268
G275P,0.129845188733463
G275Q,0.284825455421093
G275R,0.144268712718635
G275S,0.226394410681229
G275T,0.0840619666273162
G275V,0.0497682997953327
G275W,0.27046440100719
G275Y,0.263494118864137
R276A,0.116095367375403
R276C,0.422837674873841
R276D,0.134301325189366
R276E,0.346156635469186
R276F,0.103567171417234
R276G,0.288637395699412
R276H,0.124221689003592
R276I,0.49080322211343
R276K,0.111494812999468
R276L,0.0539619357068579
R276M,0.208960812925318
R276N,0.106411042840193
R276P,0.431722691410271
R276Q,0.22979509053806
R276S,0.223815107885347
R276T,0.039929868434031
R276V,0.105885850750961
R276W,0.146396595272873
R276Y,0.150968404849968
R277A,0.093189563215763
R277C,0.128423459863333
R277D,0.103472681934993
R277E,0.0503851030961338
R277F,0.120692299696203
R277G,0.0754629439969686
R277H,0.0263491295642283
R277I,0.124052012904718
R277K,0.119524967899923
R277L,0.00707778618412989
R277M,0.210493835416437
R277N,0.0330005521128568
R277P,0.0381462663510393
R277Q,0.0911537633119271
R277S,0.260773173356672
R277T,0.0760853837109175
R277V,0.161728739735492
R277W,0.0679430352420259
R277Y,0.330319352617868
G278A,0.0754576596789265
G278C,0.111535773659246
G278D,0.154933886434105
G278E,0.370018783605081
G278F,0.0940077318027095
G278H,0.0962736720864787
G278I,0.0653610906764073
G278K,0.105336295297486
G278L,0.211373217212226
G278M,0.670622921925922
G278N,0.367707169244488
G278P,0.0797150527112256
G278Q,0.0940053645056935
G278R,0.0957694098473216
G278S,0.374290544089418
G278T,0.0547103373628842
G278V,0.0973363869674709
G278W,0.105796247153856
G278Y,0.111456863777889
P279A,0.142272051085067
P279C,0.226152541000639
P279D,0.173771459604764
P279E,0.120427971689857
P279F,0.14789387980113
P279G,0.241327253115629
P279H,0.0825470380467554
P279I,0.110438177863466
P279K,0.0819675258521748
P279L,0.091039153420781
P279M,0.0672440328218405
P279N,0.139248115525824
P279Q,0.111367932189128
P279R,0.281976040033756
P279S,0.295764202119017
P279T,0.0719056558585255
P279V,0.0314005799876053
P279W,0.119782173437605
P279Y,0.0585263654400986
E280A,0.231581661498414
E280C,0.261333350452817
E280D,0.0723915267905892
E280F,0.402661353890375
E280G,0.405457049225231
E280H,0.236785750965331
E280I,0.295930211357939
E280K,0.16117204080824
E280L,0.442496689672056
E280M,0.23081223792458
E280N,0.142673241023385
E280P,0.0561183239861938
E280Q,0.241615128346592
E280R,0.11638156429107
E280S,0.123822516421284
E280T,0.0847303698908562
E280V,0.222862721440099
E280W,0.273420443618323
E280Y,0.368693442580535
Q281A,0.243968291760492
Q281C,0.257519493290012
Q281D,0.1172751841623
Q281E,0.403370503810875
Q281F,0.380805923111928
Q281G,0.258170841791348
Q281H,0.0505064782234913
Q281I,0.160971622098239
Q281K,0.101522879207125
Q281L,0.160160489084167
Q281M,0.188865190361668
Q281N,0.157051626817294
Q281P,0.132525184890357
Q281R,0.163161029382098
Q281S,0.130036494908876
Q281T,0.320697028017519
Q281V,0.0341317767124701
Q281W,0.365447168805034
Q281Y,0.245506747870056
T282A,0.0789812863081922
T282C,0.181110834988446
T282D,0.10680954578291
T282E,0.130807691341078
T282F,0.0149602085902319
T282G,0.079920024875598
T282H,0.114598697903483
T282I,0.0644312536272147
T282K,0.504535907710545
T282L,0.298775900260699
T282M,0.166948466703835
T282N,0.246054113856774
T282P,0.116823896267852
T282Q,0.223479713089044
T282R,0.208744229202714
T282S,0.143411182220637
T282V,0.165265526584596
T282W,0.0548749201251318
T282Y,0.100697770872346
Q283A,0.1355205766736
Q283C,0.3841151597055
Q283D,0.23820821067379
Q283E,0.10781184238315
Q283F,0.025817894017847
Q283G,0.136477792381089
Q283H,0.132700593101898
Q283I,0.190776705394017
Q283K,0.246080559231555
Q283L,0.137818355347511
Q283M,0.138224660165632
Q283N,0.0481419887557603
Q283P,0.109232575967035
Q283R,0.142793368392518
Q283S,0.0391669600992077
Q283T,0.157578861663343
Q283V,0.0953941584679857
Q283W,0.0889113273277333
Q283Y,0.26154023768915
G284A,0.285277162338246
G284C,0.0457755196212471
G284D,0.437813175858956
G284E,0.0588475398672203
G284F,0.156128816271687
G284H,0.0365658232386488
G284I,0.473013702752887
G284K,0.213916622391641
G284L,0.207990063975103
G284M,0.177047008023938
G284N,0.213417990985386
G284P,0.0663764579990415
G284Q,0.187689223511315
G284R,0.160759154777249
G284S,0.0408559283567608
G284T,0.0516512345043427
G284V,0.041773219260038
G284W,0.0855814581100314
G284Y,0.164043109875666
N285A,0.0538628506776577
N285C,0.00890079548190917
N285D,0.169643500882398
N285E,0.0979087503010008
N285F,0.0413700028579141
N285G,0.2344476235837
N285H,0.220296758479846
N285I,0.146227354345651
N285K,0.119068332752186
N285L,0.182379512688919
N285M,0.170052704892937
N285P,0.106375271628606
N285Q,0.140084404278616
N285R,0.0928635989448956
N285S,0.520718974671893
N285T,0.0676416765432375
N285V,0.0717810111203391
N285W,0.0780996953786856
N285Y,0.0680993274046718
F286A,0.139426397224632
F286C,0.268885260972738
F286D,0.0576645267519757
F286E,0.0106544792963282
F286G,0.179553264306752
F286H,0.116748473380029
F286I,0.059127686128675
F286K,0.111895714629715
F286L,1
F286M,0.212347549354119
F286N,0.357303361488068
F286P,0.0969162497716679
F286Q,0.0293590264580472
F286R,0.0802353490743352
F286S,0.0712772767863105
F286T,0.0101723376936105
F286V,0.171958156081406
F286W,0.265851467837129
F286Y,0.0713465300960666
G287A,0.259260650920074
G287C,0
G287D,0.417861731711739
G287E,0.175769466897219
G287F,0.311085092177326
G287H,0.040055661130924
G287I,0.110973053614422
G287K,0.0184762233842075
G287L,0.2278865178438
G287M,0.118266166592147
G287N,0.127840184731707
G287P,0.135038325118164
G287Q,0.202378095962849
G287R,0.0544479025366227
G287S,0.39175264581881
G287T,0.286096997632795
G287V,0.314926894106816
G287W,0.107723397320033
G287Y,0.238611316234416
D288A,0.0492357468223465
D288C,0.113853855176597
D288E,0.0540533674060224
D288F,0.14039375271465
D288G,0.133683412476017
D288H,0.105199651775169
D288I,0.0441353339773704
D288K,0.0430509361857783
D288L,0.193553770149352
D288M,0.186511960697776
D288N,0.17901386370614
D288P,0.0322939118125679
D288Q,0.0511646076578456
D288R,0.594697686231254
D288S,0.30843981078126
D288T,0.0894267624203298
D288V,0.110108879675946
D288W,0.0522170065004923
D288Y,0.143597356922396
Q289A,0.282629742012609
Q289C,0.110627429998403
Q289D,0.139390755983401
Q289E,0.216681730871423
Q289F,0.206145799461549
Q289G,0.241118244775122
Q289H,0.100106109165984
Q289I,0.632793803289001
Q289K,0.265420801568006
Q289L,0.142161558878606
Q289M,0.26386636845977
Q289N,0.201439402524303
Q289R,1
Q289S,0.467076739665711
Q289T,0.221708149601871
Q289V,0.142741730317536
Q289W,0.562905386165446
Q289Y,0.454247721332402
E290A,0.161923431867179
E290C,0
E290D,0.229540323335205
E290F,0.154442137083222
E290G,0.0305170130808314
E290H,0.117121124600844
E290I,0.109218259123941
E290K,0.160778768322506
E290L,0.186430391959559
E290M,0.187808304439851
E290N,0.0904795321223379
E290P,0.14828485870597
E290Q,0.193623504061228
E290R,0.117295698318058
E290S,0.0765445315823794
E290T,0.215349553888653
E290V,0.066494303660147
E290W,0.102731510204547
E290Y,0.124498597953279
L291A,0.0975970445999816
L291C,0.134638785934089
L291D,0.2254046099986
L291E,0.0953945872298644
L291F,0.176352093071047
L291G,0.168554292489183
L291H,0.0320592764859746
L291I,0.0480647473046938
L291K,0.0883245614171193
L291M,0.0858427167098694
L291N,0.213126012229362
L291P,0.162748733491779
L291Q,0.0969106294834649
L291R,0.240504198573785
L291S,0.0746153397779437
L291T,0.200949041160197
L291V,0.0639960151620983
L291W,0.104772272902855
L291Y,0.301102282519085
I292A,0.0683365819914626
I292C,0.0750639364927662
I292D,0.0853689766576762
I292E,0.180354989346099
I292F,0.278467744362587
I292G,0.0455090356166268
I292H,0.0456344237879804
I292K,0.375820937669223
I292L,0.116793544970052
I292M,0.0854998475868085
I292N,0.236787535186315
I292P,0.928562753172186
I292Q,1
I292R,0.116796415427245
I292S,0.230508665831469
I292T,0.142678328147512
I292V,0.0894223320630139
I292W,0.202374826970338
I292Y,0.0694362086106606
R293A,0.11507856202443
R293C,0.313652878005732
R293D,0.0509159485512019
R293E,0.154529154005481
R293F,0.138601762824073
R293G,0.151613624938224
R293H,0.132188490334826
R293I,0.0702882690415794
R293K,0.296659622386261
R293L,0.204582750975049
R293M,0.201745236342335
R293N,0.0426454591655806
R293P,0.1141520324081
R293Q,0.10370937662527
R293S,0.0641471844708385
R293T,0.11086707623015
R293V,0.203750489694966
R293W,0.101587551730849
R293Y,0.079518890413826
Q294A,0.135682580921956
Q294C,0.10222269795083
Q294D,0.242680771624586
Q294E,0.0989682862537975
Q294F,0.331520340839722
Q294G,0.0440331581721395
Q294H,0.0779058659896808
Q294I,0.0387055282609782
Q294K,0.179696047169175
Q294L,0.121107741055551
Q294M,0.534413630256616
Q294N,0.32810614401569
Q294P,0.111754729129626
Q294R,0.0983337795728801
Q294S,0.197522305674086
Q294T,0.233981358213714
Q294V,0.0667143887023171
Q294W,0.0769073280021012
Q294Y,0.261359283687027
G295A,0.158459203563898
G295C,0.0986948029205044
G295D,0.0293604616238057
G295E,0.17775547328157
G295F,0.109836207490517
G295H,0.0520209376776711
G295I,0.0312687082629625
G295K,0.0976902722577532
G295L,0.198360585025404
G295M,0.219064980501164
G295N,0.201514009710423
G295P,0.191780627333907
G295Q,0.298081757434129
G295R,0.0712537701514842
G295S,0.0976643019598175
G295T,0.422186910812086
G295V,0.134830802314223
G295W,0.291111731523886
G295Y,0.101651538393071
T296A,0.14890197761854
T296C,0.114856359206526
T296D,0.186482923792663
T296E,0.0884417786526225
T296F,0
T296G,0.0951898414034351
T296H,0.0272960445082419
T296I,0.231234934057186
T296K,0.151616411256364
T296L,0.174154933418727
T296M,0.125789019794272
T296N,0.137145471420848
T296P,0.354671281301047
T296Q,0.141652884266028
T296R,0.0744761666884748
T296S,0.0631348693074682
T296V,0.207787438900208
T296W,0.136713315080539
T296Y,0.0404714112721129
D297A,0.0811549605401334
D297C,0.105863726670153
D297E,0.210517455199221
D297F,0.0575935710532536
D297G,0.113009627641619
D297H,0.273464581262241
D297I,0.127851325488546
D297K,0.114382744988101
D297L,0.192383838172569
D297M,0.115661068526667
D297N,0.255980529265495
D297P,0.0234558096699051
D297Q,0.174008461649661
D297R,0.17516162669113
D297S,0.172863215396236
D297T,0.102162690613128
D297V,0.253734888627142
D297W,0.0979436068514919
D297Y,0.0782464787884488
Y298A,0.115034861151014
Y298C,0.43741052082525
Y298D,0
Y298E,0.151095745244595
Y298F,0.085175979225404
Y298G,0.0915510392424943
Y298H,0.159501707981139
Y298I,0.0257176689428633
Y298K,0.0337281817289959
Y298L,0.123176433068726
Y298M,0.202175211660508
Y298N,0.0559478573148576
Y298P,0.171785991766782
Y298Q,0.100545330475264
Y298R,0.0671788953769346
Y298S,0.293233390189287
Y298T,0.0229689220794556
Y298V,0.317885552925327
Y298W,0.107416849525812
K299A,0.0639530538597781
K299C,0.198701700909711
K299D,0.138734187617935
K299E,0.0449643713926646
K299F,0.0706950957816549
K299G,0.105172741247668
K299H,0.159330574008827
K299I,0.261673328314933
K299L,0.060463227275407
K299M,0.214089739037877
K299N,0.1156783862773
K299P,0.0970160653743758
K299Q,0.217011314910836
K299R,0.294277044419691
K299S,0.12442243079301
K299T,0.0968878712059553
K299V,0.0832523398335484
K299W,0.1346840505357
K299Y,0.0693075309122133
H300A,0.16592974782411
H300C,0.176454553856464
H300D,0.071298658238467
H300E,0.12127056533472
H300F,0.0493126889327939
H300G,0.255364281689347
H300I,0.197994930010983
H300K,0.138812274246855
H300L,0.227013937325523
H300M,0.159336830590867
H300N,0.147698891346373
H300P,0.22013444896705
H300Q,0.215208004118854
H300R,0.380746095731516
H300S,0.104692059114033
H300T,0.0869958440665094
H300V,0.0707441118266373
H300W,0.43027117191254
H300Y,0.152181756861239
W301A,0.276872144062952
W301C,0.0557824248333352
W301D,0.101542124373564
W301E,0.0682076701633203
W301F,0.223834000716739
W301G,0.0512620991364044
W301H,0.321644484689986
W301I,0.10799484091015
W301K,0.32817456771327
W301L,0.208600216645296
W301M,0.144604703679041
W301N,0.0899962254107179
W301P,0.162032977137802
W301Q,0.355447345105707
W301R,0.272589091291655
W301S,0.118253425688222
W301T,0.201477707420798
W301V,0.113289675171004
W301Y,0.216670343830156
P302A,0.187368925950495
P302C,0.0670834430416858
P302D,0.149848388493234
P302E,0.210554080377485
P302F,0.0480602406549404
P302G,0.218680764853381
P302H,0.0653356595995309
P302I,0.0994821514359342
P302K,0.110814560266537
P302L,0.0586190863904251
P302M,0.135995803515398
P302N,0.150986470821767
P302Q,0.161712370429851
P302R,0.0922683194644796
P302S,0.271997609599552
P302T,0.101167850822166
P302V,0.0727593336531923
P302W,0.103865171894172
P302Y,0.0982746664381133
Q303A,0.113744566236384
Q303C,0.234912428957919
Q303D,0.157472909930955
Q303E,0.197911428957029
Q303F,0.126280424322794
Q303G,0.0475320111669633
Q303H,0.141418961440873
Q303I,0.101475136591087
Q303K,0.151755467451804
Q303L,0.125661843907508
Q303M,0.102383688351254
Q303N,0.0921105402315479
Q303P,0.141077060069371
Q303R,0.312959075408092
Q303S,0.12560758039534
Q303T,0.105365682683141
Q303V,0.0972234400352651
Q303W,0.106581456268177
Q303Y,0.0877975202079205
I304A,0.26337418526429
I304C,0.131411500725349
I304D,0.289696934840637
I304E,0.0146449134963971
I304F,0.0676324457535606
I304G,0.139641904383556
I304H,0.0604235656122532
I304K,0.209804464930716
I304L,0.143289064638752
I304M,0.0547317594938711
I304N,0.034293358501418
I304P,0.0417069354350652
I304Q,0.279644820584504
I304R,0.0588475398672203
I304S,0.0473380886065357
I304T,0.252318365920173
I304V,0.0873530248478961
I304W,0.188050844187571
I304Y,0.0176000324164125
A305C,0.0996999575380123
A305D,0.0745073122994071
A305E,0.0752483108656249
A305F,0.0626648038665469
A305G,0.016530048752117
A305H,0.0655556881040855
A305I,0.254113786495508
A305K,0.0567127584011419
A305L,0.0785990019527595
A305M,0.11406339810464
A305N,0.0512408963818053
A305P,0.0274168720694454
A305Q,0.208198360599155
A305R,0.0838116749431293
A305S,0.0459045187139298
A305T,0.0804976934626627
A305V,0.0516153970382555
A305W,0.166221525962681
A305Y,0.134451101447902
Q306A,0.0622718467877873
Q306C,0.117018968192866
Q306D,0.0440462310565375
Q306E,0.0671919581429728
Q306F,0.145313978157852
Q306G,0.188478062990612
Q306H,0.099649785021638
Q306I,0.202976312174476
Q306K,0.0893891909416124
Q306L,0.256317032339121
Q306M,0.161850934783293
Q306N,0.060221777559735
Q306P,0.080432854402282
Q306R,0.0611449758839238
Q306S,0.11171921446576
Q306T,0.116176539663297
Q306V,0.229616903040938
Q306W,0.268087716460485
Q306Y,0.169667219395275
F307A,0.0846806042929326
F307C,0.390363458992302
F307D,0.114783359938399
F307E,0.358818313208866
F307G,0.057693777556207
F307H,0.0508333269317319
F307I,0.141895286242693
F307K,0.673639770765262
F307L,0.260101601133066
F307M,0.0807465936568313
F307N,0.164028945309469
F307P,0.0836672037856595
F307Q,0.109502822379467
F307R,0.0423690170186086
F307S,0.0333019847116014
F307T,0.0629542417619788
F307V,0.0463355744113692
F307W,0.295897830523589
F307Y,0.107141589752775
A308C,0.256650642018141
A308D,0.0964703315455317
A308E,0.358574903699769
A308F,0.0471227488693592
A308G,0.151412125589182
A308H,0.052327101196025
A308I,0.0669260990912018
A308K,0.0297352105164941
A308L,0.135904002137586
A308M,0.207006181837054
A308N,0.0240038003709231
A308P,0.0826203458109324
A308Q,0.050596410271252
A308R,0.0648486527967668
A308S,0.0770249830504718
A308T,0.64887204874462
A308V,0.1240244180014
A308W,0.344171316638812
A308Y,0.282282370997691
P309A,0.186201394990786
P309C,0.158845629774164
P309D,0.0562294661713402
P309E,0.163792175380394
P309F,0.11410674865172
P309G,0.103727979070566
P309H,0.0948143125119435
P309I,0.170981583996723
P309K,0.119252787362022
P309L,0.200722428303031
P309M,0.105572123666335
P309N,0.0152585065404157
P309Q,0.13893685170327
P309R,0.0730536797409488
P309S,0.0282963678894116
P309T,0.0740314464654544
P309V,0.124828959823679
P309W,0.0579575691645023
P309Y,0.217167885998066
S310A,0.142472808727474
S310C,0.325617149836965
S310D,0.0314208334514075
S310E,0.0508816655648584
S310F,0.0394738510696226
S310G,0.179101030010012
S310H,0.0914526879112025
S310I,0.0675410022609652
S310K,0.348044684119502
S310L,0.169385991743101
S310M,0.0485820947384403
S310N,0.228861177867828
S310P,0.163219034588944
S310Q,0.118332254450672
S310R,0.375104952451886
S310T,0.0696914936118631
S310V,0.28814003156791
S310W,0.258444629505782
S310Y,0.474522785817324
A311C,0.0798119186927251
A311D,0.0726459648361236
A311E,0.0749891213670764
A311F,0.0740039621397903
A311G,0.161058808036004
A311H,0.128019104259749
A311I,0.172077477319743
A311K,0.122982540204504
A311L,0.0700217250319866
A311M,0.221967887771647
A311N,0.152242727116391
A311P,0.120610471495413
A311Q,0.138388912542983
A311R,0.0901300438688185
A311S,0.103055411735362
A311T,0.117600053896794
A311V,0.140709437178778
A311W,0.0431391415668517
A311Y,0.110147301782856
S312A,0.0404727071682166
S312C,0.305163897758257
S312D,0.0415237570940735
S312E,0.360418538830249
S312F,0.0754812646922823
S312G,0.0465886195100694
S312H,0.236185859450037
S312I,0.195345213494798
S312K,0.183017725561854
S312L,0.0781343176188901
S312M,0.0802162396646735
S312N,0.117067948560719
S312P,0.062847433168171
S312Q,0.246416587961116
S312R,0.0745406527861577
S312T,0.160214318674365
S312V,0.0501052013294453
S312W,0.324709924256815
S312Y,0.0503219274795519
A313C,0
A313D,0.357279780819377
A313E,0.0434184011520239
A313F,0.0921159357824574
A313G,0.0491856100460298
A313H,0.0571184834780112
A313I,0.0992855422040846
A313K,0.523322393638565
A313L,0.0612838925351413
A313M,0.175707038439606
A313N,0.112743409437516
A313P,0.115779212184936
A313Q,0.0335895627271259
A313R,0.0508616884680524
A313S,0.294997793114704
A313T,0.139110982620674
A313V,0.0550598985404788
A313W,0.0419608929861432
A313Y,0.123339594535027
F314A,0.218088755097861
F314C,0.101978326312632
F314D,0.0810549878166225
F314E,0.0729850606448775
F314G,0.130547203350419
F314H,0.180558994061586
F314I,0.201368002699403
F314K,0.011688069700738
F314L,0.122068052323326
F314M,0.0188155004398155
F314N,0.775995396965552
F314P,0.217447317582867
F314Q,0.205080629351316
F314R,0
F314S,0.456805071615395
F314T,0.100451834724403
F314V,0.254308442340262
F314W,0.111939203858454
F314Y,0.0108214450042061
F315A,0.136816617455924
F315C,0.108748161922312
F315D,0.0318777646879221
F315E,0.0287059525881465
F315G,0.207021564540656
F315H,0.16530048752117
F315I,0.528561336945373
F315K,0.278467744362587
F315L,0.559478573148576
F315M,0.095442185134023
F315N,0.119851847789431
F315P,0.0410971272169336
F315Q,0.145945856621852
F315R,0.114438799053118
F315S,0.0083596851214914
F315T,0.157105516926006
F315V,0.0739588248207469
F315W,0.0481248508744604
F315Y,0.108972367110926
G316A,1
G316C,0.400898951542598
G316D,0.138778851822471
G316E,0.0617027767485086
G316F,0.389869391339126
G316H,0.0830066911687679
G316I,0.106051483496969
G316K,0.0931781538528761
G316L,0.143316589549185
G316M,0.0564465013194464
G316N,0.105313795682238
G316P,0.522603849009238
G316Q,0.0539367156064173
G316R,0.111465083916821
G316S,0.185189268505659
G316T,0.115991113276032
G316V,0.164852730776537
G316W,0.0970035347477887
G316Y,0.0228473933912045
M317A,0.0575132548541011
M317C,0.385017052231703
M317D,0.0488945111250389
M317E,0.057809003075433
M317F,0.0632697047756432
M317G,0.0363816429754064
M317H,0.129780685410694
M317I,0.175765333349615
M317K,0
M317L,0.110639176489317
M317N,0.0533866339155391
M317P,0.0932445104540048
M317Q,0.217627721883959
M317R,0.132455724667203
M317S,0.0141865164423021
M317T,0.0373088795121013
M317V,0.166146622991546
M317W,0.0546763151031563
M317Y,0.0789021106172857
S318A,0.140529689848462
S318C,0.121054334338882
S318D,0.0483186040446498
S318E,0.0417960072419051
S318F,0.197423354063892
S318G,0.0446629201860085
S318H,0.0325180931514202
S318I,0.0455834718328781
S318K,0.0672050925527019
S318L,0.0424537941805668
S318M,0.0738597469922139
S318N,0.0502111319876471
S318P,0.0661201950084681
S318Q,0.0278796360971809
S318R,0.259574627275465
S318T,0.120339019647688
S318V,0.104530361844803
S318W,0.513635569443468
S318Y,0.271670600232545
R319A,0.0651482153526376
R319C,0.0788356171254812
R319D,0.374172885210054
R319E,0.165186037277093
R319F,0.246915912354147
R319G,0.0597401326220215
R319H,0.222519887047729
R319I,0.0817298300354484
R319K,0.0271372162632647
R319L,0.235235309164742
R319M,0.0404398863024319
R319N,0.405133243526179
R319P,0.253036900128561
R319Q,0.071484828746512
R319S,0.168562717242934
R319T,0.0294503485144938
R319V,0.150755341638685
R319W,0.0329013208121773
R319Y,0.114438799053118
I320A,0.0691230461072881
I320C,0.334623564188704
I320D,0.0816618657741831
I320E,0.511388147445824
I320F,0.0215154825657083
I320G,0.207407557800942
I320H,0.0343316397159353
I320K,0.260666153398768
I320L,0.130204661965489
I320M,0.201244048182374
I320N,0.0766192873086097
I320P,0.134466709518035
I320Q,0.146253380063434
I320R,0.204602957077982
I320S,0.210030471632876
I320T,0.225062971471132
I320V,0.106053184239215
I320W,0.0114931944701762
I320Y,0.170386656367975
G321A,0.278174432522782
G321C,0.0256641476206291
G321D,0.190050317329887
G321E,0.36398261195643
G321F,0.165687774619559
G321I,0.0747761353173744
G321K,0.229247003041877
G321L,0.121138193740153
G321M,0.0669124035143958
G321N,0.0933841223975385
G321R,0.12837405556546
G321S,0.136088485335229
G321T,0.235184241736997
G321V,0.0928896549490889
G321W,0.228311665493073
G321Y,0.218582009148163
M322A,0.101287558734296
M322C,0.0463273850252856
M322D,0.119524967899923
M322E,0.126034598077013
M322F,0.128994667793764
M322G,0.0726033798358826
M322H,0.317885552925327
M322I,0.297739383694313
M322K,0.144548118623845
M322L,0.0474233266118839
M322N,0.299047242869454
M322P,0.163623196409832
M322Q,0.166500305100706
M322R,0.396711947623162
M322S,0.139890305848084
M322T,0.1576992038766
M322V,0.123976947161041
M322W,0.109743225493443
M322Y,0.0576321609897626
E323A,0.103521958428427
E323C,0.769283038079292
E323D,0.277909111136061
E323F,0.166558106364469
E323G,0.096595788526982
E323H,0.61161180382833
E323I,0.188628479792154
E323K,0.197608608802725
E323L,0.185063886468756
E323M,0.231170011583675
E323N,0.330096966238155
E323P,0.113718847574071
E323Q,0.0809417705567797
E323R,0.270885643461169
E323S,0.17599437838499
E323T,0.125317030808984
E323V,0.142515400989931
E323W,0.423988259533153
E323Y,0.20562654052084
V324A,0.165650216849808
V324C,0.108801537821627
V324D,0.161553994239417
V324E,0.146431545166598
V324F,0.0615180228665655
V324G,0.151448144011638
V324H,0.164255751293859
V324I,0.0957278982630012
V324K,0.221674546013691
V324L,0.300558654175932
V324M,0.109186686687657
V324N,0.3817379106151
V324P,0.209927611425718
V324Q,0.139450515787519
V324R,0.166082975036063
V324S,0.0971158094399435
V324T,0.128545644255058
V324W,0.315730655667516
V324Y,0.444365539968969
T325A,0.235884134125998
T325C,0.388630232057269
T325D,0.179423814564993
T325E,0.189010254418146
T325F,0.276035164766389
T325G,0.386548832357198
T325H,0.224724980816894
T325I,0.186678960829169
T325K,0.0962637446097762
T325L,0.520085170386444
T325M,0.100255726224091
T325N,0.168032917550291
T325P,0.038889952832136
T325Q,0.312349429166399
T325R,0.280306048776281
T325S,0.290287087264961
T325V,0.287672891953825
T325W,0.1061090826769
T325Y,0.298462813545126
P326A,0.304867932461909
P326C,0.317657552252884
P326D,0.141551207334353
P326E,0.259160201520838
P326F,0.118670617047641
P326G,0.142519423092271
P326H,0.175734209814801
P326I,0.27887112054171
P326K,0.178927554078702
P326L,0.0680790573346025
P326M,0.162793152527362
P326N,0.392410496910303
P326Q,0.116720975968401
P326R,0.225840102417604
P326S,0.175864804392824
P326T,0.160475369488732
P326V,0.059784673328286
P326W,0.299755776599752
P326Y,0.34895667451536
S327A,0.104440411608426
S327C,0.100846105832252
S327D,0.164501232416672
S327E,0.0840938372323174
S327F,0.366931505468277
S327G,0.134357984591518
S327H,0.0840604484775204
S327I,0.120583801091562
S327K,0.28766763914786
S327L,0.133243451798798
S327M,0.176440837995302
S327N,0.145368431792051
S327P,0.107028991868406
S327Q,0.160654671957694
S327R,0.485996580986667
S327T,0.374935305778152
S327V,0.252511055068312
S327W,0.0901904155764241
S327Y,0.153856607615858
G328A,0.156202002018785
G328C,0.148457278004871
G328D,0.0350457400929547
G328E,0.047064287626433
G328F,0.20195463801154
G328H,0.155165866542436
G328I,0.045772176840913
G328K,0.313026276369086
G328L,0.0714325130725007
G328M,0.0905921835209368
G328N,0.0617551508255514
G328P,0.142558975377068
G328Q,0.135892931857501
G328R,0.297582194912979
G328S,0.325143367294158
G328T,0.0960629040312006
G328V,0.0603233702377147
G328W,0.160349330118949
G328Y,0.124107928178436
T329A,0.188273159631426
T329C,0.222470416712441
T329D,0.0842459141756543
T329E,0.410625692664806
T329F,0.516627370262392
T329G,0.0868085787933193
T329H,0.222658136854228
T329I,0.516759456994593
T329K,0.713633737448379
T329L,0.179728078462291
T329M,0.210592591281316
T329N,0.0609462877550008
T329P,0.101226101422781
T329Q,0.0884429275302471
T329R,0.0869427654551204
T329S,0.102671328331851
T329V,0.286162498841382
T329W,0.318536273006004
T329Y,0.372242902806043
W330A,0.358302040564211
W330C,0.120510899724179
W330D,0.0429933760895129
W330E,0.145907887272561
W330F,0.122692573271498
W330G,0.222446061167951
W330H,0.0843329534298201
W330I,0.425131280990146
W330K,0.130103446987585
W330L,0.123066499969723
W330M,0.163156342822904
W330N,0.12588267895843
W330P,0.172301314922951
W330Q,0.165417784825971
W330R,0.0948622440097359
W330S,0.052210136732653
W330T,0.177751985349673
W330V,0.160890022510831
W330Y,0.137563676292497
L331A,0.152130204775581
L331C,0.235332728272599
L331D,0.134477826734991
L331E,0.0508616884680524
L331F,0.0853521794562613
L331G,0.0237802056925924
L331H,0.940583643774308
L331I,0.242953651379719
L331K,0.23483115477644
L331M,0.205450264018036
L331N,0.0895847525428915
L331P,0.0268256136462225
L331Q,0.059400923129825
L331R,0.581580912582557
L331S,0.0521332306797537
L331T,0.258685985848971
L331V,0.261192179541375
L331W,0.134783474440339
L331Y,0.225428136780729
T332A,0.197141512070902
T332C,0.300978577146125
T332D,0.0370565276215216
T332E,0.0868835188966365
T332F,0.139386233369034
T332G,0.0422408581812323
T332H,0.232539995447768
T332I,0.1111591358501
T332K,0.28105264090562
T332L,0.335315081294221
T332M,0.197684838816807
T332N,0.210674973054874
T332P,0.115886377708863
T332Q,0.130605590477777
T332R,0.205856396595857
T332S,0.187505076759381
T332V,0.204382329908572
T332W,0.144113526499945
T332Y,0.0977646149516248
Y333A,0.0216162175989223
Y333C,0.0165918699096364
Y333D,0.112290918344221
Y333E,0.156138660045568
Y333F,0.103746875438721
Y333G,0.117551923251705
Y333H,0.0627016756581823
Y333I,0.0585888602804154
Y333K,0.790270509667456
Y333L,0.0846214244951632
Y333M,0.0488109609930707
Y333N,0.0971364639270227
Y333P,0.114788373092431
Y333Q,0.0181851955820498
Y333R,0.139305776557592
Y333S,0.161773073271604
Y333T,0.0176907749945304
Y333V,0.0212354607286348
Y333W,0.0488077793468086
T334A,0.112258317097741
T334C,0.174413555608062
T334D,0.234309952876102
T334E,0.215907867546882
T334F,0.0490867459551032
T334G,0.273789184527674
T334H,0.086169393353225
T334I,0.191687848811869
T334K,0.163402494921991
T334L,0.151919331224407
T334M,0.189743662908196
T334N,0.0493393441732311
T334P,0.164028945309469
T334Q,0.515572271372493
T334R,0.359846445911471
T334S,0.127687448549231
T334V,0.183352252989645
T334W,0.240266278522526
T334Y,0.259175118781476
G335A,0.153798853278618
G335C,0.0436637734421726
G335D,0.289111167811298
G335E,0.0373203191720412
G335F,0.158734659773323
G335H,0.031412939939271
G335I,0.0992344372638594
G335K,0.0829057988129368
G335L,0.0940941236658969
G335M,0.224176183941612
G335N,0.180906409966422
G335P,0.279317429064303
G335Q,0.0883058762972934
G335R,0.166082975036063
G335S,0.0631907951912385
G335T,0.0528214966475553
G335V,0.052630073006524
G335W,0.123644366271409
G335Y,0.406103835452678
A336C,0.0718564256864515
A336D,0.185375441833182
A336E,0.175332589283614
A336F,0.0913464402342798
A336G,0.108437186452196
A336H,0.155710817082342
A336I,0.432069148083843
A336K,0.181588585645963
A336L,0.276329960609838
A336M,0.207617827100808
A336N,0.157470043526966
A336P,0.136162080247031
A336Q,0.162690379445726
A336R,0.3686847796707
A336S,0.227711595586741
A336T,0.160176297704392
A336V,0.169900171855616
A336W,0.352996779167693
A336Y,0.132705714613255
I337A,0.0388037181305457
I337C,0.254453217183841
I337D,0.0717378766768848
I337E,0.229493906831295
I337F,0.0874914854867545
I337G,0.212462529234964
I337H,0.0843511023749469
I337K,0.185902544564536
I337L,0.174749711752535
I337M,0.117647716712478
I337N,0.421298055722296
I337P,0.100077776623973
I337Q,0.417921211692055
I337R,0.0739249763883347
I337S,0.15829310872062
I337T,0.0290638219817442
I337V,0.331001790138846
I337W,0.455212111789069
I337Y,0.101786848261148
K338A,0.149887417502833
K338C,0.18269127253967
K338D,0.0616219386505551
K338E,0.0889343918593688
K338F,0.257605951529939
K338G,0.180299702973333
K338H,0.112666208660377
K338I,0.0303723605723443
K338L,0.0634939396847616
K338M,0.154305156858508
K338N,0.135944912339226
K338P,0.217703814507609
K338Q,0.377093987981301
K338R,0.301931765391039
K338S,0.103891318052579
K338T,0.152927443355726
K338V,0.0364050837375728
K338W,0.0558287112704432
K338Y,0.110204352993734
L339A,0.0799151370996286
L339C,0.144218614509266
L339D,0.0949709155494804
L339E,0.114931944701762
L339F,0.163126702334051
L339G,0.102126704181886
L339H,0.101454504574159
L339I,0.178587631693073
L339K,0.812515473277137
L339M,0.153394847048074
L339N,0.0625591337669321
L339P,0.177431211557456
L339Q,0.0441772091178535
L339R,0.0776048817883531
L339S,0.0648321478355557
L339T,0.162444374256951
L339V,0.232111608303786
L339W,0.152489385000108
L339Y,0.165098672929027
D340A,0.160184625642907
D340C,0.13874285816182
D340E,0.19516671823393
D340F,0.122738322636471
D340G,0.0809268401963994
D340H,0.127154221170131
D340I,0.0977623667791447
D340K,0.0254596560575514
D340L,0.135254222545415
D340M,0.101140965929574
D340N,0.246342021031249
D340P,0.136004955935044
D340Q,0.322620951506836
D340R,0.0457407389010558
D340S,0.162915555114148
D340T,0.0508162569300758
D340V,0
D340W,0.0909359249595774
D340Y,0.170054016633269
D341A,0.302144196434918
D341C,0.139363434192044
D341E,0.174973878634946
D341F,0.0669338952292667
D341G,0.13581583092047
D341H,0.322844796933201
D341I,0.200329739976859
D341K,0.265143080387917
D341L,0.178493781115327
D341M,0.554872032659345
D341N,0.20933959760372
D341Q,0.244335736773889
D341R,0.846121416324621
D341S,0.137535500434616
D341T,0.144680529799457
D341V,0.171610130586537
D341W,0.14822340925306
D341Y,0.0818193072612552
K342A,0.157664679909665
K342C,0.385149658157527
K342D,0.186105686347994
K342E,0.14760792798686
K342F,0.0828159844969372
K342G,0.0375312625535173
K342H,0.177402794420843
K342I,0.143707413624174
K342L,0.0835002802667501
K342M,0.0972052737007609
K342N,0.178937882194751
K342P,0.146958477910667
K342Q,0.127992030324197
K342R,0.0529360887373899
K342S,0.395413819637673
K342T,0.0826165252650899
K342V,0.221016798569082
K342W,0.146941291717067
K342Y,0.0420694951653279
D343A,0.579016377557267
D343C,0.310225926225524
D343E,0.0843363752487744
D343F,0.431052809766744
D343G,0.09964295665387
D343H,0.374716133759052
D343I,0.155374113087854
D343K,0.439347404891912
D343L,0.143684269922248
D343M,0.226420235629689
D343N,0.248664653653109
D343P,0.115191638492907
D343Q,0.109776870862583
D343R,0.236506851376444
D343S,0.448037793120543
D343T,0.215699863820922
D343V,0.0901510043441368
D343W,0.119104105336895
D343Y,0.172924954559715
P344A,0.642034687686463
P344C,0.0210820572027748
P344D,0.0294169359339829
P344E,0.136317281796547
P344F,0.0336110196624315
P344G,0.0763273753675548
P344H,0.0898477840487518
P344I,0.120038072421622
P344K,0.0935780333421013
P344L,0.066104164759964
P344M,0.115441604510438
P344N,0.158206259429723
P344Q,0.0862183528384136
P344R,0.19818249365332
P344S,0.127363707566711
P344T,0.125570814351772
P344V,0.147446962685728
P344W,0.0619566517172709
P344Y,0.042769312609481
N345A,0.165886227561829
N345C,0.167052411179468
N345D,0.171512837759346
N345E,0.101861295535787
N345F,0.0673540500520482
N345G,0.274874781187526
N345H,0.193420253320053
N345I,0.0489857697580152
N345K,0.214349818207489
N345L,0.292491526873233
N345M,0.308274249959585
N345P,0.0788704538984045
N345Q,0.262745023998852
N345R,0.467863180111772
N345S,0.0942775649376769
N345T,0.122956210865925
N345V,0.05199235921533
N345W,0.510522454794887
N345Y,0.163766851914812
F346A,0.0618613740944143
F346C,0.0899005377429879
F346D,0.204718296083911
F346E,0.0568348559501216
F346G,0.282282370997691
F346H,0.0931967665082215
F346I,0.15512814982756
F346K,0.0184319345271109
F346L,0.0998962634656025
F346M,0.126994798649973
F346N,0.0995319956776408
F346P,0.0968496234935744
F346Q,0.103416280643179
F346R,0.0999802984047943
F346S,0.12608494951348
F346T,0.0175791374411867
F346V,0.122288911763495
F346W,0.0377796031099454
F346Y,0.578930490714141
K347A,0.194587996283388
K347C,0.0522156485931822
K347D,0.117898655003734
K347E,0.120302385872147
K347F,0.126676758710914
K347G,0.219745989378587
K347H,0.0871056873039671
K347I,0.338463380364948
K347L,0.293778059212433
K347M,0.0861264014602366
K347N,0.0541548477735681
K347P,0.151794236990512
K347Q,0.200332050611814
K347R,0.171649622881131
K347S,0.24443448274959
K347T,0.0925349751798297
K347V,0.225234641967025
K347W,0.162706970089867
K347Y,0.531660065999071
D348A,0.0797695383430549
D348C,0.104204518843105
D348E,0.099732722836887
D348F,0.0461101939349763
D348G,0.0574000705618807
D348H,0.104194344040038
D348I,0.145664978105093
D348K,0.253479439253491
D348L,0.378633609754238
D348M,0.223403152466777
D348N,0.0751679242570627
D348P,0.108876616968086
D348Q,0.0873403209061184
D348R,0.0714677610346823
D348S,0.499844342735818
D348T,0.151725723437125
D348V,0.334929542249324
D348W,0.212551786704185
D348Y,0.27451645441574
Q349A,0.0937135920902843
Q349C,0.0572193995265589
Q349D,0.117177720560831
Q349E,0.134967504113477
Q349F,0.0767411962975218
Q349G,0.0499112128841602
Q349H,0.136080413633632
Q349I,0.262414271087843
Q349K,0.0970269590247781
Q349L,0.0623098411975585
Q349M,0.199602325466519
Q349N,0.12796066365427
Q349P,0.0595538297581396
Q349R,0.100451834724403
Q349S,0.112032537679755
Q349T,0.122552494677933
Q349V,0.140745199879918
Q349W,0.10966035589691
Q349Y,0.0390847781291155
V350A,0.0663532463441312
V350C,0.166108428365571
V350D,0.110630477586006
V350E,0.073729209580472
V350F,0.170610790517597
V350G,0.0817672629299326
V350H,0.095045947074656
V350I,0.515823052862306
V350K,0.209421125087561
V350L,0.158105761274489
V350M,0.150990488169886
V350N,0.118291082417097
V350P,0.30135550417321
V350Q,0.0980695549459901
V350R,0.303909056498598
V350S,0.10040443964729
V350T,0.122659085501134
V350W,0.0419271672059781
V350Y,0.472363776046422
I351A,0.212052369912117
I351C,0.128582325210602
I351D,0.277371061622875
I351E,0.123222527511897
I351F,0.167909715832914
I351G,0.180222043588066
I351H,0.133271165344522
I351K,0.419066458498578
I351L,0.0455984655623786
I351M,0.559544134348094
I351N,0.22934262295375
I351P,0.0844612913669927
I351Q,0.0680447768341823
I351R,0.0919311209861747
I351S,0.184763064252798
I351T,0.155514058442859
I351V,0.558081725484672
I351W,0.29262238458735
I351Y,0.172901384046667
L352A,0.0504387277742019
L352C,0.156720768721289
L352D,0.0518178882112518
L352E,0.10251918195876
L352F,0.109817709948378
L352G,0.0599331313906235
L352H,0.114956021976456
L352I,0.0590983503747224
L352K,0.11410759326751
L352M,0.169423860386442
L352N,0.0211093715896579
L352P,0.0453015990821882
L352Q,0.113449125804602
L352R,0.183149145403178
L352S,0.147777557157731
L352T,0.0510688780005766
L352V,0.0108184923204066
L352W,0.0304200088296295
L352Y,0.118657781088225
L353A,0.154772664908159
L353C,0.119013637835308
L353D,0.126065185489288
L353E,0.0999132926065344
L353F,0.0880135129942438
L353G,0.180803760751604
L353H,0.0571184834780112
L353I,0.186593723205597
L353K,0.144442447367031
L353M,0.297505981010856
L353N,0.255601990173385
L353P,0.128075707592848
L353Q,0.0146230845675172
L353R,0.0810898212215249
L353S,0.0752750174623884
L353T,0.0174824184248488
L353V,0.09369546158101
L353W,0.277864038234249
L353Y,0.138598101075443
N354A,0.126525421731872
N354C,0.222450530199818
N354D,0.0976166942203861
N354E,0.335256361542159
N354F,0.134957189238391
N354G,0.069136261908596
N354H,0.132152044652351
N354I,0.194235492286786
N354K,0.642832485900103
N354L,0.221000487475669
N354M,0.343975230036562
N354P,0.0610340261616628
N354Q,0.222341182077485
N354R,0.145697339111059
N354S,0.39187901970937
N354T,0.111104663023357
N354V,0.42094303582714
N354W,0.512512694025782
N354Y,0.203723530829446
K355A,0.116008890713552
K355C,0.0592152379347989
K355D,0.0790559806772684
K355E,0.052899961678887
K355F,0.0640799637723942
K355G,0.0486009075884132
K355H,0.0652482308196668
K355I,0.0712247792942014
K355L,0.0727200865359097
K355M,0.1239484035124
K355N,0.149685429682766
K355P,0.259394611187067
K355Q,0.0837802628186842
K355R,0.111589030995256
K355S,0.0831038109245532
K355T,0.0806080373343531
K355V,0.053427971837123
K355W,0.126541376403586
K355Y,0.0564625463738294
H356A,0.0221931728755973
H356C,0.124296640165583
H356D,0.00502842195160134
H356E,0.207548283890194
H356F,0.156414496541079
H356G,0.0642206057638402
H356I,0.0747485298212869
H356K,0.69934821643572
H356L,0.17172050252273
H356M,0.109317843072564
H356N,0.0853773467266514
H356P,0.0234318615942353
H356Q,0.0827245836578652
H356R,0.205490002313323
H356S,0.374840047824448
H356T,0.227471643398583
H356V,0.316516917916257
H356W,0.0304082287320545
H356Y,0.0925157266302361
I357A,0.0855751171628647
I357C,0.125448387324419
I357D,0.0198284066625135
I357E,0.0686632794318707
I357F,0.256851526763664
I357G,0.123339594535027
I357H,0.142513443925335
I357K,0.251765357916859
I357L,0.0798016758900181
I357M,0.235855877048496
I357N,0.24171228742011
I357P,0.149264766051903
I357Q,0.020452693335228
I357R,0.00127154221170131
I357S,0.0402003444270847
I357T,0.0174827741055622
I357V,0.0955344546667621
I357W,0.133462212614475
I357Y,0.0878269291716132
D358A,0.0190303408895489
D358C,0.0348238496043359
D358E,0.126654028581677
D358F,0.0465426392715357
D358G,0.211076007142417
D358H,0.115506266588867
D358I,0.154746253190598
D358K,0.0598784485996687
D358L,0.259394611187067
D358M,0.217265778663529
D358N,0.12798366417585
D358P,0.162757403097768
D358Q,0.129141154420565
D358R,0.602711008346421
D358S,0.0724779060669746
D358T,0.1945459583903
D358V,0.096476550983969
D358W,0.110624172418014
D358Y,0.0828043229269969
A359C,0.371222623070069
A359D,0.0995866055732172
A359E,0.0386805625898323
A359F,0.202524104997193
A359G,0.116018644422309
A359H,0.155609273907663
A359I,0.0356872508341954
A359K,0.0858176072173711
A359L,0.792170797889916
A359M,0.0325251512327541
A359N,0.0991082875483329
A359P,0.0445039774095458
A359Q,0.0772128482820449
A359R,0.0650157346719275
A359S,0.134155281635775
A359T,0.113811899172
A359V,0.0359458541011099
A359W,0.149463034842304
A359Y,0.00607185070024318
Y360A,0.155272324692509
Y360C,0.112003652618104
Y360D,0.101774752379002
Y360E,0.11300379066896
Y360F,0.0730271592461401
Y360G,0.0496270642881816
Y360H,0.416141442050995
Y360I,0.0147298006584947
Y360K,0.093994201699067
Y360L,0.0411303953515832
Y360M,0.205493706838333
Y360N,0.0263086329524028
Y360P,0.297043056766544
Y360Q,0.0275861840988351
Y360R,0.0434930779868498
Y360S,0.775640749137799
Y360T,0.629413394792148
Y360V,0.0363391731092864
Y360W,0.285381348519898
K361A,0.239100628512605
K361C,0.136903271363941
K361D,0.103085984505143
K361E,0.188781199666829
K361F,0.0445203880566928
K361G,0.0368150594663274
K361H,0.0617475640520552
K361I,0.129416449357085
K361L,0.119373324072071
K361M,0.0686412295669279
K361N,0.12918420646358
K361P,0.101489626361858
K361Q,0.0818000317349442
K361R,0.0369929817182498
K361S,0.0674210441410339
K361T,0.0902301536016822
K361V,0.0909266347237566
K361W,0.0407214095930307
K361Y,0.0502907610997297
T362A,0.567421549445517
T362C,0.184386967036698
T362D,0.0293303267171856
T362E,0.114116506182431
T362F,0.126399432328331
T362G,0.210371768379014
T362H,0.104548197051315
T362I,0.287014880264861
T362K,0.21799505423638
T362L,0.0844146043723709
T362M,0.207296304642576
T362N,0.134808678448499
T362P,0.0399459514425314
T362Q,0.254092200443758
T362R,0.278334267555834
T362S,0.484945120906335
T362V,0.123753263455735
T362W,0.182522434844341
T362Y,0.317046945198161
F363A,0.119389178529467
F363C,0.097607368228262
F363D,0.145516467774188
F363E,0.190172014136758
F363G,0.214133976616333
F363H,0.130749593233215
F363I,0.0637745964168971
F363K,0.203207404750007
F363L,0.0966372080892995
F363M,0.0898619126103266
F363N,0.417409014113574
F363P,0.0568635517664688
F363Q,0.295790010513617
F363R,0.365603989046054
F363S,0.0827910392575292
F363T,0.0578893201037311
F363V,0.173874302012302
F363W,0.0939356932953529
F363Y,0.100127511219276
P364A,0.136185685412279
P364C,0.119053160738086
P364D,0.0879127963096346
P364E,0.155866234778307
P364F,0.680756627169344
P364G,0.17079131726388
P364H,0.200203117337581
P364I,0.176927041709789
P364K,0.265173815818298
P364L,0.0941096973097002
P364M,0.14372164004
P364N,0.112611797143669
P364Q,0.188245662784084
P364R,0.422739961900422
P364S,0.986716756280216
P364T,0.0827061405625533
P364V,0.193773112288099
P364W,0.351284183211326
P364Y,0.0713858471622183
P365A,0.231380554964772
P365C,1
P365D,0.308984757443418
P365E,0.198958338539829
P365F,0.0876469902563101
P365G,0.053897705555022
P365H,0.0830648072280901
P365I,0.319144998012393
P365K,0.168945964668768
P365L,0.160224883785606
P365M,0.427331129896066
P365N,0.0708115340626388
P365Q,0.579823248535797
P365R,0.173954774652986
P365S,0.249870280378866
P365T,0.0825089612926183
P365V,0.162283691293408
P365W,0.213497412885274
P365Y,0.293968393716086
T366A,0.114146750200282
T366C,0.247196568782293
T366D,0.0388638901083182
T366E,0.0885544955527706
T366F,0.028625917011548
T366G,0.228948400547964
T366H,0.203131404640185
T366I,0.231086224744096
T366K,0.236377687946361
T366L,0.144358360349449
T366M,0.234460857109457
T366N,0.789627713466513
T366P,0.194206821435508
T366Q,0.16307280291169
T366R,0.257778944744985
T366S,0.239398104047298
T366V,0.210402020287035
T366W,0.146422532033005
T366Y,0.0796498062096536
E367A,0.167843571944573
E367C,0.318061849939081
E367D,0.316849718147621
E367F,0.207450033130333
E367G,0.270140649442545
E367I,0.44500094837907
E367K,0.274355653913109
E367M,0.313482973155055
E367N,0.660565362841339
E367Q,0
E367R,0.427627284596923
E367S,0.332618800719805
E367T,0.479371413811394
E367V,0.424292898260614
E367W,0.152934739512375
E367Y,0.511664172090409
P368A,0.038606253839475
P368C,0.387299519836641
P368D,0.137615695077255
P368E,0.199113109606187
P368F,0.0971364639270227
P368G,0.263216962865985
P368H,0.332455149282388
P368I,0
P368K,0.0869315455860463
P368L,0.0241593020223249
P368M,0.0988561210872613
P368N,0.307368839216048
P368Q,0.284826708789464
P368R,0.192096799183032
P368S,0.313023502456945
P368T,0.177814922911128
P368V,0.381537344505825
P368W,0.0890551059208557
P368Y,0.462139054776244
K369A,0.133435242043122
K369C,0.536590813337953
K369D,0.0592875932310735
K369E,0.0731555961468374
K369F,0.0375524597872654
K369G,0.174353594250511
K369H,0.40551223853983
K369I,0.0797578490938015
K369L,0.074855509058945
K369M,0.147080094955879
K369N,0.0914422173283921
K369P,0.135856005863829
K369Q,0.0655377828775223
K369R,0.043405602425119
K369S,0.0862815293558488
K369T,0.0419608929861432
K369V,0.0795700061916453
K369W,0.256851526763664
K369Y,0.163001461103852
K370A,0.126202071077957
K370C,0.180912174346111
K370D,0.197608608802725
K370E,0.110623036097896
K370F,0.115327836353594
K370G,0.15512814982756
K370H,0.0308568202543761
K370I,0.0636667949729798
K370L,0.144065788774102
K370M,0.101583446453477
K370N,0.116702377610263
K370P,0.0471061575205566
K370Q,0.15545003897687
K370R,0.388415878280891
K370S,0.25233292895448
K370T,0.304443258354979
K370V,0.153345701192017
K370W,0.0760617415826658
K370Y,0.500655924746394
D371A,0.260961257405186
D371C,0.478590610272501
D371E,0.396770987935968
D371F,0.169669112148853
D371G,0.480642956023095
D371H,0.285574588756899
D371I,0.308947113101624
D371K,0.231988330244552
D371L,0.271459162634466
D371M,0.466961754493169
D371N,0.616697972675135
D371P,0.0830534290606716
D371Q,0.222624330396121
D371R,0.0997787369167415
D371S,0.246608053841427
D371T,0.316243743798543
D371V,0.3648072134585
D371W,0.150075866182932
D371Y,0.34318360555892
K372A,0.135852753175581
K372C,0.154453571913949
K372D,0.160125987104643
K372E,0.0373552322492117
K372F,0.073858697728846
K372G,0.2867021479262
K372H,0.098914268664899
K372I,0.179579201496929
K372L,0.0997908321341952
K372M,0.0757118642921922
K372N,0.328141150003045
K372P,0.109177327317572
K372Q,0.134701878148679
K372R,0.0801963260820953
K372S,0.0594989593466305
K372T,0.286614537620715
K372V,0.135630149859091
K372W,0.118782877602993
K372Y,0.126462715281533
K373A,0.185512118709674
K373C,0.294479843810121
K373D,0.524571794448601
K373E,0.0101422335375274
K373F,0.0965632991208306
K373G,0.296269335326405
K373H,0.103795519799618
K373I,0.0668594950722125
K373L,0.0457407389010558
K373M,0.05780435950228
K373N,0.057541332778263
K373P,0.104759672095388
K373Q,0.0931218554407904
K373R,0.0741120954194208
K373S,0.081546687356987
K373T,0.424403615609874
K373V,0.25224805464829
K373W,0.286296750041052
K373Y,0.181830536273287
K374A,0.323090377665784
K374C,0.172672958760669
K374D,0.0181954586179302
K374E,0.0812192605192034
K374F,0.0659631690527539
K374G,0.132098627323042
K374H,0.267602343853675
K374I,0.14886155905784
K374L,0.5850176873135
K374M,0.407717421068924
K374N,0.119600126887243
K374P,0.0733691781000463
K374Q,0.0380436371388027
K374R,0.0488902264175425
K374S,0.270237625066849
K374T,0.778183833561201
K374V,0.236407234191419
K374W,0.0880619303561192
K374Y,0.161424929841951
K375A,0.146477522080653
K375C,0.494696752263278
K375D,0.39113744120812
K375E,0.0783878726357637
K375F,0.0927013310485865
K375G,0.281604604002279
K375H,0.198777890511617
K375I,0.148635458864713
K375L,0.145636968669775
K375M,0.130462257282645
K375N,0.452617106907062
K375P,0.223090286527777
K375Q,0.251765357916859
K375R,0.138414090142961
K375S,0.249604471152465
K375T,0.171788763067315
K375V,0.246282738646634
K375W,0.134654693512714
K375Y,0.25932253996859
A376C,0.483697902095993
A376D,0.129535938430609
A376E,0.209964555308453
A376F,0.0870023479424115
A376G,0.231772509938387
A376H,0.156143329962124
A376I,0.300523933994906
A376K,0.332477172578257
A376L,0.25366658953877
A376M,0.217096115516425
A376N,0.169967254379884
A376P,0.126067130092896
A376Q,0.117808533882576
A376R,0.473209836061359
A376S,0.135928505706862
A376T,0.210982816852288
A376V,0.0707236668695236
A376W,0.144613441089673
A376Y,0.242130180469478
D377A,0.162983886443363
D377C,0.345528948063534
D377E,0.0752875167734189
D377F,0.406039095862071
D377G,0.176493936622399
D377H,0.143459239616466
D377I,1
D377K,0.405608711096876
D377L,0.226360290786671
D377M,0.250044358186218
D377N,0.134323415302963
D377P,0.190814648255074
D377Q,0.344852843998493
D377R,0.658413459217393
D377S,0.127055470493962
D377T,0.205610585637187
D377V,0.334067456165114
D377W,0.526575299183785
D377Y,0.312214237972827
E378A,0.166885308248798
E378C,0.357021099084186
E378D,0.261148404972498
E378F,0.0542199335701718
E378G,0.333058445907629
E378H,0.19763037390641
E378I,0.343905015505238
E378K,0.169319382819561
E378L,0.137084360347227
E378M,0.384179108279316
E378N,0.247302740929258
E378P,0.0952153176997186
E378Q,0.15090090707623
E378R,0.310511035028253
E378S,0.101659590000072
E378T,0.105148624969084
E378V,0.725585975891092
E378W,0.0743649381980709
E378Y,0.170346846029475
T379A,0.12089702728251
T379C,0.122863597342889
T379D,0.136707214379764
T379E,0.143588717529997
T379F,0.193300153895613
T379G,0.127004627968754
T379H,0.392300951318043
T379I,0.430155304485377
T379K,0.615279165923349
T379L,0.235235309164742
T379M,0.116442619164173
T379N,0.255309235967896
T379P,0.0653308335183343
T379Q,0.541513418164574
T379R,0.270518863018803
T379S,1
T379V,0.0851007256579985
T379W,0.155251080906231
T379Y,0.0942625003542225
Q380A,0.10097592284512
Q380C,0.122460832378249
Q380D,0.12613766375301
Q380E,0.0561186373318334
Q380F,0.658190787673733
Q380G,0.0554343313724332
Q380H,0.27223492877733
Q380I,0.118374978926829
Q380K,0.266452222888735
Q380L,0.0688632891948697
Q380M,0.550577777666667
Q380N,0.222182113270467
Q380P,0.181182782405614
Q380R,0.211589710195945
Q380S,0.0485356639374797
Q380T,0.00123446465149733
Q380V,0.100607956031461
Q380W,0.146079397115418
Q380Y,0.093634086112832
A381C,0.20069517340294
A381D,0.844304028569669
A381E,0.199632127237106
A381F,0.130209923397661
A381G,0.148163436759309
A381H,0.184596553422118
A381I,0.123135553223691
A381K,0.321700179560431
A381L,0.290498193057515
A381M,0.422920654408313
A381N,0.175245842809572
A381P,0.137994212296434
A381Q,0.187248002572734
A381R,0.119060305560832
A381S,0.203903636927232
A381T,0.101633277637671
A381V,0.270213401312631
A381W,0.372333231100828
A381Y,0.0799971746683817
L382A,0.447713854447555
L382C,0.0812610206408134
L382D,0.345986454414167
L382E,0.358574903699769
L382F,0.516246137950732
L382G,0.22650667022931
L382H,0.246390586421814
L382I,0.256838009989964
L382K,0.544961483260954
L382M,0.33202789273627
L382N,0.091092188282796
L382P,0.108916960447384
L382Q,0.115758889180294
L382R,0.405344272406024
L382S,0.109291004574082
L382T,0.217593450615027
L382V,0.260666153398768
L382W,0.0432324351978445
L382Y,0.361052635115643
P383A,0.342044854947652
P383C,0.0427090478733311
P383D,0.394870746769416
P383E,0.0690548763884792
P383F,0.326518698654126
P383G,0.127154221170131
P383H,0.160042203844604
P383I,0.258176292455777
P383K,0.648486527967668
P383L,0.0638269535090806
P383M,0.832860148664358
P383N,0.150981996879292
P383Q,0.0714246299590363
P383R,0.219386902449634
P383S,0.258754212926152
P383T,0.630040426776269
P383V,0.149880753365264
P383W,0.658658865661278
P383Y,0.130754471035773
Q384A,0.993074467338723
Q384C,0.330691748027425
Q384D,0.057883382345506
Q384E,0.0797128202968447
Q384F,0.0652148898739235
Q384G,0.217433718200924
Q384H,0.103520863311077
Q384I,0.146989299678674
Q384K,0.132240390016936
Q384L,0.054566217459882
Q384M,0.134783474440339
Q384N,0.132434853798696
Q384P,0.551426666410817
Q384R,0.245284553450633
Q384S,0.503061195218191
Q384T,0.0509415405068926
Q384V,0.196909263243726
Q384W,0.130600640601074
Q384Y,0.207567430782705
R385A,0.0570750473689024
R385C,0.153069010574282
R385D,0.0481503677625169
R385E,0.233946681631333
R385F,0.1221899385792
R385G,0.130281091917227
R385H,0.107435714444942
R385I,0.249569392790248
R385K,0.198572199349687
R385L,0.127828664484367
R385M,0.0905342314504236
R385N,0.147200525493332
R385P,0.452581226670407
R385Q,0.073700062423327
R385S,0.146192377517991
R385T,0.0787421246638293
R385V,0.112701599582631
R385W,0.183068509407691
R385Y,0.0924689027676633
Q386A,0.0821657634405834
Q386C,0.199557063027828
Q386D,0.100867749862479
Q386E,0.0171007873455466
Q386F,0.23414976808363
Q386G,0.109658079605143
Q386H,0.362772026772539
Q386I,0.0840844771959034
Q386K,0.753094720585366
Q386L,0.0748226971234423
Q386M,0.188771906051919
Q386N,0.343316397159354
Q386P,0.248218872820289
Q386R,0.246751848625008
Q386S,0.105468750570347
Q386T,0.147874748313651
Q386V,0.515256968192037
Q386W,0.167303993820331
Q386Y,0.149313218166536
K387A,0.0612779649225928
K387C,0.0804529495696014
K387D,0.0101435458413122
K387E,0.0537884097308376
K387F,0.098603075451461
K387G,0.141916750683616
K387H,0.413604528098732
K387I,0.251368061935602
K387L,0.0714070291105574
K387M,0.170743466682483
K387N,0.250210986689845
K387P,0.0783463148060417
K387Q,0.107560922709694
K387R,0.117142995062798
K387S,0.147498896557352
K387T,0.225307645097112
K387V,0.150539411626043
K387W,0.152585065404157
K387Y,0.124567962228567
K388A,0.264366858264388
K388C,0.221248344836028
K388D,0.161454559568268
K388E,0.101290110701007
K388F,0.0727454816665777
K388G,0.204393912870312
K388H,0.0392996118502731
K388I,0.435603592419149
K388L,0.133728246063773
K388M,0.134251417274945
K388N,0.143559126927775
K388P,0.117982441282449
K388Q,0.180876638974426
K388R,0.177889426162716
K388S,0.0980338425618277
K388T,0.253595255572942
K388V,0.122068052323326
K388W,0.121535117032155
K388Y,0.144955812133949
Q389A,0.338594867050146
Q389C,0.254794719369349
Q389D,0.171929751631903
Q389E,0.0883756620961909
Q389F,0.112851252268094
Q389G,0.177586557722544
Q389H,0.563600559324919
Q389I,0.055902497351034
Q389K,0.336474066458887
Q389L,0.18276275732089
Q389M,0.112366558585136
Q389N,0.115463772644637
Q389P,0.237838423477968
Q389R,0.272387077931663
Q389S,0.138832649064493
Q389T,0.364546907469095
Q389V,0.293585768902276
Q389W,0.0652412819782836
Q389Y,0.229467298842097
Q390A,0.0791075054987861
Q390C,0.0636544958659649
Q390D,0.0310236016794166
Q390E,0.126022173040726
Q390F,0.140784596438946
Q390G,0.203323073810088
Q390H,0.212346972167459
Q390I,0.0996291592010103
Q390K,0.302605755445553
Q390L,0.263864568013739
Q390M,0.287374460879242
Q390N,0.241872096703183
Q390P,0.115134543124963
Q390R,0.141028928884446
Q390S,0.120602487321828
Q390T,0.176901161447671
Q390V,0.179967681375047
Q390W,0.0904454663998921
Q390Y,0.108602666515903
T391A,0.12873887414038
T391C,0.0886166453395289
T391D,0.305640901427528
T391E,0.565364913618442
T391F,0.332007322588807
T391G,0.182138186874698
T391H,0.191317891493198
T391I,0.254308442340262
T391K,0.316204937946899
T391L,0.178918065285591
T391M,0.328406117671041
T391N,0.220166832503508
T391P,0.171721594558893
T391Q,0.132240390016936
T391R,0.229658823544492
T391S,0.2964301347224
T391V,0.0753668766033652
T391W,0.169201267628577
T391Y,0.286829378178752
V392A,0.0940484822180288
V392C,0.0252099033945499
V392D,0.108620159909532
V392E,0.132302106004763
V392F,0.172386615976468
V392G,0.134154027916782
V392H,0.314690344748769
V392I,0.343327842183761
V392K,0.422930637663852
V392L,0.787498668407912
V392M,0.309509544229057
V392N,0.170579143973504
V392P,0.262544743409448
V392Q,0.104600335239059
V392R,0.283495662933268
V392S,0.261178872032519
V392T,0.418477231396028
V392W,0.290067093606093
V392Y,0.542948524396459
T393A,0.280740047512474
T393C,0.0610962311043936
T393D,0.154697218623037
T393E,0.119428913317987
T393F,0.130036101186993
T393G,0.357680262153275
T393H,0.193079664160008
T393I,0.117965327496363
T393K,0.277378259973182
T393L,0.314379361191575
T393M,0.403099364441102
T393N,0.392361753821327
T393P,0.4132984378771
T393Q,0.190568613108204
T393R,0.558421996605839
T393S,0.173968929246409
T393V,0.123163938188256
T393W,0.144955812133949
T393Y,0.154992574401512
L394A,0.526301327801421
L394C,0.129767178548498
L394D,0.24874046835894
L394E,0.137803334265132
L394F,0.255803886550111
L394G,0.479371413811394
L394H,0.535330344062783
L394I,0.421207091507365
L394K,0.121422732870459
L394M,0.0728965957000331
L394N,0.172938565200568
L394P,0.235445818863677
L394Q,0.676460456625097
L394R,0.190044941308302
L394S,0.544263255854112
L394T,0.111466105438898
L394V,0.325548581535534
L394W,0.462194731532522
L394Y,0.108455600648688
L395A,0.154091371890502
L395C,0.106850956161452
L395D,0.124323148299548
L395E,0.081777258610452
L395F,0.179720225712837
L395G,0.199448523384116
L395H,0.504274611277299
L395I,0.174415369191784
L395K,0.222488748404486
L395M,0.290108762595294
L395N,0.277610795244657
L395P,0.0552853205582959
L395Q,0.198038659871122
L395R,0.240893351576668
L395S,0.242188656863045
L395T,0.156613948516931
L395V,0.0869383783945969
L395W,0.0496854648280727
L395Y,0.160618156114991
P396A,0.21988531522849
P396C,0.0310615411094754
P396D,0.222812336429474
P396E,0.329751374445853
P396F,0.2215955813242
P396G,0.165062670069971
P396H,0.161545188832892
P396I,0.19594123245283
P396K,0.153421732709213
P396L,0.174458014873101
P396M,0.180964746677621
P396N,0.43358185261971
P396Q,0.418656301958491
P396R,0.256815883978642
P396S,0.185295847397015
P396T,0.625253553076944
P396V,0.151746270279378
P396W,0.343482567797174
P396Y,0.230529596483654
A397C,0.0887331627955061
A397D,0.12806038425607
A397E,0.137281320635082
A397F,0.126812599571035
A397G,0.0909234055472742
A397H,0.157679967370548
A397I,0.0714873519779484
A397K,0.180558994061586
A397L,0.178188521616016
A397M,0.307714270891502
A397N,0.185017919283841
A397P,0.216186818280147
A397Q,0.183128981939356
A397R,0.101402722345262
A397S,1
A397T,0.254208635259281
A397V,0.13232709487399
A397W,0.111062579050861
A397Y,0.540172181670239
A398C,0.201596084452185
A398D,0.115251679269958
A398E,0.527525758654532
A398F,0.0998656420992843
A398G,0.140728970270695
A398H,0.171536300513647
A398I,0.292092930990901
A398K,0.327593073782323
A398L,0.33967934730692
A398M,0.252541333746469
A398N,0.288747752969285
A398P,0.148260756346206
A398Q,0.375210676186342
A398R,0.113487628032896
A398S,0.1412898103699
A398T,0.171581047191903
A398V,0.101723376936105
A398W,0.186127472023174
A398Y,0.278176638068332
D399A,0.175413479251573
D399C,0.128295860490794
D399E,0.124270696121312
D399F,0.223517707038419
D399G,0.217732109545779
D399H,0.292684535574359
D399I,0.23861475557766
D399K,0.44051873512052
D399L,0.144951550933508
D399M,0.18084590615038
D399N,0.255064296131373
D399P,0.200739082656227
D399Q,0.276852779578304
D399R,0.0735233044815635
D399S,0.635728721110265
D399T,0.0649722749562377
D399V,0.207024219561901
D399W,0.164853768081983
D399Y,0.151019674536791
L400A,0.121353368176234
L400C,0.723507518458045
L400D,0.132348640412816
L400E,0.0435356551037076
L400F,0.188603937377275
L400G,0.148967955200723
L400H,0.323116356705441
L400I,0.154980441910365
L400K,0.442440511621754
L400M,0.197989791423092
L400N,0.210673737424534
L400P,0.0403426465312514
L400Q,0.204664769985196
L400R,0.151464424666141
L400S,0.0866296999416503
L400T,0.574804223832184
L400V,0.0842517771809649
L400W,0.176840927906379
L400Y,0.0982412642156537
D401A,0.0853855734697642
D401C,0.0308770636463185
D401E,0.0641349938654023
D401F,0.265856092114635
D401G,0.468961174671723
D401H,0.167125104489049
D401I,0.190463755690828
D401K,0.416498656054967
D401L,0.350945650429561
D401M,0.335144556303448
D401N,0.232729374712996
D401P,0.316154312642547
D401Q,0.0235664987005419
D401R,0.168332838078777
D401S,0.150808038399436
D401T,0.340056910726665
D401V,0.0712567219626674
D401W,0.15395555862102
D401Y,0.12304922338258
D402A,0.149553295514528
D402C,0.143071478494922
D402E,0.279252564773648
D402F,0.161412256263078
D402G,0.124272551669426
D402H,0.33505728030078
D402I,0.17393499484917
D402K,0.262999784594192
D402L,0.17037315804301
D402M,0.0947412977729692
D402N,0.0453075428266258
D402P,0.226540301509226
D402Q,0.121842032230829
D402R,0.197157248143066
D402S,0.178104631527099
D402T,0.0712306014634143
D402V,0.0664771107105059
D402W,0.220038555226219
D402Y,0.0888478313569885
F403A,0.436042679435229
F403C,0.0734380501860144
F403D,0.108880271158956
F403E,0.0953416018690497
F403G,0.202289916238461
F403H,0.540400978421437
F403I,0.326869581281114
F403K,0.209728886197164
F403L,0.267190476685514
F403M,0.172282992769561
F403N,0.129406071166166
F403P,0.444081548239823
F403Q,0.145703055736814
F403R,0.22014657683884
F403S,0.335562329929715
F403T,0.22389367816145
F403V,0.180955569316957
F403W,0.130014001836533
F403Y,0.0773159595561945
S404A,0.187728111622765
S404C,0.0691300204838503
S404D,0.185483870803064
S404E,0.0984177991932278
S404F,0.278517921813093
S404G,0.137604979316592
S404H,0.157259372249229
S404I,0.100181250541753
S404K,0.780866787627891
S404L,0.219567322929033
S404M,0.120012668812103
S404N,0.1123606430066
S404P,0
S404Q,0.282651663785247
S404R,0.176565529673448
S404T,0.0846544299104075
S404V,0.266339680559068
S404W,0.0516371581576998
S404Y,0.0101723376936105
K405A,0.361280097090401
K405C,0.0445519814818574
K405D,0.0987032686817441
K405E,0.099243126652045
K405F,0.0698280541322424
K405G,0.0608299080378343
K405H,0.240903582385947
K405I,0.0757697265718606
K405L,0.307713215231717
K405M,0.122634023362542
K405N,0.344961380930644
K405P,0.223293737319767
K405Q,0.193274416178599
K405R,0.243902599399094
K405S,0.099841788460986
K405T,0.147717700166603
K405V,0.168340182851289
K405W,0.0530920985771022
K405Y,0.126098303863062
Q406A,0.507914409720944
Q406C,0.0908646390300657
Q406D,0.0672570142953582
Q406E,0.476451740231215
Q406F,0.168077743864343
Q406G,0.24142122987825
Q406H,0.292454708691301
Q406I,0.157898910225868
Q406K,0.0633926381398446
Q406L,0.0921221156406191
Q406M,0.263612136016347
Q406N,0.527774787336823
Q406P,0.0595566754593114
Q406R,0.232536150968062
Q406S,0.173018462417313
Q406T,0.478081706710954
Q406V,0.338417387896518
Q406W,0.151030442627077
Q406Y,0.185271713531114
L407A,0.281108451988423
L407C,0.0239056231861963
L407D,0.499890744320305
L407E,0.105159115502083
L407F,0.0594919505584567
L407G,0.176090300179426
L407H,0.213423469687097
L407I,0.254924477757683
L407K,0.0946563641219877
L407M,0.164735503980186
L407N,0.339426749055915
L407P,0.0816538109456107
L407Q,0.0789265153502007
L407R,0.139726078789869
L407S,0.161115337484877
L407T,0.150036043158552
L407V,0.120489473196371
L407W,0.108541372182972
L407Y,0.0775547400469924
Q408A,0.24720329499584
Q408C,0.0710582855217587
Q408D,0.0276316335342436
Q408E,0.156777759808517
Q408F,0.0518809754774323
Q408G,0.396272118829427
Q408H,0.259089441056259
Q408I,0.21890078769663
Q408K,0.430785595625964
Q408L,0.263959219306318
Q408M,0.280428963459687
Q408N,0.433685067280318
Q408P,0.134978315705021
Q408R,0.140218495822362
Q408S,0.187861012203782
Q408T,0.0681918955511792
Q408V,0.475195454138746
Q408W,0.474285244964588
Q408Y,0.215244119161802
Q409A,0.0470270789528638
Q409C,0.0372330467467742
Q409D,0.271175422952695
Q409E,0.124223264469115
Q409F,0.405031400541806
Q409G,0.120721145466751
Q409H,0.209139357433577
Q409I,0.154254337162318
Q409K,0.207687599085501
Q409L,0.0773902270858086
Q409M,0.228312232959651
Q409N,0.150800576425102
Q409P,0.24310964909277
Q409R,0.299248603668583
Q409S,0.317675658588512
Q409T,0.0691256098283069
Q409V,0.291655692010281
Q409W,0.252487808597324
Q409Y,0.173981833038817
S410A,0.0571092335211727
S410C,0.0628781558199876
S410D,1
S410E,0.05289955462898
S410F,0.0693618896797347
S410G,0.208860340172562
S410H,0.0892262304576126
S410I,0.214376606074919
S410K,0.172172684120719
S410L,0.180953496486455
S410M,0.0695175540182574
S410N,0.150948941175746
S410P,0.10319453084235
S410Q,0.23995714378815
S410R,0.208257588775536
S410T,0.211674379947924
S410V,0.280878223936017
S410W,0.491612878486607
S410Y,0.34325233141171
M411A,0.511382236414485
M411C,0.032881721569774
M411D,0.157282151082797
M411E,0.225028859792927
M411F,0.120030136534538
M411G,0.22146994965828
M411H,0.523363708070187
M411I,0.481208502043616
M411K,0.240089242133691
M411L,0.292698066052392
M411N,0.112142551756717
M411P,0.345893567922562
M411Q,0.143292751877254
M411R,0.153595874714837
M411S,0.269664725632364
M411T,0.101903418311213
M411V,0.156606676255337
M411W,0.102570671699164
M411Y,0.0679940687575507
S412A,0.185272291746311
S412C,0.0561007822133696
S412D,0.154415018763529
S412E,0.218276477064274
S412F,0.128257880662348
S412G,0.100667458478946
S412H,0.0321593719299997
S412I,0.166284092709878
S412K,0.0964651653878007
S412L,0.4857291248699
S412M,0.207808800562411
S412N,0.413942252443472
S412P,0.277196202150885
S412Q,0.397471141328488
S412R,0.415794303226328
S412T,0.135851120363043
S412V,0.272720646465434
S412W,0.109629619669951
S412Y,0.241593020223249
S413A,0.0292454708691301
S413C,0.0237218832902759
S413D,0.329145675424537
S413E,0.235250167284067
S413F,0.0460087796810836
S413G,0.115338945384384
S413H,0.116422794543957
S413I,0.102406893698126
S413K,0.119134068633835
S413L,0.114233212865751
S413M,0.0954171293986043
S413N,0.32641289237236
S413P,0.079379933305577
S413Q,0.0961840441592207
S413R,0.135545137690723
S413T,0.0433520997744171
S413V,0.127967447339985
S413W,0.0641954141370106
S413Y,0.0764912732790872
A414C,0.0891668975955543
A414D,0.240321478011547
A414E,0.297410402124592
A414F,0.102093037193797
A414G,0.401854951711708
A414H,0.20344675387221
A414I,0.0677479567979348
A414K,0.252401947260941
A414L,0.208548458161707
A414M,0.0868702364371901
A414N,0.380781530031457
A414P,0.0526885141392115
A414Q,0.0547172592173077
A414R,0.0631973634713033
A414S,0.0905173831771714
A414T,0.266706240108584
A414V,0.15208756738635
A414W,0.680149326338164
A414Y,0.151388128154403
D415A,0.144343468880382
D415C,0.104499757682675
D415E,0.186073703856004
D415F,0.186916705120092
D415G,0.058331273195695
D415H,0.235305840021798
D415I,0.179125589921733
D415K,0.411775115284051
D415L,0.283292082560566
D415M,0.0301697956993692
D415N,0.256570052812039
D415P,0.137326558863741
D415Q,0.189372669749198
D415R,0.140755416990941
D415S,0.151947879227483
D415T,0.142861937674865
D415V,0.106399934726774
D415W,0.651839311604704
D415Y,0.0408046997489974
S416A,0.418819763299086
S416C,0.0455501830267684
S416D,0.09813234088271
S416E,0.0937220646907688
S416F,0.291717170437698
S416G,0.195356726738948
S416H,0.131072560186748
S416I,0.399264254474211
S416K,0.459450019754746
S416L,0.127154221170131
S416M,0.200997427536848
S416N,0.0598969013096374
S416P,0.100056104226619
S416Q,0.215798657699868
S416R,0.148278434998696
S416T,0.114462064427857
S416V,0.110674289201288
S416W,0.316018994165843
S416Y,0.759806921858974
T417A,0.303245241359142
T417C,0.0321157318637064
T417D,0.158317911621999
T417E,0.323488394303812
T417F,0.10703796100203
T417G,0.164548089964835
T417H,0.424523912595073
T417I,0.134210564307407
T417K,0.172436649558532
T417L,0.24030320563826
T417M,0.155971006016498
T417N,0.165775169681218
T417P,0.198494654403997
T417Q,0.215321389055292
T417R,0.284303061103871
T417S,0.156651300295437
T417V,0.723598959078425
T417W,0.189655115153687
T417Y,0.662809948482984
Q418A,0.235772133950594
Q418C,0.107117081573647
Q418D,0.191454534185427
Q418E,0.10588866720644
Q418F,0.200903669448807
Q418G,0.295295200410999
Q418H,0.175472825214781
Q418I,0.182330759391361
Q418K,0.325041870611606
Q418L,0.0766446104177786
Q418M,0.0892776296378999
Q418N,0.190186596558565
Q418P,0.944887119264313
Q418R,0.295406589808958
Q418S,0.139895098765712
Q418T,0.140549442862929
Q418V,0.138429905994678
Q418W,0.188441826051201
Q418Y,0.300083961961509
A419C,0.113167256841417
A419D,0.248210914836625
A419E,0.0965185802444761
A419F,0.210471684607311
A419G,0.102163170543313
A419H,0.136810405444993
A419I,0.174625370411172
A419K,0.286921974739008
A419L,0.0944991488989004
A419M,0.296091709327496
A419N,0.0863370829936982
A419P,0.250822336834203
A419Q,0.132638156480251
A419R,0.265752322245574
A419S,0.195496522622894
A419T,0.10185686774637
A419V,0.0700896909537109
A419W,0.175112441593282
A419Y,0.119143153565315
