Mutation,Escape_Score
S2A,5.32506622615114E-05
S2C,0.000173704125368336
S2D,7.74343691401018E-05
S2E,0.000167658198648689
S2F,0.000183935693663125
S2G,0.000100920469089502
S2H,3.18573830996815E-05
S2I,1.41846742268655E-05
S2K,0.000200678259963687
S2L,0.000168355805577879
S2M,7.39463344941513E-05
S2N,3.97635949638361E-05
S2P,2.90669553829211E-05
S2Q,0.000203236152037384
S2R,9.16190433669673E-05
S2T,0.000273694451885585
S2V,0.000470652141560258
S2W,0.000510415736524094
S2Y,0.000135800815549007
D3A,7.97597255707355E-05
D3C,0.000246022710361044
D3E,0.000175564410512843
D3F,0.000251836101437628
D3G,1.46497455129922E-05
D3H,0.000116732892817811
D3I,0.000101385540375629
D3K,0.000133010387832247
D3L,9.69673631574248E-05
D3M,0.000451584218829062
D3N,0.000105338646307706
D3P,8.78984730779534E-05
D3Q,5.58085543352085E-05
D3R,0.000272996844956395
D3S,8.16200107152424E-05
D3T,8.72008661487633E-05
D3V,0.000100455397803375
D3W,0.00037205702890139
D3Y,0.000153473524421823
N4A,0.000134638137333691
N4C,0.000451816754472125
N4D,0.000136963493764324
N4E,0.000181842872875554
N4F,9.99903265172486E-05
N4G,0.00011254725124267
N4H,3.25549900288716E-05
N4I,5.6738696907462E-05
N4K,0.000126731925469536
N4L,9.25491859392208E-05
N4M,7.83645117123553E-05
N4P,5.6738696907462E-05
N4Q,0.000225327038128404
N4R,0.000154171131351013
N4S,4.44143078251034E-05
N4T,4.7902342471054E-05
N4V,0.000139986457124148
N4W,7.04582998482007E-05
N4Y,0.000159519451141471
G5A,0.000189749084739709
G5C,0.000305319299342203
G5D,0.000103943432449326
G5E,0.00011254725124267
G5F,0.000125801782897282
G5H,0.000115105143316368
G5I,0.000193469655028723
G5K,0.000126266854183409
G5L,9.81300413727416E-05
G5M,0.000128127139327916
G5N,8.39453671458761E-05
G5P,7.78994404262285E-05
G5Q,0.000116732892817811
G5R,0.000145334776914605
G5S,0.000271834166741078
G5T,0.000201143331249814
G5V,0.000157426630353901
G5W,6.44123731285531E-05
G5Y,0.000180680194660238
P6A,2.37186355924636E-05
P6C,7.72018334970384E-05
P6D,0.000138823778908831
P6E,3.97635949638361E-05
P6F,4.04612018930262E-05
P6G,0.000342757537875406
P6H,0.000157194094710837
P6I,0.000143474491770099
P6K,0.000101850611661756
P6L,0.000138823778908831
P6M,9.85951126588683E-05
P6N,3.76707741762657E-05
P6Q,0.000133010387832247
P6R,7.16209780635176E-05
P6S,3.44152751733786E-05
P6T,0.00021951364705182
P6V,0.000126964461112599
P6W,0.000215095469833616
P6Y,7.99922612137989E-05
Q7A,9.02238295085871E-05
Q7C,0.000337409218084948
Q7D,0.000136963493764324
Q7E,0.000191609369884216
Q7F,0.000166728056076435
Q7G,0.000143707027413162
Q7H,0.000305551834985267
Q7I,0.00011115203738429
Q7K,4.76698068279906E-05
Q7L,0.000168820876864006
Q7M,8.18525463583058E-05
Q7N,6.13894097687294E-05
Q7P,8.67357948626365E-05
Q7R,6.23195523409828E-05
Q7S,0.000366708709110933
Q7T,0.000102548218590946
Q7V,3.60430246748222E-05
Q7W,0.000305551834985267
Q7Y,0.000130685031401613
N8A,0.000176494553085097
N8C,0.000255789207369706
N8D,0.00010905921659672
N8E,0.000129289817543233
N8F,9.55721492990446E-05
N8G,3.25549900288716E-05
N8H,7.23185849927077E-05
N8I,0.000329735541863857
N8K,5.37157335476382E-05
N8L,0.000287414054826324
N8M,9.88276483019317E-05
N8P,6.53425157008066E-05
N8Q,0.000190911762955026
N8R,0.000267415989522874
N8S,6.48774444146799E-05
N8T,7.37137988510879E-05
N8V,0.00024230214007203
N8W,0.00019812036788999
N8Y,0.000115105143316368
Q9A,0.000103478361163199
Q9C,0.000102548218590946
Q9D,0.000196957689674673
Q9E,9.48745423698544E-05
Q9F,0.000217653361907313
Q9G,0.000267881060809001
Q9H,8.5108045361193E-05
Q9I,0.000177192160014287
Q9K,4.44143078251034E-05
Q9L,0.000215560541119743
Q9M,0.00022021125398101
Q9N,0.000213700255975236
Q9P,0.000157426630353901
Q9R,0.000184633300592315
Q9S,0.000166960591719499
Q9T,7.18535137065809E-05
Q9V,0.000256486814298896
Q9W,0.000274159523171712
Q9Y,0.000116732892817811
R10A,0.000267415989522874
R10C,0.000204631365895764
R10D,9.92927195880585E-05
R10E,0.000164635235288865
R10F,0.000209282078757032
R10G,0.000103710896806262
R10H,2.11607435187666E-05
R10I,8.02247968568622E-05
R10K,9.18515790100307E-05
R10L,0.000117197964103938
R10M,0.000103710896806262
R10N,8.97587582224603E-05
R10P,5.06927701878144E-05
R10Q,0.000301133657767063
R10S,8.48755097181296E-05
R10T,0.000102548218590946
R10V,9.41769354406643E-05
R10W,0.000196957689674673
R10Y,2.23234217340834E-05
N11A,5.34831979045748E-05
N11C,0.000184865836235378
N11D,0.0000869683305056999
N11E,1.0696639580915E-05
N11F,0.000145799848200732
N11G,0.000102083147304819
N11H,0.000170216090722386
N11I,3.39502038872518E-05
N11K,0.000108826680953657
N11L,4.97626276155609E-05
N11M,0.000164170164002738
N11P,0.00015533380956633
N11Q,0.000170216090722386
N11R,0.000181377801589428
N11S,6.13894097687294E-05
N11T,7.18535137065809E-05
N11V,0.000178819909515731
N11W,0.000299273372622556
N11Y,0.000316713545852308
A12C,0.000281135592463613
A12D,3.60430246748222E-05
A12E,4.41817721820401E-05
A12F,0.000466001428698991
A12G,0.000308109727058964
A12H,0.000100920469089502
A12I,0.000222536610411644
A12K,0.000131615173973867
A12L,0.000309504940917344
A12M,0.000171378768937703
A12N,9.99903265172486E-05
A12P,6.32496949132363E-05
A12Q,0.000109989359168973
A12R,0.000114175000744114
A12S,9.74324344435515E-05
A12T,0.00010696639580915
A12V,0.000166495520433372
A12W,0.000193702190671786
A12Y,0.000360430246748222
P13A,3.60430246748222E-05
P13C,0.000119988391820698
P13D,2.67415989522874E-05
P13E,8.0689868142989E-05
P13F,9.76649700866149E-05
P13G,0.000216955754978123
P13H,9.60372205851713E-05
P13I,5.06927701878144E-05
P13K,3.06947048843647E-05
P13L,0.000185098371878442
P13M,0.000182307944161681
P13N,0.000175796946155907
P13Q,0.000219048575765693
P13R,3.23224543858083E-05
P13S,0.000174401732297527
P13T,0.000110919501741227
P13V,0.000274624594457838
P13W,0.000272531773670268
P13Y,0.000288111661755514
R14A,0.00025950977765872
R14C,0.000211839970830729
R14D,0.000141846742268655
R14E,8.92936869363336E-05
R14F,0.000194864868887103
R14G,0.000169751019436259
R14H,1.72076375866893E-05
R14I,0.000163705092716612
R14K,0.000136730958121261
R14L,9.99903265172486E-06
R14M,0.000233930856921749
R14N,0.000289041804327767
R14P,0.000114407536387177
R14Q,3.79033098193291E-05
R14S,0.000100687933446439
R14T,9.99903265172486E-05
R14V,0.000116500357174748
R14W,0.000134870672976754
R14Y,0.000220676325267137
I15A,0.000119523320534572
I15C,0.000198352903533054
I15D,0.000124639104681966
I15E,0.000136963493764324
I15F,0.000110686966098164
I15G,0.000108594145310593
I15H,0.000133010387832247
I15K,9.69673631574248E-05
I15L,4.97626276155609E-05
I15M,0.000139986457124148
I15N,1.5114816799119E-05
I15P,0.000191609369884216
I15Q,0.000173471589725273
I15R,2.81368128106676E-05
I15S,2.99970979551746E-05
I15T,0.000178819909515731
I15V,0.000141846742268655
I15W,0.00010766400273834
I15Y,0.000106036253236896
T16A,4.76698068279906E-05
T16C,0.000300668586480936
T16D,0.000225559573771468
T16E,0.000366011102181742
T16F,0.000455304789118076
T16G,0.000137196029407388
T16I,6.34822305562997E-05
T16K,0.000236488748995446
T16L,0.000245092567788791
T16M,0.000165332842218055
T16N,0.00019393472631485
T16R,0.000135103208619817
T16S,8.55731166473197E-05
T16V,0.00034857092895199
T16W,0.000240674390570587
T16Y,0.00013324292347531
F17C,0.000103245825520136
F17D,0.000141846742268655
F17E,7.95271899276721E-05
F17G,6.53425157008066E-05
F17H,6.44123731285531E-05
F17I,0.000126964461112599
F17K,6.3714766199363E-05
F17L,0.000171378768937703
F17M,0.00024299974700122
F17N,3.02296335982379E-05
F17P,1.13942465101051E-05
F17Q,4.95300919724975E-05
F17R,0.000271601631098015
F17S,6.53425157008066E-05
F17T,3.51128821025687E-05
F17V,0.000210909828258475
F17W,0.000159751986784534
F17Y,0.000179517516444921
G18A,2.09282078757032E-05
G18C,0.000170448626365449
G18D,0.000189284013453582
G18E,4.23214870375331E-05
G18F,6.88305503467572E-05
G18H,5.88315176950323E-05
G18I,4.88324850433074E-05
G18K,4.7902342471054E-05
G18L,6.74353364883769E-05
G18M,0.000207654329255588
G18N,0.000124639104681966
G18P,4.37167008959133E-05
G18Q,8.34802958597494E-05
G18R,0.000166262984790309
G18S,3.39502038872518E-05
G18T,0.0002209088609102
G18V,0.00023951171235527
G18W,0.000116500357174748
G18Y,0.000130917567044677
G19A,0.000100687933446439
G19C,5.41808048337649E-05
G19D,5.20879840461946E-05
G19E,4.32516296097866E-05
G19F,0.000169285948150132
G19H,6.88305503467572E-05
G19I,4.13913444652796E-05
G19K,4.67396642557371E-05
G19L,0.000154403666994077
G19M,0.000145334776914605
G19N,0.000122313748251332
G19P,7.4411405780278E-05
G19Q,0.000141381670982528
G19R,0.000134173066047564
G19S,0.000119058249248445
G19T,9.09214364377772E-05
G19V,5.4878411762955E-05
G19W,6.97606929190106E-06
G19Y,0.000115337678959431
P20A,9.46420067267911E-05
P20C,4.58095216834836E-05
P20D,7.8829582998482E-05
P20E,0.00023951171235527
P20F,4.1623880108343E-05
P20G,5.37157335476382E-05
P20H,3.74382385332024E-05
P20I,0.000145334776914605
P20K,0.000116267821531684
P20L,9.41769354406643E-05
P20M,0.000111384573027354
P20N,0.000120220927463762
P20Q,0.000185795978807632
P20R,7.18535137065809E-05
P20S,0.000115337678959431
P20T,0.000266718382593684
P20V,0.000206724186683335
P20W,2.30210286632735E-05
P20Y,0.000315318331993928
S21A,7.72018334970384E-05
S21C,0.000125336711611156
S21D,0.000207886864898652
S21E,0.000162077343215168
S21F,6.18544810548561E-05
S21G,0.000152775917492633
S21H,8.5108045361193E-05
S21I,0.000271601631098015
S21K,0.000186493585736822
S21L,8.97587582224603E-05
S21M,8.67357948626365E-05
S21N,3.7205702890139E-05
S21P,5.62736256213352E-05
S21Q,0.000192074441170343
S21R,0.000188586406524392
S21T,8.46429740750662E-05
S21V,0.000138126171979641
S21W,0.000282763341965056
S21Y,0.000199050510462244
D22A,2.3951171235527E-05
D22C,5.11578414739411E-05
D22E,0.000164170164002738
D22F,5.85989820519689E-05
D22G,0.000157194094710837
D22H,9.13865077239039E-05
D22I,8.27826889305593E-05
D22K,7.37137988510879E-05
D22L,0.000137661100693514
D22M,0.00015533380956633
D22N,8.3247760216686E-05
D22P,0.000136730958121261
D22Q,9.60372205851713E-05
D22R,0.000154171131351013
D22S,5.81339107658422E-05
D22T,5.41808048337649E-05
D22V,0.000147195062059112
D22W,0.000257416956871149
D22Y,0.000123243890823585
S23A,0.000127196996755663
S23C,0.000158589308569217
S23D,7.60391552817216E-05
S23E,7.92946542846087E-05
S23F,0.000202538545108194
S23G,0.000124639104681966
S23H,5.88315176950323E-05
S23I,0.000119058249248445
S23K,0.000156496487781647
S23L,0.000169285948150132
S23M,0.000154868738280204
S23N,7.99922612137989E-05
S23P,0.000150450561062
S23Q,4.11588088222163E-05
S23R,0.000118360642319255
S23T,1.25569247254219E-05
S23V,9.74324344435515E-05
S23W,0.0001739366610114
S23Y,0.00015603141649552
T24A,0.000269508810310444
T24C,0.000229512679703545
T24D,7.76669047831652E-05
T24E,0.000241371997499777
T24F,8.23176176444325E-05
T24G,6.62726582730601E-05
T24H,4.39492365389767E-05
T24I,0.000144404634342352
T24K,0.000127894603684853
T24L,0.000204631365895764
T24M,0.000191841905527279
T24N,0.000249975816293121
T24P,0.000202073473822067
T24Q,8.90611512932702E-05
T24R,0.000100920469089502
T24S,4.81348781141173E-05
T24V,3.86009167485192E-05
T24W,0.000237883962853826
T24Y,0.000276717415245409
G25A,4.72047355418639E-05
G25C,0.000186028514450695
G25D,5.90640533380957E-05
G25E,7.16209780635176E-05
G25F,0.00015463620263714
G25H,9.44094710837277E-05
G25I,4.6042057326547E-05
G25K,5.95291246242224E-05
G25L,0.000121616141322142
G25M,0.00010766400273834
G25N,5.60410899782719E-05
G25P,0.000134173066047564
G25Q,0.000150683096705063
G25R,7.83645117123553E-05
G25S,4.81348781141173E-05
G25T,0.000148590275917493
G25V,8.30152245736226E-05
G25W,0.000163705092716612
G25Y,0.000157426630353901
S26A,7.20860493496443E-05
S26C,6.04592671964759E-05
S26D,9.27817215822841E-05
S26E,0.000123011355180522
S26F,0.000169751019436259
S26G,5.74363038366521E-05
S26H,0.000386939310057446
S26I,0.000150218025418936
S26K,0.000106733860166086
S26L,9.32467928684109E-05
S26M,0.000267415989522874
S26N,5.79013751227788E-05
S26P,0.000186493585736822
S26Q,0.000124639104681966
S26R,6.51099800577433E-05
S26T,7.23185849927077E-05
S26V,0.000142079277911718
S26W,0.00017533187486978
S26Y,0.000271369095454951
N27A,0.000104873575021579
N27C,0.000126034318540346
N27D,0.000120918534392952
N27E,0.000139986457124148
N27F,0.000157659165996964
N27G,0.000102548218590946
N27H,0.000143009420483972
N27I,0.000172308911509956
N27K,0.00012905728190017
N27L,0.000284158555823437
N27M,0.000107431467095276
N27P,0.000183935693663125
N27Q,0.000114407536387177
N27R,0.000114640072030241
N27S,5.62736256213352E-05
N27T,0.00024090692621365
N27V,5.69712325505253E-05
N27W,8.85960800071435E-05
N27Y,0.00013324292347531
Q28A,5.02276989016876E-05
Q28C,0.000270671488525761
Q28D,0.000274392058814775
Q28E,6.51099800577433E-05
Q28F,7.53415483525315E-05
Q28G,0.000258347099443403
Q28H,8.85960800071435E-05
Q28I,0.000223699288626961
Q28K,0.000106501324523023
Q28L,0.000165100306574992
Q28M,0.000221373932196327
Q28N,0.000192772048099533
Q28P,0.000272764309313332
Q28R,4.348416525285E-05
Q28S,0.000119755856177635
Q28T,2.97645623121112E-05
Q28V,0.000128824746257106
Q28W,9.18515790100307E-05
Q28Y,9.97577908741852E-05
N29A,6.85980147036938E-05
N29C,5.99941959103491E-05
N29D,0.000105338646307706
N29E,0.000148125204631366
N29F,0.000164402699645802
N29G,0.000104408503735453
N29H,0.000202073473822067
N29I,0.000120918534392952
N29K,7.02257642051374E-05
N29L,5.58085543352085E-05
N29M,0.000216955754978123
N29P,0.000108826680953657
N29Q,0.000128127139327916
N29R,3.74382385332024E-05
N29S,0.000319038902282942
N29T,0.000154868738280204
N29V,7.51090127094681E-05
N29W,0.000196957689674673
N29Y,6.18544810548561E-05
G30A,0.000106501324523023
G30C,2.30210286632735E-05
G30D,0.000210444756972349
G30E,0.000155798880852457
G30F,0.000121616141322142
G30H,0.000221373932196327
G30I,0.000129987424472423
G30K,2.69741345953508E-05
G30L,0.000186261050093758
G30M,4.72047355418639E-05
G30N,0.000124871640325029
G30P,0.000118593177962318
G30Q,0.000288576733041641
G30R,9.85951126588683E-05
G30S,0.000108594145310593
G30T,0.00012905728190017
G30V,5.39482691907015E-05
G30W,0.000199283046105307
G30Y,0.000158589308569217
E31A,0.000121848676965205
E31C,8.90611512932702E-05
E31D,0.000164635235288865
E31F,5.4878411762955E-05
E31G,7.39463344941513E-05
E31H,6.06918028395392E-05
E31I,0.000164635235288865
E31K,4.6042057326547E-05
E31L,8.85960800071435E-05
E31M,5.34831979045748E-05
E31N,0.00015603141649552
E31P,5.90640533380957E-05
E31Q,6.18544810548561E-05
E31R,4.81348781141173E-05
E31S,0.000139986457124148
E31T,0.000146264919486859
E31V,8.02247968568622E-05
E31W,5.85989820519689E-05
E31Y,0.000113244858171861
R32A,3.23224543858083E-05
R32C,9.09214364377772E-05
R32D,0.000147427597702176
R32E,0.000151380703634253
R32F,0.000259277242015656
R32G,0.000206956722326398
R32H,6.13894097687294E-05
R32I,5.27855909753847E-05
R32K,4.23214870375331E-05
R32L,9.16190433669673E-05
R32M,9.58046849421079E-05
R32N,0.000110919501741227
R32P,1.09291752239783E-05
R32Q,5.09253058308778E-05
R32S,0.000127196996755663
R32T,8.34802958597494E-05
R32V,0.000184168229306188
R32W,0.000116500357174748
R32Y,0.000185795978807632
S33A,6.20870166979195E-05
S33C,0.000174169196654463
S33D,0.000234860999494002
S33E,0.000102083147304819
S33F,9.74324344435515E-05
S33G,0.00015393859570795
S33H,0.000142776884840908
S33I,0.000202771080751258
S33K,1.27894603684853E-05
S33L,4.88324850433074E-05
S33M,0.000322294401285829
S33N,9.8362577015805E-05
S33P,2.97645623121112E-05
S33Q,9.60372205851713E-05
S33R,2.04631365895765E-05
S33T,0.000176959624371224
S33V,0.000316015938923118
S33W,0.000239976783641397
S33Y,3.88334523915826E-05
G34A,0.000118593177962318
G34C,0.000149752954132809
G34D,0.00012905728190017
G34E,0.000180447659017174
G34F,0.000241139461856713
G34H,0.000133475459118374
G34I,5.44133404768283E-05
G34K,7.83645117123553E-05
G34L,0.000135568279905944
G34M,4.39492365389767E-05
G34N,1.83703158020061E-05
G34P,8.27826889305593E-05
G34Q,0.000117430499747001
G34R,0.000185563443164568
G34S,9.16190433669673E-05
G34T,0.000162077343215168
G34V,0.000121848676965205
G34W,0.000246952852933298
G34Y,0.000128127139327916
A35C,0.0001339405304045
A35D,0.000128127139327916
A35E,0.000214165327261363
A35F,0.000185330907521505
A35G,0.000110686966098164
A35H,0.000144404634342352
A35I,0.000204631365895764
A35K,5.09253058308778E-05
A35L,0.000180680194660238
A35M,3.18573830996815E-05
A35N,4.348416525285E-05
A35P,0.000182307944161681
A35Q,0.000104641039378516
A35R,0.000110919501741227
A35S,5.6738696907462E-05
A35T,3.18573830996815E-05
A35V,5.16229127600679E-05
A35W,0.00010696639580915
A35Y,0.00028648391225407
R36A,0.000204631365895764
R36C,0.000503439667232193
R36D,0.000102083147304819
R36E,0.000156729023424711
R36F,0.000321364258713576
R36G,0.00017463426794059
R36H,4.97626276155609E-05
R36I,0.000229745215346608
R36K,0.000160914664999851
R36L,6.20870166979195E-05
R36M,8.97587582224603E-05
R36N,8.09224037860523E-05
R36P,9.2084114653094E-05
R36Q,0.000155101273923267
R36S,0.000185330907521505
R36T,0.00026369541923386
R36V,0.000168820876864006
R36W,0.000182307944161681
R36Y,0.000102315682947882
S37A,8.46429740750662E-05
S37C,0.000218583504479567
S37D,5.69712325505253E-05
S37E,0.000241837068785903
S37F,5.06927701878144E-05
S37G,0.000165332842218055
S37H,0.000102780754234009
S37I,0.000145567312557669
S37K,5.0460234544751E-05
S37L,9.60372205851713E-05
S37M,0.000247417924219424
S37N,0.00019393472631485
S37P,9.11539720808405E-05
S37Q,0.000107431467095276
S37R,6.46449087716165E-05
S37T,0.000190214156025836
S37V,0.000193004583742596
S37W,8.60381879334464E-06
S37Y,0.000175796946155907
K38A,0.000111617108670417
K38C,0.000113477393814924
K38D,0.000110919501741227
K38E,3.7205702890139E-05
K38F,0.000208351936184778
K38G,4.6042057326547E-05
K38H,9.18515790100307E-05
K38I,0.000113477393814924
K38L,0.000119523320534572
K38M,0.000116267821531684
K38N,0.000123941497752776
K38P,8.74334017918266E-05
K38Q,0.000100920469089502
K38R,0.000106733860166086
K38S,0.00012905728190017
K38T,7.65042265678483E-05
K38V,0.00015254338184957
K38W,0.000354849391314701
K38Y,0.000113709929457987
Q39A,0.000158589308569217
Q39C,0.000105571181950769
Q39D,0.000188586406524392
Q39E,0.000209282078757032
Q39F,0.000239279176712206
Q39G,0.000117663035390065
Q39H,0.000132312780903057
Q39I,0.000114175000744114
Q39K,6.27846236271096E-05
Q39L,0.000156729023424711
Q39M,0.000234628463850939
Q39N,0.000125104175968092
Q39P,0.000145567312557669
Q39R,0.000117197964103938
Q39S,0.000140916599696401
Q39T,0.000160449593713724
Q39V,0.000220443789624074
Q39W,0.000103013289877072
Q39Y,0.000202771080751258
R40A,0.000252533708366818
R40C,5.95291246242224E-05
R40D,9.81300413727416E-05
R40E,0.000123708962109712
R40F,0.000232768178706432
R40G,0.000169053412507069
R40H,4.02286662499628E-05
R40I,0.00017533187486978
R40K,8.81310087210168E-05
R40L,2.06956722326398E-05
R40M,6.1156874125666E-05
R40N,6.92956216328839E-05
R40P,1.3254531654612E-05
R40Q,0.000197190225317737
R40S,0.000125104175968092
R40T,5.83664464089056E-05
R40V,0.000249045673720868
R40W,0.000145799848200732
R40Y,0.000277415022174599
R41A,0.000197190225317737
R41C,6.62726582730601E-05
R41D,0.00013045249575855
R41E,5.13903771170045E-05
R41F,0.000162077343215168
R41G,0.00021881604012263
R41H,0.000117430499747001
R41I,2.95320266690478E-05
R41K,0.000274159523171712
R41L,0.000104873575021579
R41M,0.000224629431199214
R41N,7.51090127094681E-05
R41P,4.76698068279906E-05
R41Q,7.78994404262285E-05
R41S,6.83654790606304E-05
R41T,0.000217653361907313
R41V,0.00012905728190017
R41W,9.02238295085871E-05
R41Y,2.34860999494002E-05
P42A,7.51090127094681E-05
P42C,0.00024160453314284
P42D,0.000130219960115487
P42E,0.000128127139327916
P42F,0.000102548218590946
P42G,8.90611512932702E-05
P42H,0.000131615173973867
P42I,7.25511206357711E-05
P42K,5.74363038366521E-05
P42L,6.41798374854898E-05
P42M,7.60391552817216E-05
P42N,3.65080959609489E-05
P42Q,0.000107198931452213
P42R,1.20918534392952E-05
P42S,0.0000869683305056999
P42T,0.000125104175968092
P42V,0.000146497455129922
P42W,0.000121151070036015
P42Y,9.37118641545376E-05
Q43A,3.60430246748222E-05
Q43C,8.37128315028127E-05
Q43D,9.51070780129178E-05
Q43E,5.95291246242224E-05
Q43F,0.000189051477810519
Q43G,0.000123476426466649
Q43H,0.000135568279905944
Q43I,0.000170681162008513
Q43K,0.000121151070036015
Q43L,0.000123476426466649
Q43M,0.000139753921481085
Q43N,4.348416525285E-05
Q43P,0.00017533187486978
Q43R,0.000105571181950769
Q43S,0.00039554312885079
Q43T,0.00017184384022383
Q43V,0.000180680194660238
Q43W,0.000165565377861119
Q43Y,0.000296017873619668
G44A,8.97587582224603E-05
G44C,0.000213467720332173
G44D,4.72047355418639E-05
G44E,0.000249510745006995
G44F,0.00017672708872816
G44H,0.00013115010268774
G44I,1.34870672976754E-05
G44K,8.34802958597494E-05
G44L,8.74334017918266E-05
G44M,0.000141149135339465
G44N,0.000302063800339316
G44P,0.000162077343215168
G44Q,0.000211839970830729
G44R,0.000115802750245558
G44S,0.000184633300592315
G44T,0.000114407536387177
G44V,0.000184865836235378
G44W,0.000210677292615412
G44Y,0.00015533380956633
L45A,9.11539720808405E-05
L45C,7.30161919218978E-05
L45D,4.23214870375331E-05
L45E,0.000117197964103938
L45F,0.000118128106676191
L45G,9.53396136559812E-05
L45H,3.9065988034646E-05
L45I,0.000104175968092389
L45K,0.000166030449147245
L45M,2.76717415245409E-05
L45N,0.000224861966842278
L45P,0.000161844807572105
L45Q,0.000110686966098164
L45R,0.000151380703634253
L45S,2.90669553829211E-05
L45T,4.06937375360895E-05
L45V,9.2084114653094E-05
L45W,0.000174866803583653
L45Y,4.32516296097866E-05
P46A,0.00013324292347531
P46C,0.000371126886329137
P46D,5.34831979045748E-05
P46E,0.000126964461112599
P46F,9.78975057296782E-05
P46G,0.000150218025418936
P46H,9.95252552311218E-05
P46I,0.000111617108670417
P46K,4.09262731791529E-05
P46L,0.000135103208619817
P46M,0.000268113596452064
P46N,0.000190214156025836
P46Q,9.32467928684109E-05
P46R,0.00026020738458791
P46S,0.000199283046105307
P46T,9.69673631574248E-05
P46V,0.000164170164002738
P46W,9.88276483019317E-05
P46Y,0.000144637169985415
N47A,0.000152775917492633
N47C,9.44094710837277E-05
N47D,0.000121383605679078
N47E,0.000170681162008513
N47F,0.000206491651040271
N47G,0.000142311813554782
N47H,0.000126964461112599
N47I,0.000108594145310593
N47K,0.000160217058070661
N47L,0.000146729990772986
N47M,0.000186261050093758
N47P,0.000143707027413162
N47Q,3.41827395303152E-05
N47R,3.06947048843647E-05
N47S,1.34870672976754E-05
N47T,7.51090127094681E-05
N47V,5.39482691907015E-05
N47W,0.000181145265946364
N47Y,7.58066196386582E-05
N48A,6.41798374854898E-05
N48C,7.48764770664047E-05
N48D,9.30142572253475E-05
N48E,0.000170681162008513
N48F,0.000106036253236896
N48G,0.000118128106676191
N48H,0.000169053412507069
N48I,0.000324387222073399
N48K,0.000181145265946364
N48L,7.76669047831652E-05
N48M,6.72028008453136E-05
N48P,0.000234628463850939
N48Q,4.1623880108343E-05
N48R,0.000161612271929041
N48S,7.11559067773908E-05
N48T,0.00010696639580915
N48V,0.000211142363901539
N48W,9.90601839449951E-05
N48Y,0.000102315682947882
T49A,6.30171592701729E-05
T49C,9.46420067267911E-05
T49D,8.27826889305593E-05
T49E,0.00017672708872816
T49F,0.000116965428460874
T49G,0.000113244858171861
T49H,7.67367622109117E-05
T49I,0.000222536610411644
T49K,3.95310593207727E-05
T49L,6.20870166979195E-05
T49M,7.53415483525315E-05
T49N,0.00012975488882936
T49P,9.81300413727416E-05
T49Q,9.44094710837277E-05
T49R,0.000193004583742596
T49S,0.000212072506473792
T49V,0.000213700255975236
T49W,0.000171146233294639
T49Y,7.18535137065809E-05
A50C,0.000137893636336578
A50D,8.39453671458761E-05
A50E,0.000193237119385659
A50F,7.53415483525315E-05
A50G,0.000256951885585022
A50H,0.000230442822275798
A50I,0.000202538545108194
A50K,3.55779533886954E-05
A50L,0.000222071539125517
A50M,6.83654790606304E-05
A50N,0.00010696639580915
A50P,0.000190911762955026
A50Q,6.02267315534125E-05
A50R,9.51070780129178E-05
A50S,0.000225559573771468
A50T,0.000274857130100902
A50V,0.000209747150043159
A50W,0.000285321234038753
A50Y,0.000181842872875554
S51A,8.9526222579397E-05
S51C,2.6509063309224E-05
S51D,0.000212305042116856
S51E,0.000137196029407388
S51F,0.000525763088966277
S51G,4.88324850433074E-06
S51H,0.000227884930202101
S51I,9.46420067267911E-05
S51K,9.97577908741852E-05
S51L,0.000292762374616781
S51M,0.000236953820281573
S51N,8.25501532874959E-05
S51P,0.000136963493764324
S51Q,0.000254626529154389
S51R,9.3944399797601E-05
S51T,0.000152078310563443
S51V,0.000232070571777242
S51W,0.000170913697651576
S51Y,0.000304621692413013
W52A,0.000121383605679078
W52C,3.65080959609489E-05
W52D,0.000116965428460874
W52E,0.000191609369884216
W52F,0.000336711611155758
W52G,6.74353364883769E-05
W52H,0.000133010387832247
W52I,7.95271899276721E-05
W52K,0.000124871640325029
W52L,0.000300668586480936
W52M,7.46439414233414E-05
W52N,0.000100455397803375
W52P,7.13884424204542E-05
W52Q,0.000104408503735453
W52R,9.90601839449951E-05
W52S,5.62736256213352E-05
W52T,0.000140684064053338
W52V,0.000207421793612525
W52Y,9.85951126588683E-05
F53A,8.90611512932702E-05
F53C,2.34860999494002E-05
F53D,0.000103478361163199
F53E,0.000204863901538828
F53G,0.000158356772926154
F53H,7.69692978539751E-05
F53I,0.000123941497752776
F53K,4.72047355418639E-05
F53L,0.000158356772926154
F53M,8.20850820013692E-05
F53N,7.37137988510879E-05
F53P,0.000126266854183409
F53Q,4.6042057326547E-05
F53R,0.000119988391820698
F53S,7.27836562788344E-05
F53T,0.000233465785635622
F53V,0.000318341295353752
F53W,7.55740839955948E-05
F53Y,0.000151380703634253
T54A,4.13913444652796E-05
T54C,0.000113477393814924
T54D,9.88276483019317E-05
T54E,0.000162542414501295
T54F,0.000137196029407388
T54G,0.00036996420811382
T54H,0.000159054379855344
T54I,6.60401226299967E-05
T54K,0.000172308911509956
T54L,7.53415483525315E-05
T54M,0.00010626878887996
T54N,3.23224543858083E-05
T54P,0.000122546283894395
T54Q,0.00021811843319344
T54R,7.81319760692919E-05
T54S,0.000191609369884216
T54V,0.000145567312557669
T54W,0.000208119400541715
T54Y,0.000172076375866893
A55C,0.000326014971574843
A55D,0.000138823778908831
A55E,0.000373219707116707
A55F,0.000198585439176117
A55G,0.000141381670982528
A55H,0.000234860999494002
A55I,7.32487275649612E-05
A55K,7.02257642051374E-05
A55L,9.27817215822841E-05
A55M,7.13884424204542E-05
A55N,1.93004583742596E-05
A55P,0.000132777852189184
A55Q,0.000252766244009882
A55R,0.0001339405304045
A55S,0.000193237119385659
A55T,0.000185330907521505
A55V,0.000163937628359675
A55W,4.37167008959133E-05
A55Y,5.20879840461946E-05
L56A,0.000116035285888621
L56C,0.000179052445158794
L56D,0.000146032383843796
L56E,0.000180215123374111
L56F,9.67348275143614E-05
L56G,0.000142311813554782
L56H,6.58075869869334E-05
L56I,0.000138823778908831
L56K,0.000122546283894395
L56M,0.000102315682947882
L56N,0.00030369154984076
L56P,0.000139753921481085
L56Q,7.67367622109117E-05
L56R,8.44104384320029E-05
L56S,0.000122313748251332
L56T,0.000111384573027354
L56V,0.000304854228056076
L56W,2.27884930202101E-05
L56Y,0.00015114816799119
T57A,6.74353364883769E-05
T57C,0.000136498422478197
T57D,0.000239744247998333
T57E,0.00017742469565735
T57F,0.000101153004732565
T57G,0.000167890734291752
T57H,2.25559573771468E-05
T57I,4.18564157514064E-05
T57K,9.11539720808405E-05
T57L,0.000240674390570587
T57M,6.65051939161235E-05
T57N,6.69702652022502E-05
T57P,0.000504137274161383
T57Q,0.000156729023424711
T57R,0.000102548218590946
T57S,0.000223466752983897
T57V,0.000124639104681966
T57W,0.000105803717593833
T57Y,0.000142079277911718
Q58A,0.000160449593713724
Q58C,0.000150683096705063
Q58D,0.000156729023424711
Q58E,0.000157891701640027
Q58F,7.55740839955948E-05
Q58G,5.39482691907015E-05
Q58H,4.95300919724975E-05
Q58I,7.53415483525315E-05
Q58K,7.92946542846087E-05
Q58L,0.00026230020537548
Q58M,0.000181610337232491
Q58N,0.000112779786885734
Q58P,5.62736256213352E-05
Q58R,7.72018334970384E-05
Q58S,7.32487275649612E-05
Q58T,0.000259044706372593
Q58V,5.16229127600679E-05
Q58W,7.41788701372146E-05
Q58Y,7.99922612137989E-05
H59A,0.000146264919486859
H59C,7.13884424204542E-05
H59D,0.000124406569038902
H59E,0.000127662068041789
H59F,0.000165797913504182
H59G,0.000276019808316219
H59I,0.000257649492514213
H59K,0.000231838036134179
H59L,0.000217885897550377
H59M,0.000112082179956544
H59N,9.46420067267911E-05
H59P,0.000358802497246778
H59Q,0.00011184964431348
H59R,6.97606929190106E-05
H59S,0.000178587373872667
H59T,0.000129987424472423
H59V,0.000343455144804596
H59W,0.000237883962853826
H59Y,0.000259044706372593
G60A,4.37167008959133E-05
G60C,0.000166495520433372
G60D,4.81348781141173E-05
G60E,0.000112779786885734
G60F,2.53463850939072E-05
G60H,0.000113012322528797
G60I,0.000390892415989523
G60K,5.83664464089056E-05
G60L,9.69673631574248E-05
G60M,0.000265555704378367
G60N,0.00026369541923386
G60P,0.000109291752239783
G60Q,4.6042057326547E-05
G60R,0.000167890734291752
G60S,0.000276949950888472
G60T,0.000179284980801857
G60V,0.000203003616394321
G60W,6.97606929190106E-05
G60Y,0.000235791142066256
K61A,5.79013751227788E-05
K61C,9.41769354406643E-05
K61D,0.000177657231300414
K61E,5.02276989016876E-05
K61F,7.4411405780278E-05
K61G,4.88324850433074E-05
K61H,7.60391552817216E-05
K61I,0.000319503973569069
K61L,0.000103710896806262
K61M,0.000153706060064887
K61N,0.000125569247254219
K61P,0.000169518483793196
K61Q,8.85960800071435E-05
K61R,6.1156874125666E-05
K61S,3.30200613149984E-05
K61T,4.99951632586243E-05
K61V,6.60401226299967E-05
K61W,0.000111617108670417
K61Y,0.000257649492514213
E62A,6.39473018424264E-05
E62C,0.000115802750245558
E62D,0.000136498422478197
E62F,0.000223234217340834
E62G,5.46458761198917E-05
E62H,7.34812632080245E-05
E62I,0.00030578437062833
E62K,4.99951632586243E-05
E62L,0.0000869683305056999
E62M,9.90601839449951E-05
E62N,0.000290669553829211
E62P,0.000112314715599607
E62Q,0.000145102241271542
E62R,0.000121151070036015
E62S,0.000160449593713724
E62T,7.20860493496443E-05
E62V,9.48745423698544E-05
E62W,0.000148590275917493
E62Y,0.00010905921659672
D63A,0.000140684064053338
D63C,0.000122081212608269
D63E,0.000266950918236747
D63F,0.000137428565050451
D63G,2.58114563800339E-05
D63H,6.06918028395392E-05
D63I,0.000183238086733935
D63K,0.000151613239277316
D63L,7.41788701372146E-05
D63M,1.44172098699289E-05
D63N,0.000101153004732565
D63P,5.34831979045748E-05
D63Q,0.000173704125368336
D63R,9.32467928684109E-05
D63S,9.53396136559812E-05
D63T,7.99922612137989E-05
D63V,0.000164635235288865
D63W,0.000172773982796083
D63Y,0.000114407536387177
L64A,5.44133404768283E-05
L64C,5.18554484031312E-05
L64D,0.000166728056076435
L64E,0.000119058249248445
L64F,0.000166030449147245
L64G,0.000115802750245558
L64H,9.2084114653094E-05
L64I,0.00019602754710242
L64K,0.000119058249248445
L64M,7.97597255707355E-05
L64N,0.000296715480548859
L64Q,9.92927195880585E-05
L64R,0.000208584471827842
L64S,3.55779533886954E-05
L64T,0.000103013289877072
L64V,0.000381125918980861
L64W,0.000175099339226717
L64Y,0.000103943432449326
K65A,8.90611512932702E-05
K65C,0.000114175000744114
K65D,8.62707235765098E-05
K65E,0.000100920469089502
K65F,6.51099800577433E-05
K65G,0.0001739366610114
K65H,8.53405810042563E-05
K65I,2.53463850939072E-05
K65L,0.000119988391820698
K65M,0.00011254725124267
K65N,0.000235791142066256
K65P,4.37167008959133E-05
K65Q,8.92936869363336E-05
K65R,0.000117895571033128
K65S,0.000127662068041789
K65T,0.000171611304580766
K65V,0.000296482944905795
K65W,8.41779027889395E-05
K65Y,0.000237186355924636
F66A,0.000159519451141471
F66C,0.000322526936928892
F66D,0.000162774950144358
F66E,0.000222769146054707
F66G,0.000126964461112599
F66H,0.000165100306574992
F66I,5.88315176950323E-05
F66K,9.06889007947138E-06
F66L,4.83674137571807E-05
F66M,1.62774950144358E-05
F66N,0.000148357740274429
F66P,0.000140916599696401
F66Q,9.04563651516504E-05
F66R,0.000110686966098164
F66S,4.09262731791529E-05
F66T,0.000100455397803375
F66V,6.30171592701729E-05
F66W,0.000264160490519987
F66Y,7.41788701372146E-05
P67A,0.00034857092895199
P67C,0.000147892668988303
P67D,8.85960800071435E-05
P67E,0.000174866803583653
P67F,0.000237186355924636
P67G,0.000185563443164568
P67H,0.000192539512456469
P67I,0.000140684064053338
P67K,9.60372205851713E-05
P67L,0.000157659165996964
P67M,0.000187423728309075
P67N,0.000207654329255588
P67Q,6.83654790606304E-05
P67R,0.000128824746257106
P67S,8.09224037860523E-05
P67T,0.000129987424472423
P67V,0.000168820876864006
P67W,7.6271690924785E-05
P67Y,0.000188121335238265
R68A,0.000145102241271542
R68C,1.88353870881329E-05
R68D,0.000136730958121261
R68E,0.000135800815549007
R68F,0.000183470622376998
R68G,0.000214862934190553
R68H,0.000116035285888621
R68I,0.000139986457124148
R68K,0.000126499389826473
R68L,6.13894097687294E-05
R68M,7.13884424204542E-05
R68N,9.85951126588683E-05
R68P,0.00022160646783939
R68Q,0.00017742469565735
R68S,0.000149287882846683
R68T,0.000257184421228086
R68V,4.65071286126737E-05
R68W,0.000323922150787273
R68Y,0.000140218992767211
G69A,0.000162309878858231
G69C,4.13913444652796E-05
G69D,0.000134405601690627
G69E,0.000128592210614043
G69F,0.00022160646783939
G69H,0.000104408503735453
G69I,0.000197190225317737
G69K,7.67367622109117E-05
G69L,8.30152245736226E-05
G69M,0.000145334776914605
G69N,5.81339107658422E-05
G69P,0.000105571181950769
G69Q,0.000113942465101051
G69R,0.000120220927463762
G69S,0.000103943432449326
G69T,4.81348781141173E-05
G69V,0.000102083147304819
G69W,0.000241837068785903
G69Y,0.000209747150043159
Q70A,0.000121151070036015
Q70C,0.000279275307319106
Q70D,0.000257649492514213
Q70E,0.000171146233294639
Q70F,9.02238295085871E-05
Q70G,0.00021672321933506
Q70H,0.000149752954132809
Q70I,0.000174169196654463
Q70K,0.000266718382593684
Q70L,0.000138591243265768
Q70M,0.000203933758966574
Q70N,0.000129289817543233
Q70P,2.79042771676042E-05
Q70R,0.000249743280650058
Q70S,0.000137893636336578
Q70T,0.000260672455874036
Q70V,0.00010905921659672
Q70W,0.000203468687680448
Q70Y,0.000191144298598089
G71A,0.000172308911509956
G71C,6.85980147036938E-05
G71D,0.000144869705628479
G71E,0.0002209088609102
G71F,0.000184865836235378
G71H,0.000126266854183409
G71I,7.46439414233414E-05
G71K,9.6502291871298E-05
G71L,7.83645117123553E-05
G71M,0.000141149135339465
G71N,0.000126964461112599
G71P,6.18544810548561E-05
G71Q,9.99903265172486E-05
G71R,8.25501532874959E-05
G71S,0.000159054379855344
G71T,9.95252552311218E-05
G71V,0.000166960591719499
G71W,8.02247968568622E-05
G71Y,0.000105571181950769
V72A,0.000165797913504182
V72C,0.000105338646307706
V72D,0.000322526936928892
V72E,9.16190433669673E-05
V72F,0.000166728056076435
V72G,0.000217653361907313
V72H,0.000139056314551895
V72I,0.000189284013453582
V72K,0.00026439302616305
V72L,0.000178354838229604
V72M,3.58104890317588E-05
V72N,0.000156961559067774
V72P,0.000134405601690627
V72Q,8.53405810042563E-05
V72R,0.000115105143316368
V72S,9.85951126588683E-05
V72T,0.000142544349197845
V72W,0.000337409218084948
V72Y,0.000169751019436259
P73A,0.000100222862160312
P73C,6.16219454117927E-05
P73D,0.000197655296603863
P73E,0.000199050510462244
P73F,8.55731166473197E-05
P73G,9.55721492990446E-05
P73H,0.000179284980801857
P73I,7.58066196386582E-05
P73K,0.000266950918236747
P73L,0.000233000714349495
P73M,0.000180447659017174
P73N,0.000309737476560407
P73Q,0.000275787272673155
P73R,0.000354384320028574
P73S,0.000133475459118374
P73T,0.000207421793612525
P73V,8.23176176444325E-05
P73W,0.000219746182694883
P73Y,0.000357639819031461
I74A,3.60430246748222E-05
I74C,0.000432051224811739
I74D,0.000241837068785903
I74E,3.39502038872518E-05
I74F,0.000159984522427598
I74G,4.97626276155609E-05
I74H,0.000389729737774206
I74K,0.00010836160966753
I74L,0.000111384573027354
I74M,0.00035066374973956
I74N,0.000164170164002738
I74P,7.04582998482007E-05
I74Q,0.000254161457868262
I74R,0.000191144298598089
I74S,6.88305503467572E-05
I74T,0.000125336711611156
I74V,0.000360430246748222
I74W,0.000212305042116856
I74Y,0.000211374899544602
N75A,0.000182307944161681
N75C,0.000176262017442034
N75D,0.000105338646307706
N75E,0.000109291752239783
N75F,0.000108594145310593
N75G,4.48793791112302E-05
N75H,3.39502038872518E-05
N75I,6.90630859898205E-05
N75K,0.000241837068785903
N75L,0.000298343230050302
N75M,0.000137893636336578
N75P,0.000160914664999851
N75Q,0.000102780754234009
N75R,0.000159286915498408
N75S,0.00019812036788999
N75T,9.44094710837277E-05
N75V,0.000124174033395839
N75W,0.000144637169985415
N75Y,0.000184633300592315
T76A,3.25549900288716E-06
T76C,6.90630859898205E-05
T76D,8.81310087210168E-05
T76E,0.000159984522427598
T76F,5.0460234544751E-05
T76G,8.09224037860523E-05
T76H,0.000201840938179004
T76I,6.46449087716165E-05
T76K,2.92994910259845E-05
T76L,0.000216955754978123
T76M,5.81339107658422E-05
T76N,0.00010766400273834
T76P,5.90640533380957E-05
T76Q,0.000149287882846683
T76R,0.000138126171979641
T76S,6.13894097687294E-05
T76V,8.5108045361193E-05
T76W,1.65100306574992E-05
T76Y,9.58046849421079E-05
N77A,0.000104873575021579
N77C,0.000192539512456469
N77D,0.000112314715599607
N77E,4.95300919724975E-05
N77F,9.76649700866149E-05
N77G,0.000108826680953657
N77H,9.25491859392208E-05
N77I,0.000102780754234009
N77K,0.0002374188915677
N77L,0.000115570214602494
N77M,6.44123731285531E-05
N77P,0.000246022710361044
N77Q,0.000219281111408757
N77R,6.51099800577433E-05
N77S,3.18573830996815E-05
N77T,0.000261137527160163
N77V,9.67348275143614E-05
N77W,7.67367622109117E-05
N77Y,0.000131382638330803
S78A,0.0001974227609608
S78C,0.000128592210614043
S78D,4.25540226805965E-05
S78E,0.000120453463106825
S78F,0.000273461916242522
S78G,0.000123243890823585
S78H,3.51128821025687E-05
S78I,0.000204863901538828
S78K,0.000128824746257106
S78L,0.000141846742268655
S78M,0.000203701223323511
S78N,0.00015603141649552
S78P,0.000288111661755514
S78Q,0.00021742082626425
S78R,0.000288344197398577
S78T,0.000166960591719499
S78V,0.000148590275917493
S78W,0.000157891701640027
S78Y,0.000147195062059112
S79A,0.000175099339226717
S79C,2.92994910259845E-05
S79D,6.76678721314403E-05
S79E,7.37137988510879E-05
S79F,5.90640533380957E-05
S79G,0.000136498422478197
S79H,9.58046849421079E-05
S79I,0.00028369348453731
S79K,0.000249510745006995
S79L,5.4878411762955E-05
S79M,5.06927701878144E-05
S79N,9.71998988004881E-05
S79P,0.000314388189421675
S79Q,4.13913444652796E-05
S79R,0.000213467720332173
S79T,8.5108045361193E-05
S79V,6.97606929190106E-05
S79W,0.000258114563800339
S79Y,0.000155798880852457
P80A,0.000164635235288865
P80C,0.00010696639580915
P80D,0.000264625561806114
P80E,9.71998988004881E-05
P80F,0.000203933758966574
P80G,0.000140916599696401
P80H,0.000122313748251332
P80I,2.09282078757032E-05
P80K,4.99951632586243E-05
P80L,4.69721998988005E-05
P80M,4.72047355418639E-05
P80N,0.000139056314551895
P80Q,0.000134870672976754
P80R,0.000136963493764324
P80S,0.000109291752239783
P80T,0.000108826680953657
P80V,0.000251603565794565
P80W,0.000164170164002738
P80Y,6.79004077745037E-05
D81A,0.000515531520671489
D81C,0.000123476426466649
D81E,0.00013184770961693
D81F,0.000102083147304819
D81G,0.000160682129356788
D81H,0.000115570214602494
D81I,0.000223234217340834
D81K,0.000404612018930262
D81L,0.000136033351192071
D81M,8.65032592195732E-05
D81N,0.000180912730303301
D81P,0.000337641753728011
D81Q,0.000115105143316368
D81R,5.79013751227788E-05
D81S,0.000366476173467869
D81T,4.27865583236598E-05
D81V,0.000149287882846683
D81W,0.000288809268684704
D81Y,0.000100455397803375
D82A,0.000260672455874036
D82C,9.76649700866149E-05
D82E,0.000156263952138584
D82F,5.18554484031312E-05
D82G,0.000273229380599458
D82H,1.67425663005626E-05
D82I,0.000190446691668899
D82K,0.000262067669732417
D82L,8.78984730779534E-05
D82M,0.000126266854183409
D82N,4.69721998988005E-05
D82P,5.02276989016876E-05
D82Q,0.000141846742268655
D82R,0.000118593177962318
D82S,0.000147892668988303
D82T,0.000120220927463762
D82V,4.65071286126737E-05
D82W,0.000265323168735304
D82Y,0.000109989359168973
Q83A,0.000179052445158794
Q83C,0.000157194094710837
Q83D,0.000158356772926154
Q83E,0.000119755856177635
Q83F,0.000266485846950621
Q83G,0.000214862934190553
Q83H,0.000146497455129922
Q83I,0.000324154686430336
Q83K,0.000186493585736822
Q83L,0.000364383352680299
Q83M,4.51119147542935E-05
Q83N,0.000202538545108194
Q83P,9.71998988004881E-05
Q83R,9.30142572253475E-05
Q83S,9.88276483019317E-05
Q83T,0.000113709929457987
Q83V,0.000334153719082061
Q83W,0.00017323905408221
Q83Y,9.85951126588683E-05
I84A,1.67425663005626E-05
I84C,9.23166502961574E-05
I84D,3.44152751733786E-05
I84E,4.88324850433074E-05
I84F,6.58075869869334E-05
I84G,0.000117895571033128
I84H,9.2084114653094E-05
I84K,8.34802958597494E-05
I84L,0.000198352903533054
I84M,8.58056522903831E-05
I84N,0.000207421793612525
I84P,0.000145567312557669
I84Q,0.000329037934934667
I84R,6.97606929190106E-05
I84S,3.60430246748222E-05
I84T,4.25540226805965E-05
I84V,3.51128821025687E-05
I84W,0.000158821844212281
I84Y,8.04573324999256E-05
G85A,0.000203933758966574
G85C,5.11578414739411E-05
G85D,9.76649700866149E-05
G85E,0.000164170164002738
G85F,0.000113477393814924
G85H,8.23176176444325E-05
G85I,0.000166030449147245
G85K,0.000318806366639879
G85L,9.60372205851713E-05
G85M,0.000238581569783016
G85N,6.74353364883769E-05
G85P,5.58085543352085E-05
G85Q,0.00012905728190017
G85R,8.65032592195732E-05
G85S,0.000171378768937703
G85T,0.000209979685686222
G85V,0.000234628463850939
G85W,0.000157659165996964
G85Y,0.000167425663005625
Y86A,9.55721492990446E-05
Y86C,1.18593177962318E-05
Y86D,5.09253058308778E-05
Y86E,8.0689868142989E-05
Y86F,9.3944399797601E-05
Y86G,0.000192074441170343
Y86H,5.27855909753847E-05
Y86I,0.000196957689674673
Y86K,0.0003078771914159
Y86L,8.25501532874959E-05
Y86M,5.18554484031312E-05
Y86N,0.000126964461112599
Y86P,0.000190446691668899
Y86Q,8.67357948626365E-05
Y86R,0.000155566345209394
Y86S,0.000146729990772986
Y86T,4.67396642557371E-05
Y86V,0.000247185388576361
Y86W,0.000312295368634104
Y87A,0.000159519451141471
Y87C,1.99980653034497E-05
Y87D,8.85960800071435E-05
Y87E,6.92956216328839E-05
Y87F,0.000360430246748222
Y87G,0.000120220927463762
Y87H,2.72066702384141E-05
Y87I,0.000110686966098164
Y87K,0.000272996844956395
Y87L,0.000280437985534423
Y87M,0.000180912730303301
Y87N,0.00019881797481918
Y87P,5.06927701878144E-05
Y87Q,0.000208351936184778
Y87R,0.000148590275917493
Y87S,6.97606929190106E-06
Y87T,0.000105571181950769
Y87V,0.000143241956127035
Y87W,0.000246255246004108
R88A,8.25501532874959E-05
R88C,0.000128824746257106
R88D,7.74343691401018E-05
R88E,3.67406316040123E-05
R88F,7.83645117123553E-05
R88G,0.000115337678959431
R88H,8.58056522903831E-05
R88I,0.000107896538381403
R88K,9.92927195880585E-05
R88L,6.79004077745037E-05
R88M,0.000250208351936185
R88N,0.000284158555823437
R88P,1.97655296603863E-05
R88Q,4.48793791112302E-05
R88S,0.000136033351192071
R88T,0.000161379736285978
R88V,9.92927195880585E-05
R88W,6.92956216328839E-05
R88Y,4.37167008959133E-05
R89A,5.37157335476382E-05
R89C,0.000126731925469536
R89D,0.000167425663005625
R89E,0.000169983555079323
R89F,0.00023951171235527
R89G,0.000132312780903057
R89H,0.000210212221329285
R89I,6.67377295591868E-05
R89K,9.34793285114742E-05
R89L,9.13865077239039E-05
R89M,0.000134173066047564
R89N,3.18573830996815E-05
R89P,3.20899187427449E-05
R89Q,0.000218350968836503
R89S,0.000179284980801857
R89T,0.000104641039378516
R89V,4.99951632586243E-05
R89W,0.000174169196654463
R89Y,7.02257642051374E-05
A90C,3.48803464595053E-05
A90D,8.85960800071435E-05
A90E,0.000135568279905944
A90F,5.37157335476382E-05
A90G,0.000286716447897134
A90H,0.000175796946155907
A90I,9.58046849421079E-05
A90K,0.000119058249248445
A90L,0.000137196029407388
A90M,0.000224396895556151
A90N,7.02257642051374E-05
A90P,0.000218583504479567
A90Q,0.000197887832246927
A90R,9.74324344435515E-05
A90S,0.00013324292347531
A90T,0.000237883962853826
A90V,0.000315318331993928
A90W,7.8829582998482E-05
A90Y,0.000238349034139953
T91A,9.25491859392208E-05
T91C,0.000120453463106825
T91D,0.000219746182694883
T91E,7.51090127094681E-05
T91F,0.000147892668988303
T91G,9.81300413727416E-05
T91H,0.000208351936184778
T91I,6.41798374854898E-05
T91K,0.000210677292615412
T91L,6.34822305562997E-05
T91M,0.000124639104681966
T91N,0.000319038902282942
T91P,0.000163937628359675
T91Q,0.000108826680953657
T91R,8.37128315028127E-05
T91S,0.000271834166741078
T91V,8.25501532874959E-05
T91W,3.41827395303152E-05
T91Y,0.000150915632348126
R92A,0.000195795011459356
R92C,0.000119523320534572
R92D,0.000227187323272911
R92E,7.18535137065809E-05
R92F,8.766593743489E-05
R92G,0.000138823778908831
R92H,0.000117895571033128
R92I,7.74343691401018E-05
R92K,0.000161844807572105
R92L,0.00026160259844629
R92M,0.000106501324523023
R92N,0.000222071539125517
R92P,0.000173704125368336
R92Q,0.000126499389826473
R92S,5.02276989016876E-05
R92T,0.000151613239277316
R92V,0.000170681162008513
R92W,0.000161612271929041
R92Y,9.06889007947138E-05
R93A,9.46420067267911E-05
R93C,3.53454177456321E-05
R93D,0.000105338646307706
R93E,4.72047355418639E-05
R93F,0.000197887832246927
R93G,0.000161844807572105
R93H,0.00017533187486978
R93I,0.000250208351936185
R93K,6.48774444146799E-05
R93L,0.000188121335238265
R93M,0.00015184577492038
R93N,8.30152245736226E-05
R93P,3.25549900288716E-05
R93Q,6.9993228562074E-05
R93S,0.000104873575021579
R93T,3.18573830996815E-05
R93V,0.000198585439176117
R93W,0.000240674390570587
R93Y,5.69712325505253E-05
I94A,0.000100222862160312
I94C,6.04592671964759E-06
I94D,6.20870166979195E-05
I94E,0.000156961559067774
I94F,0.000185330907521505
I94G,0.00010975682352591
I94H,0.000115802750245558
I94K,0.000178819909515731
I94L,0.000134405601690627
I94M,0.000263927954876924
I94N,0.000163007485787421
I94P,0.000104408503735453
I94Q,0.00030369154984076
I94R,0.000302761407268506
I94S,0.000100222862160312
I94T,0.000157194094710837
I94V,0.000156729023424711
I94W,4.48793791112302E-05
I94Y,0.000201143331249814
R95A,4.18564157514064E-05
R95C,0.000246952852933298
R95D,0.000382056061553115
R95E,5.83664464089056E-05
R95F,0.000153473524421823
R95G,9.06889007947138E-05
R95H,0.000115802750245558
R95I,0.000158821844212281
R95K,0.000169518483793196
R95L,7.60391552817216E-05
R95M,0.000170448626365449
R95N,4.85999494002441E-05
R95P,0.000171378768937703
R95Q,0.000129289817543233
R95S,8.20850820013692E-05
R95T,0.000199050510462244
R95V,9.62697562282347E-05
R95W,0.000119290784891508
R95Y,9.78975057296782E-05
G96A,2.99970979551746E-05
G96C,0.000298808301336429
G96D,0.000115105143316368
G96E,9.71998988004881E-05
G96F,0.000188818942167455
G96I,7.23185849927077E-05
G96K,0.000102548218590946
G96L,7.20860493496443E-05
G96M,3.58104890317588E-05
G96N,8.67357948626365E-05
G96P,0.000100222862160312
G96Q,4.55769860404203E-05
G96R,9.76649700866149E-05
G96S,8.27826889305593E-05
G96T,6.44123731285531E-05
G96V,4.06937375360895E-05
G96W,0.000141614206625592
G96Y,9.8362577015805E-05
G97A,0.000207654329255588
G97C,0.000135800815549007
G97D,4.53444503973569E-05
G97E,0.000186028514450695
G97F,0.00011254725124267
G97H,2.34860999494002E-05
G97I,0.000178587373872667
G97K,0.000106733860166086
G97L,6.67377295591868E-05
G97M,0.000133010387832247
G97N,0.000126266854183409
G97P,0.000196957689674673
G97Q,9.8362577015805E-05
G97R,4.09262731791529E-05
G97S,0.0001104544304551
G97T,8.3247760216686E-05
G97V,8.92936869363336E-05
G97W,0.000272996844956395
G97Y,0.000135335744262881
D98A,2.99970979551746E-05
D98C,0.000148822811560556
D98E,5.2320519689258E-05
D98F,0.000176494553085097
D98G,0.000135335744262881
D98H,1.46497455129922E-05
D98I,6.90630859898205E-05
D98K,3.58104890317588E-05
D98L,0.000102083147304819
D98M,7.95271899276721E-05
D98N,6.13894097687294E-05
D98P,4.1623880108343E-05
D98Q,5.4878411762955E-05
D98R,0.00013184770961693
D98S,7.27836562788344E-05
D98T,7.02257642051374E-05
D98V,4.65071286126737E-05
D98W,0.00023881410542608
D98Y,0.000168588341220942
G99A,6.76678721314403E-05
G99C,0.000142079277911718
G99D,0.000137428565050451
G99E,5.02276989016876E-05
G99F,0.000190679227311962
G99H,6.46449087716165E-05
G99I,0.000160449593713724
G99K,8.65032592195732E-05
G99L,1.09291752239783E-05
G99M,5.4878411762955E-05
G99N,0.000211374899544602
G99Q,8.23176176444325E-05
G99R,8.58056522903831E-05
G99S,0.00010905921659672
G99T,8.74334017918266E-05
G99V,0.000135103208619817
G99W,0.000203236152037384
G99Y,0.000166030449147245
K100A,5.85989820519689E-05
K100C,0.000158821844212281
K100D,8.65032592195732E-05
K100E,0.000310202547846534
K100F,0.000170216090722386
K100G,4.97626276155609E-05
K100H,0.00010766400273834
K100I,0.000145567312557669
K100L,8.9526222579397E-05
K100M,0.000203468687680448
K100N,9.11539720808405E-05
K100P,0.000307412120129773
K100Q,0.000202306009465131
K100R,0.000137428565050451
K100S,6.69702652022502E-05
K100T,9.8362577015805E-05
K100V,0.000140218992767211
K100W,5.11578414739411E-05
K100Y,0.000132080245259993
M101A,0.00010766400273834
M101C,0.000102315682947882
M101D,0.000157194094710837
M101E,0.00024230214007203
M101F,6.60401226299967E-05
M101G,9.55721492990446E-05
M101H,6.3714766199363E-05
M101I,9.97577908741852E-05
M101K,0.000107431467095276
M101L,5.13903771170045E-05
M101N,0.000149752954132809
M101P,0.000131615173973867
M101Q,0.000271601631098015
M101R,0.000193702190671786
M101S,3.86009167485192E-05
M101T,2.88344197398577E-05
M101V,0.000223001681697771
M101W,8.92936869363336E-05
M101Y,0.000215095469833616
K102A,8.3247760216686E-05
K102C,0.000163937628359675
K102D,8.58056522903831E-05
K102E,0.000183470622376998
K102F,0.000189284013453582
K102G,0.000137661100693514
K102H,0.000169053412507069
K102I,0.00019881797481918
K102L,7.39463344941513E-05
K102M,6.69702652022502E-05
K102N,6.95281572759473E-05
K102P,0.000134173066047564
K102Q,0.00032927047057773
K102R,0.000169518483793196
K102S,0.000163472557073548
K102T,0.00010766400273834
K102V,0.000130219960115487
K102W,0.000358802497246778
K102Y,8.5108045361193E-05
D103A,9.88276483019317E-05
D103C,0.000281135592463613
D103E,0.000105106110664643
D103F,6.83654790606304E-05
D103G,0.000135103208619817
D103H,0.000102548218590946
D103I,5.53434830490818E-05
D103K,0.000113477393814924
D103L,7.30161919218978E-05
D103M,8.99912938655237E-05
D103N,9.30142572253475E-06
D103P,4.1623880108343E-05
D103Q,8.766593743489E-05
D103R,3.60430246748222E-05
D103S,4.02286662499628E-05
D103T,0.000167425663005625
D103V,0.000157891701640027
D103W,0.000134173066047564
D103Y,0.000168123269934816
L104A,0.000139521385838021
L104C,0.000105106110664643
L104D,0.00017463426794059
L104E,0.000113942465101051
L104F,7.30161919218978E-05
L104G,4.25540226805965E-05
L104H,0.000121616141322142
L104I,0.000186726121379885
L104K,5.25530553323213E-05
L104M,3.9065988034646E-05
L104N,9.67348275143614E-05
L104P,0.000118593177962318
L104Q,4.1623880108343E-05
L104R,5.55760186921451E-05
L104S,5.27855909753847E-05
L104T,0.000129522353186296
L104V,0.000265323168735304
L104W,4.32516296097866E-05
L104Y,8.62707235765098E-05
S105A,7.58066196386582E-05
S105C,0.000123476426466649
S105D,4.76698068279906E-05
S105E,0.000200678259963687
S105F,8.46429740750662E-05
S105G,0.000161147200642915
S105H,6.74353364883769E-05
S105I,0.000117430499747001
S105K,0.000228350001488228
S105L,0.000203933758966574
S105M,0.00010836160966753
S105N,0.000146264919486859
S105P,2.02306009465131E-05
S105Q,4.1623880108343E-05
S105R,0.000194864868887103
S105T,0.000116267821531684
S105V,0.000105571181950769
S105W,0.000145799848200732
S105Y,6.25520879840462E-05
P106A,9.90601839449951E-05
P106C,0.000145799848200732
P106D,4.58095216834836E-05
P106E,0.000164635235288865
P106F,7.4411405780278E-06
P106G,6.39473018424264E-05
P106H,0.000128127139327916
P106I,0.000152775917492633
P106K,7.37137988510879E-05
P106L,0.000104408503735453
P106M,9.30142572253475E-05
P106N,9.97577908741852E-05
P106Q,0.000133707994761437
P106R,0.000138823778908831
P106S,5.13903771170045E-05
P106T,5.20879840461946E-05
P106V,0.000136033351192071
P106W,0.00019602754710242
P106Y,0.000109989359168973
R107A,0.000298110694407239
R107C,7.55740839955948E-05
R107D,0.000186726121379885
R107E,0.000112314715599607
R107F,0.000251603565794565
R107G,8.9526222579397E-05
R107H,0.000161844807572105
R107I,0.000211607435187666
R107K,1.48822811560556E-05
R107L,0.00013324292347531
R107M,0.000155798880852457
R107N,0.000119058249248445
R107P,0.000150450561062
R107Q,0.000186261050093758
R107S,7.09233711343275E-05
R107T,8.92936869363336E-05
R107V,0.000126266854183409
R107W,0.000358337425960651
R107Y,0.000135800815549007
W108A,8.41779027889395E-05
W108C,0.00010766400273834
W108D,0.000117430499747001
W108E,0.000267415989522874
W108F,0.000144869705628479
W108G,2.67415989522874E-05
W108H,0.00015324098877876
W108I,0.000143707027413162
W108K,8.39453671458761E-05
W108L,0.000117663035390065
W108M,0.000187656263952139
W108N,0.000104873575021579
W108P,0.000223001681697771
W108Q,0.000281135592463613
W108R,3.04621692413013E-05
W108S,9.8362577015805E-05
W108T,3.99961306068994E-05
W108V,0.000216490683691996
W108Y,0.000214862934190553
Y109A,0.000138591243265768
Y109C,9.25491859392208E-05
Y109D,8.34802958597494E-05
Y109E,0.000119755856177635
Y109F,0.000203468687680448
Y109G,0.000127196996755663
Y109H,0.000220443789624074
Y109I,0.000146729990772986
Y109K,0.000246487781647171
Y109L,0.000185330907521505
Y109M,0.000136033351192071
Y109N,0.000162774950144358
Y109P,0.000176262017442034
Y109Q,0.000116035285888621
Y109R,4.81348781141173E-05
Y109S,0.000259742313301783
Y109T,0.000119058249248445
Y109V,0.000249975816293121
Y109W,0.000193702190671786
F110A,0.000269741345953508
F110C,0.000251371030151502
F110D,0.000165797913504182
F110E,0.00061226634818585
F110G,0.000145334776914605
F110H,0.000192306976813406
F110I,0.000128824746257106
F110K,9.2084114653094E-05
F110L,0.000144637169985415
F110M,7.74343691401018E-05
F110N,3.7205702890139E-05
F110P,0.000121848676965205
F110Q,0.00021672321933506
F110R,2.27884930202101E-05
F110S,0.000339502038872518
F110T,0.000161147200642915
F110V,0.000239976783641397
F110W,0.000104873575021579
F110Y,7.48764770664047E-05
Y111A,2.88344197398577E-05
Y111C,0.000606452957109266
Y111D,0.000176959624371224
Y111E,0.000166030449147245
Y111F,0.000212770113402982
Y111G,2.92994910259845E-05
Y111H,0.000141381670982528
Y111I,0.00019463233324404
Y111K,0.000162774950144358
Y111L,9.25491859392208E-05
Y111M,0.000196492618388547
Y111N,0.000165100306574992
Y111P,0.00015184577492038
Y111Q,0.000166495520433372
Y111R,0.000125104175968092
Y111S,0.000115105143316368
Y111T,0.000145334776914605
Y111V,0.000189284013453582
Y111W,0.000190214156025836
Y112A,5.6738696907462E-05
Y112C,5.81339107658422E-06
Y112D,0.000226954787629848
Y112E,0.000347640786379736
Y112F,0.000169285948150132
Y112G,8.55731166473197E-05
Y112H,0.000152775917492633
Y112I,9.41769354406643E-05
Y112K,0.000102083147304819
Y112L,0.000148822811560556
Y112M,0.000222071539125517
Y112N,8.13874750721791E-05
Y112P,0.000124174033395839
Y112Q,0.000192772048099533
Y112R,0.000420889513944697
Y112S,2.46487781647171E-05
Y112T,7.74343691401018E-05
Y112V,0.000205561508468018
Y112W,2.32535643063369E-05
L113A,9.71998988004881E-05
L113C,0.000354616855671637
L113D,0.000289971946900021
L113E,0.000198352903533054
L113F,9.27817215822841E-05
L113G,8.16200107152424E-05
L113H,0.000138823778908831
L113I,0.000216490683691996
L113K,0.000114407536387177
L113M,0.000149287882846683
L113N,6.60401226299967E-05
L113P,0.000188586406524392
L113Q,4.72047355418639E-05
L113R,5.2320519689258E-05
L113S,0.000248813138077805
L113T,7.46439414233414E-05
L113V,0.000163705092716612
L113W,6.39473018424264E-05
L113Y,0.000331828362651427
G114A,0.000164867770931928
G114C,0.000191376834241152
G114D,6.30171592701729E-05
G114E,4.48793791112302E-05
G114F,4.27865583236598E-05
G114H,0.000186261050093758
G114I,3.81358454623925E-05
G114K,0.000136498422478197
G114L,0.000141149135339465
G114M,4.95300919724975E-05
G114N,8.27826889305593E-05
G114P,4.53444503973569E-05
G114Q,3.69731672470756E-05
G114R,0.000143009420483972
G114S,0.000351128821025687
G114T,0.000142776884840908
G114V,3.53454177456321E-05
G114W,3.53454177456321E-05
G114Y,9.58046849421079E-05
T115A,5.11578414739411E-05
T115C,5.65061612643986E-05
T115D,8.37128315028127E-05
T115E,0.00010626878887996
T115F,7.55740839955948E-05
T115G,7.09233711343275E-05
T115H,0.000235326070780129
T115I,4.1623880108343E-05
T115K,4.99951632586243E-05
T115L,3.99961306068994E-05
T115M,6.60401226299967E-05
T115N,3.20899187427449E-05
T115P,3.18573830996815E-05
T115Q,7.78994404262285E-05
T115R,9.46420067267911E-05
T115S,0.00011115203738429
T115V,8.9526222579397E-05
T115W,3.37176682441885E-05
T115Y,0.000126499389826473
G116A,0.000141381670982528
G116C,0.000140218992767211
G116D,3.79033098193291E-05
G116E,0.000171146233294639
G116F,0.00015114816799119
G116H,0.000155101273923267
G116I,9.88276483019317E-05
G116K,0.000120453463106825
G116L,0.000232303107420305
G116M,0.00024369735393041
G116N,0.00010766400273834
G116P,0.000148590275917493
G116Q,5.09253058308778E-05
G116R,0.000190214156025836
G116S,0.00028160066374974
G116T,0.000349036000238116
G116V,0.000177889766943477
G116W,4.92975563294342E-05
G116Y,6.69702652022502E-05
P117A,0.000120453463106825
P117C,6.46449087716165E-05
P117D,0.00017184384022383
P117E,0.000184400764949251
P117F,8.16200107152424E-05
P117G,4.25540226805965E-05
P117H,0.000217885897550377
P117I,0.000100222862160312
P117K,0.000162077343215168
P117L,0.000101618076018692
P117M,0.000138823778908831
P117N,4.23214870375331E-05
P117Q,0.000153008453135697
P117R,0.000168123269934816
P117S,0.00011115203738429
P117T,0.00013324292347531
P117V,9.97577908741852E-05
P117W,9.95252552311218E-05
P117Y,0.000191609369884216
E118A,0.000305551834985267
E118C,0.000334851326011251
E118D,0.000138126171979641
E118F,0.000134870672976754
E118G,6.74353364883769E-05
E118H,0.000149520418489746
E118I,0.000119755856177635
E118K,6.83654790606304E-05
E118L,0.000133475459118374
E118M,0.000252301172723755
E118N,0.000227652394559038
E118P,0.000157891701640027
E118Q,0.000193702190671786
E118R,4.41817721820401E-05
E118S,0.000229745215346608
E118T,5.69712325505253E-05
E118V,2.11607435187666E-05
E118W,4.67396642557371E-05
E118Y,0.000132080245259993
A119C,0.000108594145310593
A119D,0.000139056314551895
A119E,0.000136265886835134
A119F,0.000246487781647171
A119G,8.34802958597494E-05
A119H,0.000145334776914605
A119I,0.000162542414501295
A119K,0.000148822811560556
A119L,0.000161844807572105
A119M,0.0001104544304551
A119N,0.000238349034139953
A119P,0.000274159523171712
A119Q,4.13913444652796E-05
A119R,0.000139986457124148
A119S,0.000142776884840908
A119T,8.13874750721791E-05
A119V,0.000215328005476679
A119W,0.000106501324523023
A119Y,0.000114872607673304
G120A,0.000158821844212281
G120C,2.09282078757032E-05
G120D,8.55731166473197E-05
G120E,3.69731672470756E-05
G120F,3.79033098193291E-05
G120H,0.000114872607673304
G120I,8.44104384320029E-05
G120K,0.000126731925469536
G120L,7.92946542846087E-05
G120M,0.000146729990772986
G120N,5.25530553323213E-05
G120P,0.000160914664999851
G120Q,0.00017812230258654
G120R,0.000187423728309075
G120S,3.41827395303152E-05
G120T,0.000120453463106825
G120V,0.000336014004226568
G120W,0.000182773015447808
G120Y,0.000135103208619817
L121A,0.000135103208619817
L121C,0.000226954787629848
L121D,8.65032592195732E-05
L121E,4.348416525285E-05
L121F,0.0001339405304045
L121G,0.000141846742268655
L121H,7.06908354912641E-05
L121I,7.09233711343275E-05
L121K,0.000169518483793196
L121M,5.2320519689258E-05
L121N,0.00023951171235527
L121P,9.62697562282347E-05
L121Q,0.000133010387832247
L121R,0.00010905921659672
L121S,5.0460234544751E-05
L121T,2.32535643063369E-05
L121V,0.000434609116885436
L121W,0.0002374188915677
L121Y,0.000198352903533054
P122A,0.000148822811560556
P122C,0.000236488748995446
P122D,0.000271136559811888
P122E,0.000169983555079323
P122F,0.000179052445158794
P122G,0.000107198931452213
P122H,0.00032717764979016
P122I,0.000196957689674673
P122K,0.0003078771914159
P122L,0.000146264919486859
P122M,0.000285321234038753
P122N,0.000133707994761437
P122Q,0.00050111431080156
P122R,0.00030648197755752
P122S,0.00021811843319344
P122T,5.34831979045748E-05
P122V,0.000235791142066256
P122W,0.000186028514450695
P122Y,0.000269043739024318
Y123A,5.37157335476382E-05
Y123C,0.00011184964431348
Y123D,4.90650206863708E-05
Y123E,0.000183935693663125
Y123F,2.92994910259845E-05
Y123G,0.000212770113402982
Y123H,0.000128592210614043
Y123I,0.000156496487781647
Y123K,0.000237186355924636
Y123L,0.000156496487781647
Y123M,0.000187191192666012
Y123N,0.000146032383843796
Y123P,0.000123941497752776
Y123Q,4.92975563294342E-05
Y123R,0.000184865836235378
Y123S,0.000124871640325029
Y123T,9.44094710837277E-05
Y123V,0.000249743280650058
Y123W,0.000107896538381403
G124A,0.000212537577759919
G124C,0.000148357740274429
G124D,0.000218583504479567
G124E,0.000122313748251332
G124F,0.000116965428460874
G124H,0.000388101988272762
G124I,9.60372205851713E-05
G124K,0.000195562475816293
G124L,0.000206724186683335
G124M,0.00026230020537548
G124N,0.000192074441170343
G124P,0.000209049543113969
G124Q,0.000284158555823437
G124R,0.000198352903533054
G124S,0.000113012322528797
G124T,0.000123476426466649
G124V,2.81368128106676E-05
G124W,0.000240441854927523
G124Y,0.000127429532398726
A125C,0.000203468687680448
A125D,7.41788701372146E-05
A125E,0.000180447659017174
A125F,5.9296588981159E-05
A125G,7.97597255707355E-05
A125H,0.000129987424472423
A125I,0.000198585439176117
A125K,0.000184168229306188
A125L,0.000161612271929041
A125M,0.000154868738280204
A125N,0.000215328005476679
A125P,4.76698068279906E-05
A125Q,8.39453671458761E-05
A125R,0.00026509063309224
A125S,5.39482691907015E-05
A125T,0.000121151070036015
A125V,0.000171146233294639
A125W,0.000424145012947585
A125Y,0.000171146233294639
N126A,0.000123708962109712
N126C,0.000246487781647171
N126D,0.000238349034139953
N126E,0.000107198931452213
N126F,8.25501532874959E-05
N126G,0.000104641039378516
N126H,0.000190214156025836
N126I,0.000147660133345239
N126K,0.000113942465101051
N126L,0.000228815072774355
N126M,0.000206956722326398
N126P,0.000139056314551895
N126Q,7.51090127094681E-05
N126R,0.00019532994017323
N126S,0.000163937628359675
N126T,6.27846236271096E-05
N126V,3.11597761704914E-05
N126W,0.000136033351192071
N126Y,0.000139753921481085
K127A,0.000240674390570587
K127C,0.000144404634342352
K127D,4.95300919724975E-05
K127E,7.02257642051374E-05
K127F,7.41788701372146E-05
K127G,0.000156263952138584
K127H,0.000118825713605381
K127I,0.000244162425216537
K127L,4.04612018930262E-05
K127M,0.000182075408518618
K127N,0.000150218025418936
K127P,9.30142572253475E-05
K127Q,4.81348781141173E-05
K127R,0.000147892668988303
K127S,0.000109524287882847
K127T,8.92936869363336E-05
K127V,0.000180680194660238
K127W,0.000170216090722386
K127Y,7.90621186415454E-05
D128A,0.000113709929457987
D128C,0.00024160453314284
D128E,0.000273461916242522
D128F,0.000216955754978123
D128G,0.000219281111408757
D128H,1.20918534392952E-05
D128I,7.69692978539751E-05
D128K,0.000138126171979641
D128L,0.000264160490519987
D128M,3.32525969580617E-05
D128N,0.000120918534392952
D128P,8.3247760216686E-05
D128Q,9.69673631574248E-05
D128R,0.000103478361163199
D128S,0.000139986457124148
D128T,7.48764770664047E-05
D128V,0.000167890734291752
D128W,0.000152078310563443
D128Y,0.000238349034139953
G129A,0.000114407536387177
G129C,0.000252068637080692
G129D,0.000173471589725273
G129E,6.20870166979195E-05
G129F,0.000118825713605381
G129H,0.000146729990772986
G129I,0.000259044706372593
G129K,0.000171611304580766
G129L,0.000140916599696401
G129M,4.99951632586243E-05
G129N,0.000252998779652945
G129P,0.000119988391820698
G129Q,0.000147195062059112
G129R,0.00011254725124267
G129S,0.000133475459118374
G129T,0.000117197964103938
G129V,7.83645117123553E-05
G129W,0.000204398830252701
G129Y,0.000336246539869631
I130A,7.67367622109117E-05
I130C,0.000350431214096497
I130D,0.000285553769681817
I130E,0.000343920216090722
I130F,0.000232768178706432
I130G,0.000256719349941959
I130H,0.000168820876864006
I130K,0.00021742082626425
I130L,0.000142544349197845
I130M,0.000189981620382772
I130N,0.000221839003482454
I130P,0.000144404634342352
I130Q,8.34802958597494E-05
I130R,0.000801085290353305
I130S,0.00041484358722505
I130T,0.000136265886835134
I130V,0.000233000714349495
I130W,0.000103478361163199
I130Y,0.000214630398547489
I131A,9.46420067267911E-05
I131C,2.13932791618299E-05
I131D,0.000221839003482454
I131E,8.37128315028127E-05
I131F,9.18515790100307E-05
I131G,0.000236488748995446
I131H,0.000100920469089502
I131K,0.000490417671220645
I131L,0.000116732892817811
I131M,0.00041623880108343
I131N,0.000112314715599607
I131P,0.000349501071524243
I131Q,0.000398333556567551
I131R,0.00024369735393041
I131S,0.000126731925469536
I131T,0.000133707994761437
I131V,8.766593743489E-05
I131W,0.000183703158020061
I131Y,0.000280205449891359
W132A,0.000282530806321993
W132C,0.000152775917492633
W132D,0.000129522353186296
W132E,0.00019881797481918
W132F,0.000220443789624074
W132G,0.000311365226061851
W132H,5.83664464089056E-05
W132I,0.00010626878887996
W132K,0.00032927047057773
W132L,8.60381879334464E-05
W132M,6.88305503467572E-05
W132N,0.000389729737774206
W132P,0.000442050257463464
W132Q,0.000289739411256957
W132R,5.85989820519689E-05
W132S,0.000299970979551746
W132T,0.000290902089472274
W132V,0.000288344197398577
W132Y,0.000255091600440516
V133A,0.000128592210614043
V133C,0.000272066702384141
V133D,0.000218583504479567
V133E,0.000149752954132809
V133F,5.72037681935887E-05
V133G,0.000345315429949103
V133H,0.000202306009465131
V133I,0.000233698321278686
V133K,0.000126731925469536
V133L,0.000206026579754145
V133M,5.90640533380957E-05
V133N,0.000181610337232491
V133P,0.000229745215346608
V133Q,6.20870166979195E-05
V133R,0.000207421793612525
V133S,8.39453671458761E-05
V133T,0.000144637169985415
V133W,0.000254161457868262
V133Y,0.00013324292347531
A134C,0.000376010134833467
A134D,0.000170681162008513
A134E,0.000173471589725273
A134F,0.000275787272673155
A134G,0.000253231315296009
A134H,0.000122313748251332
A134I,0.000164635235288865
A134K,0.000135568279905944
A134L,0.000142311813554782
A134M,9.81300413727416E-05
A134N,0.00010766400273834
A134P,0.000618312274905498
A134Q,0.000177657231300414
A134R,0.00011254725124267
A134S,7.81319760692919E-05
A134T,0.000189749084739709
A134V,0.000258114563800339
A134W,0.000122546283894395
A134Y,0.000127429532398726
T135A,1.88353870881329E-05
T135C,0.000402751733785755
T135D,0.000266485846950621
T135E,0.000163007485787421
T135F,0.000149985489775873
T135G,0.000153008453135697
T135H,0.000104641039378516
T135I,0.000275089665743965
T135K,0.000106036253236896
T135L,0.000153706060064887
T135M,0.00015603141649552
T135N,0.000126266854183409
T135P,0.00019463233324404
T135Q,9.06889007947138E-05
T135R,0.000128824746257106
T135S,0.000181145265946364
T135V,0.000110686966098164
T135W,0.00028160066374974
T135Y,0.000154868738280204
E136A,9.30142572253475E-05
E136C,0.000486697100931631
E136D,1.69751019436259E-05
E136F,4.99951632586243E-05
E136G,0.000296715480548859
E136H,0.000254161457868262
E136I,0.000279042771676043
E136K,0.000199283046105307
E136L,0.000301598729053189
E136M,0.000118825713605381
E136N,0.000140451528410275
E136P,0.000151613239277316
E136Q,8.62707235765098E-05
E136R,0.000139986457124148
E136S,0.000128592210614043
E136T,0.000220443789624074
E136V,0.000215560541119743
E136W,0.000297878158764175
E136Y,0.0001739366610114
G137A,0.000121848676965205
G137C,0.000130219960115487
G137D,0.000246952852933298
G137E,5.02276989016876E-05
G137F,8.81310087210168E-05
G137H,0.000101850611661756
G137I,0.000113244858171861
G137K,0.00012905728190017
G137L,0.000166495520433372
G137M,0.000105106110664643
G137N,3.95310593207727E-05
G137P,4.74372711849272E-05
G137Q,0.000166262984790309
G137R,0.000137196029407388
G137S,7.67367622109117E-05
G137T,5.81339107658422E-05
G137V,0.000294157588475161
G137W,0.000193469655028723
G137Y,0.000187888799595202
A138C,0.000220443789624074
A138D,4.6042057326547E-05
A138E,0.000178354838229604
A138F,6.95281572759473E-05
A138G,0.000254859064797452
A138H,4.62745929696104E-05
A138I,0.000175564410512843
A138K,0.000183005551090871
A138L,4.65071286126737E-05
A138M,7.09233711343275E-05
A138N,6.30171592701729E-05
A138P,0.00012835967497098
A138Q,0.00015533380956633
A138R,0.000101153004732565
A138S,0.000147892668988303
A138T,7.4411405780278E-06
A138V,5.90640533380957E-05
A138W,4.95300919724975E-05
A138Y,8.39453671458761E-05
L139A,9.88276483019317E-05
L139C,0.00019532994017323
L139D,0.000115337678959431
L139E,0.000309039869631217
L139F,0.000377172813048784
L139G,0.000135568279905944
L139H,0.000124639104681966
L139I,0.000415076122868113
L139K,5.76688394797154E-05
L139M,0.000276484879602345
L139N,0.000291599696401464
L139P,0.000117197964103938
L139Q,8.92936869363336E-05
L139R,0.000446003363395541
L139S,4.58095216834836E-05
L139T,0.00030299394291157
L139V,7.02257642051374E-05
L139W,0.000249045673720868
L139Y,0.000408565124862339
N140A,5.34831979045748E-05
N140C,4.27865583236598E-05
N140D,0.000290669553829211
N140E,0.000113477393814924
N140F,0.000164867770931928
N140G,0.000255789207369706
N140H,6.34822305562997E-05
N140I,4.99951632586243E-05
N140K,0.000298575765693365
N140L,5.18554484031312E-05
N140M,0.000138823778908831
N140P,4.62745929696104E-05
N140Q,0.000227419858915975
N140R,0.000225559573771468
N140S,0.000288111661755514
N140T,5.53434830490818E-05
N140V,0.000112082179956544
N140W,0.000266718382593684
N140Y,0.000127894603684853
T141A,0.000119290784891508
T141C,0.000238581569783016
T141D,9.78975057296782E-05
T141E,0.000206259115397208
T141F,0.000108594145310593
T141G,0.00024299974700122
T141H,0.000110919501741227
T141I,4.46468434681668E-05
T141K,0.000195562475816293
T141L,0.000147427597702176
T141M,0.000165797913504182
T141N,0.000148590275917493
T141P,8.39453671458761E-05
T141Q,0.000325317364645653
T141R,0.000204631365895764
T141S,9.09214364377772E-05
T141V,3.99961306068994E-05
T141W,0.000258347099443403
T141Y,8.99912938655237E-05
P142A,0.000156263952138584
P142C,0.000127662068041789
P142D,0.000158356772926154
P142E,0.000274857130100902
P142F,0.000164170164002738
P142G,0.000253928922225199
P142H,0.000142544349197845
P142I,0.00017323905408221
P142K,0.000108129074024466
P142L,0.000220443789624074
P142M,0.000150218025418936
P142N,0.000250208351936185
P142Q,0.000237651427210763
P142R,0.000191841905527279
P142S,0.000117663035390065
P142T,0.000104873575021579
P142V,0.00030299394291157
P142W,0.000108129074024466
P142Y,3.20899187427449E-05
K143A,6.34822305562997E-05
K143C,0.000121848676965205
K143D,9.74324344435515E-05
K143E,0.000191144298598089
K143F,5.85989820519689E-05
K143G,0.00017533187486978
K143H,6.97606929190106E-05
K143I,9.09214364377772E-05
K143L,7.92946542846087E-05
K143M,8.55731166473197E-05
K143N,6.51099800577433E-05
K143P,0.000117197964103938
K143Q,0.0001974227609608
K143R,7.34812632080245E-05
K143S,0.000139986457124148
K143T,0.000100920469089502
K143V,0.000139753921481085
K143W,7.58066196386582E-05
K143Y,0.000104408503735453
D144A,0.000251138494508438
D144C,0.000364383352680299
D144E,9.74324344435515E-05
D144F,5.46458761198917E-05
D144G,0.000243929889573474
D144H,9.46420067267911E-05
D144I,0.000125569247254219
D144K,0.000139056314551895
D144L,0.000180680194660238
D144M,0.000372522100187517
D144N,0.000183470622376998
D144P,4.95300919724975E-05
D144Q,0.000338804431943328
D144R,0.000289971946900021
D144S,4.92975563294342E-05
D144T,7.18535137065809E-05
D144V,0.000190214156025836
D144W,0.000240441854927523
D144Y,5.46458761198917E-05
H145A,0.000108129074024466
H145C,2.34860999494002E-05
H145D,0.000223001681697771
H145E,0.000205328972824955
H145F,8.74334017918266E-05
H145G,0.000237651427210763
H145I,6.74353364883769E-05
H145K,0.00026509063309224
H145L,0.000280903056820549
H145M,0.000206956722326398
H145N,0.000249045673720868
H145P,5.2320519689258E-05
H145Q,0.0001339405304045
H145R,0.000269741345953508
H145S,0.000183703158020061
H145T,0.000200910795606751
H145V,0.000127894603684853
H145W,0.000156729023424711
H145Y,0.000194864868887103
I146A,5.95291246242224E-05
I146C,0.000108826680953657
I146D,3.97635949638361E-05
I146E,0.000210909828258475
I146F,9.30142572253475E-05
I146G,0.000356244605173081
I146H,5.4878411762955E-05
I146K,7.8829582998482E-05
I146L,0.000103245825520136
I146M,0.000168123269934816
I146N,4.6042057326547E-05
I146P,0.00017533187486978
I146Q,0.000215793076762806
I146R,0.000145799848200732
I146S,0.000145102241271542
I146T,0.000219281111408757
I146V,0.000344385287376849
I146W,0.000114872607673304
I146Y,6.04592671964759E-05
G147A,0.000125104175968092
G147C,5.95291246242224E-05
G147D,5.81339107658422E-05
G147E,1.81377801589428E-05
G147F,0.000159984522427598
G147H,0.000118360642319255
G147I,0.000109524287882847
G147K,0.000165797913504182
G147L,0.000166728056076435
G147M,0.000108129074024466
G147N,0.000161844807572105
G147P,4.88324850433074E-05
G147Q,0.000200678259963687
G147R,0.000217885897550377
G147S,6.25520879840462E-05
G147T,0.000131615173973867
G147V,0.000100687933446439
G147W,0.000246022710361044
G147Y,3.18573830996815E-05
T148A,0.000126731925469536
T148C,5.44133404768283E-05
T148D,7.74343691401018E-05
T148E,8.18525463583058E-05
T148F,6.27846236271096E-05
T148G,7.37137988510879E-05
T148H,0.000240441854927523
T148I,5.27855909753847E-05
T148K,6.30171592701729E-05
T148L,8.23176176444325E-05
T148M,0.00026299781230467
T148N,0.000101385540375629
T148P,0.00013045249575855
T148Q,7.48764770664047E-05
T148R,5.55760186921451E-05
T148S,7.58066196386582E-05
T148V,0.000195097404530166
T148W,6.74353364883769E-05
T148Y,8.72008661487633E-05
R149A,0.000114640072030241
R149C,5.58085543352085E-05
R149D,0.000170913697651576
R149E,8.0689868142989E-05
R149F,0.000129522353186296
R149G,0.000169053412507069
R149H,0.000182075408518618
R149I,8.30152245736226E-05
R149K,0.000107198931452213
R149L,0.000237883962853826
R149M,0.000202771080751258
R149N,4.90650206863708E-05
R149P,0.000131382638330803
R149Q,0.000120918534392952
R149S,3.62755603178855E-05
R149T,0.000517159270172932
R149V,0.000156961559067774
R149W,9.32467928684109E-05
R149Y,6.95281572759473E-05
N150A,0.000103245825520136
N150C,3.46478108164419E-05
N150D,0.000208817007470905
N150E,0.000269276274667381
N150F,0.000192074441170343
N150G,8.72008661487633E-05
N150H,0.000275787272673155
N150I,0.000125336711611156
N150K,0.000124639104681966
N150L,0.000233930856921749
N150M,0.000130917567044677
N150P,8.37128315028128E-06
N150Q,0.000170913697651576
N150R,4.83674137571807E-05
N150S,0.000265323168735304
N150T,0.000110686966098164
N150V,0.000153473524421823
N150W,0.000194864868887103
N150Y,0.000174866803583653
P151A,0.000180912730303301
P151C,0.000189749084739709
P151D,7.41788701372146E-05
P151E,0.000139753921481085
P151F,0.000137428565050451
P151G,0.000170681162008513
P151H,0.000198585439176117
P151I,7.13884424204542E-05
P151K,0.000166030449147245
P151L,0.000174169196654463
P151M,9.58046849421079E-05
P151N,0.000127662068041789
P151Q,0.000211839970830729
P151R,0.000164402699645802
P151S,0.000254626529154389
P151T,0.00011184964431348
P151V,0.000301366193410126
P151W,0.000352524034884067
P151Y,0.000170913697651576
A152C,0.000167425663005625
A152D,5.34831979045748E-05
A152E,0.000119523320534572
A152F,0.000233930856921749
A152G,7.4411405780278E-05
A152H,8.99912938655237E-05
A152I,0.000100455397803375
A152K,2.69741345953508E-05
A152L,0.000144172098699289
A152M,2.88344197398577E-05
A152N,9.58046849421079E-05
A152P,0.000239744247998333
A152Q,0.000148822811560556
A152R,4.04612018930262E-05
A152S,0.000116965428460874
A152T,0.000137893636336578
A152V,0.000192074441170343
A152W,0.000139753921481085
A152Y,0.000117663035390065
N153A,5.74363038366521E-05
N153C,9.46420067267911E-05
N153D,7.34812632080245E-05
N153E,2.16258148048933E-05
N153F,5.20879840461946E-05
N153G,8.20850820013692E-05
N153H,5.81339107658422E-05
N153I,9.11539720808405E-05
N153K,0.000137196029407388
N153L,0.000208351936184778
N153M,0.000230675357918862
N153Q,0.000108129074024466
N153R,9.60372205851713E-05
N153S,8.02247968568622E-05
N153T,6.1156874125666E-05
N153V,0.00019881797481918
N153W,0.000136730958121261
N153Y,0.000274857130100902
N154A,0.000141149135339465
N154C,7.16209780635176E-05
N154D,0.000160449593713724
N154E,8.85960800071435E-05
N154F,9.34793285114742E-05
N154G,4.37167008959133E-05
N154H,0.000156263952138584
N154I,7.81319760692919E-05
N154K,0.000151613239277316
N154L,0.000110221894812037
N154M,0.000120453463106825
N154P,0.000203701223323511
N154Q,0.000203701223323511
N154R,0.000283228413251183
N154S,0.000293925052832098
N154T,0.000121151070036015
N154V,9.69673631574248E-05
N154W,0.000217188290621186
N154Y,8.58056522903831E-05
A155C,9.76649700866149E-05
A155D,0.000142544349197845
A155E,0.00025950977765872
A155F,0.000186726121379885
A155G,0.000117197964103938
A155H,0.000124639104681966
A155I,0.000104175968092389
A155K,0.000149287882846683
A155L,0.000184865836235378
A155M,0.000104175968092389
A155N,9.76649700866149E-05
A155P,7.18535137065809E-05
A155Q,0.000247417924219424
A155R,0.000152775917492633
A155S,8.23176176444325E-05
A155T,1.16267821531684E-05
A155V,0.000192074441170343
A155W,0.000158589308569217
A155Y,0.00021951364705182
A156C,0.000128592210614043
A156D,0.000219978718337947
A156E,0.000166030449147245
A156F,0.000136730958121261
A156G,0.000209049543113969
A156H,3.39502038872518E-05
A156I,0.000209282078757032
A156K,0.000358337425960651
A156L,0.000251836101437628
A156M,0.000198585439176117
A156N,0.00015393859570795
A156P,0.000146497455129922
A156Q,0.000237651427210763
A156R,3.7205702890139E-05
A156S,0.000157194094710837
A156T,7.76669047831652E-05
A156V,0.000339502038872518
A156W,0.00030299394291157
A156Y,0.000124871640325029
I157A,0.000140684064053338
I157C,0.000195562475816293
I157D,0.000218583504479567
I157E,0.000350896285382623
I157F,0.000116732892817811
I157G,3.53454177456321E-05
I157H,0.000145102241271542
I157K,0.000203933758966574
I157L,7.6271690924785E-05
I157M,0.000205096437181891
I157N,0.000116732892817811
I157P,1.53473524421823E-05
I157Q,7.78994404262285E-05
I157R,0.00010975682352591
I157S,0.000193004583742596
I157T,0.000148822811560556
I157V,0.000100920469089502
I157W,0.000258114563800339
I157Y,0.000307412120129773
V158A,8.44104384320029E-05
V158C,0.000226024645057594
V158D,0.000160914664999851
V158E,0.000120918534392952
V158F,7.85970473554186E-05
V158G,6.09243384826026E-05
V158H,0.000119523320534572
V158I,0.000147660133345239
V158K,0.000115105143316368
V158L,7.60391552817216E-05
V158M,5.11578414739411E-05
V158N,0.000176262017442034
V158P,0.000382288597196178
V158Q,9.27817215822841E-05
V158R,8.20850820013692E-05
V158S,4.69721998988005E-05
V158T,0.000153706060064887
V158W,0.000167658198648689
V158Y,0.000505765023662827
L159A,9.23166502961574E-05
L159C,0.000438097151531387
L159D,0.000136265886835134
L159E,9.16190433669673E-05
L159F,0.000183005551090871
L159G,0.000252068637080692
L159H,5.55760186921451E-05
L159I,0.000259044706372593
L159K,0.000226722251986785
L159M,0.000137196029407388
L159N,2.79042771676042E-05
L159P,2.09282078757032E-05
L159Q,0.000118593177962318
L159R,0.000192772048099533
L159S,0.000175564410512843
L159T,5.74363038366521E-05
L159V,0.000156496487781647
L159W,0.000123476426466649
L159Y,0.000215328005476679
Q160A,0.000624590737268208
Q160C,0.000112082179956544
Q160D,0.000213467720332173
Q160E,0.000160682129356788
Q160F,0.000190446691668899
Q160G,9.58046849421079E-05
Q160H,0.000100687933446439
Q160I,0.000229512679703545
Q160K,8.25501532874959E-05
Q160L,0.00045693253861952
Q160M,0.00024020931928446
Q160N,0.000259742313301783
Q160P,0.000244394960859601
Q160R,0.000113942465101051
Q160S,0.000131615173973867
Q160T,7.30161919218978E-05
Q160V,0.000408332589219276
Q160W,0.000175099339226717
Q160Y,0.000161612271929041
L161A,0.000158356772926154
L161C,1.90679227311962E-05
L161D,8.60381879334464E-05
L161E,4.7902342471054E-05
L161F,0.00025950977765872
L161G,0.000118128106676191
L161H,0.000119755856177635
L161I,0.000194167261957913
L161K,0.000138823778908831
L161M,0.000297645623121112
L161N,3.44152751733786E-05
L161P,7.65042265678483E-05
L161Q,0.000203701223323511
L161R,7.83645117123553E-05
L161S,0.000138358707622704
L161T,0.000113709929457987
L161V,0.000259742313301783
L161W,0.000193004583742596
L161Y,6.30171592701729E-05
P162A,9.81300413727416E-05
P162C,9.27817215822841E-05
P162D,0.000285553769681817
P162E,0.000140451528410275
P162F,0.000217885897550377
P162G,0.000146264919486859
P162H,0.000246720317290234
P162I,0.000184865836235378
P162K,0.000255091600440516
P162L,7.37137988510879E-05
P162M,2.18583504479567E-05
P162N,6.06918028395392E-05
P162Q,7.04582998482007E-05
P162R,0.000152775917492633
P162S,0.000112082179956544
P162T,0.000221373932196327
P162V,0.000113709929457987
P162W,0.000128824746257106
P162Y,0.000112314715599607
Q163A,0.000195097404530166
Q163C,8.88286156502069E-05
Q163D,9.3944399797601E-05
Q163E,0.000190214156025836
Q163F,9.25491859392208E-05
Q163G,0.000150218025418936
Q163H,0.000126499389826473
Q163I,7.46439414233414E-05
Q163K,0.000101618076018692
Q163L,0.000185795978807632
Q163M,3.9065988034646E-05
Q163N,8.65032592195732E-05
Q163P,8.58056522903831E-05
Q163R,0.000152775917492633
Q163S,0.000186726121379885
Q163T,2.209088609102E-05
Q163V,0.000110686966098164
Q163W,0.000384148882340685
Q163Y,0.000126499389826473
G164A,0.000262067669732417
G164C,6.97606929190106E-05
G164D,0.000119290784891508
G164E,9.13865077239039E-05
G164F,0.000368568994255439
G164H,2.62765276661607E-05
G164I,0.000266718382593684
G164K,0.000214397862904426
G164L,0.000232070571777242
G164M,6.04592671964759E-05
G164N,0.000112314715599607
G164P,0.000160914664999851
G164Q,0.000154868738280204
G164R,0.000249975816293121
G164S,0.000143009420483972
G164T,0.000150683096705063
G164V,0.000178354838229604
G164W,0.000102780754234009
G164Y,0.000183935693663125
T165A,7.13884424204542E-05
T165C,0.000122546283894395
T165D,0.000340897252730899
T165E,0.000226024645057594
T165F,0.000423679941661458
T165G,0.00010905921659672
T165H,0.000226257180700658
T165I,0.000246022710361044
T165K,0.000392985236777093
T165L,0.000201143331249814
T165M,0.000111384573027354
T165N,0.000126731925469536
T165P,4.76698068279906E-05
T165Q,0.000225094502485341
T165R,0.000138126171979641
T165S,1.11617108670417E-05
T165V,0.000252301172723755
T165W,0.000181145265946364
T165Y,0.00013045249575855
T166A,2.81368128106676E-05
T166C,0.000327642721076287
T166D,7.53415483525315E-05
T166E,0.000119755856177635
T166F,0.000128127139327916
T166G,0.000188121335238265
T166H,8.09224037860523E-05
T166I,0.00015463620263714
T166K,0.000106733860166086
T166L,0.000141846742268655
T166M,0.000278112629103789
T166N,0.000126034318540346
T166P,0.00011115203738429
T166Q,0.00013324292347531
T166R,6.25520879840462E-05
T166S,0.000288576733041641
T166V,0.000152310846206507
T166W,0.00017463426794059
T166Y,0.000386939310057446
L167A,0.000138823778908831
L167C,0.000118825713605381
L167D,0.000189516549096646
L167E,2.30210286632735E-05
L167F,0.000115802750245558
L167G,0.000129522353186296
L167H,0.00015603141649552
L167I,9.74324344435515E-05
L167K,0.000131382638330803
L167M,0.000116500357174748
L167N,0.000191841905527279
L167P,6.69702652022502E-05
L167Q,0.00026160259844629
L167R,0.000151380703634253
L167S,0.000196260082745483
L167T,6.30171592701729E-05
L167V,0.000122546283894395
L167W,0.000114872607673304
L167Y,0.000110919501741227
P168A,0.000200678259963687
P168C,0.000258579635086466
P168D,0.000219978718337947
P168E,0.000114872607673304
P168F,0.000124406569038902
P168G,0.000104175968092389
P168H,0.000231372964848052
P168I,7.11559067773908E-05
P168K,0.000215560541119743
P168L,0.000109989359168973
P168M,0.000166960591719499
P168N,0.000131382638330803
P168Q,0.000144869705628479
P168R,0.000147892668988303
P168S,0.000119290784891508
P168T,0.000109989359168973
P168V,0.000275322201387029
P168W,0.000190679227311962
P168Y,0.000230907893561925
K169A,7.20860493496443E-05
K169C,0.000126034318540346
K169D,4.72047355418639E-05
K169E,0.00021742082626425
K169F,0.000104175968092389
K169G,0.00025950977765872
K169H,0.000276252343959282
K169I,0.000158821844212281
K169L,0.00017323905408221
K169M,0.000180680194660238
K169N,5.02276989016876E-05
K169P,0.000120918534392952
K169Q,9.60372205851713E-05
K169R,0.000168355805577879
K169S,7.58066196386582E-05
K169T,7.67367622109117E-05
K169V,0.000181610337232491
K169W,0.000178354838229604
K169Y,0.000360895318034348
G170A,8.90611512932702E-05
G170C,9.3944399797601E-05
G170D,0.000161844807572105
G170E,0.000152775917492633
G170F,8.60381879334464E-05
G170H,0.000157891701640027
G170I,8.99912938655237E-05
G170K,0.00028299587760812
G170L,0.000116732892817811
G170M,6.92956216328839E-05
G170N,0.000188818942167455
G170P,9.30142572253475E-05
G170Q,0.000118593177962318
G170R,1.16267821531684E-05
G170S,0.000133475459118374
G170T,0.000244162425216537
G170V,8.30152245736226E-05
G170W,8.58056522903831E-05
G170Y,0.000107896538381403
F171A,8.09224037860523E-05
F171C,0.000138358707622704
F171D,0.000139521385838021
F171E,9.46420067267911E-05
F171G,9.97577908741852E-05
F171H,0.000141381670982528
F171I,0.000351593892311814
F171K,0.000173471589725273
F171L,0.000159751986784534
F171M,0.000104408503735453
F171N,5.37157335476382E-05
F171P,6.85980147036938E-05
F171Q,1.97655296603863E-05
F171R,6.62726582730601E-05
F171S,0.00015603141649552
F171T,0.000277182486531536
F171V,0.000321829329999702
F171W,0.000430190939667232
F171Y,0.000104408503735453
Y172A,0.000190446691668899
Y172C,0.000228117465845165
Y172D,4.02286662499628E-05
Y172E,0.000124871640325029
Y172F,4.95300919724975E-05
Y172G,7.81319760692919E-05
Y172H,0.00015603141649552
Y172I,0.000116035285888621
Y172K,0.000103013289877072
Y172L,9.69673631574248E-05
Y172M,0.000143939563056225
Y172N,0.0001104544304551
Y172P,0.000222536610411644
Y172Q,0.000127196996755663
Y172R,5.4878411762955E-05
Y172S,0.000227652394559038
Y172T,4.76698068279906E-05
Y172V,0.000214862934190553
Y172W,0.000232070571777242
A173C,7.18535137065809E-05
A173D,0.000119058249248445
A173E,0.000169285948150132
A173F,7.18535137065809E-05
A173G,9.2084114653094E-05
A173H,0.000211374899544602
A173I,0.000185098371878442
A173K,5.32506622615114E-05
A173L,0.000153706060064887
A173M,0.000195562475816293
A173N,0.000420656978301634
A173P,0.000127196996755663
A173Q,0.000112779786885734
A173R,0.00010626878887996
A173S,0.000426935440664345
A173T,9.76649700866149E-05
A173V,1.88353870881329E-05
A173W,8.0689868142989E-05
A173Y,0.000154403666994077
E174A,3.86009167485192E-05
E174C,0.000131382638330803
E174D,0.000155798880852457
E174F,0.000186028514450695
E174G,0.000114175000744114
E174H,9.53396136559812E-05
E174I,7.34812632080245E-05
E174K,0.000110221894812037
E174L,0.000110686966098164
E174M,0.000283460948894247
E174N,0.000106036253236896
E174P,0.000113942465101051
E174Q,8.9526222579397E-05
E174R,6.69702652022502E-05
E174S,0.000107431467095276
E174T,0.00010905921659672
E174V,0.000106501324523023
E174W,0.0001974227609608
E174Y,0.00021811843319344
G175A,1.93004583742596E-05
G175C,0.00017323905408221
G175D,7.02257642051374E-05
G175E,0.000132080245259993
G175F,0.000129987424472423
G175H,7.09233711343275E-05
G175I,0.000153473524421823
G175K,0.000247882995505551
G175L,0.00017533187486978
G175M,5.83664464089056E-05
G175N,7.65042265678483E-05
G175P,3.95310593207727E-05
G175Q,0.000110221894812037
G175R,3.34851326011251E-05
G175S,3.0927240527428E-05
G175T,0.000107198931452213
G175V,7.37137988510879E-05
G175W,0.000104873575021579
G175Y,0.00011254725124267
S176A,5.55760186921451E-05
S176C,4.18564157514064E-05
S176D,0.00026299781230467
S176E,9.62697562282347E-05
S176F,0.000365546030895616
S176G,0.000129987424472423
S176H,4.69721998988005E-05
S176I,6.51099800577433E-05
S176K,9.99903265172486E-05
S176L,2.16258148048933E-05
S176M,9.90601839449951E-05
S176N,0.000202771080751258
S176P,5.11578414739411E-06
S176Q,3.11597761704914E-05
S176R,0.000108129074024466
S176T,9.99903265172486E-05
S176V,0.000114175000744114
S176W,0.000124406569038902
S176Y,0.00015184577492038
R177A,4.23214870375331E-05
R177C,0.000259044706372593
R177D,0.000143241956127035
R177E,0.000209514614400095
R177F,0.000171146233294639
R177G,0.000110221894812037
R177H,0.000174401732297527
R177I,4.46468434681668E-05
R177K,0.000244627496502664
R177L,0.000155101273923267
R177M,0.000103478361163199
R177N,2.02306009465131E-05
R177P,0.000282065735035866
R177Q,0.000234395928207876
R177S,0.000118360642319255
R177T,9.3944399797601E-05
R177V,0.000216955754978123
R177W,0.00012835967497098
R177Y,0.000124174033395839
G178A,0.000119988391820698
G178C,0.000167425663005625
G178D,7.13884424204542E-05
G178E,3.04621692413013E-05
G178F,0.000189749084739709
G178H,4.81348781141173E-05
G178I,0.000340897252730899
G178K,3.67406316040123E-05
G178L,8.18525463583058E-05
G178M,0.000139753921481085
G178N,0.000121151070036015
G178P,9.88276483019317E-05
G178Q,0.000216955754978123
G178R,0.000234860999494002
G178S,0.000130917567044677
G178T,6.97606929190106E-05
G178V,0.000196957689674673
G178W,5.81339107658422E-05
G178Y,5.51109474060184E-05
G179A,0.000131615173973867
G179C,0.000115105143316368
G179D,0.000179750052087984
G179E,0.000112779786885734
G179F,7.74343691401018E-05
G179H,9.25491859392208E-05
G179I,4.348416525285E-05
G179K,0.000155798880852457
G179L,9.11539720808405E-05
G179M,0.00011184964431348
G179N,0.000177889766943477
G179P,4.18564157514064E-05
G179Q,6.79004077745037E-05
G179R,8.48755097181296E-05
G179S,0.00037414984968896
G179T,0.000105106110664643
G179V,0.000140684064053338
G179W,5.79013751227788E-05
G179Y,7.34812632080245E-05
S180A,2.58114563800339E-05
S180C,6.90630859898205E-05
S180D,7.23185849927077E-05
S180E,0.000135103208619817
S180F,0.000102315682947882
S180G,6.95281572759473E-05
S180H,4.85999494002441E-05
S180I,4.06937375360895E-05
S180K,0.000185098371878442
S180L,0.000160682129356788
S180M,0.000209514614400095
S180N,3.20899187427449E-05
S180P,9.92927195880585E-05
S180Q,3.69731672470756E-05
S180R,5.76688394797154E-05
S180T,0.000155101273923267
S180V,4.55769860404203E-05
S180W,5.46458761198917E-05
S180Y,0.000125801782897282
Q181A,2.62765276661607E-05
Q181C,6.41798374854898E-05
Q181D,0.000102083147304819
Q181E,0.000129289817543233
Q181F,0.000144869705628479
Q181G,0.000162774950144358
Q181H,0.000111617108670417
Q181I,8.53405810042563E-05
Q181K,9.8362577015805E-05
Q181L,9.76649700866149E-05
Q181M,0.00017602948179897
Q181N,6.90630859898205E-05
Q181P,4.46468434681668E-05
Q181R,0.000167193127362562
Q181S,3.41827395303152E-05
Q181T,3.25549900288716E-06
Q181V,0.000105803717593833
Q181W,0.000187656263952139
Q181Y,9.48745423698544E-05
A182C,8.88286156502069E-05
A182D,0.00012975488882936
A182E,8.13874750721791E-05
A182F,6.39473018424264E-05
A182G,0.000180447659017174
A182H,7.60391552817216E-05
A182I,7.6271690924785E-05
A182K,0.000248580602434741
A182L,8.67357948626365E-05
A182M,0.000124174033395839
A182N,7.53415483525315E-05
A182P,3.02296335982379E-05
A182Q,0.000224629431199214
A182R,0.000170913697651576
A182S,2.6509063309224E-05
A182T,0.00010905921659672
A182V,4.20889513944697E-05
A182W,0.000180215123374111
A182Y,0.000102780754234009
S183A,2.97645623121112E-05
S183C,3.0927240527428E-05
S183D,0.000161379736285978
S183E,0.000146497455129922
S183F,3.55779533886954E-05
S183G,5.44133404768283E-05
S183H,0.000103943432449326
S183I,7.09233711343275E-05
S183K,3.67406316040123E-05
S183L,0.000147195062059112
S183M,7.72018334970384E-05
S183N,3.88334523915826E-05
S183P,0.000167890734291752
S183Q,7.81319760692919E-05
S183R,1.62774950144358E-05
S183T,0.000143707027413162
S183V,0.000142776884840908
S183W,1.0696639580915E-05
S183Y,1.9532994017323E-05
S184A,3.23224543858083E-05
S184C,5.11578414739411E-06
S184D,8.85960800071435E-05
S184E,2.23234217340834E-05
S184F,2.72066702384141E-05
S184G,5.55760186921451E-05
S184H,9.30142572253475E-05
S184I,2.44162425216537E-05
S184K,0.000109291752239783
S184L,7.58066196386582E-05
S184M,0.000105106110664643
S184N,8.16200107152424E-05
S184P,6.69702652022502E-05
S184Q,5.34831979045748E-05
S184R,9.37118641545376E-05
S184T,0.000137661100693514
S184V,0.000138823778908831
S184W,4.81348781141173E-05
S184Y,3.60430246748222E-05
R185A,4.74372711849272E-05
R185C,5.46458761198917E-05
R185D,2.8369348453731E-05
R185E,3.67406316040123E-05
R185F,6.97606929190106E-06
R185G,9.74324344435515E-05
R185H,4.46468434681668E-05
R185I,0.000114872607673304
R185K,2.79042771676042E-05
R185L,7.67367622109117E-05
R185M,0.000127429532398726
R185N,7.78994404262285E-05
R185P,1.9532994017323E-05
R185Q,0.00017254144715302
R185S,0.00015324098877876
R185T,9.78975057296782E-05
R185V,3.06947048843647E-05
R185W,4.85999494002441E-05
R185Y,3.39502038872518E-05
S186A,8.09224037860523E-05
S186C,0.000133475459118374
S186D,5.81339107658422E-05
S186E,0.000343920216090722
S186F,0.000100687933446439
S186G,4.39492365389767E-05
S186H,5.11578414739411E-05
S186I,1.3254531654612E-05
S186K,0.000125104175968092
S186L,0.000161147200642915
S186M,4.23214870375331E-05
S186N,3.55779533886954E-05
S186P,0.000105338646307706
S186Q,9.78975057296782E-05
S186R,8.83635443640801E-05
S186T,0.00019951558174837
S186V,8.81310087210168E-05
S186W,4.04612018930262E-05
S186Y,0.000118593177962318
S187A,9.25491859392208E-05
S187C,0.000200910795606751
S187D,0.000109524287882847
S187E,9.37118641545376E-05
S187F,9.48745423698544E-05
S187G,9.99903265172486E-05
S187H,7.25511206357711E-05
S187I,0.000146962526416049
S187K,7.25511206357711E-05
S187L,0.000192306976813406
S187M,0.00010905921659672
S187N,7.34812632080245E-05
S187P,0.000105571181950769
S187Q,5.6738696907462E-05
S187R,0.00015324098877876
S187T,1.58124237283091E-05
S187V,4.32516296097866E-05
S187W,0.000365313495252552
S187Y,0.000127894603684853
S188A,2.67415989522874E-05
S188C,5.34831979045748E-05
S188D,1.41846742268655E-05
S188E,6.27846236271096E-05
S188F,2.27884930202101E-05
S188G,7.04582998482007E-05
S188H,8.65032592195732E-05
S188I,7.04582998482007E-05
S188K,6.02267315534125E-05
S188L,8.39453671458761E-05
S188M,6.85980147036938E-05
S188N,5.27855909753847E-05
S188P,8.20850820013692E-05
S188Q,3.11597761704914E-05
S188R,9.32467928684109E-05
S188T,0.000149055347203619
S188V,4.23214870375331E-05
S188W,4.13913444652796E-05
S188Y,5.97616602672858E-05
R189A,9.16190433669673E-05
R189C,0.000133010387832247
R189D,0.000190911762955026
R189E,3.95310593207727E-05
R189F,4.76698068279906E-05
R189G,7.16209780635176E-05
R189H,3.92985236777093E-05
R189I,0.000222071539125517
R189K,0.000141149135339465
R189L,0.000135568279905944
R189M,0.000113244858171861
R189N,9.02238295085871E-05
R189P,7.09233711343275E-05
R189Q,0.000143707027413162
R189S,7.48764770664047E-05
R189T,0.000195795011459356
R189V,0.000135103208619817
R189W,0.000102083147304819
R189Y,0.000227187323272911
S190A,0.000111617108670417
S190C,9.3944399797601E-05
S190D,0.000246255246004108
S190E,0.000164402699645802
S190F,3.39502038872518E-05
S190G,9.85951126588683E-05
S190H,5.65061612643986E-05
S190I,3.7205702890139E-05
S190K,5.58085543352085E-05
S190L,7.06908354912641E-05
S190M,1.74401732297527E-05
S190N,0.000132777852189184
S190P,3.34851326011251E-05
S190Q,0.000147195062059112
S190R,7.23185849927077E-05
S190T,5.46458761198917E-05
S190V,5.9296588981159E-05
S190W,6.92956216328839E-05
S190Y,5.76688394797154E-05
R191A,7.04582998482007E-05
R191C,0.000112314715599607
R191D,0.000242767211358157
R191E,0.000183238086733935
R191F,6.09243384826026E-05
R191G,6.557505134387E-05
R191H,0.000199748117391434
R191I,0.000155566345209394
R191K,5.13903771170045E-05
R191L,9.44094710837277E-05
R191M,7.25511206357711E-05
R191N,0.000126266854183409
R191P,5.06927701878144E-05
R191Q,0.000205794044111081
R191S,0.000208584471827842
R191T,0.000164170164002738
R191V,0.000162542414501295
R191W,0.000102548218590946
R191Y,0.000211839970830729
N192A,0.000161612271929041
N192C,8.39453671458761E-05
N192D,0.000179517516444921
N192E,0.000138358707622704
N192F,0.000200213188677561
N192G,0.000248580602434741
N192H,2.74392058814775E-05
N192I,0.00037414984968896
N192K,0.000159751986784534
N192L,0.000311597761704914
N192M,8.37128315028127E-05
N192P,0.00021951364705182
N192Q,0.00011254725124267
N192R,0.000118128106676191
N192S,0.00013184770961693
N192T,0.000154403666994077
N192V,6.02267315534125E-05
N192W,0.000161844807572105
N192Y,9.09214364377772E-05
S193A,0.000182075408518618
S193C,0.000170681162008513
S193D,0.000274159523171712
S193E,0.000309504940917344
S193F,2.8369348453731E-05
S193G,0.000111384573027354
S193H,3.95310593207727E-05
S193I,0.000138823778908831
S193K,4.90650206863708E-05
S193L,0.00015184577492038
S193M,3.41827395303152E-05
S193N,3.7205702890139E-05
S193P,5.97616602672858E-05
S193Q,8.34802958597494E-05
S193R,8.78984730779534E-05
S193T,0.000235326070780129
S193V,0.000456002396047266
S193W,6.04592671964759E-05
S193Y,4.30190939667232E-05
S194A,0.000197190225317737
S194C,0.000104641039378516
S194D,2.37186355924636E-05
S194E,0.000115802750245558
S194F,0.000163472557073548
S194H,4.32516296097866E-05
S194I,1.67425663005626E-05
S194K,4.13913444652796E-05
S194L,2.86018840967944E-05
S194M,0.000122778819537459
S194N,0.000130219960115487
S194P,4.92975563294342E-05
S194Q,6.39473018424264E-05
S194R,0.000129522353186296
S194T,0.000131615173973867
S194V,0.000115337678959431
S194W,6.76678721314403E-05
S194Y,9.51070780129178E-05
R195A,0.000155101273923267
R195C,7.53415483525315E-05
R195D,0.000133707994761437
R195E,0.000164170164002738
R195F,0.000166262984790309
R195G,0.000123941497752776
R195H,0.000146032383843796
R195I,5.02276989016876E-05
R195K,0.000142776884840908
R195L,0.000205096437181891
R195N,0.000111384573027354
R195P,0.000162309878858231
R195Q,0.000146264919486859
R195S,0.000224396895556151
R195T,0.000117430499747001
R195V,0.000388799595201953
R195Y,9.13865077239039E-05
N196A,0.000180680194660238
N196C,1.67425663005626E-05
N196D,0.000174401732297527
N196E,0.000124871640325029
N196F,0.000192306976813406
N196G,0.000166030449147245
N196H,0.000170681162008513
N196I,0.000118825713605381
N196K,0.000160449593713724
N196L,1.97655296603863E-05
N196M,8.81310087210168E-05
N196P,0.00013045249575855
N196Q,8.83635443640801E-05
N196R,0.000146962526416049
N196S,0.000141381670982528
N196T,0.000106733860166086
N196V,7.27836562788344E-05
N196W,7.16209780635176E-05
N196Y,0.000108129074024466
S197A,0.000128824746257106
S197C,0.000126731925469536
S197D,9.25491859392208E-05
S197E,0.000227187323272911
S197F,1.48822811560556E-05
S197G,0.000354616855671637
S197H,0.00010905921659672
S197I,4.88324850433074E-05
S197K,0.000134870672976754
S197L,9.92927195880585E-05
S197M,7.55740839955948E-05
S197N,3.60430246748222E-05
S197P,0.000220676325267137
S197Q,9.34793285114742E-05
S197R,0.000208817007470905
S197T,7.51090127094681E-05
S197V,0.000293459981545971
S197W,0.000142776884840908
S197Y,0.000231140429204989
T198A,3.69731672470756E-05
T198C,5.60410899782719E-05
T198D,7.92946542846087E-05
T198E,7.99922612137989E-05
T198F,7.67367622109117E-06
T198G,9.92927195880585E-05
T198H,5.37157335476382E-05
T198I,1.62774950144358E-05
T198K,0.000139521385838021
T198L,4.67396642557371E-05
T198M,6.20870166979195E-05
T198N,2.209088609102E-05
T198P,3.44152751733786E-05
T198Q,6.3714766199363E-05
T198R,8.99912938655237E-05
T198S,0.000123708962109712
T198V,5.18554484031312E-05
T198W,0.000124871640325029
T198Y,7.6271690924785E-05
P199A,0.000141846742268655
P199C,9.62697562282347E-05
P199D,9.06889007947138E-06
P199E,0.000160914664999851
P199F,1.79052445158794E-05
P199G,0.000108129074024466
P199H,4.46468434681668E-05
P199I,0.000116035285888621
P199K,0.000137428565050451
P199L,8.41779027889395E-05
P199M,6.1156874125666E-05
P199N,4.99951632586243E-05
P199Q,0.000124871640325029
P199R,0.000117663035390065
P199S,0.000143707027413162
P199T,0.000149287882846683
P199V,7.25511206357711E-05
P199W,0.00015533380956633
P199Y,0.000119988391820698
G200A,9.88276483019317E-05
G200C,0.000204631365895764
G200D,7.99922612137989E-05
G200E,6.85980147036938E-05
G200F,0.000282065735035866
G200H,0.000148125204631366
G200I,0.000318806366639879
G200K,0.000408565124862339
G200L,0.000154171131351013
G200M,0.000100920469089502
G200N,0.000201840938179004
G200P,0.000138126171979641
G200Q,8.30152245736226E-05
G200R,0.000140218992767211
G200S,0.000188818942167455
G200T,1.18593177962318E-05
G200V,0.000180680194660238
G200W,6.9993228562074E-05
G200Y,7.90621186415454E-05
S201A,3.7205702890139E-05
S201C,0.000187888799595202
S201D,0.000197887832246927
S201E,0.000227884930202101
S201F,4.1623880108343E-05
S201G,0.000272531773670268
S201H,0.000135103208619817
S201I,2.60439920230973E-05
S201K,2.92994910259845E-05
S201L,0.000145567312557669
S201M,0.000226954787629848
S201N,6.79004077745037E-05
S201P,9.18515790100307E-05
S201Q,0.000127662068041789
S201R,6.25520879840462E-05
S201T,0.000107198931452213
S201V,0.000129522353186296
S201W,0.000188353870881329
S201Y,3.76707741762657E-05
S202A,0.000100687933446439
S202C,3.95310593207727E-06
S202D,0.000155101273923267
S202E,0.000196492618388547
S202F,5.60410899782719E-05
S202G,6.79004077745037E-05
S202H,7.85970473554186E-05
S202I,5.27855909753847E-05
S202K,6.04592671964759E-05
S202L,9.46420067267911E-05
S202M,3.53454177456321E-05
S202N,0.000152775917492633
S202P,4.62745929696104E-05
S202Q,0.000150450561062
S202R,0.000125801782897282
S202T,0.000146962526416049
S202V,6.58075869869334E-05
S202W,0.000199283046105307
S202Y,4.06937375360895E-05
R203A,5.41808048337649E-05
R203C,9.67348275143614E-05
R203D,0.000123476426466649
R203E,6.72028008453136E-05
R203F,5.79013751227788E-05
R203G,0.000328805399291603
R203H,7.30161919218978E-05
R203I,7.13884424204542E-05
R203K,0.000137196029407388
R203L,8.18525463583058E-05
R203M,0.000117663035390065
R203N,0.00010975682352591
R203P,8.27826889305593E-05
R203Q,6.74353364883769E-05
R203S,7.4411405780278E-05
R203T,8.23176176444325E-05
R203V,4.39492365389767E-05
R203W,0.000217885897550377
R203Y,7.34812632080245E-05
G204A,0.000147660133345239
G204C,7.25511206357711E-05
G204D,0.000113477393814924
G204E,0.000268346132095128
G204F,8.16200107152424E-05
G204H,0.000161844807572105
G204I,1.79052445158794E-05
G204K,7.85970473554186E-05
G204L,4.37167008959133E-05
G204M,0.000136033351192071
G204N,2.53463850939072E-05
G204P,9.2084114653094E-05
G204Q,0.000178819909515731
G204R,0.000263462883590797
G204S,0.000124174033395839
G204T,0.000134405601690627
G204V,9.67348275143614E-05
G204W,3.55779533886954E-05
G204Y,9.3944399797601E-05
T205A,0.000156496487781647
T205C,6.65051939161235E-05
T205D,0.00012835967497098
T205E,0.00010905921659672
T205F,0.000100687933446439
T205G,0.000102315682947882
T205H,0.000188818942167455
T205I,0.000125104175968092
T205K,3.62755603178855E-05
T205L,6.25520879840462E-05
T205M,1.11617108670417E-05
T205N,0.000100920469089502
T205P,0.000228582537131291
T205Q,0.000178587373872667
T205R,5.88315176950323E-05
T205S,0.000105106110664643
T205V,0.000173704125368336
T205W,0.000133475459118374
T205Y,0.000159751986784534
S206A,3.30200613149984E-05
S206C,0.000103943432449326
S206D,9.32467928684109E-05
S206E,2.32535643063369E-05
S206F,7.60391552817216E-05
S206G,2.58114563800339E-05
S206H,0.000144869705628479
S206I,6.8132943417567E-05
S206K,7.81319760692919E-05
S206L,7.65042265678483E-05
S206M,6.9993228562074E-05
S206N,2.95320266690478E-05
S206P,7.16209780635176E-05
S206Q,0.000150683096705063
S206R,7.8829582998482E-05
S206T,4.04612018930262E-05
S206V,0.000116732892817811
S206W,3.30200613149984E-05
S206Y,6.58075869869334E-05
P207A,4.85999494002441E-05
P207C,6.67377295591868E-05
P207D,4.67396642557371E-05
P207E,4.85999494002441E-05
P207F,2.76717415245409E-05
P207G,3.25549900288716E-05
P207H,0.00010766400273834
P207I,3.11597761704914E-05
P207K,4.41817721820401E-05
P207L,2.30210286632735E-05
P207M,0.000153008453135697
P207N,3.48803464595053E-05
P207Q,3.81358454623925E-05
P207R,2.76717415245409E-05
P207S,3.88334523915826E-05
P207T,8.02247968568622E-05
P207V,8.58056522903831E-05
P207W,0.0001739366610114
P207Y,6.13894097687294E-05
A208C,0.000304621692413013
A208D,5.37157335476382E-05
A208E,6.85980147036938E-05
A208F,0.00012905728190017
A208G,0.000110919501741227
A208H,2.06956722326398E-05
A208I,0.000108129074024466
A208K,5.95291246242224E-05
A208L,0.000200213188677561
A208M,0.000177192160014287
A208N,0.000166262984790309
A208P,8.16200107152424E-05
A208Q,0.000267415989522874
A208R,4.04612018930262E-05
A208S,6.23195523409828E-05
A208T,4.51119147542935E-05
A208V,9.60372205851713E-05
A208W,0.000113012322528797
A208Y,2.62765276661607E-05
R209A,0.000115802750245558
R209C,0.000130685031401613
R209D,8.58056522903831E-05
R209E,1.5114816799119E-05
R209F,0.000106501324523023
R209G,5.97616602672858E-05
R209H,5.99941959103491E-05
R209I,7.99922612137989E-05
R209K,0.000286251376611007
R209L,3.32525969580617E-05
R209M,0.000116035285888621
R209N,0.000113942465101051
R209P,0.000163705092716612
R209Q,7.25511206357711E-05
R209S,5.30181266184481E-05
R209T,8.58056522903831E-05
R209V,0.000118593177962318
R209W,6.30171592701729E-05
R209Y,0.000115570214602494
M210A,9.3944399797601E-05
M210C,7.48764770664047E-05
M210D,0.000104175968092389
M210E,0.000313225511206358
M210F,0.000143939563056225
M210G,7.6271690924785E-05
M210H,9.30142572253475E-05
M210I,0.000153008453135697
M210K,7.76669047831652E-05
M210L,3.58104890317588E-05
M210N,5.81339107658422E-05
M210P,9.13865077239039E-05
M210Q,6.27846236271096E-06
M210R,0.000159286915498408
M210S,7.16209780635176E-05
M210T,0.000104408503735453
M210V,9.71998988004881E-05
M210W,0.000329503006220793
M210Y,8.23176176444325E-05
A211C,0.000180447659017174
A211D,0.000163240021430485
A211E,3.83683811054558E-05
A211F,0.000122081212608269
A211G,8.5108045361193E-05
A211H,0.000428098118879662
A211I,0.000119523320534572
A211K,0.000146497455129922
A211L,8.37128315028127E-05
A211M,0.000166728056076435
A211N,0.000103710896806262
A211P,0.00017533187486978
A211Q,0.000275322201387029
A211R,9.18515790100307E-05
A211S,9.18515790100307E-05
A211T,0.000186028514450695
A211V,8.25501532874959E-05
A211W,0.000179052445158794
A211Y,0.00013324292347531
G212A,0.000101385540375629
G212C,0.000159519451141471
G212D,0.000219048575765693
G212E,4.44143078251034E-05
G212F,0.000289971946900021
G212H,0.000109989359168973
G212I,0.000146962526416049
G212K,0.000126731925469536
G212L,0.000114872607673304
G212M,0.000221373932196327
G212N,0.000259277242015656
G212P,0.000107431467095276
G212Q,0.00013045249575855
G212R,0.000163472557073548
G212S,4.32516296097866E-05
G212T,0.000257649492514213
G212V,0.00015184577492038
G212W,0.000193004583742596
G212Y,0.000107198931452213
N213A,0.00010905921659672
N213C,4.90650206863708E-05
N213D,0.000141846742268655
N213E,0.000271136559811888
N213F,0.000185098371878442
N213G,0.000123476426466649
N213H,0.000362523067535792
N213I,7.8829582998482E-05
N213K,0.00041693640801262
N213L,0.000200678259963687
N213M,0.000138823778908831
N213P,0.000147892668988303
N213Q,0.000114175000744114
N213R,6.62726582730601E-05
N213S,0.000118128106676191
N213T,0.000166030449147245
N213V,7.27836562788344E-05
N213W,0.000223699288626961
N213Y,0.000430423475310296
G214A,0.000177657231300414
G214C,0.000324154686430336
G214D,9.69673631574248E-05
G214E,0.000109291752239783
G214F,0.000398333556567551
G214H,0.000359500104175968
G214I,0.000487394707860821
G214K,8.02247968568622E-05
G214L,0.000402751733785755
G214M,0.000290204482543084
G214N,0.000190679227311962
G214P,0.00017323905408221
G214Q,0.000122546283894395
G214R,8.39453671458761E-05
G214S,0.000193237119385659
G214T,6.62726582730601E-05
G214V,0.000226257180700658
G214W,0.000342525002232342
G214Y,0.00017533187486978
G215A,0.000132312780903057
G215C,0.000150450561062
G215D,0.000102780754234009
G215E,0.000144869705628479
G215F,0.000126034318540346
G215H,9.58046849421079E-05
G215I,0.000132312780903057
G215K,0.000174169196654463
G215L,0.00017184384022383
G215M,0.00026230020537548
G215N,0.000125569247254219
G215P,0.000139986457124148
G215Q,4.92975563294342E-05
G215R,0.000359965175462095
G215S,0.00024299974700122
G215T,8.81310087210168E-05
G215V,0.000346013036878293
G215W,0.000240674390570587
G215Y,0.000190911762955026
D216A,0.000296948016191922
D216C,4.51119147542935E-05
D216E,0.000197887832246927
D216F,0.000284623627109563
D216G,0.00015463620263714
D216H,0.000190214156025836
D216I,0.000105571181950769
D216K,0.000215095469833616
D216L,0.000258579635086466
D216M,0.000456700002976456
D216N,8.23176176444325E-05
D216P,0.000209049543113969
D216Q,0.000142311813554782
D216R,0.000215095469833616
D216S,0.000181145265946364
D216T,0.000289739411256957
D216V,0.000267881060809001
D216W,0.000173006518439146
D216Y,0.000235326070780129
A217C,0.00045763014554871
A217D,0.000157194094710837
A217E,0.00017254144715302
A217F,0.000119755856177635
A217G,0.000282763341965056
A217H,8.58056522903831E-05
A217I,8.48755097181296E-05
A217K,0.000132777852189184
A217L,0.000162542414501295
A217M,0.000433446438670119
A217N,9.97577908741852E-05
A217Q,0.000172308911509956
A217R,0.000214165327261363
A217S,0.000255789207369706
A217T,9.44094710837277E-05
A217V,0.000226024645057594
A217W,0.000249278209363931
A217Y,0.00021951364705182
A218C,0.000114175000744114
A218D,7.20860493496443E-05
A218E,0.000211839970830729
A218F,0.00043902729410364
A218G,0.000186958657022948
A218H,0.000186493585736822
A218I,6.34822305562997E-05
A218K,0.000209282078757032
A218L,0.000120685998749888
A218M,7.72018334970384E-05
A218N,1.7672708872816E-05
A218P,0.000159751986784534
A218Q,0.000216490683691996
A218R,2.6509063309224E-05
A218S,0.000180912730303301
A218T,0.000289739411256957
A218V,0.000117663035390065
A218W,0.000332991040866744
A218Y,4.81348781141173E-05
L219A,0.000100920469089502
L219C,8.37128315028127E-05
L219D,9.13865077239039E-05
L219E,0.000177889766943477
L219F,0.000139056314551895
L219G,5.25530553323213E-05
L219H,4.76698068279906E-05
L219I,0.000188353870881329
L219K,0.000174169196654463
L219M,0.000155101273923267
L219N,9.90601839449951E-05
L219P,7.90621186415454E-05
L219Q,6.97606929190106E-05
L219R,0.000262765276661607
L219S,1.99980653034497E-05
L219T,3.88334523915826E-05
L219V,0.000203003616394321
L219W,0.000471349748489448
L219Y,0.000215560541119743
A220C,9.46420067267911E-05
A220D,9.51070780129178E-05
A220E,0.00022160646783939
A220F,0.000133010387832247
A220G,0.000121151070036015
A220H,0.000245557639074917
A220I,0.000269276274667381
A220K,0.000206026579754145
A220L,1.46497455129922E-05
A220M,0.000148590275917493
A220N,8.09224037860523E-05
A220P,0.000155566345209394
A220Q,0.00032508482900259
A220R,5.65061612643986E-05
A220S,0.000139521385838021
A220T,4.46468434681668E-05
A220V,0.000192074441170343
A220W,0.000268578667738191
A220Y,0.000162309878858231
L221A,0.000118593177962318
L221C,3.58104890317588E-05
L221D,0.00015603141649552
L221E,0.000167890734291752
L221F,0.00012835967497098
L221G,8.53405810042563E-05
L221H,0.000199980653034497
L221I,0.000194399797600976
L221K,0.000207421793612525
L221M,0.000116500357174748
L221N,3.37176682441885E-05
L221P,3.7205702890139E-05
L221Q,0.000164170164002738
L221R,0.00019602754710242
L221S,0.000137428565050451
L221T,0.000100222862160312
L221V,0.000205096437181891
L221W,0.000155566345209394
L221Y,8.72008661487633E-05
L222A,0.000140684064053338
L222C,0.000115337678959431
L222D,6.3714766199363E-05
L222E,0.000115802750245558
L222F,0.000124639104681966
L222G,0.000307412120129773
L222H,0.000112082179956544
L222I,0.000161612271929041
L222K,0.000254393993511325
L222M,0.000265323168735304
L222N,0.000150915632348126
L222P,0.000140451528410275
L222Q,0.000145334776914605
L222R,0.000209514614400095
L222S,0.000103013289877072
L222T,0.000205328972824955
L222V,0.000167890734291752
L222W,0.000102315682947882
L222Y,0.00022021125398101
L223A,0.000134405601690627
L223C,9.48745423698544E-05
L223D,0.000110919501741227
L223E,4.81348781141173E-05
L223F,0.000150218025418936
L223G,0.000161844807572105
L223H,8.34802958597494E-05
L223I,9.69673631574248E-05
L223K,9.48745423698544E-05
L223M,5.16229127600679E-05
L223N,0.000188818942167455
L223P,0.000103013289877072
L223Q,0.000143939563056225
L223R,6.23195523409828E-05
L223S,8.53405810042563E-05
L223T,0.000258812170729529
L223V,6.3714766199363E-05
L223W,0.000204166294609638
L223Y,7.41788701372146E-05
L224A,0.000118825713605381
L224C,0.000207654329255588
L224D,8.9526222579397E-05
L224E,5.46458761198917E-05
L224F,0.000112779786885734
L224G,0.000180680194660238
L224H,4.88324850433074E-05
L224I,0.000100920469089502
L224K,9.13865077239039E-05
L224M,0.000162542414501295
L224N,7.41788701372146E-05
L224P,0.000103943432449326
L224Q,9.81300413727416E-05
L224R,0.000116035285888621
L224S,0.000122313748251332
L224T,3.86009167485192E-05
L224V,0.000301831264696253
L224W,0.000248115531148614
L224Y,0.000195097404530166
D225A,9.90601839449951E-05
D225C,0.000267415989522874
D225E,2.09282078757032E-06
D225F,0.000163007485787421
D225G,0.000234628463850939
D225H,9.2084114653094E-05
D225I,7.25511206357711E-05
D225K,0.000143009420483972
D225L,4.04612018930262E-05
D225M,0.000167890734291752
D225N,0.000178587373872667
D225P,0.000460885644551597
D225Q,0.000104873575021579
D225R,7.46439414233414E-05
D225S,0.000161147200642915
D225T,0.000121616141322142
D225V,0.00019812036788999
D225W,0.000143707027413162
D225Y,0.000172773982796083
R226A,7.32487275649612E-05
R226C,0.00013184770961693
R226D,2.51138494508438E-05
R226E,0.000142311813554782
R226F,0.00015324098877876
R226G,6.41798374854898E-05
R226H,0.000267183453879811
R226I,0.000152078310563443
R226K,0.000242069604428967
R226L,0.000185563443164568
R226M,0.000124639104681966
R226N,3.20899187427449E-05
R226P,0.00017463426794059
R226Q,7.8829582998482E-05
R226S,0.000162542414501295
R226T,0.000151613239277316
R226V,0.000409495267434592
R226W,0.000266253311307557
R226Y,7.95271899276721E-05
L227A,0.000109291752239783
L227C,0.000145799848200732
L227D,0.000172308911509956
L227E,0.000108594145310593
L227F,0.000115337678959431
L227G,0.00015603141649552
L227H,7.90621186415454E-05
L227I,0.000204631365895764
L227K,0.000154868738280204
L227M,9.53396136559812E-05
L227N,5.46458761198917E-05
L227P,5.4878411762955E-05
L227Q,7.51090127094681E-05
L227R,3.2787525671935E-05
L227S,5.20879840461946E-05
L227T,4.37167008959133E-05
L227V,0.000259044706372593
L227W,0.000138823778908831
L227Y,3.25549900288716E-05
N228A,0.000204398830252701
N228C,7.60391552817216E-05
N228D,0.000101153004732565
N228E,0.000167425663005625
N228F,0.000173471589725273
N228G,0.000265555704378367
N228H,0.000161147200642915
N228I,0.000154171131351013
N228K,0.00017463426794059
N228L,0.00019602754710242
N228M,0.000258579635086466
N228P,0.000124639104681966
N228Q,0.000108129074024466
N228R,0.000356012069530018
N228S,0.000116732892817811
N228T,0.00011115203738429
N228V,0.000170448626365449
N228W,0.000162542414501295
N228Y,9.34793285114742E-05
Q229A,0.000187423728309075
Q229C,9.34793285114742E-05
Q229D,0.000154403666994077
Q229E,0.000287879126112451
Q229F,0.000344385287376849
Q229G,0.000152775917492633
Q229H,0.00019463233324404
Q229I,3.74382385332024E-05
Q229K,0.000370429279399946
Q229L,8.0689868142989E-05
Q229M,0.000167890734291752
Q229N,0.000143241956127035
Q229P,0.000103245825520136
Q229R,0.000127196996755663
Q229S,0.000168820876864006
Q229T,0.000310202547846534
Q229V,0.000152310846206507
Q229W,0.000270671488525761
Q229Y,5.88315176950323E-05
L230A,8.81310087210168E-05
L230C,9.48745423698544E-05
L230D,7.85970473554186E-05
L230E,9.60372205851713E-05
L230F,0.000188586406524392
L230G,0.000117663035390065
L230H,0.000298343230050302
L230I,0.000166262984790309
L230K,0.000167425663005625
L230M,0.000237651427210763
L230N,0.000113942465101051
L230P,5.02276989016876E-05
L230Q,0.000198352903533054
L230R,0.000159054379855344
L230S,0.000130219960115487
L230T,0.000109524287882847
L230V,0.000178819909515731
L230W,0.000140916599696401
L230Y,0.000152078310563443
E231A,0.000186726121379885
E231C,0.000444143078251034
E231D,9.25491859392208E-05
E231F,0.000198352903533054
E231G,0.00026160259844629
E231H,0.00015114816799119
E231I,0.000348338393308926
E231K,0.000228350001488228
E231L,0.000216955754978123
E231M,0.000169751019436259
E231N,0.000210909828258475
E231P,0.000183935693663125
E231Q,0.000296482944905795
E231R,0.000236256213352383
E231S,5.88315176950323E-05
E231T,0.000108129074024466
E231V,0.000157659165996964
E231W,0.000123476426466649
E231Y,0.00039414791499241
S232A,0.000170681162008513
S232C,0.000298808301336429
S232D,0.00017533187486978
S232E,2.46487781647171E-05
S232F,8.62707235765098E-05
S232G,0.000255324136083579
S232H,0.000206026579754145
S232I,7.8829582998482E-05
S232K,9.90601839449951E-05
S232L,0.000162077343215168
S232M,5.69712325505253E-05
S232N,0.000265323168735304
S232P,8.60381879334464E-05
S232Q,7.41788701372146E-05
S232R,7.13884424204542E-05
S232T,7.53415483525315E-05
S232V,0.000134638137333691
S232W,0.000234163392564812
S232Y,0.000124639104681966
K233A,0.000112314715599607
K233C,0.00010626878887996
K233D,7.90621186415454E-05
K233E,2.34860999494002E-05
K233F,0.000211142363901539
K233G,0.000173704125368336
K233H,0.000159519451141471
K233I,0.000169983555079323
K233L,0.000139288850194958
K233M,0.00015324098877876
K233N,7.16209780635176E-05
K233P,7.11559067773908E-05
K233Q,0.000147195062059112
K233R,0.000205096437181891
K233S,0.000127662068041789
K233T,0.000110221894812037
K233V,0.000187656263952139
K233W,0.000104408503735453
K233Y,0.000126731925469536
M234A,0.000188586406524392
M234C,0.000179284980801857
M234D,0.000167193127362562
M234E,0.000112082179956544
M234F,0.000103710896806262
M234G,0.000189051477810519
M234H,0.000204631365895764
M234I,0.000253463850939072
M234K,0.000296250409262732
M234L,6.02267315534125E-05
M234N,0.000189284013453582
M234P,0.000182307944161681
M234Q,7.92946542846087E-05
M234R,0.000214397862904426
M234S,0.000154171131351013
M234T,0.00017602948179897
M234V,0.000190911762955026
M234W,9.6502291871298E-05
M234Y,0.000283460948894247
S235A,0.000275787272673155
S235C,0.000229977750989672
S235D,0.00010626878887996
S235E,0.000190214156025836
S235F,0.000147892668988303
S235G,0.000100222862160312
S235H,0.000206259115397208
S235I,8.23176176444325E-05
S235K,0.000198352903533054
S235L,5.13903771170045E-05
S235M,0.000128824746257106
S235N,8.78984730779534E-05
S235P,0.000138358707622704
S235Q,0.000310900154775724
S235R,0.000147427597702176
S235T,0.000104408503735453
S235V,0.000103013289877072
S235W,8.60381879334464E-05
S235Y,0.000113012322528797
G236A,0.00013045249575855
G236C,0.000132080245259993
G236D,0.000218350968836503
G236E,9.74324344435515E-05
G236F,0.000158356772926154
G236H,0.000214397862904426
G236I,0.000135800815549007
G236K,0.000118360642319255
G236L,0.000222071539125517
G236M,2.74392058814775E-05
G236N,7.18535137065809E-05
G236P,5.20879840461946E-05
G236Q,0.000118128106676191
G236R,2.86018840967944E-05
G236S,0.000177889766943477
G236T,8.41779027889395E-05
G236V,6.92956216328839E-05
G236W,0.000307644655772837
G236Y,9.53396136559812E-06
K237A,0.000102315682947882
K237C,7.97597255707355E-05
K237D,0.000416703872369557
K237E,4.06937375360895E-05
K237F,0.000149985489775873
K237G,0.000189051477810519
K237H,0.000105338646307706
K237I,4.55769860404203E-05
K237L,6.39473018424264E-05
K237M,6.27846236271096E-05
K237N,0.000121383605679078
K237P,0.000137196029407388
K237Q,3.58104890317588E-05
K237R,8.46429740750662E-05
K237S,0.000282530806321993
K237T,6.62726582730601E-05
K237V,7.18535137065809E-05
K237W,0.000120685998749888
K237Y,8.39453671458761E-05
G238A,0.000187423728309075
G238C,6.3714766199363E-05
G238D,0.000114640072030241
G238E,0.000135103208619817
G238F,0.000107431467095276
G238H,3.0927240527428E-05
G238I,9.18515790100307E-05
G238K,0.000239744247998333
G238L,6.557505134387E-05
G238M,0.000281368128106676
G238N,0.000224164359913087
G238P,0.000170448626365449
G238Q,0.000230907893561925
G238R,0.00015254338184957
G238S,0.000166960591719499
G238T,0.000130685031401613
G238V,0.000173006518439146
G238W,0.0001339405304045
G238Y,6.48774444146799E-05
Q239A,8.48755097181296E-05
Q239C,0.000223466752983897
Q239D,0.00019812036788999
Q239E,0.000119755856177635
Q239F,0.000100687933446439
Q239G,0.000120685998749888
Q239H,0.000133010387832247
Q239I,6.48774444146799E-05
Q239K,6.90630859898205E-05
Q239L,6.8132943417567E-05
Q239M,0.000126731925469536
Q239N,0.00015603141649552
Q239P,9.55721492990446E-05
Q239R,7.72018334970384E-05
Q239S,0.000161612271929041
Q239T,7.32487275649612E-05
Q239V,0.000125569247254219
Q239W,4.55769860404203E-05
Q239Y,0.000137428565050451
Q240A,4.67396642557371E-05
Q240C,0.000189051477810519
Q240D,0.000201375866892877
Q240E,0.000175099339226717
Q240F,0.000264625561806114
Q240G,8.88286156502069E-05
Q240H,8.90611512932702E-05
Q240I,0.00012835967497098
Q240K,0.000405309625859452
Q240L,0.000150218025418936
Q240M,0.000164402699645802
Q240N,0.000197887832246927
Q240P,4.95300919724975E-05
Q240R,0.000239744247998333
Q240S,0.00017672708872816
Q240T,0.000148125204631366
Q240V,0.000182307944161681
Q240W,0.000106733860166086
Q240Y,0.000314155653778611
Q241A,0.000200213188677561
Q241C,0.000109291752239783
Q241D,6.23195523409828E-05
Q241E,0.000313923118135548
Q241F,0.000131382638330803
Q241G,0.000349501071524243
Q241H,0.000248115531148614
Q241I,4.90650206863708E-05
Q241K,0.000143939563056225
Q241L,4.27865583236598E-05
Q241M,3.23224543858083E-05
Q241N,0.000164402699645802
Q241P,0.000167890734291752
Q241R,8.0689868142989E-05
Q241S,4.6042057326547E-05
Q241T,4.90650206863708E-05
Q241V,0.000290902089472274
Q241W,8.65032592195732E-05
Q241Y,3.06947048843647E-05
Q242A,0.000107896538381403
Q242C,0.000189516549096646
Q242D,0.000136498422478197
Q242E,0.000158356772926154
Q242F,0.000225792109414531
Q242G,0.000360197711105158
Q242H,8.30152245736226E-05
Q242I,0.000129289817543233
Q242K,5.44133404768283E-05
Q242L,0.000144637169985415
Q242M,0.000136963493764324
Q242N,6.76678721314403E-05
Q242P,5.69712325505253E-05
Q242R,0.000143474491770099
Q242S,0.000147892668988303
Q242T,0.000125569247254219
Q242V,7.81319760692919E-05
Q242W,0.00028369348453731
Q242Y,9.62697562282347E-05
G243A,0.000200910795606751
G243C,0.00015114816799119
G243D,6.557505134387E-05
G243E,0.000162077343215168
G243F,0.000145102241271542
G243H,0.000211374899544602
G243I,0.000221839003482454
G243K,5.74363038366521E-05
G243L,0.000136498422478197
G243M,0.00019463233324404
G243N,5.11578414739411E-05
G243P,0.000179052445158794
G243Q,8.92936869363336E-05
G243R,0.000183470622376998
G243S,3.76707741762657E-05
G243T,8.46429740750662E-05
G243V,0.000134173066047564
G243W,0.000116965428460874
G243Y,7.48764770664047E-05
Q244A,0.000193469655028723
Q244C,0.000119523320534572
Q244D,6.90630859898205E-05
Q244E,0.000153706060064887
Q244F,0.000204166294609638
Q244G,0.00017602948179897
Q244H,0.000234163392564812
Q244I,0.00019463233324404
Q244K,0.000193237119385659
Q244L,0.000133707994761437
Q244M,0.000117430499747001
Q244N,0.00017742469565735
Q244P,0.000446003363395541
Q244R,0.000215328005476679
Q244S,9.71998988004881E-05
Q244T,9.74324344435515E-05
Q244V,0.000337176682441885
Q244W,9.48745423698544E-05
Q244Y,9.53396136559812E-05
T245A,0.000116500357174748
T245C,0.000164867770931928
T245D,7.81319760692919E-05
T245E,0.000136498422478197
T245F,0.000139753921481085
T245G,8.85960800071435E-05
T245H,0.000203933758966574
T245I,0.000211374899544602
T245K,0.000411355552579099
T245L,5.76688394797154E-05
T245M,7.67367622109117E-05
T245N,0.000109989359168973
T245P,0.000161612271929041
T245Q,8.53405810042563E-05
T245R,0.000169751019436259
T245S,0.000126731925469536
T245V,0.000149985489775873
T245W,0.000129289817543233
T245Y,0.000128592210614043
V246A,0.000123941497752776
V246C,0.000186261050093758
V246D,8.44104384320029E-05
V246E,0.000217188290621186
V246F,0.000139521385838021
V246G,9.32467928684109E-05
V246H,0.00013115010268774
V246I,0.000193469655028723
V246K,0.000125104175968092
V246L,0.00015184577492038
V246M,0.00017533187486978
V246N,7.09233711343275E-05
V246P,0.000119755856177635
V246Q,0.000247185388576361
V246R,0.00013115010268774
V246S,0.000230442822275798
V246T,0.000253231315296009
V246W,0.000156496487781647
V246Y,9.71998988004881E-05
T247A,0.000186726121379885
T247C,0.000162542414501295
T247D,0.000138126171979641
T247E,0.000287646590469387
T247F,0.000190214156025836
T247G,0.000276252343959282
T247H,0.00011184964431348
T247I,0.000216258148048933
T247K,5.09253058308778E-05
T247L,0.000114872607673304
T247M,5.09253058308778E-05
T247N,0.000182540479804744
T247P,0.000131382638330803
T247Q,4.95300919724975E-05
T247R,0.000229512679703545
T247S,5.09253058308778E-05
T247V,0.000297878158764175
T247W,0.000291832232044528
T247Y,7.48764770664047E-05
K248A,0.000139521385838021
K248C,0.000117197964103938
K248D,0.0000869683305056999
K248E,0.000256719349941959
K248F,0.000119755856177635
K248G,5.20879840461946E-05
K248H,0.00017463426794059
K248I,9.06889007947138E-05
K248L,0.000195097404530166
K248M,5.13903771170045E-05
K248N,0.000215560541119743
K248P,6.41798374854898E-05
K248Q,0.000212072506473792
K248R,0.000141846742268655
K248S,3.83683811054558E-05
K248T,0.000139521385838021
K248V,7.06908354912641E-05
K248W,0.000149520418489746
K248Y,5.74363038366521E-05
K249A,0.000124639104681966
K249C,0.000226489716343721
K249D,7.11559067773908E-05
K249E,0.00037345224275977
K249F,2.25559573771468E-05
K249G,0.000209514614400095
K249H,0.000192539512456469
K249I,0.000108826680953657
K249L,0.000327642721076287
K249M,0.000133010387832247
K249N,0.000125801782897282
K249P,0.000170681162008513
K249Q,0.000184633300592315
K249R,0.000169751019436259
K249S,0.000228815072774355
K249T,5.99941959103491E-05
K249V,0.000200445724320624
K249W,0.000108129074024466
K249Y,6.27846236271096E-05
S250A,0.000140684064053338
S250C,0.000116500357174748
S250D,7.16209780635176E-05
S250E,0.000207654329255588
S250F,0.000211839970830729
S250G,7.16209780635176E-05
S250H,0.000139056314551895
S250I,0.000123941497752776
S250K,0.000169751019436259
S250L,0.000145102241271542
S250M,2.04631365895765E-05
S250N,7.76669047831652E-05
S250P,6.1156874125666E-05
S250Q,9.30142572253475E-07
S250R,0.000139288850194958
S250T,0.00011254725124267
S250V,9.32467928684109E-05
S250W,6.09243384826026E-05
S250Y,0.000165100306574992
A251E,4.53444503973569E-05
A251S,5.39482691907015E-05
A251T,6.51099800577432E-06
E253A,1.37196029407388E-05
E253C,2.25559573771468E-05
E253F,2.02306009465131E-05
E253G,4.85999494002441E-05
E253H,0.000119290784891508
E253I,3.37176682441885E-05
E253K,4.83674137571807E-05
E253L,2.60439920230973E-05
E253M,2.37186355924636E-05
E253N,5.58085543352085E-06
E253P,7.90621186415454E-06
E253Q,1.74401732297527E-05
E253R,6.65051939161235E-05
E253S,1.62774950144358E-06
E253T,4.23214870375331E-05
E253V,1.27894603684853E-05
E253W,7.90621186415454E-06
E253Y,3.04621692413013E-05
A254C,4.23214870375331E-05
A254D,0.000104175968092389
A254E,7.55740839955948E-05
A254F,6.65051939161235E-05
A254G,3.44152751733786E-05
A254H,8.37128315028128E-06
A254I,1.16267821531684E-05
A254K,5.16229127600679E-05
A254L,3.23224543858083E-05
A254M,1.86028514450695E-06
A254N,3.53454177456321E-05
A254P,4.44143078251034E-05
A254Q,1.16267821531684E-06
A254R,7.34812632080245E-05
A254S,1.7672708872816E-05
A254T,3.48803464595053E-06
A254V,1.88353870881329E-05
A254W,1.65100306574992E-05
A254Y,3.23224543858083E-05
S255A,3.06947048843647E-05
S255C,2.09282078757032E-06
S255D,1.02315682947882E-05
S255E,2.3951171235527E-05
S255F,9.99903265172486E-06
S255G,1.37196029407388E-05
S255M,4.41817721820401E-06
S255P,1.86028514450695E-06
S255Q,0.0013115010268774
S255R,0.00017812230258654
S255T,6.27846236271096E-06
S255W,3.58104890317588E-05
S255Y,7.67367622109117E-06
K256A,4.46468434681668E-05
K256D,6.51099800577432E-06
K256E,3.81358454623925E-05
K256F,1.16267821531684E-06
K256G,2.3951171235527E-05
K256H,3.62755603178855E-05
K256I,3.86009167485192E-05
K256L,1.86028514450695E-05
K256M,4.65071286126738E-06
K256N,8.48755097181296E-05
K256P,3.79033098193291E-05
K256Q,8.9526222579397E-05
K256R,9.30142572253475E-06
K256S,2.90669553829211E-05
K256V,0.000158356772926154
K256W,4.23214870375331E-05
K256Y,5.11578414739411E-06
K257A,3.69731672470756E-05
K257C,7.78994404262285E-05
K257E,0.000144404634342352
K257F,1.65100306574992E-05
K257G,0.00012975488882936
K257H,3.69731672470756E-05
K257I,5.09253058308778E-05
K257L,1.48822811560556E-05
K257M,5.34831979045748E-05
K257N,3.79033098193291E-05
K257P,6.97606929190106E-06
K257Q,1.11617108670417E-05
K257R,0.00017184384022383
K257S,5.34831979045748E-05
K257T,6.27846236271096E-06
K257V,4.13913444652796E-05
K257W,8.97587582224603E-05
K257Y,6.74353364883769E-06
P258A,9.74324344435515E-05
P258C,3.76707741762657E-05
P258D,7.65042265678483E-05
P258E,4.02286662499628E-05
P258F,4.81348781141173E-05
P258G,6.44123731285531E-05
P258H,8.5108045361193E-05
P258I,0.000176262017442034
P258K,4.06937375360895E-05
P258L,6.76678721314403E-05
P258M,3.62755603178855E-05
P258N,5.79013751227788E-05
P258Q,4.97626276155609E-05
P258R,7.53415483525315E-05
P258S,0.000179982587731047
P258T,0.000105571181950769
P258V,4.06937375360895E-05
P258W,4.62745929696104E-05
P258Y,0.00035136135666875
R259A,1.62774950144358E-06
R259C,0.000105803717593833
R259D,0.000142544349197845
R259E,5.95291246242224E-05
R259F,7.78994404262285E-05
R259G,8.20850820013692E-05
R259H,0.000137893636336578
R259I,0.000143474491770099
R259K,0.00030648197755752
R259L,0.000147892668988303
R259M,7.25511206357711E-05
R259N,7.81319760692919E-05
R259P,0.000261835134089353
R259Q,0.000145102241271542
R259S,9.76649700866149E-05
R259T,6.62726582730601E-05
R259V,0.000124871640325029
R259W,7.72018334970384E-05
R259Y,0.0001339405304045
Q260A,4.46468434681668E-05
Q260C,6.9993228562074E-05
Q260D,5.76688394797154E-05
Q260E,4.09262731791529E-05
Q260F,6.76678721314403E-05
Q260G,3.30200613149984E-05
Q260H,6.65051939161235E-05
Q260I,2.74392058814775E-05
Q260K,1.23243890823585E-05
Q260L,9.11539720808405E-05
Q260M,0.000105803717593833
Q260N,0.000116267821531684
Q260P,0.000101618076018692
Q260R,0.000244162425216537
Q260S,2.90669553829211E-05
Q260T,1.46497455129922E-05
Q260V,6.30171592701729E-05
Q260W,0.000105338646307706
Q260Y,6.95281572759473E-05
K261A,0.000206491651040271
K261C,0.000201608402535941
K261D,2.51138494508438E-05
K261E,0.000162542414501295
K261F,0.000311597761704914
K261G,0.000257416956871149
K261H,0.000115802750245558
K261I,0.000134405601690627
K261L,0.000141381670982528
K261M,0.000164867770931928
K261N,0.000144404634342352
K261P,2.18583504479567E-05
K261Q,0.00015114816799119
K261R,0.000164170164002738
K261S,9.67348275143614E-05
K261T,0.000130917567044677
K261V,0.000162774950144358
K261W,0.000128127139327916
K261Y,0.00017672708872816
R262A,0.00019532994017323
R262C,0.000158124237283091
R262D,3.48803464595053E-05
R262E,0.000194399797600976
R262F,6.06918028395392E-05
R262G,5.72037681935887E-05
R262H,5.0460234544751E-05
R262I,0.000157194094710837
R262K,0.000104641039378516
R262L,2.48813138077805E-05
R262M,0.00017184384022383
R262N,0.000118360642319255
R262P,3.39502038872518E-05
R262Q,0.000229512679703545
R262S,0.000131615173973867
R262T,5.55760186921451E-05
R262V,8.3247760216686E-05
R262W,0.00015324098877876
R262Y,5.39482691907015E-05
T263A,7.48764770664047E-05
T263C,0.00010975682352591
T263D,0.000107198931452213
T263E,0.000219978718337947
T263F,0.000171611304580766
T263G,1.13942465101051E-05
T263H,0.000156263952138584
T263I,4.44143078251034E-05
T263K,0.000197887832246927
T263L,9.67348275143614E-05
T263M,9.48745423698544E-05
T263N,0.000229745215346608
T263P,4.67396642557371E-05
T263Q,7.99922612137989E-05
T263R,0.000140451528410275
T263S,0.000143241956127035
T263V,0.000107198931452213
T263W,5.2320519689258E-05
T263Y,0.000156729023424711
A264C,8.99912938655237E-05
A264D,6.09243384826026E-05
A264E,5.81339107658422E-05
A264F,0.000100455397803375
A264G,4.6042057326547E-05
A264H,9.30142572253475E-06
A264I,2.76717415245409E-05
A264K,9.99903265172486E-05
A264L,5.83664464089056E-05
A264M,1.34870672976754E-05
A264N,6.30171592701729E-05
A264P,4.7902342471054E-05
A264Q,1.39521385838021E-05
A264R,6.06918028395392E-05
A264S,2.95320266690478E-05
A264T,8.72008661487633E-05
A264V,0.000257882028157276
A264W,9.30142572253475E-05
A264Y,2.72066702384141E-05
T265A,7.16209780635176E-05
T265C,0.000126499389826473
T265D,4.85999494002441E-05
T265E,7.53415483525315E-05
T265F,0.000112082179956544
T265G,2.3951171235527E-05
T265H,5.44133404768283E-05
T265I,1.97655296603863E-05
T265K,9.41769354406643E-05
T265L,5.06927701878144E-05
T265M,9.74324344435515E-05
T265N,0.000177192160014287
T265P,4.65071286126737E-05
T265Q,4.65071286126737E-05
T265R,2.11607435187666E-05
T265S,0.000124174033395839
T265V,3.60430246748222E-05
T265W,0.000139056314551895
T265Y,0.000149752954132809
K266A,9.30142572253475E-06
K266C,5.74363038366521E-05
K266D,9.2084114653094E-05
K266E,0.000105803717593833
K266F,0.000139986457124148
K266G,5.83664464089056E-05
K266H,9.95252552311218E-05
K266I,8.04573324999256E-05
K266L,0.000225327038128404
K266M,1.67425663005626E-05
K266N,0.000116035285888621
K266P,0.000235093535137066
K266Q,0.000119058249248445
K266R,9.69673631574248E-05
K266S,0.000136730958121261
K266T,0.000121151070036015
K266V,6.51099800577433E-05
K266W,0.000213700255975236
K266Y,7.67367622109117E-05
A267C,5.51109474060184E-05
A267D,3.02296335982379E-05
A267E,0.000231605500491115
A267F,0.000141846742268655
A267G,0.000214630398547489
A267H,0.000100455397803375
A267I,0.00022160646783939
A267K,0.000174866803583653
A267L,0.000224629431199214
A267M,4.83674137571807E-05
A267N,4.99951632586243E-05
A267P,5.69712325505253E-05
A267Q,8.0689868142989E-05
A267R,7.95271899276721E-05
A267S,0.000272531773670268
A267T,3.65080959609489E-05
A267V,8.3247760216686E-05
A267W,0.000236023677709319
A267Y,6.79004077745037E-05
Y268A,3.04621692413013E-05
Y268C,1.72076375866893E-05
Y268D,2.81368128106676E-05
Y268E,8.41779027889395E-05
Y268F,0.000180680194660238
Y268G,4.95300919724975E-05
Y268H,1.48822811560556E-05
Y268I,5.18554484031312E-05
Y268K,2.60439920230973E-05
Y268L,7.76669047831652E-05
Y268M,9.11539720808405E-05
Y268N,4.23214870375331E-05
Y268P,9.06889007947138E-06
Y268Q,7.02257642051374E-05
Y268R,3.46478108164419E-05
Y268S,1.65100306574992E-05
Y268T,7.67367622109117E-05
Y268V,2.44162425216537E-05
Y268W,2.69741345953508E-05
N269A,3.25549900288716E-05
N269C,2.62765276661607E-05
N269D,9.3944399797601E-05
N269E,0.000123941497752776
N269F,1.99980653034497E-05
N269G,5.58085543352085E-06
N269H,3.69731672470756E-05
N269I,4.39492365389767E-05
N269K,1.86028514450695E-05
N269L,1.90679227311962E-05
N269M,2.55789207369706E-05
N269P,5.6738696907462E-05
N269Q,5.16229127600679E-05
N269R,1.16267821531684E-05
N269S,0.000244860032145727
N269T,6.09243384826026E-05
N269V,3.48803464595053E-06
N269W,5.27855909753847E-05
N269Y,3.44152751733786E-05
V270A,4.48793791112302E-05
V270C,9.76649700866149E-06
V270D,6.8132943417567E-05
V270E,0.00013254531654612
V270F,7.90621186415454E-06
V270G,7.99922612137989E-05
V270H,3.37176682441885E-05
V270I,4.62745929696104E-05
V270K,3.83683811054558E-05
V270L,6.25520879840462E-05
V270M,0.000124639104681966
V270N,4.6042057326547E-05
V270P,5.18554484031312E-05
V270Q,9.76649700866149E-06
V270R,0.000167658198648689
V270S,4.65071286126737E-07
V270T,1.11617108670417E-05
V270W,2.18583504479567E-05
V270Y,1.11617108670417E-05
T271A,9.69673631574248E-05
T271C,9.32467928684109E-05
T271D,7.25511206357711E-05
T271E,0.000116500357174748
T271F,0.000134638137333691
T271G,2.09282078757032E-05
T271H,0.000149520418489746
T271I,0.000297180551834985
T271K,7.02257642051374E-05
T271L,0.000108594145310593
T271M,5.65061612643986E-05
T271N,8.44104384320029E-05
T271P,8.13874750721791E-06
T271Q,0.000129987424472423
T271R,8.90611512932702E-05
T271S,0.00010696639580915
T271V,9.30142572253475E-05
T271W,0.000105571181950769
T271Y,0.000127894603684853
Q272A,4.92975563294342E-05
Q272C,7.48764770664047E-05
Q272D,0.000154868738280204
Q272E,0.000139986457124148
Q272F,7.67367622109117E-06
Q272G,5.41808048337649E-05
Q272H,5.81339107658422E-05
Q272I,7.81319760692919E-05
Q272K,0.000201608402535941
Q272L,0.000150218025418936
Q272M,0.000213467720332173
Q272N,1.46497455129922E-05
Q272P,5.51109474060184E-05
Q272R,0.000206724186683335
Q272S,5.79013751227788E-05
Q272T,0.000272764309313332
Q272V,0.00011115203738429
Q272W,7.99922612137989E-05
Q272Y,5.0460234544751E-05
A273C,0.000101385540375629
A273D,7.48764770664047E-05
A273E,2.02306009465131E-05
A273F,1.27894603684853E-05
A273G,6.30171592701729E-05
A273H,5.13903771170045E-05
A273I,1.69751019436259E-05
A273K,2.02306009465131E-05
A273L,1.39521385838021E-05
A273M,3.34851326011251E-05
A273N,3.95310593207727E-05
A273P,4.65071286126737E-07
A273Q,6.58075869869334E-05
A273R,5.72037681935887E-05
A273S,2.34860999494002E-05
A273T,1.81377801589428E-05
A273V,5.79013751227788E-05
A273W,7.90621186415454E-06
A273Y,4.23214870375331E-05
F274A,3.99961306068994E-05
F274C,7.90621186415454E-06
F274D,4.53444503973569E-05
F274E,5.72037681935887E-05
F274G,3.0927240527428E-05
F274H,1.53473524421823E-05
F274I,3.62755603178855E-05
F274K,1.37196029407388E-05
F274L,1.20918534392952E-05
F274M,1.48822811560556E-05
F274N,1.25569247254219E-05
F274P,4.30190939667232E-05
F274Q,4.95300919724975E-05
F274R,4.62745929696104E-05
F274S,7.85970473554186E-05
F274T,4.46468434681668E-05
F274V,1.90679227311962E-05
F274W,5.74363038366521E-05
F274Y,1.62774950144358E-05
G275A,5.27855909753847E-05
G275C,5.74363038366521E-05
G275D,3.13923118135548E-05
G275E,9.41769354406643E-05
G275F,1.44172098699289E-05
G275H,6.8132943417567E-05
G275I,5.99941959103491E-05
G275K,2.18583504479567E-05
G275L,2.74392058814775E-05
G275M,2.67415989522874E-05
G275N,0.000256951885585022
G275P,2.3951171235527E-05
G275Q,1.25569247254219E-05
G275R,0.000167890734291752
G275S,6.48774444146799E-05
G275T,8.41779027889395E-05
G275V,3.2787525671935E-05
G275W,5.97616602672858E-05
G275Y,2.53463850939072E-05
R276A,0.000335548932940441
R276C,0.000104641039378516
R276D,9.09214364377772E-05
R276E,0.000176959624371224
R276F,0.000112779786885734
R276G,8.90611512932702E-05
R276H,0.000100920469089502
R276I,0.000123708962109712
R276K,7.34812632080245E-05
R276L,0.000148125204631366
R276M,9.53396136559812E-05
R276N,0.000143241956127035
R276P,7.99922612137989E-05
R276Q,0.000222769146054707
R276S,6.16219454117927E-05
R276T,0.000116500357174748
R276V,0.000190679227311962
R276W,9.37118641545376E-05
R276Y,7.90621186415454E-05
R277A,1.93004583742596E-05
R277C,6.09243384826026E-05
R277D,6.51099800577433E-05
R277E,6.72028008453136E-05
R277F,1.11617108670417E-05
R277G,6.27846236271096E-06
R277H,1.62774950144358E-06
R277I,7.78994404262285E-05
R277K,4.99951632586243E-05
R277L,2.37186355924636E-05
R277M,3.81358454623925E-05
R277N,2.11607435187666E-05
R277P,1.37196029407388E-05
R277Q,0.000105571181950769
R277S,5.39482691907015E-05
R277T,4.7902342471054E-05
R277V,1.99980653034497E-05
R277W,4.90650206863708E-05
R277Y,2.86018840967944E-05
G278A,5.76688394797154E-05
G278C,5.74363038366521E-05
G278D,2.32535643063369E-05
G278E,1.41846742268655E-05
G278F,2.92994910259845E-05
G278H,5.60410899782719E-05
G278I,1.30219960115486E-05
G278K,7.67367622109117E-06
G278L,2.44162425216537E-05
G278M,9.95252552311218E-05
G278N,5.30181266184481E-05
G278P,7.39463344941513E-05
G278Q,3.41827395303152E-05
G278R,4.30190939667232E-05
G278S,0.000193004583742596
G278T,4.25540226805965E-05
G278V,3.46478108164419E-05
G278W,2.95320266690478E-05
G278Y,3.65080959609489E-05
P279A,3.0927240527428E-05
P279C,7.34812632080245E-05
P279D,9.23166502961574E-05
P279E,0.000172308911509956
P279F,7.13884424204542E-05
P279G,0.000150915632348126
P279H,0.000135568279905944
P279I,5.69712325505253E-05
P279K,7.48764770664047E-05
P279L,8.9526222579397E-05
P279M,3.97635949638361E-05
P279N,7.11559067773908E-05
P279Q,0.000111384573027354
P279R,8.02247968568622E-05
P279S,5.32506622615114E-05
P279T,6.65051939161235E-05
P279V,5.25530553323213E-05
P279W,7.60391552817216E-05
P279Y,2.53463850939072E-05
E280A,0.000128824746257106
E280C,9.81300413727416E-05
E280D,0.00015254338184957
E280F,0.000223234217340834
E280G,0.000126266854183409
E280H,0.000162774950144358
E280I,4.92975563294342E-05
E280K,0.000181610337232491
E280L,0.000124871640325029
E280M,0.000366243637824806
E280N,0.000260672455874036
E280P,3.20899187427449E-05
E280Q,0.000280205449891359
E280R,0.000318108759710688
E280S,0.00017463426794059
E280T,0.000294390124118225
E280V,3.20899187427449E-05
E280W,7.76669047831652E-05
E280Y,0.000122546283894395
Q281A,9.92927195880585E-05
Q281C,0.000122313748251332
Q281D,0.000116732892817811
Q281E,0.000121848676965205
Q281F,0.00010626878887996
Q281G,0.000124174033395839
Q281H,0.000234395928207876
Q281I,4.51119147542935E-05
Q281K,0.000133010387832247
Q281L,6.09243384826026E-05
Q281M,0.000185795978807632
Q281N,0.000111617108670417
Q281P,8.09224037860523E-05
Q281R,0.000400891448641248
Q281S,0.000183935693663125
Q281T,0.000210212221329285
Q281V,3.46478108164419E-05
Q281W,0.00011184964431348
Q281Y,7.09233711343275E-05
T282A,5.37157335476382E-05
T282C,0.000102780754234009
T282D,9.51070780129178E-05
T282E,0.00010696639580915
T282F,2.74392058814775E-05
T282G,0.00030508676369914
T282H,0.000224861966842278
T282I,5.11578414739411E-05
T282K,0.000289274339970831
T282L,7.92946542846087E-05
T282M,0.00041554119415424
T282N,0.000150218025418936
T282P,7.25511206357711E-05
T282Q,7.48764770664047E-05
T282R,0.000307644655772837
T282S,0.000124639104681966
T282V,5.18554484031312E-05
T282W,0.000124174033395839
T282Y,8.67357948626365E-05
Q283A,4.13913444652796E-05
Q283C,7.67367622109117E-05
Q283D,0.000128127139327916
Q283E,0.000124639104681966
Q283F,0.000392520165490966
Q283G,2.30210286632735E-05
Q283H,8.65032592195732E-05
Q283I,4.6042057326547E-05
Q283K,0.000218350968836503
Q283L,6.13894097687294E-05
Q283M,0.000222536610411644
Q283N,0.000124871640325029
Q283P,1.3254531654612E-05
Q283R,9.30142572253475E-05
Q283S,2.76717415245409E-05
Q283T,7.20860493496443E-05
Q283V,2.27884930202101E-05
Q283W,9.48745423698544E-05
Q283Y,1.97655296603863E-05
G284A,7.90621186415454E-05
G284C,1.23243890823585E-05
G284D,5.53434830490818E-05
G284E,3.13923118135548E-05
G284F,2.60439920230973E-05
G284H,2.04631365895765E-05
G284I,3.20899187427449E-05
G284K,0.000100222862160312
G284L,5.88315176950323E-05
G284M,7.11559067773908E-05
G284N,6.97606929190106E-06
G284P,3.51128821025687E-05
G284Q,9.81300413727416E-05
G284R,5.4878411762955E-05
G284S,6.85980147036938E-05
G284T,0.00012975488882936
G284W,1.44172098699289E-05
G284Y,8.92936869363336E-05
N285A,3.9065988034646E-05
N285C,1.34870672976754E-05
N285D,0.000123708962109712
N285E,2.51138494508438E-05
N285F,2.3951171235527E-05
N285G,5.83664464089056E-05
N285H,0.000138823778908831
N285I,4.65071286126738E-06
N285K,3.46478108164419E-05
N285L,8.20850820013692E-05
N285M,5.88315176950323E-05
N285P,0.000357872354674525
N285Q,8.44104384320029E-05
N285R,3.20899187427449E-05
N285S,3.44152751733786E-05
N285T,3.53454177456321E-05
N285V,4.32516296097866E-05
N285W,3.44152751733786E-05
N285Y,5.20879840461946E-05
F286A,1.39521385838021E-05
F286C,1.53473524421823E-05
F286D,5.46458761198917E-05
F286E,4.32516296097866E-05
F286G,5.13903771170045E-05
F286H,6.18544810548561E-05
F286I,7.06908354912641E-05
F286K,4.11588088222163E-05
F286L,5.60410899782719E-05
F286M,1.5114816799119E-05
F286N,1.44172098699289E-05
F286P,6.74353364883769E-06
F286Q,3.20899187427449E-05
F286R,7.25511206357711E-05
F286S,4.69721998988005E-05
F286T,3.18573830996815E-05
F286V,7.78994404262285E-05
F286W,5.34831979045748E-05
F286Y,6.97606929190106E-05
G287A,3.20899187427449E-05
G287C,9.99903265172486E-06
G287D,3.9065988034646E-05
G287E,2.32535643063369E-05
G287F,0.000141149135339465
G287H,6.06918028395392E-05
G287I,3.65080959609489E-05
G287K,8.83635443640801E-06
G287L,7.4411405780278E-05
G287M,8.11549394291157E-05
G287N,2.32535643063369E-05
G287P,4.41817721820401E-05
G287Q,7.90621186415454E-06
G287R,4.20889513944697E-05
G287S,2.55789207369706E-05
G287T,6.95281572759473E-05
G287V,0.000115105143316368
G287W,2.25559573771468E-05
G287Y,9.16190433669673E-05
D288A,4.83674137571807E-05
D288C,4.90650206863708E-05
D288E,6.09243384826026E-05
D288F,5.0460234544751E-05
D288G,8.13874750721791E-05
D288H,9.55721492990446E-05
D288I,9.41769354406643E-05
D288K,6.74353364883769E-05
D288L,6.72028008453136E-05
D288M,1.39521385838021E-05
D288N,0.000139288850194958
D288P,4.41817721820401E-05
D288Q,5.20879840461946E-05
D288R,3.32525969580617E-05
D288S,3.60430246748222E-05
D288T,2.02306009465131E-05
D288V,3.41827395303152E-05
D288W,2.88344197398577E-05
D288Y,3.60430246748222E-05
Q289A,0.000141381670982528
Q289C,8.92936869363336E-05
Q289D,7.85970473554186E-05
Q289E,0.000138823778908831
Q289F,0.000120918534392952
Q289G,4.25540226805965E-05
Q289H,5.41808048337649E-05
Q289I,0.000102083147304819
Q289K,0.000200445724320624
Q289L,0.000124174033395839
Q289M,7.04582998482007E-05
Q289N,4.69721998988005E-05
Q289R,0.000190214156025836
Q289S,3.97635949638361E-05
Q289T,0.00011254725124267
Q289V,0.00021881604012263
Q289W,8.18525463583058E-05
Q289Y,8.27826889305593E-05
E290A,9.09214364377772E-05
E290D,0.000129289817543233
E290F,0.000142079277911718
E290G,9.30142572253475E-07
E290H,2.88344197398577E-05
E290I,0.000144637169985415
E290K,4.27865583236598E-05
E290L,6.53425157008066E-05
E290M,3.83683811054558E-05
E290N,3.81358454623925E-05
E290P,1.99980653034497E-05
E290Q,0.000309970012203471
E290R,0.000179517516444921
E290S,1.86028514450695E-05
E290T,9.09214364377772E-05
E290V,0.000136265886835134
E290W,6.90630859898205E-05
E290Y,5.81339107658422E-05
L291A,0.000152310846206507
L291C,2.92994910259845E-05
L291D,0.000136730958121261
L291E,2.76717415245409E-05
L291F,0.000141381670982528
L291G,5.32506622615114E-05
L291H,6.30171592701729E-05
L291I,1.3254531654612E-05
L291K,4.67396642557371E-05
L291M,0.000112779786885734
L291N,6.85980147036938E-05
L291P,3.95310593207727E-05
L291Q,1.88353870881329E-05
L291R,4.53444503973569E-05
L291S,7.72018334970384E-05
L291T,2.88344197398577E-05
L291V,4.37167008959133E-05
L291W,8.67357948626365E-05
L291Y,0.000117197964103938
I292A,3.13923118135548E-05
I292C,8.37128315028127E-05
I292D,8.97587582224603E-05
I292E,7.74343691401018E-05
I292F,5.34831979045748E-06
I292G,5.18554484031312E-05
I292H,4.02286662499628E-05
I292K,0.000157891701640027
I292L,0.000165797913504182
I292M,3.25549900288716E-05
I292N,2.60439920230973E-05
I292P,8.02247968568622E-05
I292Q,4.55769860404203E-05
I292R,0.000113244858171861
I292S,0.00019393472631485
I292T,4.1623880108343E-05
I292V,6.58075869869334E-05
I292W,8.60381879334464E-05
I292Y,1.25569247254219E-05
R293A,5.88315176950323E-05
R293C,0.00011115203738429
R293D,9.51070780129178E-05
R293E,3.60430246748222E-05
R293F,5.83664464089056E-05
R293G,6.65051939161235E-05
R293H,5.2320519689258E-05
R293I,6.27846236271096E-05
R293K,0.000213700255975236
R293L,7.72018334970384E-05
R293M,9.85951126588683E-05
R293N,6.20870166979195E-05
R293P,2.23234217340834E-05
R293Q,9.76649700866149E-05
R293S,0.000152775917492633
R293T,6.95281572759473E-05
R293V,7.85970473554186E-05
R293W,0.000115105143316368
R293Y,4.37167008959133E-05
Q294A,7.95271899276721E-05
Q294C,1.72076375866893E-05
Q294D,0.000233465785635622
Q294E,0.000186726121379885
Q294F,7.95271899276721E-05
Q294G,0.000229977750989672
Q294H,7.76669047831652E-05
Q294I,1.83703158020061E-05
Q294K,0.000376475206119594
Q294L,0.000156263952138584
Q294M,0.000145567312557669
Q294N,4.7902342471054E-05
Q294P,4.97626276155609E-05
Q294R,8.65032592195732E-05
Q294S,0.000298808301336429
Q294T,0.000237651427210763
Q294V,0.000159984522427598
Q294W,4.92975563294342E-05
Q294Y,0.000119058249248445
G295A,7.69692978539751E-05
G295C,2.74392058814775E-05
G295D,5.85989820519689E-05
G295E,4.02286662499628E-05
G295F,9.90601839449951E-05
G295H,1.74401732297527E-05
G295I,5.97616602672858E-05
G295K,1.13942465101051E-05
G295L,3.0927240527428E-05
G295M,3.76707741762657E-05
G295N,7.58066196386582E-05
G295P,1.18593177962318E-05
G295Q,1.3254531654612E-05
G295R,1.53473524421823E-05
G295S,4.83674137571807E-05
G295T,2.09282078757032E-05
G295V,9.69673631574248E-05
G295W,1.97655296603863E-05
G295Y,5.0460234544751E-05
T296A,3.9065988034646E-05
T296C,7.27836562788344E-05
T296D,5.0460234544751E-05
T296E,6.3714766199363E-05
T296F,2.67415989522874E-05
T296G,3.30200613149984E-05
T296H,1.86028514450695E-05
T296I,1.90679227311962E-05
T296K,0.000100222862160312
T296L,5.25530553323213E-05
T296M,4.09262731791529E-05
T296N,6.51099800577433E-05
T296P,4.09262731791529E-05
T296Q,3.06947048843647E-05
T296R,8.74334017918266E-05
T296S,7.18535137065809E-05
T296V,8.9526222579397E-05
T296W,0.000122313748251332
T296Y,5.74363038366521E-05
D297A,0.000139753921481085
D297C,7.55740839955948E-05
D297E,0.000177657231300414
D297F,4.99951632586243E-05
D297G,9.60372205851713E-05
D297H,0.000126964461112599
D297I,7.92946542846087E-05
D297K,3.88334523915826E-05
D297L,4.67396642557371E-05
D297M,6.27846236271096E-05
D297N,0.000279507842962169
D297P,4.7902342471054E-05
D297Q,0.000551342009703247
D297R,4.53444503973569E-05
D297S,0.000113244858171861
D297T,0.000115570214602494
D297V,3.88334523915826E-05
D297W,3.32525969580617E-05
D297Y,6.48774444146799E-05
Y298A,9.55721492990446E-05
Y298C,3.30200613149984E-05
Y298D,2.18583504479567E-05
Y298E,0.000224164359913087
Y298F,4.65071286126737E-05
Y298G,1.60449593713724E-05
Y298H,9.92927195880585E-05
Y298I,4.92975563294342E-05
Y298K,5.97616602672858E-05
Y298L,5.39482691907015E-05
Y298M,1.86028514450695E-05
Y298N,2.62765276661607E-05
Y298P,7.4411405780278E-06
Y298Q,8.20850820013692E-05
Y298R,5.81339107658422E-05
Y298S,0.000160914664999851
Y298T,8.60381879334464E-06
Y298V,2.46487781647171E-05
Y298W,6.39473018424264E-05
K299A,8.58056522903831E-05
K299C,0.000139753921481085
K299D,0.000137428565050451
K299E,0.000256254278655832
K299F,7.51090127094681E-05
K299G,0.000126964461112599
K299H,0.000114640072030241
K299I,0.000151613239277316
K299L,0.000147427597702176
K299M,0.000202771080751258
K299N,2.79042771676042E-05
K299P,4.6042057326547E-05
K299Q,7.53415483525315E-05
K299R,0.000159751986784534
K299S,0.000136963493764324
K299T,0.000146962526416049
K299V,0.000152775917492633
K299W,7.32487275649612E-05
K299Y,0.000109291752239783
H300A,0.000265788240021431
H300C,0.000280205449891359
H300D,0.000251603565794565
H300E,0.000302761407268506
H300F,0.000113477393814924
H300G,0.000142776884840908
H300I,4.13913444652796E-05
H300K,0.000297180551834985
H300L,0.000272066702384141
H300M,0.000171611304580766
H300N,0.000167425663005625
H300P,0.000114175000744114
H300Q,0.000106501324523023
H300R,0.000158356772926154
H300S,0.000423214870375331
H300T,9.13865077239039E-05
H300V,7.20860493496443E-05
H300W,0.000118825713605381
H300Y,0.000190446691668899
W301A,0.000116035285888621
W301C,2.72066702384141E-05
W301D,1.81377801589428E-05
W301E,1.16267821531684E-06
W301F,0.000154403666994077
W301G,3.74382385332024E-05
W301H,7.83645117123553E-05
W301I,4.348416525285E-05
W301K,2.79042771676042E-05
W301L,0.000121616141322142
W301M,6.48774444146799E-05
W301N,0.000123243890823585
W301P,7.90621186415454E-05
W301Q,2.41837068785903E-05
W301R,4.67396642557371E-05
W301S,3.30200613149984E-05
W301T,4.51119147542935E-05
W301V,3.7205702890139E-05
W301Y,0.000142544349197845
P302A,0.000277415022174599
P302C,4.1623880108343E-05
P302D,0.000313225511206358
P302E,0.000236488748995446
P302F,7.18535137065809E-05
P302G,9.88276483019317E-05
P302H,0.000271369095454951
P302I,0.000211374899544602
P302K,0.000153473524421823
P302L,0.000251371030151502
P302M,0.000244162425216537
P302N,0.000193469655028723
P302Q,0.000266950918236747
P302R,0.000349501071524243
P302S,6.65051939161235E-05
P302T,0.000256486814298896
P302V,4.92975563294342E-05
P302W,6.8132943417567E-05
P302Y,0.000191144298598089
Q303A,8.11549394291157E-05
Q303C,0.000142776884840908
Q303D,0.000129987424472423
Q303E,0.00017254144715302
Q303F,0.000123708962109712
Q303G,5.11578414739411E-05
Q303H,0.000119523320534572
Q303I,0.000232303107420305
Q303K,0.00021672321933506
Q303L,9.78975057296782E-05
Q303M,0.000242069604428967
Q303N,0.000179750052087984
Q303P,6.557505134387E-05
Q303R,0.00019951558174837
Q303S,0.000293459981545971
Q303T,0.000333456112152871
Q303V,0.000146497455129922
Q303W,0.000128127139327916
Q303Y,7.95271899276721E-05
I304A,5.76688394797154E-05
I304C,2.04631365895765E-05
I304D,5.46458761198917E-05
I304E,2.53463850939072E-05
I304F,2.79042771676042E-05
I304G,2.25559573771468E-05
I304H,9.55721492990446E-05
I304K,2.32535643063369E-05
I304L,0.000223001681697771
I304M,3.39502038872518E-05
I304N,5.74363038366521E-05
I304P,2.02306009465131E-05
I304Q,2.62765276661607E-05
I304R,6.1156874125666E-05
I304S,5.58085543352085E-05
I304T,3.06947048843647E-05
I304V,0.000145102241271542
I304W,6.74353364883769E-06
I304Y,5.30181266184481E-05
A305C,0.000106501324523023
A305D,8.18525463583058E-05
A305E,0.000200213188677561
A305F,3.41827395303152E-05
A305H,5.27855909753847E-05
A305I,8.13874750721791E-06
A305K,0.000116267821531684
A305L,2.92994910259845E-05
A305M,9.04563651516504E-05
A305N,0.000156496487781647
A305P,1.13942465101051E-05
A305Q,0.000197887832246927
A305R,9.51070780129178E-05
A305S,0.000168355805577879
A305T,3.79033098193291E-05
A305V,5.32506622615114E-05
A305W,3.16248474566182E-05
A305Y,6.79004077745037E-05
Q306A,0.00021602561240587
Q306C,3.11597761704914E-05
Q306D,9.04563651516504E-05
Q306E,0.000237186355924636
Q306F,0.000211374899544602
Q306G,2.74392058814775E-05
Q306H,0.000181377801589428
Q306I,7.92946542846087E-05
Q306K,0.000186028514450695
Q306L,0.000185330907521505
Q306M,9.55721492990446E-05
Q306N,0.000184400764949251
Q306P,3.67406316040123E-05
Q306R,8.04573324999256E-05
Q306S,9.71998988004881E-05
Q306T,8.30152245736226E-05
Q306V,0.000189284013453582
Q306W,0.000136265886835134
Q306Y,0.000123941497752776
F307A,0.000127429532398726
F307C,4.88324850433074E-06
F307D,0.000103478361163199
F307E,2.27884930202101E-05
F307G,2.60439920230973E-05
F307H,9.76649700866149E-06
F307I,2.30210286632735E-05
F307K,7.81319760692919E-05
F307L,9.18515790100307E-05
F307M,0.000100222862160312
F307N,5.34831979045748E-06
F307P,4.97626276155609E-05
F307Q,3.65080959609489E-05
F307R,0.000136033351192071
F307S,3.95310593207727E-06
F307T,8.53405810042563E-05
F307V,6.41798374854898E-05
F307W,0.0002374188915677
F307Y,7.90621186415454E-05
A308C,9.55721492990446E-05
A308D,3.81358454623925E-05
A308E,1.74401732297527E-05
A308F,4.58095216834836E-05
A308G,3.39502038872518E-05
A308H,6.53425157008066E-05
A308I,6.60401226299967E-05
A308K,5.85989820519689E-05
A308L,5.13903771170045E-05
A308M,1.93004583742596E-05
A308N,9.99903265172486E-05
A308P,8.83635443640801E-05
A308Q,4.1623880108343E-05
A308R,8.60381879334464E-06
A308S,2.32535643063369E-05
A308T,3.9065988034646E-05
A308V,2.13932791618299E-05
A308W,3.76707741762657E-05
A308Y,2.09282078757032E-06
P309A,4.65071286126737E-05
P309C,3.39502038872518E-05
P309D,8.18525463583058E-05
P309E,6.18544810548561E-05
P309F,3.69731672470756E-05
P309G,1.97655296603863E-05
P309H,2.23234217340834E-05
P309I,4.41817721820401E-06
P309K,3.02296335982379E-05
P309L,8.02247968568622E-05
P309M,2.46487781647171E-05
P309N,1.20918534392952E-05
P309Q,2.86018840967944E-05
P309R,2.209088609102E-05
P309S,5.58085543352085E-06
P309T,2.55789207369706E-05
P309V,2.58114563800339E-05
P309W,3.0927240527428E-05
P309Y,9.53396136559812E-06
S310A,2.62765276661607E-05
S310C,5.99941959103491E-05
S310D,8.0689868142989E-05
S310E,1.9532994017323E-05
S310F,3.7205702890139E-05
S310G,8.60381879334464E-05
S310H,1.93004583742596E-05
S310I,5.2320519689258E-05
S310K,6.65051939161235E-05
S310L,4.74372711849272E-05
S310M,4.76698068279906E-05
S310N,2.09282078757032E-05
S310P,7.37137988510879E-05
S310Q,6.18544810548561E-05
S310R,2.79042771676042E-05
S310T,0.000395078057564664
S310V,0.000144637169985415
S310W,3.83683811054558E-05
S310Y,6.13894097687294E-05
A311C,4.53444503973569E-05
A311D,0.000190679227311962
A311E,0.000177889766943477
A311F,9.60372205851713E-05
A311G,4.41817721820401E-05
A311H,5.97616602672858E-05
A311I,6.65051939161235E-05
A311K,5.25530553323213E-05
A311L,0.000103013289877072
A311M,8.53405810042563E-05
A311N,3.95310593207727E-05
A311P,3.41827395303152E-05
A311Q,0.000176494553085097
A311R,1.93004583742596E-05
A311S,0.000163705092716612
A311T,8.90611512932702E-05
A311V,5.60410899782719E-05
A311W,0.000115105143316368
A311Y,7.48764770664047E-05
S312A,4.25540226805965E-05
S312C,2.88344197398577E-05
S312D,2.76717415245409E-05
S312E,1.18593177962318E-05
S312F,3.62755603178855E-05
S312G,2.09282078757032E-05
S312H,7.8829582998482E-05
S312I,5.09253058308778E-05
S312K,1.81377801589428E-05
S312L,6.34822305562997E-05
S312M,1.86028514450695E-06
S312N,1.41846742268655E-05
S312P,2.48813138077805E-05
S312Q,8.3247760216686E-05
S312R,6.48774444146799E-05
S312T,2.11607435187666E-05
S312V,2.81368128106676E-05
S312W,1.16267821531684E-05
S312Y,9.99903265172486E-06
A313C,5.34831979045748E-06
A313D,1.55798880852457E-05
A313E,1.88353870881329E-05
A313F,7.67367622109117E-06
A313G,2.02306009465131E-05
A313H,4.65071286126737E-05
A313I,2.209088609102E-05
A313K,7.6271690924785E-05
A313L,1.30219960115486E-05
A313M,5.65061612643986E-05
A313N,1.09291752239783E-05
A313P,4.85999494002441E-05
A313Q,0.000122313748251332
A313R,3.25549900288716E-06
A313S,2.09282078757032E-06
A313T,3.44152751733786E-05
A313V,4.30190939667232E-05
A313W,6.97606929190106E-06
A313Y,7.20860493496443E-06
F314A,5.97616602672858E-05
F314C,2.6509063309224E-05
F314D,7.85970473554186E-05
F314E,6.95281572759473E-05
F314G,3.95310593207727E-06
F314H,9.99903265172486E-06
F314I,4.95300919724975E-05
F314K,2.76717415245409E-05
F314L,7.90621186415454E-06
F314M,1.93004583742596E-05
F314N,2.51138494508438E-05
F314P,6.67377295591868E-05
F314Q,5.30181266184481E-05
F314S,2.86018840967944E-05
F314T,5.11578414739411E-06
F314V,2.99970979551746E-05
F314W,1.0696639580915E-05
F314Y,2.44162425216537E-05
F315A,2.34860999494002E-05
F315C,2.44162425216537E-05
F315D,1.58124237283091E-05
F315E,4.27865583236598E-05
F315G,7.51090127094681E-05
F315H,1.74401732297527E-05
F315I,4.27865583236598E-05
F315K,9.06889007947138E-06
F315L,4.23214870375331E-05
F315M,1.90679227311962E-05
F315N,1.46497455129922E-05
F315P,6.90630859898205E-05
F315Q,3.16248474566182E-05
F315R,1.46497455129922E-05
F315S,2.34860999494002E-05
F315T,4.18564157514064E-05
F315V,2.09282078757032E-05
F315W,1.83703158020061E-05
F315Y,6.76678721314403E-05
G316A,1.86028514450695E-06
G316C,1.72076375866893E-05
G316D,4.81348781141173E-05
G316E,5.58085543352085E-06
G316F,7.13884424204542E-05
G316H,3.0927240527428E-05
G316I,5.95291246242224E-05
G316K,1.39521385838021E-05
G316L,4.1623880108343E-05
G316N,3.60430246748222E-05
G316P,3.65080959609489E-05
G316Q,1.34870672976754E-05
G316R,3.16248474566182E-05
G316S,9.32467928684109E-05
G316T,2.30210286632735E-05
G316V,1.44172098699289E-05
G316W,4.55769860404203E-05
G316Y,3.62755603178855E-05
M317A,2.99970979551746E-05
M317C,1.93004583742596E-05
M317D,5.55760186921451E-05
M317E,1.37196029407388E-05
M317F,9.53396136559812E-06
M317G,0.000119058249248445
M317H,0.000103013289877072
M317I,0.000118360642319255
M317K,9.30142572253475E-07
M317L,0.000178819909515731
M317N,1.48822811560556E-05
M317P,0.000109989359168973
M317Q,5.99941959103491E-05
M317R,3.16248474566182E-05
M317S,6.97606929190106E-06
M317T,2.23234217340834E-05
M317V,1.02315682947882E-05
M317W,5.81339107658422E-06
M317Y,2.62765276661607E-05
S318A,2.46487781647171E-05
S318C,9.71998988004881E-05
S318D,3.95310593207727E-06
S318E,2.02306009465131E-05
S318F,3.13923118135548E-05
S318G,1.48822811560556E-05
S318H,1.23243890823585E-05
S318I,1.69751019436259E-05
S318K,1.67425663005626E-05
S318L,1.5114816799119E-05
S318M,3.39502038872518E-05
S318N,9.30142572253475E-06
S318P,9.06889007947138E-06
S318Q,2.79042771676042E-06
S318R,6.83654790606304E-05
S318T,2.92994910259845E-05
S318V,8.02247968568622E-05
S318W,6.23195523409828E-05
S318Y,5.72037681935887E-05
R319A,1.0696639580915E-05
R319C,1.39521385838021E-06
R319D,9.55721492990446E-05
R319E,5.20879840461946E-05
R319F,9.04563651516504E-05
R319G,3.25549900288716E-06
R319H,5.2320519689258E-05
R319I,1.48822811560556E-05
R319K,5.74363038366521E-05
R319M,1.90679227311962E-05
R319N,5.25530553323213E-05
R319P,2.95320266690478E-05
R319Q,0.000121848676965205
R319S,4.85999494002441E-05
R319T,4.48793791112302E-05
R319V,4.18564157514064E-06
R319W,6.74353364883769E-05
R319Y,4.02286662499628E-05
I320A,2.27884930202101E-05
I320C,5.55760186921451E-05
I320D,2.55789207369706E-05
I320E,3.99961306068994E-05
I320F,6.18544810548561E-05
I320G,5.20879840461946E-05
I320H,6.51099800577432E-06
I320K,2.81368128106676E-05
I320L,8.30152245736226E-05
I320M,0.000140684064053338
I320N,5.85989820519689E-05
I320P,7.55740839955948E-05
I320Q,7.09233711343275E-05
I320R,4.20889513944697E-05
I320S,5.9296588981159E-05
I320V,4.74372711849272E-05
I320W,2.95320266690478E-05
I320Y,6.04592671964759E-06
G321A,0.000141381670982528
G321C,9.02238295085871E-05
G321D,7.97597255707355E-05
G321E,8.02247968568622E-05
G321F,0.000198352903533054
G321I,3.99961306068994E-05
G321K,0.000199748117391434
G321L,0.000213700255975236
G321M,6.51099800577433E-05
G321N,0.000172308911509956
G321R,0.000233465785635622
G321S,0.000123476426466649
G321T,0.00013254531654612
G321V,0.000134405601690627
G321W,4.65071286126737E-05
G321Y,4.88324850433074E-05
M322A,1.60449593713724E-05
M322C,4.76698068279906E-05
M322D,8.83635443640801E-06
M322E,4.37167008959133E-05
M322F,4.90650206863708E-05
M322G,3.79033098193291E-05
M322H,1.13942465101051E-05
M322I,0.000213700255975236
M322K,1.86028514450695E-05
M322L,5.0460234544751E-05
M322N,3.37176682441885E-05
M322P,5.58085543352085E-06
M322Q,2.18583504479567E-05
M322R,9.13865077239039E-05
M322S,4.06937375360895E-05
M322T,4.99951632586243E-05
M322V,4.27865583236598E-05
M322W,5.60410899782719E-05
M322Y,1.20918534392952E-05
E323A,0.000213700255975236
E323C,6.3714766199363E-05
E323D,0.000215095469833616
E323F,0.000212537577759919
E323G,0.000173006518439146
E323H,1.79052445158794E-05
E323I,0.000271369095454951
E323K,7.53415483525315E-05
E323L,7.13884424204542E-05
E323M,0.000545528618626663
E323N,0.000191609369884216
E323P,9.76649700866149E-06
E323Q,5.85989820519689E-05
E323R,0.000219978718337947
E323S,0.00032787525671935
E323T,0.000233233249992559
E323V,0.000180912730303301
E323W,7.4411405780278E-05
E323Y,0.0002609049915171
V324A,7.23185849927077E-05
V324C,7.58066196386582E-05
V324D,0.000113012322528797
V324E,0.000256719349941959
V324F,0.000219281111408757
V324G,0.000200910795606751
V324H,1.48822811560556E-05
V324I,0.000154171131351013
V324K,0.000148357740274429
V324L,0.000168123269934816
V324M,2.46487781647171E-05
V324N,0.000152078310563443
V324P,0.000117663035390065
V324Q,8.72008661487633E-05
V324R,0.000167658198648689
V324S,0.000108594145310593
V324T,0.000106733860166086
V324W,0.00015184577492038
V324Y,9.92927195880585E-05
T325A,3.34851326011251E-05
T325C,0.000136265886835134
T325D,0.000326247507217906
T325E,0.000116732892817811
T325F,7.23185849927077E-05
T325G,3.11597761704914E-05
T325H,0.000159519451141471
T325I,0.000274159523171712
T325K,0.000270438952882698
T325L,9.90601839449951E-05
T325M,6.58075869869334E-05
T325N,0.000259742313301783
T325P,3.62755603178855E-05
T325Q,0.000248813138077805
T325R,0.000267415989522874
T325S,0.000123941497752776
T325V,0.000159286915498408
T325W,0.000158821844212281
T325Y,0.000159286915498408
P326A,0.000189051477810519
P326C,9.18515790100307E-05
P326D,0.000272531773670268
P326E,0.000139288850194958
P326F,0.000251603565794565
P326G,0.000157426630353901
P326H,0.000179052445158794
P326I,0.000219746182694883
P326K,0.000472047355418639
P326L,0.000263462883590797
P326M,4.09262731791529E-05
P326N,7.18535137065809E-05
P326Q,0.000183005551090871
P326R,0.000292529838973718
P326S,5.58085543352085E-05
P326T,2.8369348453731E-05
P326V,0.000109524287882847
P326W,0.000171611304580766
P326Y,9.16190433669673E-05
S327A,0.000178587373872667
S327C,0.00026369541923386
S327D,0.000120220927463762
S327E,0.00013045249575855
S327F,0.000121616141322142
S327G,0.000119290784891508
S327H,0.000159054379855344
S327I,0.000188353870881329
S327K,0.000316015938923118
S327L,0.000139986457124148
S327M,8.3247760216686E-05
S327N,9.81300413727416E-05
S327P,8.37128315028128E-06
S327Q,8.23176176444325E-05
S327R,0.000205096437181891
S327T,8.39453671458761E-05
S327V,0.000245325103431854
S327W,0.000151380703634253
S327Y,0.000183470622376998
G328A,0.000224629431199214
G328C,0.00013115010268774
G328D,3.92985236777093E-05
G328E,0.000289971946900021
G328F,2.25559573771468E-05
G328H,0.000102780754234009
G328I,4.81348781141173E-05
G328K,1.37196029407388E-05
G328L,6.69702652022502E-05
G328M,4.18564157514064E-05
G328N,6.97606929190106E-05
G328P,8.13874750721791E-06
G328Q,4.20889513944697E-05
G328R,0.00013045249575855
G328S,8.02247968568622E-05
G328T,3.46478108164419E-05
G328V,6.13894097687294E-05
G328W,0.00015254338184957
G328Y,3.7205702890139E-05
T329A,0.000292994910259845
T329C,8.65032592195732E-05
T329D,3.65080959609489E-05
T329E,6.23195523409828E-05
T329F,0.000117663035390065
T329G,4.69721998988005E-05
T329H,0.000182307944161681
T329I,0.00012905728190017
T329K,6.04592671964759E-05
T329L,0.000119290784891508
T329M,8.766593743489E-05
T329N,4.04612018930262E-05
T329P,7.25511206357711E-05
T329Q,0.000106036253236896
T329R,1.9532994017323E-05
T329S,5.02276989016876E-05
T329V,0.000169053412507069
T329W,7.11559067773908E-05
T329Y,0.000128592210614043
W330A,7.32487275649612E-05
W330C,0.000123941497752776
W330D,6.09243384826026E-05
W330E,3.44152751733786E-05
W330F,7.13884424204542E-05
W330G,3.2787525671935E-05
W330H,0.000223699288626961
W330I,5.55760186921451E-05
W330K,6.25520879840462E-05
W330L,9.85951126588683E-05
W330M,0.000237651427210763
W330N,4.04612018930262E-05
W330P,2.32535643063369E-06
W330Q,4.83674137571807E-05
W330R,0.000124406569038902
W330S,2.79042771676042E-05
W330T,2.62765276661607E-05
W330V,8.46429740750662E-05
W330Y,0.000259742313301783
L331A,5.90640533380957E-05
L331C,1.34870672976754E-05
L331D,5.74363038366521E-05
L331E,1.16267821531684E-05
L331F,1.67425663005626E-05
L331G,1.46497455129922E-05
L331H,2.69741345953508E-05
L331I,0.000209514614400095
L331K,2.69741345953508E-05
L331M,7.90621186415454E-05
L331N,3.55779533886954E-05
L331P,0.000264160490519987
L331Q,3.88334523915826E-05
L331R,7.04582998482007E-05
L331S,2.32535643063369E-07
L331T,3.20899187427449E-05
L331V,4.69721998988005E-05
L331W,5.81339107658422E-06
L331Y,5.20879840461946E-05
T332A,9.30142572253475E-06
T332C,0.000112082179956544
T332D,1.86028514450695E-05
T332E,3.13923118135548E-05
T332F,1.34870672976754E-05
T332G,1.55798880852457E-05
T332H,0.000278577700389916
T332I,0.000147195062059112
T332K,0.00019532994017323
T332L,8.11549394291157E-05
T332M,0.000200445724320624
T332N,4.30190939667232E-05
T332P,5.06927701878144E-05
T332Q,8.99912938655237E-05
T332R,0.000394612986278537
T332S,0.000205794044111081
T332V,0.000188586406524392
T332W,6.62726582730601E-05
T332Y,2.3951171235527E-05
Y333A,5.11578414739411E-06
Y333C,1.0696639580915E-05
Y333D,8.9526222579397E-05
Y333E,0.000137893636336578
Y333F,2.51138494508438E-05
Y333G,2.53463850939072E-05
Y333H,1.65100306574992E-05
Y333I,1.18593177962318E-05
Y333K,7.72018334970384E-05
Y333L,1.46497455129922E-05
Y333M,5.6738696907462E-05
Y333P,2.3951171235527E-05
Y333Q,7.67367622109117E-06
Y333R,1.83703158020061E-05
Y333S,3.79033098193291E-05
Y333T,0.00017463426794059
Y333V,4.95300919724975E-05
Y333W,7.27836562788344E-05
T334A,3.69731672470756E-05
T334C,0.000212305042116856
T334D,6.8132943417567E-05
T334E,9.95252552311218E-05
T334F,8.99912938655237E-05
T334G,0.000105571181950769
T334H,4.46468434681668E-05
T334I,6.51099800577433E-05
T334K,0.000332060898294491
T334L,0.00024160453314284
T334M,9.95252552311218E-05
T334N,0.000123243890823585
T334P,2.11607435187666E-05
T334Q,0.000140684064053338
T334R,3.67406316040123E-05
T334S,0.000154403666994077
T334V,0.000196260082745483
T334W,0.000159286915498408
T334Y,0.000119058249248445
G335A,1.7672708872816E-05
G335C,3.74382385332024E-05
G335D,7.37137988510879E-05
G335E,8.02247968568622E-05
G335F,5.2320519689258E-05
G335H,3.11597761704914E-05
G335I,2.55789207369706E-05
G335K,9.99903265172486E-06
G335L,3.95310593207727E-06
G335M,5.09253058308778E-05
G335N,4.65071286126737E-07
G335P,1.67425663005626E-05
G335Q,2.32535643063369E-07
G335R,2.23234217340834E-05
G335S,2.209088609102E-05
G335T,6.20870166979195E-05
G335V,1.93004583742596E-05
G335W,1.41846742268655E-05
G335Y,2.02306009465131E-05
A336C,8.85960800071435E-05
A336D,2.86018840967944E-05
A336E,2.67415989522874E-05
A336F,0.000383683811054558
A336G,0.000156729023424711
A336H,9.58046849421079E-05
A336I,2.62765276661607E-05
A336K,0.000380428312051671
A336L,0.000137196029407388
A336M,7.37137988510879E-05
A336N,0.000119290784891508
A336P,7.30161919218978E-05
A336Q,0.000217653361907313
A336R,0.000146729990772986
A336S,0.000185330907521505
A336T,9.92927195880585E-05
A336V,0.000243232282644284
A336W,0.000141149135339465
A336Y,0.000305551834985267
I337A,7.67367622109117E-06
I337C,5.11578414739411E-06
I337D,4.74372711849272E-05
I337E,3.83683811054558E-05
I337F,5.4878411762955E-05
I337G,9.99903265172486E-06
I337H,5.34831979045748E-06
I337K,5.32506622615114E-05
I337L,9.2084114653094E-05
I337M,7.20860493496443E-05
I337N,1.3254531654612E-05
I337P,9.46420067267911E-05
I337Q,3.25549900288716E-05
I337R,2.8369348453731E-05
I337S,7.20860493496443E-06
I337T,1.09291752239783E-05
I337V,0.000196492618388547
I337W,5.55760186921451E-05
I337Y,2.76717415245409E-05
K338A,7.83645117123553E-05
K338C,0.000126266854183409
K338D,0.000110221894812037
K338E,0.000169518483793196
K338F,3.95310593207727E-05
K338G,4.55769860404203E-05
K338H,0.000140684064053338
K338I,4.46468434681668E-05
K338L,0.000144869705628479
K338M,0.000127894603684853
K338N,7.90621186415454E-05
K338P,9.6502291871298E-05
K338Q,0.000122313748251332
K338R,0.000109524287882847
K338S,8.88286156502069E-05
K338T,0.000109291752239783
K338V,3.37176682441885E-05
K338W,0.000120685998749888
K338Y,0.000242767211358157
L339A,2.209088609102E-05
L339C,2.27884930202101E-05
L339D,5.20879840461946E-05
L339E,4.51119147542935E-05
L339F,4.18564157514064E-05
L339G,4.97626276155609E-05
L339H,3.32525969580617E-05
L339I,8.9526222579397E-05
L339K,6.85980147036938E-05
L339M,0.000189051477810519
L339N,1.48822811560556E-05
L339P,4.92975563294342E-05
L339Q,3.18573830996815E-05
L339R,5.44133404768283E-05
L339S,3.06947048843647E-05
L339T,2.23234217340834E-05
L339V,0.000125569247254219
L339W,6.39473018424264E-05
L339Y,3.51128821025687E-05
D340A,8.41779027889395E-05
D340C,7.95271899276721E-05
D340E,0.000164635235288865
D340F,4.37167008959133E-05
D340G,6.74353364883769E-06
D340H,2.3951171235527E-05
D340I,1.74401732297527E-05
D340K,1.72076375866893E-05
D340L,2.55789207369706E-05
D340M,1.34870672976754E-05
D340N,0.000104873575021579
D340P,7.11559067773908E-05
D340Q,8.25501532874959E-05
D340R,7.4411405780278E-06
D340S,9.48745423698544E-05
D340T,2.13932791618299E-05
D340W,4.39492365389767E-05
D340Y,5.11578414739411E-05
D341A,0.000183238086733935
D341C,0.000212770113402982
D341E,0.000177889766943477
D341F,4.76698068279906E-05
D341G,4.83674137571807E-05
D341H,0.000364383352680299
D341I,9.13865077239039E-05
D341K,0.000234860999494002
D341L,5.20879840461946E-05
D341M,6.79004077745037E-05
D341N,0.000207654329255588
D341Q,8.20850820013692E-05
D341R,0.000204631365895764
D341S,6.90630859898205E-05
D341T,0.000280670521177486
D341V,0.000179750052087984
D341W,4.25540226805965E-05
D341Y,0.000244627496502664
K342A,0.000114640072030241
K342C,7.65042265678483E-05
K342D,2.88344197398577E-05
K342E,0.000172076375866893
K342F,2.97645623121112E-05
K342G,0.000100455397803375
K342H,7.76669047831652E-05
K342I,3.88334523915826E-05
K342L,7.23185849927077E-05
K342M,5.34831979045748E-05
K342N,4.97626276155609E-05
K342P,9.44094710837277E-05
K342Q,0.000108129074024466
K342R,0.000156496487781647
K342S,5.2320519689258E-05
K342T,0.000241837068785903
K342V,1.46497455129922E-05
K342W,2.34860999494002E-05
K342Y,6.95281572759473E-05
D343A,7.16209780635176E-05
D343C,0.000122546283894395
D343E,9.48745423698544E-05
D343F,2.41837068785903E-05
D343G,7.20860493496443E-05
D343H,0.000208351936184778
D343I,2.37186355924636E-05
D343K,8.11549394291157E-05
D343L,4.25540226805965E-05
D343M,6.62726582730601E-05
D343N,3.9065988034646E-05
D343P,6.32496949132363E-05
D343Q,0.000164170164002738
D343R,6.51099800577433E-05
D343S,0.000185330907521505
D343T,0.000104873575021579
D343V,2.18583504479567E-05
D343W,7.32487275649612E-05
D343Y,5.65061612643986E-05
P344A,8.72008661487633E-05
P344C,0.000233930856921749
P344D,3.76707741762657E-05
P344E,6.85980147036938E-05
P344F,6.62726582730601E-05
P344G,0.000118128106676191
P344H,0.000138358707622704
P344I,0.000261835134089353
P344K,9.09214364377772E-05
P344L,3.60430246748222E-05
P344M,0.000331828362651427
P344N,9.78975057296782E-05
P344Q,8.41779027889395E-05
P344R,0.000125336711611156
P344S,0.000249975816293121
P344T,0.00017812230258654
P344V,0.000135335744262881
P344W,2.209088609102E-05
P344Y,0.000105338646307706
N345A,0.000344385287376849
N345C,0.000123708962109712
N345D,0.000138823778908831
N345E,0.000101153004732565
N345F,6.79004077745037E-05
N345G,0.000149287882846683
N345H,0.000237186355924636
N345I,5.06927701878144E-05
N345K,0.000276484879602345
N345L,4.62745929696104E-05
N345M,9.30142572253475E-06
N345P,5.76688394797154E-05
N345Q,0.000145567312557669
N345R,0.000144869705628479
N345S,6.34822305562997E-05
N345T,0.000176262017442034
N345V,4.11588088222163E-05
N345W,9.8362577015805E-05
N345Y,0.0000869683305056999
F346A,8.55731166473197E-05
F346C,7.18535137065809E-05
F346D,3.30200613149984E-05
F346E,8.44104384320029E-05
F346G,4.18564157514064E-06
F346H,8.65032592195732E-05
F346I,1.62774950144358E-05
F346K,2.8369348453731E-05
F346L,5.83664464089056E-05
F346M,3.81358454623925E-05
F346N,2.3951171235527E-05
F346P,3.2787525671935E-05
F346Q,3.9065988034646E-05
F346R,2.48813138077805E-05
F346S,9.97577908741852E-05
F346T,2.209088609102E-05
F346V,6.30171592701729E-05
F346W,4.02286662499628E-05
F346Y,0.000115337678959431
K347A,8.46429740750662E-05
K347C,0.000152775917492633
K347D,0.000166960591719499
K347E,0.000144404634342352
K347F,0.000101385540375629
K347G,0.000202073473822067
K347H,3.18573830996815E-05
K347I,0.00010836160966753
K347L,0.000249278209363931
K347M,0.000375079992261214
K347N,0.000156729023424711
K347P,5.02276989016876E-05
K347Q,0.000112082179956544
K347R,0.000125104175968092
K347S,8.41779027889395E-05
K347T,0.000239976783641397
K347V,0.000191609369884216
K347W,0.000149055347203619
K347Y,5.85989820519689E-05
D348A,0.00013115010268774
D348C,0.00015463620263714
D348E,0.000172308911509956
D348F,5.6738696907462E-05
D348G,0.00017533187486978
D348H,3.79033098193291E-05
D348I,9.95252552311218E-05
D348K,7.48764770664047E-05
D348L,0.000120453463106825
D348M,8.46429740750662E-05
D348N,0.000269043739024318
D348P,3.37176682441885E-05
D348Q,0.000127894603684853
D348R,0.000202771080751258
D348S,0.000143241956127035
D348T,6.02267315534125E-05
D348V,7.92946542846087E-05
D348W,0.000170913697651576
D348Y,0.00019881797481918
Q349A,0.000163472557073548
Q349C,1.3254531654612E-05
Q349D,5.55760186921451E-05
Q349E,0.000179284980801857
Q349F,0.000118825713605381
Q349G,0.000102315682947882
Q349H,0.000264858097449177
Q349I,6.23195523409828E-05
Q349K,1.39521385838021E-05
Q349L,0.000146729990772986
Q349M,0.00019672515403161
Q349N,5.97616602672858E-05
Q349P,3.92985236777093E-05
Q349R,2.16258148048933E-05
Q349S,0.000225559573771468
Q349T,3.62755603178855E-05
Q349V,0.000119755856177635
Q349W,0.000158124237283091
Q349Y,2.41837068785903E-05
V350A,2.34860999494002E-05
V350C,0.00019463233324404
V350D,1.16267821531684E-05
V350E,9.48745423698544E-05
V350F,0.000128592210614043
V350G,4.41817721820401E-06
V350H,1.86028514450695E-06
V350I,9.3944399797601E-05
V350K,0.000157659165996964
V350L,0.000125104175968092
V350M,9.37118641545376E-05
V350N,4.23214870375331E-05
V350P,7.67367622109117E-06
V350Q,5.46458761198917E-05
V350R,6.53425157008066E-05
V350S,1.79052445158794E-05
V350T,9.18515790100307E-05
V350W,6.53425157008066E-05
V350Y,8.92936869363336E-05
I351A,6.62726582730601E-05
I351C,0.000114640072030241
I351D,0.000119755856177635
I351E,0.000186726121379885
I351F,0.000157659165996964
I351G,0.000155101273923267
I351H,0.000138823778908831
I351K,0.000170913697651576
I351L,7.83645117123553E-05
I351M,0.000154868738280204
I351N,0.00013115010268774
I351P,1.88353870881329E-05
I351Q,0.000166030449147245
I351R,0.000110221894812037
I351S,0.000139521385838021
I351T,0.000163007485787421
I351V,0.000133707994761437
I351W,0.000313225511206358
I351Y,0.000103943432449326
L352A,2.11607435187666E-05
L352C,1.39521385838021E-06
L352D,1.5114816799119E-05
L352E,6.41798374854898E-05
L352F,0.000125569247254219
L352G,1.72076375866893E-05
L352H,6.44123731285531E-05
L352I,2.209088609102E-05
L352K,7.67367622109117E-06
L352M,0.000138358707622704
L352N,4.23214870375331E-05
L352P,5.58085543352085E-06
L352Q,4.44143078251034E-05
L352R,5.18554484031312E-05
L352S,0.00011254725124267
L352T,2.209088609102E-05
L352V,2.6509063309224E-05
L352W,7.90621186415454E-06
L352Y,5.58085543352085E-06
L353A,7.72018334970384E-05
L353C,9.06889007947138E-06
L353D,4.13913444652796E-05
L353E,7.20860493496443E-05
L353F,0.00010696639580915
L353G,9.44094710837277E-05
L353H,0.000109989359168973
L353I,6.51099800577433E-05
L353K,1.62774950144358E-06
L353M,0.000119988391820698
L353N,0.000161844807572105
L353P,0.000178587373872667
L353Q,2.53463850939072E-05
L353R,0.000274624594457838
L353S,2.97645623121112E-05
L353T,1.69751019436259E-05
L353V,9.62697562282347E-05
L353W,4.88324850433074E-06
L353Y,4.18564157514064E-05
N354A,0.000186028514450695
N354C,5.6738696907462E-05
N354D,5.25530553323213E-05
N354E,6.3714766199363E-05
N354F,5.44133404768283E-05
N354G,0.000190911762955026
N354H,0.000167890734291752
N354I,0.000254393993511325
N354K,0.000188121335238265
N354L,0.000316015938923118
N354M,0.000184865836235378
N354P,4.65071286126738E-06
N354Q,0.000226954787629848
N354R,0.000245790174717981
N354S,0.000191144298598089
N354T,0.000204166294609638
N354V,0.000137196029407388
N354W,0.000104873575021579
N354Y,8.34802958597494E-05
K355A,4.62745929696104E-05
K355C,6.83654790606304E-05
K355D,1.53473524421823E-05
K355E,4.7902342471054E-05
K355F,5.39482691907015E-05
K355G,2.04631365895765E-05
K355H,0.000109524287882847
K355I,2.95320266690478E-05
K355L,3.04621692413013E-05
K355M,6.27846236271096E-05
K355N,7.53415483525315E-05
K355P,5.46458761198917E-05
K355Q,8.65032592195732E-05
K355R,7.85970473554186E-05
K355S,5.37157335476382E-05
K355T,0.000104175968092389
K355V,3.58104890317588E-05
K355W,2.48813138077805E-05
K355Y,2.53463850939072E-05
H356A,1.62774950144358E-06
H356C,7.02257642051374E-05
H356D,1.65100306574992E-05
H356E,1.41846742268655E-05
H356F,1.79052445158794E-05
H356G,3.02296335982379E-05
H356I,2.18583504479567E-05
H356K,3.79033098193291E-05
H356L,1.55798880852457E-05
H356M,3.34851326011251E-05
H356N,1.69751019436259E-05
H356P,7.6271690924785E-05
H356Q,2.6509063309224E-05
H356R,4.39492365389767E-05
H356S,6.51099800577433E-05
H356T,2.27884930202101E-05
H356V,2.97645623121112E-05
H356W,4.1623880108343E-05
I357A,3.20899187427449E-05
I357C,2.37186355924636E-05
I357D,0.00010836160966753
I357E,7.90621186415454E-06
I357F,7.4411405780278E-06
I357K,1.25569247254219E-05
I357L,1.30219960115486E-05
I357M,4.85999494002441E-05
I357N,2.6509063309224E-05
I357P,7.99922612137989E-05
I357Q,1.16267821531684E-05
I357R,4.39492365389767E-05
I357S,8.60381879334464E-06
I357T,5.25530553323213E-05
I357V,7.11559067773908E-05
I357W,9.58046849421079E-05
I357Y,2.06956722326398E-05
D358A,7.90621186415454E-06
D358C,4.30190939667232E-05
D358E,3.7205702890139E-06
D358F,1.37196029407388E-05
D358G,2.46487781647171E-05
D358H,3.25549900288716E-06
D358I,2.8369348453731E-05
D358K,1.81377801589428E-05
D358L,4.88324850433074E-05
D358M,5.27855909753847E-05
D358N,0.000148357740274429
D358P,7.90621186415454E-06
D358Q,8.83635443640801E-06
D358R,4.32516296097866E-05
D358S,3.95310593207727E-05
D358T,3.55779533886954E-05
D358V,1.02315682947882E-05
D358W,3.53454177456321E-05
D358Y,8.11549394291157E-05
A359C,5.39482691907015E-05
A359D,2.209088609102E-05
A359E,2.06956722326398E-05
A359F,2.53463850939072E-05
A359G,9.53396136559812E-06
A359H,2.90669553829211E-05
A359I,5.81339107658422E-06
A359K,3.99961306068994E-05
A359L,4.41817721820401E-06
A359M,1.72076375866893E-05
A359N,9.06889007947138E-06
A359P,1.11617108670417E-05
A359Q,9.76649700866149E-06
A359R,3.16248474566182E-05
A359S,4.51119147542935E-05
A359V,3.79033098193291E-05
A359W,8.92936869363336E-05
A359Y,2.6509063309224E-05
Y360A,2.41837068785903E-05
Y360D,5.34831979045748E-06
Y360E,1.11617108670417E-05
Y360F,4.04612018930262E-05
Y360G,1.25569247254219E-05
Y360H,1.9532994017323E-05
Y360I,3.48803464595053E-06
Y360K,9.06889007947138E-06
Y360L,4.90650206863708E-05
Y360M,3.32525969580617E-05
Y360N,1.90679227311962E-05
Y360P,3.55779533886954E-05
Y360Q,1.88353870881329E-05
Y360R,2.46487781647171E-05
Y360S,7.65042265678483E-05
Y360T,3.18573830996815E-05
Y360V,3.86009167485192E-05
Y360W,0.000140916599696401
K361A,2.41837068785903E-05
K361C,4.55769860404203E-05
K361D,1.25569247254219E-05
K361E,2.95320266690478E-05
K361F,7.4411405780278E-06
K361G,2.25559573771468E-05
K361H,1.34870672976754E-05
K361I,9.16190433669673E-05
K361L,6.32496949132363E-05
K361M,5.95291246242224E-05
K361N,5.85989820519689E-05
K361P,6.02267315534125E-05
K361Q,8.04573324999256E-05
K361R,0.000105338646307706
K361S,1.46497455129922E-05
K361T,3.76707741762657E-05
K361V,5.81339107658422E-05
K361W,6.32496949132363E-05
K361Y,1.88353870881329E-05
T362A,0.000116267821531684
T362C,6.67377295591868E-05
T362D,2.8369348453731E-05
T362E,0.000158124237283091
T362F,0.000128127139327916
T362G,9.06889007947138E-05
T362H,0.000230675357918862
T362I,1.11617108670417E-05
T362K,0.000354384320028574
T362L,7.92946542846087E-05
T362M,6.83654790606304E-05
T362N,0.00010975682352591
T362P,4.18564157514064E-05
T362Q,0.000180912730303301
T362R,0.000214165327261363
T362S,0.000111384573027354
T362V,9.76649700866149E-05
T362W,0.000143009420483972
T362Y,0.000234628463850939
F363A,3.76707741762657E-05
F363C,0.000234395928207876
F363D,0.000106036253236896
F363E,6.3714766199363E-05
F363G,7.58066196386582E-05
F363H,0.000116732892817811
F363I,5.02276989016876E-05
F363K,0.000169285948150132
F363L,2.97645623121112E-05
F363M,0.000102780754234009
F363N,2.67415989522874E-05
F363P,1.02315682947882E-05
F363Q,0.000256486814298896
F363R,0.000150450561062
F363S,0.00024230214007203
F363T,0.000206026579754145
F363V,0.000208351936184778
F363W,0.000141381670982528
F363Y,5.0460234544751E-05
P364A,6.1156874125666E-05
P364C,8.11549394291157E-05
P364D,0.00010905921659672
P364E,0.000116732892817811
P364F,5.76688394797154E-05
P364G,0.000131382638330803
P364H,0.000157891701640027
P364I,7.30161919218978E-05
P364K,0.00039345030806322
P364L,0.000157891701640027
P364M,0.000197190225317737
P364N,0.000427633047593535
P364Q,7.76669047831652E-05
P364R,0.000227652394559038
P364S,0.00011115203738429
P364T,0.000231605500491115
P364V,0.000159054379855344
P364W,0.000133010387832247
P364Y,7.48764770664047E-05
P365A,0.000131615173973867
P365C,8.41779027889395E-05
P365D,3.39502038872518E-05
P365E,3.23224543858083E-05
P365F,9.18515790100307E-05
P365G,0.000150218025418936
P365H,0.000217188290621186
P365I,4.81348781141173E-05
P365K,0.000449956469327619
P365L,6.06918028395392E-05
P365M,7.39463344941513E-05
P365N,0.000113942465101051
P365Q,5.69712325505253E-05
P365R,0.000343222609161532
P365S,0.000114407536387177
P365T,0.000105106110664643
P365V,6.9993228562074E-05
P365W,0.000189051477810519
P365Y,7.83645117123553E-05
T366A,6.06918028395392E-05
T366C,0.00015324098877876
T366D,9.58046849421079E-05
T366E,3.53454177456321E-05
T366F,9.04563651516504E-05
T366G,9.74324344435515E-05
T366H,0.000155798880852457
T366I,0.000154403666994077
T366K,3.97635949638361E-05
T366L,0.000196957689674673
T366M,0.000120918534392952
T366N,9.30142572253475E-05
T366P,0.000269973881596571
T366Q,0.000214397862904426
T366R,0.000235326070780129
T366S,0.000151380703634253
T366V,3.32525969580617E-05
T366W,3.18573830996815E-05
T366Y,4.6042057326547E-05
E367A,5.81339107658422E-05
E367C,0.000118360642319255
E367D,0.000264625561806114
E367F,0.000252301172723755
E367G,9.74324344435515E-05
E367I,0.000113012322528797
E367K,0.000134173066047564
E367M,0.000280437985534423
E367N,0.000131382638330803
E367R,0.000247185388576361
E367S,9.2084114653094E-05
E367T,3.30200613149984E-05
E367V,0.00039345030806322
E367W,0.000258579635086466
E367Y,0.000158124237283091
P368A,0.000192772048099533
P368C,5.58085543352085E-05
P368D,2.46487781647171E-05
P368E,5.41808048337649E-05
P368F,2.53463850939072E-05
P368G,8.11549394291157E-05
P368H,8.83635443640801E-05
P368I,3.02296335982379E-06
P368K,7.37137988510879E-05
P368L,1.86028514450695E-06
P368M,5.13903771170045E-05
P368N,0.000111617108670417
P368Q,5.11578414739411E-05
P368R,0.000214165327261363
P368S,8.5108045361193E-05
P368T,7.78994404262285E-05
P368V,6.1156874125666E-05
P368W,7.55740839955948E-05
P368Y,0.000132777852189184
K369A,5.11578414739411E-05
K369C,2.06956722326398E-05
K369D,7.8829582998482E-05
K369E,4.1623880108343E-05
K369F,1.39521385838021E-06
K369G,3.37176682441885E-05
K369H,9.09214364377772E-05
K369I,5.95291246242224E-05
K369L,6.20870166979195E-05
K369M,6.02267315534125E-05
K369N,4.97626276155609E-05
K369P,4.44143078251034E-05
K369Q,5.58085543352085E-05
K369R,2.30210286632735E-05
K369S,8.02247968568622E-05
K369T,1.39521385838021E-05
K369V,5.34831979045748E-06
K369W,4.55769860404203E-05
K369Y,1.41846742268655E-05
K370A,0.000103013289877072
K370C,7.92946542846087E-05
K370D,8.39453671458761E-05
K370E,1.79052445158794E-05
K370F,4.6042057326547E-05
K370G,2.27884930202101E-05
K370H,4.09262731791529E-05
K370I,4.11588088222163E-05
K370L,5.55760186921451E-05
K370M,6.02267315534125E-05
K370N,0.000128127139327916
K370P,0.000124871640325029
K370Q,4.04612018930262E-05
K370R,0.000146032383843796
K370S,0.000124639104681966
K370T,0.000150683096705063
K370V,0.000150450561062
K370W,7.83645117123553E-05
K370Y,5.09253058308778E-05
D371A,8.53405810042563E-05
D371C,0.000151613239277316
D371E,7.11559067773908E-05
D371F,0.000146032383843796
D371G,4.20889513944697E-05
D371H,0.000240441854927523
D371I,0.000117663035390065
D371K,0.00026439302616305
D371L,0.000336246539869631
D371M,0.000308342262702027
D371N,0.000192074441170343
D371P,0.000148357740274429
D371Q,0.0002609049915171
D371R,0.000141149135339465
D371S,0.000129289817543233
D371T,0.000191144298598089
D371V,0.000108129074024466
D371W,3.32525969580617E-05
D371Y,0.000251836101437628
K372A,0.000155101273923267
K372C,0.000181610337232491
K372D,3.62755603178855E-05
K372E,3.02296335982379E-05
K372F,7.8829582998482E-05
K372G,6.97606929190106E-05
K372H,8.90611512932702E-05
K372I,3.83683811054558E-05
K372L,1.9532994017323E-05
K372M,2.6509063309224E-05
K372N,0.000161379736285978
K372P,0.000122546283894395
K372Q,5.02276989016876E-05
K372R,7.41788701372146E-05
K372S,1.13942465101051E-05
K372T,4.6042057326547E-05
K372V,9.53396136559812E-05
K372W,6.69702652022502E-05
K372Y,0.00010626878887996
K373A,8.62707235765098E-05
K373C,5.34831979045748E-05
K373D,5.74363038366521E-05
K373E,1.62774950144358E-05
K373F,0.000146264919486859
K373G,2.27884930202101E-05
K373H,0.000243929889573474
K373I,7.85970473554186E-05
K373L,0.000152078310563443
K373M,8.09224037860523E-05
K373N,0.00010766400273834
K373P,9.37118641545376E-05
K373Q,9.78975057296782E-05
K373R,0.000234860999494002
K373S,3.9065988034646E-05
K373T,0.000100687933446439
K373V,3.16248474566182E-05
K373W,0.000102083147304819
K373Y,2.30210286632735E-05
K374A,0.000214397862904426
K374C,0.000115802750245558
K374D,8.5108045361193E-05
K374E,5.44133404768283E-05
K374F,3.25549900288716E-05
K374G,5.41808048337649E-05
K374H,4.13913444652796E-05
K374I,1.65100306574992E-05
K374L,5.02276989016876E-05
K374M,1.34870672976754E-05
K374N,7.16209780635176E-05
K374P,0.000107896538381403
K374Q,0.000136730958121261
K374R,6.9993228562074E-05
K374S,3.9065988034646E-05
K374T,4.1623880108343E-05
K374V,0.000112779786885734
K374W,0.000240441854927523
K374Y,0.00015463620263714
K375A,6.46449087716165E-05
K375C,4.32516296097866E-05
K375D,2.74392058814775E-05
K375E,3.23224543858083E-05
K375F,9.78975057296782E-05
K375G,0.000100455397803375
K375H,5.6738696907462E-05
K375I,9.37118641545376E-05
K375L,7.53415483525315E-05
K375M,4.88324850433074E-05
K375N,4.11588088222163E-05
K375P,0.000165565377861119
K375Q,4.13913444652796E-05
K375R,0.0001339405304045
K375S,2.79042771676042E-05
K375T,5.53434830490818E-05
K375V,5.99941959103491E-05
K375W,4.88324850433074E-05
K375Y,2.51138494508438E-05
A376C,0.000351826427954877
A376D,3.58104890317588E-05
A376E,0.000187191192666012
A376F,0.000139288850194958
A376G,9.16190433669673E-05
A376H,0.000158821844212281
A376I,9.6502291871298E-05
A376K,0.000341827395303152
A376L,2.34860999494002E-05
A376M,0.000113477393814924
A376N,0.000113942465101051
A376P,0.000176959624371224
A376Q,9.37118641545376E-05
A376R,5.34831979045748E-05
A376S,0.000104408503735453
A376T,5.95291246242224E-05
A376V,0.000120918534392952
A376W,7.69692978539751E-05
A376Y,0.000120685998749888
D377A,0.00021951364705182
D377C,0.00010975682352591
D377E,0.000125801782897282
D377F,6.9993228562074E-05
D377G,0.000148125204631366
D377H,0.000174866803583653
D377I,0.00017184384022383
D377K,0.000155101273923267
D377L,0.000196957689674673
D377M,0.0001739366610114
D377N,0.000138126171979641
D377P,0.000201608402535941
D377Q,0.000140684064053338
D377R,0.000162774950144358
D377S,0.000180680194660238
D377T,0.000220676325267137
D377V,0.00023951171235527
D377W,8.02247968568622E-05
D377Y,0.00010696639580915
E378A,5.4878411762955E-05
E378C,0.000138591243265768
E378D,0.000142079277911718
E378F,4.92975563294342E-05
E378G,0.000375312527904277
E378H,0.000207189257969462
E378I,0.000168123269934816
E378K,0.000135800815549007
E378L,0.000153473524421823
E378M,0.000200213188677561
E378N,0.000111617108670417
E378P,9.48745423698544E-05
E378Q,0.000149985489775873
E378R,0.000289971946900021
E378S,0.0001339405304045
E378T,0.000106733860166086
E378V,0.000122778819537459
E378W,0.000130685031401613
E378Y,0.000236721284638509
T379A,3.53454177456321E-05
T379C,9.18515790100307E-05
T379D,6.8132943417567E-05
T379E,0.000121616141322142
T379F,3.16248474566182E-05
T379G,9.78975057296782E-05
T379H,3.41827395303152E-05
T379I,3.32525969580617E-05
T379K,0.000560643435425782
T379L,2.04631365895765E-05
T379M,5.06927701878144E-05
T379N,0.000113477393814924
T379P,1.81377801589428E-05
T379Q,0.000152310846206507
T379R,0.000167890734291752
T379S,0.000117895571033128
T379V,6.60401226299967E-05
T379W,9.23166502961574E-05
T379Y,1.53473524421823E-05
Q380A,4.76698068279906E-05
Q380C,1.41846742268655E-05
Q380D,0.0001339405304045
Q380E,4.90650206863708E-05
Q380F,6.90630859898205E-05
Q380G,0.000149520418489746
Q380H,9.18515790100307E-05
Q380I,2.8369348453731E-05
Q380K,0.000212537577759919
Q380L,0.000104408503735453
Q380M,3.99961306068994E-05
Q380N,8.48755097181296E-05
Q380P,0.00015393859570795
Q380R,0.000154171131351013
Q380S,0.000174866803583653
Q380T,0.000132080245259993
Q380V,7.16209780635176E-05
Q380W,6.48774444146799E-05
Q380Y,0.000111617108670417
A381C,0.000235558606423193
A381D,0.000140451528410275
A381E,6.92956216328839E-05
A381F,5.32506622615114E-05
A381G,0.00022021125398101
A381H,0.000281833199392803
A381I,7.32487275649612E-05
A381K,9.88276483019317E-05
A381L,5.88315176950323E-05
A381M,0.000116267821531684
A381N,9.34793285114742E-05
A381P,9.85951126588683E-05
A381Q,0.000159984522427598
A381R,0.00010905921659672
A381S,7.55740839955948E-05
A381T,0.000123708962109712
A381V,6.02267315534125E-05
A381W,8.85960800071435E-05
A381Y,9.85951126588683E-05
L382A,8.23176176444325E-05
L382C,3.46478108164419E-05
L382D,3.62755603178855E-05
L382E,5.51109474060184E-05
L382F,0.000115105143316368
L382G,6.51099800577433E-05
L382H,8.58056522903831E-05
L382I,5.37157335476382E-05
L382K,0.000177889766943477
L382M,0.000249045673720868
L382N,0.000184168229306188
L382P,0.000187656263952139
L382Q,8.37128315028127E-05
L382R,8.30152245736226E-05
L382S,0.000319038902282942
L382T,0.000141846742268655
L382V,9.23166502961574E-05
L382W,2.06956722326398E-05
L382Y,0.000186028514450695
P383A,1.88353870881329E-05
P383C,3.41827395303152E-05
P383D,7.58066196386582E-05
P383E,4.97626276155609E-05
P383F,0.000193004583742596
P383G,1.34870672976754E-05
P383H,8.81310087210168E-05
P383I,0.000205794044111081
P383K,0.000118360642319255
P383L,1.58124237283091E-05
P383M,7.32487275649612E-05
P383N,0.000100222862160312
P383Q,4.30190939667232E-05
P383R,0.000726673884573027
P383S,0.0001339405304045
P383T,0.000236953820281573
P383V,7.74343691401018E-05
P383W,6.25520879840462E-05
P383Y,0.000109291752239783
Q384A,1.7672708872816E-05
Q384C,0.000185563443164568
Q384D,0.000347408250736673
Q384E,9.62697562282347E-05
Q384F,3.95310593207727E-06
Q384G,0.000114175000744114
Q384H,7.39463344941513E-05
Q384I,5.32506622615114E-05
Q384K,3.41827395303152E-05
Q384L,6.79004077745037E-05
Q384M,2.13932791618299E-05
Q384N,7.76669047831652E-05
Q384P,0.000114175000744114
Q384R,0.000226954787629848
Q384S,0.000123011355180522
Q384T,0.000115105143316368
Q384V,0.00017533187486978
Q384W,5.37157335476382E-05
Q384Y,0.000168588341220942
R385A,0.000109989359168973
R385C,4.18564157514064E-05
R385D,2.67415989522874E-05
R385E,6.97606929190106E-05
R385F,8.27826889305593E-05
R385G,4.97626276155609E-05
R385H,7.32487275649612E-05
R385I,0.000113477393814924
R385K,3.44152751733786E-05
R385L,0.000113012322528797
R385M,0.000113709929457987
R385N,6.95281572759473E-05
R385P,9.09214364377772E-05
R385Q,0.000177889766943477
R385S,7.41788701372146E-05
R385T,0.0001104544304551
R385V,3.37176682441885E-05
R385W,5.46458761198917E-05
R385Y,0.000116732892817811
Q386A,1.7672708872816E-05
Q386C,0.000244394960859601
Q386D,0.000205328972824955
Q386E,5.53434830490818E-05
Q386F,0.000188353870881329
Q386G,7.90621186415454E-05
Q386H,7.46439414233414E-05
Q386I,0.000172076375866893
Q386K,0.000484371744500997
Q386L,9.97577908741852E-05
Q386M,0.000105338646307706
Q386N,6.04592671964759E-05
Q386P,0.000234163392564812
Q386R,4.46468434681668E-05
Q386S,3.88334523915826E-05
Q386T,0.000233233249992559
Q386V,0.000176494553085097
Q386W,0.000179750052087984
Q386Y,0.000340199645801709
K387A,8.90611512932702E-05
K387C,3.81358454623925E-05
K387D,6.02267315534125E-05
K387E,0.000116267821531684
K387F,7.37137988510879E-05
K387G,9.3944399797601E-05
K387H,2.02306009465131E-05
K387I,4.88324850433074E-05
K387L,9.23166502961574E-05
K387M,8.90611512932702E-05
K387N,0.000103943432449326
K387P,4.81348781141173E-05
K387Q,7.67367622109117E-05
K387R,0.000121383605679078
K387S,2.74392058814775E-05
K387T,3.7205702890139E-05
K387V,3.9065988034646E-05
K387W,6.04592671964759E-06
K387Y,0.000102548218590946
K388A,0.000135103208619817
K388C,0.000120453463106825
K388D,5.60410899782719E-05
K388E,0.000133010387832247
K388F,6.25520879840462E-05
K388G,0.000156496487781647
K388H,0.000101385540375629
K388I,0.000105803717593833
K388L,4.62745929696104E-05
K388M,5.37157335476382E-05
K388N,9.02238295085871E-05
K388P,0.000108826680953657
K388Q,3.48803464595053E-05
K388R,4.27865583236598E-05
K388S,1.83703158020061E-05
K388T,0.000249045673720868
K388V,4.18564157514064E-06
K388W,0.000128824746257106
K388Y,2.86018840967944E-05
Q389A,0.000189516549096646
Q389C,0.000322061865642766
Q389D,0.000170448626365449
Q389E,9.02238295085871E-05
Q389F,5.30181266184481E-05
Q389G,0.000263462883590797
Q389H,0.000150915632348126
Q389I,0.000297180551834985
Q389K,0.000164402699645802
Q389L,0.000100687933446439
Q389M,9.58046849421079E-05
Q389N,4.41817721820401E-05
Q389P,0.000271136559811888
Q389R,0.000188586406524392
Q389S,0.00017184384022383
Q389T,0.00015184577492038
Q389V,9.99903265172486E-06
Q389W,9.99903265172486E-05
Q389Y,6.16219454117927E-05
Q390A,0.00019463233324404
Q390C,8.99912938655237E-05
Q390D,7.74343691401018E-05
Q390E,4.32516296097866E-05
Q390F,0.000136963493764324
Q390G,8.23176176444325E-05
Q390H,0.000168355805577879
Q390I,0.00023811649849689
Q390K,7.8829582998482E-05
Q390L,0.000275787272673155
Q390M,7.92946542846087E-05
Q390N,5.18554484031312E-05
Q390P,0.000514601378099235
Q390R,0.000143009420483972
Q390S,0.000129987424472423
Q390T,0.000180680194660238
Q390V,0.000116035285888621
Q390W,5.99941959103491E-05
Q390Y,0.00019463233324404
T391A,6.69702652022502E-05
T391C,0.000341594859660089
T391D,5.85989820519689E-05
T391E,8.27826889305593E-05
T391F,5.65061612643986E-05
T391G,8.99912938655237E-05
T391H,2.41837068785903E-05
T391I,4.11588088222163E-05
T391K,0.000389264666488079
T391L,0.000120685998749888
T391M,0.000183703158020061
T391N,4.72047355418639E-05
T391P,0.000139056314551895
T391Q,6.25520879840462E-05
T391R,4.65071286126737E-05
T391S,7.06908354912641E-05
T391V,0.000134173066047564
T391W,8.09224037860523E-05
T391Y,6.76678721314403E-05
V392A,0.000156729023424711
V392C,0.000117430499747001
V392D,3.76707741762657E-05
V392E,0.000144869705628479
V392F,0.000152775917492633
V392G,0.000109291752239783
V392H,0.000165797913504182
V392I,0.000112082179956544
V392K,0.000103245825520136
V392L,4.23214870375331E-05
V392M,0.000125569247254219
V392N,0.000189981620382772
V392P,0.000279275307319106
V392Q,0.00012835967497098
V392R,0.000249278209363931
V392S,0.000387404381343572
V392T,0.000225327038128404
V392W,0.000232070571777242
V392Y,0.000158356772926154
T393A,0.000193702190671786
T393C,0.000100455397803375
T393D,7.53415483525315E-05
T393E,7.6271690924785E-05
T393F,6.95281572759473E-05
T393G,8.23176176444325E-05
T393H,0.00026439302616305
T393I,6.04592671964759E-05
T393K,0.000187423728309075
T393L,0.000106501324523023
T393M,0.000112779786885734
T393N,0.000159519451141471
T393P,2.06956722326398E-05
T393Q,0.000236721284638509
T393R,0.000144404634342352
T393S,0.000124406569038902
T393V,0.000127894603684853
T393W,2.30210286632735E-05
T393Y,0.000193004583742596
L394A,0.00017184384022383
L394C,0.000315550867636991
L394D,0.000148822811560556
L394E,0.000309970012203471
L394F,0.000162542414501295
L394G,5.76688394797154E-05
L394H,6.02267315534125E-05
L394I,0.000529251123612227
L394K,0.000433678974313183
L394M,0.000302761407268506
L394N,0.000187423728309075
L394P,0.000832012530880733
L394Q,0.00021742082626425
L394R,0.000346710643807483
L394S,0.000145799848200732
L394T,0.00037484745661815
L394V,0.00074132363008602
L394W,0.000113942465101051
L394Y,0.0001974227609608
L395A,0.00100664679882132
L395C,0.000110686966098164
L395D,0.000390194809060333
L395E,0.000494603312795785
L395F,0.000451351683185999
L395G,0.000253696386582135
L395H,0.000494370777152722
L395I,0.00017812230258654
L395K,0.000686445218323065
L395M,0.000327642721076287
L395N,0.000440189972318957
L395P,0.000164635235288865
L395Q,0.000466233964342054
L395R,0.00076271690924785
L395S,0.000960372205851713
L395T,0.000350431214096497
L395V,0.000296017873619668
L395W,0.000146729990772986
L395Y,9.95252552311218E-05
P396A,4.74372711849272E-05
P396C,0.000276252343959282
P396D,0.00041693640801262
P396E,0.000319736509212132
P396F,0.000158356772926154
P396G,0.000277415022174599
P396H,0.000239976783641397
P396I,5.95291246242224E-05
P396K,0.000166728056076435
P396L,5.44133404768283E-05
P396M,0.000197190225317737
P396N,0.000309970012203471
P396Q,0.000168820876864006
P396R,0.000488092314790011
P396S,0.000185795978807632
P396T,9.04563651516504E-05
P396V,5.4878411762955E-05
P396W,0.000244162425216537
P396Y,0.0003478733220228
A397C,0.000552504687918564
A397D,0.000882937836711611
A397E,0.000581804178944549
A397F,0.000196492618388547
A397G,0.000502742060303003
A397H,0.000389032130845016
A397I,0.000155101273923267
A397K,0.000147660133345239
A397L,0.000429260797094979
A397M,0.000461583251480787
A397N,0.000465071286126737
A397P,0.00032508482900259
A397Q,0.000183005551090871
A397R,0.000376707741762657
A397S,0.00021602561240587
A397T,0.000377637884334911
A397V,0.00028648391225407
A397W,0.000331130755722237
A397Y,0.000248580602434741
A398C,0.000160682129356788
A398D,0.000472512426704765
A398E,0.000481348781141173
A398F,0.00015114816799119
A398G,0.000264858097449177
A398H,0.000511578414739411
A398I,0.000348803464595053
A398K,0.000176959624371224
A398L,0.00101176258296872
A398M,0.000212537577759919
A398N,0.000537157335476382
A398P,0.00021951364705182
A398Q,0.000407867517933149
A398R,0.000422517263446141
A398S,0.000352291499241004
A398T,0.000611801276899723
A398V,0.000124871640325029
A398W,0.000161612271929041
A398Y,0.000141149135339465
D399A,0.000148357740274429
D399C,0.000498323883084799
D399E,0.000494138241509659
D399F,0.000249975816293121
D399G,0.000227419858915975
D399H,0.000408100053576212
D399I,0.000428795725808852
D399K,0.000561108506711909
D399L,0.000418099086227937
D399M,0.000174169196654463
D399N,0.000795736970562848
D399P,0.000218583504479567
D399Q,0.000563666398785606
D399R,0.000334153719082061
D399S,0.000330433148793047
D399T,0.000232070571777242
D399V,0.000807363752716016
D399W,0.000355546998243891
D399Y,0.000276252343959282
L400A,0.00030299394291157
L400C,0.000140684064053338
L400D,0.000513671235526982
L400E,0.000563898934428669
L400F,0.000179284980801857
L400G,0.000146962526416049
L400H,0.000249975816293121
L400I,9.95252552311218E-05
L400K,0.000284623627109563
L400M,7.85970473554186E-05
L400N,0.000112314715599607
L400P,2.02306009465131E-05
L400Q,0.000159751986784534
L400R,0.000301598729053189
L400S,0.000232535643063369
L400T,0.000595988853171414
L400V,0.000256486814298896
L400W,8.58056522903831E-05
L400Y,0.000240441854927523
D401A,0.000256021743012769
D401C,0.000185795978807632
D401E,0.000397403413995297
D401F,0.0006322644134893
D401G,0.000137893636336578
D401H,0.000506927701878144
D401I,0.000477395675209096
D401K,0.000342292466589279
D401L,0.000103710896806262
D401M,0.000121616141322142
D401N,0.000401356519927374
D401P,0.000451584218829062
D401Q,0.000296017873619668
D401R,0.000309970012203471
D401S,0.000504834881090574
D401T,0.000287646590469387
D401V,0.000508090380093461
D401W,0.000282530806321993
D401Y,0.000632496949132363
D402A,0.000514136306813108
D402C,0.000169983555079323
D402E,0.000427167976307408
D402F,0.000578316144298598
D402G,0.000230210286632735
D402H,0.000642728517427151
D402I,0.000444840685180224
D402K,0.000493440634580469
D402L,0.000286948983540197
D402M,0.000402286662499628
D402N,0.000247882995505551
D402P,0.000541575512694586
D402Q,0.000435306723814626
D402R,0.000508322915736524
D402S,0.000447166041610858
D402T,0.000306249441914457
D402V,0.000382986204125368
D402W,0.000252533708366818
D402Y,0.000482743994999554
F403A,0.000338339360657202
F403C,0.000264160490519987
F403D,0.00026509063309224
F403E,0.000240674390570587
F403G,0.000532041551328988
F403H,0.000191609369884216
F403I,0.000219048575765693
F403K,0.000289971946900021
F403L,0.000423679941661458
F403M,0.000631799342203173
F403N,0.000431353617882549
F403P,0.000299273372622556
F403Q,0.00085177806054112
F403R,0.00023811649849689
F403S,0.000283460948894247
F403T,0.000991531982022204
F403V,0.000563898934428669
F403W,0.000283228413251183
F403Y,0.000352291499241004
S404A,0.000173006518439146
S404C,5.4878411762955E-05
S404D,2.92994910259845E-05
S404E,3.62755603178855E-05
S404F,3.25549900288716E-05
S404G,3.04621692413013E-05
S404H,0.000134173066047564
S404I,0.000139753921481085
S404K,0.00011115203738429
S404L,4.18564157514064E-05
S404M,0.000254161457868262
S404N,0.00010696639580915
S404P,3.86009167485192E-05
S404Q,2.79042771676042E-05
S404R,0.000123011355180522
S404T,9.2084114653094E-05
S404V,8.53405810042563E-05
S404W,3.62755603178855E-05
S404Y,4.99951632586243E-05
K405A,0.000102083147304819
K405C,0.000138126171979641
K405D,1.69751019436259E-05
K405E,6.16219454117927E-05
K405F,9.78975057296782E-05
K405G,9.67348275143614E-05
K405H,0.000201143331249814
K405I,4.85999494002441E-05
K405L,2.53463850939072E-05
K405M,0.00013184770961693
K405N,0.000217188290621186
K405P,3.60430246748222E-05
K405Q,2.51138494508438E-05
K405R,7.97597255707355E-05
K405S,0.000136963493764324
K405T,0.000169053412507069
K405V,5.51109474060184E-05
K405W,4.81348781141173E-05
K405Y,0.00010836160966753
Q406A,9.92927195880585E-05
Q406C,0.000194864868887103
Q406D,3.23224543858083E-05
Q406E,2.3951171235527E-05
Q406F,8.88286156502069E-05
Q406G,7.30161919218978E-05
Q406H,2.92994910259845E-05
Q406I,6.557505134387E-05
Q406K,1.99980653034497E-05
Q406L,0.00015463620263714
Q406M,3.88334523915826E-05
Q406N,1.53473524421823E-05
Q406P,0.00011115203738429
Q406R,0.000332758505223681
Q406S,6.39473018424264E-05
Q406T,8.20850820013692E-05
Q406V,8.83635443640801E-05
Q406W,6.67377295591868E-05
Q406Y,0.000118593177962318
L407A,6.97606929190106E-05
L407C,0.000177657231300414
L407D,0.000110221894812037
L407E,0.000144172098699289
L407F,6.97606929190106E-05
L407G,9.99903265172486E-05
L407H,0.000124871640325029
L407I,0.000154403666994077
L407K,0.000183703158020061
L407M,0.000209979685686222
L407N,7.32487275649612E-05
L407P,4.46468434681668E-05
L407Q,0.000214862934190553
L407R,0.000231605500491115
L407S,7.55740839955948E-05
L407T,9.48745423698544E-05
L407V,0.000155101273923267
L407W,0.000164867770931928
L407Y,0.000105571181950769
Q408A,9.8362577015805E-05
Q408C,2.72066702384141E-05
Q408D,6.88305503467572E-05
Q408E,6.97606929190106E-05
Q408F,2.67415989522874E-05
Q408G,0.00017742469565735
Q408H,7.67367622109117E-06
Q408I,9.32467928684109E-05
Q408K,0.000176262017442034
Q408L,0.000105571181950769
Q408M,7.34812632080245E-05
Q408N,3.99961306068994E-05
Q408P,0.000170681162008513
Q408R,2.88344197398577E-05
Q408S,0.000141381670982528
Q408T,2.88344197398577E-05
Q408V,0.000196957689674673
Q408W,5.11578414739411E-05
Q408Y,6.34822305562997E-05
Q409A,2.62765276661607E-05
Q409C,2.99970979551746E-05
Q409D,4.72047355418639E-05
Q409E,0.000119290784891508
Q409F,6.18544810548561E-05
Q409G,0.000124639104681966
Q409H,0.000172308911509956
Q409I,0.000163937628359675
Q409K,0.000103245825520136
Q409L,0.00019881797481918
Q409M,9.23166502961574E-05
Q409N,0.000166262984790309
Q409P,6.92956216328839E-05
Q409R,0.000190446691668899
Q409S,8.67357948626365E-05
Q409T,9.92927195880585E-05
Q409V,3.58104890317588E-05
Q409W,4.92975563294342E-05
Q409Y,8.88286156502069E-05
S410A,8.5108045361193E-05
S410C,0.000100455397803375
S410D,3.7205702890139E-05
S410E,0.000127894603684853
S410F,0.000100455397803375
S410G,0.000316713545852308
S410H,0.000159286915498408
S410I,7.99922612137989E-05
S410K,0.000193702190671786
S410L,0.000116035285888621
S410M,0.000107431467095276
S410N,6.46449087716165E-05
S410P,6.41798374854898E-05
S410Q,0.000233000714349495
S410R,6.51099800577433E-05
S410T,4.20889513944697E-05
S410V,6.9993228562074E-05
S410W,0.000103710896806262
S410Y,5.60410899782719E-05
M411A,6.90630859898205E-05
M411C,3.23224543858083E-05
M411D,0.000121848676965205
M411E,4.55769860404203E-05
M411F,5.58085543352085E-05
M411G,0.000323922150787273
M411H,0.000192539512456469
M411I,6.13894097687294E-05
M411K,0.000218350968836503
M411L,6.74353364883769E-05
M411N,0.000161147200642915
M411P,0.00010766400273834
M411Q,9.23166502961574E-05
M411R,0.000322061865642766
M411S,6.67377295591868E-05
M411T,3.02296335982379E-05
M411V,0.000127894603684853
M411W,9.2084114653094E-05
M411Y,0.000199050510462244
S412A,9.04563651516504E-05
S412C,2.30210286632735E-05
S412D,0.000151613239277316
S412E,8.88286156502069E-05
S412F,0.000133707994761437
S412G,5.41808048337649E-05
S412H,3.34851326011251E-05
S412I,0.000224396895556151
S412K,0.000405309625859452
S412L,5.11578414739411E-06
S412M,0.000263230347947733
S412N,0.000170681162008513
S412P,2.88344197398577E-05
S412Q,0.000133707994761437
S412R,7.48764770664047E-05
S412T,6.16219454117927E-05
S412V,8.58056522903831E-05
S412W,7.78994404262285E-05
S412Y,7.25511206357711E-05
S413A,2.51138494508438E-05
S413C,0.000106733860166086
S413D,0.000135335744262881
S413E,0.000130219960115487
S413F,0.000132080245259993
S413G,0.000136963493764324
S413H,4.99951632586243E-05
S413I,4.23214870375331E-05
S413K,0.000205561508468018
S413L,0.000103710896806262
S413M,0.000248348066791678
S413N,0.000167425663005625
S413P,8.09224037860523E-05
S413Q,9.92927195880585E-05
S413R,0.000199283046105307
S413T,0.000108129074024466
S413V,6.60401226299967E-05
S413W,1.88353870881329E-05
S413Y,0.000126964461112599
A414C,4.25540226805965E-05
A414D,3.32525969580617E-05
A414E,4.09262731791529E-05
A414F,0.000256951885585022
A414G,0.000159054379855344
A414H,4.62745929696104E-05
A414I,0.000159054379855344
A414K,0.000203236152037384
A414L,0.000160914664999851
A414M,0.000112779786885734
A414N,3.67406316040123E-05
A414P,5.97616602672858E-05
A414Q,1.72076375866893E-05
A414R,6.23195523409828E-05
A414S,0.000169053412507069
A414T,6.51099800577433E-05
A414V,5.09253058308778E-05
A414W,6.3714766199363E-05
A414Y,0.000124871640325029
D415A,0.000120453463106825
D415C,6.69702652022502E-05
D415E,0.000159984522427598
D415F,1.9532994017323E-05
D415G,4.37167008959133E-05
D415H,0.00017533187486978
D415I,0.000110686966098164
D415K,0.000339269503229455
D415L,5.62736256213352E-05
D415M,3.7205702890139E-05
D415N,5.46458761198917E-05
D415P,4.6042057326547E-05
D415Q,0.000223699288626961
D415R,0.000214630398547489
D415S,0.000120685998749888
D415T,0.000133475459118374
D415V,9.18515790100307E-05
D415W,3.81358454623925E-05
D415Y,4.13913444652796E-05
S416A,5.34831979045748E-05
S416C,7.97597255707355E-05
S416D,0.000389962273417269
S416E,0.000165565377861119
S416F,0.000126499389826473
S416G,0.000158589308569217
S416H,0.000109524287882847
S416I,0.000127894603684853
S416K,0.000480651174211983
S416L,1.93004583742596E-05
S416M,0.000146264919486859
S416N,8.23176176444325E-05
S416P,6.30171592701729E-05
S416Q,0.000247417924219424
S416R,7.99922612137989E-05
S416T,0.000135800815549007
S416V,0.00021742082626425
S416W,5.41808048337649E-05
S416Y,0.000206724186683335
T417A,9.51070780129178E-05
T417C,6.1156874125666E-05
T417D,7.74343691401018E-05
T417E,9.06889007947138E-05
T417F,0.000169285948150132
T417G,0.000120685998749888
T417H,2.11607435187666E-05
T417I,8.74334017918266E-05
T417K,0.000295320266690478
T417L,5.2320519689258E-05
T417M,0.000120918534392952
T417N,1.81377801589428E-05
T417P,0.000100687933446439
T417Q,7.4411405780278E-05
T417R,0.000167193127362562
T417S,0.000115105143316368
T417V,9.04563651516504E-05
T417W,7.41788701372146E-05
T417Y,4.46468434681668E-05
Q418A,9.85951126588683E-05
Q418C,1.23243890823585E-05
Q418D,0.000140218992767211
Q418E,0.000179517516444921
Q418F,8.58056522903831E-05
Q418G,0.000103013289877072
Q418H,1.88353870881329E-05
Q418I,9.53396136559812E-05
Q418K,0.000255324136083579
Q418L,3.69731672470756E-05
Q418M,9.55721492990446E-05
Q418N,8.74334017918266E-05
Q418P,9.13865077239039E-05
Q418R,0.000162309878858231
Q418S,0.00013115010268774
Q418T,0.000122778819537459
Q418V,0.000255324136083579
Q418W,0.000112314715599607
Q418Y,1.39521385838021E-05
A419C,7.90621186415454E-06
A419D,0.000103710896806262
A419E,2.27884930202101E-05
A419F,7.16209780635176E-05
A419G,9.18515790100307E-05
A419H,0.000199748117391434
A419I,0.000168123269934816
A419K,5.0460234544751E-05
A419L,0.000279972914248296
A419M,0.000149287882846683
A419N,0.000104408503735453
A419P,6.97606929190106E-05
A419Q,0.00015393859570795
A419R,7.76669047831652E-05
A419S,0.000158356772926154
A419T,0.000121151070036015
A419V,0.000329503006220793
A419W,5.30181266184481E-05
A419Y,3.23224543858083E-05
