Mutation,Escape_Score
S2C,0.216797323886958
S2F,0.432106653342048
S2G,0.0725678389155971
S2H,0.501715582171699
S2I,0.170850504740667
S2N,0.398082778401859
S2P,0.567569730331762
S2T,0.197772634267627
S2Y,0.289685511392447
D3A,0.334967791471709
D3C,0.44403812924938
D3E,0.4678588338901
D3F,0.503728102729434
D3G,0.221552790525841
D3H,0.268093896769302
D3I,0.593903837852616
D3K,0.445785282225572
D3L,0.394693747863215
D3M,0.396375524787199
D3N,0.369937607370762
D3P,0.548973083445595
D3Q,0.230535216004972
D3R,0.472781573243245
D3S,0.181639821347327
D3T,0.191060067690828
D3V,0.421893097545877
D3W,0.805187546238271
D3Y,0.500847928843533
N4A,0.224214910855833
N4C,0.699169718702472
N4D,0.234842482663514
N4E,0.232670673483397
N4F,0.810354682638422
N4G,0.402514375147881
N4H,0.256164269639959
N4I,0.222766520233702
N4K,0.215889336328419
N4L,0.399235987065843
N4M,0.309302646019519
N4P,0.442445753136846
N4Q,0.195346059363147
N4R,0.164661745628238
N4S,0.650423493632886
N4T,0.16110621664496
N4V,0.268501812991544
N4W,0.852405246930229
N4Y,0.606985362538643
G5A,0.596499872692669
G5C,1
G5D,0.177505376739952
G5E,0.188279369642173
G5F,0.632585015560211
G5H,0.432935666126689
G5I,0.390465890097097
G5K,0.327393854632696
G5L,0.28877903196205
G5M,0.388565684376589
G5N,0.328252209780454
G5P,0.434427250820141
G5Q,0.217837509402064
G5R,0.3748236689538
G5S,0.223448310983083
G5T,0.404102061302288
G5V,0.329657677665198
G5W,0.99078072664742
G5Y,0.678484225183108
P6A,0.227634654833122
P6C,1
P6D,0.0986359901397402
P6E,0.475579103108945
P6F,0.556813375378255
P6G,0.427628322039212
P6H,0.338962500987718
P6I,0.264997168734568
P6K,0.20592223302115
P6L,0.44241803594009
P6M,0.420177297434182
P6N,0.662668780307959
P6Q,0.218805913519588
P6R,0.276909601098348
P6S,0.281459233847831
P6T,0.191525472376123
P6V,0.296970520963318
P6W,0.461704941161986
P6Y,0.727177237917821
Q7A,0.361548715102515
Q7C,0.405624627534693
Q7D,0.21546074237438
Q7E,0.160133596000679
Q7F,0.571090327483068
Q7G,0.296201517721649
Q7H,0.358832926805419
Q7I,0.525352581365101
Q7K,0.234509559012215
Q7L,0.629371126764464
Q7M,0.512490460390288
Q7N,0.655043001688085
Q7P,0.223796516181815
Q7R,0.434365936741747
Q7S,0.220916478377345
Q7T,0.336760723314673
Q7V,0.236020510816454
Q7W,0.630207758034033
Q7Y,0.977144876690904
N8A,0.2525210278853
N8C,0.844707327437458
N8D,0.364149495868251
N8E,0.393139515576067
N8F,0.408837058927289
N8G,0.159071657375282
N8H,0.298820546996629
N8I,0.398032924895564
N8K,0.344070483001964
N8L,0.581239659321304
N8M,0.875452634711596
N8P,0.26103886676729
N8Q,0.343722746502559
N8R,0.225299827026632
N8S,0.353897676881351
N8T,0.48811299836956
N8V,0.231619514180454
N8W,0.822581600422841
N8Y,0.342178585404841
Q9A,0.147418977853153
Q9C,0.700307998276644
Q9D,0.14348746977001
Q9E,0.164300241877978
Q9F,0.529987954830814
Q9G,0.353613895256678
Q9H,0.265860809532315
Q9I,0.327143849553418
Q9K,0.403286903490833
Q9L,0.281267274448319
Q9M,0.483166589597774
Q9N,0.315320541860497
Q9P,0.245425142285124
Q9R,0.429495100888211
Q9S,0.208943331243757
Q9T,0.212985434598436
Q9V,0.435404785066092
Q9W,1
Q9Y,0.741436178507332
R10A,0.0943556485356988
R10C,0.352981152645843
R10D,0.0212723422870902
R10E,0.623629865680913
R10F,0.438234212998488
R10G,0.914180559899544
R10H,0.18030331937895
R10I,0.124236701785941
R10K,0.271330511541917
R10L,0.165847399873765
R10M,0.159765357861152
R10N,0.191047211479609
R10P,0.132942108835511
R10Q,0.205719775315891
R10S,0.127279978201878
R10T,0.218146788500151
R10V,0.172461906568808
R10W,0.788388515285639
R10Y,0.211791548399089
N11A,0.192980266690597
N11C,0.729730794855654
N11D,0.35109319536984
N11E,0.160595255544983
N11F,0.914411515536189
N11G,0.615992356098129
N11H,0.473865179541072
N11I,0.232794462671766
N11K,0.342867510117783
N11L,0.734140198751882
N11M,0.23707525102592
N11P,0.379994840571624
N11Q,0.438208989673853
N11R,0.48529203197913
N11S,0.31430424027537
N11T,0.199213575191188
N11V,0.0739844327572895
N11W,0.731131555451964
N11Y,0.44012245634296
A12C,0.523761680936203
A12D,0.108914875619431
A12E,0.246049925733148
A12F,0.646932423336362
A12G,0.379682571240766
A12H,0.150805040246475
A12I,0.352175986506852
A12K,0.316145596628126
A12L,0.486031194374596
A12M,0.773358235109591
A12N,0.250375556029419
A12P,0.249471192477364
A12Q,0.42271177606496
A12R,0.380454109165063
A12S,0.20193412210884
A12T,0.444223074290685
A12V,0.435476103777136
A12W,1
A12Y,0.824250559238432
P13A,0.403793166389947
P13C,0.350324326608351
P13D,0.200344673250285
P13E,0.246189157335341
P13F,0.296115950422709
P13G,0.151257300075554
P13H,0.539945550796683
P13I,0.386997845728558
P13K,0.401914011761828
P13L,0.656291855397217
P13M,0.184986302450819
P13N,0.264472160993137
P13Q,0.369246234432326
P13R,0.629916569690756
P13S,0.129845045522985
P13T,0.152352925762496
P13V,0.413489690955343
P13W,1
P13Y,1
R14A,0.192162754014209
R14C,0.471601865800358
R14D,0.294696923689267
R14E,0.171812159952125
R14F,0.214301228192991
R14G,0.194170238018778
R14H,0.194868649397847
R14I,0.208119805855871
R14K,0.167703785650777
R14L,0.448715071351826
R14M,0.0492801444186552
R14N,0.114642640435672
R14P,0.128127590585351
R14Q,0.344889287624766
R14S,0.233956975222009
R14T,0.195361119467858
R14V,0.127310600964201
R14W,0.308133985528882
R14Y,0.185775099941034
I15A,0.103943418480526
I15C,0.309037736311581
I15D,0.356452872630801
I15E,0.185433173765659
I15F,0.370426020828998
I15G,0.0990032295132547
I15H,0.327672242717688
I15K,0.289133076290431
I15L,0.162221335418982
I15M,0.212191541253063
I15N,0.127075760730786
I15P,0.36350644547488
I15Q,0.242593824031508
I15R,0.452143982700476
I15S,0.173763210070562
I15T,0.232021960213927
I15V,0.111079044347757
I15W,0.72319114119108
I15Y,0.610456150932802
T16A,0.263301166580608
T16C,1
T16D,0.40482009528561
T16E,0.116814809215589
T16F,0.79964654809242
T16G,0.316042767712573
T16I,0.400131651560483
T16K,0.230220756873713
T16L,0.218979063301405
T16M,0.281101122893921
T16N,0.477100236279003
T16R,0.299543233316419
T16S,0.404042100804116
T16V,0.347905101417594
T16W,1
T16Y,0.501605751367455
F17C,0.355121327135915
F17D,0.358649514194273
F17E,0.0283107188981217
F17G,0.515104117219312
F17H,0.145787049190353
F17I,0.259155182017064
F17K,0.191240034423794
F17L,0.427272675257967
F17M,0.237232213905487
F17N,0.114027711976779
F17P,0.141768286257916
F17Q,0.125859845619239
F17R,0.241366697510683
F17S,0.132203407905012
F17T,0.396534849046454
F17V,0.193919257340193
F17W,0.590133366235939
F17Y,0.244066117940054
G18A,0.0241048636575734
G18C,0.90132359237629
G18D,0.197720297511839
G18E,0.370406143325353
G18F,0.398668352920335
G18H,0.605182434964881
G18I,0.397639736387379
G18K,0.390753028658635
G18L,0.333437689179898
G18M,0.334734093115833
G18N,0.114822356884947
G18P,0.0929128669388952
G18Q,0.179782682944652
G18R,0.357575472842299
G18S,0.343146368211173
G18T,0.275378457065168
G18V,0.410763486066317
G18W,0.865477543541941
G18Y,0.33407698528783
G19A,0.440093909859595
G19C,0.42959593701792
G19D,0.44203105641979
G19E,0.18879215632581
G19F,0.73801971311713
G19H,0.280262837707977
G19I,0.292934189477031
G19K,0.130606210300871
G19L,0.287246978262347
G19M,0.215043893186945
G19N,0.168773196292034
G19P,0.0521581342205854
G19Q,0.237968173498428
G19R,0.357915070837598
G19S,0.405444581437165
G19T,0.189381515092351
G19V,0.328151297650197
G19Y,0.712184990663352
P20A,0.170870533325491
P20C,0.124382405936685
P20D,0.202769463527007
P20E,0.424162879718062
P20F,0.808463616855065
P20G,0.319819326652686
P20H,0.60818170841283
P20I,0.344980201256362
P20K,0.111915326775067
P20L,0.384418283837701
P20M,0.34869237674103
P20N,0.772579535872124
P20Q,0.288713815172029
P20R,0.335293091210482
P20S,0.0892063623400766
P20T,0.357956867194385
P20V,0.32410813134985
P20W,0.700528349533113
P20Y,0.683628248300663
S21A,0.677746473486556
S21C,0.532721384707763
S21D,0.169035760615631
S21E,0.251304831183344
S21F,0.732001752175884
S21G,0.430850017939767
S21H,0.212422569366283
S21I,0.311265612996176
S21K,0.390110630421502
S21L,0.190953473716113
S21M,0.341718702838895
S21N,0.188636611354482
S21P,0.285454417089552
S21Q,0.383653816496418
S21R,0.304344518455973
S21T,0.493607682296245
S21V,0.187415014720741
S21W,1
S21Y,0.7836830874523
D22A,0.339680334728516
D22C,0.772382811579038
D22E,0.275388880930981
D22F,0.848920537165279
D22G,0.227908369094297
D22H,0.638641289612231
D22I,0.534394808258627
D22K,0.199226291511687
D22L,0.523246658582919
D22M,0.345422578100538
D22N,0.139614220618475
D22P,0.131749039150201
D22Q,0.369177981893614
D22R,0.534348322808461
D22S,0.527168685538021
D22T,0.50040296524989
D22V,0.349762506271689
D22W,1
D22Y,0.598626000176432
S23A,0.195382220558879
S23C,0.844191011589379
S23D,0.116110042457079
S23E,0.281633577719756
S23F,0.603344668477374
S23G,0.233763067138943
S23H,0.324572012296112
S23I,0.327628035936044
S23K,0.618159124937989
S23L,0.619371484584626
S23M,0.198709807981716
S23N,0.202348453599461
S23P,0.456272218679956
S23Q,0.255444364737393
S23R,0.349261388472832
S23T,0.14997020140623
S23V,0.486096504252962
S23W,0.900431435066687
S23Y,0.201315373080144
T24A,0.401600497871179
T24C,0.651685984333478
T24D,0.402818039880746
T24E,0.102294161397284
T24F,0.703413203808597
T24G,0.32615304685156
T24H,0.334835251370824
T24I,0.225880127768767
T24K,0.414362947176395
T24L,0.585367464251266
T24M,0.864809190852074
T24N,0.467718083220138
T24P,0.296512095054585
T24Q,0.331767478266379
T24R,0.691008023009112
T24S,0.610104562023227
T24V,0.120526219077494
T24W,1
T24Y,0.620226528432183
G25A,0.311663620282704
G25C,0.58260929554646
G25D,0.0961321430294385
G25E,0.163866062255547
G25F,0.640396854556559
G25H,0.458230537198501
G25I,0.365753869689056
G25K,0.299751825391055
G25L,0.466012357838244
G25M,0.450853943030909
G25N,0.473270742676091
G25P,0.361942692729858
G25Q,0.289706443517552
G25R,0.379964656964853
G25S,0.382550795646865
G25T,0.0557767225772021
G25V,0.428088510571214
G25W,0.837812833717774
G25Y,0.686202485746882
S26A,0.141451710098561
S26C,0.908941919033434
S26D,0.201123259714593
S26E,0.199935947772778
S26F,0.355501257134804
S26G,0.296670422794403
S26H,0.186966849188879
S26I,0.462910213263961
S26K,0.439618930080548
S26L,0.311956073086693
S26M,0.221073375176448
S26N,0.304416744775972
S26P,0.174386875233079
S26Q,0.328968973777139
S26R,0.581118223108137
S26T,0.360248709018102
S26V,0.302874394830943
S26W,0.785573018324202
S26Y,0.833704527265065
N27A,0.185771304694907
N27C,0.513251438078313
N27D,0.177940776646978
N27E,0.271451227397424
N27F,0.436873166376095
N27G,0.181075176000366
N27H,0.353224990877114
N27I,0.401258846796402
N27K,0.23154898951281
N27L,0.450719260814348
N27M,0.295034144425321
N27P,0.240673934855102
N27Q,0.953461430862977
N27R,0.655827771859783
N27S,0.293000010202276
N27T,0.0805049462969906
N27V,0.104551573050386
N27W,0.810150103932661
N27Y,0.566253841487881
Q28A,0.681411769065884
Q28C,1
Q28D,0.110842460017694
Q28E,0.168718497687079
Q28F,0.447056693460917
Q28G,0.421156827391925
Q28H,0.388618197028286
Q28I,0.32510078331344
Q28K,0.373058888233773
Q28L,0.297195300842421
Q28M,0.794276926613202
Q28N,0.291520561163528
Q28P,0.586054251639223
Q28R,0.361489393490104
Q28S,0.229942789268289
Q28T,0.290488681221641
Q28V,0.210630235216745
Q28W,0.797656159494542
Q28Y,0.358211513455021
N29A,0.19091972538868
N29C,0.596136661902853
N29D,0.0882406666905828
N29E,0.183349887524352
N29F,0.881936370249208
N29G,0.139560993921599
N29H,0.695575642924882
N29I,0.371809216911632
N29K,0.1553405301787
N29L,0.274908156249279
N29M,0.354798873414409
N29P,0.315362829850643
N29Q,0.183467396494898
N29R,0.609863778320355
N29S,0.28006801214317
N29T,0.274924997683056
N29V,0.547316382096856
N29W,0.974708116526426
N29Y,0.670605542415217
G30A,0.39887532763706
G30C,0.325799771628355
G30D,0.403380460974552
G30E,0.18942050235113
G30F,0.308096356327134
G30H,0.162328166339004
G30I,0.20090240653003
G30K,0.261493179054386
G30L,0.156298710759372
G30M,0.0798689386031999
G30N,0.136520378861654
G30P,0.416131201281627
G30Q,0.757107159797177
G30R,0.202047906601564
G30S,0.324377971516357
G30T,0.345525763931767
G30V,0.268907768457894
G30W,0.447672231115317
G30Y,0.665357747704614
E31A,0.354804320109701
E31C,0.508977253672862
E31D,0.261677466038188
E31F,0.786183125261254
E31G,0.358938717032747
E31H,0.408971884000181
E31I,0.581771153297099
E31K,0.0675062857152202
E31L,0.302850159370148
E31M,0.78722305939093
E31N,0.127423526612628
E31P,0.542939561318463
E31Q,0.985652778023562
E31R,0.243888622669683
E31S,0.105309341190788
E31T,0.117015157839825
E31V,0.331490301450023
E31W,1
E31Y,0.501201403082282
R32A,0.124598322243264
R32C,0.469871744610977
R32D,0.184869352967478
R32E,0.195598313109524
R32F,0.0837545502293609
R32G,0.150219242007431
R32H,0.246902695574153
R32I,0.0628143407022341
R32K,0.183082310197453
R32L,0
R32M,0.102311402338107
R32N,0.234185837868907
R32Q,0.236264299353866
R32S,0.0773278907701505
R32T,0.102259102374586
R32V,0.0411904037868849
R32W,0.208350347545305
R32Y,0.229186097987348
S33A,0.319871259674695
S33C,1
S33D,0.249477958666512
S33E,0.253659847236027
S33F,0.311142049091091
S33G,0.137710143507947
S33H,0.616436074705078
S33I,0.346618542189017
S33K,0.282330958099832
S33L,0.202400854155601
S33M,0.304803410799252
S33N,0.247169175243552
S33P,0.293627736406454
S33Q,0.223416130964797
S33R,0.297331640316434
S33T,0.233087600185749
S33V,0.222722818195843
S33W,0.784219715436201
S33Y,0.596720296200196
G34A,0.404302202843007
G34C,1
G34D,0.318116940322502
G34E,0.126321223248444
G34F,1
G34H,0.517417709259129
G34I,0.161474012355117
G34K,0.0895460639186575
G34L,0.264722886003872
G34M,0.270144044503108
G34N,0.38290462474124
G34P,0.269195259657494
G34Q,0.233340059677639
G34R,0.201858240655341
G34S,0.237176452153507
G34T,0.27559884981415
G34V,0.402157024096302
G34W,0.771247843734754
G34Y,0.573768095080093
A35C,1
A35D,0.181924522028188
A35E,0.271010357380166
A35F,0.54056279517863
A35G,0.547767427347124
A35H,0.413132237453438
A35I,0.327888837602209
A35K,0.349064926039744
A35L,0.260745374128125
A35M,0.295072138353065
A35N,0.230852870742174
A35P,0.341586572868161
A35Q,0.256220732408982
A35R,0.387248930913355
A35S,0.333533447687702
A35T,0.243648970544448
A35V,0.281673497843802
A35W,0.829034385787886
A35Y,0.70660752961717
R36A,0.0428643179970388
R36C,0.299101686262579
R36D,0.0171075408166
R36E,0.0367864665211897
R36F,0.111806296156178
R36G,0.0767984151668648
R36H,0.105714673098504
R36I,0.0659263637981855
R36K,0.258462362850342
R36L,0.0518007817950465
R36M,0.108846736405279
R36N,0.0823031609665327
R36P,0.366503755390742
R36Q,0.0672886689293528
R36S,0.206051395433702
R36T,0.0495735304832755
R36V,0.019272276551618
R36W,0.19655027586151
R36Y,0.267972711902057
S37A,0.341917193018774
S37C,1
S37D,0.173484890375694
S37E,0.265755548385097
S37F,0.407861338607748
S37G,0.490792152096122
S37H,0.651529477714164
S37I,0.570505121026878
S37K,0.492282232030675
S37L,0.426886474131863
S37M,0.142967831784922
S37N,0.271096295249214
S37P,0.316257066560175
S37Q,0.27804069881321
S37R,0.583082779888416
S37T,0.258179095164852
S37V,0.171820694143025
S37W,0.615248222166866
S37Y,0.503272830042643
K38A,0.238096742826833
K38C,0.429724848026777
K38D,0.138674904844656
K38E,0.176831971004101
K38F,0.169813824772264
K38G,0.191412733559493
K38H,0.121561949112228
K38I,0.194171208248841
K38L,0.416579338626535
K38M,0.0948930863018179
K38N,0.11969675848316
K38P,0.149013945880263
K38Q,0.232207273139107
K38R,0.346556261333606
K38S,0.0593843982054462
K38T,0.0555273977879595
K38V,0.126072861338771
K38W,0.190123356435506
K38Y,0.151572561012271
Q39A,0.21209901888632
Q39C,0.626244621975028
Q39D,0.0665035519047302
Q39E,0.166884332044857
Q39F,0.293776679976838
Q39G,0.3784849115257
Q39H,0.859104577951099
Q39I,0.377072868583263
Q39K,0.315949168617477
Q39L,0.319315701928611
Q39M,0.396707223200892
Q39N,0.553341650113141
Q39P,0.271998410570797
Q39R,0.427469926112189
Q39S,0.446247841113251
Q39T,0.318913815602389
Q39V,0.161115377025862
Q39W,0.863040348329998
Q39Y,0.615521680632395
R40A,0.155704096098874
R40C,0.497401302724778
R40D,0.133588510197405
R40E,0.0993904600317206
R40F,0.153208984844513
R40G,0.141401557204608
R40H,0.216005263882312
R40I,0.129635684277941
R40K,0.1756948421831
R40L,0.172111170216307
R40M,0.101244882488193
R40N,0.0810943510947137
R40P,0.020518213202794
R40Q,0.147453873185874
R40S,0.136833756871272
R40T,0.308316252264703
R40V,0.0222243745265245
R40W,0.214002730235537
R40Y,0.164834925425898
R41A,0.278353921004436
R41C,0.358688575249429
R41D,0.0642355690277687
R41E,0.143043112372166
R41F,0.173623435417518
R41G,0.0950156873354018
R41H,0.139004060779697
R41I,0.263896599080724
R41K,0.375346411575216
R41L,0.205445772088329
R41M,0.054566541786843
R41N,0.21119738835865
R41P,0.14610808304313
R41Q,0.294229851846723
R41S,0.0495450955111043
R41T,0.222034861450188
R41V,0.203143706436901
R41W,0.211717813269358
R41Y,0
P42A,0.168730367696789
P42C,0.89800959124967
P42D,0.0440646829595513
P42E,0.121146584702067
P42F,0.633525530507923
P42G,0.202961654128191
P42H,0.326743692173597
P42I,0.151402932563735
P42K,0.129658358414849
P42L,0.332807052722426
P42M,0.18985246497375
P42N,0.183941887532318
P42Q,0.125880531064024
P42R,0.202627661937962
P42S,0.0945410725747916
P42T,0.234368278841395
P42V,0.237362452461402
P42W,0.768291712543055
P42Y,0.284677535477359
Q43A,0.193316115453636
Q43C,0.548810877291341
Q43D,0.2065869018505
Q43E,0.0547295550821432
Q43F,0.573478205232862
Q43G,0.39708936048013
Q43H,0.261681358454484
Q43I,0.199780532982055
Q43K,0.280237125438743
Q43L,0.28749045465298
Q43M,0.381603284341239
Q43N,0.303122357477931
Q43P,0.284216115140166
Q43R,0.106996055782989
Q43S,0.778231328726798
Q43T,0.148727306872568
Q43V,0.292869426923342
Q43W,0.584688370971031
Q43Y,1
G44A,0.209938994836865
G44C,1
G44D,0.172707443064124
G44E,0.0603035290472359
G44F,0.223450767396821
G44H,0.308733329031896
G44I,0.233308025964074
G44K,0.197778860948867
G44L,0.400946572581946
G44M,0.32488506390418
G44N,0.431090741964743
G44P,0.208554921569984
G44Q,0.190779698335982
G44R,0.246960356541705
G44S,0.317056852484758
G44T,0.394290665137362
G44V,0.122094410926461
G44W,0.666887632257772
G44Y,0.942720430862436
L45A,0.0165493453991713
L45C,0.839969835800682
L45D,0.375870865557668
L45E,0.146777890192577
L45F,0.0835016984185387
L45G,0.392786814483078
L45H,0.236195013429092
L45I,0.60447068192602
L45K,0.399212747538017
L45M,0.170555526702048
L45N,0.325800945523657
L45P,1
L45Q,0.248663346052053
L45R,0.660912905426078
L45S,0.206277094737849
L45T,0.325213666833976
L45V,0.350227669416372
L45W,0.765331589331476
L45Y,0.427113755191434
P46A,0.16451394517629
P46C,0.614523903864582
P46D,0.279252642860363
P46E,0.249143070457267
P46F,0.309202187834652
P46G,0.30902321616469
P46H,0.528615431087136
P46I,0.304810865170921
P46K,0.352948720261822
P46L,0.469138504368091
P46M,0.214412547723506
P46N,0.204959784848583
P46Q,0.410694687679831
P46R,0.118795877420396
P46S,0.336719478781275
P46T,0.145755764345366
P46V,0.155279118416107
P46W,0.246050328823196
P46Y,0.469692049707657
N47A,0.756475589431305
N47C,0.831532157575652
N47D,0.388965573692631
N47E,0.508143250770402
N47F,1
N47G,0.607542016978283
N47H,0.75213768338868
N47I,0.46700926736712
N47K,0.255457978542456
N47L,0.795325024371994
N47M,0.662006073157902
N47P,0.609435518487211
N47Q,0.257699709198968
N47R,0.564597655398163
N47S,0.657611668716226
N47T,0.524246203059821
N47V,0.351306050405906
N47W,0.658196145797846
N47Y,0.552989666055368
N48A,0.437631325085655
N48C,0.474614017913889
N48D,0.326750925797691
N48E,0.433365577980476
N48F,0.611645541458556
N48G,0.661371608141091
N48H,0.612367411672796
N48I,0.424242352693321
N48K,0.60199140417684
N48L,0.537185819255262
N48M,0.367279132071312
N48P,0.441517450345103
N48Q,0.450742777713429
N48R,0.699734156169973
N48S,0.302723879930688
N48T,0.973435508603633
N48V,0.255939720609873
N48W,0.851481462653122
N48Y,0.679247112458437
T49A,0.404290945584082
T49C,0.666452295137736
T49D,0.273932222967067
T49E,0.138087747960717
T49F,0.390503087515271
T49G,0.326603818966567
T49H,0.350569523216862
T49I,0.558522087107257
T49K,0.437030472379798
T49L,0.365693429432225
T49M,0.756418367236799
T49N,0.36765052676139
T49P,0.312994591890265
T49Q,0.414722575752286
T49R,0.232091181114567
T49S,0.514253444587709
T49V,0.381902416490507
T49W,0.541908979782468
T49Y,0.468924478343161
A50C,1
A50D,0.817269199182418
A50E,0.807007945353923
A50F,0.357622283121144
A50G,0.162782646962841
A50H,0.365797231143673
A50I,0.418617341540685
A50K,0.276223586316883
A50L,1
A50M,0.343477783532755
A50N,0.363922260745597
A50P,0.393326973713024
A50Q,0.230769865714441
A50R,0.357235845702582
A50S,0.238591682392903
A50T,0.20094675742278
A50V,0.537539696148603
A50W,0.769871121381153
A50Y,1
S51A,0.185192578706515
S51C,0.715842459035472
S51D,0.794549527371253
S51E,0.826198663614482
S51F,0.436322293794627
S51G,0.504030660500855
S51H,0.581067283099905
S51I,0.521221026480022
S51K,0.273036746891911
S51L,0.644283386991663
S51M,0.321695251913582
S51N,0.34385208319024
S51P,0.411005336156922
S51Q,0.513986881788413
S51R,0.228441412071944
S51T,0.335410869591195
S51V,0.572922667140248
S51W,0.823315089129662
S51Y,0.443498184337853
W52A,0.248348232091107
W52C,0.273111449398407
W52D,0.22003641536124
W52E,0.400264228282777
W52F,0.278178769174855
W52G,0.322773709627947
W52H,0.419670704164975
W52I,0.318642912849045
W52K,0.125317309938202
W52L,0.232534604693019
W52M,0.243562604719621
W52N,0.446734120386922
W52P,0.543330185904037
W52Q,0.256448691948245
W52R,0.517041049014649
W52S,0.261944570215367
W52T,0.243664453789907
W52V,0.237945669761856
W52Y,0.211501363101358
F53A,0.621001159148081
F53C,0.106584013407283
F53D,0.911892983396866
F53E,1
F53G,0.401146418138652
F53H,0.359265298504555
F53I,0.355663805630775
F53K,0.337474638317817
F53L,0.3474480591315
F53M,0.338147784555558
F53N,0.293193285645604
F53P,0.260621674905205
F53Q,0.43313928852747
F53R,0.571988450284769
F53S,0.634794707527771
F53T,0.482276798412172
F53V,0.56911078263998
F53W,0.334380878566211
F53Y,0.523178772747399
T54A,0.212812430367444
T54C,0.729638850252362
T54D,0.371695521644639
T54E,0.140931078711937
T54F,0.177004160255764
T54G,0.315754838872375
T54H,0.224029925238106
T54I,0.241431720263088
T54K,0.286278674676428
T54L,0.15502561367008
T54M,0.33756781301123
T54N,0.140683845731649
T54P,0.307330474044007
T54Q,0.100475395529144
T54R,0.298137801425273
T54S,0.188532354092696
T54V,0.146098937231928
T54W,0.592040267905738
T54Y,0.230674952669137
A55C,0.335120134330549
A55D,0.0843066984523122
A55E,0.134814862613789
A55F,0.0885462400204839
A55G,0.358299556544526
A55H,0.133552349773818
A55I,0.151674210760381
A55K,0.256322311606351
A55L,0.194051927568646
A55M,0.237829806202772
A55N,0.111071621950753
A55P,0.258086437901635
A55Q,0.22713582872595
A55R,0.385261559308763
A55S,0.308843972919974
A55T,0.0127034078675693
A55V,0.132059118545519
A55W,0.163552211861107
A55Y,0.0910563856048874
L56A,0.33456629927255
L56C,0.113634335005122
L56D,0.425465596980102
L56E,0.293401199525025
L56F,0.14035409315959
L56G,0.186458454883651
L56H,0.0501667197360266
L56I,0.0946555802160806
L56K,0.259649047600046
L56M,0.0998497820963933
L56N,0.0895759261614402
L56P,0.388192118027706
L56Q,0.347092384406013
L56R,0.204729003858061
L56S,0.226409233592084
L56T,0.232059217890003
L56V,0.347538122441637
L56W,0.199298711917696
L56Y,0.138038059559191
T57A,0.1965256464003
T57C,0.143148037061877
T57D,0.227633539027308
T57E,0.017108373278892
T57F,0.0326054085654033
T57G,0.197479598020614
T57H,0.108988946993628
T57I,0.129796779889901
T57K,0.264842690106249
T57L,0.0605687142692886
T57M,0.223090399813313
T57N,0.150805040246475
T57P,0.999306962649038
T57Q,0.0743135168090788
T57R,0.206364791916229
T57S,0.285808430196789
T57V,0.225578359839086
T57W,0.306841080430843
T57Y,0.239800407083074
Q58A,0.173859532788661
Q58C,0.31589606675278
Q58D,0.0775042929894166
Q58E,0.0708443090745201
Q58F,0.276926096214074
Q58G,0.114698234191998
Q58H,0.131225200953146
Q58I,0.0192120797720141
Q58K,0.595416865710175
Q58L,0.128819384439109
Q58M,0.0682129008519152
Q58N,0.14195971477523
Q58P,0.0768094341915028
Q58R,0.182058539626159
Q58S,0.180931848228456
Q58T,0.130473978337994
Q58V,0.206796390592445
Q58W,0.48011700499748
Q58Y,0.169592272195857
H59A,0.231995051496471
H59C,0.101881405280938
H59D,0.300552884582137
H59E,0.313792193347213
H59F,0.126410292762199
H59G,0.157109843358412
H59I,0.288355806623473
H59K,0.139580370091295
H59L,0.053745520263349
H59M,0.0898082738473043
H59N,0.243426153089661
H59P,0.154774253282949
H59Q,0.283812381223943
H59R,0.280911240384194
H59S,0.302151567371098
H59T,0.173482489907599
H59V,0.153480934494929
H59W,0.422917119151433
H59Y,0.205561898165472
G60A,0.201659761938882
G60C,0.236915984471906
G60D,0.0894179822154591
G60E,0.0781276919194459
G60F,0.106644512055299
G60H,0.144145815093931
G60I,0.155420537362658
G60K,0.338439611219531
G60L,0.205377508653877
G60M,0.21032863248684
G60N,0.0656809520155005
G60P,0.413585026071837
G60Q,0.139472966623216
G60R,0.225245922617655
G60S,0.168807744516665
G60T,0.230422279871436
G60V,0.353798961979469
G60W,0.14742143556797
G60Y,0.158124975756608
K61A,0.18658438462255
K61C,0.247392314492254
K61D,0.242713553586832
K61E,0.270963063987858
K61F,0.0921605769275492
K61G,0.250520748279686
K61H,0.0426763436334285
K61I,0.0740575750942142
K61L,0.0735345419243158
K61M,0.0894204558797575
K61N,0.185156308521414
K61P,0.188326591681962
K61Q,0.219180018139397
K61R,0.415875238077099
K61S,0.203018022934457
K61T,0.178107050239785
K61V,0.0704486014939366
K61W,0.537944596528782
K61Y,0.284255552941356
E62A,0.452181948216264
E62C,0.504452843286066
E62D,0.390945578526635
E62F,0.716099392172367
E62G,0.229674894439335
E62H,0.502589023970924
E62I,0.568540902465786
E62K,0.392751100463932
E62L,0.858353882544626
E62M,0.526221765829283
E62N,0.598206448027553
E62P,0.075770009584155
E62Q,0.438644861479746
E62R,0.277493942752057
E62S,0.387656423405876
E62T,0.447588929085679
E62V,0.565402489255161
E62W,0.679760854161763
E62Y,0.564236473950108
D63A,0.43712118236916
D63C,0.262170086930373
D63E,0.339815016654694
D63F,0.115581764007202
D63G,0.267482823807114
D63H,0.14626955031425
D63I,0.0640347384670284
D63K,0.333052038047659
D63L,0.0495166203556329
D63M,0.293817398529434
D63N,0.452643557019031
D63P,0.1766668482925
D63Q,0.412231251532532
D63R,0.386316492807668
D63S,1
D63T,0.407053759123956
D63V,0.157589833548098
D63W,0.233149306500988
D63Y,0.465877388462659
L64A,0.0879894645188372
L64C,0.320685283807249
L64D,0.170430064429635
L64E,0.337111276613928
L64F,0.187088959704274
L64G,0.183875382800703
L64H,0.383588386239873
L64I,0.244730569427441
L64K,0.224708186549302
L64M,0.162345895405565
L64N,0.245450230353694
L64P,0.0272129395933489
L64Q,0.101655143074784
L64R,0.261435412253272
L64S,0.229064096783311
L64T,0.131781985056155
L64V,0.166892607509947
L64W,0.207903540055149
L64Y,0.210578840367641
K65A,0.241552523105372
K65C,0.465509511671352
K65D,0.173341666852614
K65E,0.367407571700013
K65F,0.199468568145991
K65G,0.143333360322657
K65H,0.320738587458354
K65I,0.0522735224203317
K65L,0.262093615856069
K65M,0.111726613917598
K65N,0.42926075163143
K65P,0.236585273874017
K65Q,0.213758568201029
K65R,0.26082236300013
K65S,0.426295682928438
K65T,0.281036323135999
K65V,0.130386595784272
K65W,0.31947319040193
K65Y,0.315392077877124
F66A,0.107531474109442
F66C,0.311303022257797
F66D,0.20238228525261
F66E,0.112145322872833
F66G,0.293513256165668
F66H,0.309724525392142
F66I,0.14688492018914
F66K,1
F66L,0.518179724756686
F66M,0.139484798972042
F66N,0.183872233831268
F66P,0.114146938950944
F66Q,0.729295696427772
F66R,0.259935893309146
F66S,0.139094720900824
F66T,0.259656798619871
F66V,0.10886177210438
F66W,0.278317193483552
F66Y,0.263744396597027
P67A,0.203203058584148
P67C,0.310905755554639
P67D,0.149330368074774
P67E,0.114025383060259
P67F,0.326684876516346
P67G,0.374876661494597
P67H,0.224915865095096
P67I,0.408518290387934
P67K,0.46433145459173
P67L,0.558992992612584
P67M,0.131504433679164
P67N,0.651507070273726
P67Q,0.31306092221325
P67R,0.388431120476699
P67S,0.652512190083325
P67T,0.23289212787356
P67V,0.259151527752273
P67W,0.39968121212474
P67Y,0.457998503440409
R68A,0.259628127292439
R68C,0.136183769821653
R68D,0.273456168592715
R68E,0.257576243455303
R68F,0.293096485592976
R68G,0.314962377364056
R68H,0.305092373772746
R68I,0.396883500152585
R68K,0.0939929921730855
R68L,0.170611828296622
R68M,0.170687884740942
R68N,0.181100603572411
R68P,0.137985825034754
R68Q,0.193908471288937
R68S,0.304434402453772
R68T,0.265133347529297
R68V,0.105435983311262
R68W,0.355660365222298
R68Y,0.444431793545346
G69A,0.175179678151163
G69C,0.0495182520749419
G69D,0.295160885680939
G69E,0.178599154280622
G69F,0.301849082126261
G69H,0.29807515628627
G69I,0.38747535038248
G69K,0.294508429572543
G69L,0.63340254919211
G69M,0.227186892902713
G69N,0.230245663584432
G69P,0.464279120950396
G69Q,0.322524688027308
G69R,0.184829490454038
G69S,0.155718999456952
G69T,0.155168467244642
G69V,0.109459491543024
G69W,0.241425834589073
G69Y,0.0540610224969146
Q70A,0.338634793828193
Q70C,0.29296463550084
Q70D,0.0597768905379201
Q70E,0.471927994195818
Q70F,0.334766527902942
Q70G,0.229053042544127
Q70H,0.293383573799045
Q70I,0.44277418006287
Q70K,0.555657464028091
Q70L,0.387450675488061
Q70M,0.190834063860028
Q70N,0.256202470875942
Q70P,0.0926884881929892
Q70R,0.237313515524567
Q70S,0.189280917366037
Q70T,0.344162637432756
Q70V,0.38530223182368
Q70W,0.348011974541255
Q70Y,0.370600383128286
G71A,0.413125363650375
G71C,0.214531477028899
G71D,0.252315241714837
G71E,0.202439476744501
G71F,0.325952637414433
G71H,0.413687996978159
G71I,0.640422433661622
G71K,0.16996520835775
G71L,0.471745587728244
G71M,0.166196850054026
G71N,0.0885056048835638
G71P,0.156481767184806
G71Q,0.128171732221585
G71R,0.411374613360461
G71S,0.167299487285992
G71T,0.264755255242001
G71V,0.356025400013838
G71W,0.186865148634345
G71Y,0.190463850469866
V72A,0.038551664423911
V72C,0.43057042506162
V72D,0.421237133698482
V72E,0.560140401450307
V72F,0.359201143062565
V72G,0.39871609938371
V72H,0.29664935865971
V72I,0.537626158319798
V72K,0.473721225445501
V72L,0.269535852172785
V72M,0.219441939442672
V72N,0.392249923520505
V72P,0.0658276860673343
V72Q,0.222554804705231
V72R,0.408119992216242
V72S,0.382995207675188
V72T,0.289623034258329
V72W,0.617370954060081
V72Y,0.276256908780901
P73A,0.212027796012203
P73C,0.357877789034626
P73D,0.588791683450366
P73E,0.550328814631298
P73F,0.470358145672037
P73G,0.62165429053016
P73H,0.51404210540465
P73I,0.299515322531509
P73K,0.474893349235271
P73L,0.576411893243348
P73M,0.511035412108655
P73N,0.674715881260317
P73Q,0.242148935826017
P73R,0.286040154393524
P73S,0.265326161035152
P73T,0.243888300910799
P73V,0.417696088965146
P73W,0.390538475501788
P73Y,0.502582279455536
I74A,0.209749365064527
I74C,0.199673930829775
I74D,0.207192506125198
I74E,0.238409300884421
I74F,0.291408961176238
I74G,0.258637107361547
I74H,0.168028506063662
I74K,0.240853971074615
I74L,0.264813710808406
I74M,0.208222446632688
I74N,0.235026625526303
I74P,0.159211966314557
I74Q,0.126882795964656
I74R,0.297687949165909
I74S,0.402729056464151
I74T,0.185674671804987
I74V,0.280507721291521
I74W,0.19851586845203
I74Y,0.104034246853086
N75A,0.297633801895253
N75C,0.331349528564459
N75D,0.185352697125981
N75E,0.24762794820774
N75F,0.207600493822567
N75G,0.370738409809575
N75H,0.209652177357842
N75I,0.385042990059081
N75K,0.110534743616053
N75L,0.454649422607392
N75M,0.238679353157319
N75P,0.380056529088906
N75Q,0.201326222946918
N75R,0.194718309118442
N75S,0.186144597827719
N75T,0.524180752912309
N75V,0.256565554105395
N75W,0.437950231763958
N75Y,0.262308458402893
T76A,0.195773078174877
T76C,0.535860380073747
T76D,0.060171066600125
T76E,0.142973454483111
T76F,0.267290050719754
T76G,0.136340127900388
T76H,0.588002964664954
T76I,0.355194643532924
T76K,0.302795913614691
T76L,0.281084631128688
T76M,0.340912707237034
T76N,0.198140166869489
T76P,0.264526255723904
T76Q,0.172366386201249
T76R,0.307021910228383
T76S,0.12623493607365
T76V,0.25019848397754
T76W,0.28629841068662
T76Y,0.527889031733025
N77A,0.280570214454377
N77C,0.487166806073618
N77D,0.0961448898086275
N77E,0.0829254415995257
N77F,0.229247384711898
N77G,0.254855396239996
N77H,0.291322583899723
N77I,0.21614985475181
N77K,0.317429323550371
N77L,0.191746002121908
N77M,0.120306623594669
N77P,0.299368263958869
N77Q,0.172749630896491
N77R,0.501674039520622
N77S,0.498193023180884
N77T,0.226228764109548
N77V,0.314662304804653
N77W,0.33411205163505
N77Y,0.410240961462042
S78A,0.399530955417673
S78C,0.474501007902194
S78D,0.141042328624173
S78E,0.220991467074457
S78F,0.235813852561202
S78G,0.385616809871442
S78H,0.106982514922957
S78I,0.104163091747215
S78K,0.343716338388842
S78L,0.159980059441982
S78M,0.289571111340591
S78N,0.212391925686654
S78P,0.368550436373988
S78Q,0.230584419612679
S78R,0.133054665709634
S78T,0.192659657615057
S78V,0.157497290812534
S78W,0.230286751794789
S78Y,0.195820181884932
S79A,0.138935613584
S79C,0.57834386415151
S79D,0.426492941581085
S79E,0.170746206627766
S79F,0.176597110036743
S79G,0.0949690639185382
S79H,0.285421769139028
S79I,0.00566936241528102
S79K,0.360728447340296
S79L,0.411581608457822
S79M,0.250330150494733
S79N,0.205299278965019
S79P,0.338123392977036
S79Q,0.412119592930658
S79R,0.335795440694608
S79T,0.17998104548145
S79V,0.28245860796425
S79W,0.578947940625579
S79Y,0.530152046989197
P80A,0.364500550255359
P80C,0.107075058414279
P80D,0.0570183935430233
P80E,0.0793685849161611
P80F,0.210484797109413
P80G,0.159545925975124
P80H,0.113737964965765
P80I,0.313814753119599
P80K,0.122315248081692
P80L,0.0935089891470674
P80M,0.132393656953704
P80N,0.136914834252714
P80Q,0.175852987459065
P80R,0.117358321329486
P80S,0.251220148241113
P80T,0.386300625534412
P80V,0.305005547532805
P80W,0.373770354411666
P80Y,0.0892547205632772
D81A,0.499716217460679
D81C,1
D81E,0.310618319413338
D81F,0.196459011256895
D81G,0.298688196688487
D81H,0.343699705012901
D81I,0.276038666405455
D81K,0.364550859800315
D81L,0.191908153706712
D81M,0.315846534151972
D81N,0.22439345350505
D81P,0.298593453691028
D81Q,0.348383757298078
D81R,0.62820573722928
D81S,0.49216629899696
D81T,0.387356685578006
D81V,0.203241150582564
D81W,1
D81Y,1
D82A,0.229500481050272
D82C,0.288589910050129
D82E,0.341109823779102
D82F,0.483002607903275
D82G,0.882117429202793
D82H,0.461866505382416
D82I,0.166654738527829
D82K,0.329531494368351
D82L,0.19457399837964
D82M,0.314840335157507
D82N,0.32168855464244
D82P,0.508467110919059
D82Q,0.454725179458907
D82R,0.386844067384185
D82S,0.155613411412196
D82T,0.308718505051939
D82V,0.404867380979543
D82W,0.395256670963253
D82Y,0.404048834422286
Q83A,0.608759227409027
Q83C,0.227805601680565
Q83D,0.115081121079074
Q83E,0.197689214596867
Q83F,0.693142096312538
Q83G,0.232946633609579
Q83H,0.286579769192336
Q83I,0.160993420096447
Q83K,0.219907905261499
Q83L,0.276949840321938
Q83M,0.459975278336328
Q83N,0.135101920044262
Q83P,0.212121022668181
Q83R,0.215348847058543
Q83S,0.291587877663123
Q83T,0.295636904413901
Q83V,0.490802107192547
Q83W,0.241424050145592
Q83Y,0.312739092747379
I84A,0.215682284421089
I84C,0.112964671006701
I84D,0.400198392382979
I84E,0.270158463882887
I84F,0.371184440344794
I84G,0.154838011196025
I84H,0.542195535200723
I84K,0.247390020127019
I84L,0.471635654472342
I84M,0.308051325997357
I84N,0.186767816717762
I84P,0.547590740668901
I84Q,0.445670333322742
I84R,0.302455773280855
I84S,0.253964944129177
I84T,0.0980623670616383
I84V,0.239951215057064
I84W,0.413984873364199
I84Y,0.164771459774343
G85A,0.510659648539306
G85C,0.30151764523618
G85D,0.727722255951456
G85E,0.543868488488812
G85F,0.397395240931139
G85H,0.424681836310653
G85I,0.322553760020099
G85K,0.489945902441594
G85L,0.243658853853021
G85M,0.322276632265027
G85N,0.521503511633663
G85P,0.559452193862
G85Q,0.420287733307193
G85R,0.396560390511939
G85S,0.549133061460078
G85T,0.416633971391483
G85V,0.403289564002111
G85W,0.243086742392375
G85Y,0.550465007309051
Y86A,0.594770724025073
Y86C,0.175394353466229
Y86D,0.433431615027008
Y86E,0.460302008935177
Y86F,0.416851915758476
Y86G,1
Y86H,0.447421271691361
Y86I,0.523757307294028
Y86K,0.179372009342445
Y86L,0.324363287703889
Y86M,0.27835811992733
Y86N,0.642613471145563
Y86P,0.371988205378186
Y86Q,0.211262553495487
Y86R,0.365906550130583
Y86S,0.767149823264211
Y86T,0.767880974707423
Y86V,0.308169537267983
Y86W,0.462818865785516
Y87A,0.521289437156825
Y87C,0.122600563186942
Y87D,0.483647255074989
Y87E,0.96182066651133
Y87F,0.463548249637046
Y87G,0.533997110504046
Y87H,0.264532563749714
Y87I,0.499594322175765
Y87K,0.44263765579901
Y87L,0.380351972585923
Y87M,0.351074443727414
Y87N,0.353879663381195
Y87P,0.415607185968893
Y87Q,0.592188967379311
Y87R,0.362403413332263
Y87S,0.416854375399617
Y87T,0.22161444158109
Y87V,0.804780063745549
Y87W,0.867305131445718
R88A,0.317656419068932
R88C,0.273961245523565
R88D,0.260121472911203
R88E,0.219345245618023
R88F,0.0333092867264641
R88G,0.158295619730003
R88H,0.294527282518185
R88I,0.0980551810827733
R88K,0.0709919956531209
R88L,0.145500253667603
R88M,0.095404775031807
R88N,0.264802784974537
R88P,0.275782611951611
R88Q,0.610023395884238
R88S,0.136015937987798
R88T,0.252141542174414
R88V,0.185160965985064
R88W,0.0682065672301958
R88Y,0.287202331749951
R89A,0.201512451217725
R89C,0.892307130763496
R89D,0.0340082165327342
R89E,0.224615812960705
R89F,0.248120134111269
R89G,0.112643111407699
R89H,0.177957471788728
R89I,0.0521402644066468
R89K,0.268106534204081
R89L,0.229812822925839
R89M,0.17186836554776
R89N,0
R89P,0.333299071133487
R89Q,0.114238129084922
R89S,0.149475179711325
R89T,0.14001399874334
R89V,0.133038016122702
R89W,0.252861421509732
R89Y,0.297625735276701
A90C,0.363864469894265
A90D,0.101623518880704
A90E,0.126002940978162
A90F,0.243289076328203
A90G,0.101759440065035
A90H,0.147981423500275
A90I,0.32843857378937
A90K,0.203032878368411
A90L,0.131767251727974
A90M,0.145887425103344
A90N,0.0816388187800468
A90P,0.450119030658549
A90Q,0.358549387069151
A90R,0
A90S,0.362337985299237
A90T,0.32718676275829
A90V,0.107804634460051
A90W,0.376530669889293
A90Y,0.868134226245511
T91A,0.274419522778947
T91C,0.605863917183232
T91D,0.112860848098823
T91E,0.104581568536172
T91F,0.176733924592506
T91G,0.155149291704943
T91H,0.497857140957001
T91I,0.0660506736342683
T91K,0.899561460198616
T91L,0.167750386948241
T91M,0.183533288435866
T91N,0.362694625281555
T91P,0.253578151773562
T91Q,0.351237073831178
T91R,0.794104992883452
T91S,0.149775068569083
T91V,0.174657317938794
T91W,0.220760621732373
T91Y,0.482797308198775
R92A,0.130483996837852
R92C,0.473264136627328
R92D,0.125358369839755
R92E,0.11150185272925
R92F,0.0988197581779143
R92G,0.0666230646747143
R92H,0.128676459627973
R92I,0.132634512647257
R92K,0.191132770724105
R92L,0.0856249928979813
R92M,0.155276361352082
R92N,0.0524293257319531
R92P,0.185780428027503
R92Q,0.196991932224113
R92S,0.0230135146321903
R92T,0.047338015496121
R92V,0.00848345832850231
R92W,0.0826841195295326
R92Y,0.103139828991135
R93A,0.0866150934877308
R93C,0.451490314394212
R93D,0.0485448342248362
R93E,0.0948033040948688
R93F,0.105743056682955
R93G,0.0675004066828352
R93H,0.108240954587069
R93I,0.194818840201054
R93K,0.463174514388468
R93L,0.160544837085912
R93M,0.130044480412209
R93N,0.25038100878359
R93P,0.102628366204613
R93Q,0.130948438734644
R93S,0.0471280045595561
R93T,0.935942896999497
R93V,0.125305273588535
R93W,0.239346016177598
R93Y,0.1099489359349
I94A,0.142216690365616
I94C,0.182800071059136
I94D,0.227443009646726
I94E,0.0895987561465282
I94F,0.445815375456351
I94G,0.142233518931509
I94H,0.439831613123226
I94K,0.308524611040113
I94L,0.0605659845631821
I94M,0.0749587137821347
I94N,0.107835883805432
I94P,0.0778311415488433
I94Q,0.148878565497792
I94R,0.258206775526984
I94S,0.119264147906001
I94T,0.23935700576506
I94V,0.381092320011258
I94W,0.29725336174176
I94Y,0.180268810730322
R95A,0.485128348239868
R95C,0.505996425248898
R95D,0.141031356156825
R95E,0.063707192617438
R95F,0.233862876956501
R95G,0.127056633393641
R95H,0.126403076792822
R95I,0.0925218269539044
R95K,0.221146809990895
R95L,0.0829071119369928
R95M,0.0984147792147915
R95N,0.14137744746627
R95P,0.106223560864584
R95Q,0.0431142658406497
R95S,0.101131027910288
R95T,0.038551664423911
R95V,0.105761243439076
R95W,0.18767661910124
R95Y,0.183239908006193
G96A,0
G96C,0.41010556872759
G96D,0.133715828407698
G96E,0.104552487448027
G96F,0.18225066556498
G96H,0.16882052124161
G96I,0.167779980010455
G96K,0.361972314977468
G96L,0.274254987069354
G96M,0.288762413732279
G96N,0.152953337616686
G96P,0.0983149760914921
G96Q,0
G96R,0.437674778459695
G96S,0.136663519468245
G96T,0.160889082518151
G96V,0.101322642174359
G96W,0.415804703186866
G96Y,0.565481706308603
G97A,0.275342217078175
G97C,0.225538038995774
G97D,0.0386435431089787
G97E,0.169373548341626
G97F,0.175391404422875
G97H,0.536596279744261
G97I,0.225204768958625
G97K,0.906507089319837
G97L,0.180521532115597
G97M,0.223623038151781
G97N,0.553186119157163
G97P,0.246938243131581
G97Q,0.325245551439999
G97R,1
G97S,0.237799949235275
G97T,0.199945007993449
G97V,0.206763364226004
G97W,0.7333720548347
G97Y,0.566190853178138
D98A,1
D98C,0.466870810879215
D98E,0.221804613024744
D98F,0.430214353609225
D98G,0.561050982638135
D98H,1
D98I,0.11665915742847
D98K,0.591395459892904
D98L,0.51888678304948
D98M,0.271309287631689
D98N,1
D98P,0.20527826366008
D98Q,0.687731422765403
D98R,1
D98S,0.507396843222529
D98T,0.302943421086204
D98V,0.310876640307847
D98W,0.717119693812808
D98Y,0.459677136749532
G99A,0.298328240368827
G99C,0.511784104256397
G99D,0.160190317777066
G99E,0.130359479699381
G99F,0.210575421515877
G99H,0.18912298516107
G99I,0.296399086957334
G99K,0.141456012127045
G99L,0.145408819963471
G99M,0.15602642747242
G99N,0.140107109958059
G99Q,0.105835821469597
G99R,0.335826486910029
G99S,0.19930584315474
G99T,0.194125319210595
G99V,0.090348423632414
G99W,0.127147035666609
G99Y,0.270924440880583
K100A,0.129559740972119
K100C,0.151705916019899
K100D,0.0321805375426085
K100E,0.0966002986406105
K100F,0.0539143307592124
K100G,0.159808994196073
K100H,0.14626955031425
K100I,0.116788865754789
K100L,0.174947918582788
K100M,0.283025989717093
K100N,0.0703000939494847
K100P,0.247184201306253
K100Q,0.0968474836603558
K100R,1
K100S,0.063911756950632
K100T,0.13913806281103
K100V,0.0147365537221541
K100W,0.21944966097583
K100Y,0.174086673382097
M101A,0.105549101970905
M101C,0.58406114956088
M101D,0.33452066393386
M101E,0.261721692681938
M101F,0.29261644941006
M101G,0.144279650717428
M101H,0.25483620247708
M101I,0.211803238745597
M101K,0.270706363709521
M101L,0.274580831086559
M101N,0.304012508495558
M101P,0.16893536211894
M101Q,0.491372882225414
M101R,0.186951924295802
M101S,0.182480159117589
M101T,0.0654441395318634
M101V,0.183485023515627
M101W,0.463903797026072
M101Y,0.347528753872272
K102A,0.167131335211499
K102C,0.200263496350888
K102D,0.201331172348384
K102E,0.177996622906897
K102F,0.0979076916114096
K102G,0.176926982717175
K102H,0.187983546673747
K102I,0.0986248689019101
K102L,0.11921454555714
K102M,0.228951281936119
K102N,0.0769936351800228
K102P,0.215924955882649
K102Q,0.0737537991892339
K102R,0.661048201662943
K102S,0.125883473878305
K102T,0.0533245015584424
K102V,0.0606922800647313
K102W,0.207681933716979
K102Y,0.159755416527134
D103A,0.338988288834002
D103C,0.361556058126232
D103E,0.206364791916229
D103F,0.6880611203959
D103G,0.405035515562809
D103H,0.317486667783964
D103I,0.571538546651458
D103K,1
D103L,0.344470486919309
D103M,0.325475652720593
D103N,0.59132605588357
D103P,0.532229520052547
D103Q,0.415381135452687
D103R,0.248669592323939
D103S,0.776734631912253
D103T,0.646592659654679
D103V,0.73847866268651
D103W,1
D103Y,1
L104A,0.135444153606153
L104C,0.252695789343608
L104D,0.0479450280326172
L104E,0.313916351538768
L104F,0.0452787199929662
L104G,0.166223161180484
L104H,0.343625208410134
L104I,0.124725973136183
L104K,0.193341958808508
L104M,0.176073592427489
L104N,0.0749833402944218
L104P,0.291636987079962
L104Q,0.0634175687002317
L104R,0.437372746878431
L104S,0.164648314755981
L104T,0.116346729353353
L104V,0.0800020223021961
L104W,0.21151958872391
L104Y,0.0462567976850085
S105A,0.122221111785256
S105C,0.248807316051726
S105D,0.178398000438772
S105E,0.157851322100091
S105F,0.336489911298056
S105G,0.18960089013808
S105H,0.327700743231211
S105I,0.126412626245939
S105K,0.343559289373095
S105L,0.133575655334771
S105M,0.320278012874017
S105N,0.29208223771944
S105P,0.239641198907223
S105Q,0.36457846888062
S105R,0.298039288659337
S105T,0.0757145390031371
S105V,0.19308281762328
S105W,0.294827021879284
S105Y,0.152714154172844
P106A,0.223575058332348
P106C,0.165197897323515
P106D,0.305940494484274
P106E,0.118628572059111
P106F,0.110887195419402
P106G,0.105426072608776
P106H,0.239985746510715
P106I,0.346656300475276
P106K,0.252079871618146
P106L,0.197886298501109
P106M,0.205541347062053
P106N,0.169046098523149
P106Q,0.101932346589234
P106R,0.378491192570753
P106S,0.503881484553957
P106T,0.521717543708876
P106V,0.131298143181209
P106W,0.293105215020851
P106Y,0.312993008317831
R107A,0.303687981405017
R107C,0.550068207054491
R107D,0.0836042333482753
R107E,0.368242172910727
R107F,0.284296036521716
R107G,0.0874732509256609
R107H,0.221163088748427
R107I,0
R107K,0.0568434904953453
R107L,0.126171579345451
R107M,0.287340576324021
R107N,0.0597956425607671
R107P,0.0544162319595952
R107Q,0.0971877384995205
R107S,0.0487023645125604
R107T,0.0438971520027353
R107V,0.181679679729231
R107W,0.128843425840002
R107Y,0.176837961731896
W108A,0.327974180906285
W108C,1
W108D,0.49584734873678
W108E,0.386544504805327
W108F,0.224843949550701
W108G,0.384586657264789
W108H,0.222665442161598
W108I,0.176900050871337
W108K,0.332422177371599
W108L,0.214740688152175
W108M,0.216431423818176
W108N,0.167327273547164
W108P,0.659294215495303
W108Q,0.12245822817007
W108R,0.301072474380067
W108S,0.0685050661327221
W108T,0.190935848036666
W108V,0.247341379897216
W108Y,0.249946064809205
Y109A,0.0768447685726139
Y109C,1
Y109D,0.221911158629649
Y109E,0.222872852959035
Y109F,0.130089053546153
Y109G,0.135177558419048
Y109H,0.139286575597018
Y109I,0.262097210655838
Y109K,0.128127590585351
Y109L,0.112500789131747
Y109M,0.122354467876486
Y109N,0.0674472041025913
Y109P,0.63443420827311
Y109Q,0.0979903577469991
Y109R,0.289563592683706
Y109S,0.14728581054332
Y109T,0.311868069542513
Y109V,0.00434313814963653
Y109W,0.260960863735897
F110A,0.518180686170846
F110C,0.788037036738688
F110D,1
F110E,0.870148559063574
F110G,0.505055989118347
F110H,0.171677640322833
F110I,0.202697484479455
F110K,0.660096694302002
F110L,0.561758870109277
F110M,0.16362366775222
F110N,0.813505607403907
F110P,0.752392232489276
F110Q,0.83253277085382
F110R,0.489308949531548
F110S,0.461266380943857
F110T,0.430639276924144
F110V,0.370133659060677
F110W,0.207048855105783
F110Y,0.0999660310240422
Y111A,0.51763375816621
Y111C,1
Y111D,0.664711188989211
Y111E,0.594319759537266
Y111F,0.328537920862686
Y111G,0.535414016451856
Y111H,0.186620694845161
Y111I,0.254491957447051
Y111K,0.837632055810522
Y111L,0.353939658680317
Y111M,0.182449677905424
Y111N,0.155014427585011
Y111P,0.177878111330693
Y111Q,0.302964929933313
Y111R,0.740992111755264
Y111S,0.247734000596962
Y111T,0.53177087873075
Y111V,0.575617208545589
Y111W,0.141546449041402
Y112A,0.436414564619478
Y112C,1
Y112D,0.720563790026882
Y112E,0.456329040252618
Y112F,0.201292117408349
Y112G,0.465876301392537
Y112H,0.31499338182608
Y112I,0.202389919302804
Y112K,0.446673753945189
Y112L,0.210149547282903
Y112M,0.463551477270823
Y112N,0.330079019480369
Y112P,0.352502838381843
Y112Q,1
Y112R,0.774019447415742
Y112S,0.329592581896555
Y112T,0.664852664149735
Y112V,0.350368569885174
Y112W,0.211895641642211
L113A,0.422018742048341
L113C,1
L113D,0.31999552390885
L113E,0.535466147956529
L113F,0.13973643616067
L113G,0.495065241343457
L113H,0.473015916850078
L113I,0.296466070729133
L113K,0.245845227934767
L113M,0.383483958079913
L113N,0.341162390132607
L113P,0.793878938749469
L113Q,0.0954762324447261
L113R,0.421776359460582
L113S,0.261071547046639
L113T,0.11915438274665
L113V,0.358169046826625
L113W,0.134120165991025
L113Y,0.321519530710273
G114A,0.242795196234613
G114C,1
G114D,0.22520630723182
G114E,0.187940811978364
G114F,0.228033702437393
G114H,0.200643677492818
G114I,0.210156702721341
G114K,0.135422775267294
G114L,0.21906244818319
G114M,0.182260184310733
G114N,0.330276554020612
G114P,0.331075570081973
G114Q,0.394728810898635
G114R,0.351421740210955
G114S,0.147785326086696
G114T,0.270870503916528
G114V,0.240118120482867
G114W,0.252444124855275
G114Y,0.213238864262175
T115A,0.223197016124608
T115C,0.47455517737566
T115D,0.520799003327652
T115E,0.592460814381745
T115F,0.427579739770273
T115G,0.370530043504959
T115H,0.365241495984947
T115I,0.281805032166911
T115K,0.357318331974196
T115L,0.314920398435139
T115M,0.14528764211523
T115N,0.3889214739909
T115P,0.378746511400987
T115Q,0.280574302733556
T115R,0.266255624365408
T115S,0.356046506950366
T115V,0.383004180250555
T115W,0.227767485038946
T115Y,0.375207060479189
G116A,0.566097151199064
G116C,0.251034538222081
G116D,0.518698143843058
G116E,0.679394773415088
G116F,0.341596581175564
G116H,0.518960943788021
G116I,0.580732637353794
G116K,0.675617199828544
G116L,0.574115680289264
G116M,0.354874460984444
G116N,0.311300863344073
G116P,0.416999253681539
G116Q,0.330630937377436
G116R,0.123592100653126
G116S,0.354684449763404
G116T,0.282136742571054
G116V,0.783755298579187
G116W,0.379547424803188
G116Y,0.272129395933489
P117A,0.354141095777245
P117C,0.596354941605156
P117D,0.285443482066505
P117E,0.147016351719629
P117F,0.217221914798383
P117G,0.44742169084243
P117H,0.495313175581575
P117I,0.228839186333069
P117K,0.45920597522791
P117L,0.272071351190007
P117M,0.170774254959223
P117N,0.177900121552042
P117Q,0.303958931079839
P117R,0.353702055515486
P117S,0.283902328648821
P117T,0.310624972492418
P117V,0.236955141330067
P117W,0.434116568615384
P117Y,0.36502302928554
E118A,0.477412346436809
E118C,0.684195547077599
E118D,0.25200849279369
E118F,0.333751578233606
E118G,0.345722668003629
E118H,0.238216235203804
E118I,0.470525608294547
E118K,0.228685005555351
E118L,0.667872202542695
E118M,0.375075651213774
E118N,0.414455624885441
E118P,0.634814555964771
E118Q,0.206989372784098
E118R,0.190073764813367
E118S,0.45860428059032
E118T,0.388542498531891
E118V,0.259167724354893
E118W,0.633409931938156
E118Y,0.46261419242847
A119C,0.478983977314821
A119D,0.214600918963668
A119E,0.216539854219176
A119F,0.297936675577793
A119G,0.436799207602065
A119H,0.3836974118017
A119I,0.377124285659961
A119K,0.794885710506232
A119L,0.346425075441633
A119M,0.346100525554508
A119N,0.440384550548517
A119P,0.437863919525542
A119Q,0.435451856880773
A119R,0.73116276330745
A119S,0.190913605852756
A119T,0.219398955606528
A119V,0.258497804063022
A119W,0.236749346881947
A119Y,0.727729057219077
G120A,0.0408133815857204
G120C,0.449570305847298
G120D,0.13895598330427
G120E,0.192640278673819
G120F,0.522566606794448
G120H,0.159755479307396
G120I,0.211291156604708
G120K,0.298986448804963
G120L,0.183648142567704
G120M,0.352771263676036
G120N,0.391229063037536
G120P,0.267962683799888
G120Q,0.221534157853573
G120R,0.566017440454207
G120S,0.304129662501879
G120T,0.123062784331293
G120V,0.353399561288604
G120W,0.77297048394273
G120Y,0.586006405877398
L121A,0.171477751654357
L121C,0.201288660220146
L121D,0.299247064611591
L121E,0.183526851024141
L121F,0.4169548881624
L121G,0.16669876314469
L121H,0.185862654146404
L121I,0.28282822606336
L121K,0.273154415896033
L121M,0.183291157108318
L121N,0.240990707727159
L121P,0.29976037872679
L121Q,0.228378696944826
L121R,0.433422817064661
L121S,0.226149958021177
L121T,0.291948512568509
L121V,0.289768140270258
L121W,0.324572768058273
L121Y,0.281996937806231
P122A,0.17349630017211
P122C,0.456709535571096
P122D,0.140778307453928
P122E,0.193697977233929
P122F,0.639788527674407
P122G,0.321309916932736
P122H,0.448937472921482
P122I,0.428863449728915
P122K,0.180882297761389
P122L,0.456518507538582
P122M,0.337213234475494
P122N,0.287086880565348
P122Q,0.352019351335487
P122R,0.46746211890366
P122S,0.370205432859427
P122T,0.15708477543374
P122V,0.221985290060001
P122W,0.324242425198364
P122Y,0.111561315996509
Y123A,0.313912892118165
Y123C,0.29721516913068
Y123D,0.501686328869384
Y123E,0.322589662633308
Y123F,0.585833816197888
Y123G,0.487939915136247
Y123H,0.393082682630999
Y123I,0.230872375402164
Y123K,0.358538081224654
Y123L,0.293521814800785
Y123M,0.215039284168761
Y123N,0.843601127393817
Y123P,0.314012368683243
Y123Q,0.163227011051878
Y123R,0.196547471880038
Y123S,0.291103621564664
Y123T,0.433157905413064
Y123V,0.315172191297641
Y123W,0.526917586010362
G124A,0.305401025534118
G124C,0.417919078125703
G124D,0.322561386005441
G124E,0.248957023927449
G124F,0.214739396119426
G124H,0.253244729626706
G124I,0.334017082626679
G124K,0.380349763646207
G124L,0.289673952688948
G124M,0.36057877944665
G124N,0.244032425450258
G124P,0.327670205082855
G124Q,0.229257024690574
G124R,0.447691897534903
G124S,0.198454301101546
G124T,0.445945462229073
G124V,0.452290954397609
G124W,0.229280826036347
G124Y,0.302090364582582
A125C,0.415950405774765
A125D,0.117653227473369
A125E,0.227236947847704
A125F,0.874446350425377
A125G,0.383507939606595
A125H,0.470350555594037
A125I,0.591002698196267
A125K,0.632336945258359
A125L,0.307132312811513
A125M,0.695053727887311
A125N,0.14537353388232
A125P,0.171473164823971
A125Q,0.345151771576758
A125R,0.530394692022073
A125S,0.353807550056103
A125T,0.216136532602976
A125V,0.369350111775577
A125W,1
A125Y,0.663246787125452
N126A,0.255515853093741
N126C,0.555334101182942
N126D,0.0273468756791031
N126E,0.25012451346683
N126F,0.319793037881936
N126G,0.0964238645943728
N126H,0.245166349792348
N126I,0.22878534353842
N126K,0.496284576769386
N126L,0.354288688684855
N126M,0.397225340060348
N126P,0.409290948049952
N126Q,0.283823030985579
N126R,0.227908369094297
N126S,0.225047690654956
N126T,0.496761003676214
N126V,0.248545520884139
N126W,0.331568770958881
N126Y,0.243497099170086
K127A,0.237023550086034
K127C,0.308826180565253
K127D,0.62376053553906
K127E,0.403090846079754
K127F,0.21390882521519
K127G,0.140025055819286
K127H,0.244514895813353
K127I,0.204529235477408
K127L,0.573949736438312
K127M,0.238834046239881
K127N,0.230935567925534
K127P,0.388917016726937
K127Q,0.0948098539392518
K127R,0.503227445705956
K127S,0.204434895602482
K127T,0.276453588610857
K127V,0.264822662802817
K127W,0.269699666071682
K127Y,0.211349511327455
D128A,0.637715106956394
D128C,0.520844378876632
D128E,0.460899239302345
D128F,0.300329562450679
D128G,0.741437679695326
D128H,0.234698542663188
D128I,0.288601092613806
D128K,0.707385659497631
D128L,0.445203831731446
D128M,0.365963562682295
D128N,0.509518533064876
D128P,0.60667776761932
D128Q,0.333101017488
D128R,0.766074845680377
D128S,0.219774733777409
D128T,0.186603524423239
D128V,0.484287987927413
D128W,0.401674188275683
D128Y,0.615273047891952
G129A,0.141478392055952
G129C,0.792848675860442
G129D,0.308931943466001
G129E,0.192081148601997
G129F,0.321685107409987
G129H,0.230613991978815
G129I,0.180828690090037
G129K,0.286931997609704
G129L,0.228115614542629
G129M,0.202280935141106
G129N,0.349368643140595
G129P,0.185906710656439
G129Q,0.175745069362595
G129R,0.22791405504616
G129S,0.302431125010492
G129T,0.601776832938251
G129V,0.216644842578707
G129W,0.192464170941381
G129Y,0.343500714300023
I130A,0.230409264277417
I130C,0.904990293817179
I130D,1
I130E,0.935149852034234
I130F,0.413613782592322
I130G,0.659169398412673
I130H,0.41414577130532
I130K,0.665491056671685
I130L,0.314122933873288
I130M,0.443764363691391
I130N,0.543845446382971
I130P,0.858797665216126
I130Q,0.661441464946528
I130R,0.770512676675694
I130S,0.253490637739791
I130T,0.319605461576103
I130V,0.227359531429372
I130W,0.373910715302423
I130Y,0.268447968016728
I131A,0.161009892593981
I131C,0.634301944128226
I131D,0.398962659458205
I131E,0.127170095918472
I131F,0.496139436874738
I131G,0.29504710540002
I131H,0.104875702690845
I131K,0.260336130477761
I131L,0.243413336882092
I131M,0.261892317326491
I131N,0.278141922417332
I131P,0.781666362770357
I131Q,0.277064552190082
I131R,0.431488833388175
I131S,0.163713546752411
I131T,0.050838323967347
I131V,0.781976513851325
I131W,0.44566481301952
I131Y,0.400314695463155
W132A,0.754443119681092
W132C,0.811278384487484
W132D,0.788539396984045
W132E,1
W132F,0.674349654971957
W132G,0.51484892944292
W132H,0.314447517727375
W132I,0.346484646600393
W132K,0.507873343805907
W132L,0.290097696719094
W132M,0.401009249052052
W132N,0.895636405438038
W132P,0.668992735884419
W132Q,0.577609987552223
W132R,0.380048941249835
W132S,0.96549329868004
W132T,0.643560790942704
W132V,0.577410177651787
W132Y,0.26642134269041
V133A,0.221712806931489
V133C,0.779884245593499
V133D,0.141572707497847
V133E,0.336648840667653
V133F,0.221900218615343
V133G,0.443378113793059
V133H,0.450731458379219
V133I,0.158060923214602
V133K,0.356558732216933
V133L,0.278542134804773
V133M,0.188715956203572
V133N,0.539476410024121
V133P,0.421560344726191
V133Q,0.387753624284195
V133R,0.397440178618215
V133S,0.474941236030596
V133T,0.185085059961491
V133W,0.518939090146686
V133Y,0.343210653996952
A134C,0.299532903297294
A134D,0.218995585779529
A134E,0.0700347433919643
A134F,0.239861682195858
A134G,0.171115497507497
A134H,0.26180080162124
A134I,0.273501710873456
A134K,0.356515735076746
A134L,0.285716550754646
A134M,0.190357332195314
A134N,0.177457986112695
A134P,0.534760497595438
A134Q,0.256622066341982
A134R,0.299041114269147
A134S,0.165367864097825
A134T,0.266871008070816
A134V,0.502945237655305
A134W,0.282724566393403
A134Y,0.443447925192987
T135A,0.123500514620844
T135C,0.509111209832417
T135D,0.345944826921876
T135E,0.335784332040015
T135F,0.264034595562952
T135G,0.428322484445589
T135H,0.354613515683835
T135I,0.377538366864262
T135K,0.944620155494656
T135L,0.311485170698533
T135M,0.25073495447296
T135N,0.354324887382439
T135P,0.92202207714263
T135Q,0.392830998763485
T135R,0.532430390820125
T135S,0.31905754053612
T135V,0.25915602791942
T135W,0.333938385126872
T135Y,0.361368944465482
E136A,0.463023999651711
E136C,0.748726486600771
E136D,0.276694810269186
E136F,0.847273928546456
E136G,0.730488188403184
E136H,0.718043568307126
E136I,0.814775888165716
E136K,0.616314008155632
E136L,0.596594259425294
E136M,0.5094734011351
E136N,0.506659787428832
E136P,0.207243214467186
E136Q,0.424614150809824
E136R,0.765094145406858
E136S,0.421917388354242
E136T,0.527138937008953
E136V,0.378152454912014
E136W,0.330141840672132
E136Y,0.417098476387602
G137A,0.146457425005812
G137C,0.229174908963827
G137D,0.139458587293043
G137E,0.0712871785717405
G137F,0.370128404033161
G137H,0.134754094529724
G137I,0.530482453602692
G137K,0.180562377787629
G137L,0.515936518967176
G137M,0.188047902256692
G137N,0.182995058358816
G137P,0.370479110006391
G137Q,0.620083625442978
G137R,0.307531994293626
G137S,0.139871157667677
G137T,0.358653716192046
G137V,0.220346202086872
G137W,0.300545007670902
G137Y,0.529990675192152
A138C,0.347561105996585
A138D,0.386675502464296
A138E,0.339457177844505
A138F,0.151005327572321
A138G,0.548336579953607
A138H,0.203501918478367
A138I,0.223146358032991
A138K,0.36219770219495
A138L,0.375187444672407
A138M,0.200997125290707
A138N,0.633586343336771
A138P,0.775925576167117
A138Q,0.241793078822545
A138R,0.36059897467485
A138S,0.117240950437531
A138T,0.200267717358187
A138V,0.248457783341765
A138W,0.390005624659847
A138Y,0.375361047975694
L139A,0.345871077441676
L139C,0.159067607681145
L139D,0.199164703516017
L139E,0.208106838870897
L139F,0.625985948522933
L139G,0.257550998079118
L139H,0.186758427821397
L139I,0.225722991982001
L139K,0.31993638638111
L139M,0.276664885865714
L139N,0.280380007344089
L139P,0.269273717459902
L139Q,0.116995135215818
L139R,0.447592454376631
L139S,0.21994479309951
L139T,0.187391615753577
L139V,0.430229317339443
L139W,0.44666267176084
L139Y,0.247145038918495
N140A,0.29358144592833
N140C,0.467638369283259
N140D,0.16747149453803
N140E,0.14578401323421
N140F,0.259631942794503
N140G,0.227877531111035
N140H,0.286933117575595
N140I,0.35104104728154
N140K,0.570195740972757
N140L,0.973333531959218
N140M,0.460485115566543
N140P,0.0586440602545105
N140Q,0.221053788737468
N140R,0.364621438021472
N140S,0.207868716493447
N140T,0.247546278233615
N140V,0.339755336736302
N140W,0.300802033525848
N140Y,0.436269304201051
T141A,0.312502256319518
T141C,0.355500551130551
T141D,0.260838649762778
T141E,0.15738587832839
T141F,0.575248139553598
T141G,0.20855650343472
T141H,0.284989792815464
T141I,0.358549546532231
T141K,0.424651318988359
T141L,0.268748046204246
T141M,0.222283931797112
T141N,0.251607239508344
T141P,0.294444030567832
T141Q,0.142055609298529
T141R,0.369202685781055
T141S,0.28561654480602
T141V,0.397564260873258
T141W,0.474428354505058
T141Y,0.355711425434325
P142A,0.460944463090483
P142C,0.300888908972106
P142D,0.161900660336412
P142E,0.186348442464629
P142F,0.0464887718053044
P142G,0.316529590412298
P142H,0.45634808958994
P142I,0.243731266722321
P142K,0.316726797433534
P142L,0.472368186428501
P142M,0.288114485820151
P142N,0.252672630901046
P142Q,0.217829540525782
P142R,0.329545440952408
P142S,0.0972755437941102
P142T,0.160467593282338
P142V,0.265456168113261
P142W,0.207844329014285
P142Y,0.375099381362584
K143A,0.307407586356871
K143C,0.332988570798749
K143D,0.416982334101032
K143E,0.388933546796584
K143F,0.732861579677972
K143G,0.303338704314765
K143H,0.135765949428622
K143I,0.451233148724783
K143L,0.234532559236169
K143M,0.232649103806102
K143N,0.282273071984411
K143P,0.806185615702522
K143Q,0.309479249684948
K143R,0.32874141687363
K143S,0.327057843485301
K143T,0.501420887972421
K143V,0.193291948631137
K143W,0.348835421613921
K143Y,0.435707934324386
D144A,0.45757421172847
D144C,0.682915077279672
D144E,0.313374944683428
D144F,0.537742837910805
D144G,0.470087431998021
D144H,0.791781355120556
D144I,0.47164665897846
D144K,0.532010559189568
D144L,0.692864638656779
D144M,0.446683540934623
D144N,0.420775375350382
D144P,0.432708256746209
D144Q,0.18620178222392
D144R,0.732545178050958
D144S,0.32736589769588
D144T,0.62623908057036
D144V,0.403324405595932
D144W,0.781518373260222
D144Y,0.354129004680445
H145A,0.120737750228943
H145C,0.137327555239552
H145D,0.299397071793049
H145E,0.256091531567579
H145F,0.150805040246475
H145G,0.0818284344185485
H145I,0.226080871221965
H145K,0.217045813765023
H145L,0.365993741367409
H145M,0.365865904356217
H145N,0.239479776888093
H145P,0.260366122810931
H145Q,0.355835992561499
H145R,0.246887228180178
H145S,0.243125042825605
H145T,0.35322792737834
H145V,0.452886157036558
H145W,0.362638272545196
H145Y,0.144666500768937
I146A,0.108767155173564
I146C,0.260651706906029
I146D,0.326833520714628
I146E,0.324533706371085
I146F,0.40572758696547
I146G,0.503686695230677
I146H,0.402710329147038
I146K,0.670340454397171
I146L,0.463043725202713
I146M,0.149384101371001
I146N,0.42761253313668
I146P,0.387480412287755
I146Q,0.338063286964462
I146R,0.16414454433046
I146S,0.384479205593618
I146T,0.338209151942671
I146V,0.283836959037964
I146W,0.222716399670823
I146Y,0.0584696807785428
G147A,0.407489470088375
G147C,0.17666237778898
G147D,0.287640017250499
G147E,0.212353841123504
G147F,0.571086168656697
G147H,0.15744015787405
G147I,0.200784902683374
G147K,0.295711444312986
G147L,0.348963954767631
G147M,0.44048305971376
G147N,0.415754921209583
G147P,0.250537174737354
G147Q,0.375438650665267
G147R,0.236474347740749
G147S,0.331235467996977
G147T,0.102934297104453
G147V,0.155497038432565
G147W,0.18025512683695
G147Y,0.28285394902785
T148A,0.305483235057737
T148C,0.640816467772066
T148D,0.158820753794445
T148E,0.23510945481997
T148F,0.207866882508747
T148G,0.243709639519251
T148H,0.19259182659113
T148I,0.354954858125708
T148K,0.16261439829736
T148L,0.213785528774464
T148M,0.524386537050898
T148N,0.374820510491566
T148P,0.325243542897257
T148Q,0.259044488522471
T148R,0.292125237172185
T148S,0.428053367179075
T148V,0.144585205991704
T148W,0.200524402189115
T148Y,0.221987347384283
R149A,0.53614949726538
R149C,0.582489982886693
R149D,0.347003287030551
R149E,0.775038875633218
R149F,0.269022981279298
R149G,0.177506796036416
R149H,0.605094993551772
R149I,0.375347421658158
R149K,0.52018964480965
R149L,0.386873743336128
R149M,0.25885435011478
R149N,0.445159257072069
R149P,0.641602943834531
R149Q,0.616135401681413
R149S,0.0871459903510031
R149T,0.588346862781915
R149V,0.269822132201577
R149W,0.333479890680015
R149Y,0.439486116485527
N150A,0.241341636679339
N150C,0.559712701024759
N150D,0.251661786424813
N150E,0.468761030963603
N150F,0.318011545132755
N150G,0.328558454493756
N150H,0.354948027386532
N150I,0.242207584542275
N150K,0.426336053629133
N150L,0.523359079660031
N150M,0.24662597135985
N150P,0.344657699864967
N150Q,0.37123872820433
N150R,0.635566522867688
N150S,0.348205887185977
N150T,0.308881622928709
N150V,0.199856908687557
N150W,0.347818551258816
N150Y,0.321943953520744
P151A,0.181657208139837
P151C,0.556240511595652
P151D,0.294103772689257
P151E,0.242863823480804
P151F,0.281329224198086
P151G,0.195145067209931
P151H,0.522552211050457
P151I,0.496189067125508
P151K,1
P151L,0.25628873831181
P151M,0.380210116430086
P151N,0.275351075133724
P151Q,0.30577994898151
P151R,0.954696339017335
P151S,0.23811966838861
P151T,0.401902738741118
P151V,0.222520763143934
P151W,0.428475780633042
P151Y,0.463747482931679
A152C,1
A152D,0.424416731763419
A152E,0.331429119550151
A152F,0.59802641125145
A152G,0.331550757448259
A152H,0.763498913713488
A152I,0.326555275120187
A152K,0.629299228096194
A152L,0.25437124979925
A152M,0.284163394164492
A152N,0.347106544450647
A152P,0.421848191499442
A152Q,0.49747169338752
A152R,1
A152S,0.249354362543383
A152T,0.401017273403934
A152V,0.191729749706065
A152W,0.378862320832191
A152Y,0.43797889956886
N153A,0.333448909247445
N153C,0.586611529209822
N153D,0.160143407961786
N153E,0.176502921651333
N153F,0.465942375516053
N153G,0.223252327920643
N153H,0.319436063216541
N153I,0.440063513837568
N153K,0.362775874364332
N153L,0.649129926884816
N153M,0.122216432172425
N153P,0.075568759909892
N153Q,0.231654784626477
N153R,0.318033898414722
N153S,0.654466901422527
N153T,0.199115013617255
N153V,0.20826673351637
N153W,1
N153Y,0.55503259933261
N154A,0.200289686604908
N154C,0.714892424744291
N154D,0.54017356649077
N154E,0.314624665552531
N154F,0.429732833005802
N154G,0.0705258960233716
N154H,0.4933018215692
N154I,0.399807146734684
N154K,0.505987955239809
N154L,0.422708042350683
N154M,0.50172562941351
N154P,0.22301155805805
N154Q,0.439105871645399
N154R,0.66331350671882
N154S,0.183362494124448
N154T,0.362047666411292
N154V,0.211307409831175
N154W,0.619425798882301
N154Y,0.913645165196116
A155C,0.802314731120736
A155D,0.523000485657771
A155E,0.2142212762228
A155F,0.407848087134231
A155G,0.375327959723637
A155H,0.951116234244007
A155I,0.3725066052268
A155K,0.633496530584929
A155L,0.25476290063912
A155M,0.249902108083668
A155N,0.259099131418155
A155P,0.334071377880236
A155Q,0.181435633795124
A155R,0.774986895071355
A155S,0.114285315234604
A155T,0.182223481185229
A155V,0.476338625384009
A155W,0.236402637377946
A155Y,0.426100796938879
A156C,1
A156D,0.520761320477768
A156E,0.082754492358283
A156F,0.357550208407247
A156G,0.563233345861658
A156H,0.220411396733457
A156I,0.235311389800722
A156K,0.316253034241715
A156L,0.510484057895787
A156M,0.478736653562031
A156N,0.416357238101862
A156P,0.147270458405759
A156Q,0.187330037744116
A156R,0.333869408213638
A156S,0.297450218831279
A156T,0.108901600560059
A156V,0.213522824977199
A156W,0.0907097986444964
A156Y,0.213744114124293
I157A,0.263473744601496
I157C,0.107049304719283
I157D,0.502924356879462
I157E,0.333414458600887
I157F,0.239669794087535
I157G,0.316669820652897
I157H,0.229560198086834
I157K,0.373990258065529
I157L,0.337812297808433
I157M,0.263533284782379
I157N,0.23430748437251
I157P,0.246901919419063
I157Q,0.47911859559402
I157R,0.243112420805705
I157S,0.173913312396741
I157T,0.220401882831916
I157V,0.673755770620836
I157W,0.370698024513434
I157Y,0.548825866346967
V158A,0.274734983069038
V158C,0.575978954245843
V158D,0.0944916031015366
V158E,0.130373466035128
V158F,0.141689620275592
V158G,0.192568276072712
V158H,0.220452164248737
V158I,0.16922792450851
V158K,0.284190895416494
V158L,0.336079458342507
V158M,0.31140756171852
V158N,0.318505877963918
V158P,0.113666210825822
V158Q,0.323072169439692
V158R,0.531510710245612
V158S,0.179507008498817
V158T,0.2473720257926
V158W,0.224438209066157
V158Y,0.2331392846641
L159A,0.237801242535012
L159C,1
L159D,0.319745171685811
L159E,0.183130915877388
L159F,0.0779688979872913
L159G,0.217500245506691
L159H,0.358411405850656
L159I,0.441048404914512
L159K,0.115092425463565
L159M,0.199840259823981
L159N,0.230996863610645
L159P,0.333001690894142
L159Q,0.357227972620611
L159R,0.354054212990226
L159S,0.308659136511541
L159T,0.253734432592914
L159V,0.463854501040137
L159W,0.0839799382758101
L159Y,0.337953425026239
Q160A,0.217337690694826
Q160C,0.364679906376394
Q160D,0.188048343554222
Q160E,0.175487504817821
Q160F,0.494001431918424
Q160G,0.263653235013665
Q160H,0.375832695021633
Q160I,0.249214563645935
Q160K,0.364964568115782
Q160L,0.338761622294265
Q160M,0.533462450340969
Q160N,0.106944764031414
Q160P,0.119727927268667
Q160R,0.29887900098358
Q160S,0.1919006922371
Q160T,0.315787092451492
Q160V,0.224220235226248
Q160W,0.231546003546152
Q160Y,0.261010465340354
L161A,0.276940592994782
L161C,0.159409371987076
L161D,0.144276238833302
L161E,0.163623286878825
L161F,0.119151227482577
L161G,0.0432719904657506
L161H,0.222491943326081
L161I,0.0964533878174446
L161K,0.47908974231855
L161M,0.131512686414878
L161N,1
L161P,0.269402137536112
L161Q,0.427111105121523
L161R,0.237941416930067
L161S,0.227195991037922
L161T,0.118422712928466
L161V,0.090265815833965
L161W,0.346355252323045
L161Y,0.212087311498623
P162A,0.0999380071896116
P162C,0.472219931692763
P162D,0.153405702349425
P162E,0.172432521888803
P162F,0.428817987872909
P162G,0.137279857091028
P162H,0.188724565553462
P162I,0.196188386340586
P162K,0.410831192201953
P162L,0.28358140073691
P162M,0.320715562418251
P162N,0.259511015014907
P162Q,0.247116219400815
P162R,0.362640653080969
P162S,0.273215505059819
P162T,0.25434902807714
P162V,0.219378639695543
P162W,0.323927135857982
P162Y,0.270251059269763
Q163A,0.251619374331418
Q163C,0.273448192848446
Q163D,0.184790030007708
Q163E,0.201099954173609
Q163F,0.36883411860988
Q163G,0.25470293936078
Q163H,0.438134817230562
Q163I,0.400496772058349
Q163K,0.390490028939409
Q163L,0.2110371441708
Q163M,0.254710764973857
Q163N,0.181130111554498
Q163P,0.730723848563782
Q163R,0.957189618015057
Q163S,0.228956797316661
Q163T,0.180843095782953
Q163V,0.148696238043075
Q163W,0.445673562535142
Q163Y,0.0933358046218785
G164A,0.22363963522959
G164C,0.181156723994962
G164D,0.293651411872065
G164E,0.283903364831061
G164F,0.213509298116621
G164H,0.365616051658635
G164I,0.263732276314993
G164K,0.206815795644848
G164L,0.124647066355778
G164M,0.13491513655294
G164N,0.358222375150015
G164P,0.284948382385923
G164Q,0.267980064460117
G164R,0.313222975909398
G164S,0.155910001241161
G164T,0.200577561815481
G164V,0.161816786574381
G164W,0.591681517685491
G164Y,0.449920879924663
T165A,0.301273960895164
T165C,0.572162539320704
T165D,0.295650831202189
T165E,0.185627855293821
T165F,0.221242624848569
T165G,0.124251955694737
T165H,0.471773642510167
T165I,0.511330318813784
T165K,0.493746639331306
T165L,0.340456392330852
T165M,0.381484912810255
T165N,0.359764261224674
T165P,0.924546656611707
T165Q,0.198764529636718
T165R,0.300904389008581
T165S,0.292216930732535
T165V,0.231007652405494
T165W,0.22224862549754
T165Y,0.384358797649145
T166A,0.275805050632865
T166C,0.483174554630463
T166D,0.179200681194185
T166E,0.0988330490106316
T166F,0.571151965705835
T166G,0.522460075568842
T166H,0.224758296304475
T166I,0.252887548010265
T166K,0.583147045662634
T166L,0.0776401570746896
T166M,0.523078032740245
T166N,0.403658603968009
T166P,0.21257921181591
T166Q,0.369642429476323
T166R,0.415714544778705
T166S,0.303830408282875
T166V,0.361264789700297
T166W,0.411359160094156
T166Y,0.898419525503469
L167A,0.0784185480781302
L167C,0.144108356240055
L167D,0.205201570031466
L167E,0.141913640253705
L167F,0.293408981356666
L167G,0.105861259606351
L167H,0.120070829763425
L167I,0.525116795948873
L167K,0.314854616210648
L167M,0.270353339743383
L167N,0.193766231336124
L167P,0.0879815719420485
L167Q,0.175507109949217
L167R,0.155715511259845
L167S,0.138067519962659
L167T,0.292332748839126
L167V,0.237938867691821
L167W,0.312710651162572
L167Y,0.333107881188083
P168A,0.58085777264754
P168C,0.463411660802799
P168D,0.169721215992127
P168E,0.184413440259684
P168F,0.216388216202343
P168G,0.32394594045156
P168H,0.183159897522435
P168I,0.496681313887318
P168K,0.367404522007789
P168L,0.338462026863691
P168M,0.318612994921152
P168N,0.185110771485877
P168Q,0.45071596335804
P168R,0.603416547369104
P168S,0.327111249670867
P168T,0.256648640526305
P168V,0.355557202820353
P168W,0.250923910266086
P168Y,0.243310531289424
K169A,0.32625772664234
K169C,0.3016064201475
K169D,0.0473098739186559
K169E,0.0574381446414529
K169F,0.14984126627656
K169G,0.102540767681673
K169H,0.115084647601279
K169I,0.292481466309603
K169L,0.181043387706176
K169M,0.0259364857612024
K169N,0.0812187631606226
K169P,0.168836914380608
K169Q,0.0559272073649726
K169R,0.344029590136365
K169S,0.166402024613869
K169T,0.109736173338096
K169V,0.118980338573751
K169W,0.1445466164309
K169Y,0.130881578115626
G170A,0.0801839989616936
G170C,0.426217256814642
G170D,0.133927738319914
G170E,0.0513570853711656
G170F,0.220288985155955
G170H,0.264750289077145
G170I,0.414356936057963
G170K,0.175659884084824
G170L,0.0675652338588804
G170M,0.157608275144812
G170N,0.233926888071176
G170P,0.0979668531069636
G170Q,0.30084979137877
G170R,0.0894059522030681
G170S,0.250366920901936
G170T,0.140663507619492
G170V,0.284973780712569
G170W,0.841784666006101
G170Y,0.0691698073791011
F171A,0.0494185729992812
F171C,0.154960856241627
F171D,0.083948201377471
F171E,0.119160223908582
F171G,0.277917095643927
F171H,0.0333383715655518
F171I,0.222702218419515
F171K,0.0617324090509879
F171L,0.23367589158088
F171M,0.151272656369344
F171N,0.0652059643072055
F171P,0.0933947977770474
F171Q,0.0769423018146551
F171R,0.249801163594698
F171S,0.110382584311376
F171T,0.163277637560094
F171V,0.15017908203968
F171W,0.308526440431739
F171Y,0.176469815153513
Y172A,0.0364854398263545
Y172C,0.132405118277852
Y172D,0
Y172E,0.178571440622957
Y172F,0.593859197019603
Y172G,0.108673832350955
Y172H,0.147938873418039
Y172I,0.149358191664712
Y172K,0.188607500669046
Y172L,0.0681943056509539
Y172M,0.140052050351542
Y172N,0.186078596934672
Y172P,0.0428370831574715
Y172Q,0.142976675934048
Y172R,0.088890055634678
Y172S,0.0463539476801465
Y172T,0.259179719275201
Y172V,0.105888225147863
Y172W,0.0935798992694097
A173C,0.378048686440224
A173D,0.0355925650449717
A173E,0.0412029436362885
A173F,0.163220037256072
A173G,0.0221631011395254
A173H,0.233422454998259
A173I,0.300497348216483
A173K,0.0674893719802791
A173L,0.215531839587069
A173M,0.124144911265284
A173N,0.2457122815258
A173P,0.195170721238854
A173Q,0.266482714550971
A173R,0.37739773160189
A173S,0.201625677702211
A173T,0.208626208722147
A173V,0.151109446333401
A173W,0.205791175693331
A173Y,0.0992701431620356
E174A,0.37162566578375
E174C,0.315502661171867
E174D,0.0610579613079153
E174F,0.282866946225396
E174G,0.248159401514826
E174H,0.353215216478028
E174I,0.754261849702059
E174K,0.512915753697894
E174L,0.404057313685884
E174M,0.171275469794201
E174N,0.207371017962375
E174P,0.270755747136036
E174Q,0.319401284093728
E174R,0.488589421341688
E174S,0.215486829288074
E174T,0.347351393755635
E174V,0.266463109835852
E174W,0.353884931477136
E174Y,0.296398521985147
G175A,0.222237650437546
G175C,0.635018266310229
G175D,0.105044857050024
G175E,0.152718062640936
G175F,0.0815331717590669
G175H,0.125942411071876
G175I,0.107638306866939
G175K,0.345516442771638
G175L,0.204703449030789
G175M,0.105929200012684
G175N,0.324845906451308
G175P,0.0807591763151305
G175Q,0.333721317782126
G175R,0.483341922211936
G175S,0
G175T,0.0912924416524096
G175V,0.345151305083107
G175W,0.0482558010417444
G175Y,0.290271164291505
S176A,0.142458259860039
S176C,0.193968182159183
S176D,0.138750308765065
S176E,0.281569360411178
S176F,0.164825063292117
S176G,0.125223387649949
S176H,0.487010037289473
S176I,0.101258246896404
S176K,0.410718908183432
S176L,0.0248858324461505
S176M,0.0737017113986533
S176N,0.330207791776636
S176P,0.106584013407283
S176Q,0.22558096868828
S176R,0.605928641613514
S176T,0.187692546774807
S176V,0.241380700523328
S176W,0.181387588162472
S176Y,0.31991846206743
R177A,0.200834593716871
R177C,0.218552677456595
R177D,0.203265003043154
R177E,0.157731399784334
R177F,0.179882375327733
R177G,0
R177H,0.247266903114977
R177I,0.160589845786085
R177K,0.0452314286774568
R177L,0.246340654646305
R177M,0.170302922486363
R177N,0.280726891653856
R177P,0.399954165530941
R177Q,0
R177S,0.551198543351626
R177T,0.120865252275004
R177V,0.196378716002742
R177W,0.196678060942838
R177Y,0.192929698334195
G178A,0.125586849699966
G178C,0.791184585504592
G178D,0.255246724469137
G178E,0.0493908719332266
G178F,0.345380306618305
G178H,0.346578116799887
G178I,0.339609929698798
G178K,0.578948861618593
G178L,0.271128856781668
G178M,0.293236603262169
G178N,0.0151501476916701
G178P,0.279467119831739
G178Q,0.380009545685225
G178R,0.428603798595245
G178S,0.225977469026843
G178T,0.044221026839192
G178V,0.280453307586235
G178W,0.466500405242374
G178Y,0.627041275488998
G179A,0.17484408576269
G179C,0.666143027093877
G179D,0.101302068571962
G179E,0.10114193804336
G179F,0.48625225867915
G179H,0.384004084489415
G179I,0.350471900706062
G179K,0.350354446650403
G179L,0.266141831692011
G179M,0.22781240244355
G179N,0.254693319252992
G179P,0.137475009837065
G179Q,0.20760252093708
G179R,0.973110705297459
G179S,0.634445694814176
G179T,0.215831454289323
G179V,0.322490795399338
G179W,0.435944756491549
G179Y,0.436400548182255
S180A,0.380337109743476
S180C,0.546792915120077
S180D,0.390589442781607
S180E,0.227717553428933
S180F,0.353456491222025
S180G,0.0561312325787954
S180H,0.448569477227638
S180I,0.527035276030308
S180K,0.231655200132648
S180L,0.442255909224009
S180M,0.410092209698536
S180N,0.096050265991435
S180P,0.148783691555278
S180Q,0.373044046925491
S180R,0.149471333689672
S180T,0.422238376335453
S180V,0.199561557017892
S180W,0.288103358430602
S180Y,0.149125232687999
Q181A,0.247305156105056
Q181C,0.354381071385069
Q181D,0.652157315787413
Q181E,0.195722598856776
Q181F,0.193250109642782
Q181G,0.4503838322553
Q181H,0.544230579968339
Q181I,0.168504863790122
Q181K,0.550536449792286
Q181L,0.25203387935845
Q181M,0.257923745030481
Q181N,0.23752251019929
Q181P,0.122589277822102
Q181R,0.797170154767429
Q181S,0.400723925722515
Q181T,0.312884252176274
Q181V,0.134168496623491
Q181W,0.46171998617471
Q181Y,0.735956489344299
A182C,0.622097125244506
A182D,0.292922142215268
A182E,0.114077808523735
A182F,0.280474947988337
A182G,0.200603990189642
A182H,0.436023307861172
A182I,0.221236259940166
A182K,0.303406529857277
A182L,0.156665049861255
A182M,0.488954518403894
A182N,0.245792694626729
A182P,0.0147403422797307
A182Q,0.218337046137342
A182R,0.611693094348012
A182S,0.246905390264591
A182T,0.236670902812133
A182V,0.500564632091342
A182W,0.687831462598623
A182Y,0.925024460446037
S183A,0.139109461991952
S183C,0.578581874246746
S183D,0.204750565620931
S183E,0.229634893369195
S183F,0.227658926316187
S183G,0.446442212941191
S183H,0.463592714766471
S183I,0.223273459798145
S183K,0.569994298472538
S183L,0.215886633989105
S183M,0.410876005437088
S183N,0.376078663377526
S183P,0.058593979307709
S183Q,0.225095642459529
S183R,0.584709300838446
S183T,0.255496530963289
S183V,0.225831397788835
S183W,0.390143620891515
S183Y,0.429163754606294
S184A,0.184930822411524
S184C,0.282148523364634
S184D,0.0975130335428336
S184E,0.376609000801576
S184F,0.195447405662528
S184G,0.0529737323553009
S184H,0.475130962854796
S184I,0.26236155367457
S184K,0.213353324059602
S184L,0.111276426092894
S184M,0.152747189656407
S184N,0.220642318554299
S184P,0.557865261663653
S184Q,0.318304990178653
S184R,0.199764967547314
S184T,0.0858147667802893
S184V,0.558735655223546
S184W,0.0730066937617868
S184Y,0.281915836713808
R185A,0.118606768472159
R185C,0.365376064543492
R185D,0.250176163461843
R185E,0.312706536651493
R185F,0.196057221619876
R185G,0.0850404362292154
R185H,0.385208601039771
R185I,0.112253375822564
R185K,0.161548102418039
R185L,0.255614313516107
R185M,0.156924327740834
R185N,0.306145570425175
R185P,0.330377980133779
R185Q,0.361878016143202
R185S,0.321636773071169
R185T,0.276685568629367
R185V,0.466687587940413
R185W,0.113932737542767
R185Y,0.148142975165049
S186A,0.188061407412575
S186C,0.568933129986719
S186D,0.240156739241266
S186E,0
S186F,0.227159120442501
S186G,0.338839312384047
S186H,0.952648798114531
S186I,1
S186K,0.433995035882197
S186L,0.249451946272365
S186M,0.0124725973136183
S186N,0.23902898284739
S186P,0.194064464394009
S186Q,0.453968478119859
S186R,0.666261414861245
S186T,0.195185112755566
S186V,0.112293361005914
S186W,0.697285971781136
S186Y,0.443988149085396
S187A,0.132661004681534
S187C,0.636942959367229
S187D,0.112431041602415
S187E,0.143838352408518
S187F,0.379243207284089
S187G,0.561752229368338
S187H,0.214790372062346
S187I,0.435064058498038
S187K,0.347104464687881
S187L,0.182474871313344
S187M,0.19482835249838
S187N,0.308205620721296
S187P,0.198635285199946
S187Q,0.278659278505696
S187R,0.208816307202952
S187T,0.278744524693616
S187V,0.180734459108094
S187W,0.335792110827629
S187Y,0.485456667843391
S188A,0.222239006679016
S188C,0.230107726195304
S188D,0.28463655149177
S188E,0.397606603753801
S188F,0.119056610720902
S188G,0.165053827310613
S188H,0.441153547171928
S188I,0.360062584758165
S188K,0.17652718167471
S188L,0.117267940295967
S188M,0.184757484815394
S188N,0.0725678389155971
S188P,0.273889561336029
S188Q,0.265463272903283
S188R,0.159932030456871
S188T,0.508566591696042
S188V,0.522535255585629
S188W,0.300092633554009
S188Y,0.698465449562622
R189A,0.279410256788042
R189C,0.120405710752077
R189D,0.368969202308016
R189E,0.0873894768489041
R189F,0.130127641133958
R189G,0.20763096375361
R189H,0.12456883302687
R189I,0.339896368339949
R189K,0.169253202089749
R189L,0.146726057674682
R189M,0.0657646040172599
R189N,0.269507386744
R189P,0.145286420581048
R189Q,0.139901139132619
R189S,0.0457426062502002
R189T,0.15788589699658
R189V,0.186954531142396
R189W,0.122899005281772
R189Y,0.224449627966149
S190A,0.219337737572375
S190C,0.196052295285198
S190D,0.254975057376264
S190E,0.129671660616636
S190F,0.23938765219464
S190G,0.29644607080039
S190H,0.283290731083817
S190I,0.410522046925769
S190K,0.133182782746663
S190L,0.269956615424034
S190M,0.0866454525089352
S190N,0.187880158228726
S190P,0.123656147892547
S190Q,0.279043364588816
S190R,0.23088535289044
S190T,0.345823558957328
S190V,0.0907549798002438
S190W,0.475166141156004
S190Y,0.478603079885199
R191A,0.212249096127798
R191C,0.14414592968648
R191D,0.336174584963364
R191E,0.211550635273926
R191F,0.441070639659668
R191G,0.0337109576623129
R191H,0.34180773831053
R191I,0.123203231824571
R191K,0.287584097384664
R191L,0.159737633861193
R191M,0.120354598029954
R191N,0.179999119624837
R191P,0.167770432720611
R191Q,0.462116784481008
R191S,0.370641376409254
R191T,0.328605699280034
R191V,0.250587099116246
R191W,0.12312435204149
R191Y,0.216165222209311
N192A,0.476569737921008
N192C,0.597871620554949
N192D,0.0691411457608189
N192E,0.0918784461209251
N192F,0.378641084234626
N192G,0.258353291475653
N192H,0.496010087134681
N192I,0.222239006679016
N192K,1
N192L,0.243832414610578
N192M,0.339264323099332
N192P,0.104847267289282
N192Q,0.358163651772318
N192R,0.0935984450138238
N192S,0.0693863629005044
N192T,0.282240514289028
N192V,0.30970680788902
N192W,0.463999758040524
N192Y,0.269519779485877
S193A,0.193861521727039
S193C,0.171401370949925
S193D,0.189587353911094
S193E,0.552349765204335
S193F,0.237003983317588
S193G,0.354399713479037
S193H,0.376998915663214
S193I,0.236008616363569
S193K,0.334756132772046
S193L,0.418425411212628
S193M,0.232974048146204
S193N,0.420177697990071
S193P,0.205799626658665
S193Q,0.749653338222108
S193R,0.304304543345145
S193T,0.450950536948881
S193V,0.245571760711789
S193W,0.275147795949553
S193Y,0.189763079262635
S194A,0.176458320092203
S194C,0.136533241481648
S194D,0.258238677585854
S194E,0.343183694975654
S194F,0.129355756609097
S194H,0.103567297259947
S194I,0.176623246772803
S194K,0.514324929478779
S194L,0.521903054200384
S194M,0.225390371139601
S194N,0.340843244497835
S194P,0.45510079343042
S194Q,0.326469799227479
S194R,0.00751658719002374
S194T,0.0624930999641098
S194V,0.317731255700755
S194W,0.532709084502773
S194Y,0.0480253172718835
R195A,0.241668571889413
R195C,0.186420129229056
R195D,0.211989984095907
R195E,0.193253004913933
R195F,0.209312486349709
R195G,0.170148559612282
R195H,0.216307378659537
R195I,0.120063955745562
R195K,0.210315852478343
R195L,0.17918762916893
R195N,0.275189705516331
R195P,0.0541872935183881
R195Q,0.152126477356617
R195S,0.181401005384544
R195T,0.126932544742999
R195V,0.135029034418738
R195Y,0.18473821957617
N196A,0.221650013488226
N196C,0.418301188616135
N196D,0.52769409899215
N196E,0.0847625382080252
N196F,0.409932186528751
N196G,0.348239101509319
N196H,0.258216966467174
N196I,0.210206177715459
N196K,0.301764749228346
N196L,0.159528779995831
N196M,0.541372414293901
N196P,0.232963499960119
N196Q,0.218123980667137
N196R,0.561799411929484
N196S,0.205869852792169
N196T,0.230250844908664
N196V,0.450686686176844
N196W,0.352225890182652
N196Y,0.289320613586105
S197A,0.274855199416211
S197C,0.570032931015185
S197D,0.146403112848369
S197E,0.231001353517411
S197F,0.329404679811992
S197G,0.547616798836029
S197H,0.497009453288424
S197I,0.178770048723389
S197K,0.164844884178093
S197L,0.30833995904453
S197M,0.495357038177763
S197N,0.33154532842431
S197P,0.267526228057087
S197Q,0.19898436155365
S197R,0.230100657331031
S197T,0.192954680408718
S197V,0.1021679992537
S197W,0.395940316292173
S197Y,0.155807148282356
T198A,0.159841304255929
T198C,0.465657942599622
T198D,0.0816388187800468
T198E,0.12709865612222
T198F,0.156577170928507
T198G,0.43445319594714
T198H,0.223805752201424
T198I,0.0970958211646649
T198K,0.266310077087047
T198L,0.506061770376117
T198M,0.215830093252658
T198N,0.287897037413523
T198P,0.620933016697552
T198Q,0.32774275097387
T198R,0.186450045000416
T198S,1
T198V,0.323220412991235
T198W,0.226378389816304
T198Y,0.350687902517936
P199A,0.201011763490786
P199C,0.149014505662178
P199D,0.307793894330181
P199E,0.171399920916549
P199F,0.0897722438890891
P199G,0.497028103498687
P199H,0.183502681133976
P199I,0.287112772745834
P199K,0.621286685745995
P199L,0.286373657455747
P199M,0.154206657695644
P199N,0.0816388187800468
P199Q,0.373115888664027
P199R,0.350493557627369
P199S,0.239717220077842
P199T,0.00347859529577284
P199V,0.123591252462449
P199W,0.631884980173113
P199Y,0.175931221558262
G200A,0.192905831799325
G200C,0.820663310868424
G200D,0.833968511699996
G200E,0.213389179327259
G200F,0.534361727625046
G200H,0.219399290121937
G200I,0.409040254692062
G200K,0.66391419518472
G200L,0.315156931344314
G200M,0.314561507854952
G200N,0.421760164686475
G200P,0.196068747364778
G200Q,0.385466134213052
G200R,0.466245513190528
G200S,0.285377975620439
G200T,0.414079226271381
G200V,0.40874872123276
G200W,0.597361677501532
G200Y,0.235987429002137
S201A,0.107042974130052
S201C,0.462264823284694
S201D,0.409819365496586
S201E,0.25323424894223
S201F,0.21501960476689
S201G,0.301408892253227
S201H,0.56446812658037
S201I,0.21567078386389
S201K,0.461486100603875
S201L,0.555359605873719
S201M,0.353862589999477
S201N,0.292161616081112
S201P,0.216867708386835
S201Q,0.318930213500867
S201R,0.389159988887359
S201T,0.0343812432588211
S201V,0.105096914689904
S201W,0.479625372556961
S201Y,0.281540651909367
S202A,0.264945774298736
S202C,0.0759694563647657
S202D,0.324861215450156
S202E,0.254657815456286
S202F,0.0895598437556731
S202G,0.0170080872458431
S202H,0.113404077020931
S202I,0.131265223526457
S202K,0.260578821336264
S202L,0.0998946103775435
S202M,0.182645973788374
S202N,0.100914650992002
S202P,0.206605963203725
S202Q,0.494236406929595
S202R,0.285216691281454
S202T,0.291024974969004
S202V,0.354885651842482
S202W,0.470629585758069
S202Y,0.688381206332504
R203A,0.430263915190905
R203C,0.206884692117233
R203D,0.336905047493251
R203E,0.31975204022185
R203F,0.330480977450235
R203G,0.0510242617375292
R203H,0.0762093189230471
R203I,0.23324608232084
R203K,0.316980933985854
R203L,0.540175941751873
R203M,0.161356720049659
R203N,0.0346862475290286
R203P,0.0303679478634296
R203Q,0.285524072227977
R203S,0.258243196540529
R203T,0.0980751892447203
R203V,0.773075689568907
R203W,0.194009059143253
R203Y,0.304542820509769
G204A,0.229440125709613
G204C,0.41232378995023
G204D,0.186653486434397
G204E,0.190368109024483
G204F,0.556532868529189
G204H,0.143483700511449
G204I,0.254842849317941
G204K,0.822528135502
G204L,0.175375961497888
G204M,0.271699312547736
G204N,0.586629099879264
G204P,0.197872192610807
G204Q,0.230985481651364
G204R,0.570234111853145
G204S,0.0966063582326449
G204T,0.100124584530946
G204V,0.288156904637754
G204W,0.233397505965763
G204Y,0.523746667832636
T205A,0.204578456336954
T205C,0.374715320524521
T205D,0.300546052394387
T205E,0.358758632244434
T205F,0.162649783420284
T205G,0.474430881683963
T205H,0.485257757907288
T205I,0.239642958078697
T205K,0.494877528947305
T205L,0.542327677864302
T205M,0.280066503314883
T205N,0.489936239549458
T205P,0.161950058638928
T205Q,0.502510132906215
T205R,0.227745885417148
T205S,0.546022007767914
T205V,0.146836742456421
T205W,0.169925091726056
T205Y,0.0317484295255737
S206A,0.266549808145785
S206C,0.246816852819116
S206D,0.311898623066262
S206E,0.0328823020086299
S206F,0.797640304529176
S206G,0.488929084451434
S206H,0.122036458138258
S206I,0.314237920894581
S206K,0.462862776835331
S206L,0.150327629237126
S206M,0.415390948265995
S206N,0.358589670885583
S206P,0.154647592381079
S206Q,0.323410953895849
S206R,0.420198982939481
S206T,0.195669591222738
S206V,0.441750608472589
S206W,0.499411440612898
S206Y,0.65512959057515
P207A,0.147374177243116
P207C,0.303199380114903
P207D,0.246647267761031
P207E,0.15796807657409
P207F,0.286574400142216
P207G,0.167006571277238
P207H,0.487540031599887
P207I,0.226393550585288
P207K,0.416971158937713
P207L,0.626061621740161
P207M,0.351915242510251
P207N,0.26081896719607
P207Q,0.392582937553516
P207R,0.272210546666817
P207S,0.607188482721777
P207T,0.373356288208379
P207V,0.580104549592049
P207W,0.373431276139682
P207Y,0.155753714205613
A208C,0.322694218889159
A208D,0.273291460689927
A208E,0.359376143356393
A208F,0.369975469958758
A208G,0.39887365192481
A208H,0.223754860856418
A208I,0.281625653442525
A208K,0.790964693520088
A208L,0.506206072910403
A208M,0.397350921355822
A208N,0.382653275433457
A208P,0.183687342255105
A208Q,0.30238823582769
A208R,0.787149542801343
A208S,0.237634547517
A208T,0.247230549325485
A208V,0.37138871218252
A208W,0.363086106370828
A208Y,0.537350251412511
R209A,0.243172769216246
R209C,0.292814214447644
R209D,0.400414681661824
R209E,0.18220914493219
R209F,0.539754284997766
R209G,0.222174580610478
R209H,0.427469926112189
R209I,0.173195771244418
R209K,0.228976618663192
R209L,0.301443418982737
R209M,0.278393890905513
R209N,0.24383887769641
R209P,0.109166462171783
R209Q,0.182888566749488
R209S,0.187133697645565
R209T,0.489502401516088
R209V,0.221470324055397
R209W,0.203269652808218
R209Y,0.140854310511215
M210A,0.415678671754174
M210C,0.398446202949125
M210D,0.0833984083253304
M210E,0.267396249695388
M210F,0.550590591666589
M210G,0.271772257449028
M210H,0.266469364845423
M210I,0.259858954426899
M210K,0.329740302491386
M210L,0.269529028294063
M210N,0.256525662351704
M210P,0.224733441491635
M210Q,0.432529997123938
M210R,0.37180115874168
M210S,0.358792893251911
M210T,0.421457708968387
M210V,0.503644827076454
M210W,0.556830601035511
M210Y,0.49190782740186
A211C,0.431557945571402
A211D,0.0711160523429026
A211E,0.0547843313791179
A211F,0.316950309179863
A211G,0.122086695765983
A211H,0.376032591966885
A211I,0.462377292588195
A211K,0.574755343675198
A211L,0.327026460821209
A211M,0.508108822694581
A211N,0.331262376593851
A211P,0.464474626884295
A211Q,0.390691293845828
A211R,0.42866356131552
A211S,0.201417673389135
A211T,0.418504725745093
A211V,0.342896690831215
A211W,0.480804175315933
A211Y,0.481173999244625
G212A,0.299471566212368
G212C,0.0566936241528102
G212D,0.0685062371896848
G212E,0.229871180066984
G212F,0.56558932662686
G212H,0.125859845619239
G212I,0.498009484237059
G212K,0.260149230616496
G212L,0.413015072398921
G212M,0.373219303180355
G212N,0.247799534614837
G212P,0.258896920403319
G212Q,0.347475605794848
G212R,0.470022108243413
G212S,0.393308231235937
G212T,0.195147844278647
G212V,0.262804985106722
G212W,0.704598291368707
G212Y,0.256973854392791
N213A,0.0983479025747168
N213C,0.287519508931764
N213D,0.11430602709763
N213E,0.347921161936065
N213F,0.341135608599933
N213G,0.241947237972668
N213H,0.177709496684194
N213I,0.262592745650462
N213K,0.42349567083662
N213L,0.397743191003607
N213M,0.236303305570584
N213P,0.246771284467932
N213Q,0.275597946560819
N213R,0.306605005965934
N213S,0.401038988192002
N213T,0.256017634923863
N213V,0.443332270239181
N213W,0.634633449604121
N213Y,0.304245030835738
G214A,0.331348076567716
G214C,0.588209718816193
G214D,0.17603324913185
G214E,0.147764210668838
G214F,0.427120752505409
G214H,0.254116891104633
G214I,0.715467346146256
G214K,0.376597535705586
G214L,0.377381422240383
G214M,0.394539536896415
G214N,0.374588967874411
G214P,0.0621747080595846
G214Q,0.196019268729646
G214R,0.316711804674023
G214S,0.348485055365449
G214T,0.491837293647669
G214V,0.426993719634684
G214W,0.680592920746615
G214Y,0.517592670963443
G215A,0.37206648324226
G215C,0.295998885396853
G215D,0.312202515578519
G215E,0.416157024676632
G215F,0.431363779378434
G215H,0.167836376642391
G215I,0.602269066149107
G215K,0.317873672488068
G215L,0.416993854232547
G215M,0.47700821175638
G215N,0.349021792275009
G215P,0.558157435506042
G215Q,0.345875469970642
G215R,0.469780066292404
G215S,0.113492708134578
G215T,0.246119874260817
G215V,0.527402989683011
G215W,0.531836393327526
G215Y,0.422052244899835
D216A,0.4806583856075
D216C,0.433479201297642
D216E,0.343067010786707
D216F,0.393710902485547
D216G,0.308411597877391
D216H,0.365004442843911
D216I,0.414589790701608
D216K,0.201690933346897
D216L,0.183952129730463
D216M,0.478754920963843
D216N,0.352463360071316
D216P,0.630872311212746
D216Q,0.529239852381578
D216R,0.265893906366496
D216S,0.519965962869088
D216T,0.406045356408013
D216V,0.479708636953913
D216W,0.289678465588663
D216Y,0.373111033312597
A217C,0.399812686339989
A217D,0.151697196485739
A217E,0.161325255011552
A217F,0.430630818606243
A217G,0.119080502879551
A217H,0.252231082842845
A217I,0.488328463737109
A217K,0.337071007720071
A217L,0.458549945138161
A217M,0.750197874206886
A217N,0.376657003126882
A217Q,0.446037984847495
A217R,0.345465276492324
A217S,0.45243099905623
A217T,0.238678480161262
A217V,0.424053726603555
A217W,0.603969496263079
A217Y,0.503011836959344
A218C,0.527749960398546
A218D,0.151961688296459
A218E,0.202608698723181
A218F,0.561090497765412
A218G,0.236308869568427
A218H,0.282842358783794
A218I,0.761756920980254
A218K,0.242434859161384
A218L,0.723715764112299
A218M,0.789193561335589
A218N,0.224331048040723
A218P,0.177490849243673
A218Q,0.241057296956401
A218R,0.506442754432739
A218S,0.280113502322449
A218T,0.339176826882172
A218V,0.643569702960694
A218W,0.509285799267699
A218Y,0.581476408683024
L219A,0.0180136025268351
L219C,0.218709888455574
L219D,0.439073014825507
L219E,0.0474398424129428
L219F,0.532614788916538
L219G,0.0803321972396072
L219H,0.119688730240961
L219I,0.226572652359572
L219K,0.148138598515773
L219M,0.0724569849146184
L219N,0.130250354780259
L219P,0.14663389756131
L219Q,0.076202466119887
L219R,0.222115782430599
L219S,0.0365249474982097
L219T,0.078200598546554
L219V,0.0638760429095696
L219W,0.580573743283518
L219Y,0.144399403606198
A220C,0.364293183001906
A220D,0.059968870184802
A220E,0.144069540701687
A220F,0.712347888361542
A220G,0.611735975601755
A220H,0.345996676082011
A220I,0.60148577004875
A220K,0.0246736428547239
A220L,0.583136485094789
A220M,0.398842520917594
A220N,0.201227994597562
A220P,0.0256240747511743
A220Q,0.145867017656566
A220R,0.0246372278269093
A220S,0.15521613357551
A220T,0.211835333761547
A220V,0.394151813778928
A220W,0.57520483466357
A220Y,0.224858197772724
L221A,0.209233551017704
L221C,0.241391144791724
L221D,0.325472312125947
L221E,0.105686738287116
L221F,0.551988248858019
L221G,0.112612195829506
L221H,0.167326309202035
L221I,0.0921728767211326
L221K,0.237685560821484
L221M,0.245124570268414
L221N,0.0927006377375063
L221P,0.0383596531751597
L221Q,0.17885855685635
L221R,0.0903810422090795
L221S,0.164401636223833
L221T,0.153602698669544
L221V,0.292897749674661
L221W,0.300168793795407
L221Y,0.386650516722166
L222A,0.0506729301707781
L222C,0.480144654833646
L222D,0.0432142807380516
L222E,0.0287618345070465
L222F,0.382303771114072
L222G,0.0978804715118347
L222H,0.121470864378493
L222I,0.064472108927463
L222K,0.0700813903938871
L222M,0.352921416815885
L222N,0.150491882969229
L222P,0.0680608844270212
L222Q,0.0222663488763672
L222R,0.241973809435196
L222S,0.08573338764228
L222T,0.0392388398476518
L222V,0.265823199212544
L222W,0.22110513419596
L222Y,0.472737951723927
L223A,0.0627996203830313
L223C,0.119337744521469
L223D,0.117434894178399
L223E,0.337822360448773
L223F,0.182573767637667
L223G,0.220852422306306
L223H,0.112061029381148
L223I,0.243420040597166
L223K,0.0252365368940239
L223M,0.149008177720156
L223N,0.0343661153464871
L223P,0.0678027815446541
L223Q,0.177996229503984
L223R,0.107949006006727
L223S,0.0773990564197755
L223T,0.129796906908281
L223V,0.355057926706302
L223W,0.0610253765317871
L223Y,0.0600529379747876
L224A,0.185288396510052
L224C,0.226866808162836
L224D,0.0948499933683557
L224E,0.0987632833283543
L224F,0.141140346156835
L224G,0.0915903265836409
L224H,0.154959306652397
L224I,0.265717361894569
L224K,0.0129068897728136
L224M,0.321752936891773
L224N,0.0669450432409013
L224P,0.0811837899453395
L224Q,0.078567569561316
L224R,0.109182492849786
L224S,0.51814256046112
L224T,0.0656503104450523
L224V,0.125259410947969
L224W,0.94186977196042
L224Y,0.162037374076648
D225A,0.185417724882827
D225C,0.694111451650558
D225E,0.425790881270964
D225F,0.375131412676724
D225G,0.248405599413765
D225H,0.555825600320668
D225I,0.151157233276088
D225K,0.392996071395247
D225L,0.1614510713424
D225M,0.381366217015288
D225N,0.471224081049804
D225P,0.0841817078833084
D225Q,0.409133891712245
D225R,0.543634684824519
D225S,0.214978718355816
D225T,0.398577188849853
D225V,0.196450613341745
D225W,0.228825832014503
D225Y,0.384804168112175
R226A,0.230336396631153
R226C,0.352622974628649
R226D,0.081366382025451
R226E,0.0482329484894314
R226F,0.289057792633397
R226G,0.146127837372111
R226H,0.127360975492807
R226I,0.242473132296833
R226K,0.319734947949816
R226L,0.404370306257723
R226M,0.407079400951727
R226N,0.0494460982517834
R226P,0.0951774570241931
R226Q,0.0402694213346719
R226S,0.149492978059117
R226T,0.0890885316260321
R226V,0.33442890823701
R226W,0.469991556283431
R226Y,0.342448572170038
L227A,0.158138531943565
L227C,0.169989604447534
L227D,0.313386600239558
L227E,0.0711663225112841
L227F,0.155677666184116
L227G,0
L227H,0.091783684563173
L227I,0.214780724124529
L227K,0.0837145887723503
L227M,0.123643389313524
L227N,0.165518194644568
L227P,0.0761846981655758
L227Q,0.0574202716973409
L227R,0.0512295630419356
L227S,0.0756615163053807
L227T,0.146181876477577
L227V,0.221666154140459
L227W,0.0582871164687295
L227Y,0.167942262115414
N228A,0.359608002067871
N228C,0.124037718186368
N228D,0.179331960726859
N228E,0.220831901160678
N228F,0.359215922165575
N228G,0.25401956797029
N228H,0.479832591928622
N228I,0.563749981853285
N228K,0.306714278845004
N228L,0.264170026525174
N228M,0.419738318183604
N228P,0.143427819917838
N228Q,0.201068622769053
N228R,0.269349625313883
N228S,0.346875370285464
N228T,0.182777459318702
N228V,0.271914276313749
N228W,0.45864282093793
N228Y,0.230542282295423
Q229A,0.399017254503548
Q229C,0.449669609887386
Q229D,0.058024082466269
Q229E,0.0840867302092322
Q229F,0.176040310224619
Q229G,0.11149944559587
Q229H,0.234379217206917
Q229I,0.140299241743038
Q229K,0.364048025816301
Q229L,0.601570484441549
Q229M,0.207679578303126
Q229N,0.195308676057525
Q229P,0.231412832079382
Q229R,0.291422369305306
Q229S,0.261475597382746
Q229T,0.103659346814105
Q229V,0.202352797520255
Q229W,0.446838273054722
Q229Y,0.22144299519842
L230A,0.297394260221201
L230C,0.154919243313995
L230D,0.149719749773074
L230E,0.0308808267221081
L230F,0.099510830222146
L230G,0.0936592202321194
L230H,0.0476496088158476
L230I,0.215051773757855
L230K,0.112575414319248
L230M,0.184477189977153
L230N,0.064333155039297
L230P,0.0533808279688206
L230Q,0.06489614021209
L230R,0.258785817755992
L230S,0.0823470210003444
L230T,0.10808016798557
L230V,0.0277331737864294
L230W,0.541380777624544
L230Y,0.121017184111049
E231A,0.293127285089008
E231C,0.271926195090222
E231D,0.2738144640674
E231F,0.244007015993214
E231G,0.202542898384294
E231H,0.326405371883273
E231I,0.0533118724073046
E231K,0.26982382361959
E231L,0.122601788451289
E231M,0.123994424495208
E231N,0.227954706137469
E231P,0.0413389410689915
E231Q,0.305872976200754
E231R,0.353639921322525
E231S,0.253649709645018
E231T,0.378010059717599
E231V,0.204386532387041
E231W,0.446353577157781
E231Y,0.486524378819317
S232A,0.432316512910374
S232C,0.432286620390989
S232D,0.198692022504994
S232E,0.211919013144981
S232F,0.242534666861261
S232G,0.194397798175882
S232H,0.339296076348083
S232I,0.314398065777286
S232K,0.235119567369994
S232L,0.266571373956616
S232M,0.3790532506899
S232N,0.157558946696172
S232P,0.11123559278838
S232Q,0.41645112319502
S232R,0.157016736009784
S232T,0.173294632220788
S232V,0.238907404488222
S232W,0.352760339462105
S232Y,0.296991429590652
K233A,0.25323395454797
K233C,0.208473782912459
K233D,0.0970023929127243
K233E,0.139183091722289
K233F,0.272795151018767
K233G,0.0561546674135551
K233H,0.263925576707134
K233I,0.203700236329832
K233L,0.29460600755652
K233M,0.264618567082782
K233N,0.0780029174250461
K233P,0.0770836414777711
K233Q,0.198147279119278
K233R,0.417568691823069
K233S,0.111626275413102
K233T,0.16415675423283
K233V,0.0633079226076412
K233W,0.248933679569683
K233Y,0.434726979752611
M234A,0.0921510855396117
M234C,0.372835833810711
M234D,0.0865850370329366
M234E,0.0983706155799423
M234F,0.333459197289623
M234G,0.0848424742690391
M234H,0.0959495176504496
M234I,0.708670301910128
M234K,0.143819417494639
M234L,0.261035418715826
M234N,0.0137616841624451
M234P,0.0623703838734517
M234Q,0.0676920143041672
M234R,0.125479500466406
M234S,0.0938626026187895
M234T,0.157649717100077
M234V,0.202788500683866
M234W,0.259981740599915
M234Y,0.226554078677784
S235A,0.128098703854985
S235C,0.431046935509388
S235D,0.25386045502629
S235E,0.384275966648961
S235F,0.547459421809515
S235G,0.252132088947037
S235H,0.327886712034388
S235I,0.465749543291898
S235K,0.449257512459132
S235L,1
S235M,0.450491379534787
S235N,0.247714059599974
S235P,0.201832556934473
S235Q,0.507523836820974
S235R,0.273322366983505
S235T,0.121215631402043
S235V,0.201283853085215
S235W,0.28239999882346
S235Y,0.302335963060239
G236A,0.186426089885378
G236C,0.493022443752844
G236D,0.0588450025511959
G236E,0.186099952924734
G236F,0.210778595080405
G236H,0.110849550399838
G236I,0.365049782542243
G236K,0.446836716522689
G236L,0.321517428514141
G236M,0.476785449556427
G236N,0.238098003142096
G236P,0.086090606753314
G236Q,0.4515416451083
G236R,0.747232971176997
G236S,0.332466291059438
G236T,0.18071341075022
G236V,0.442452197939546
G236W,0.40692689099942
G236Y,0.499402690048419
K237A,0.206399944883604
K237C,0.341020636189123
K237D,0.0291927748194056
K237E,0.124092613206625
K237F,0.412083115840881
K237G,0.130074649316893
K237H,0.212809694322809
K237I,0.33548480661441
K237L,0.310120350951012
K237M,0.227369622783634
K237N,0.104886545758844
K237P,0.105445215059517
K237Q,0.162720853310541
K237R,0.315799122063052
K237S,0.177701891558453
K237T,0.281548406489008
K237V,0.149830161079887
K237W,0.2753638808067
K237Y,0.0647670535658079
G238A,0.523263812657606
G238C,0.272433301382793
G238D,0.194544929270807
G238E,0.115753730923652
G238F,0.536630175867121
G238H,0.360044149808061
G238I,0.951319013284156
G238K,0.388230349036017
G238L,0.235912707041934
G238M,0.260840157626536
G238N,0.25635557310398
G238P,0.192679238262126
G238Q,0.230282261847819
G238R,0.523865469629913
G238S,0.363650338153494
G238T,0.632267498774551
G238V,0.370640300917411
G238W,0.0612315340552047
G238Y,0.717688449143341
Q239A,0.332817219120765
Q239C,0.554180525367077
Q239D,0.169109384223652
Q239E,0.3300461590226
Q239F,0.27084390279321
Q239G,0.387969718946161
Q239H,0.492905449665462
Q239I,0.136364996939137
Q239K,0.300711487514728
Q239L,0.230278210703926
Q239M,0.115774435960539
Q239N,0.215819896741655
Q239P,0.260934077487929
Q239R,0.339466223784334
Q239S,0.463466813450664
Q239T,0.595209997556447
Q239V,0.127752752022383
Q239W,0.227071446167718
Q239Y,0.517045852273629
Q240A,0.356613905758445
Q240C,0.27057637818356
Q240D,0.330499714278681
Q240E,0.153267690933759
Q240F,0.329051589056445
Q240G,0.338161244355982
Q240H,0.273448560733457
Q240I,0.151938912729531
Q240K,0.527801263660151
Q240L,0.218102221972031
Q240M,0.630798854707969
Q240N,0.369070734827101
Q240P,0.682806027283439
Q240R,0.400474107607327
Q240S,0.318911801177415
Q240T,0.12444471842468
Q240V,0.211194789869675
Q240W,0.454610605768967
Q240Y,0.177755544770104
Q241A,0.0635365538179152
Q241C,0.333582738814664
Q241D,0.378846241557301
Q241E,0.16968109960839
Q241F,0.159348363977104
Q241G,0.539909043044189
Q241H,0.423074547622214
Q241I,0.201166962872398
Q241K,0.5666599038683
Q241L,0.331972835169586
Q241M,0.321951462508796
Q241N,0.375678102327894
Q241P,0.336876277243235
Q241R,0.308100888725647
Q241S,0.151248185084634
Q241T,0.457162514709468
Q241V,0.100719496796924
Q241W,0.496778879515519
Q241Y,0.282952066471498
Q242A,0.245271360102566
Q242C,0.377590260337559
Q242D,0.412480737130553
Q242E,0.341158758847745
Q242F,0.528818934143369
Q242G,0.486859919371524
Q242H,0.530132376893674
Q242I,0.123568297682902
Q242K,0.617187922530178
Q242L,0.197344634461114
Q242M,0.0564911206426608
Q242N,0.369034676360614
Q242P,0.342911926984182
Q242R,0.27072347198388
Q242S,0.53688957576222
Q242T,0.186660849799913
Q242V,0.201441424141735
Q242W,0.565767506074205
Q242Y,0.395515498354199
G243A,0.34854679856846
G243C,0.419712408885557
G243D,0.438212535679253
G243E,0.316219793934208
G243F,0.49243224253795
G243H,0.286901260111523
G243I,0.498623134284199
G243K,0.420372535804297
G243L,0.355006074149261
G243M,0.314519506999603
G243N,0.0743801856826383
G243P,0.411791618923848
G243Q,0.349547483845786
G243R,0.746703544179631
G243S,0.211897901341279
G243T,0.398984608982342
G243V,0.36432237290152
G243W,0.402324827139019
G243Y,0.455493014060796
Q244A,0.275681365282066
Q244C,0.505220358265485
Q244D,0.494614625859795
Q244E,0.674826561859796
Q244F,0.206897975450864
Q244G,0.320506969030498
Q244H,0.368167252471109
Q244I,0.309746311695403
Q244K,0.33490269431671
Q244L,0.338463382771637
Q244M,0.262563264730772
Q244N,0.190712563327434
Q244P,0.485397788737323
Q244R,0.895414142728683
Q244S,0.359948964385264
Q244T,0.380354922450462
Q244V,0.285830217885059
Q244W,0.18749577082189
Q244Y,0.54133293515014
T245A,0.286822653235264
T245C,0.481687617607499
T245D,0.246377419579067
T245E,0.341438347478918
T245F,0.499319211143521
T245G,0.159026928619907
T245H,0.435908367112877
T245I,0.297360870937693
T245K,0.393346595505148
T245L,0.162363882748677
T245M,0.426490885945633
T245N,0.137219108454048
T245P,0.208181506016666
T245Q,0.485473889496827
T245R,0.251520757462413
T245S,0.492864694303217
T245V,0.185820218328309
T245W,0.383990721582377
T245Y,0.368027410013702
V246A,0.714159882026002
V246C,0.718672086518557
V246D,0.324675925401876
V246E,0.388035140654564
V246F,0.394222511225666
V246G,0.414963637769658
V246H,0.455037150149992
V246I,0.229591349552981
V246K,0.546452841242588
V246L,0.258984083902352
V246M,0.351573598594342
V246N,0.375074435443424
V246P,0.222736016191033
V246Q,0.416685228317803
V246R,0.502261097382428
V246S,0.866943532344897
V246T,0.329929306501535
V246W,0.3194233428141
V246Y,0.712287047804727
T247A,0.333386465203297
T247C,0.42881894829828
T247D,0.591616630322579
T247E,0.223474096729102
T247F,0.419217833049015
T247G,0.378926881215769
T247H,0.320654750232502
T247I,0.252273084192349
T247K,0.383825926403338
T247L,0.215505924386955
T247M,0.38571948458776
T247N,0.182955629791388
T247P,0.285275491715019
T247Q,0.323690830392325
T247R,0.353067161499893
T247S,0.419353922475627
T247V,0.395963367988742
T247W,0.426395066831528
T247Y,0.243129707897899
K248A,0.228244379340408
K248C,0.146635073418975
K248D,0.15474919222922
K248E,0.175600963877932
K248F,0.160474774624088
K248G,0.19010832570896
K248H,0.274016895784232
K248I,0.104399611509341
K248L,0.195076842357757
K248M,0.114386975681389
K248N,0.131110319886632
K248P,0.080033722349573
K248Q,0.158670957704726
K248R,0.182200267329899
K248S,0.221861570979578
K248T,0.156637894808843
K248V,0.111054211082323
K248W,0.265406383821826
K248Y,0.104335927792515
K249A,0.326174401884601
K249C,0.379432018130509
K249D,0.197415390087699
K249E,0.100949106956823
K249F,0.348225104343131
K249G,0.298769227022231
K249H,0.341698301050828
K249I,0.169735009385935
K249L,0.415077356901862
K249M,0.225100794659483
K249N,0.287539178125668
K249P,0.383240157735798
K249Q,0.366682290840903
K249R,0.279628205741426
K249S,0.434735963929489
K249T,0.262248516032028
K249V,0.348381476702652
K249W,0.558445391585568
K249Y,0.304197731600505
S250A,0.262665964466617
S250C,0.36757989885228
S250D,0.202209223866809
S250E,0.0330566172991394
S250F,0.45073444613335
S250G,0.157277558283389
S250H,0.315001783629198
S250I,0.401522620879658
S250K,0.3094730499555
S250L,0.14858762284072
S250M,0.239014364814894
S250N,0.448357773592985
S250P,0.111792767833733
S250Q,0.241344428404419
S250R,0.295747215094428
S250T,0.247170262176146
S250V,0.180240186333088
S250W,0.145135677831194
S250Y,0.245398126051655
A252D,0
E253A,0.376185294472246
E253D,0.0272129395933489
E253F,0
E253G,0.479577082898582
E253I,0
E253L,0
E253M,0.400026449961535
E253N,0.293672973111557
E253P,0.495502275095561
E253Q,0.779268245381892
E253R,0.264331017303978
E253T,0.988449241542112
E253V,0.298208463043782
E253Y,0.213168026814567
A254C,0.49141547185628
A254D,0.0595848905518959
A254E,0.183687342255105
A254F,0
A254G,0.159155619829133
A254H,1
A254I,0.37644566437466
A254K,0.460945325436971
A254L,0.499199766018837
A254M,0.0351500469747424
A254N,0.124725973136183
A254P,0.216255036838422
A254R,0.162089621745763
A254S,0.576490451077151
A254T,0.387764852588684
A254V,0.0782372013308782
A254W,0.13152920803452
A254Y,0
S255A,0
S255C,0
S255D,0.0589613691189227
S255E,0
S255F,0.150320377668955
S255H,0.0294806845594613
S255I,0.0930083168957832
S255L,0.154206657695644
S255M,0
S255P,0.0777198258064288
S255Q,0.296948250543512
S255T,0.196159939568723
S255V,0.0302867380300563
S255Y,0
K256C,0.00566936241528102
K256D,0.0544258791866978
K256E,0.345771234743
K256G,0.126133130616919
K256H,0.0805049462969906
K256I,0.622495993197857
K256L,0.0255147381914354
K256M,0
K256N,0
K256P,0.221046962236969
K256Q,0.215464780849404
K256R,0.407203165429689
K256S,0.344697234849086
K256T,0.116403824917637
K256V,0.253356316949441
K256W,0.101581347736391
K256Y,0.129707884681749
K257C,0.0180127424426809
K257D,0.190306359180585
K257E,0.128574007068393
K257F,0.0222510347821352
K257G,0.764020459364681
K257H,0.167401890298037
K257I,0.117550386503578
K257L,0
K257M,0.2002371727061
K257N,0.25986000632987
K257P,0
K257Q,0.278932630831826
K257R,0.174740977329801
K257S,0.151282031224102
K257T,0.179715925045644
K257V,0
K257W,0.43835716274704
K257Y,0.386050144414574
P258A,0.416131201281627
P258C,0.287337172905717
P258D,0.052455732688494
P258E,0.155995546646053
P258F,0.0898476284508962
P258G,0.115906128171862
P258H,0.129212330210553
P258I,0.248945337861666
P258K,0
P258L,0.257921390581489
P258M,0.188679343178783
P258N,0.0500055237960991
P258Q,0.247625709844222
P258R,0.113299771109034
P258S,0.613026890996213
P258T,0.198753890722221
P258V,0.0944292355861909
P258W,0.154840346324514
P258Y,0.0726821830567714
R259A,0.162847252553823
R259C,0.155356579084066
R259D,0.0435175105031139
R259E,0.162778357480097
R259F,0.257121719248659
R259G,0.0499637089503984
R259H,0.199142051532635
R259I,0.210542553804164
R259K,0.259815497844008
R259L,0.308413315391288
R259M,0.245554675541369
R259N,0.17152214666067
R259P,0.193432733099372
R259Q,0.138466050801712
R259S,0.173885541821341
R259T,0.229404820814131
R259V,0.164169297825256
R259W,0.198450624577352
R259Y,0.00164018467770753
Q260A,0.0196290209537538
Q260C,0.147879132432471
Q260D,0.110192393946146
Q260E,0.0519033207748078
Q260F,0.12128479778938
Q260G,0.151921642682677
Q260H,1
Q260I,0.0820290428790684
Q260K,0.115375200334728
Q260L,0.444707171600055
Q260M,0.736681551853703
Q260N,0.0260790671102927
Q260P,0.0521581342205854
Q260R,0.270287119282003
Q260S,0.151902070497556
Q260T,0.0451421502886681
Q260V,0.0634968590511475
Q260W,0.175083292322265
Q260Y,0.139871380029283
K261A,0.0756977999762418
K261C,0.0530979260306607
K261D,0.0541277654901739
K261E,0.0282772456017748
K261F,0.027017818901051
K261G,0.0417869432145953
K261H,0.213314630648716
K261I,0.0847277450339822
K261L,0.185030593810147
K261M,0.105253851024011
K261N,0.0346567954617928
K261P,0.136692074107149
K261Q,0.0939306242865548
K261R,0.199625175278027
K261S,0.100577815641644
K261T,0.073796910079993
K261V,0.0858611590411576
K261W,0.099311162007055
K261Y,0.0400513610508275
R262A,0.133807640701634
R262C,0.0735438852295565
R262D,0.0250359629035303
R262E,0.0701842900796998
R262F,0.0655336237086175
R262G,0.143865435455543
R262H,0.0419620220691849
R262I,0.0672740185746374
R262K,0.0314249989396193
R262L,0.163806902046593
R262M,0.0452962375866181
R262N,0.113415083102072
R262P,0.024834040610321
R262Q,0.0474882475428563
R262S,0.0554553716123911
R262T,0.0734688889003183
R262V,0.291139362822238
R262W,0.0329197549102494
R262Y,0.050829161526136
T263A,0.413813036408047
T263C,0.25341834250385
T263D,0.0683289362573801
T263E,0.171766855098932
T263F,0.112226692106227
T263G,0.532025605728184
T263H,0.284738624471836
T263I,0.252855517532952
T263K,0.143794209562904
T263L,0.251399761190877
T263M,0.214051826748197
T263N,0.280915752819274
T263P,0.0723694790218296
T263Q,0.258956216174529
T263R,0.14330591176173
T263S,0.0636443513055887
T263V,0.220047744862611
T263W,0.263106527994362
T263Y,0.0704678303812627
A264C,0.0688986885365936
A264D,0.145444134163149
A264E,0.0780870982116926
A264F,0.110023529547753
A264G,0.291820704513921
A264H,0.0995670788366996
A264I,0.150868147362555
A264K,0.0062601509940067
A264L,0.297130462317575
A264M,0.0400667027778474
A264N,0.579032003449349
A264P,0.0744378056823128
A264Q,0.253201896335831
A264R,0.0925710859614255
A264S,0.0899244779526869
A264T,0.0823702073428652
A264V,0.0603844492442577
A264W,0.105281751609038
A264Y,0.285833487153751
T265A,0.182798401250252
T265C,0.433797250458818
T265D,0.0585141109142595
T265E,0.054711650433789
T265F,0.418644355770931
T265G,0.161689207870318
T265H,0.319735807407359
T265I,0.152874735917993
T265K,0.128862501005711
T265L,0.233508757116826
T265M,0.166879342888321
T265N,0.323739316564063
T265P,0.182553469772049
T265Q,0.0651800732027188
T265R,0.279614688816092
T265S,0.520647425598238
T265V,0.0669737106835421
T265W,0.24143086828308
T265Y,0.17612459277288
K266A,0.32155983060551
K266C,0.497977504499799
K266D,0.0705379407040984
K266E,0.0860211636237123
K266F,0.298502979744071
K266G,0.265633909476581
K266H,0.234030539464713
K266I,0.10266438837862
K266L,0.186024376563154
K266M,0.189928784002382
K266N,0.188336438445773
K266P,0.184318652972304
K266Q,0.212982830611846
K266R,0.229201890215265
K266S,0.194762614752853
K266T,0.232388870522893
K266V,0.260412790742758
K266W,0.223522122133083
K266Y,0.178832418472682
A267C,0.188067602557812
A267D,0.267059006091655
A267E,0.271683679430583
A267F,0.268852553971539
A267G,0.197473969803513
A267H,0.0448261701615862
A267I,0.481584008047196
A267K,0.348932482775694
A267L,0.273306609173449
A267M,0.101278475856544
A267N,0.394337109555505
A267P,0.0730850096067818
A267Q,0.336201922644153
A267R,0.191384041538546
A267S,0.197523685707555
A267T,0.387858056434747
A267V,0.325279186380559
A267W,0.37649038000241
A267Y,0.347544411697332
Y268A,0.223025669412294
Y268C,0.038551664423911
Y268D,0.375897962468527
Y268E,0.147966433710486
Y268F,0.108394013351124
Y268G,0.105919875089837
Y268H,0.125994080779043
Y268I,0.13398386954681
Y268K,0.10269180328266
Y268L,0.0964965125201528
Y268M,0.230943970738263
Y268N,0.121775765455246
Y268P,0.173075831513163
Y268Q,0.0693313718298749
Y268R,0.401390859001897
Y268S,0.180459127970629
Y268T,0.0891630750912703
Y268V,0.322783553722322
N269A,0.179331222979143
N269C,0.245885380266648
N269D,0.191050182439861
N269E,0.204690688122779
N269F,0.0873081811953278
N269G,0.000860410153899768
N269H,0.0659441306363777
N269I,0.114771881776921
N269K,0.183398469325689
N269L,0.387205211592285
N269M,0.104436279355548
N269P,0.616823550429286
N269Q,0.248979295757978
N269R,0.166250301105399
N269S,0.638567887313286
N269T,1
N269V,0.11338724830562
N269W,0.0538405290342018
N269Y,0.128833305303319
V270A,0
V270C,0.144901518737423
V270D,0.314457268877894
V270E,0.379430144908772
V270F,0.178560598093451
V270G,0.109395697764563
V270H,0.494928012751076
V270I,0.315927589111756
V270K,0.0550355492719622
V270L,0.226416548285422
V270M,0.170694084495716
V270N,0.110325478406875
V270P,0.11881141951242
V270Q,0.246972399271902
V270R,0.225541525187159
V270S,0.612905619416639
V270T,0.111941765713315
V270W,0.0799012319749225
V270Y,0.214862646894033
T271A,0.596672093413803
T271C,0.571919619856295
T271D,0.300845632654263
T271E,0.51431828368187
T271F,0.916921470234928
T271G,0.143476687598377
T271H,0.828486212520403
T271I,0.748055138647984
T271K,0.357705588508783
T271L,0.690528342181229
T271N,0.421430497929408
T271P,0.263438810405438
T271Q,0.850932619705989
T271R,0.690441657132922
T271S,0.271634718276989
T271V,0.625578587698833
T271W,0.553706034555132
T271Y,0.852931263275775
Q272A,0.317074318185845
Q272C,0.504779551838815
Q272D,0.0754289758534673
Q272E,0.236775844119789
Q272F,0.124453161743938
Q272G,0.379956662925217
Q272H,0.205282451266391
Q272I,0.165480989042656
Q272K,0.274514053577741
Q272L,0.310960527683305
Q272M,0.359260331784005
Q272N,0.338954697983552
Q272P,0.194131270911911
Q272R,0.41560438051941
Q272S,0.203226674181269
Q272T,0.240936802802701
Q272V,0.289296416663731
Q272W,0.0454052899279883
Q272Y,0.0462925310663802
A273C,0.297182514255741
A273D,0.101198294317303
A273E,0.232822901766026
A273F,0.1533244636721
A273G,0.232683229805587
A273H,0.201442929697525
A273I,0.276850471039966
A273K,0.0439417266899843
A273L,0.233156060675792
A273M,0.106741683078265
A273N,0.412729583832459
A273P,0.153072785212588
A273Q,0.0816253559702255
A273R,0.393363443795579
A273S,0.210439488304037
A273T,0.191496413739743
A273V,0.0948514253209789
A273W,0.385925077014128
A273Y,0
F274A,0.11098556309645
F274C,0.279645192980743
F274D,0.18906029732682
F274E,0.254173213400149
F274G,0.0493491562237839
F274H,0.402440131672745
F274I,0.0886517870338117
F274K,0.364055691630042
F274L,0.38233230883435
F274M,0.207551069599892
F274N,0.458229685134812
F274P,0.320885912704906
F274Q,0.342748905605086
F274R,0.280523534248676
F274S,0.246757534477035
F274T,0.210957795743864
F274V,0.208635552915546
F274W,0.0579922439618018
F274Y,0.107288357769374
G275A,0.153897620845438
G275C,0.220633867945493
G275D,0.31465241896977
G275E,0.145225244045619
G275F,0.136985794378906
G275H,0.324615947167635
G275I,0.0335006340341604
G275K,0.462680787517737
G275L,0.278426512227513
G275M,0.0591017171391188
G275N,0.159333053207669
G275P,0.0963791610597774
G275Q,0.0538422491919703
G275R,0.0945337420503475
G275S,0.373418006792499
G275T,0.0983176524213163
G275V,0.113955090264994
G275W,0.501158873975893
G275Y,0.177733419521876
R276A,0.293308377118691
R276C,0.186188535371419
R276D,0.234003127825865
R276E,0.157700973175461
R276F,0.1733188870508
R276G,0.322708935675477
R276H,0.24213272160029
R276I,0.220308054562181
R276K,0.33330169734502
R276L,0.808290473312065
R276M,0.214179943957084
R276N,0.287167754486522
R276P,0.132742295281921
R276Q,0.109379020255337
R276S,0.303157318231422
R276T,0.231155722918412
R276V,0.333347733956716
R276W,0.176468732768705
R276Y,0.165403684305425
R277A,0.0714163745085152
R277C,0.164527102846987
R277D,0.213955194921599
R277E,0.40411800555919
R277F,0.208751103352175
R277G,0.538060110150618
R277H,0.0944245602448557
R277I,0.30233564263335
R277K,0.0993319278022507
R277L,0
R277M,0.045090081935648
R277N,0
R277P,0
R277Q,0
R277S,0.651711696168682
R277T,0.224816004909091
R277V,0.342662980124957
R277W,0.270205793062054
R277Y,0.359121259020849
G278A,0.149671167763419
G278C,0.315245105899686
G278D,0.26101378045574
G278E,0.148317651310926
G278F,0.133904403094058
G278H,0.426341998341676
G278I,0.364805436418084
G278K,0.147808494952051
G278L,0.257756045570491
G278M,0.619094375748688
G278N,0.0566936241528102
G278P,0.0747335035376783
G278Q,0.235943097285452
G278R,0.0775025777439478
G278S,0.166718566754029
G278T,0.244070364254992
G278V,0.346433900093191
G278W,0.264891656013022
G278Y,0.447767349835913
P279A,0.383858876959501
P279C,0.324586051937418
P279D,0.367605531091759
P279E,0.107805388475707
P279F,0.284970074181079
P279G,0.535179980341686
P279H,0.214986501006131
P279I,0.157794467694996
P279K,0.256276599935052
P279L,0.153549977496065
P279M,0.0972191116617189
P279N,0.295649818468545
P279Q,0.0751466639277819
P279R,0.211083356592115
P279S,0.303225032565354
P279T,0.0586725736846547
P279V,0.0673911960466474
P279W,0.00866750371932671
P279Y,0.0647294040118551
E280A,0.413534532036723
E280C,0.420904282067517
E280D,0.518748830852537
E280F,0.392575620272771
E280G,0.407381878888308
E280H,0.254915630546616
E280I,0.215157386413784
E280K,0.379694118981891
E280L,0.404734081786633
E280M,0.213644364910095
E280N,0.50040104887824
E280P,0.11866991095829
E280Q,0.217580024182115
E280R,0.297961844293698
E280S,0.310044558970891
E280T,0.228580497623305
E280V,0.145824052157401
E280W,0.703858070349921
E280Y,0.561673366020578
Q281A,0.266249264413826
Q281C,0.265529811595712
Q281D,0.713262644104038
Q281E,0.272329635742997
Q281F,0.637030749941998
Q281G,0.758239982218495
Q281H,0.250894557052029
Q281I,0.26359895794944
Q281K,0.330902640370835
Q281L,0.275006988504393
Q281M,0.348157833463402
Q281N,0.389788758361474
Q281P,0.302023233569756
Q281R,0.448590109892541
Q281S,0.210087559416622
Q281T,0.257249405199848
Q281V,0.286005082246787
Q281W,0.266663132501422
Q281Y,1
T282A,0.211796365534538
T282C,0.132425337656493
T282D,0.323153657671018
T282E,0.316761863757988
T282F,0.175433365956659
T282G,0.18900296756723
T282H,0.236714478758706
T282I,0.21770668346584
T282K,0.309437971484912
T282L,0.359963875468824
T282M,0.50262877115223
T282N,0.258623482835624
T282P,0.0282848235844432
T282Q,0.35728570397902
T282R,0.487824016455533
T282S,0.26160531475712
T282V,0.283909991329756
T282W,0.364530212534645
T282Y,0.149276849735624
Q283A,0.125536209454972
Q283C,0.238727526686702
Q283D,0.185511452937148
Q283E,0.243175747182072
Q283F,0.841390584046328
Q283G,0.0714152387266354
Q283H,0.280586935751262
Q283I,0.242674183360942
Q283K,0.103935145141426
Q283L,0.12524027973216
Q283M,0.407218188684791
Q283N,0.192977805504353
Q283P,0.26659327591809
Q283R,0.243176999421778
Q283S,0.315392761577908
Q283T,0.0878397475754275
Q283V,0.0856008055437955
Q283W,0.237709142071444
Q283Y,0.0396820225201839
G284A,0.667511803485861
G284C,0.0959879030612193
G284D,0.115028078910162
G284E,0.156699086217047
G284F,0
G284H,0.291657292886168
G284I,0.220196173609068
G284K,0.205126499883497
G284L,0.27794336622797
G284M,0.290020085223283
G284N,0.477080136556873
G284P,0.0772964387238118
G284Q,0.300806853993284
G284R,0.0911718617147659
G284S,0.160276747466346
G284T,0.174761647544757
G284V,0.263857261481102
G284W,0.167433728588017
G284Y,0.269747357213089
N285A,0.546258819333697
N285C,0.191624449636499
N285D,0.321446279299
N285E,0.47731467974069
N285F,0.106584013407283
N285G,0.32525396858265
N285H,0.776165325334651
N285I,0.484136506637298
N285K,0.00340161744916861
N285L,0.176636225914795
N285M,0.0576446149517737
N285P,0.0803260469093293
N285Q,0.264546816801226
N285R,0.0921531706093747
N285S,0.183150195510725
N285T,0.0550954358222236
N285V,0.103217203206432
N285W,0.315398520863191
N285Y,0.417337483355071
F286A,0.256725703240699
F286C,0.12129262510594
F286D,0.110253071112725
F286E,0.231257841979323
F286G,0.335317604783125
F286H,0.129357045539403
F286I,0.0295586150575796
F286K,0.178686609040652
F286L,0.624624715666193
F286M,0.216247391705268
F286N,0.0626856257462549
F286P,0.250012371985928
F286Q,0.181153219725309
F286R,0.319216996985408
F286S,0.132707414790267
F286T,0.0270569788942248
F286V,0.335737986293243
F286W,0.573746595847386
F286Y,0.198270693988639
G287A,0
G287C,0.233741559925346
G287D,0.507455226002952
G287E,0.207498664399286
G287F,0.321817843133269
G287H,0.396223388727664
G287I,0.248851502453501
G287K,0.366177129605895
G287L,0.0532920067036416
G287M,0.336423216073885
G287N,0.507176064724744
G287P,0
G287Q,0.11639254801037
G287R,0.107807205890126
G287S,0.215435771780679
G287T,0.0646307315342037
G287V,0.353189352411095
G287W,0.285058202647997
G287Y,0.0759694563647657
D288A,0.125051748820072
D288C,0.0106294808714563
D288E,0.315783688216049
D288F,0.1553405301787
D288G,0.315531530749604
D288H,0.162951809065055
D288I,0.19515312917799
D288K,0.110786464774903
D288L,0.276904396323638
D288M,0.743633266144672
D288N,0.245467820670565
D288P,0.302924703772518
D288Q,0.223937186190526
D288R,0.237364778250036
D288S,0.0596881869141009
D288T,0.101024424989603
D288V,0.272333621424144
D288W,0.173940548922397
D288Y,0.200919947350856
Q289A,0.247756386957425
Q289C,0.0945264934638575
Q289D,0.133672250690174
Q289E,0.19755507344639
Q289F,0.247238419317798
Q289G,0.431429374998138
Q289H,0.0899359622670023
Q289I,0.332464433404896
Q289K,0.693700541834325
Q289L,0.269569060231636
Q289M,0.237297259574258
Q289N,0.263055349916977
Q289R,0.332879231092642
Q289S,0.182760838836942
Q289T,0.177089970195784
Q289V,0.452998276737392
Q289W,0.311350005548758
Q289Y,0.252529229191065
E290A,0.325968130417557
E290C,0.42013286159552
E290D,0.635472697338064
E290F,0.141463227542174
E290G,1
E290H,0.147732347968067
E290I,0.119508925875535
E290K,0.0728012582200098
E290L,0.217290302886233
E290M,0.376816377752972
E290N,0.144242787884269
E290P,0.180604778307999
E290Q,0.160459912783718
E290R,0.108447196600154
E290S,0.0478785300741808
E290T,0.281444794651458
E290V,0.387593321517041
E290W,0.154326467402481
E290Y,0.0970373134818651
L291A,0
L291C,0.190072527976003
L291D,0.264297289029423
L291E,0.217805400538548
L291F,0.193387471044734
L291G,0.284400252251937
L291H,0.268624091864003
L291I,0.0128068436573077
L291K,0.225408950053507
L291M,0.138490569633443
L291N,0.215653200973438
L291P,0.172704735626756
L291Q,0
L291R,0.165739888010328
L291S,0.227373961981381
L291T,0.109985630856452
L291V,0.127748265481645
L291W,0.152479959282229
L291Y,0.259047066413029
I292A,0.100914650992002
I292C,0.933370596680836
I292D,0.485685707193143
I292E,0.112830082493007
I292F,0.102702970516338
I292G,0.156443207777147
I292H,0.258905869547992
I292K,0.189796155327273
I292L,0.392135004853013
I292M,0.219022757597011
I292N,0.151939140802288
I292P,0.372618523311142
I292Q,0.246397800634265
I292R,0.290289261162616
I292S,0.0173038993695831
I292T,0.123519832327697
I292V,0.170837149745639
I292W,0.389998421812429
I292Y,0.517470192207936
R293A,0.0945893403498818
R293C,0.178116716241465
R293D,0.00722386025045014
R293E,0.141477458515862
R293F,0.147694884648549
R293G,0.177005082999524
R293H,0.0964856464755775
R293I,0.234956817704726
R293K,0.0754353169292988
R293L,0.194136457786439
R293M,0.149506380631355
R293N,0.202292307834902
R293P,0.177324867974703
R293Q,0.270176756357247
R293S,0.466900204877713
R293T,0.302743952976007
R293V,0.2463565136591
R293W,0.190205333644448
R293Y,0.142595647490491
Q294A,0.477495886847488
Q294C,0.16523781707689
Q294D,0.185572548449058
Q294E,0.249628243409715
Q294F,0.163671461940393
Q294G,0.272329058260792
Q294H,0.228359925125847
Q294I,0.285500277965793
Q294K,0.30296375752633
Q294L,0.240343307105229
Q294M,0.217213682366552
Q294N,0.0740883709914635
Q294P,0.0464887718053044
Q294R,0.376596019895187
Q294S,0.12879821745769
Q294T,0.31280954111355
Q294V,0.0262040651442741
Q294W,0.393345537961916
Q294Y,0.581886902190105
G295A,0.30406727768885
G295C,0.344239288677188
G295D,0.200930873445116
G295E,0.206756532441435
G295F,0.34041320122501
G295H,0.264462841659628
G295I,0.142258938026356
G295K,0.125925137134347
G295L,0.414998316456894
G295M,0.224210635928035
G295N,0.0630766932033196
G295P,0.250480559464321
G295Q,0.364030094761336
G295R,0.129407014044112
G295S,0.508035010569174
G295T,0.111596185937988
G295V,0.277520962139595
G295W,0.152909497157927
G295Y,0.392982929639167
T296A,0.334337321945865
T296C,0.142431192416329
T296D,0.0816388187800468
T296E,0.137198039958968
T296F,0.129241014484693
T296G,0.250328222559986
T296H,0.205081770748752
T296I,0.221250149234739
T296K,0.0151569899000702
T296L,0.286031135831053
T296M,0.18601572579404
T296N,0.0766169651261149
T296P,0.146647981044196
T296Q,0.035426695250212
T296R,0.0710210737376862
T296S,0.384997283880107
T296V,0.31611001366507
T296W,0.542035891998559
T296Y,0
D297A,0.196782970377897
D297C,0.206806010365382
D297E,0.294444357437679
D297F,0
D297G,0.0958785939255831
D297H,0.429872568088266
D297I,0.134930825483688
D297K,0.0221777883605886
D297L,0.0553228993990684
D297M,0.190817214636824
D297N,0.456692029131661
D297P,0.333593777501408
D297Q,0.352320812264962
D297R,0.0893432025156971
D297S,0.308347096073481
D297T,0.282440451948474
D297V,0.112223836027628
D297W,0.00804071331479193
D297Y,0.0624334509471643
Y298A,0.0802241667188484
Y298C,0.0934053391468622
Y298D,0.376804168891226
Y298E,0.169212672762695
Y298F,0.108950754649444
Y298G,0.0521581342205854
Y298H,0.0236915305144866
Y298I,0.258644506869264
Y298K,0.087381634040154
Y298L,0.196839040614441
Y298M,0.0554599002466268
Y298N,0.234031561860737
Y298P,0.174857443471525
Y298Q,0.231708141166719
Y298R,0.229352282969735
Y298S,0.32502811642485
Y298T,0.0826203603878875
Y298V,0.167950220052613
Y298W,0.10476099872062
K299A,0.144667655781678
K299C,0.249616031199518
K299D,0.10446108136364
K299E,0.0699921608515641
K299F,0.329464438341387
K299G,0.0930033718862804
K299H,0.163541032984823
K299I,0.188340795419626
K299L,0.239509044254964
K299M,0.170079179002868
K299N,0.231821605126725
K299P,0.255298529857014
K299Q,0.131846006002844
K299R,0.410147763609369
K299S,0.15844562083828
K299T,0.199419857047926
K299V,0.225609896858669
K299W,0.159261192761452
K299Y,0.364733726115346
H300A,0.441839093196045
H300C,0.250909777481192
H300D,0.124137750917941
H300E,0.179451011279418
H300F,0.299428208560621
H300G,0.109187590241994
H300I,0.0883541499613948
H300K,0.195261219929355
H300L,0.326069722755326
H300M,0.257944906619058
H300N,0.200676528991058
H300P,0.0760552845041834
H300Q,0.215988356959284
H300R,0.648997404887379
H300S,0.194318527664304
H300T,0.0448759896371079
H300V,0.139822177450895
H300W,0.129593616148704
H300Y,0.39759769395164
W301A,0.317924132359142
W301C,0.426272984182858
W301D,0.46363386717403
W301E,0.114521120788677
W301F,0.500784641159596
W301G,0.284022269553404
W301H,0.208974076358101
W301I,0.208990272108762
W301K,0.206364791916229
W301L,0.152493359609502
W301M,0.156565813967561
W301N,0.142886159412101
W301P,0.228866984307193
W301Q,0.0272129395933489
W301R,0.323529084564436
W301S,0.219971261712904
W301T,0.0158742147627869
W301V,0.292617039290033
W301Y,0.260794132889524
P302A,0.250161744547431
P302C,0.0496945287665738
P302D,0.28120554737227
P302E,0.237986388711282
P302F,0.135520457469045
P302G,0.733894818492518
P302H,0.305970476445317
P302I,0.083636566659374
P302K,0.370506354085186
P302L,0.139794182724842
P302M,0.364965133027913
P302N,0.338495657999028
P302Q,0.829257851895054
P302R,0.183751185173373
P302S,0.821825418000118
P302T,0.376155358229047
P302V,0.0745261198950549
P302W,0.297743925862791
P302Y,0.296434974474918
Q303A,0.180295398116842
Q303C,0.198649982870035
Q303D,0.221026094765216
Q303E,0.287255088347177
Q303F,0.158144380872634
Q303G,0.105553041714281
Q303H,0.152332577636184
Q303I,0.219320048224361
Q303K,0.32304138872434
Q303L,0.226279430834459
Q303M,0.247599556902583
Q303N,0.224505469679514
Q303P,0.198260998780009
Q303R,0.279309886288773
Q303S,0.203934886452112
Q303T,0.18232379704744
Q303V,0.293880387322426
Q303W,0.188903303847911
Q303Y,0.209059581239318
I304A,0.156029570449285
I304C,0.0294806845594613
I304D,0.197295579627932
I304E,0.0555861431525967
I304F,0.0049637316407773
I304G,0.173305117520498
I304H,0.528913580095551
I304K,0.307189664491973
I304L,0.322139565785723
I304M,0.235762686481757
I304N,0.201829301984005
I304P,0
I304Q,0.581019716375749
I304R,0.17498624871411
I304S,0.0608446374833527
I304T,0.171201611087591
I304V,0.0868775147191321
I304W,0.119686393528865
I304Y,0.120768125212654
A305C,0.0229608118181562
A305D,0.0520351247695099
A305E,0.199761054171418
A305F,0.0637622468839556
A305G,0.19729381205178
A305H,0.0591724220294319
A305I,0.0560991422452672
A305K,0.0557602642715346
A305L,0.038127325436082
A305M,0.0306515175267719
A305N,0.061440710761007
A305P,0.292612943934932
A305Q,0.18163805828577
A305R,0.0456509666312185
A305S,0.214436496803658
A305T,0.0455277596470555
A305V,0.0302258330683555
A305W,0.0450647931214158
A305Y,0.11047474180996
Q306A,0.248717313108121
Q306C,0.205562691330782
Q306D,0.135763263039972
Q306E,0.196327667074153
Q306F,0.231306774197527
Q306G,0.0665439123100785
Q306H,0.189055180350738
Q306I,0.0873081811953278
Q306K,0.314793090397795
Q306L,0.352555493817625
Q306M,0.219631391920992
Q306N,0.202475658919726
Q306P,0.297177693589336
Q306R,0.204778365353442
Q306S,0.185638501970729
Q306T,0.131240377413394
Q306V,0.287693134812209
Q306W,0.48727507232153
Q306Y,0.382569206779222
F307A,0.34515065347884
F307C,0.533304534399127
F307D,0.309029778298951
F307E,0.391186006654391
F307G,0.279247304766304
F307H,0.135060204839577
F307I,0.0616674243604866
F307K,0.0787041158057812
F307L,0.405313023987851
F307M,0.393081459561578
F307N,0.127817453810239
F307P,0.0961458323136834
F307Q,0.308413315391288
F307R,0.217852107912373
F307S,0.318517156391929
F307T,0.0630906405097216
F307V,0.581571322506394
F307W,0.484705426223986
F307Y,0.293321482664812
A308C,0.137054390169782
A308D,0.239237299015013
A308E,0.0464887718053044
A308F,0.142715097705601
A308G,0.245880755874573
A308H,0
A308I,0.114521120788677
A308K,0.161762288226784
A308L,0.318126487812628
A308M,0.357039396649714
A308N,0.14877211425996
A308P,0.283811631679827
A308Q,0.14116265679473
A308R,0.191793784607904
A308S,0.19516796848908
A308T,0.710926275937244
A308V,0.401406858108177
A308W,0.190490577153442
A308Y,0.176937994952817
P309A,0.120190483203958
P309C,0.11338724830562
P309D,0.324951317573173
P309E,0.274482360904282
P309F,0.34166841755729
P309G,0.105348573523483
P309H,0.0900000629468224
P309I,0.056059396289711
P309K,0.123602796549226
P309L,0.425204008430506
P309M,0.470557080468325
P309N,0.172348617424543
P309Q,0.0774609401971942
P309R,0.108506129480053
P309S,0.274212076985622
P309T,0
P309V,0.581676583807833
P309W,0.473662148169317
P309Y,0.0430871543561358
S310A,0.0667853315497132
S310C,0.0855050884564135
S310D,0.10768008079593
S310E,0.0604995206743138
S310F,0.471865593184772
S310G,0.109945320204669
S310H,0.184480321017098
S310I,0.029213476182674
S310K,0.357961011204919
S310L,0.275012056514438
S310M,0.156994817231201
S310N,0.928044227958837
S310P,0.426334432544828
S310Q,0.4444816321
S310R,0.450578218670966
S310T,0.25309176885744
S310V,0.332829429918063
S310W,0.299831933466317
S310Y,0.172870801130472
A311C,0.456332539905259
A311D,0.12302631311512
A311E,0.132255096707164
A311F,0.0984091996088616
A311G,0.200970224561967
A311H,0.250305403446127
A311I,0.0762709784531634
A311K,0.0292669368633077
A311L,0.0650632715458508
A311M,0.102524135196902
A311N,0.177039694163141
A311P,0.29742754591494
A311Q,0.183103497738049
A311R,0.0593894479783517
A311S,0.393116005700914
A311T,0.0798096116734814
A311V,0.0909207628860132
A311W,0.18325324206834
A311Y,0.264199656498495
S312A,0.43892147070916
S312C,0.0691662214664285
S312D,0.0947300004419153
S312E,0.115591170840767
S312F,0
S312G,0.173347093667987
S312H,0.127231915286443
S312I,0.077721060632264
S312K,0.275267873768559
S312L,0.0647791499790735
S312M,0.0526912778450722
S312N,0.157369332391321
S312P,0.179673410402755
S312Q,0.213360123012991
S312R,0.21203415433151
S312T,0.368246230404836
S312V,1
S312W,0.0827750760030008
S312Y,0.404835794012381
A313C,0.670118637486217
A313D,0.188759273280529
A313E,0.177716414268016
A313F,0.0671546352828731
A313G,0.141252466160684
A313H,0.00856491651462093
A313I,0.397158774953422
A313K,0.266005254355353
A313L,0.102048523475058
A313M,0.248174507709515
A313N,0.0839405169757323
A313P,0.0283468120764051
A313Q,0.119056610720902
A313R,0.18822283218733
A313S,0.0824577218831869
A313T,0.485905322232485
A313V,0.231040109152678
A313W,0.104408426357479
A313Y,0.401823862950293
F314A,0.124538284465325
F314C,0.103971601805579
F314D,0.188218985409644
F314E,0.451142617068591
F314G,0.33119754286291
F314H,0.0589786464104788
F314I,0.0687524462672911
F314K,0.137934110507925
F314L,0.099780778508946
F314M,0.329736021878909
F314N,0.0464887718053044
F314P,0.00680323489833723
F314Q,0.186762670830396
F314R,0.48754165553857
F314S,0.115275680704678
F314T,0.0805488256784374
F314V,0.289640111038456
F314W,0.288432182824686
F314Y,0.380592154409898
F315A,0.173275081212823
F315C,0.267335230325467
F315D,0.59755079857062
F315E,0.0691662214664285
F315G,0
F315H,0.0381106643310861
F315I,0.530185389609927
F315K,0.0408194093900234
F315L,0.195935888128049
F315M,0.409448709915507
F315N,0.145914282656532
F315P,0.080084648172612
F315Q,0.209871347682647
F315R,0.0805049462969906
F315S,0.299342335526838
F315T,0.0521581342205854
F315V,0.349039235450469
F315W,0.194516566804459
F315Y,0.104146006938032
G316A,0.114090881077943
G316C,0.0745515218905835
G316D,0.325421402637131
G316E,0.123509208616634
G316F,0.132360426931087
G316H,0.0524874614223813
G316I,0.251719691238477
G316K,0.0873081811953278
G316L,0.376214314224798
G316M,0.132196553549998
G316N,0.370176019361783
G316P,0.230603267403608
G316Q,0.251891128329447
G316R,0.725205092459823
G316S,0.0571443137979135
G316T,0.0878630604217645
G316V,0.248783805193139
G316W,0.0582201976073783
G316Y,0.29189338854971
M317A,0.149606198554246
M317C,0.243394212739449
M317D,0.0931023050838227
M317E,0.0389073523913463
M317F,0.0260790671102927
M317G,0.285735865730164
M317H,0.139834886427326
M317I,0.169085842641417
M317K,0.087867683576746
M317L,0.16792793173618
M317N,0.254832903610138
M317P,0.515911979790573
M317Q,0.131316216502432
M317R,0.024424825601522
M317S,0.0675611594291832
M317T,0.0204629336086519
M317V,0.0893665246098896
M317W,0.0634948346496258
M317Y,0.21753861974795
S318A,0.0896628191590942
S318C,0.054523782347089
S318D,0.151104599734186
S318E,0.186992658338925
S318F,0.106088641355764
S318G,0.074158488132349
S318H,0.198885241450347
S318I,0.43736149271583
S318K,0.375350643480395
S318L,0.434831834635025
S318M,0.1952985217123
S318N,0.0308479864397939
S318P,0.420776774902742
S318Q,0.175284963474747
S318R,0.170080872458431
S318T,0.0634968590511475
S318V,0.321955755588824
S318W,0.173482489907599
S318Y,0.298864535129992
R319A,0
R319C,0.172499878767041
R319D,0
R319E,0.171221752408893
R319F,0.0929194679426543
R319G,0.165200229426473
R319H,0.358367325750508
R319I,0.0875988106159848
R319K,0.576929897783296
R319L,0.233514588774995
R319M,0.211936151389947
R319N,0.0488980501391545
R319P,0
R319Q,0.385683625875051
R319S,0.105264633714192
R319T,0.111093912663253
R319V,0.25481007239386
R319W,0.118833171619571
R319Y,0.149418086280036
I320A,0
I320C,0.336430821833302
I320D,0.0288546229908824
I320E,0.0612291140850351
I320F,0.230569487933552
I320G,0.145794299529085
I320H,0.133796953000632
I320K,0.17401041566699
I320L,0.214396392468252
I320M,0.323248302631922
I320N,0.00680323489833723
I320P,0.220336100077131
I320Q,0.431791966746906
I320R,0.178788308488187
I320S,0.0294806845594613
I320T,0.405828667493965
I320V,0.246858263989263
I320W,0.133354791268106
I320Y,0.240380966407915
G321A,0.139466315415913
G321C,0.0681333722264898
G321D,0.177919227249001
G321E,0.603491616836697
G321F,0.247272316693853
G321I,0.14928028552019
G321K,0.399533438090294
G321L,0.214083749136409
G321M,0.196315756838639
G321N,0.394762803998931
G321R,0.411250571685477
G321S,0.381139792975765
G321T,0.308458781399325
G321V,0.0324458460851469
G321W,0.0894826560055759
G321Y,0.268026211586222
M322A,0.442085065834903
M322C,0.194424237893925
M322D,0.179081884914684
M322E,0.073022254470955
M322F,0.263693615683098
M322G,0.204347775823064
M322H,0.231309986543466
M322I,0.34049386626746
M322K,0.150752020274804
M322L,0.23511244505013
M322N,0
M322P,0.0418730803633994
M322Q,0.0661101068601656
M322R,0.214162213021314
M322S,0.452135944452408
M322T,0.117567857484911
M322V,0.113109426809187
M322W,0.258623184156414
M322Y,0.108188176264928
E323A,0.548782569624742
E323C,0.178142451980046
E323D,0.328030718953127
E323F,0.511688133902187
E323G,0.223986971507998
E323I,0.487057494713894
E323K,0.309616100923426
E323L,0.455375431090423
E323M,0.468457003038263
E323N,0.139056715789188
E323P,0.187122526454569
E323Q,0.297168022942126
E323R,0.375219224499154
E323S,0.508197068509747
E323T,0.576158734076718
E323V,0.560668029174409
E323W,0.158418067580507
E323Y,0.415844642041273
V324A,0.214950489086868
V324C,0.373014187900456
V324D,0.202205633505775
V324E,0.259963781736952
V324F,0.687850718928238
V324G,0.260644951370906
V324H,0.167135777830723
V324I,0.10008954613156
V324K,0.645513064636239
V324L,0.320697575391451
V324M,0.106584013407283
V324N,0.59812913862075
V324P,0.152636827057276
V324Q,0.534527821636064
V324R,1
V324S,0.140645158910828
V324T,0.3936544217169
V324W,0.477998687827485
V324Y,0.44159066033997
T325A,0.345916041237817
T325C,0.719314032666517
T325D,0.180518156366997
T325E,0.309654093668275
T325F,0.14122544262541
T325G,0.30221989031848
T325H,0.259652636644722
T325I,0.539295668375931
T325K,0.449864261276608
T325L,0.230296010835332
T325M,0.483304499913014
T325N,0.647163333030102
T325P,0
T325Q,0.727324810253072
T325R,0.353710764791085
T325S,0.185066516981222
T325V,0.117741423265468
T325W,0.257350409945104
T325Y,0.55808660742204
P326A,0.336523720907792
P326C,0.175375126420655
P326D,0.197941729045885
P326E,0.184161642091835
P326F,0.511305432465807
P326G,0.557895554936585
P326H,0.276289231687319
P326I,0.243036496186267
P326K,0.394446288147145
P326L,0.415614318984478
P326M,0.400426729619166
P326N,0.369581857280275
P326Q,0.280746429675465
P326R,0.33343264334623
P326S,0.240867235654809
P326T,0.489458151975379
P326V,0.405090538653388
P326W,0.220301047861636
P326Y,0.278807006635423
S327A,0.0704090202857977
S327C,0.317541358767118
S327D,0.260424834497784
S327E,0.149284834523968
S327F,0.286292253301831
S327G,0.68220700794575
S327H,0.304189043400218
S327I,0.536744260627227
S327K,0.489949679108068
S327L,0.170143315445409
S327M,0.351538412766687
S327N,0.295964338504446
S327P,0.330199230021617
S327Q,0.447102131500145
S327R,0.343236931338484
S327T,0.182701607647141
S327V,0.340962013039375
S327W,0.610906260175318
S327Y,0.298027338066305
G328A,0.240136322851806
G328C,0.133268907051358
G328D,0.117444444450325
G328E,0.108900933213992
G328F,0.0999683431146879
G328H,0.0548763794561918
G328I,0.108900160738451
G328K,0.325171419028378
G328L,0.198820581284204
G328M,0.068050567019497
G328N,0.115308276428494
G328P,0.147349307193085
G328Q,0.0319554216403494
G328R,0.37295049864619
G328S,0.230308633310209
G328T,0.0166207982077499
G328V,0.0631015082790719
G328W,0.314239341609197
G328Y,0.0675739714659077
T329A,0.240373796512534
T329C,0.626870013182668
T329D,0.101247899453841
T329E,0.186900076086767
T329F,0.642930461870053
T329G,0.0539863392903731
T329H,0.345613744132805
T329I,0.461822332168515
T329K,0.125835329709283
T329L,0.317324754105275
T329M,0.199587501908711
T329N,0.181655437903687
T329P,0.160213315751563
T329Q,0.125746846545907
T329R,0.182385261249907
T329S,0.241099427088435
T329V,0.399224681041532
T329W,0.451515715641674
T329Y,0.596208475863238
W330A,0.00810618645336115
W330C,0.239975996360353
W330D,0.460801816371815
W330E,0.06492652686429
W330F,0.364366363005283
W330G,0.11526384143985
W330H,0.264312885065191
W330I,0.24762370297873
W330K,0.185621378133747
W330L,0.203155316751485
W330M,0.365813836196217
W330N,0.130317948717503
W330P,0.131042916151318
W330Q,0.0428329838011755
W330R,0.138621429505702
W330S,0.0185114624166015
W330T,0.0321504378124954
W330V,0.269344205320688
W330Y,0.25935780924963
L331A,0.197457232081838
L331C,0.295938638964932
L331D,0.252144585591258
L331E,0.199952301719932
L331F,0.171214744941487
L331G,0
L331H,0.055559751669754
L331I,0.303580233792884
L331K,0.317043916443705
L331M,0.223993822823894
L331N,0.146970583883984
L331P,0.149606957456513
L331Q,0.222925459209299
L331R,0.0518804508895964
L331S,0.497192330151725
L331T,0.141533811977699
L331V,0.234354884129668
L331W,0.0455065374520503
L331Y,0.210592664375522
T332A,0.0390151842409101
T332C,0.321712654038236
T332D,0.815328148302035
T332E,0.0689148762083705
T332F,0.057642884574017
T332G,0.116679005815362
T332H,0.235892505121799
T332I,0.240349024970209
T332K,0.375284817794923
T332L,0.127435532085237
T332M,0.207136291934719
T332N,0.285540340726708
T332P,0.322019785187962
T332Q,0.0827853047119678
T332R,0.299874769042274
T332S,0.31425095465009
T332V,0.201781198739858
T332W,0.0249632996323472
T332Y,0.133126711519462
Y333A,0.57202110827645
Y333C,0.401760968396913
Y333D,0.162659045422856
Y333E,0.156474402661756
Y333F,0.0425916123092059
Y333G,0.171335872312563
Y333H,0.0545468541303636
Y333I,0
Y333K,0.0578281973964639
Y333L,0.318221174105562
Y333M,0.11338724830562
Y333N,0.074945303074702
Y333P,0.0151461940776131
Y333Q,0.167498564411645
Y333R,0.124912408915983
Y333S,0.0508615530878496
Y333T,0.221704150908956
Y333V,0.0721095002092049
Y333W,0.384531201519347
T334A,0.250692471547993
T334C,0.389305102342033
T334D,0.22758625892868
T334E,0.182917733227901
T334F,0.0967255014137833
T334G,0.181419597288993
T334H,0.300812067459338
T334I,0.259792928424861
T334K,0.438477107241638
T334L,0.596655388792593
T334M,0.352777281618384
T334N,0.256088603077026
T334P,0.180132218237173
T334Q,0.530190429730368
T334R,0.238067581004208
T334S,0.277631514561829
T334V,0.486689835501379
T334W,0.430660819314507
T334Y,1
G335A,0.288003610696276
G335C,0.216975643765733
G335D,0.216016558893907
G335E,0.285362446069824
G335F,0.425202181146077
G335H,0.146004378985526
G335I,0.107717885890339
G335K,0.140236826431994
G335L,0.521657162492554
G335M,0.313042888560764
G335N,0.0906817315020429
G335P,0.210900281848454
G335Q,0.142463881838122
G335R,0.052530322282117
G335S,0.209951295539297
G335T,0.0633962280610855
G335V,0.242159548320808
G335W,0.416131201281627
G335Y,0.0640939611183171
A336C,0.484567356661774
A336D,0.0690629129084227
A336E,0.218545410265375
A336F,0.677426859700792
A336G,0.44808026378243
A336H,0.413913308402729
A336I,0.225525393184785
A336K,0.317514814134248
A336L,0.195956886540211
A336M,0.389584463274276
A336N,0.298388460991981
A336P,0.142714774778024
A336Q,0.209157582120886
A336R,0.342582751926626
A336S,0.210919134140499
A336T,0.159917458032953
A336V,0.322591301075197
A336W,0.62902197445436
A336Y,0.235428080525681
I337A,0.505099800752747
I337C,0.229975637325738
I337D,0.241514838890972
I337E,0.106584013407283
I337F,0.225589372019731
I337G,0.213248354593288
I337H,0.0849342080116963
I337K,0.491567145469941
I337L,0.243457192430787
I337M,0.155153557790154
I337N,0.53865268994397
I337P,0.014526531980831
I337Q,0.208632536882342
I337R,0.0437349787803269
I337S,0.201829301984005
I337T,0.0737891283700355
I337V,0.147246902572083
I337W,0.370012209302926
I337Y,0.201486904938532
K338A,0.164222802373651
K338C,0.20143911944288
K338D,0.0654144748899038
K338E,0.161972800793655
K338F,0.0685810185169219
K338G,0.01947521966286
K338H,0.282359909255494
K338I,0.177197042613983
K338L,0.240914843091935
K338M,0.261874149807625
K338N,0.191082130423336
K338P,0.448321437656522
K338Q,0.276441419503867
K338R,0.265572044440898
K338S,0.337038697654953
K338T,0.0488680362591524
K338V,0.15249362015765
K338W,0.176523792371933
K338Y,0.322445257540556
L339A,0.0581527633774325
L339C,0.106559006322603
L339D,0.11429955743343
L339E,0.0888484945226095
L339F,0.351358167369842
L339G,0.357351838482852
L339H,0.0453548993222482
L339I,0.392762969419063
L339K,0.207012114639765
L339M,0.422466396739203
L339N,0.110494231968057
L339P,0.105929087205638
L339Q,0.205015915436808
L339R,0.0894321911182713
L339S,0.0465825540022807
L339T,0.088442053678384
L339V,0.326002435365832
L339W,0.231309986543466
L339Y,0.0513196537364014
D340A,0.0138729646273705
D340C,0.414975749398971
D340E,0.0718786948763651
D340F,0.0623629865680913
D340G,0.751147781872905
D340H,0.0969744125538049
D340I,0.0635897712893271
D340K,0.121737005877408
D340L,0.0436207380236426
D340M,0.240489120515119
D340N,0.431796024026906
D340P,0.12438659137998
D340Q,0.0971913260708111
D340R,0.0447191835287711
D340S,0.119196362389107
D340T,0.101702621810575
D340V,0
D340W,0.0889451862296313
D340Y,0.0658389688025012
D341A,0.479671428979459
D341C,0.381596120436713
D341E,0.387749515654009
D341F,0.137861440480211
D341G,0.393634185970142
D341H,0.306145570425175
D341I,0.133759511116514
D341K,0.604377025358454
D341L,0.0292659681360586
D341M,0.283082772242741
D341N,0.542297289383469
D341Q,0.479840899636351
D341R,0.602154756073954
D341S,0.288539479573737
D341T,0.560216312166688
D341V,0.337273379625426
D341W,0.042033263979764
D341Y,0.355717185203209
K342A,0.1173622598294
K342C,0.376270821820644
K342D,0.266445367569564
K342E,0.158955756748334
K342F,0.143735980029615
K342G,0.259600226057212
K342H,0.25909251544138
K342I,0.0182089128437424
K342L,0.222173500059633
K342M,0.539693992421576
K342N,0.204000961381953
K342P,0.215791718849468
K342Q,0.196705591555698
K342R,0.486786655259777
K342S,0.30852411286133
K342T,0.229105271240558
K342V,0.0334171523953915
K342W,0.0652073848695403
K342Y,0.197274138094245
D343A,0.21055203746348
D343C,0.565917832855399
D343E,0.204035744121597
D343F,0.0249451946272365
D343G,0.230582552937015
D343H,0.497917582188015
D343I,0.180285724805937
D343K,0.16792762435639
D343L,0.122746006798167
D343M,0.40878633064691
D343N,0.363833045182724
D343P,0.140515656275687
D343Q,0.187309353889485
D343R,0.379152261898833
D343S,0.433439522198677
D343T,0.216837072823346
D343V,0.0169302865588014
D343W,0.273263268416545
D343Y,0.186885177205833
P344A,0.24828210657049
P344C,0.518812799583458
P344D,0.240892074387081
P344E,0.346085026022632
P344F,0.286202463255929
P344G,0.181238392233748
P344H,0.124996569740891
P344I,0.15106795216287
P344K,0.32519390171619
P344L,0.110592360010146
P344M,0.0814761850167713
P344N,0.21924349342066
P344Q,0.292726256883303
P344R,0.504393678154309
P344S,0.318383642802125
P344T,0.243929978261658
P344V,0.27532843773716
P344W,0
P344Y,0.0524017538891214
N345A,0.405529503822628
N345C,0.379478047588446
N345D,0.180654983014332
N345E,0.292513108224328
N345F,0.204530168456908
N345G,0.337680433965017
N345H,0.306243494419083
N345I,0.106348951470597
N345K,0.459891047050846
N345L,0.139565278765749
N345M,0.198164826504445
N345P,0.133784123057863
N345Q,0.164499994216111
N345R,0.503724762344444
N345S,0.343320255121282
N345T,0.424794970299533
N345V,0.177105103406084
N345W,0.188114889309584
N345Y,0.318024682605254
F346A,0.0604765167955068
F346C,0.087013463856684
F346D,0.22535295668039
F346E,0.156474402661756
F346G,0.127464230164004
F346H,0.285641556909519
F346I,0.115512611342366
F346K,0.0460303227930546
F346L,0.140938849672093
F346M,0.201710824318608
F346N,0.130191634415096
F346P,0.0374177919408548
F346Q,0.207912884975708
F346R,0.109076759870206
F346S,0.0476346102722868
F346T,0.199989305706841
F346V,0.1075802417865
F346W,0.107784560982946
F346Y,0.66907190150648
K347A,0.194954079875065
K347C,0.104002886395018
K347D,0.232553514123559
K347E,0.230585316641906
K347F,0.105909090351374
K347G,0.153291081330813
K347H,0.251835605261151
K347I,0.301361039811022
K347L,0.202263034478769
K347M,0.47600982798296
K347N,0.244104101468629
K347P,0.279630193843584
K347Q,0.221772267777289
K347R,0.411637361389754
K347S,0.285977460132231
K347T,0.129847406814252
K347V,0.390253256419755
K347W,0.489411867928825
K347Y,0.12630223174274
D348A,0.434704375402578
D348C,0.300545062328815
D348E,0.413899429210418
D348F,1
D348G,0.456732165799041
D348H,0.96527167658145
D348I,0.167014700043248
D348K,0.773935194124843
D348L,0.392916324114709
D348M,0.600467361627197
D348N,0.212691162444919
D348P,0.146797276914257
D348Q,0.86056301276964
D348R,1
D348S,0.387400840958582
D348T,0.406122252469834
D348V,0.211188266518781
D348W,1
D348Y,0.279217215457224
Q349A,0.279766372321132
Q349C,0.421763301382628
Q349D,0.119760752402897
Q349E,0.220684802913014
Q349F,0.174689802039993
Q349G,0.237683424852507
Q349H,0.207322712638313
Q349I,0.165922943448455
Q349K,0.361427087231779
Q349L,0.416065586818128
Q349M,0.483539006653593
Q349N,0.131785674435444
Q349P,0
Q349R,0.447824762105093
Q349S,0.327826145742998
Q349T,0.265635282191991
Q349V,0.214308763788194
Q349W,0.48285351772459
Q349Y,0.0906429601550258
V350A,0.0748674578820093
V350C,0.295403055684471
V350D,0.112138077375011
V350E,0.0271455533668916
V350F,0.504805055732822
V350G,0.176051054320782
V350H,0.191503990587714
V350I,0.42583730040474
V350K,0.620868970367849
V350L,0.305079360801088
V350M,0.335322992492128
V350N,0.0590393553453863
V350P,0.124256818614684
V350Q,0.296584446922949
V350R,0.183587084774711
V350S,0.276089925784291
V350T,0.401639296056753
V350W,0.37123222794309
V350Y,0.253538020969842
I351A,0.206858556903702
I351C,0.50777809920784
I351D,0.158994242880367
I351E,0.194626683944608
I351F,0.37702340213866
I351G,0.173319284162231
I351H,0.351188146323012
I351K,0.572715256872222
I351L,0.304775819609695
I351M,0.0589638789693127
I351N,0.216154611678907
I351P,0
I351Q,0.633891045523851
I351R,0.425596517654981
I351S,0.292582523792656
I351T,0.426130853420975
I351V,0.509515993637906
I351W,0.581510518064564
I351Y,0.263947078335114
L352A,0
L352C,0.0215091419191485
L352D,0.222925373072508
L352E,0.208067494304205
L352F,0.0351915987451263
L352G,0.185608845591767
L352H,0.0895759261614402
L352I,0.223340400676593
L352K,0.041517709869625
L352M,0.384382771756053
L352N,0.505613131537433
L352P,0.522986988912021
L352Q,0.331785533652766
L352R,0.830257868599299
L352S,0.239363429964696
L352T,0.0600978801016385
L352V,0.128286218350454
L352W,0.14255765906502
L352Y,0.119056610720902
L353A,0.0578274966358665
L353C,0
L353D,0.0161897257980641
L353E,0.128127590585351
L353F,0.176731373125452
L353G,0.547226904433664
L353H,0.0435053797154181
L353I,0.232627763047772
L353K,0.131709452008207
L353M,0.340675730145122
L353N,0.390409513979883
L353P,0.0855250986062223
L353Q,0.153814355160636
L353R,0.216826844507524
L353S,0.325922467696549
L353T,0
L353V,0.0954943054763781
L353W,0.0623362322735472
L353Y,0.0170080872458431
N354A,0.404794986911955
N354C,0.305973370445998
N354D,0.229683198038197
N354E,0.222376466745647
N354F,0.373458496682095
N354G,0.122788662415165
N354H,0.239814949944715
N354I,0.558027408734481
N354K,0.313361829738441
N354L,0.534502656089124
N354M,0.269711178265615
N354P,0.723410644189859
N354Q,0.227266807313781
N354R,0.296228602826484
N354S,0.301848284577223
N354T,0.248595758599417
N354V,0.293339540501473
N354W,0.934120760071647
N354Y,0.386884892144256
K355A,0.121219057374397
K355C,0.013495107111078
K355D,0.0413929182394939
K355E,0.00522804148300202
K355F,0.110979632424519
K355G,0.107821121133519
K355H,0.386344388530856
K355I,0.0363876388341909
K355L,0.0759404907971023
K355M,0.115947760726668
K355N,0.219023465876741
K355P,0.520802175124353
K355Q,0.100109594530582
K355R,0.324122981218812
K355S,0.130681152489266
K355T,0.137965360868408
K355V,0.0284259706319083
K355W,0.0334853555649613
K355Y,0.104031516837948
H356A,0
H356C,0.11755784671087
H356D,0.261789548967311
H356E,0.280488229851873
H356F,0.0430871543561358
H356G,0.114112705096082
H356I,0.0808936438030585
H356K,0.0287971747803876
H356L,0.0664143732847993
H356M,0.0449614734661881
H356N,0.0405133101223419
H356P,0.102304535977354
H356Q,0.100132274024456
H356R,0.478494187849718
H356S,0.256255181170702
H356T,0.0454187495183231
H356V,0.230722796788447
H356W,0.0237150413452042
H356Y,0.164456044830168
I357A,0.0952452885767212
I357C,0.0293636108171246
I357D,0
I357E,0.239252823972092
I357F,0.117922738237845
I357G,0.129261463068407
I357H,0.0011338724830562
I357K,0.301846029351757
I357L,0.216967683903578
I357M,0.138011114578991
I357N,0
I357P,0.208121997833867
I357Q,0.137198570449801
I357R,0.182211929183943
I357S,0.312948805323513
I357T,0.421800563696908
I357V,0.0806246532996042
I357W,0.049890389254473
I357Y,0.115654993271733
D358A,0.095726332617698
D358C,0.342429489882974
D358E,0.128891179256516
D358F,0.0277088357664325
D358G,0.185955087221218
D358H,0.0487565167714168
D358I,0.0798152117753428
D358K,0.0832780164036541
D358L,0.36177686603283
D358M,0.107717885890339
D358N,0.22667163086175
D358P,0.0755695954131139
D358Q,0.240380966407915
D358R,0.188892615087516
D358S,0.0850404362292154
D358T,0.404424132765022
D358V,0.24933603535296
D358W,0.370776301959379
D358Y,0.0575195633087485
A359C,0.0672049020069565
A359D,0.193300876713668
A359E,0.357451353337964
A359F,0.0497454312291498
A359G,0.0494317001838869
A359H,0
A359I,0.361705322094929
A359K,0.170502651150973
A359L,0.219430112287899
A359M,0.242754687388955
A359N,0.0641719665617332
A359P,0.715110800975098
A359Q,0.442533678942575
A359R,0.38427461594994
A359S,0.0626611822245823
A359T,0.130489070758854
A359V,0.308694417626654
A359W,0.196635304842633
A359Y,0
Y360A,0.526576588596466
Y360C,0.0854551309803199
Y360D,0.274397140899602
Y360E,0.14626955031425
Y360F,0.175471859025897
Y360G,0.332224637535468
Y360H,0.0286640386067978
Y360I,0.055559751669754
Y360K,0.102545784208029
Y360L,0.0607255347233246
Y360M,0.0873081811953278
Y360N,0.0494838162347277
Y360P,0.361834806820784
Y360Q,0.0192758322119555
Y360R,0.0280729901193964
Y360S,0.169681654146705
Y360T,0.354480998161657
Y360V,0.011338724830562
Y360W,0.279062391297058
K361A,0.11542408083666
K361C,0.16803545432626
K361D,0.172384073779191
K361E,0.107408764757962
K361F,0.0612947754152988
K361G,0.0975130335428336
K361H,0.0317484295255737
K361I,0.185011968011529
K361L,0.388296370384257
K361M,0.0966615724922469
K361N,0.122593573565369
K361P,0.171756214455838
K361Q,0.371049637258239
K361R,0.341966490927006
K361S,0.129261463068407
K361T,0.102399445458583
K361V,0.279572838763367
K361W,0.338492384538322
K361Y,0.00397226110191817
T362A,0.358310943912931
T362C,0.191986745538139
T362D,0.0907097986444964
T362E,0.205307815317575
T362F,0.176884107356768
T362G,0.243307797416714
T362H,0.387464035522786
T362I,0.101218086301389
T362K,0.867214272100689
T362L,0.210090541788647
T362M,0.405725470521061
T362N,0.327705641343683
T362P,0.0248810114973094
T362Q,0.345550275531447
T362R,0.418181794761835
T362S,0.367650447721124
T362V,0.150303589260671
T362W,0.421298131696887
T362Y,0.319412681743453
F363A,0.0707982850444938
F363C,0.175942061326333
F363D,0.140504150033741
F363E,0.249539795245146
F363G,0.0781959755342844
F363H,0.26396694419894
F363I,0.114104465135508
F363K,0.281089057400757
F363L,0.311824625966192
F363M,0.341925942795669
F363N,0.250833548239926
F363P,0.22717296423332
F363Q,0.110114624363011
F363R,0.114303668910902
F363S,0.160663133219436
F363T,0.114649102656229
F363V,0.512312621090587
F363W,0.341902141259452
F363Y,0.309471936424854
P364A,0.125690919491113
P364C,0.308535166725265
P364D,0.213168026814567
P364E,0.162617519087056
P364F,0.256582644477193
P364G,0.517237174469678
P364H,0.371008421820596
P364I,0.354949787815384
P364K,0.253647833518271
P364L,0.597280480952176
P364M,0.271685160025127
P364N,0.344729377347308
P364Q,0.275458484537745
P364R,0.271874786061872
P364S,0.251563860251707
P364T,0.316786562788225
P364V,0.384752178575663
P364W,0.215749685976622
P364Y,0.492988090295995
P365A,0.255488126748593
P365C,1
P365D,0.209761959290817
P365E,0.0401761508606395
P365F,0.324995068934715
P365G,0.448057307448266
P365H,0.221361756086483
P365I,0.41694801554396
P365K,0.477452719618907
P365L,0.149602658406012
P365M,0.269141066452971
P365N,0.234287359474059
P365Q,0.230749378593537
P365R,0.34640069747486
P365S,0.275116146709451
P365T,0.281178780256611
P365V,0.375233273878993
P365W,0.281200375797939
P365Y,0.132638419120928
T366A,0.143235172161833
T366C,0.446867035085487
T366D,0.0701113639143367
T366E,0.117229504033879
T366F,0.124880674442867
T366G,0.293707283884682
T366H,0.256663400008137
T366I,0.389705083834471
T366K,0.422745300191878
T366L,0.163344728694764
T366M,0.23561296029042
T366N,0.367392608475764
T366P,0.315923840793372
T366Q,0.307527739396542
T366R,0.495989579002335
T366S,0.290828570118522
T366V,0.183888371326904
T366W,0.674747595285288
T366Y,0.237891372994761
E367A,0.488613927397353
E367C,0.490281715230551
E367D,0.337106017615635
E367F,0.458137493683174
E367G,0.685994427508378
E367I,0.469618342074966
E367K,0.646339108584654
E367L,0
E367M,0.454606049954553
E367N,0.379594846002601
E367R,0.405611203719484
E367S,0.572071357207364
E367T,0.18017942426065
E367V,0.530417880603058
E367W,0.433687632804025
E367Y,0.696710505501336
P368A,0.214709799430479
P368C,0.369052833381913
P368D,0.0362839194577986
P368E,0.00226774496611241
P368F,0.358290075402164
P368G,0.281696270139666
P368H,0.26171140670305
P368I,0.0158742147627869
P368K,0.494955591787079
P368L,0.0918436711275526
P368M,0.451982636828663
P368N,0.50651597055106
P368Q,0.518570862357023
P368R,0.3396455581897
P368S,0.290271355662388
P368T,0.632943717204517
P368V,0.183889660854849
P368W,0.14626955031425
P368Y,0.137198570449801
K369A,0.0521581342205854
K369C,0.161986795988795
K369D,0.125786679831255
K369E,0.249621131110018
K369F,0.119944499384401
K369G,0.110987797155734
K369H,0.115654993271733
K369I,0.0879306242925605
K369L,0.206057772595325
K369M,0.168058302371814
K369N,0.0375093721346444
K369P,0
K369Q,0.276880553503311
K369R,0.487553978048749
K369S,0.238682693321247
K369T,0.0845173888280983
K369V,0.275706265266266
K369W,0.099780778508946
K369Y,0.0213253252352472
K370A,0.160646568048108
K370C,0.332939772158814
K370D,0.0491596845202962
K370E,0.0718661526108652
K370F,0.1648593779643
K370G,0.343949568377065
K370H,0.0874535879396988
K370I,0.0588282903388081
K370L,0.0903363895255375
K370M,0.084385373781578
K370N,0.190138580741866
K370P,0.0961993720158588
K370Q,0.156277351629391
K370R,0.375382569353528
K370S,0.170162535470212
K370T,0.180636683459532
K370V,0.100761436112345
K370W,0.153963394199478
K370Y,0.0913143253782358
D371A,1
D371C,0.679053417026974
D371E,0.254889191248985
D371F,0.475649180375423
D371G,0.418603711566779
D371H,0.543920239839705
D371I,0.37291686735074
D371K,0.829878086409902
D371L,0.724202589758193
D371M,0.360176427284624
D371N,0.454613033959363
D371P,0.237221606679609
D371Q,0.403768558048808
D371R,1
D371S,0.589920284018662
D371T,0.624882502763584
D371V,0.717591333659987
D371W,0.36737468451021
D371Y,0.534735480522805
K372A,0.11938488356681
K372C,0.221972078205896
K372D,0.173482489907599
K372E,0.205607761098239
K372F,0.267423266496557
K372G,0.204375977105695
K372H,0.0730182241688037
K372I,0.0796962938950254
K372L,0.0885434419310386
K372M,0.219676804460985
K372N,0.0714339664325409
K372P,0.187548037560911
K372Q,0.399212402229933
K372R,0.375653301723277
K372S,0.204959064310957
K372T,0.15928297712617
K372V,0.0973976060347108
K372W,0.244206368130463
K372Y,0.12177217813289
K373A,0.328908106295928
K373C,0.410653369178108
K373D,0.0614408324459338
K373E,0.482958647586167
K373F,0.19636642897574
K373G,0.289490992567966
K373H,0.2957629493681
K373I,0.0662166461521869
K373L,0.415867576998873
K373M,0.169135024674658
K373N,0.148380769177637
K373P,0.361365467065197
K373Q,0.323486064107414
K373R,0.196795324107932
K373S,0.0895759261614402
K373T,0.220772448659355
K373V,0.196726537737314
K373W,0.0680323489833723
K373Y,0.200041661786471
K374A,0.268409314601606
K374C,0.409190367361561
K374D,0.156214377050093
K374E,0.0753341108374507
K374F,0.548368310770661
K374G,0.0674313382967216
K374H,0.193120457874392
K374I,0.232531246352195
K374L,0.277313839861809
K374M,0.162478067833775
K374N,0.142365709888883
K374P,0.216071018734551
K374Q,0.163309466344549
K374R,0.332189929045595
K374S,0.489391636733469
K374T,0.232332340094663
K374V,0.259396300235897
K374W,0.168322586557044
K374Y,0.0340161744916862
K375A,0.381510830486765
K375C,0.429737671078302
K375D,0.0378399898953275
K375E,0.130568189506332
K375F,0.113143330167388
K375G,0.163853347718026
K375H,0.447963773143878
K375I,0.162379780439907
K375L,0.129347034933805
K375M,0.25920358960913
K375N,0.553988614347971
K375P,0.136326737475533
K375Q,0.44875907336723
K375R,0.0600952416019789
K375S,0.409905754417019
K375T,0.164968355797074
K375V,0.159709767250962
K375W,0.132202360678423
K375Y,0.281760458104226
A376C,0.413394187685937
A376D,0.264560166289887
A376E,0.179665664014825
A376F,0.361223102984722
A376G,0.324071660067253
A376H,0.37134057699115
A376I,0.255662689557022
A376K,0.558477737846839
A376L,0.5099711496759
A376M,0.356693824675288
A376N,0.222226864992423
A376P,0.329574086404885
A376Q,0.267655602513167
A376R,0.575174157289562
A376S,0.269357628458679
A376T,0.300128961744348
A376V,0.413879182151292
A376W,0.354026983384399
A376Y,0.608365417732495
D377A,0.59417754830881
D377C,0.466403432395609
D377E,0.207361877930811
D377F,0.450587025597783
D377G,0.636306943720505
D377H,0.666992224237802
D377I,0.437451190809411
D377K,0.714639703431505
D377L,0.40774703450799
D377M,0.332230372820702
D377N,0
D377P,0.469006214728079
D377Q,0.312561777309145
D377R,0.364373070286835
D377S,0.394873343866072
D377T,0.370503472501523
D377V,0.38162628191159
D377W,0.522973329412165
D377Y,0.538829814551477
E378A,0.153669396004054
E378C,0.785243873299882
E378D,0.285549421033641
E378F,0.457730891056817
E378G,0.325176944896203
E378H,0.472102696802563
E378I,0.138332442932857
E378K,0.390441569938006
E378L,0.356701520542429
E378M,0.294631325418056
E378N,0.351738880783404
E378P,0.395442531764901
E378Q,0.294445382241086
E378R,0.922085628413013
E378S,0.56683974241394
E378T,0
E378V,0.300190199847269
E378W,0.455816738188594
E378Y,0.368755285208133
T379A,0.190595948684083
T379C,0.374880537261798
T379D,0.208774682899538
T379E,0.269903068322691
T379F,0.302829002294486
T379G,0.116761418809838
T379H,0.309987735570263
T379I,0.74182054792111
T379K,0.431060926948209
T379L,0.212777419495544
T379M,0.511504301586458
T379N,0.435897630718032
T379P,0.1537964243179
T379Q,0.510779181576115
T379R,0.411883484281816
T379S,0.783625488254091
T379V,0.827478811639384
T379W,0.186249758469354
T379Y,0.304648563660363
Q380A,0.310656579881181
Q380C,0.242179119236441
Q380D,0.177676571845068
Q380E,0.237069636227648
Q380F,0.306610153494218
Q380G,0.347638614244622
Q380H,0.408609773888973
Q380I,0.0440986900465354
Q380K,0.405202274555447
Q380L,0.254669857501189
Q380M,0.241506297721158
Q380N,0.383214138736748
Q380P,1
Q380R,0.430795237919946
Q380S,0.175279386283882
Q380T,0.0288585737201219
Q380V,0.247405375010892
Q380W,0.418740886930404
Q380Y,0.32647729167407
A381C,0.49053451034009
A381D,0.383810143244193
A381E,0.305011697942119
A381F,0.102973643037963
A381G,0.331358182900577
A381H,0.402962103309156
A381I,0.316271240228734
A381K,0.141144973094032
A381L,0.2240456636986
A381M,0.287056192538155
A381N,0.550632757542508
A381P,0.254046766741494
A381Q,0.349693806409545
A381R,0.358590511302249
A381S,0.201894401610175
A381T,0.327640868218763
A381V,0.500564632091342
A381W,0.463610459025623
A381Y,0.412259685185547
L382A,0.478602399200423
L382C,0.406068508017727
L382D,0.080257373020721
L382E,0.145836326077622
L382F,0.327284947756743
L382G,0.505856614145164
L382H,0.450512464032566
L382I,0.47588886054586
L382K,0.511376489858348
L382M,0.203872483728716
L382N,0.386646289968988
L382P,0.335083635171597
L382Q,0.464588799900029
L382R,0.27706441994071
L382S,0.204044661852322
L382T,0.241514838890972
L382V,0.249502652176174
L382W,0.529733835393884
L382Y,0.399179945937069
P383A,0.113480277388889
P383C,0.231309986543466
P383D,0.358042215799084
P383E,0.0637124018481232
P383F,0.359162345709443
P383G,0.345891940195466
P383H,0.270794710696661
P383I,0.678431391423693
P383K,0.319150256068705
P383L,0.548794281799203
P383M,0.326477111941531
P383N,0.5252197660255
P383Q,0.721153894823479
P383R,0.312725977046924
P383S,0.163563854141615
P383T,0.141574517504158
P383V,0.47509257040055
P383W,0.358139831426915
P383Y,0.426064761263638
Q384A,0.137930391047154
Q384C,0.584838058840989
Q384D,0.338276027445575
Q384E,0.308763832005073
Q384F,0.157023378846693
Q384G,0.0737017113986533
Q384H,0.282459815659506
Q384I,0.259637975836046
Q384K,0.185302839188017
Q384L,0.0626262931561643
Q384M,0.168884386177574
Q384N,0.356376186359517
Q384P,0.393793743653345
Q384R,0.362114907985545
Q384S,0.357310938038885
Q384T,0.0997073106078021
Q384V,0.479816944658021
Q384W,0.428910247372239
Q384Y,0.247981779468072
R385A,0.351994167707072
R385C,0.350759644601802
R385D,0.257291957626518
R385E,0.740821888591113
R385F,0.253266213357556
R385G,0.0874114265702621
R385H,0.526372223378876
R385I,0.116874497780297
R385K,0.195168501376079
R385L,0.197551149958801
R385M,0.128286518869897
R385N,0.0912379942428534
R385P,0.138083608602819
R385Q,0.413663732044734
R385S,0.390489734327958
R385T,0.189350827314248
R385V,0.215984254830756
R385W,0.14289985984675
R385Y,0.0247938748923728
Q386A,0.352086651315188
Q386C,0.303608278155415
Q386D,0.155935969789433
Q386E,0.266030606755884
Q386F,0.265175922437558
Q386G,0.396605666504284
Q386H,0.575981421066553
Q386I,0.571580698122035
Q386K,0.3863184783122
Q386L,0.218406623018904
Q386M,0.409865829150995
Q386N,0.287064305310667
Q386P,0.406416290222318
Q386R,0.291462156726109
Q386S,0.272329042464557
Q386T,0.369241239488405
Q386V,0.278994187944522
Q386W,0.457950450238383
Q386Y,0.252961818927391
K387A,0.403803852138262
K387C,0.211497930928107
K387D,0.0178064705971392
K387E,0.27419031607548
K387F,0.291070797312823
K387G,0.633934619405654
K387H,0.281395147548705
K387I,0.203443529430434
K387L,0.290151131470693
K387M,0.367123314793777
K387N,0.235644975209983
K387P,0.12117974118134
K387Q,0.0873081811953278
K387R,0.239246828056095
K387S,0.0210917726040501
K387T,0.214766247076398
K387V,0.143309491561526
K387W,0.242483428383339
K387Y,0.228513245527615
K388A,0.119480028836952
K388C,0.2992431521531
K388D,0.286475916601868
K388E,0.0350440060179457
K388F,0.737202937722257
K388G,0.158965334946322
K388H,0.282056294128981
K388I,0.0605498307058821
K388L,0.0443390583204452
K388M,0.136976347082742
K388N,0.309549616335494
K388P,0.167679551071613
K388Q,0.0913935119910519
K388R,0.263889381401257
K388S,0.215826620001227
K388T,0.158305759881406
K388V,0.191442471087986
K388W,0.518313520876671
K388Y,0.133223191145144
Q389A,0.193792699630822
Q389C,0.668866540269853
Q389D,0.160828882294955
Q389E,0.0891907306151834
Q389F,0.254721473847142
Q389G,0.161669849688046
Q389H,0.47509086357189
Q389I,0.594723614180412
Q389K,0.411493690696497
Q389L,0.234419352352635
Q389M,0.341780370259755
Q389N,0.198427684534836
Q389P,0.20333491963672
Q389R,0.455379398158108
Q389S,0.177772686029274
Q389T,0.238597911024205
Q389V,0.213644738094326
Q389W,0.365197471169198
Q389Y,0.21309473326138
Q390A,0.427750328182643
Q390C,0.205252491318156
Q390D,0.228666993118535
Q390E,0.261362972854238
Q390F,0.166212367468719
Q390G,0.487058397224512
Q390H,0.501668796984183
Q390I,0.341107657723931
Q390K,0.264333253086831
Q390L,0.309919714992141
Q390M,0.098555077578227
Q390N,0.113685195845351
Q390P,0.434039443437285
Q390R,0.582490273304719
Q390S,0.187053774092466
Q390T,0.288074653809027
Q390V,0.634673828394578
Q390W,0.170450285809067
Q390Y,0.264674526467153
T391A,0.274485982470581
T391C,0.436774506773289
T391D,0.326582787603983
T391E,0.375232934460882
T391F,0.364099911241907
T391G,0.334835007379
T391H,0.5604946089207
T391I,0.344046718408591
T391K,0.36705875909156
T391L,0.357429320627314
T391M,0.486694957511862
T391N,0.229747462640144
T391P,0.161910845113127
T391Q,0.266478942631823
T391R,0.466339685878662
T391S,0.324578503992485
T391V,0.126467389051672
T391W,0.233692238293863
T391Y,0.259790769839752
V392A,0.33020408676328
V392C,0.211280743803116
V392D,0.62896319526593
V392E,0.27512114824814
V392F,0.0521581342205854
V392G,0.283124876295777
V392H,0.44608478550244
V392I,0.202645334225331
V392K,0.569442731473725
V392L,0.438988665733782
V392M,0.381325908866614
V392N,0.302082293906934
V392P,0.199061334411924
V392Q,0.765724164747054
V392R,0.38642110141119
V392S,0.510559761384965
V392T,0.068615299609756
V392W,0.087673328646217
V392Y,0.682536187323385
T393A,1
T393C,0.201829301984005
T393D,0.318734044440914
T393E,0.299137683834093
T393F,0.655202205178117
T393G,0.311597801870179
T393H,0.474587226034705
T393I,0.115442869976708
T393K,0.701389890279112
T393L,0.417265247804972
T393M,0.128127590585351
T393N,0.373380994402095
T393P,0.515687280848014
T393Q,0.399836901926146
T393R,0.664902149426897
T393S,0.528737271561841
T393V,0.188392165137043
T393W,0.221211282189909
T393Y,0.485309345475146
L394A,0.255042965420787
L394C,0.102155276454119
L394D,0.158656665447552
L394E,0.29769999238468
L394F,0.298483806368068
L394G,0.429754648335178
L394H,0.0215435771780679
L394I,0.120845883952085
L394K,0.515850173653397
L394M,0.302743952976007
L394N,0.501869867825559
L394P,0.223695549872321
L394Q,0.766339343367161
L394R,0.830855857101279
L394S,0.227585967932095
L394T,0.144607017199192
L394V,0.36221373028334
L394W,0.227908369094297
L394Y,0.407617568741288
L395A,0.213178012469608
L395C,0.205428635857868
L395D,0.340341665014857
L395E,0.171477862994292
L395F,0.275652138297808
L395G,0.151471619952006
L395H,0.199949577902291
L395I,0.175162962948838
L395K,0.514077314016542
L395M,0.308712089622168
L395N,0.223613650317972
L395P,0.279703890179219
L395Q,0.194928697900252
L395R,0.357050593578501
L395S,0.277672359671055
L395T,0.278966400977383
L395V,0.280187576009865
L395W,0.360582037227441
L395Y,0.403406563352737
P396A,0.251929151330436
P396C,0.324069052285388
P396D,0.219024129014267
P396E,0.258023754906647
P396F,0.129501450084513
P396G,0.537396432245012
P396H,0.365106939544098
P396I,0.190887343532708
P396K,0.506545327738104
P396L,0.105147558424393
P396M,0.086586789485472
P396N,0.434749652686739
P396Q,0.890509072559932
P396R,0.196485137076059
P396S,0.481422923483594
P396T,0.156478728067382
P396V,0.120581731118812
P396W,0.135837936946956
P396Y,0.191828009261371
A397C,0.188224570213951
A397D,0.224962634873656
A397E,0.170680524178337
A397F,0.187781156660377
A397G,0.274522327996076
A397H,0.326953672869206
A397I,0.246649513447769
A397K,0.481262469529333
A397L,0.31566075708548
A397M,0.0968986187638303
A397N,0.279773015633414
A397P,0.414320717218656
A397Q,0.370972919348376
A397R,0.45414279143763
A397S,0
A397T,0.24468752633764
A397V,0.423818458625925
A397W,0.49263159446993
A397Y,0.263267762229475
A398C,0.120680959478108
A398D,0.317622767385468
A398E,0.423920123829039
A398F,0.233866048330855
A398G,0.348627642952714
A398H,0.379172173816275
A398I,0.136287105514061
A398K,0.38003733845683
A398L,0.0887498900165757
A398M,0.293672973111557
A398N,0.408267142931083
A398P,0.250692760639336
A398Q,0.380958275620611
A398R,0.244884812448471
A398S,0.34356336236603
A398T,0.152744501132816
A398V,0.556269943845049
A398W,0.125969907413715
A398Y,0.292594809698207
D399A,0.302866399858778
D399C,0.0223295594477122
D399E,0.314856135675562
D399F,0.312948805323513
D399G,0.229526005974161
D399H,0.423834293082811
D399I,0.230881139145586
D399K,0.471845022035508
D399L,0.129817888354647
D399M,0.175750234873712
D399N,0.345189024521317
D399P,0.492333906060672
D399Q,0.467677049964653
D399R,0.49181798698256
D399S,0.310687990802801
D399T,0.06356577942209
D399V,0.157554565023955
D399W,0.326906434420188
D399Y,0.266588588151677
L400A,0.202018041546596
L400C,0.199991944129952
L400D,0.282573655838682
L400E,0.36243545445471
L400F,0.179559166321471
L400G,0.183881734859236
L400H,0.695920752005605
L400I,0.358487414510791
L400K,0.503673585933799
L400M,0.488897576490235
L400N,0.226198152362418
L400P,0.141883251015104
L400Q,0.525528440963336
L400R,0.360226409552346
L400S,0.211024091557453
L400T,0.331645586210611
L400V,0.212768289776791
L400W,0.25898899330235
L400Y,0.565498317739442
D401A,0.601257139326389
D401C,0.0393167995044773
D401E,0.103182395958115
D401F,0.412456427668437
D401G,0.164967620558591
D401H,0.436730839698959
D401I,0.133796953000632
D401K,0.370729422647949
D401L,0.59489126003957
D401M,0.225640258938186
D401N,0.360306148938894
D401P,0.0487565167714168
D401Q,0.275920573637187
D401R,0.42825446154154
D401S,0.359096881174241
D401T,0.234108286333059
D401V,0.215647757652782
D401W,0.332075716834231
D401Y,0.2516613948193
D402A,0.223757064952922
D402C,0.250919664167436
D402E,0.212295806115401
D402F,0.574703453008079
D402G,0.253622776175329
D402H,0.484726184220476
D402I,0.177128723860524
D402K,0.338001187658632
D402L,0.266742260340228
D402M,0.166130777718141
D402N,0.184821214738161
D402P,0.250647979128228
D402Q,0.39143703513298
D402R,0.53544701518384
D402S,0.432831541322387
D402T,0.304884693387207
D402V,0.558473314077353
D402W,0.181797141946736
D402Y,0.193131131652029
F403A,0.353319263958771
F403C,0.297393624058278
F403D,0.245413213292879
F403E,0.561397139463554
F403G,0.185651599559007
F403H,0.105440027814151
F403I,0.177720285572634
F403K,0.557425582732326
F403L,0.198497837154512
F403M,0.417445220110295
F403N,0.307265861929148
F403P,0.415203685739886
F403Q,0.345320333302028
F403R,0.446682383187694
F403S,0.552029181230685
F403T,0.288210730205217
F403V,0.47517604326371
F403W,0.283524429813249
F403Y,0.340555551118307
S404A,0.220434753208461
S404C,0
S404D,0.363755575142044
S404E,0.317373790334305
S404F,0.43628125707619
S404G,0.401158837918304
S404H,0.349927503111409
S404I,0.522980029419287
S404K,0.646932498189764
S404L,0.372156249831643
S404M,0.189140318627823
S404N,0.431221892626954
S404P,0.146393885607165
S404Q,0.623660100461984
S404R,0.578110913234679
S404T,0.114677772556867
S404V,0.1299692498187
S404W,0.414414004385419
S404Y,0.388306656088893
K405A,0.221622716067514
K405C,0.0646142513387461
K405D,0.345224155470722
K405E,0.261210957332235
K405F,0.16953725564161
K405G,0.193190929281879
K405H,0.563158223452525
K405I,0.157356433880399
K405L,0.181970928725496
K405M,0.163096382464682
K405N,0.215109240720244
K405P,0.111489979926564
K405Q,0.231706990879326
K405R,0.180525149129204
K405S,0.152596187042663
K405T,0.0305827660238035
K405V,0.304346654619449
K405W,0.275629378626092
K405Y,0.383773342662262
Q406A,0.348098852298255
Q406C,0.0428000431801921
Q406D,0.251678106416423
Q406E,0.182986216415295
Q406F,0.13963967060421
Q406G,0.442552374152103
Q406H,0.264079132545884
Q406I,0.60424294486234
Q406K,0.972847894443765
Q406L,0.520226112426035
Q406M,0.252853563721534
Q406N,0.391272306692135
Q406P,0.140057027057
Q406R,0.593441163776977
Q406S,0.237673330636621
Q406T,0.295467798012165
Q406V,0.547833024898724
Q406W,0.196168492129512
Q406Y,0.156866197531346
L407A,0.363850661669731
L407C,0.037011602009459
L407D,0.422453747751709
L407E,0.185666733440756
L407F,0.295439122909243
L407G,0.295526021458536
L407H,0.329467508315253
L407I,0.399169668830544
L407K,0.74051022931593
L407M,0.144736888319638
L407N,0.18085159476579
L407P,0.165068876317978
L407Q,0.290937330270694
L407R,0.35463460077156
L407S,0.33713584670935
L407T,0.00426654037863038
L407V,0.499947124760211
L407W,0.142512419809424
L407Y,0.125763945515536
Q408A,0.251277787135714
Q408C,0
Q408D,0.273263268416545
Q408E,0.166480020810577
Q408F,0.0664138053978964
Q408G,0.465621548114525
Q408H,0.178295072854105
Q408I,0.435088538223648
Q408K,0.274389802143186
Q408L,0.320184124116696
Q408M,0.0898767729028819
Q408N,0.102090985118838
Q408P,0.0301186590117584
Q408R,0.502625982669618
Q408S,0.309324082941125
Q408T,0.213738721267852
Q408V,0.319982931828365
Q408W,0.169462248513038
Q408Y,0.094111416093665
Q409A,0.0544258791866978
Q409C,0.0322845334040456
Q409D,0.134168553451841
Q409E,0.210256091347746
Q409F,0.176829091143971
Q409G,0.169490495110718
Q409H,0.498266522145773
Q409I,0.117354302958132
Q409K,0.551258996679652
Q409L,0.509747775444418
Q409M,0.325070702247909
Q409N,0.244614981708142
Q409P,0.17035332403628
Q409R,0.194189132570437
Q409S,0.213225373738991
Q409T,0.257525997160753
Q409V,0.515773527992642
Q409W,0.0987351523623431
Q409Y,0.21291498543701
S410A,0.379323001384757
S410C,0
S410D,0.322063353474111
S410E,0.258522926136815
S410F,0.14906535697857
S410G,0.483453059123833
S410H,0.630241455897783
S410I,0.198525020024921
S410K,0.358755657232422
S410L,0.329612581599505
S410M,0.547098141115073
S410N,0.307259877113986
S410P,0.240446021362975
S410Q,0.158276379916839
S410R,0.744615747755055
S410T,0.221840490173079
S410V,0.195719249325567
S410W,0.467295172307247
S410Y,0.155242376481781
M411A,0.374971073730912
M411C,0.117037168067473
M411D,0.227407930080277
M411E,0.305605149833429
M411F,0.50776526253946
M411G,0.427528483008881
M411H,0
M411I,0.152263911618992
M411K,0.533753261023359
M411L,0.368101161009523
M411N,0.252555105376851
M411P,0.2525232366979
M411Q,0.282139812333417
M411R,0.4007225053327
M411S,0.310903103643135
M411T,0.0659290986870082
M411V,0.312892634519916
M411W,0.383338699401814
M411Y,0.413133405589031
S412A,0.306178582508731
S412C,0.345486962467166
S412D,0.157778485635215
S412E,0.209063455901373
S412F,0.235521338083463
S412G,0.163510895147236
S412H,0.378625101532407
S412I,0.588283107196108
S412K,0.332165508262014
S412L,0.287276814981027
S412M,0.112145920844087
S412N,0.367792650527626
S412P,0.164445291001392
S412Q,0.260074373345559
S412R,0.574112868360099
S412T,0.521250213315119
S412V,0.230489133881935
S412W,0.403465763849668
S412Y,0.155919645330944
S413A,0.454721442790891
S413C,0.0140910077324788
S413D,0.203222181762663
S413E,0.0869180613883194
S413F,0.210642916535713
S413G,0.219234587238208
S413H,0.463459863516781
S413I,0.321072252762979
S413K,0.272564258007171
S413L,0.170345342598019
S413M,0.250704815735139
S413N,0.387262610902789
S413P,0.0981372824931618
S413Q,0.190256741199374
S413R,0.461481090572476
S413T,0.193857216122263
S413V,0.299618550260709
S413W,0.208323179425336
S413Y,0.0954081522788151
A414C,0.0302412038778573
A414D,0.246499974657755
A414E,0.190951407980801
A414F,0.341987334668555
A414G,0.343382269791688
A414H,0.423127374835
A414I,0.45910965140289
A414K,0.504721911552686
A414L,0.197436023032358
A414M,0.471197818812662
A414N,0.253046128623719
A414P,0.24034905337088
A414Q,0.101296377444514
A414R,0.666773797476456
A414S,0.35590274831596
A414T,0.245767878008585
A414V,0.435189735828674
A414W,0.16434936973086
A414Y,0.368479280976824
D415A,0.198548871834154
D415C,0.0419532818730796
D415E,0.213584858633041
D415F,0.445948214664909
D415G,0.2557907837473
D415H,0.230097526009125
D415I,0.214174069534259
D415K,0.637221457996516
D415L,0.0646001763899417
D415M,0.221760643582953
D415N,0.688991571913183
D415P,0.114097914861902
D415Q,0.397022779329122
D415R,0.311856361570866
D415S,0.420949535316018
D415T,0.0639657094743682
D415V,0.268284678498469
D415W,0.602938912768912
D415Y,0.228729505993194
S416A,0.207267991157504
S416C,0.232860470745316
S416D,0.157088444063983
S416E,0.308736587175961
S416F,0.315038219597591
S416G,0.24332544915888
S416H,0.377885358034915
S416I,0.320469903960384
S416K,0.282119678972342
S416L,0.313929083788718
S416M,0.294452240771402
S416N,0.676601451337544
S416P,0.339278201259452
S416Q,0.399324866662376
S416R,0.797680226305636
S416T,0.191082294360206
S416V,0.2042170198304
S416W,0.102051545621575
S416Y,0.215748027936463
T417A,0.181007203952824
T417C,0.174470616301828
T417D,0.552065907023174
T417E,0.21029858953294
T417F,0.353062694057412
T417G,0.251538375044194
T417H,0.123560654841079
T417I,0
T417K,0.244566552324725
T417L,0.561430462734134
T417M,0.199561557017892
T417N,0.322684738496639
T417P,0.234621670550868
T417Q,0.32301243698828
T417R,0.451282859541535
T417S,0.198054220757375
T417V,0.439733186461121
T417W,0.445233978253096
T417Y,0.117922738237845
Q418A,0.255016962344735
Q418C,0.0237722539251454
Q418D,0.444270183573022
Q418E,0.349690029569176
Q418F,0.269723542315812
Q418G,0.33581292083508
Q418H,0.0968272026456977
Q418I,0.167091189242008
Q418K,0.284143080786618
Q418L,0.192106527060563
Q418M,0.181419597288993
Q418N,0.512667529112372
Q418P,0.120098167553989
Q418R,0.422193011313302
Q418S,0.167406488377224
Q418T,0.315434866501062
Q418V,0.274484313078539
Q418W,0.284888029627835
Q418Y,0.306951815889799
A419C,0.0439189669239378
A419D,0.349818366987825
A419E,0.131795678881804
A419F,0.911045013996905
A419G,0.356296298283394
A419H,0.754525281875743
A419I,0.329298513006797
A419K,0.49565021061832
A419L,0.380455313526324
A419M,0.39127733951648
A419N,0.325325636410512
A419P,0.0646307315342037
A419Q,0.300144326334537
A419R,0.203851741641306
A419S,0.262559486655465
A419T,0.206364791916229
A419V,0.307708375447037
A419W,0.266811262230438
A419Y,0.210644858933983
