Mutation,Escape_Score
S2A,10.9602184478003
S2C,0.0164489571551666
S2F,0.359377223077751
S2G,-0.76448640600206
S2I,6.28536187354804
S2K,0.903375681573228
S2L,-0.807340166035832
S2R,-1.02402226697411
S2T,1.81460385096733
S2V,-1.16653912797478
S2W,1.91904768821787
S2Y,-0.507739095243387
D3C,0.57933792350319
D3E,0.163108991596556
D3F,-0.360445803161256
D3G,-1.40144014034802
D3H,0.146012558409876
D3I,9.28680308486605
D3L,1.64469645552503
D3M,-0.0957392925216955
D3N,0.512798400204094
D3R,0.106488687409497
D3S,-0.163094418559456
D3T,0.0558007763808053
D3V,-1.32011906627981
D3W,-0.313411227297413
N4A,-0.331165514357754
N4C,4.84723971603978
N4D,-0.43558973980823
N4E,-0.192634638118343
N4F,1.11288433966163
N4G,1.24283180762318
N4I,1.36673438538871
N4K,-1.29669148259009
N4L,0.527148864489712
N4M,-0.299012856969383
N4Q,-0.174721690985994
N4R,-1.48538661568331
N4V,0.345826334418925
N4W,2.45500708774842
N4Y,0.0324010403724681
G5A,-0.229229524000632
G5C,2.27991525135557
G5D,-1.57333066272736
G5H,2.57765393843109
G5I,-0.135142932363031
G5K,1.61617420797753
G5L,0.623413438140493
G5M,0.318500284845922
G5N,1.1807184538001
G5P,-0.980232786727884
G5Q,-0.49306224961527
G5R,2.03690480267494
G5S,-0.308027430930801
G5T,0.413633587175351
G5V,0.249125119633514
G5W,2.31316666318788
G5Y,-0.657125702390067
P6A,-0.0780302522543796
P6C,-1.00347560177926
P6D,1.58668047384803
P6F,0.154793881399483
P6G,-0.611384757053502
P6I,1.23160851965789
P6L,-0.172582434699305
P6M,1.01095761495576
P6Q,-0.688368503227988
P6R,-0.239008504170535
P6S,-1.26876805316664
P6T,3.83938472969757
P6V,1.53389676267636
P6W,0.155012174264667
Q7A,-0.425884411763015
Q7C,-0.665241212923555
Q7D,3.0825925375263
Q7H,0.473296647100679
Q7L,-0.97906833158704
Q7M,-1.34541738710111
Q7S,-1.02149358199194
Q7T,-0.640554934004882
Q7V,-0.624369499654858
Q7W,0.521345094694928
Q7Y,-0.228786709764915
N8C,-0.708247759356992
N8D,1.17766366249489
N8E,0.900012823127985
N8F,0.23055385295789
N8I,2.04227127610911
N8L,0.698106972798102
N8M,-0.345398329735369
N8Q,-0.756558877826961
N8R,-0.264824927376717
N8S,2.00188884712626
N8V,0.344809456832431
N8Y,-1.04630031040815
Q9A,-1.34695851401554
Q9C,-0.207770411929659
Q9D,0.511207401111572
Q9E,3.42033444840367
Q9F,3.23209611688418
Q9H,2.47673957774146
Q9I,4.65672429080502
Q9K,0.715346377022667
Q9L,1.1203348959928
Q9M,-0.81843004301695
Q9N,-0.768357835915243
Q9R,-0.609247174264506
Q9S,-0.0709200330601817
Q9V,-1.40401480322858
Q9W,10.9602184478003
Q9Y,1.88504695430121
R10A,-1.1331335124441
R10C,-1.30966185886986
R10D,1.28261516118772
R10E,-0.759614780207694
R10F,-0.573211003323203
R10I,0.421519422675053
R10L,0.000838428554944894
R10Q,-0.564594952628552
R10T,-0.20743923281259
R10V,1.99784562077039
R10W,2.07203601369832
R10Y,1.20179186237093
N11C,1.89754609624035
N11D,1.76725382981531
N11F,7.16687350405825
N11G,0.651100962572215
N11H,0.748879830327809
N11K,-1.62757330786384
N11L,1.73189483043332
N11M,-0.764279930425822
N11P,-0.174721690985994
N11Q,0.607020860723038
N11R,-0.744457043602327
N11S,-0.548551958628017
N11V,1.58015276688608
N11W,0.10558561241303
A12C,0.332134018932738
A12E,-0.0637502460024147
A12F,5.27470831242578
A12G,-0.377690249695401
A12H,-0.321576995664546
A12I,0.313400490335534
A12L,2.81379712342639
A12N,0.831091664826711
A12Q,-0.185797503275678
A12V,-0.283202285334499
A12W,10.9602184478003
A12Y,-0.672899115084828
P13C,0.544151949164198
P13D,0.938107618220173
P13E,-1.11911759943602
P13F,0.757063916787476
P13G,-0.733082801454915
P13I,0.113731957993157
P13L,0.463511148911047
P13M,-1.23664803190154
P13N,1.30160272142385
P13Q,-0.337093508986928
P13R,-0.378218937781094
P13S,3.1591378034458
P13V,-0.0946938118814568
P13W,-0.869259796692125
P13Y,0.571064305756021
R14A,-1.00882356037873
R14C,0.428983051979009
R14D,6.96049743383646
R14E,-0.0384952924166586
R14F,-0.503945229482179
R14G,0.227056368406561
R14I,0.310971593583558
R14K,0.354764361738198
R14M,0.0777602868696972
R14N,1.23501658372074
R14P,-1.13796008794378
R14S,3.11592517360097
R14T,-0.938851462609078
R14V,5.33780819583409
R14W,-0.422620768000706
R14Y,1.26360561041892
I15A,-1.2828746720705
I15C,-0.595198835693972
I15D,0.546173521589329
I15E,0.965237146403406
I15H,-0.919123641002268
I15K,-0.973384672376753
I15L,-1.0076382841117
I15P,-0.469549762545691
I15Q,0.135874403021782
I15R,0.538086161211218
I15T,-0.339085217651709
I15V,-0.997826030113997
I15W,-0.271092989749866
I15Y,-1.8196504122063
T16C,-1.03796455567982
T16D,-0.424856503122403
T16E,-0.79349706338915
T16F,-0.393075765285958
T16G,0.635006931999236
T16K,-1.37235433558081
T16L,4.25828844986688
T16M,3.21228781134043
T16N,-0.50720891941215
T16R,-0.11719665582308
T16S,0.0194856454271572
T16V,0.269287837861431
T16W,1.29393863691181
T16Y,-0.593662932124765
F17D,-0.398370304738567
F17E,10.9602184478003
F17G,-0.16795471357941
F17H,-1.20436041761901
F17I,-1.06373408502155
F17K,0.718118397104056
F17L,-1.21240097651714
F17M,3.16645049303604
F17N,0.713877961069773
F17Q,-1.01678316976513
F17R,1.0942953074831
F17S,-0.755505449939199
F17V,-0.265151569840621
F17W,-0.692011567268025
F17Y,1.97998901266225
G18C,-0.661186162301064
G18D,1.81546507391196
G18E,1.226817119427
G18F,-1.0586238709654
G18L,1.35643457420902
G18M,1.39513422663126
G18P,0.541546333153111
G18Q,1.07760932116322
G18S,5.21255013220179
G18T,-0.238743046572909
G18V,-0.638287929405978
G18W,0.0783830473396802
G18Y,-0.0817747290158425
G19C,0.465989535254586
G19F,-0.462222002644179
G19I,10.9602184478003
G19L,3.00563377972922
G19M,6.12481143742337
G19N,-0.937066508422782
G19P,-1.08499706488587
G19Q,0.124558861699358
G19R,-0.25981607140886
G19S,2.16903284416529
G19V,3.15230767320113
G19Y,-0.193803625038555
P20A,-0.0868704575091379
P20D,-1.02798297947545
P20I,-0.620573634008088
P20K,3.91842754468849
P20M,0.216191907808622
P20Q,-0.921633868787893
P20R,-0.799652491523764
P20T,0.539232021362115
P20V,-0.89356261773432
P20W,1.00413498942799
P20Y,-0.345576004084599
S21A,0.480895032438758
S21C,-1.09135166766508
S21D,0.440348508953397
S21E,0.29451711545533
S21G,2.3286336048667
S21I,-0.446846428928665
S21K,-0.196963848379349
S21M,1.07568597576775
S21N,1.15033380190698
S21P,-1.07875707729047
S21Q,-0.953928490005877
S21R,-0.752009215483059
S21T,10.9602184478003
S21W,0.00113887302799464
S21Y,-0.681930457974998
D22E,2.41693975121525
D22H,1.08126189214484
D22I,-1.1364933926146
D22K,-0.777388244074159
D22L,-0.133966648902241
D22M,-1.07799496198168
D22N,2.988721215173
D22P,0.150557745494585
D22Q,-0.0785292869667088
D22R,0.260689769162597
D22V,9.31653595611274
D22W,-1.04351599350661
D22Y,0.13234319807046
S23C,-0.048460045911301
S23D,-0.363725104274112
S23E,-0.618387262820304
S23F,-1.57274546703722
S23G,-0.976388765322882
S23I,-0.359989619628787
S23L,0.361433486892873
S23M,0.200663437807298
S23N,0.475614574702951
S23W,1.03047621242543
S23Y,-0.111554200072022
T24A,-1.20048972703866
T24C,0.416651498633609
T24D,1.03125041142401
T24E,0.184606752405318
T24I,-1.22466809845572
T24K,-0.479911416495512
T24L,0.198072933059937
T24N,-0.450295981131784
T24P,-0.827444721891925
T24Q,-0.7964543012663
T24R,-1.10238765356066
T24S,-0.607224838293786
T24W,0.99690541564108
T24Y,0.456485098041539
G25C,-0.841249608036303
G25F,0.313250329419723
G25H,1.14383007119062
G25K,-0.695093410667701
G25L,-0.49239681035143
G25M,1.87702705361758
G25N,2.00001458164622
G25P,-1.20349821366815
G25Q,-1.81790772946229
G25R,0.606846742734417
G25T,-0.804557343516271
G25V,-0.345842395117868
G25W,1.42434210628763
G25Y,-0.994792703469908
S26D,-0.601282092076353
S26E,2.93903388956251
S26F,0.24212537925882
S26G,2.18334769359664
S26H,-0.0141665726081539
S26I,0.355717661830657
S26M,-0.0853724537836893
S26P,-0.288542749206166
S26Q,0.931864372332699
S26R,-0.744751437557507
S26W,0.836524407721014
S26Y,-0.0176785328320816
N27A,1.55849952934256
N27E,9.50969388051145
N27F,0.568061582277344
N27G,-0.456340316758357
N27H,2.55801406807339
N27I,-0.518618667463174
N27K,-0.408025126240402
N27L,0.462539612366225
N27M,10.0684685809322
N27P,0.1887365620971
N27Q,-1.13906574816509
N27R,-0.697701357679446
N27S,1.7107009638699
N27T,0.109203021872614
N27W,-0.423861737537852
Q28A,-1.52412480547968
Q28C,1.40216515235667
Q28D,-0.789537826237485
Q28E,-1.08129629855526
Q28F,1.30519657047748
Q28I,-0.330750434455807
Q28K,-0.694510093156033
Q28L,4.07995996330521
Q28M,-0.396519171888743
Q28N,-1.40930020157051
Q28P,-0.985151369885654
Q28S,-0.281301047124302
Q28W,0.246294162462684
N29E,-0.390140476717251
N29F,-0.0272175720331583
N29H,-0.394721249387037
N29I,0.121653659028033
N29L,-0.338095256867912
N29M,2.31747631397683
N29P,4.61428754200233
N29Q,0.0631865964286862
N29S,-0.502130496610449
N29T,-1.09177811035912
N29W,0.208893725996431
N29Y,-1.05360844819679
G30C,-0.911688095463442
G30D,0.0809797623746045
G30F,3.33040530935255
G30H,0.697906962164682
G30I,-1.06031760488814
G30K,0.189434223285596
G30L,4.14404248389864
G30N,-0.488774679761351
G30P,-0.131935354102514
G30Q,-0.424720383847526
G30R,1.6139727297756
G30W,-0.160065451445217
E31A,-0.907104387952349
E31D,0.900332891791922
E31F,0.0810402264169117
E31I,-0.675862777918227
E31K,1.77105464843794
E31L,0.457301471240873
E31M,0.474742871930711
E31N,-1.65110469699213
E31Q,-0.450221160157591
E31R,0.429882286949548
E31S,-0.607214336805033
E31T,3.22311394933334
E31W,6.52205258815109
E31Y,1.9215113875754
R32C,1.7204757289058
R32D,-0.127889523399354
R32E,-0.0360986738846716
R32F,2.72058214511687
R32G,1.21855278643367
R32H,-0.13847545325073
R32I,-0.491934652077209
R32M,0.492186833707958
R32P,0.594355259972389
R32S,0.0862256152414209
R32T,-0.255716421171806
R32V,-1.19449667828106
R32W,0.050415011908153
R32Y,-0.564902641513438
S33A,-0.282100541206397
S33C,-0.0324911637953195
S33D,-1.25310460152029
S33E,2.44652421263636
S33G,-1.31750079812596
S33I,-0.864993402664649
S33L,-0.33160820178578
S33M,-0.309720372613531
S33N,2.01942694317044
S33V,3.19398597824836
S33W,1.21074788382271
S33Y,-1.49863514096939
G34A,0.841573685888747
G34E,-0.854334047366644
G34F,0.511424086791612
G34H,0.22745319364706
G34I,4.98888805574672
G34L,1.17347767849364
G34M,-0.262311979864274
G34P,0.0286021430484697
G34Q,10.9602184478003
G34R,3.79707698747099
G34S,1.55856793089032
G34W,1.44377002908714
G34Y,-0.411034897679001
A35C,-0.95319876616828
A35D,0.341354262594104
A35F,0.0985003540173232
A35G,0.499494560135817
A35H,4.27517168057341
A35I,0.112717342897859
A35L,0.771451643273685
A35P,0.592483925926349
A35Q,0.443450259848547
A35R,1.40665512171445
A35V,2.21169503423476
A35W,0.407200327761189
A35Y,1.14926357416142
R36A,1.30305631195725
R36C,5.19273909182847
R36D,-0.0338471101486361
R36E,-0.0165165020968356
R36F,0.276828513601131
R36G,0.891169340308685
R36H,0.926096053878507
R36I,1.63561257265603
R36L,0.455475016862031
R36M,5.66906781953347
R36N,4.26423936719528
R36P,0.451152694459538
R36Q,1.27942316014073
R36S,-0.192713140417447
R36T,0.689449066719523
R36V,-0.78060695695464
R36W,0.724882430552198
R36Y,2.07702921382164
S37A,0.917190908393435
S37C,1.93644934999286
S37E,-0.12421091812312
S37F,3.40848847714845
S37G,1.85459692249718
S37H,-0.49716773019776
S37I,1.31541056906248
S37L,1.72705202384847
S37M,0.84293318048485
S37N,1.24816653797807
S37Q,-0.274897538849132
S37T,-0.833357316088741
S37V,0.566848914681728
S37Y,2.36300726195055
K38A,1.60286291036019
K38C,1.30166787340471
K38D,1.6242191714837
K38E,1.09473415241769
K38F,-0.394290180725692
K38G,2.39540926654992
K38H,1.22066243584432
K38I,2.4119621110786
K38L,1.61074453929842
K38M,0.685349210430112
K38N,1.24196420135593
K38P,1.16230027352099
K38Q,0.272322307956227
K38R,0.84898603958583
K38S,-0.852052829817374
K38T,1.36150732742666
K38V,0.90048299784954
K38W,1.72859434594194
K38Y,1.54860181121638
Q39A,0.200755850320774
Q39C,-0.293596590583004
Q39D,0.703632629420938
Q39E,0.262463721357355
Q39F,1.96926182201825
Q39G,1.43916474263278
Q39H,0.21370112425284
Q39L,0.304398030812701
Q39M,-0.674760103722771
Q39N,0.146945260898474
Q39P,5.842920439205
Q39R,0.00960017314287505
Q39S,5.8055380882828
Q39V,-0.371139799787098
Q39W,1.57576110969375
Q39Y,1.07262597693108
R40A,0.298563452055049
R40C,2.9350309151273
R40D,0.880839538959094
R40E,0.00882454065474975
R40F,1.36755283478107
R40G,2.78899415185566
R40H,1.9535459639903
R40I,-0.374413527653036
R40L,0.222720196947953
R40M,1.3060674628872
R40N,4.47594907288931
R40P,0.478088691501514
R40Q,0.225428820938243
R40S,0.677084753307742
R40T,1.15850781787068
R40V,0.0955206170038941
R40W,1.5327627865433
R40Y,0.976461653333194
R41A,0.0207885342017749
R41C,6.75813479857051
R41D,0.050496204785491
R41E,1.44833266321402
R41F,1.63732499741722
R41G,0.30096283179213
R41H,0.340112978223721
R41K,2.84111564422333
R41L,-0.11299561072195
R41M,0.38220899879255
R41N,1.00570930782177
R41Q,3.46517699457877
R41S,1.5969119145417
R41T,1.97403222356635
R41V,1.30496975226351
R41W,5.54478907590735
R41Y,0.284218868517475
P42D,1.01893608016883
P42E,0.382272357861357
P42F,-0.963531660506284
P42G,3.13312042261522
P42I,-0.733926245071694
P42L,-0.43317986338307
P42M,3.8735502332677
P42N,10.9602184478003
P42Q,-0.102436967554744
P42R,-0.875390555575134
P42T,0.315199888628877
P42V,0.409566499749825
P42W,-0.731461784602119
P42Y,-0.869504103058135
Q43C,-1.30059018864388
Q43E,-0.688032195002932
Q43F,-0.732787838285471
Q43G,1.67395307421281
Q43H,-1.03717023841391
Q43K,1.72686503515781
Q43L,-0.526436753617622
Q43N,-0.29316777881565
Q43S,0.970632142921544
Q43V,1.14859012768553
Q43W,1.40374468177898
Q43Y,1.12290471452127
G44C,0.033205895014017
G44D,-0.899938807624698
G44E,0.961595376243345
G44H,0.0292586496972228
G44K,2.56312553151268
G44M,-0.205365951724157
G44N,-0.337533808523713
G44Q,0.0921943532520028
G44S,-1.38222911013716
G44T,0.0143338658741529
G44W,1.18870699902384
G44Y,1.41544102853344
L45A,-1.21872537243471
L45D,1.03375313901773
L45E,-1.1719986827977
L45H,-0.894272391658747
L45I,5.05301958363266
L45K,-0.12562881327183
L45N,-0.488959823740241
L45Q,0.896301432758739
L45R,1.88602811821259
L45V,0.822434310524725
L45W,3.5272660505115
P46A,-0.683193207942886
P46C,-0.394387822459284
P46D,-0.568143315050801
P46E,-0.741407071630225
P46F,-0.741078233449356
P46G,-0.684046956444741
P46K,0.154367269263299
P46L,0.916341093717273
P46M,-0.141710783998254
P46N,1.27295614308288
P46Q,0.863473638038299
P46R,-1.17823085316335
P46S,-1.27762204818746
P46T,-0.292390961275341
P46V,-0.253184918076456
P46W,-0.648228198099387
P46Y,1.22904620374209
N47C,5.26501774539255
N47D,2.28921157013267
N47E,1.39063767482075
N47F,1.10547851707616
N47G,-1.16450359114243
N47K,-0.620659269797184
N47L,-0.157731828986766
N47P,-0.313509317287529
N47Q,1.3822209242362
N47S,-0.53540042578692
N47T,7.88172267095137
N47V,5.0200108712226
N47W,1.72782118048454
N47Y,1.74211424876631
N48C,0.0357749432963099
N48D,2.1868941916394
N48F,2.34184588841459
N48G,0.0972414897126315
N48H,-0.0813053240994969
N48I,1.90146983181118
N48K,0.232929461533456
N48L,2.53357343749923
N48Q,-0.118594996164817
N48T,0.00808087306571679
N48V,-0.404458631063463
N48W,7.84756205854953
N48Y,-0.528169506452618
T49C,-0.794051240727776
T49D,0.0104074167484139
T49E,3.42173856612883
T49F,0.797075099057884
T49G,0.00640527179107055
T49I,2.89400583271159
T49K,0.170541474494329
T49N,-0.886025357653149
T49P,0.383764447398421
T49Q,1.2359215864817
T49R,0.119463136441346
T49S,-1.47159833063405
T49V,-0.214628992661212
T49W,-0.580188316143545
A50C,-0.156653400289186
A50E,-1.15129545511571
A50F,1.80420610073142
A50G,-1.11266265774945
A50H,-0.984324599343863
A50L,7.97353240932291
A50M,1.23277061096963
A50P,-0.616530312779671
A50Q,-0.247932507723111
A50R,2.66661967162146
A50S,-1.21693549862331
A50T,0.835312094348465
A50V,-1.19731822194737
A50W,-0.736647658641413
A50Y,-0.460394307727248
S51A,-0.179852391441519
S51C,1.69176072602329
S51D,3.90726253086442
S51E,0.379886134172866
S51F,3.97030962358125
S51G,5.56879124223393
S51H,3.66469500614102
S51I,2.66703539604569
S51K,-1.15761737555043
S51L,0.0611101635831374
S51M,2.78003243728662
S51N,-0.737890435243921
S51Q,2.11137232561556
S51R,-0.982354698340717
S51V,2.61545650286537
S51W,10.9602184478003
S51Y,5.15684919744107
W52A,-0.738427547052129
W52C,-0.736028423836879
W52E,-0.493282554280052
W52F,-1.64153334707806
W52G,5.0374761962274
W52H,-0.554086151947933
W52I,-1.15487438883644
W52L,-0.952010652205418
W52N,7.47293048992429
W52P,-0.318130481195706
W52Q,-1.32772359578021
W52T,3.75151675729555
W52V,-0.563306269956716
W52Y,-0.437105482713908
F53A,1.64991077937332
F53C,-0.941815204123003
F53D,-0.0998265074273168
F53E,-0.274480334791245
F53G,-0.804163651263617
F53I,-0.486128863553048
F53K,-0.389374260205144
F53L,-0.0944187457900728
F53M,-0.419749342180131
F53N,1.02130293605908
F53P,2.15165095525427
F53R,0.94270814284582
F53S,-0.676043136660128
F53T,1.3353505600219
F53V,-0.280743477546169
F53W,-0.713955108509204
T54C,-0.0936269144318043
T54D,-0.595738696472581
T54E,-0.733421166050191
T54F,0.299272167850071
T54G,-0.913136898767809
T54H,-0.104317443515601
T54I,0.5507657868672
T54K,1.1936812932986
T54L,1.77091701036244
T54M,-1.47813006677926
T54N,-1.19003229338958
T54P,0.131879562076235
T54R,-0.934845451360458
T54S,1.6310507343465
T54W,-0.615156994562967
T54Y,0.932627360262143
A55C,0.504950365201816
A55D,-1.26909025551665
A55E,-0.090366808155759
A55F,-0.456090569922548
A55G,2.02273364678169
A55H,0.527578196429128
A55I,0.798757626766664
A55K,0.325357079418876
A55L,-0.0497244587673011
A55N,-0.620583165279381
A55P,1.44996401885169
A55Q,-0.333977026024865
A55R,2.06962060884973
A55S,5.67968154654582
A55T,-1.57791613969963
A55V,1.02820017065126
A55W,-0.283709860959382
A55Y,-1.5709237677445
L56C,0.148175151422987
L56D,6.14389728111303
L56E,2.75279958425904
L56K,-1.1921649139724
L56N,-0.140983746571053
L56P,-0.389659108984638
L56Q,0.35800417417451
L56R,-1.12821948685793
L56S,1.492643549123
L56T,-0.721874314682779
L56V,0.123209977751116
L56W,-0.933922244987935
L56Y,-0.429191667546995
T57A,-0.780176391995236
T57C,0.170167523086686
T57D,-0.766532719296819
T57E,-1.02381235326323
T57F,1.34171624408326
T57G,0.547291641085515
T57K,-1.12245971864051
T57L,0.840701460126958
T57P,-0.528630319078048
T57Q,2.80597543084254
T57S,-1.18835323482199
T57W,-0.731868291164712
Q58C,-0.707731746715927
Q58D,-0.416406584665984
Q58E,-0.647609976609688
Q58G,1.57119617105408
Q58H,-1.73173101462471
Q58I,-0.0805132530612112
Q58L,0.35847781003821
Q58M,-0.957541335457955
Q58N,0.84695263209166
Q58P,-1.09306468280569
Q58R,-0.292467713400378
Q58T,0.0431829616037406
H59A,1.59751493739275
H59E,-0.0938381703212875
H59G,-1.04761712247465
H59I,-0.231341088866994
H59K,0.596255910448947
H59L,0.469779274168778
H59P,-0.498981611193259
H59S,-1.06935678461555
H59W,1.14236655273657
H59Y,-0.514799713726552
G60C,0.867104171011643
G60D,1.3379342210592
G60E,-0.594863474995198
G60F,5.15684919744107
G60I,-0.642888049084113
G60M,-0.40832234872716
G60N,0.0882495185927403
G60P,-0.803488347801911
G60R,-0.719122593400566
G60S,-1.03541553750844
G60T,2.44770896980564
G60V,0.0719860986872047
G60Y,-0.868555540763095
K61A,1.50745521948572
K61C,0.0125546457512268
K61D,-1.00300481711135
K61E,-0.381964247552539
K61F,-0.305554527459348
K61I,0.559763696090854
K61L,-0.587630067705926
K61P,-1.0836457682171
K61R,-0.51614155772207
K61S,4.19968978810597
K61V,0.579275617621671
K61W,1.33166275880883
K61Y,0.441112220413382
E62C,2.69354960436604
E62D,-0.622731532886828
E62F,-0.573662602431129
E62G,-1.10518532287252
E62K,-0.710320351311383
E62L,-0.774901473542488
E62M,-0.344703903836054
E62N,-0.646609154559318
E62P,-0.463296976444659
E62Q,0.736596247733519
E62R,0.971414383996378
E62S,1.45843615073011
E62V,-0.503447991195431
E62W,-0.599512836536171
D63A,-0.185093837762417
D63C,-0.841249608036303
D63E,-0.803386803418191
D63F,-0.0300182866032793
D63G,0.697906962164682
D63I,-0.0669959184996713
D63K,-0.761067680370814
D63L,-0.442886741694747
D63P,-0.347295289527627
D63R,0.040512827233392
D63S,-0.808079580924964
D63V,0.729083458536676
D63W,-0.258821160972115
D63Y,0.0226391226974179
L64C,-0.45786066124799
L64D,1.52252908586409
L64E,1.17564606160792
L64F,-0.389870724787611
L64H,0.347122601368943
L64I,-0.723885918737832
L64M,0.893682469092094
L64N,-0.653112461850627
L64Q,0.894724288031509
L64R,-0.46455638205403
L64V,-0.557551139331685
L64W,-0.707739823683185
L64Y,-0.684712089451403
K65A,-0.407559986421718
K65C,0.537079554578112
K65D,-0.289122972629465
K65E,1.46842214910589
K65G,-0.884113461992897
K65H,-0.108883188145038
K65M,-0.903566748540492
K65N,-0.718983987671227
K65P,-0.231812474966692
K65Q,-0.872616297227422
K65R,0.440162875483634
K65S,-0.278323315921647
K65T,-1.34249430291491
K65V,-0.670249043134191
K65Y,-1.13691938336354
F66A,-0.323363262021269
F66C,6.93674153312113
F66E,3.04204144644455
F66G,3.90111043570014
F66H,1.78944484186059
F66I,-0.749179731522246
F66L,1.31382250668802
F66M,-1.33087557918238
F66N,1.05126042985818
F66P,1.83295533762641
F66Q,6.31393765015674
F66S,10.9602184478003
F66T,8.17937932429539
F66V,-0.333289930149531
F66W,0.85582024339765
P67A,-0.941145295588886
P67C,0.298606104851399
P67D,-0.832963061323591
P67E,-1.01061257485754
P67F,-0.742588618596478
P67G,-0.282904438101448
P67H,0.940363972547043
P67I,-0.571189726710871
P67K,0.514173058633199
P67M,0.174919897283181
P67N,0.152890385348797
P67Q,0.468993001726379
P67S,1.09439163692185
P67T,-0.771674689714625
P67W,-0.565794682136686
P67Y,-0.073438385641232
R68A,0.48960900285282
R68C,4.52547000590945
R68D,1.22887158217879
R68E,-0.219635435230692
R68F,-1.12801187160155
R68G,-0.834809656053361
R68H,2.42876821475596
R68I,-1.46780308953769
R68K,0.060215883246069
R68L,0.712617190375057
R68M,3.5922466912966
R68N,-0.912151415413594
R68P,0.347107183042575
R68Q,-1.10280792624586
R68S,-0.761501656246511
R68V,4.57964698286368
R68W,-0.808914036296906
R68Y,-0.445666693910591
G69A,2.97768987190961
G69C,-0.805239412225835
G69D,-0.16388055909125
G69E,-1.23136366096446
G69F,-1.00446640365453
G69H,-0.487571398154391
G69I,-0.430859522622084
G69L,-0.198097786523731
G69M,-0.946476776473508
G69P,0.670459170222205
G69Q,1.55544245625418
G69R,1.0447403021027
G69S,-0.210073420906136
G69T,0.387656520100255
G69V,-1.42490663905211
G69W,-0.606982308645653
G69Y,1.14292622090434
Q70A,-0.272943533707736
Q70C,1.076182404854
Q70D,-0.769546821686905
Q70E,-1.16690513390502
Q70F,-0.438543408561447
Q70G,-0.302588659392328
Q70H,1.52923947886659
Q70K,1.52174593000636
Q70L,-0.597756004893966
Q70M,-0.02018808776688
Q70N,3.27020896893267
Q70P,-0.150803786401718
Q70R,-0.589725423876575
Q70S,0.564205431987179
Q70T,-0.675141689040357
Q70V,-0.31885530582298
Q70W,0.43728478033353
Q70Y,-0.0121275625699277
G71A,1.93157907314708
G71D,2.23013189169147
G71E,2.01966293383633
G71F,2.78855110895578
G71H,5.21190918193779
G71I,1.63931318522306
G71K,7.76198613497481
G71L,1.26915888207968
G71M,1.85745367410376
G71N,2.30947293427647
G71Q,1.77415301244377
G71R,1.11773595510743
G71S,0.0256953106403025
G71T,1.75307149559554
G71V,5.96912888828712
G71W,-0.227103975235214
G71Y,-0.0023132936564872
V72A,0.141432881332176
V72C,2.45142788819907
V72D,2.47970224057366
V72E,4.72841276331126
V72F,-0.753919221293951
V72G,1.78082822652089
V72H,3.20228906661797
V72I,-0.699090464004761
V72K,0.633402565979971
V72L,-0.0435350316914558
V72N,0.562104237873152
V72P,0.567932552255369
V72Q,1.36823219216233
V72R,0.969599234390243
V72S,3.62304365919188
V72T,0.0424904641542975
V72W,1.75146996834062
V72Y,1.41972655182353
P73A,0.264313710020776
P73C,-1.3408181544062
P73D,4.38030342283601
P73E,2.38044154162701
P73F,5.36088869347671
P73G,1.41072710988116
P73H,7.27712190388539
P73I,2.5775306851882
P73K,3.09741340712598
P73L,3.62382390773547
P73M,0.451196128244815
P73N,-0.282454682364867
P73Q,3.32103655885688
P73R,1.92086616746112
P73S,5.89766693603862
P73T,1.28085511800058
P73V,1.44777000932137
P73W,3.79051003235308
P73Y,3.87965372482752
I74A,-1.24859333509634
I74C,-0.33915815892556
I74D,0.089867785775518
I74E,2.73378656324329
I74G,0.33118998126746
I74H,0.079841426705422
I74K,-0.0815919509515539
I74L,3.50411859284452
I74M,-0.470196282181888
I74N,-0.70864542069669
I74P,-0.51614155772207
I74Q,-1.91132043312307
I74R,-0.256032542840729
I74S,-0.57531227044124
I74T,-0.568422862634248
I74V,2.39126393108859
I74W,-0.412365036730153
I74Y,-0.678486511589561
N75A,-0.281537216467319
N75D,-0.578437658080623
N75E,1.04065528671459
N75G,-0.618223586479463
N75I,3.01463987489133
N75K,0.108125883292627
N75L,-0.761302986073475
N75M,0.692914045848021
N75P,7.11047333285877
N75Q,-1.2959030385426
N75R,-0.802247198875978
N75S,-0.382088534359606
N75T,4.66764594388314
N75V,0.0117936264334515
N75W,2.76263592258738
N75Y,0.484010011916349
T76C,0.418604821163333
T76D,-1.69960768742627
T76E,-0.245872489920304
T76F,-0.185807270374277
T76G,-0.298434982047317
T76H,1.82300835160024
T76L,-0.183197644116036
T76M,4.0028355893859
T76P,-0.63652622126747
T76R,-0.948237215642514
T76S,0.951562694491919
T76V,-0.586343870028543
N77A,-0.0506500801181109
N77C,-0.211700777940753
N77D,0.125818316018319
N77E,-1.10615668521218
N77F,2.41584492962259
N77H,3.30233871659838
N77I,2.3825804677041
N77K,-1.03853296330255
N77L,1.11823163980795
N77M,-0.536907120531793
N77P,0.962406047212961
N77Q,-0.204794607466764
N77S,-0.960862811933015
N77T,0.136734056252629
N77V,-1.43808413150411
N77W,-0.913355872173082
N77Y,-0.0813880186970686
S78A,-1.32993290180896
S78F,0.1251440175281
S78G,-0.100281536777706
S78I,-0.76192058270253
S78L,1.56799455545412
S78M,0.274824627552066
S78N,-1.02248261055334
S78P,-0.351406900969057
S78Q,-0.484082631592056
S78R,-0.51399163310174
S78V,-0.816715204809364
S78W,-0.547327379718096
S78Y,-0.314914107649388
S79A,1.42220228554871
S79D,0.805511154526794
S79I,-0.566689365356741
S79K,-0.127221915503724
S79N,0.029117702134424
S79P,-0.627483254009898
S79R,-0.214000626691071
S79W,0.851351136070539
S79Y,-0.777799546622852
P80C,-0.798318271139105
P80D,-0.840925642530014
P80E,-1.389785546151
P80F,-0.46089766950932
P80G,-0.624942570048568
P80H,1.50964227000885
P80K,3.00759743497631
P80L,-0.859339312913227
P80M,-0.890790636847617
P80Q,-0.675578701941602
P80R,-0.433194219262859
P80T,2.61614436837227
P80V,-0.0634228461101831
P80W,-0.432288725795563
D81A,-0.477867850697053
D81C,0.345850566744882
D81E,0.386862402530365
D81F,-0.369415037117244
D81G,-0.794133052147104
D81H,1.36705126792757
D81K,-0.60021361223569
D81L,0.715078917443774
D81N,-1.38510659249589
D81P,-0.318183864816132
D81Q,2.98571218954256
D81R,1.54011614764168
D81S,-0.624758748271528
D81V,-0.0610640379432933
D81W,-1.24008621887562
D81Y,0.999427284792336
D82A,0.73135526725698
D82C,-0.251882259528512
D82E,-1.31750970022694
D82G,0.13065755568458
D82H,10.9602184478003
D82I,5.16472610719945
D82K,3.36285387945746
D82L,0.78747568078013
D82M,0.10085174081382
D82Q,2.36530656484189
D82R,0.58506577454081
D82S,0.0808812652973439
D82V,2.54889693473838
D82W,1.28287722602961
D82Y,5.21587097461101
Q83A,-0.769491231949509
Q83C,0.299708755716036
Q83D,-0.141396978560934
Q83E,-1.86732542027101
Q83F,3.10690214908541
Q83G,-0.774312907251721
Q83H,3.20122738064458
Q83I,3.52388521648279
Q83K,0.0777596848627868
Q83L,-1.06649010323885
Q83N,0.599884645994003
Q83P,-0.915461851163541
Q83R,-0.971767782393687
Q83S,-0.0556039376240401
Q83T,0.766277420096487
Q83V,1.03489416747589
Q83W,1.69952176250328
Q83Y,0.222015340924617
I84C,-0.111061691659886
I84D,3.62698199831104
I84E,3.56112646714453
I84F,3.02937373282988
I84G,-0.387165400976177
I84H,0.811197046500289
I84L,-1.11404743178764
I84M,-0.541557447045065
I84N,2.75789399292984
I84P,10.9602184478003
I84Q,-1.60974271672168
I84S,-0.351808018010279
I84T,-1.1877909993564
I84V,-1.24028953253504
I84W,1.16408207266884
I84Y,1.78863223762965
G85A,2.11768576770879
G85C,0.63009668022426
G85D,3.3059436664587
G85E,3.28061781688428
G85F,0.500837186558606
G85H,1.59288336161175
G85I,6.42602681690565
G85K,4.56470519686068
G85L,10.1516322250285
G85M,7.98044275902995
G85N,-1.07230751836476
G85P,0.211453449199008
G85Q,2.21584104661594
G85R,-0.220068149744266
G85S,2.47993706753142
G85T,3.45909722339283
G85V,3.9503638962081
G85W,3.14943726487814
G85Y,2.94005815926208
Y86A,4.0433914345226
Y86D,1.96639157746992
Y86E,-0.133274248402964
Y86F,0.436097771501851
Y86G,-0.112944048368765
Y86H,1.22320142032095
Y86I,4.59390339551545
Y86K,3.74444477376913
Y86L,6.41192496696429
Y86M,0.71704076692697
Y86N,4.56751116931068
Y86P,3.14406534691683
Y86Q,1.90986220731258
Y86S,4.43452156088292
Y86T,2.6891945805153
Y86V,4.17118993825049
Y86W,4.53729742945011
Y87A,8.04736948443809
Y87C,-1.50467859111618
Y87D,0.95035935959965
Y87E,4.64806961247201
Y87F,-0.716431628529861
Y87G,4.90968688530839
Y87I,2.16683598500477
Y87K,2.47950471735045
Y87L,3.19769374512501
Y87M,0.723614825705611
Y87N,2.44369713232173
Y87P,5.67825958459849
Y87Q,1.79056953112469
Y87R,3.18062399992889
Y87T,1.51529674260129
Y87V,2.43997781593474
Y87W,-0.288035303359136
R88C,0.864263754852696
R88D,-1.04993059338405
R88E,-1.1555032751853
R88F,1.57322674446127
R88I,-0.444100555059414
R88K,2.51645843677505
R88L,-0.6499790501531
R88M,-0.896641363982651
R88N,-0.366096081731201
R88P,3.83303182177652
R88Q,2.28286935101088
R88Y,1.72720628442106
R89C,1.32405367820849
R89D,0.088647182349634
R89E,-1.05515211655521
R89F,0.834433984199443
R89G,-0.426534630139433
R89H,-0.654853577420041
R89I,0.892787139565075
R89L,-0.75441025919864
R89M,0.697628140312693
R89P,-0.872157266883168
R89Q,0.838278725882422
R89S,-1.43034384684805
R89T,-0.938143083211676
R89W,-1.10793283840777
R89Y,0.845587863789544
A90C,6.70786399647683
A90D,0.177574060239835
A90E,0.10374533383377
A90F,-0.581987546746429
A90G,-0.586432414434499
A90I,-0.34935092831035
A90L,0.0106794306593595
A90M,-0.702486747609917
A90P,-0.293231644374087
A90Q,0.614542233584233
A90R,0.730397388074394
A90T,-0.768576189527171
A90V,0.424887292698963
A90W,2.12802657716076
A90Y,-1.57706912112825
T91A,-1.25941387457207
T91D,-0.0963628028487702
T91E,-0.386230384936306
T91F,-0.680308486833379
T91G,6.31619682535296
T91H,-0.297535865718722
T91I,-0.122728229803454
T91K,-0.820237014008321
T91L,-1.06842431653491
T91N,-0.0164053859723514
T91P,-0.510476843354721
T91Q,-0.497753229776004
T91V,-0.617210180798464
R92C,-0.608021279367355
R92D,-0.894502273716496
R92E,-0.0654273594684916
R92F,-0.283793057653931
R92G,-0.626015167188492
R92H,0.0992881704126416
R92I,-0.520207571299275
R92K,-0.106290964261005
R92L,0.146513885080754
R92N,-0.577465454140543
R92P,0.013740245832533
R92T,2.08192093942748
R92V,-1.33490240024652
R92W,7.37381920070843
R92Y,3.16130205602883
R93C,10.9602184478003
R93G,-1.01409033191978
R93H,-0.170254321636643
R93I,0.183648037229817
R93L,-0.730841032976885
R93M,5.28829751271916
R93N,0.387504947394424
R93T,0.0282613994617246
R93W,3.22423514933628
I94A,-0.610707181864018
I94C,4.61569534116244
I94D,2.40218354391107
I94E,-1.10826069174727
I94F,-0.510907665778416
I94G,-1.03321506447613
I94H,-0.757486007152445
I94K,-0.480639551279017
I94L,-0.782869233159408
I94M,-0.457443121462912
I94N,-1.51100730475707
I94Q,-0.874263215977462
I94R,1.01032582656733
I94S,-0.412930509937735
I94T,2.65435030658119
I94V,-0.517181355837064
I94Y,-0.457582301838767
R95A,2.37822222310277
R95C,0.542584176579907
R95D,-0.607681759851697
R95F,0.195647407843961
R95G,0.807081709075447
R95K,-0.2451817635933
R95L,-0.275204173016364
R95M,-0.730108222960239
R95P,-0.646029425832084
R95Q,-0.625372588180015
R95S,-1.27851376918253
R95T,0.477780688453963
R95W,-0.84906327509363
R95Y,0.369086675581076
G96A,1.88377621054228
G96C,-0.594235336508024
G96D,-1.13533248285046
G96E,-0.737179137284058
G96F,1.38955939028983
G96K,0.658908192727074
G96P,1.54893720243889
G96R,-1.56059676949908
G96W,-0.795611430686072
G97A,-0.396877510016066
G97C,-0.812726742631177
G97D,-0.419470584535702
G97E,-1.2075920022007
G97F,2.43863796213201
G97I,-0.327579643660116
G97K,-0.709915539242907
G97L,-1.12226162284906
G97N,-0.493841331275952
G97P,-0.268148785934355
G97Q,5.31511353438144
G97V,-0.710916392147296
G97W,-0.392855681984422
D98A,-0.686664357624891
D98C,-0.273376435972101
D98F,-0.92085849607722
D98G,7.61417938029963
D98H,1.95508819124218
D98I,1.44368715887319
D98L,0.537286695806116
D98M,-1.18907423198312
D98N,1.24293758873819
D98R,-0.426048849793258
D98S,-0.582894587285679
D98T,3.67386592795102
D98V,1.47663255204021
D98W,-0.645222145582574
D98Y,2.89353955589593
G99A,3.48993275493335
G99C,-0.985724968663914
G99D,-1.00878052564018
G99E,1.55098060072417
G99F,0.439225449733737
G99H,-0.322122017010074
G99I,3.70517343951958
G99N,-0.746214673466806
G99Q,2.0644299696101
G99R,0.202279795628377
G99V,-1.21240097651714
G99W,1.53137378051792
G99Y,-1.79611759469491
K100A,-1.34308275669978
K100C,-1.35101458028262
K100D,0.778394738577225
K100E,1.42756897767047
K100F,-0.315368873243183
K100G,-1.50384525560098
K100H,10.9602184478003
K100I,2.29680308480477
K100L,-0.625452006393876
K100M,-0.374268595450332
K100P,-0.893189689711869
K100R,-1.07489895061867
K100S,-0.651825041974516
K100V,-1.27734822683471
K100Y,0.870375492438292
M101A,-0.451439725999747
M101F,3.3002309271055
M101G,-1.32804842587419
M101N,4.5196244672551
M101P,-0.823153159185141
M101Q,-1.09312822691102
M101V,-1.29363405975113
M101W,-0.465139669537678
M101Y,-1.48826498157061
K102A,0.919805282594808
K102C,-0.175957201341133
K102D,-0.686036612582871
K102E,0.22118743704328
K102F,1.00727622898696
K102G,-0.176718999798365
K102I,0.51725827765727
K102M,1.61384253536437
K102N,-0.738774150010248
K102P,-1.14405854878024
K102Q,-0.844727724536633
K102R,-0.439337442903489
K102S,-0.871232750954051
K102T,-0.741345876551067
K102V,-0.572698624266841
K102W,-0.717069297203913
K102Y,0.880145747690854
D103C,0.504151763401616
D103F,5.09634604051808
D103G,-0.198921704659344
D103H,0.278725859026717
D103I,10.9602184478003
D103K,1.94551235200251
D103L,-0.762283285624898
D103M,3.92903708945436
D103P,2.48549328874119
D103Q,-1.23548281199763
D103T,-1.10796564146602
D103V,-0.887583286942976
D103Y,-0.384723051071623
L104E,0.160536039309458
L104F,-0.0158958798324425
L104H,0.151269075122822
L104I,-0.517475219157458
L104K,0.365383193378934
L104P,0.39477676139636
L104Q,-0.429021646266902
L104S,0.272302356247517
L104V,-0.242653216091261
L104Y,-0.518637824626202
S105A,2.31537448991066
S105C,1.04831773049238
S105E,0.89039429874225
S105F,-1.00506436277964
S105G,0.720751245346747
S105H,1.01032582656733
S105I,-0.335880467869954
S105K,0.240881434306489
S105L,-0.502192959297059
S105M,-1.50328704906596
S105P,-0.32926830160229
S105R,0.580307173374239
S105W,-0.345272390679002
P106C,-0.258125228715838
P106D,1.27942316014073
P106E,10.9602184478003
P106G,-0.303920698257849
P106H,-0.883811826614948
P106L,-0.603252834449832
P106M,4.06051651827244
P106N,5.45540003106082
P106Q,-0.650486010417645
P106R,-0.412254326176032
P106V,-0.101908607829041
P106W,-0.362974480106788
R107A,-0.189171914141532
R107C,0.502610757076745
R107D,-0.289640324820929
R107E,-0.224382584001889
R107F,2.77960207209254
R107G,1.11769710122911
R107H,-0.44977948365582
R107I,-1.47476393752629
R107L,-0.910015277651205
R107M,-1.01690727507514
R107Q,-0.470363446875949
R107V,-1.46861344929678
R107W,-0.601911117745565
W108A,-0.750169804640319
W108C,4.43573428233972
W108D,-0.268676327630396
W108E,0.944065827948289
W108F,-0.297879208808654
W108H,-1.15318982019739
W108I,1.13960329571113
W108K,3.98036109714483
W108L,1.1581052630354
W108M,-0.393515593854236
W108N,0.380859667110754
W108P,3.48996843916532
W108Q,1.25951353831528
W108R,0.253128134534764
W108S,-0.760735487822488
W108V,1.66236950671342
W108Y,-0.0984319196503007
Y109A,1.48240458570381
Y109C,3.68271776192698
Y109E,-0.725193804921448
Y109G,-1.12852402992997
Y109H,-0.368821303251345
Y109I,-1.02013621899231
Y109K,-0.317617205215047
Y109L,0.162775723274762
Y109P,-0.588305992526973
Y109Q,-0.455309089478318
Y109T,3.51216641263968
Y109V,-0.410096364638747
Y109W,-0.612553333010507
F110A,0.169558018416433
F110C,4.50270709127385
F110D,10.9602184478003
F110E,4.55397202474304
F110G,0.936998674599465
F110H,-0.118536194181446
F110I,0.451129757782859
F110K,5.2029598605135
F110L,4.87797165654668
F110M,1.70609547265616
F110N,10.9602184478003
F110P,3.41278231290343
F110Q,6.76366282326201
F110R,3.92285519650081
F110S,2.53587898044695
F110T,0.711259451023833
F110V,7.69771240471126
F110W,0.71430013247526
F110Y,-0.275008051536279
Y111A,2.34709748831287
Y111C,5.66041594221834
Y111D,1.78330753755467
Y111E,2.73730831706946
Y111F,-0.285490857021372
Y111I,4.17359601720152
Y111K,4.87030241562545
Y111L,7.05219101026228
Y111M,1.55186390688406
Y111P,5.07729405362909
Y111Q,-0.206517801805623
Y111R,3.92086362058392
Y111S,0.979474575866195
Y111T,4.1401729982554
Y111V,1.96325540534009
Y111W,-0.391088286475391
Y112D,0.53305964046402
Y112E,1.67398115559814
Y112F,0.2719152348772
Y112G,0.879452609506202
Y112H,0.0577311813018446
Y112I,1.52350162110343
Y112K,-0.616957533517788
Y112L,0.607872776358136
Y112M,1.32081053955492
Y112N,1.42022074148207
Y112P,3.64381267502759
Y112Q,-1.47270064331673
Y112R,-0.316627076336952
Y112T,1.65511072853616
Y112V,3.41312695993062
Y112W,2.12737881425619
L113A,1.42923095897007
L113C,4.75694717214414
L113D,0.0201064937143033
L113G,-0.378229714404755
L113H,-0.956863030844896
L113I,0.185902637573675
L113K,0.917090910858778
L113M,-0.295592946565248
L113N,0.0251135233951252
L113P,-0.644697014150492
L113Q,1.06584486618228
L113S,2.83535462467141
L113V,-1.08265415537321
L113W,-0.737855305532063
L113Y,-0.697477354732055
G114A,-0.718631590875682
G114C,5.16619589225963
G114D,-0.166155803983387
G114E,6.1075555535982
G114F,-0.128254486919305
G114H,-0.586625329912325
G114I,4.58280495526228
G114K,-0.469321175228065
G114L,1.63995394096862
G114P,3.34773703030275
G114Q,2.22985377829837
G114R,0.179375010178531
G114S,-0.658646602321651
G114T,-0.183348871083853
G114V,10.9602184478003
G114W,4.36603118498662
G114Y,-0.117148214719493
T115A,0.292776814324064
T115C,-0.115552604856163
T115D,2.81004691834093
T115E,1.65469665053145
T115F,0.915972636727274
T115G,-1.141419206694
T115H,0.0740029665185621
T115I,8.21049906039366
T115K,6.0299999046013
T115L,-0.586737793945079
T115M,-0.404380347589256
T115N,10.9602184478003
T115P,1.32356586235858
T115Q,2.75253895734016
T115S,0.848751279281766
T115V,1.738937955682
T115W,1.04732019919001
T115Y,2.1809893075773
G116A,10.9602184478003
G116C,3.41338930302748
G116D,5.8055380882828
G116E,7.38724952902467
G116F,4.62957672621022
G116H,3.14807354216061
G116I,10.9602184478003
G116K,5.87893616778341
G116L,2.68277402633486
G116M,3.27109574720804
G116N,4.05349637686744
G116P,5.46832805272911
G116Q,1.27942316014073
G116R,4.24340563222899
G116S,10.9602184478003
G116T,5.17927964314099
G116V,10.0965552810504
G116W,8.99902581720239
G116Y,3.47451567420055
P117A,-0.762294409267048
P117C,-0.18444069746714
P117D,-0.566247513975683
P117E,-0.244332716904804
P117F,-1.12369617135034
P117G,1.66326911917835
P117H,1.52514455359636
P117I,3.59142343093872
P117K,-0.614189031427537
P117L,-0.670682624834875
P117M,-0.782362721270208
P117N,1.94086391736495
P117Q,5.2687316487814
P117R,0.374251018228147
P117S,-0.877148843285636
P117T,0.619503433573938
P117V,0.941480632463829
P117W,-0.214019382139313
P117Y,2.20634175677222
E118A,2.3781564430427
E118C,-0.738822233878438
E118D,7.92852313188678
E118F,0.711595675342348
E118G,3.52154866079017
E118H,-0.769074052414987
E118I,0.30481113213795
E118L,1.68795215541815
E118M,0.65256169704144
E118N,-0.627395528504064
E118P,2.05581446635515
E118R,-1.07538086066635
E118S,-0.0121275625699277
E118T,0.137092902790342
E118Y,-0.54980524360206
A119C,-0.461008306778131
A119D,1.31761447717165
A119F,0.229959414159736
A119H,-0.784009492863891
A119I,-0.698294434308996
A119K,-0.569801362241438
A119L,-1.34305561026552
A119M,0.26525757971435
A119N,-0.0866174537160658
A119P,0.746276195488006
A119Q,1.35194390443317
A119S,0.225183972870611
A119T,0.832623333317325
A119V,-0.498815731107725
A119W,0.539323238298652
A119Y,-0.261502225587974
G120A,-0.615442234621344
G120C,1.99825309051253
G120E,-0.379571161914779
G120F,-0.438220437196098
G120I,-0.612861822517839
G120K,-1.23145165104753
G120N,0.71818424076665
G120P,0.549953260834437
G120Q,-1.00094063561594
G120R,1.07819764518992
G120T,-0.737948462679633
G120V,0.472800541538421
G120W,10.9602184478003
L121A,2.88599270013736
L121C,5.53995926754648
L121D,0.92195150348262
L121E,10.9602184478003
L121F,-0.536724136497613
L121G,2.08248125587713
L121I,-0.677863547287725
L121K,2.13077569958106
L121M,1.65352903679933
L121N,1.54529270856463
L121P,2.73378656324329
L121Q,1.01259309132647
L121R,0.975118174020202
L121T,0.300336306573753
L121V,-0.796410934638787
L121W,4.05075850075124
L121Y,0.655919189684087
P122A,4.02088619580007
P122C,6.24768064689879
P122D,5.21085461811503
P122E,7.66068009836331
P122F,-0.807590364039166
P122G,4.33528576336931
P122H,4.14377025044524
P122I,3.84159508390875
P122K,1.55142472204597
P122L,4.13891738105903
P122M,2.29908313333878
P122N,5.00350404288554
P122Q,4.2653061919234
P122R,10.9602184478003
P122S,3.6805113066027
P122V,5.53510328247541
P122W,1.44643553620531
P122Y,4.23419417120531
Y123C,2.51370226027329
Y123D,2.6446361664419
Y123E,0.599648191676326
Y123G,4.41557258695469
Y123H,-0.0891067477749376
Y123I,-0.67333814875978
Y123K,0.659900177373279
Y123L,-0.993525268365674
Y123M,-0.930314814371092
Y123N,0.0104074167484139
Y123P,0.101584860379894
Y123Q,-0.274970368773392
Y123R,0.851258480523178
Y123S,0.664062387043247
Y123T,0.314492044183809
Y123V,-0.974590645445326
Y123W,-0.389331519162506
G124A,0.533566166584978
G124C,3.92610854921851
G124D,3.81443399039883
G124E,4.473548438957
G124F,7.09302189551469
G124H,10.9602184478003
G124I,0.983917228888224
G124K,1.91941159799344
G124L,0.647816028925749
G124M,2.80565794224435
G124N,2.43644011419731
G124P,4.68876453498364
G124Q,7.90808929921068
G124R,2.91278190625227
G124S,10.8099716133024
G124T,5.53319148878617
G124V,2.76684199189046
G124W,-0.107123418953354
G124Y,10.9602184478003
A125C,0.0175604536383955
A125D,2.66346640718079
A125E,3.35418562567068
A125G,-0.579277283442746
A125H,1.06772499693949
A125K,-0.792021713647162
A125L,-0.67747618184509
A125M,1.09430540384618
A125N,5.57042935995471
A125P,0.553788245500677
A125Q,3.10502344727921
A125R,5.58495663722511
A125S,-0.750594905205784
A125T,-0.647278774377188
A125V,0.480751225428209
A125W,1.01787879271047
A125Y,3.11809380955504
N126C,2.48920656534634
N126D,4.16395437844375
N126E,-0.014108199126953
N126F,0.796160769659167
N126G,0.104825127458656
N126I,4.28737602337585
N126L,2.91350518023852
N126M,-0.778025357946954
N126P,0.831830077725744
N126S,2.95438022023865
N126T,4.46068352875026
N126V,-0.0270570977839164
N126W,-1.20762313781489
N126Y,-1.36241273251675
K127A,0.779924239246553
K127C,0.129748298918303
K127D,1.27280103020514
K127G,-0.792771019456604
K127H,1.7695170463254
K127I,-0.044997000206855
K127M,1.55345064013567
K127N,0.247118711073202
K127P,4.12529974281578
K127Q,3.79286375655683
K127R,0.592468559438492
K127S,-0.951429535661618
K127T,-0.370551933210991
K127V,0.646567762849228
K127W,0.4230899275096
D128A,0.0228590626173979
D128C,2.87432360979806
D128E,-1.33066101275387
D128F,6.1608551678077
D128G,-0.850228537897913
D128I,-0.946799531691232
D128K,1.14100592141442
D128L,1.15978986483188
D128M,-1.26081045343144
D128N,-0.0720171262732427
D128Q,-0.520131180727014
D128R,0.711667808468243
D128S,3.79064085442974
D128T,5.0952124035597
D128V,8.36503512313765
D128W,3.22085696506299
D128Y,1.05817620714201
G129A,0.766173988075243
G129C,2.50300370484238
G129D,-0.556437990934972
G129E,-0.537913630167486
G129F,0.2143350714261
G129I,0.242383853693977
G129K,2.35402748667029
G129L,1.61656401200997
G129M,-0.535457051094874
G129N,-0.55297612795036
G129P,-1.24917456608504
G129R,-0.999466066339977
G129S,-0.196302304568489
G129V,4.583502024507
G129W,1.1752249727985
G129Y,0.473019346253696
I130A,-0.270991236320775
I130C,5.28525071157048
I130D,1.29232769101937
I130E,1.12880556876914
I130F,-0.455088064982629
I130G,1.81326400236307
I130H,-1.2368429390143
I130K,6.00944625614259
I130L,-1.06439399480199
I130M,1.01133060725666
I130N,-0.158937838961351
I130P,2.51346688064642
I130Q,1.9715445901362
I130R,2.67663427694705
I130S,0.201896286328413
I130T,-0.833974757442769
I130V,0.992179135754637
I130W,1.92752364478911
I130Y,-0.652364881112126
I131D,-0.47098044540991
I131E,0.000846586803662866
I131F,-1.24511578449268
I131G,-0.667737517236439
I131H,5.64092548282098
I131K,-1.0504588503582
I131M,0.318965803078002
I131N,-0.85475403357804
I131P,4.25846122852515
I131Q,0.476605653534151
I131R,-1.16170888789271
I131S,-0.610574573250083
I131V,1.62118579195738
I131W,-0.997154522057021
I131Y,-0.305245340570545
W132A,5.29736175061741
W132C,10.9602184478003
W132D,1.27942316014073
W132E,2.21135382793925
W132F,0.0965472379604237
W132G,6.35211340138398
W132I,2.33400862681737
W132K,2.24491969774534
W132L,2.23600515547684
W132M,2.62937233269381
W132N,3.18380806822365
W132P,2.84460969214502
W132Q,5.35763813785728
W132R,5.52501985902437
W132S,1.52256908242498
W132T,10.9602184478003
W132V,1.92633753270902
W132Y,-0.466863517067699
V133A,0.655726977879285
V133C,4.31737885916221
V133D,4.23542676862211
V133E,2.10727791854835
V133F,2.15526003875229
V133G,-0.552511389430581
V133H,1.19647653099146
V133I,-1.01038852534218
V133K,3.88257591606234
V133L,-0.216084826719483
V133M,-0.327768019876113
V133N,-0.319546635708188
V133P,5.30151935342686
V133Q,-0.164854076646157
V133R,3.83167224492783
V133T,1.1592962691615
V133W,3.50775726118573
V133Y,-1.01057733656154
A134C,3.61895563158112
A134D,1.04645492923356
A134E,1.63341305544321
A134G,-0.0171731543889209
A134H,-0.190581364274395
A134M,-1.15751160156777
A134P,5.2198838666832
A134Q,-0.950151104163092
A134R,-0.535287788389772
A134T,0.559273257411999
A134V,1.5159934182027
A134W,-1.17929395083598
T135A,1.04831773049238
T135C,-0.875117063542796
T135D,-0.28703135632977
T135E,-0.893889296032406
T135F,-0.0392367782107632
T135G,-0.549743666110175
T135H,0.0777946401154135
T135I,-0.793275705878513
T135L,-1.29151348482718
T135M,-0.799394106152596
T135N,1.62780968251098
T135P,6.02252103262455
T135Q,-0.615098224462699
T135R,0.47280054153842
T135S,0.90539195485422
T135V,0.635800760415474
T135W,-0.127587538297301
T135Y,-0.317059006991133
E136A,-0.467861013813987
E136C,2.70590209021606
E136F,-0.983146736566764
E136G,-0.735282881367567
E136H,0.715288079871079
E136I,0.389934621178357
E136K,0.607477984506669
E136L,0.264877963461884
E136M,-1.51793900700917
E136N,-0.146328831399591
E136P,1.11754217812314
E136R,3.93835233731319
E136S,0.802787224148684
E136T,0.00983971773857476
E136V,-0.338479046460937
E136W,0.664973305666718
E136Y,-0.379813094265572
G137A,-0.5850271136773
G137C,2.20381842867077
G137D,-0.416222354380476
G137E,3.02452131387124
G137F,-1.27786881008987
G137H,-0.407023250366162
G137I,-0.362065189374919
G137L,-0.263600768640805
G137M,-1.37265604301792
G137P,3.59786055397586
G137Q,-0.166939742775324
G137R,2.45959589909287
G137T,0.400318744158077
G137W,-0.580281861331887
G137Y,-1.0203062238184
A138C,8.43354784603973
A138D,-0.28575693880642
A138E,2.67669695745655
A138G,0.32000923878482
A138I,0.927866083631603
A138K,1.24314732665264
A138L,4.33043503817558
A138M,-0.171434084485574
A138P,5.15684919744107
A138Q,0.652634230757826
A138R,0.877634131313575
A138V,-0.169639820313182
A138W,0.477496133528237
A138Y,-0.540585783776743
L139A,-0.176582416741862
L139C,2.48454855809207
L139E,0.66552760565654
L139F,-0.766825283235604
L139G,0.337334355494454
L139H,-0.0712017862167052
L139I,-0.187935627583054
L139M,-0.284298815927157
L139N,-0.750522993508502
L139P,-0.831707488914287
L139R,-0.362065189374919
L139T,-0.60917120555981
L139V,-1.31133191727079
L139W,4.25148687387216
L139Y,-0.785324016282882
N140A,-0.575816383595882
N140C,0.230682532905239
N140D,0.000109296478431907
N140F,-1.04419785849304
N140G,-0.179874600039504
N140H,0.207855689765716
N140K,0.271266884390362
N140L,-0.494411847528
N140Q,-0.68534070315678
N140R,-0.851376056354146
N140S,-0.698559866117319
N140V,0.728704953293731
N140W,-0.140233833261338
N140Y,-1.2367397733726
T141C,0.334930754202847
T141D,1.8642420251988
T141E,4.91653819989552
T141F,-0.841273387500551
T141G,0.854906083733741
T141H,3.47149874856576
T141K,-0.0904982548348534
T141L,-1.20692412827685
T141M,-0.171393876863356
T141N,-0.00362528036025721
T141P,0.130152094053523
T141Q,-0.962725094632714
T141R,-0.250403990267263
T141W,-0.417942228896913
T141Y,0.843670414490958
P142A,-0.982933208692338
P142C,4.84745289052848
P142D,-0.85260080926811
P142E,-0.766261099930567
P142F,-1.25847795484411
P142G,0.843589682516177
P142H,-0.857557678095521
P142I,-0.670682624834875
P142L,0.0999923787384271
P142N,-0.279785940006155
P142Q,-0.697956337161986
P142R,-0.752947191069948
P142S,3.51045866177745
P142T,10.9602184478003
P142V,-0.607845936932342
P142W,-0.822463154501506
P142Y,-0.882340162467853
K143A,2.3364852393729
K143C,0.493305206685189
K143D,1.51690938586798
K143E,2.34489061035969
K143F,2.76493823924107
K143G,1.28493693794029
K143H,-0.220122299762061
K143I,-0.274647647305952
K143N,-1.48952290383886
K143Q,-0.559017784185726
K143R,0.838470852506161
K143S,2.37257790208079
K143T,-0.0635789666116727
K143V,-0.317853643631413
K143W,-0.0938381703212878
K143Y,5.44007169326409
D144A,1.46516630065353
D144C,3.00539945015767
D144E,0.610989515050692
D144F,-1.44648230461806
D144G,2.71110054825703
D144I,0.84267663053399
D144K,-0.552857359670544
D144L,-0.367472930954038
D144M,-0.252948587549003
D144N,-0.563213608789261
D144Q,-0.872357404803021
D144R,-0.327684935033558
D144S,0.62009194421602
D144W,-1.51082521486685
D144Y,-0.717485659751737
H145D,-0.763319055903832
H145F,-0.207770411929659
H145G,-0.558829891098676
H145I,-1.14626739712555
H145K,-0.56579028710853
H145L,1.25855524334167
H145M,1.89159708355089
H145N,-1.14316090193083
H145P,1.61978093592699
H145Q,-0.337200429457437
H145R,0.184164056899058
H145S,0.0164184917637377
H145T,-0.378252763646486
H145Y,-0.647877158779556
I146A,-0.646630220707737
I146C,0.802762761543705
I146D,10.9602184478003
I146E,1.45213111983517
I146F,1.31362276395592
I146G,2.61521077326209
I146K,-0.501353177835774
I146L,8.72561032088956
I146M,-0.557920248500593
I146N,-1.06933660672943
I146P,-0.250677988829202
I146Q,-0.30595363094551
I146R,2.54789562782741
I146T,-0.302208705599188
I146V,0.0310045197141222
I146Y,-0.830500915554112
G147A,-0.909247663126188
G147D,0.254974134929715
G147E,0.237665799125543
G147F,0.357460137186288
G147H,-0.979609023215269
G147I,-0.455926375293115
G147K,-0.209043396224291
G147L,-0.734978141070518
G147M,4.07508412521511
G147P,0.481205023932537
G147Q,0.100753911071486
G147R,-0.944503729948507
G147S,1.26576271295572
G147T,0.306070851551705
G147V,-0.25024830582618
G147W,6.59143069857828
G147Y,-0.650031464158449
T148A,1.23588999672059
T148C,-0.642042757147448
T148D,-0.325340562519778
T148G,-0.318608317137558
T148H,-0.465296200333159
T148I,0.64889308973038
T148L,0.755741840475081
T148M,1.50335637636328
T148N,1.98985592526696
T148P,-0.519081667645698
T148Q,-0.164802689476116
T148R,-0.339947751106111
T148S,0.574223066622598
T148V,0.187179512724075
T148W,-0.769768232220124
T148Y,-0.408381715747322
R149A,0.487746534832944
R149D,0.588445789405296
R149E,-0.405193179405499
R149F,-0.416919253073093
R149G,10.9602184478003
R149H,0.0389313188919792
R149K,-0.410263205694644
R149L,0.604395103488754
R149M,-0.515863669547847
R149N,2.44588317643408
R149P,0.612303289477762
R149Q,-0.48194070890108
R149S,-0.744001270189515
R149T,-0.147070422812575
R149V,0.961688038595747
R149W,1.0309458059216
R149Y,0.216224624046728
N150A,-0.749151367831479
N150D,-0.933874973344342
N150E,-0.700741492044816
N150H,-0.224973466438292
N150I,4.45559219969816
N150L,-0.980172806850267
N150M,-1.4421916864166
N150Q,-1.0798054077283
N150R,0.47830598159794
N150S,-0.247729736570004
N150T,-0.679816550662467
N150V,-0.101734799731477
N150W,-0.411651399731999
N150Y,-0.714923061931804
P151A,-0.626724498871138
P151E,-1.05806295499916
P151F,0.118900505564066
P151G,-0.532971456543761
P151H,0.52958506134584
P151I,-0.499183949262398
P151K,0.359366479988546
P151L,-0.608501340700631
P151M,-0.00150432299133551
P151N,0.927076089653875
P151Q,-0.135516303923447
P151S,-0.723608153554019
P151T,-0.088923603379617
P151V,0.0915621319380128
P151W,-0.195598577884911
P151Y,0.465911586295165
A152C,-0.720185808165977
A152D,-1.47069061712178
A152F,-0.771753657530887
A152G,-1.12466154098608
A152H,-0.565275007625182
A152L,-0.682766393778427
A152M,10.9602184478003
A152N,0.998801312407013
A152P,-0.364156998755337
A152Q,-0.174060875016706
A152R,-0.0417254002760984
A152T,-0.854360360850196
A152W,-0.181598623279902
N153C,0.761936208507305
N153D,1.57119617105408
N153F,1.31042413731879
N153H,0.748120647497732
N153I,-1.82015565074462
N153K,-1.601618549743
N153L,-0.757370327348549
N153M,-0.0719497139717492
N153Q,-0.626469607265378
N153R,0.790767781417502
N153S,3.29549600697767
N153T,1.03302588282147
N153V,0.230200102372003
N153W,-0.751129996570243
N153Y,-1.13931596648976
N154A,-0.417490298342034
N154C,3.38867276724454
N154D,-0.132079131134011
N154E,-0.755897754693206
N154F,0.179476948635183
N154I,-0.197087802986161
N154K,-0.19453445205134
N154L,-0.65782117633627
N154M,-0.220088838900686
N154R,4.27278659125383
N154S,-0.0728917329603283
N154V,-0.0634699564256497
N154W,-0.0760244043009385
A155C,-0.0614272427654915
A155D,-0.197573827987262
A155E,-1.42342822220088
A155F,-0.147348090826528
A155G,-0.920924845720668
A155H,6.79648823557853
A155K,0.918561393371967
A155L,-0.268043441436132
A155P,-1.53899938623374
A155Q,-0.0236088277846717
A155R,-0.342782053942299
A155S,-1.4306952793402
A155T,4.97402332444565
A155V,-1.08825044085168
A155W,1.82717121162368
A155Y,-0.514055007202993
A156C,1.87921017089211
A156D,0.671337125204249
A156E,-1.55576504099614
A156F,-0.777970926194799
A156G,-0.111516350530351
A156H,4.77792212935148
A156I,-0.656029522053933
A156K,-0.262051433444678
A156L,-0.101118227023792
A156M,-0.337012013656745
A156N,0.915304742740471
A156P,1.76445081183447
A156Q,1.2947002788153
A156S,-0.718608593159124
A156V,-0.596757933285403
A156W,6.97150658037152
A156Y,-0.272624592322581
I157C,-1.03350859765432
I157D,-0.0663058220318072
I157E,-0.956478105544499
I157G,1.09016331842067
I157K,0.992167477832025
I157L,-1.44233651966982
I157M,2.27965687883948
I157N,2.00001458164622
I157Q,-0.525898237332427
I157S,-1.28661963101858
I157V,-0.389318259652563
I157W,-0.280018088470923
I157Y,-0.602936022217824
V158A,-0.0279275868835355
V158C,-0.134589207416243
V158D,0.432164790186684
V158E,-0.919680345436343
V158F,0.72966094116288
V158G,-0.854217492860127
V158H,0.00565669993319132
V158K,0.238202048786726
V158M,-0.639599752763137
V158N,-1.05671523661613
V158P,-0.517331980577241
V158Q,3.83774749927363
V158W,0.989903054105503
V158Y,-0.70662673459199
L159C,2.97661706046768
L159D,2.24582979330778
L159E,1.46539041660837
L159F,-1.02126541167375
L159G,0.926806924181744
L159H,-0.730516340728769
L159I,-0.763861542627718
L159K,3.4435323506468
L159M,-0.595828131976074
L159Q,0.266174048734327
L159R,2.30853842718798
L159V,2.19529238842255
L159W,0.857068285996654
L159Y,-0.578925965835953
Q160A,-0.300113707217739
Q160C,0.0705516721195106
Q160D,-0.567231641776936
Q160E,0.478286865926147
Q160F,1.75529639701351
Q160G,-0.200968999686262
Q160I,-0.42821840115187
Q160K,-0.261075285110178
Q160L,0.642000061661493
Q160M,0.144650134885874
Q160N,-0.292049390176212
Q160P,0.365817000508579
Q160R,0.22793015939286
Q160T,0.706005463296754
Q160V,-0.709308565581509
Q160W,-0.979231832534027
Q160Y,-0.242021878416234
L161A,-0.0446895017001283
L161C,6.21095227769115
L161F,3.32186466611374
L161G,-0.713090785360587
L161H,0.715180661333524
L161I,-0.103528533824151
L161K,-0.0424897370575209
L161M,-0.506660055696437
L161N,-0.458176271068513
L161P,0.291372614366109
L161Q,-0.761454308370823
L161R,3.42649392958289
L161T,-1.36117917507716
L161W,3.40150818690972
L161Y,1.8074069826125
P162A,-0.343157316523322
P162D,-0.0180697373828401
P162E,-0.364509693788592
P162F,-0.0732974920862314
P162G,-1.51946467047507
P162H,0.0822805939360724
P162I,-0.380669861343264
P162K,0.484067865206278
P162L,-0.981618826854211
P162S,-1.40435529001153
P162T,-0.0884628239829367
P162V,2.86164892536263
P162Y,0.189332674533586
Q163A,0.108312686527561
Q163D,1.06337741158139
Q163F,0.6817573575806
Q163G,1.40688465841394
Q163H,0.343636843994005
Q163I,-0.325724896184083
Q163L,-0.961372431734134
Q163N,-0.279416179656078
Q163P,-0.429021646266902
Q163R,0.9066625622721
Q163S,-0.76649461333879
Q163W,0.0448807268391016
G164A,-0.334499751283695
G164C,2.29293025708973
G164D,-0.552429278252264
G164E,-0.109179464951551
G164F,-0.637167863897384
G164I,-0.6861686048711
G164K,-0.220145501714933
G164L,0.20886281611891
G164N,0.556356285760293
G164R,-0.147623071653996
G164S,-0.502624625214931
G164V,-0.323568228521793
G164W,-0.589979553090966
T165C,0.883245123410129
T165D,-0.593811918698269
T165E,-0.150269004738778
T165F,0.0945459744884855
T165G,-1.27949045975178
T165H,-0.365062807437857
T165I,-0.793875650999962
T165K,-1.44271774581159
T165L,-0.415965443734475
T165Q,1.27123776318963
T165R,-0.611240590018277
T165V,-0.897378058831531
T165W,-0.978789222354851
T165Y,0.356159908721785
T166A,-1.28785361044317
T166C,0.643858967734083
T166D,-0.445168069834293
T166E,-1.19933589973038
T166G,-1.68035630738839
T166I,-1.6934920109763
T166L,-0.666826129918859
T166N,-0.83787112570167
T166P,-0.356262486896257
T166Q,-0.77171459569648
T166S,-0.959729004483072
T166V,0.14232692770292
T166W,-0.197119672700044
T166Y,0.314335867652071
L167A,1.46850086486705
L167C,-0.970503632749975
L167D,0.306437285369821
L167E,4.72942173696161
L167G,1.16487906798543
L167H,-0.932690977654044
L167I,-0.475607918396391
L167M,0.953890937603607
L167N,0.0442106930790984
L167P,-1.62345121017063
L167Q,-0.918688260611454
L167S,1.6904499914505
L167T,0.549978361452669
L167V,-0.469096016960944
L167W,0.17343603955576
L167Y,-1.46186444744167
P168A,0.194002141329907
P168C,0.145131698692213
P168D,-1.20569553644721
P168E,0.387787447888081
P168F,-0.104424444963601
P168G,-0.40117172978613
P168H,-0.186505580271977
P168I,0.701328366095401
P168K,-0.70690825222107
P168L,-0.903521691655282
P168Q,-0.925462842716153
P168R,-0.385622773371892
P168S,-0.599803972031304
P168V,0.381898234617359
P168W,0.908247914811297
P168Y,-1.32461138342759
K169C,-0.737540088514906
K169E,0.510850953733479
K169G,-0.400560992334404
K169H,3.28155249392709
K169I,0.767890662803469
K169L,-0.613368577889064
K169M,0.768869526319382
K169N,0.214898749829244
K169P,6.17163176421111
K169R,1.3236461494909
K169W,-0.0889015632643981
K169Y,-0.859347308583811
G170A,-0.585578196930943
G170D,4.04725619310295
G170E,-1.53801671635194
G170F,1.00413498942799
G170H,-1.10513310316388
G170I,-0.0751039001755329
G170L,0.126419650344201
G170N,-0.866881541072015
G170P,1.96088163847391
G170Q,-1.01237835625008
G170R,0.794791009141104
G170S,0.329253780896367
G170T,-0.554592993418589
G170V,-1.04428361095111
G170W,0.185949694134934
F171A,-0.0674586317287605
F171C,-0.455442417415104
F171D,0.428668898255389
F171E,-0.536294821283424
F171G,0.23760179607229
F171H,-1.09956858413328
F171I,-0.878643818491004
F171K,0.754095752772519
F171L,0.330949679168546
F171M,-0.963927317687426
F171P,0.348490348436344
F171R,1.18396887163315
F171S,-1.16236922485233
F171T,-0.706465714730336
F171V,-0.664502301076098
F171W,1.31375358247556
F171Y,-0.600969284120367
Y172C,0.527481975990763
Y172E,-1.18990922207585
Y172G,1.22040381057947
Y172K,4.13151779051416
Y172M,-1.28730605022643
Y172P,-0.0582419528975641
Y172Q,-1.54718631182044
Y172R,2.11724744455979
Y172S,3.68683184160047
Y172V,-0.371139799787098
Y172W,-0.940023343507472
A173C,0.805115171511264
A173E,-0.142037497303863
A173G,5.8178134761575
A173H,-1.1527216064913
A173I,1.65779692429416
A173K,-0.898694926573719
A173L,-0.677181829170726
A173N,-1.14339575183362
A173P,-0.371250744879356
A173R,0.214009016199123
A173S,-0.20039961323612
A173T,1.45488266906364
A173Y,-0.990014450803605
E174D,0.562014656487711
E174F,-0.733079120685441
E174G,-0.72625652128699
E174H,3.05181664786393
E174I,-1.33421641933482
E174M,-0.498622713612383
E174Q,-0.802308003324044
E174R,0.237053432416135
E174S,1.14220692983239
E174V,0.388827766007675
E174W,0.497049504296137
E174Y,-0.822174395555971
G175A,-0.313810608620478
G175C,-0.44862758700699
G175D,-0.570552883683379
G175E,0.578071842350263
G175H,2.82034453920794
G175K,1.75368488253578
G175L,-0.234280663878407
G175M,7.40665828290584
G175Q,-0.783635801293489
G175T,6.46581404296984
G175V,0.0591941587246695
G175W,-1.35488936958354
S176E,-0.274592772137937
S176G,-0.287069802335267
S176I,-0.61262586007661
S176N,-0.568879042102142
S176R,0.475144878220418
S176T,-0.689946001442917
S176W,-1.12939888081063
S176Y,0.0709342631991793
R177A,2.21864263389015
R177C,-0.579105413445602
R177D,-0.0368659581563977
R177E,0.0680709741687998
R177F,0.468469714476022
R177G,2.78382506477983
R177H,0.373954968987211
R177K,-0.71222460399532
R177M,0.709805887474588
R177N,2.28661675056885
R177P,-0.758855832958723
R177S,-0.673292309970661
R177V,-0.14018848281065
R177W,-1.28051128157889
R177Y,1.39977490846723
G178C,-0.743406118946628
G178D,0.820573769627819
G178L,-1.03156209682816
G178P,0.684806745721421
G178Q,-0.359200077794655
G178R,-1.18974589572302
G178S,-1.06686846848113
G178V,-0.343061643175836
G179A,-0.809570335481814
G179C,-0.488098239592389
G179D,4.33514179170193
G179E,-0.683254747521391
G179F,-1.06537446891004
G179H,-0.320156245207817
G179I,0.336718437154499
G179K,1.87540465393707
G179M,0.42242119856778
G179N,-1.16156504887337
G179R,-0.497876533909078
G179S,-0.576471754276018
G179T,-0.984751980387869
G179V,0.901488341550808
S180D,4.96923442347569
S180I,-0.823994330410225
S180K,1.63387443511308
S180L,-1.45915210626498
S180N,3.65047141407941
S180P,1.80134488719556
S180R,0.813342006993479
S180T,-1.16869835565229
S180V,-1.17446748661632
S180W,1.67494603158249
S180Y,4.27679629112293
Q181C,-0.832298219023351
Q181G,-0.632593165767505
Q181H,1.09776792105952
Q181I,4.77284650534524
Q181L,-0.0203431368460124
Q181M,-0.252539088644339
Q181N,10.7470612966952
Q181R,-0.944206094329015
Q181S,-0.1403132627767
Q181V,1.38430077862668
Q181W,9.74781763166817
A182C,0.284542783859459
A182E,-1.34801643617442
A182H,1.24548822740948
A182I,1.05450404477382
A182K,-0.837637809987537
A182M,4.82626823788608
A182N,1.1619070383243
A182Q,-1.64255198215154
A182R,-0.842083478966281
A182T,2.2061911010441
A182W,-0.429884584293021
A182Y,0.909473712645592
S183D,1.13416959856439
S183E,0.0687645515488327
S183F,-0.821252932627669
S183I,2.6824711608387
S183L,0.462723656919925
S183M,-0.328123950432495
S183P,4.23101850969322
S183T,-0.576380928041617
S183W,-0.278196243347759
S184D,0.230406818489169
S184E,-0.0382092221744351
S184F,1.12478847678173
S184H,-0.561694733534575
S184K,1.35954068724369
S184M,-0.637490426798506
S184N,2.78136170636079
S184P,2.98613624585289
S184V,-1.05966387154662
S184W,-0.333283729462888
S184Y,-0.917293822656356
R185A,2.28833705963347
R185D,-0.807791337124018
R185G,3.57764076030537
R185H,5.35178766190576
R185I,-1.19042570873584
R185K,-1.15239268253415
R185L,0.0149538795283719
R185M,-0.686122394756977
R185N,0.930607956898148
R185Q,-0.897126361341469
R185S,0.0639882132542695
R185T,-1.01676197401928
R185W,1.61580961574951
S186A,-0.83026450452793
S186D,0.667492460329295
S186E,-0.756472530244212
S186H,0.488401993181124
S186N,-0.698626895241047
S186R,-0.171177125626589
S186T,2.83483834881868
S187C,-0.277531498586514
S187F,-0.946476776473508
S187I,1.25308827969516
S187L,-0.78784874742423
S187N,1.67898844368878
S187Q,4.06415948035733
S187R,0.366839101668169
S187T,-0.551031804216638
S187V,-0.301121690025244
S187W,2.13484331476169
S187Y,-1.31882591341323
S188D,-0.738736317093404
S188F,3.51974828550909
S188G,0.555180376918561
S188H,-1.32440953533354
S188I,-1.09780512724309
S188K,2.69845331990934
S188M,-0.564775865733643
S188N,-0.388077300434493
S188P,-0.31233168359714
S188Q,1.03505016193865
S188R,-0.58825230451007
S188T,-1.03311578609738
S188Y,-0.487162674860256
R189D,1.67160759048275
R189I,-0.962030890545889
R189L,3.05442529585234
R189M,-1.52179250802931
R189N,-0.315030324507979
R189P,-0.622669183756616
R189Q,-1.09845416471177
R189S,-0.298493635229331
R189T,-0.705160858252421
R189V,-0.629140812470454
R189Y,-0.534465071112713
S190C,-0.346789982008956
S190G,0.331943299734918
S190M,-0.340534602858255
S190N,0.934508277039328
S190Q,0.0581673101914535
S190R,1.49799986810368
S190V,0.104625256249212
S190W,5.39733842830099
S190Y,-0.646855299952241
R191A,-1.41891499291719
R191C,-0.734125363450876
R191D,1.23380664442626
R191E,10.9602184478003
R191F,-0.855674164010964
R191G,1.9840732824561
R191H,-0.729913127007578
R191K,-0.119275932353568
R191M,0.888062618331274
R191P,-0.900730772278622
R191Q,0.607248391813879
R191S,-0.541232325926057
R191T,-0.428609832698291
R191W,0.281291141731462
N192A,1.25268777020276
N192C,2.19374870090755
N192E,0.210887249029835
N192F,-0.614135068985521
N192G,-0.662404910385698
N192I,0.927076089653875
N192K,0.557890697686386
N192L,-0.458422283252656
N192M,-0.359122493787829
N192P,-1.1037511949537
N192Q,0.168029464079175
N192R,-0.758677372196161
N192S,0.0983242497038582
N192T,-0.0404821842776219
N192V,1.78354374517719
N192W,2.06822751415974
N192Y,1.6279949900536
S193A,0.626836177764548
S193C,-1.11856614268741
S193D,-0.525108798494173
S193E,-0.335568638329175
S193G,2.70756631323404
S193I,-1.37582935904679
S193L,4.04666387372891
S193N,3.97851036665767
S193Q,2.8549006851203
S193R,-0.694332437400269
S193V,-1.00853228825188
S194A,-0.531068306714781
S194C,-0.361846503605085
S194E,1.02626404056091
S194F,-0.509576132071623
S194H,5.91507757951813
S194M,5.20380450617406
S194N,0.0917744615009742
S194Q,-0.0394078241666607
S194R,5.64219913209733
S194Y,-0.826034660317618
R195A,0.706964411259497
R195C,0.985383525063265
R195D,0.208260342942813
R195E,-0.163541159579103
R195F,-0.918008938888424
R195H,-0.712189917995436
R195I,-0.847886139689993
R195L,1.32768000374105
R195P,-1.19520664813632
R195S,-1.39805855684941
R195T,0.864740296047572
R195V,-0.15318118705631
R195Y,2.27219185817916
N196C,10.9602184478003
N196D,-0.411410421627837
N196E,-0.056021342978056
N196G,0.294903636295123
N196H,2.2658890246737
N196I,1.41334211399619
N196L,-1.04912306188792
N196M,10.9602184478003
N196R,-0.612324707456824
N196S,-0.674014234819167
N196T,-0.610635376118769
N196Y,-1.13321855285832
S197A,4.40473471994596
S197D,-0.975945609235297
S197E,1.92650598441809
S197G,-0.547607476342453
S197I,2.11420810627797
S197K,-0.43096474356243
S197L,2.83464076619937
S197M,0.484175065926564
S197P,0.327906669816141
S197R,-0.449582738234149
S197T,3.30450530217699
S197V,-0.327891257390989
S197W,-1.45776139135096
S197Y,0.424583321630282
T198A,0.141232966440758
T198C,1.12956798322476
T198D,0.212069160243488
T198E,0.985885688025604
T198K,-0.76444308623725
T198L,4.44510929777705
T198R,3.91013397916371
T198S,-0.711316049112393
T198V,-0.1989439146533
T198W,2.67935714538897
P199A,0.174797393985849
P199C,-0.982246230015617
P199D,-0.875353569713551
P199G,0.433582220184527
P199I,-0.0680378578462143
P199L,-1.00394566615764
P199M,3.9263954227318
P199N,-0.665580269463262
P199Q,-1.18759391414335
P199R,-0.820825173418625
P199T,0.0979889730063389
P199V,-0.342140055633339
P199W,1.77368575318554
P199Y,2.13160243589353
G200A,-0.39813128197525
G200C,0.345168972089052
G200D,-0.79421723272693
G200F,-0.715612601274597
G200H,-0.719688567227758
G200I,-0.551215628630902
G200K,-0.556025847661154
G200L,-0.841178596416506
G200M,-1.09892468061606
G200N,-1.69825289024255
G200P,0.310129879071737
G200R,-0.755300563806478
G200S,-0.857382411706063
G200V,1.64560529708669
G200W,1.52578253092466
G200Y,-1.06737255093048
S201C,1.91030155995775
S201D,-0.00254640095141051
S201E,0.937312271928771
S201G,-0.183025760816518
S201H,-0.0991742636296444
S201L,-0.616957533517788
S201P,5.19861327110622
S201Q,-0.923307693898716
S201R,-0.91223905047353
S201W,-0.83977890244848
S201Y,2.61133034437549
S202A,0.145328540922887
S202D,-0.230074648295466
S202E,3.80508803465669
S202F,1.16220930195458
S202G,6.11417005062505
S202L,0.982314009584787
S202N,-0.17078384967636
S202P,1.06780881034872
S202Q,0.0303004280683311
S202R,1.23446857619462
S202W,0.597514826276281
R203C,-0.553592099815338
R203G,-1.77625317614969
R203H,-0.805309396635881
R203I,-0.840122567867892
R203K,-0.367792723914714
R203N,-0.0794051394763423
R203T,-0.405279112425036
R203W,-0.941815204123003
R203Y,-0.39616703567498
G204C,2.48477465825372
G204D,1.93887778278129
G204E,-0.129797426399043
G204F,-0.777438122545229
G204H,-0.814766742688125
G204K,-0.446187792544298
G204L,-0.0713951186766111
G204M,-0.35231120706016
G204N,2.51346688064642
G204Q,0.216172853990167
G204R,-1.40708989186989
G204S,-0.285974889075372
G204T,-0.0966095727954445
G204V,0.560390076981684
G204W,0.326498008283481
T205A,-1.46973399944308
T205C,-0.876349956831763
T205D,0.207993944521374
T205E,-0.146199814097797
T205F,-0.666037892522256
T205G,0.111543704919852
T205H,-0.313035516509055
T205L,0.0818008988741563
T205N,0.571791064349369
T205P,-0.506806668393229
T205Q,1.90701325573808
T205R,-0.219032295105625
T205S,-0.8673045674391
T205V,0.284157080229479
T205W,0.286319133136464
T205Y,1.57184998828713
S206C,-0.944687901491657
S206D,0.85328314470141
S206H,-0.818601870865736
S206K,9.02144952654946
S206M,-0.892132573496044
S206P,-1.31794796828415
S206Q,-0.904645673611218
S206R,-0.605607082756631
S206V,1.7218924324042
P207A,-0.736496400803828
P207D,-0.354795486179192
P207F,8.78129896814632
P207G,0.139229498438238
P207H,3.97061121748413
P207M,-0.961598271889704
P207R,2.06266151634406
P207S,0.0247484821207529
P207T,-0.72698805705818
P207V,2.08674024407773
P207W,-0.679868661756724
P207Y,4.26565219227332
A208C,-0.765560796532157
A208D,0.229427954076794
A208E,-0.000975081929040829
A208G,-1.16646848592753
A208L,-0.723127774151353
A208M,3.26727413629497
A208N,5.00956149474837
A208Q,-1.20874524226457
A208T,0.519439836266732
A208V,-0.210059740025689
R209A,0.970349240823246
R209C,2.04601113010832
R209D,1.76713832897946
R209F,3.06379580126781
R209H,4.89387053129886
R209K,-0.807749577566514
R209L,-1.38409852337727
R209M,4.98371513982527
R209P,6.31393765015674
R209Q,-0.664219555210093
R209T,0.348712379052147
R209W,1.75307149559554
R209Y,3.91511688310931
M210A,0.0403644353085522
M210E,-0.279906648170824
M210F,-0.615640095912909
M210I,-0.838592025264686
M210P,-0.944508888868298
M210V,-0.753467232499471
M210W,-0.145994533436554
A211C,-1.0448232309008
A211D,2.22199635671112
A211E,-0.44712103558369
A211F,-0.0977618311233041
A211G,3.08464761529394
A211H,-0.328469779569781
A211I,-1.21374363757322
A211K,0.44189895201712
A211L,-1.17656482092166
A211M,-0.238781684422147
A211Q,-1.19744918166582
A211R,-0.360873284147102
A211S,-0.965498386492298
A211T,1.53519600841363
A211W,-1.516220609208
A211Y,-0.0811609470380326
G212A,-1.11193424332349
G212D,-0.203472260220458
G212F,-0.575922591549828
G212H,0.015760790561727
G212I,-0.480411190672099
G212K,-0.533510116451703
G212L,0.312973208363365
G212M,0.107106688357233
G212N,0.419653605609774
G212P,4.73186295947185
G212Q,-0.594230199822874
G212R,3.07455207352099
G212T,-0.521532175943222
G212V,-0.508824770324638
G212W,3.3900572537791
G212Y,2.37967817435325
N213A,0.696165789344618
N213D,-0.655975729711204
N213E,-0.537088197115643
N213G,-0.2154158448322
N213H,-1.13752557539429
N213I,1.16090049269636
N213K,-0.658514220132818
N213M,-1.45871632307932
N213P,-0.0601835170697527
N213Q,-1.21185099604834
N213S,-0.524787935506323
N213T,-0.545089860382222
N213W,-0.220216344846985
N213Y,-0.933512332362818
G214A,-0.178595903398675
G214C,0.683247480734397
G214D,-1.12747633948575
G214F,0.617374540709453
G214H,-0.0646337896941722
G214I,0.0940635451518686
G214K,-1.13490499957694
G214L,0.33757261812332
G214M,0.40284634973552
G214N,-1.07360920792188
G214P,10.9602184478003
G214Q,-0.884787359886138
G214R,3.3858584467345
G214S,-0.715714788293262
G214T,-0.695621859537895
G214V,-1.38565584226903
G214W,-0.0925894386394469
G214Y,0.35690311197408
G215A,-0.393523361673657
G215C,1.78923672534729
G215D,0.578682591117827
G215E,-0.338515193879137
G215F,-0.294410848643596
G215H,-0.263027196598621
G215I,0.488315641466638
G215K,5.30684316898675
G215L,-0.854541061731464
G215M,-0.0670657202508966
G215N,-0.838283834848263
G215P,-0.494034803344919
G215Q,-0.665017114839521
G215R,-1.27378346637563
G215S,-0.583556259885278
G215V,-0.386936961762948
G215W,0.851348109641276
G215Y,0.782722101502654
D216A,0.109423618466281
D216C,1.1501082578142
D216E,2.3609149439111
D216F,-0.788784241372646
D216G,0.216293910462984
D216H,-0.78935284756831
D216I,-1.21693549862331
D216K,-0.041544148668387
D216L,-0.504193270865233
D216M,-0.471931502865045
D216N,-1.03533302741515
D216P,-0.963798903798785
D216Q,-0.28678566491375
D216R,0.580307173374239
D216S,-0.290668860782128
D216T,-1.67891504284437
D216V,-0.380364575910957
D216W,2.22598823811011
D216Y,1.49463741655407
A217C,-0.523875521198489
A217D,-0.770799797117816
A217E,-0.882430234527158
A217H,-1.23779871159015
A217I,-0.69380755673602
A217K,2.23408262147027
A217L,0.275236604332907
A217M,-0.35721694987143
A217N,-0.806118839264359
A217Q,-0.641891583772244
A217R,-0.576780338021634
A217S,2.90610209220676
A217V,-0.600311306273334
A217W,0.00226117060229019
A217Y,-0.192248537906745
A218C,3.05087855451873
A218E,-0.921852143148125
A218F,-0.25443036030479
A218G,-0.667604003823103
A218H,-0.572129425782596
A218L,0.285741454091995
A218M,-0.316744855428059
A218P,-0.554603451301086
A218Q,5.85237933520916
A218S,-0.0166764077714883
A218T,1.77034981754097
A218W,0.0106444181799174
A218Y,-0.299154376296142
L219A,-0.90209520184734
L219D,2.36983403798942
L219E,-0.996142263285225
L219H,-0.862960352944674
L219I,-1.51373813300984
L219K,-0.957443891403525
L219M,-0.157462407514598
L219N,-1.1065897154606
L219P,-1.21354271918876
L219Q,-1.28579302467066
L219R,-0.860185400716476
L219S,4.03039985355095
L219V,-0.371622349465236
L219W,-0.665377259856747
L219Y,-1.14927511990357
A220D,2.35102766132503
A220E,-0.501795645381267
A220F,0.0790975445274889
A220G,-0.000412958379808437
A220H,-0.337266041029322
A220I,-0.117124374760014
A220K,-0.232729420828052
A220M,-0.788347094263855
A220P,-1.33578823891067
A220Q,-0.421609207652826
A220R,0.415187384066238
A220S,-0.481012106332236
A220V,-0.0809065607892884
A220W,-0.441998218458593
A220Y,-0.242009126066374
L221D,-0.94367172297162
L221E,0.12533417370799
L221G,2.13891629275885
L221H,0.21370112425284
L221I,2.31649246824075
L221K,-0.573453171897358
L221N,0.617334997337252
L221Q,0.264789106337471
L221R,-0.590120969529854
L221T,-1.08439039348991
L221V,-0.0283205299065143
L221Y,-0.827599307641856
L222A,3.54326085489795
L222F,0.12257105690331
L222G,-0.672431292406342
L222H,-0.452674662288553
L222I,-0.0406956607279955
L222K,-0.0466748245717482
L222M,-0.97431800236051
L222P,0.116112205040285
L222Q,-0.931212764027169
L222R,-1.58894310087294
L222S,0.620275716755658
L222T,-0.221370091841168
L222V,-0.420662256688072
L222W,0.0241783660137403
L222Y,1.53026767304052
L223A,-1.56932673376737
L223C,-0.542092329914151
L223D,-1.04758362893994
L223F,-0.250354515360884
L223G,-1.04880345322368
L223I,0.968339179412353
L223K,5.77681024984712
L223N,-1.01546030222273
L223Q,-0.512147903839057
L223R,-0.721187284976271
L223S,0.331321602582378
L223T,-0.596355794909758
L223V,0.175102999813158
L223W,3.93273762312675
L223Y,2.88686409692729
L224C,-0.893935432039316
L224D,-0.699595111952227
L224F,0.139375429474948
L224G,-0.350028173985583
L224H,0.0306509128652401
L224K,-1.08381283871916
L224M,-0.877550203356293
L224P,-0.542836252293001
L224Q,10.9602184478003
L224R,-0.507024841313058
L224S,-0.483619420273486
L224T,-0.64401186850848
L224V,0.121924217750874
L224W,5.43272099459636
L224Y,-0.035034943743464
D225A,-0.668380222455175
D225C,1.15441569145811
D225F,0.46071649823176
D225G,-1.00488364140122
D225I,-0.491369849991663
D225K,0.178235710816588
D225M,2.34110508636422
D225N,0.975156907949975
D225P,-0.744266422668005
D225Q,1.32059573991268
D225R,2.66514909373892
D225T,1.85454851905757
D225V,-0.134522887343226
D225W,0.499863094110092
D225Y,0.322587544754427
R226A,-0.536622195588318
R226C,0.0867587027427631
R226F,0.222015340924617
R226H,-0.884686754847405
R226I,0.0130054694155073
R226K,0.567470925399229
R226L,-0.278047652969339
R226M,-0.606475685307986
R226N,-0.5583588579803
R226P,-0.0833318782700941
R226Q,-1.17427932477964
R226S,-0.40244928237398
R226T,-0.691197454500619
R226V,0.508305327702253
R226W,-0.273222864595167
R226Y,-0.0331744055409316
L227A,-0.367367328758491
L227C,0.405708490725292
L227D,3.03009980710938
L227E,-0.800452554196566
L227F,0.172165089424691
L227G,-1.32336813721347
L227H,-0.817040204314577
L227I,-0.355820012962309
L227K,-0.568368153009217
L227M,-0.664556139276716
L227N,0.979334046932012
L227P,-0.754498922766332
L227Q,0.394059337957454
L227S,0.48419256944969
L227T,0.556593061808587
L227W,-0.0920034855485296
N228A,-0.997789660420712
N228D,0.711858777801743
N228E,-0.170243819073227
N228F,-1.06637525105136
N228G,-0.896164981235116
N228I,0.723216830224292
N228K,-0.0538229274240831
N228L,0.0717044543269183
N228M,4.78429504282965
N228P,-0.886749452042837
N228Q,-0.875701082304736
N228R,-0.345120159934142
N228S,0.966507574463022
N228V,1.05793203205382
N228W,2.48676981917783
N228Y,-0.673160181667772
Q229A,-0.371242146775959
Q229C,0.774809440326406
Q229D,0.276396986347789
Q229E,-0.500011996101943
Q229F,-0.321746186275063
Q229H,-1.02649365802124
Q229I,-0.237363512751134
Q229K,-0.922872848104682
Q229L,-0.0659835127156188
Q229M,-0.368486831363686
Q229N,-0.77801000927809
Q229S,-1.17720982993739
Q229T,0.413147970041539
Q229V,-0.732507590128158
Q229W,0.0426390956732988
Q229Y,-0.640620340067799
L230A,4.34529087710989
L230D,0.6437977761691
L230E,3.52776138541176
L230F,-0.434175153793825
L230G,-0.312937436378452
L230H,-1.06220089163534
L230M,-0.847886139689993
L230N,-0.809898118978701
L230Q,0.131231162104449
L230V,-0.727341837793451
L230Y,-0.327029553795682
E231A,-0.675458142735868
E231C,-0.270802687503618
E231D,-0.97748343736094
E231F,0.195224222547712
E231G,-0.204438455857575
E231H,-1.1195137096608
E231I,-0.575252561938955
E231K,-0.392032492575005
E231L,-0.466348429570166
E231M,-0.0432815290003533
E231N,0.271435377600398
E231Q,-0.342924413809687
E231R,0.467800103008423
E231S,0.509457673265067
E231T,-0.544232954893697
E231V,-0.292385880372974
E231W,0.790428145691311
E231Y,-0.181661163610303
S232A,2.51618849573221
S232C,-0.669241512772015
S232D,-1.75926689059563
S232G,3.918028647839
S232H,0.854083580030518
S232K,1.53750371086556
S232L,2.11379700680101
S232N,-0.0217568296421776
S232P,0.201874094842643
S232R,0.269505447631799
S232V,2.72218171191986
S232W,-0.133896201858086
S232Y,1.65400395029409
K233A,-0.541747616737757
K233C,-0.126403856262711
K233D,1.73042786769531
K233E,0.558980951140065
K233F,-0.347132943472846
K233G,0.183991676940795
K233H,0.767594582766869
K233I,-1.23490772681437
K233L,1.25003902170921
K233M,-1.68887809419502
K233Q,4.04446521827166
K233S,2.02788549749787
K233T,-0.876429735021692
K233V,-0.341196629831064
K233W,-0.0070939987755391
K233Y,-0.448594307387686
M234A,-1.04957476719669
M234C,-0.788825873493207
M234D,-0.0214058435010703
M234E,-0.810295533092448
M234F,-0.0510147413072333
M234G,1.41752301196003
M234H,2.17555630365891
M234I,-0.318538755997352
M234K,-0.570951082605976
M234L,-0.647350054855285
M234N,-0.410263205694644
M234P,-0.866147705777879
M234Q,-1.09143294522327
M234R,-0.675521549238712
M234S,-0.12605309072974
M234T,0.265315863944484
M234V,1.44842004572509
M234Y,-0.87615834846771
S235A,-0.410735810702706
S235C,0.0827448526506053
S235E,2.15564608775584
S235F,1.24270684443235
S235G,-0.283709860959382
S235H,-0.676498988697782
S235I,-1.516220609208
S235K,1.20880088994697
S235M,0.910208977435312
S235N,0.62368661321402
S235Q,-0.805891933360673
S235T,-0.408125332205255
S235V,0.310568936792577
S235W,-0.764844035509959
S235Y,-0.823706471914524
G236C,1.24094548084607
G236D,-0.425885213225573
G236E,2.39433803473681
G236F,-0.367534530699628
G236H,0.358983776565858
G236I,-1.32830585565303
G236K,0.0740029665185618
G236L,0.80974175147745
G236M,-0.15806611122572
G236N,-0.846400849489308
G236P,-1.18750940089676
G236Q,1.01392747724788
G236S,-0.991729411024342
G236W,-0.458083022353725
K237A,-0.00404862718316055
K237C,-0.6861686048711
K237D,-0.0720116109987409
K237E,2.37093797542725
K237F,-1.09606687405319
K237G,1.72825323639773
K237H,1.29354012643861
K237M,2.49749457998535
K237N,1.80169790919586
K237P,-0.81393093248177
K237S,-0.557068005198908
K237T,-0.850981185447929
K237V,-0.0219386737279529
K237W,1.49938384226869
K237Y,0.066386381693547
G238A,3.26588474998576
G238E,0.758479069685227
G238F,-1.56581309133783
G238I,0.588702712584455
G238K,-1.10253464550563
G238L,-0.337878636805936
G238M,1.46440496847044
G238N,0.0965940395430981
G238P,-1.17803264687501
G238S,0.228496969931509
G238T,-0.60495482792775
G238V,1.79232644002512
G238W,-0.406976953249474
Q239C,-1.45474013740617
Q239G,1.64702411227323
Q239H,-1.20260496131876
Q239I,0.398920438295397
Q239N,-0.227051700617619
Q239T,1.92377533061502
Q239W,0.77271782315084
Q239Y,-0.881488091175803
Q240A,-1.11235819916554
Q240C,-1.5280190858789
Q240D,-1.13695446463828
Q240E,5.72805917383874
Q240F,1.66047510800678
Q240G,-0.403553810910188
Q240K,1.9917843024707
Q240M,0.895594170904167
Q240N,-1.6724493290615
Q240R,0.630377702153525
Q240S,-0.359743594344179
Q240T,0.104372232207145
Q240V,-0.329435577235189
Q240W,-0.897682401837518
Q240Y,0.69873220143342
Q241C,0.516686909237809
Q241F,-0.744718931932963
Q241G,-0.239257528206524
Q241H,-0.545324193136869
Q241I,-0.379553368269456
Q241K,-0.157851532169621
Q241L,-0.398617361763579
Q241N,0.262514503795339
Q241P,3.64391726707841
Q241R,-0.690572205065557
Q241T,10.9602184478003
Q241W,-0.994732928542939
Q242C,0.0278107657072278
Q242D,-0.744001270189515
Q242E,-0.0751457452827913
Q242G,-0.806525358912389
Q242K,0.0181725942585818
Q242L,-0.482537096200611
Q242M,-0.488308296197542
Q242N,0.141468586551142
Q242P,-1.10334733371646
Q242R,0.519879114498499
Q242S,-0.913903884475402
Q242T,0.599920299761056
Q242V,1.5575537625031
Q242W,-0.802458183646103
G243A,0.937167751819646
G243C,-0.491934652077209
G243E,0.507719014605356
G243H,0.133400130435596
G243I,-0.294441577296803
G243M,0.0836999796914316
G243N,-0.710583390037457
G243P,-0.873390047297045
G243Q,-0.708654862282714
G243R,-0.763853024213836
G243T,0.815558338721542
G243V,-0.0482482813820659
G243W,-0.865838021297223
G243Y,-1.2136692430831
Q244D,0.460509679219987
Q244E,-0.378520446828083
Q244F,-0.319546635708188
Q244G,2.51346688064642
Q244H,3.57676902495929
Q244I,0.31773589310144
Q244K,-1.04120105351666
Q244L,-0.605468158954788
Q244M,-0.509009086229925
Q244N,-0.44786093981368
Q244P,2.5724657829022
Q244V,-0.925079469111669
Q244W,-0.0715997441018373
Q244Y,3.85444027721848
T245A,-0.572457897501754
T245C,-0.232239904633216
T245D,0.603946088367616
T245E,-0.866325624253694
T245F,0.584778322910711
T245G,-0.174721690985994
T245H,-0.522003385302576
T245I,-0.767914650100907
T245K,-0.41223090350929
T245L,-1.45117878626324
T245P,1.12159571106377
T245S,0.0874017914968601
T245V,1.52200296936164
T245Y,0.861857122130881
V246C,-0.609408052354792
V246D,0.648454736995493
V246E,0.398878104923548
V246G,-0.257557950335105
V246H,1.42965239939073
V246I,-0.290802998154637
V246K,1.63614534595625
V246M,-0.842998164383695
V246P,3.02733934765236
V246Q,-0.0380366744626418
V246R,-0.00993492548266317
V246T,-0.245575803775929
V246Y,-0.382790527840065
T247C,-0.303072999275097
T247D,-0.625396036669521
T247E,1.231051303252
T247G,-0.357751888627085
T247H,0.207394525201406
T247K,-0.24074225539358
T247L,2.02055770631056
T247N,-0.502410314803561
T247P,-0.944562917103106
T247Q,-1.56765841191921
T247R,2.07302419442592
T247S,2.61957770135855
T247V,-0.316419838161264
T247W,-0.926315325019067
T247Y,-1.66805552125999
K248A,2.96176525459529
K248C,4.36627198448163
K248D,-0.443394689259302
K248E,-0.360768690501241
K248F,-0.902348271734178
K248G,-0.124001646639661
K248H,-0.573710975964033
K248L,-1.06993818221145
K248N,-0.504355675666463
K248P,1.54091708226826
K248Q,-0.540848560507699
K248T,-0.955103884017559
K248V,0.593773258162696
K248W,0.4440126856924
K248Y,0.576060234769279
K249A,0.106677824184657
K249C,-0.30911931715433
K249D,-0.848852243617177
K249E,0.501666981981834
K249F,-1.1475967835911
K249G,0.127646501100402
K249H,-0.501532577091669
K249I,-0.684583445792634
K249L,1.64588271741129
K249M,-0.525451300635298
K249N,-0.108999895758781
K249P,-0.516240685727704
K249Q,-0.790279114710039
K249R,1.68173038324393
K249S,-0.189400683529128
K249T,-0.392655040783848
K249V,2.35096156689698
K249W,-0.777388244074159
K249Y,-0.413479095694679
S250A,-0.656574598896586
S250E,-0.426459546810365
S250F,-0.250649332629503
S250I,-0.529136930970541
S250K,-0.75557783530682
S250L,-0.869225113721959
S250P,1.76153369571197
S250R,0.131570975317393
S250T,-0.484493047061371
S250W,0.708427692500594
S250Y,-0.103723466780465
A251E,-1.2959030385426
E253R,-1.54789915826227
E253W,-0.897250530368428
A254C,2.9227469949286
A254D,-0.88441565582549
A254E,-0.575499657117243
A254F,2.02704562245471
A254G,-0.0550548554683979
A254K,0.426106325694278
A254L,2.95122294079364
A254Y,0.741087941870279
S255A,-1.09770250811845
S255E,1.28124598700573
S255Q,0.798687325504988
S255R,1.80308967359449
K256A,1.42120978200998
K256D,-0.78108275980479
K256E,1.50599697755877
K256H,-0.146724148150066
K256N,-0.759291505256555
K256Q,-0.422388563831856
K256S,-0.0997347077264037
K256V,-0.544790313552305
K256W,-0.287370456945307
K256Y,2.63283532712886
K257C,-0.358677778843954
K257E,-0.501961141261114
K257F,-0.502678187633706
K257G,-0.667174426463962
K257H,-0.523362422623976
K257I,-0.852441156700501
K257N,-0.763128271444622
K257P,-0.46455638205403
K257R,-0.939984281057625
K257S,-0.646438909214161
K257V,-0.995553825216343
P258A,1.17971150723633
P258C,-0.0818709060758893
P258D,-0.980726650529632
P258E,0.535767917486293
P258F,-0.471640881669313
P258G,-0.895839527445099
P258H,0.188423152256803
P258K,4.86992026757233
P258N,-0.995770063366739
P258Q,0.520742486014667
P258R,1.74343546707177
P258S,-0.883939054272077
P258V,2.93913426819019
P258Y,-0.744137645711345
R259G,-1.05307722976632
R259H,0.0740029665185621
R259K,-0.243492364586818
R259M,0.00297020220112886
R259N,0.116443695563689
R259P,-0.511152660636509
R259S,-0.87242907245411
R259T,1.58716709102663
R259V,-1.49770625531669
R259W,3.12475023782776
R259Y,5.08825017607453
Q260D,-0.57623746719509
Q260E,0.331703112163714
Q260F,-1.44488639340894
Q260G,0.293462426521475
Q260H,1.23648246320967
Q260I,-1.1283364918257
Q260K,2.02055770631056
Q260L,-0.774350542778747
Q260M,3.95959755551235
Q260N,-0.286964637167574
Q260P,2.27057083066935
Q260R,2.31094016500425
Q260S,-0.448794965833156
Q260T,-0.315164323574639
Q260V,-1.09202617732685
Q260W,-0.602295808808008
K261A,-0.870277172745138
K261C,-0.808417015433636
K261D,-0.864949559633944
K261E,-0.93070233724741
K261F,-0.942950994732623
K261G,-0.181549138645082
K261H,-0.191760449550705
K261I,-0.688036457802129
K261L,-0.769735766658765
K261M,-0.722040189890934
K261N,-0.74115180725606
K261Q,1.71021518219765
K261R,-0.442956850823508
K261S,0.0885446891814846
K261T,-0.888045793310292
K261V,-1.00366045905549
K261W,-0.828512897865305
K261Y,-0.692651597492702
R262A,-0.0442105141238547
R262C,-0.662555088188468
R262D,-0.706237100543866
R262E,-0.840976181301707
R262F,-0.566397494243572
R262I,1.04486133593117
R262K,-1.34167709414032
R262M,-0.394933497595513
R262N,-1.09383280650023
R262P,-1.32816598894089
R262Q,-0.605990709704677
R262S,-1.50766690926981
R262T,0.0799133434468052
R262W,-0.724731126823252
R262Y,-0.790106043892412
T263A,0.490476643908167
T263C,-0.10459971672875
T263D,-0.595260329450542
T263E,-0.390787997161124
T263F,0.820876059498833
T263H,-0.982295538441976
T263K,-0.0850912701368592
T263L,-1.76060355402083
T263M,1.425847776109
T263N,-0.504829748804831
T263P,-1.29477157955367
T263S,1.54751381724319
T263V,6.03605039275041
T263W,1.7160963595217
T263Y,-0.760220208295259
A264C,-1.03275369095653
A264E,1.26212823273528
A264F,-0.586863775935653
A264G,-0.0728688108035467
A264I,1.35821318335106
A264K,-1.62939717119107
A264M,-1.36633319414732
A264N,-1.13571502359367
A264P,-0.700070787795561
A264R,-0.7386544776827
A264S,-0.973517643526435
A264T,-0.0166246117605461
A264V,0.197876031896061
A264W,0.717217484762708
A264Y,-0.318693599967076
T265C,-0.677491839991937
T265D,3.46015899865592
T265E,-0.165964014321401
T265F,-0.0610164474332629
T265G,-0.662790234352728
T265H,1.58015276688608
T265K,-1.02955588123561
T265L,-1.14328653812955
T265M,-1.05225233604552
T265N,-0.541846302317227
T265W,-0.867541686885243
T265Y,-0.894236336857199
K266C,3.97061121748413
K266F,-0.930995460871124
K266G,-0.675657024338431
K266H,-0.326712143011878
K266I,0.737795280710095
K266L,-1.36508121268435
K266N,-1.02345459496547
K266P,-0.345682627886486
K266R,-0.0293557818657859
K266S,5.623025794003
K266V,2.29003145377233
K266Y,0.315166484593442
A267C,0.0421579961354627
A267E,-0.0161839705679758
A267F,-1.48660038598625
A267G,-0.516781293678472
A267I,-1.05537820138546
A267K,-0.129652301858402
A267L,-0.324196494529768
A267M,-0.707915672785935
A267P,-0.667641717658856
A267Q,0.416051062672912
A267R,0.221835670847698
A267S,0.637661220959799
A267T,0.905781787398579
A267W,-0.524400795394331
A267Y,-0.690381390548203
Y268E,0.335040745120763
Y268F,-0.215470022423557
Y268G,-0.634595749613229
Y268H,-0.074235765129515
Y268I,0.444603170344644
Y268K,1.17999658958071
Y268L,0.686210348538186
Y268M,-0.402526946789075
Y268N,-1.06031760488814
Y268Q,0.112063153128211
Y268R,-1.3279722216505
Y268V,-0.693917653079223
N269A,2.09862706578668
N269C,6.57950633621946
N269D,-1.07425782471188
N269E,-1.2038323349062
N269G,-0.816033238688115
N269H,-0.509819812614945
N269L,-0.894324693939693
N269M,-0.836729769068088
N269S,-0.624877466219185
N269T,-1.23838491809283
N269V,-0.470373823660737
N269W,-0.975715929604891
N269Y,-0.754453604928814
V270A,0.701983289770553
V270D,-0.695066541876378
V270E,-0.791144009509723
V270F,1.03125041142401
V270G,0.297953557687248
V270L,1.33871579056821
V270P,10.9602184478003
V270R,0.99122038382098
V270W,-0.233307236482048
T271A,-1.71737863424383
T271C,1.95752972687243
T271D,-0.774678220195088
T271E,6.94810207489083
T271F,-0.262404995456235
T271H,0.238202048786726
T271I,4.77068202230972
T271K,-0.810368968950476
T271L,0.425476946791581
T271M,2.01993943435299
T271R,-0.821507948826303
T271V,0.411612593825515
T271W,-1.65158825239089
T271Y,2.0435679880806
Q272A,-0.277171303903865
Q272D,-0.605764936498268
Q272E,-0.229883014300431
Q272F,-0.408480440431886
Q272G,1.27942316014073
Q272H,-0.957804108623765
Q272I,-0.739925438305505
Q272L,-0.870044731189088
Q272M,1.27681729173519
Q272P,-0.755718135909957
Q272R,-0.238275791470992
Q272S,-1.20306595622944
Q272W,0.625310544065707
A273D,-0.187282703224627
A273E,1.01135135852645
A273G,-0.227197501259945
A273H,-0.0233616766618259
A273N,2.92366409907351
A273Q,-1.02652985050935
A273S,2.07985534176736
A273T,-0.951706761039537
A273V,-0.771345482042768
A273W,10.9602184478003
A273Y,-0.965710724379955
F274A,-1.40366252665115
F274E,-0.117356856243202
F274H,0.932285553932277
F274I,3.27570092774976
F274K,7.41446831983188
F274M,1.08427324508442
F274N,-0.703990415510931
F274P,0.108724528068407
F274Q,-0.858555960193528
F274R,2.15453973459913
F274T,3.09942050055476
F274V,0.687745621276008
G275A,-0.40226224123921
G275C,2.5827342239362
G275E,0.0853338988129144
G275F,-0.108553341662673
G275H,0.0860528724413494
G275K,-1.02127268933617
G275L,0.0727811786699359
G275N,-0.557644201400791
G275S,1.15910533798824
G275T,-1.13427257304005
G275V,1.01019227505629
G275Y,-1.060170053547
R276A,0.296060424452626
R276C,0.300566199020707
R276D,-0.571293951334999
R276E,-0.235842411462556
R276G,0.400089891624799
R276H,1.93974668089096
R276K,-1.04817105304218
R276L,-1.34290026067815
R276M,4.65612555099111
R276N,0.0623935531012727
R276Q,-1.61200490272838
R276T,-0.938640531189295
R276V,-1.00074322017369
R277C,-1.45674051453347
R277D,0.457678745402472
R277E,-0.942446081732237
R277L,-0.291868372948064
R277M,3.0102783118331
R277S,-0.530400116987349
R277T,-1.62447440643639
R277Y,-0.865552111721378
G278A,-0.342405239639749
G278H,-0.588808427526615
G278I,2.73378656324329
G278K,-0.51598065531343
G278M,-0.0188284450655579
G278P,-1.0091124426598
G278S,-0.492009681079662
G278T,-0.894758246682366
G278V,-1.23462887501439
G278W,-0.117744532896966
G278Y,2.39011962639596
P279A,2.3881155985989
P279C,-0.153198304175145
P279D,-1.10607303901073
P279E,-0.294354986194056
P279F,0.713959628496779
P279H,-0.588952156759418
P279I,-0.233047614497805
P279K,-0.489103921881537
P279L,-0.481658171366373
P279M,-0.274327619775232
P279N,0.8731806040641
P279Q,-0.667937276243392
P279R,-0.585709014914442
P279T,1.02502682701211
P279V,-0.41452621682753
E280A,1.63998771056723
E280D,-1.60875092055105
E280F,0.322847869064662
E280I,1.13831042082324
E280K,-1.17307866944185
E280M,2.40140417411644
E280N,0.581773517504619
E280Q,-0.183948274784906
E280R,1.75257246483166
E280S,0.0825157372105069
E280T,-0.810331508604621
E280V,-0.6107742021499
E280W,-0.647055945735602
E280Y,3.70076668051382
Q281A,0.67185625416433
Q281D,-1.43459473159785
Q281E,-0.451807905424409
Q281F,1.69797538204754
Q281G,0.289974998490865
Q281H,-1.21842799660557
Q281K,-0.487021366566662
Q281M,-0.379318069870861
Q281N,8.62321881321624
Q281P,2.26230425019722
Q281R,1.05990158665144
Q281S,-0.416984939087371
Q281T,1.42422577951394
Q281W,10.9602184478003
T282C,-0.675586783507264
T282D,0.329241689658235
T282F,-0.952397577996819
T282G,2.2190796104036
T282H,-0.608775849579759
T282K,0.618928904713755
T282M,-0.669601232379318
T282N,1.56313254959924
T282P,0.971835882330551
T282Q,0.412245413234538
T282R,-0.616253608670859
T282S,-0.487934688142951
T282W,7.13900735362487
T282Y,6.13134188077317
Q283A,-0.350683770140677
Q283C,0.0935731183524471
Q283E,2.06684819421641
Q283F,-0.140197346553606
Q283H,-1.03890882357011
Q283I,1.43863414274595
Q283K,-0.605773188725179
Q283M,0.389579035130417
Q283N,0.0866852260315143
Q283R,-0.782705641192904
Q283T,3.44595193832972
Q283V,-0.627204794398321
Q283W,0.725239028049031
G284A,-1.47129634455222
G284F,1.3034418110694
G284K,0.0740029665185618
G284P,0.0694052228782618
G284Q,-0.0615881904873926
G284R,-0.251744253656399
G284S,-1.36532245247487
G284W,-0.677863547287725
N285A,1.9451549629929
N285C,-0.919702216355299
N285D,0.315922584715432
N285E,-0.730008791650345
N285F,0.088228914275369
N285H,-0.802514163259304
N285K,-0.320073547488668
N285M,-0.505840560801564
N285P,0.101914467665303
N285R,0.981731372380659
N285S,10.9602184478003
N285T,3.57747833250628
N285W,0.543808326369437
N285Y,-0.089942682477346
F286C,-0.839520675068325
F286D,-0.89910020768509
F286E,0.482194338259978
F286H,-0.444941586214861
F286L,0.652083128697333
F286N,-0.377787462662686
F286R,-0.712494409697072
F286T,3.9263954227318
F286V,-0.89623435580435
F286Y,0.0883225875716658
G287A,0.758709148015842
G287C,7.65731246348888
G287D,1.69143390574828
G287F,-0.553311481404926
G287H,0.127711765651789
G287K,-0.0524162159487922
G287L,0.580170181277632
G287M,-0.585201593738749
G287R,-0.62885752566127
G287V,0.988930836074181
D288A,-1.49410515383521
D288C,-0.909187115960648
D288E,-0.683830542702948
D288H,-0.228491909763114
D288K,-0.26280328497459
D288L,1.30489609514272
D288M,0.456998199464324
D288N,-1.38488791744238
D288P,-0.0976151505396643
D288R,3.25546602456842
D288S,-0.668700904697996
D288W,-0.476988436884723
Q289A,1.96924056310778
Q289D,-0.0839590248757412
Q289E,6.60496498807445
Q289F,0.866357292956527
Q289G,0.0568274828442452
Q289I,-0.911767700722111
Q289K,-0.974963082992921
Q289M,3.65047141407941
Q289N,8.75121375673759
Q289R,-0.563064974002745
Q289S,1.53931200969643
Q289T,3.76050110224034
Q289V,-1.07158177676957
Q289W,-0.269643736073122
E290A,-0.1069518238151
E290F,1.95978126801591
E290H,-0.806118839264359
E290I,-1.08108556777263
E290M,1.0565688988893
E290N,-0.286344979412345
E290P,1.13971083274335
E290Q,-0.478370283869158
E290R,-0.184406038905915
E290S,4.08325926659832
E290T,1.35354113807882
E290V,0.0612753676076859
E290W,0.820550399717866
E290Y,-0.26761099813015
L291A,1.56831584905541
L291D,-0.697343790170938
L291H,-0.529274711799231
L291K,-0.261127100216135
L291M,-0.394144822371084
L291N,-0.163550874049996
L291R,2.41170949872539
L291S,-1.37021689239793
L291T,5.04830866878409
L291V,3.79025703174635
L291W,-0.905306342956518
L291Y,0.0428084652739452
I292A,-0.834731213208081
I292C,1.04419004268887
I292D,-0.367323220772882
I292E,3.08287902708403
I292K,5.76453366412508
I292M,-0.608638998828872
I292N,-0.847510194633753
I292P,-0.629167204360607
I292Q,-0.765170246094263
I292R,-1.01531764738364
I292S,2.35396792769854
I292V,-0.452672071050785
I292Y,4.33642794298294
R293A,0.383661546879707
R293D,0.885531723785176
R293H,-1.58676358919439
R293I,-0.354659558142756
R293K,-1.05124944704062
R293L,-0.953598037745999
R293M,0.684917365789851
R293S,-1.2481567852543
R293V,-0.645938821421056
Q294A,1.68185744991463
Q294D,-0.361224377421231
Q294E,-0.785181973199422
Q294F,-0.690589116233931
Q294G,-0.807865303678413
Q294H,-0.661089478496057
Q294I,1.2071631476078
Q294K,-0.396499758974244
Q294M,-0.624983193783062
Q294N,-0.42562248750795
Q294R,-0.112564864107786
Q294S,-0.0639557452562286
Q294V,-0.864292544915464
Q294Y,-0.676498988697782
G295D,1.66308832926161
G295H,-0.990687909485834
G295L,1.33987650335928
G295N,2.11742593644291
G295R,1.00137253291218
G295S,2.57889011840794
T296C,-0.454426902006723
T296D,-0.541089566908207
T296E,-0.884452407118012
T296F,0.865796599920644
T296G,0.375613795763694
T296N,-1.03169245481611
T296P,4.98901809324402
T296Q,-0.416420384809588
T296R,-0.361466800715824
T296W,-0.103309551591242
T296Y,0.286084722484651
D297A,-1.22804268339898
D297G,-0.504529296756191
D297H,-0.726674017325299
D297I,1.03905512280829
D297L,-0.726432179264948
D297M,-0.397150109255226
D297N,-0.601827169797357
D297P,-0.381494959501716
D297Q,-0.485867151475801
D297R,-0.592195214381581
D297S,-1.48132898700541
D297T,-1.6295943138439
D297V,-0.755674879451762
D297W,-0.928217964658151
D297Y,-1.12972834086484
Y298A,-0.277416362412698
Y298C,-0.418892483565413
Y298E,0.220019555515028
Y298F,0.387580801167376
Y298H,-1.1331859756673
Y298K,-1.23513238434629
Y298L,10.9602184478003
Y298Q,-1.27720465919665
Y298R,-0.635766261899991
Y298S,1.69372356834833
Y298V,-0.301624975837863
K299A,-0.286179981727906
K299C,0.0593353387793794
K299D,-1.01177315881386
K299E,-0.633883417775582
K299F,-0.707957369474253
K299G,-0.57778628846792
K299H,-0.559328063356426
K299I,-0.619865035864243
K299L,-1.01159935282029
K299M,0.0740029665185618
K299N,-0.818444439158252
K299P,-0.276397217053747
K299Q,-0.297660587272117
K299S,0.561813898717238
K299T,-0.80215641869319
K299V,0.229193542359891
K299W,-0.553754878388854
K299Y,-0.889457299341842
H300A,-0.757660228349802
H300C,-0.331000464739544
H300D,0.033143343511137
H300E,-0.483556778531573
H300G,-0.630031521124551
H300I,1.33311319069731
H300K,1.48836985188572
H300L,0.561810079455997
H300M,-0.440687904425377
H300N,-0.615929409787403
H300P,1.02489318771813
H300Q,-0.480403564055717
H300R,0.00463646600487947
H300S,-0.46185154980087
H300T,-0.422240554362451
H300V,-0.650706442689608
H300W,2.76196099983723
H300Y,-0.831960055105717
W301E,1.67134179536661E-05
W301F,1.33474946250426
W301G,2.08688513990389
W301L,-0.166939742775324
W301N,0.539598398609416
W301P,0.736596247733518
W301Q,0.581901110935773
W301T,-0.015582192527541
W301Y,-0.740650906490922
P302A,-0.256734819632379
P302C,-0.942644798876637
P302D,-0.72410700885209
P302E,-0.640307404505936
P302F,-1.09461334369317
P302G,1.8338168018197
P302H,-0.57831802846904
P302I,-0.788107014285588
P302K,0.254885366218401
P302L,-0.87267132144271
P302M,-0.653890165066869
P302N,-0.669052082332115
P302Q,-0.207217723565331
P302R,-0.593748892403056
P302S,5.21953460029074
P302T,-0.213594175660064
P302V,0.595176277367313
P302W,-0.285546773306639
P302Y,-1.17047100562057
Q303A,-0.0766181765430739
Q303D,-0.668065776961165
Q303E,-1.06044219510315
Q303F,-0.557208581959922
Q303G,0.0280667085886407
Q303H,-0.784511371081398
Q303I,-0.640289681504417
Q303K,-0.365803958745884
Q303L,-0.328761758524611
Q303M,-0.614330668211327
Q303N,-1.26319254280176
Q303R,-0.51832567436537
Q303S,-0.3303847710015
Q303T,2.34160395344641
Q303V,-0.131994846749466
Q303W,-0.671401330254697
Q303Y,-0.743019030926798
I304D,-0.559437139423376
I304E,-0.651875642600436
I304F,2.82260355391405
I304G,4.60455795090657
I304K,0.964417649905041
I304L,0.0562960872729776
I304M,-0.586466672833927
I304N,-0.337222351482334
I304Q,2.33484823108181
I304R,2.69354960436604
I304T,-1.64523864986245
I304V,-0.735473098462436
I304Y,-1.38498088618635
A305C,-0.631082922506752
A305D,-1.02957400442818
A305E,1.09759796061913
A305F,-0.999557412574299
A305H,-0.869883404245616
A305K,-1.09273093117826
A305L,-0.814215589177076
A305M,-0.812625784792139
A305N,-0.275295804961696
A305P,3.30807573871219
A305Q,-0.242641877386456
A305R,-0.498393992280896
A305S,-0.740598170516539
A305T,-0.731638163586787
A305V,-0.556366474088583
A305W,-0.786470226327302
Q306A,-0.123325243631281
Q306C,-0.186444126793281
Q306D,-1.04206445825594
Q306E,-0.438007048952986
Q306F,-1.31597582098668
Q306H,-0.585449139458149
Q306I,-1.27068157910103
Q306K,-0.813900405061163
Q306L,0.866140051190784
Q306N,-0.210582721412687
Q306R,-0.530846802867099
Q306T,-0.658729958358011
Q306V,-1.20076924654306
Q306W,-1.30867315560024
F307A,0.137151941620082
F307D,-0.36276748448402
F307E,-1.11235819916554
F307H,3.72822887524853
F307I,-1.04695457914109
F307K,-0.15159439638688
F307L,1.24345745072151
F307M,-1.06775520486232
F307N,-0.774797982360803
F307P,0.331943299734918
F307R,-0.498920088647224
F307T,1.33929222281421
F307V,-0.539394263995832
F307W,0.531731267680583
A308D,-0.326248281258252
A308F,-0.410263205694644
A308H,-0.925754668929535
A308I,-0.544643378551028
A308K,-0.289752942828574
A308N,-1.08441347098871
A308P,-0.391814549832517
A308R,1.52264194722895
A308S,-0.972169789444144
A308V,-0.650677370957871
A308W,-0.821639358377811
P309D,-1.03278482581788
P309F,2.9227469949286
P309G,1.77955119570624
P309K,5.42797145349148
P309L,-1.59750197013679
P309M,-0.791416722673494
P309N,0.872067301692421
P309R,0.717429867260525
P309W,-1.18677963752986
S310A,3.29734120232807
S310E,-0.299481860952883
S310G,0.102795836150767
S310H,1.7336379998245
S310I,-0.862046184246447
S310K,10.9602184478003
S310L,0.0720157141177166
S310M,-0.268595633387951
S310N,3.81109166268468
S310T,-0.650359393864067
S310W,2.32704904881014
A311D,-0.621731064440531
A311E,-0.631279331139078
A311F,0.181096046041312
A311G,-0.598337298175027
A311H,-0.964606398704067
A311I,0.563490851054322
A311K,-0.619183362092235
A311L,-0.680709016290294
A311M,-0.451479542536748
A311N,1.57486230793869
A311P,3.07544574568752
A311Q,-0.92705034678924
A311R,-1.31762070975601
A311S,0.292924857167211
A311T,0.324548443710525
A311V,-1.00016487911845
A311W,-0.72517786630382
A311Y,-0.0497943016245887
S312C,-0.674786956911668
S312F,-0.48153266629382
S312G,-1.25805274818067
S312H,0.827673748076242
S312K,0.0251135233951254
S312L,-0.694938721785375
S312M,-0.549272177739717
S312Q,-1.0809349492451
S312R,-0.775407801097232
S312Y,0.613521807449135
A313F,-0.115110151590614
A313I,1.16299150820237
A313K,-1.21693549862331
A313L,-0.767629650907603
A313M,-0.533510116451703
A313Q,-0.82930363190821
A313T,-0.0365301114715945
F314A,-0.215946053468246
F314D,-0.581764627379149
F314E,1.48046704929827
F314H,-0.341889055493071
F314I,2.95946696234196
F314K,0.0526428259454653
F314M,0.543332778716273
F314P,0.237053432416135
F314S,0.938760543251842
F314V,4.04666387372891
F315C,0.393744078031793
F315D,-1.08877921632688
F315E,-0.584210633908813
F315H,-0.679495109941201
F315M,-0.356614186644752
F315N,0.624481571055971
F315Q,2.27127563574838
F315R,-0.463259447561358
F315S,1.24870896947102
F315T,-0.912130021908702
F315V,-0.307727483466931
F315W,-1.01282733922432
F315Y,0.8567115301641
G316A,-0.655808668646764
G316F,3.56486996017583
G316H,0.372611320310308
G316I,1.20063789135815
G316K,-0.290829109539942
G316L,-1.12356601922927
G316N,-0.536670929841683
G316P,0.964681828620748
G316R,-1.03817379345247
G316S,0.261296704514927
G316V,-0.556295214496366
G316W,-1.50546128776472
M317A,0.412291189348452
M317F,0.23380282661155
M317G,2.5120255922584
M317L,1.35395150206835
M317Q,-0.867633936125326
M317R,-1.37370323605449
M317V,0.472800541538421
S318A,-0.564229098123708
S318C,-1.13716047286856
S318F,-1.26000460574737
S318K,-1.44470811000566
S318M,0.47830598159794
S318N,3.32480448373552
S318R,0.854929816685681
S318T,2.99001803591101
S318V,-0.300149509399987
S318Y,2.31194304436717
R319C,10.9602184478003
R319E,-1.27518473118839
R319F,0.102656417005225
R319G,-0.728578767218457
R319I,-0.214862737021595
R319K,-1.13272634902773
R319Q,-0.592585669989806
R319S,-0.730357944801111
R319T,-0.219990160742908
I320A,0.855066749486212
I320E,0.908747367753167
I320F,-1.01558966302524
I320L,0.119179717046091
I320M,4.64803752871447
I320N,-1.18467399538634
I320P,-0.511502259001707
I320Q,0.127883737435686
I320S,-0.264113926315295
I320W,0.499475060847505
G321A,-0.745485212941335
G321C,1.38375309546142
G321E,-0.335554833002809
G321F,-0.00654449989885042
G321I,6.03031591525257
G321K,5.21962815957092
G321L,0.0627786939356967
G321M,-0.937583866437367
G321N,-0.870932701495715
G321T,0.494331236701795
G321V,1.62631331751752
M322C,1.89112803928286
M322E,0.0611911908944764
M322F,-0.692821671249821
M322H,2.54662121387818
M322I,-0.850005663260468
M322L,1.18226685494588
M322P,-0.216817223698463
M322R,3.09361847215721
M322W,1.11880335630454
M322Y,-0.786361181598279
E323A,-1.03893998686723
E323C,-0.0868704575091379
E323D,5.96585584522854
E323G,-0.822218874403515
E323I,-0.0225890658841125
E323L,-0.318608317137558
E323M,-0.799623020641724
E323N,3.33616646547536
E323P,-0.024319103695792
E323Q,-0.70819710988926
E323S,-0.584632431117316
E323T,-0.224356856188985
E323W,-0.34585151118298
E323Y,0.409753758023151
V324C,-0.701293637055187
V324E,-0.918394089596172
V324F,-0.594208870774513
V324G,0.435226045216448
V324I,-0.33160820178578
V324L,-0.775407801097232
V324M,-0.864805897742414
V324N,-0.113552581562341
V324Q,-0.844850826981543
V324R,-0.269149392164099
V324S,-1.33126822657057
V324W,-0.227248289968528
T325A,-0.957704598540156
T325C,10.9602184478003
T325D,-0.48199972952136
T325F,10.9602184478003
T325H,3.28967202977466
T325I,2.52664515454051
T325K,0.364530765046535
T325M,-0.203638173246816
T325N,-0.230458436686367
T325Q,-0.289901331671956
T325R,1.21404817102703
T325S,-0.626867989147404
T325V,0.299335466540641
T325W,-0.902325647942022
T325Y,0.355018021009125
P326A,-1.30851162814082
P326C,-0.403655649713484
P326D,-0.322114575678353
P326E,0.100050663150309
P326F,-1.17772253056772
P326G,-0.296672419506659
P326H,-0.0760880493532094
P326I,-0.599162030081879
P326K,-0.626606114918668
P326L,-0.694479676920236
P326N,0.934153038854727
P326Q,-0.629854582892318
P326R,1.68588891621448
P326S,-0.98384811146064
P326T,0.21370112425284
P326V,-0.964743446187419
P326Y,-0.580964917544642
S327C,-1.38941187246088
S327D,0.0500081733754473
S327E,-0.354496286254278
S327F,-0.724184431855791
S327G,0.189533849337623
S327H,0.614838586684635
S327I,-0.216635285176066
S327K,0.448999059613297
S327L,-0.445985163277682
S327M,1.97258792331574
S327N,1.05913685392758
S327P,-1.24244708945255
S327Q,0.451341693706792
S327V,-1.11178318400327
S327W,-1.21689806567089
S327Y,-0.936239498894674
G328A,-0.0976452183934731
G328C,0.23717668573282
G328D,-0.554738337484251
G328E,-0.712905670842251
G328F,0.986338404692541
G328H,-0.434855778383035
G328I,1.19334438166874
G328L,0.137457574841315
G328M,0.31571455746596
G328N,-0.573899018803296
G328Q,0.144799135714832
G328S,-0.28229460104329
G328T,2.99443720371468
G328V,-1.14500604941073
G328W,-1.00364886709553
G328Y,-0.21743469803539
T329C,0.552720162136757
T329D,7.11041740794116
T329F,-1.19621904864334
T329G,-0.742495821480056
T329I,-1.01413522999893
T329K,2.70303399742857
T329L,-0.0412888995714119
T329M,0.236829526277612
T329S,-0.285148989272916
T329V,0.387814683360686
T329Y,-0.967578122511067
W330A,0.693040435058771
W330C,-0.560810901725121
W330D,-0.480165115849693
W330F,0.322215665057512
W330G,0.813689420205914
W330H,-0.574311794167162
W330I,0.199552879699266
W330K,-0.130351716948567
W330L,-1.24348013325285
W330M,-0.499952238389727
W330Q,0.136537492555264
W330S,-0.514664545131815
W330V,-1.56383586358044
W330Y,-0.395720326812121
L331A,1.99425257864766
L331D,-0.92635946847105
L331F,0.0388073408002096
L331H,1.92227117631251
L331I,-0.83320504868681
L331K,1.11567905104905
L331M,-0.305717637793382
L331N,5.15684919744107
L331P,-0.0925117341312831
L331R,3.73093594033208
L331S,-0.0419065993593538
L331T,-1.45483595818603
L331V,1.10279447891938
T332A,-0.187571830106739
T332C,-0.48178412106573
T332G,-1.56011190308293
T332H,-0.498656723320852
T332K,-0.491793514356186
T332L,0.693428286198608
T332M,-0.244762103929235
T332N,0.0879901484826136
T332Q,0.0790392107877896
T332R,-0.796423133051193
T332S,0.958649327551409
T332V,-0.308161782116405
T332W,-0.645545241630317
T332Y,-1.76355539149293
Y333D,0.52690052180343
Y333E,0.0968567487511475
Y333F,-1.22390944765128
Y333H,-0.524607376625313
Y333K,-0.157118847842889
Y333M,-0.695533907754431
Y333Q,0.143728945471314
Y333R,-0.869816567482328
Y333T,-0.194199939637028
Y333V,-0.862543633947924
Y333W,-0.921526457800771
T334E,1.54247674463388
T334F,1.14780867799611
T334G,2.20918608748301
T334L,0.0027287116815962
T334M,-0.76025680833331
T334N,0.716224217845712
T334Q,-0.588980435569494
T334S,3.47722141851038
T334V,-0.830058861162917
T334W,4.73968754476611
G335E,-1.5594625733363
G335F,0.469614807422622
G335H,-0.816344274972699
G335I,-0.202461040573069
G335K,5.85996887448028
G335L,-1.07274207699421
G335P,9.5618586385679
G335Q,-1.25277901867096
G335R,-0.380467960615644
G335T,-0.128514147249189
G335W,-0.638453672116156
G335Y,-1.34712238559316
A336C,-1.06023256714359
A336D,-0.663101875524424
A336F,-0.644613949143348
A336G,-0.652953928294844
A336H,-1.21635895344636
A336I,0.727612903821765
A336K,0.00816681274375066
A336P,0.394278224425468
A336Q,1.57499986435823
A336R,-0.943857297982544
A336S,1.10474687684423
A336T,-0.196963848379349
A336V,-1.11363028353875
A336W,-1.20777875545982
A336Y,-0.91022027379026
I337D,-0.508103902577076
I337E,-0.4706484147729
I337H,-0.209053568643046
I337K,1.49799986810368
I337M,-0.546582214917612
I337P,0.237011604096206
I337R,2.90120297433908
I337V,1.57076235140586
I337W,0.677923660912139
K338A,-0.672252690691352
K338D,-0.567981058107065
K338E,2.39913099519039
K338G,1.59332750447539
K338I,-0.174295488609609
K338M,-0.395160144916662
K338N,0.0259346640681849
K338R,2.52007287439361
K338S,0.0691409392794572
K338T,0.700700101984809
K338W,-0.704170834430163
L339D,1.5603773553542
L339F,1.17564606160792
L339G,1.51791846823648
L339H,-1.6141785220551
L339I,-1.34633454727913
L339M,1.3737161346902
L339N,2.05914532171866
L339Q,0.360213984355656
L339R,-0.955807809132951
L339S,-0.789537826237485
L339T,-0.203812766524863
L339V,-0.453672861140384
L339W,-0.1357791417119
D340A,-0.857591105665129
D340C,-0.685155415048182
D340E,0.0118299781961568
D340F,1.63711095725409
D340I,-0.43254240217563
D340K,-1.24211130520917
D340L,-0.309293595713076
D340P,0.523115940908209
D340Q,-0.283239855332874
D340R,-0.955041280259104
D340S,1.96001644046709
D340Y,0.794008393286186
D341A,-0.880277742623202
D341C,-0.59530545124372
D341E,-0.644118781471222
D341F,-0.59412811769229
D341G,0.701814341313544
D341H,-0.542450146674582
D341K,-1.05312741355184
D341M,-1.72855399967696
D341N,-0.0707581738415047
D341R,7.71454678959563
D341S,0.14098443073605
D341T,-1.14471042357008
D341V,-0.637490746967822
D341W,1.45133135552857
D341Y,-1.12552791575319
K342A,-0.373017191740764
K342C,-0.817244107092948
K342D,-0.66317962379083
K342E,-0.587812053927761
K342G,0.285683675467043
K342H,1.3280735115266
K342I,-0.672613472109348
K342M,3.02472505205682
K342N,-0.313959331911387
K342P,-0.534406490383213
K342Q,0.789672850430687
K342T,0.314492044183809
K342V,-0.347666528529319
K342W,0.38638614744515
K342Y,1.16822266941321
D343E,-0.382144729247558
D343G,-0.651858265289917
D343H,0.107300624463649
D343L,0.451588618084745
D343M,-0.270246183995362
D343N,3.23113210251213
D343P,-0.793664318447642
D343Q,0.674340450313031
D343S,-1.38610915234366
D343T,-0.913808264028803
P344C,-0.37759149349451
P344D,-0.946597132030535
P344F,-0.535949833171367
P344G,-1.28805858590267
P344H,-0.261045648944026
P344I,-0.902563347224212
P344K,-0.385238474077688
P344L,-0.663519146270772
P344M,0.0926646974303576
P344N,0.767420997992033
P344Q,-0.38949465504292
P344R,3.90559386844436
P344T,0.415819704674784
N345A,-1.31549693462967
N345D,0.0429103847802148
N345E,-0.655755347753874
N345G,-0.759583385084269
N345I,-0.602404288465409
N345P,-0.364509693788592
N345Q,2.80044287354038
N345S,-0.547815521135412
N345T,-1.08834815941724
N345V,0.106228436458487
N345W,-0.377498841293139
N345Y,0.197588797785456
F346A,-1.11891205664837
F346C,-0.854011396262605
F346D,0.772061037779151
F346H,-0.821576979186207
F346K,-0.850918797505305
F346P,6.49701438013533
F346Q,0.22751821568845
F346S,-1.47792423127508
F346T,7.01997470496341
F346V,-1.85733806459792
F346W,-0.717174096444108
K347A,0.0611219567472055
K347C,-0.653290090006756
K347D,-0.230081112913492
K347E,0.955668106378935
K347G,-0.789289178039426
K347I,3.83500085074843
K347L,-0.082676808538389
K347M,-0.21925794054083
K347N,-0.736130097998201
K347P,-0.0465087023236153
K347Q,-0.227035939831488
K347R,1.85977696746645
K347S,-0.561656549427695
K347T,1.20250876670431
K347V,-0.784511371081398
D348C,-0.823402375722451
D348E,-0.104079687945339
D348G,-1.44891118771139
D348H,-0.579426570042663
D348I,-0.91662079596475
D348K,-0.360106355863757
D348L,0.844182538547984
D348N,-0.903919819745401
D348R,0.0326296905330107
D348S,2.11411899548958
D348W,-0.937223891213456
Q349D,-0.212508439205002
Q349E,-0.252315379815838
Q349F,-0.886174071542213
Q349G,-1.34365196848257
Q349H,-1.06788004236087
Q349I,-1.44411243413835
Q349K,-1.55880997096163
Q349L,-0.755350696138539
Q349M,0.841027499708518
Q349P,-1.38386052446627
Q349R,-1.13196143001067
Q349S,-1.17409918752634
Q349T,-1.05335526587361
Q349V,-0.352786750934132
Q349W,1.47740664713524
Q349Y,0.110059134261557
V350A,-0.308580306526308
V350C,5.49367767284177
V350E,-0.658429241648627
V350F,0.271366746749831
V350G,-0.717718525961015
V350I,4.3222618929305
V350K,-0.943499502811976
V350L,-0.508359008552242
V350Q,-0.800070605997547
V350S,0.292263064604933
V350T,-1.27699566463589
V350W,1.29134070824208
I351A,1.08613722971322
I351D,-0.698918944811043
I351F,0.388327327830308
I351G,-0.795599392822348
I351H,-0.786187197156294
I351K,-1.10894790427433
I351L,0.967653779667264
I351M,0.466871287682889
I351N,0.0976169433976559
I351P,-0.208483633361659
I351Q,-0.476984663486299
I351R,1.53616034704969
I351S,-0.662884163256095
I351T,-0.91083161499815
I351V,7.48553039750244
I351W,-1.43287987313559
I351Y,0.500846944618292
L352A,0.249050215454889
L352C,2.65781955914958
L352D,3.88400608621665
L352F,-1.15763407272404
L352H,0.635590764261605
L352M,0.963187262492414
L352N,0.554603013619339
L352P,0.0937518627453059
L352Q,-0.615468990728124
L352R,0.873629603546777
L352S,0.862442647199118
L352T,-0.820172129814361
L352V,-0.509552320371831
L352W,-1.37666031379407
L353A,0.944363878642945
L353D,-0.18825876977932
L353F,-0.297055001730984
L353H,-0.84071573584235
L353I,0.0347984614991049
L353M,1.91925058101115
L353N,1.71928798791234
L353P,-1.39026086979748
L353Q,0.751510354941561
L353R,-0.591034375373654
L353Y,-1.09916634824218
N354A,-0.551802703799828
N354C,-0.481657539499654
N354D,-0.766780772477979
N354E,0.185413026056659
N354F,-0.659897982729038
N354G,-0.908749661924456
N354H,-0.307213925731038
N354I,-0.662056478681043
N354K,-0.350049507119589
N354L,0.620013196793022
N354M,0.0862485715567308
N354Q,-1.12839351311803
N354R,-0.359936549034983
N354S,1.23508711486265
N354T,-0.714829016402983
N354V,0.159065417874458
N354W,-0.360707212394478
N354Y,-0.555279664356931
K355A,6.04894487173153
K355C,0.278407370088903
K355D,-0.807427148538716
K355E,-0.851641624470184
K355H,-0.515221731956785
K355I,-1.00194197781095
K355L,0.395507545054366
K355M,-0.899099735099261
K355N,-0.514852787456301
K355Q,0.0740029665185618
K355R,-0.348778669318778
K355S,0.348389544500643
K355T,-0.788892587378237
K355V,-0.58841845180892
K355Y,1.79200015962859
H356C,-0.573253357566178
H356F,0.901887379804111
H356I,-0.810839437491622
H356K,-0.205878156345178
H356L,0.388286322764177
H356M,-1.3251539996855
H356Q,-0.88767196287024
H356W,0.110116602236983
I357A,0.742199165022771
I357C,0.477298498539989
I357F,1.81381607144389
I357H,-0.163272328549444
I357K,-0.198520189967087
I357M,-0.999550256679567
I357Q,0.817901226941747
I357R,1.91030155995775
I357S,-0.139810507583042
I357T,-0.921633868787893
I357V,-1.26077607488733
I357W,-0.869504103058135
D358I,1.37724034830062
D358K,-1.03736740051842
D358N,-1.16339929356901
D358Q,-1.66267099053371
D358R,-0.0729161441177982
D358W,0.314492044183809
D358Y,-0.586962736749437
A359D,0.0576353062317751
A359F,-0.215843295747843
A359H,-1.35147719647254
A359K,1.16561706009532
A359Q,-0.789686936615469
A359R,-0.0289155366275495
A359S,0.29886592644591
A359T,0.084586954983642
A359W,3.95511463407959
Y360C,0.403172810951164
Y360D,5.57968447837413
Y360F,-0.836729769068088
Y360L,1.32186492693418
Y360N,-0.510205382000374
Y360P,3.3542786964045
Y360Q,-1.69879720618876
Y360R,0.113965234490992
Y360T,6.22739088361949
Y360W,0.363166995363184
K361E,-0.521891349319503
K361G,-0.84658310879548
K361H,0.0184192045750864
K361I,-1.09540405195259
K361L,3.77418106526112
K361M,-0.711382889630089
K361N,-1.09690800216015
K361P,3.09942050055476
K361Q,-1.3980402025164
K361R,1.74550267832295
K361W,0.051679730125834
T362A,-0.145667319650956
T362E,0.737846184771837
T362F,-0.675435524061255
T362G,0.822683064718387
T362H,1.42672859779603
T362K,-0.297487297747337
T362L,-1.30642035103794
T362M,-1.07619483087937
T362N,0.509593247166829
T362P,-0.218764998762144
T362Q,-1.04733416767983
T362R,-1.02705348187261
T362W,-1.10449964936143
T362Y,-0.539157970928324
F363A,-0.811970274437566
F363C,0.30269904352121
F363D,-1.10519848306156
F363E,0.910098457673306
F363H,-0.637173384086933
F363I,0.9011954848004
F363K,0.808424980123304
F363M,-1.21384811358344
F363N,3.60736489058558
F363Q,-0.503346270942659
F363R,-0.491280609443592
F363S,-0.41518854604585
F363T,-0.926744352058497
F363V,-1.30396232887151
F363W,0.192994649128463
F363Y,-0.800024096997622
P364A,-0.676448596500682
P364C,0.424165873818951
P364D,-0.901637515127882
P364E,-0.579217868216701
P364F,-0.665418343675625
P364H,-0.838062795488421
P364I,-0.175444914870528
P364K,-1.02172342411671
P364L,-0.519228188743971
P364M,1.12091183185364
P364N,-0.460721662287167
P364Q,-0.774422225468654
P364R,-0.0856459049824485
P364T,0.308771942664959
P364V,1.60658499544933
P364W,-0.107420091976065
P365A,-0.953894612994845
P365C,8.97261311092712
P365E,-0.567325512651312
P365F,-0.781026013794473
P365H,-0.415170226307872
P365L,-0.453155530973998
P365M,3.33655741569041
P365N,-0.371462044049847
P365Q,0.0431746389802163
P365R,-0.998717007379388
P365T,0.0794507309158598
P365V,-0.410118381557819
P365W,-0.818044586706036
T366A,0.801347280931415
T366C,-0.428549365746071
T366F,0.0812929391428036
T366G,1.93943387116616
T366H,-0.232214683433561
T366I,-0.707280818920844
T366K,6.76103675695009
T366L,3.81155415925483
T366P,-1.32323114748662
T366Q,0.752042447053115
T366S,1.01503709016294
T366Y,-0.952873995034514
E367A,1.8074069826125
E367D,3.43998570547104
E367F,0.26210109290093
E367M,1.73509358038497
E367N,3.54472420776492
E367R,-0.879930250332403
E367V,0.179293170866879
E367W,-0.75947705668989
P368E,3.5185307275667
P368F,1.11968355277393
P368K,1.86766724143125
P368M,0.870828195628574
P368Q,-0.735358252824755
P368R,1.24493179121907
P368S,2.73378656324329
P368Y,0.614893705155831
K369A,-0.457371169957637
K369D,-1.04037679872856
K369E,1.23048863889294
K369H,0.20172936294244
K369I,0.977755638613141
K369L,4.44510929777705
K369M,0.564727900622902
K369N,4.22576283436458
K369P,-0.915376938215242
K369R,4.56967472611544
K369V,0.363713714802042
K369W,2.40374846944209
K370C,4.5017969872312
K370D,-0.757876378523834
K370F,-1.16749695733244
K370H,-0.94722395149041
K370I,-0.286854469696568
K370L,-0.588211907533456
K370P,0.213046298354059
K370Q,-0.894417392030056
K370R,-0.0823263514634623
K370S,-1.02863919750679
K370T,-0.929434948900781
K370W,-0.85576699773031
K370Y,-1.17412005213215
D371E,1.62951476013613
D371I,-0.58982622498774
D371K,-0.303107206516471
D371L,-0.1054576988202
D371M,-1.15071269567516
D371N,10.9602184478003
D371P,0.290624232095505
D371Q,-0.0666864077155341
D371V,-0.641192282701832
K372A,0.899742287279702
K372C,-0.390565183844075
K372D,10.9602184478003
K372F,0.643205778333735
K372L,-0.314127236514363
K372M,0.0995061248330448
K372Q,-0.646973151025658
K372R,-1.59013718034418
K372T,-0.306987960011761
K372V,-0.844677980487649
K372W,10.9602184478003
K372Y,-0.65136034096455
K373A,4.52547000590945
K373E,-1.47089278696646
K373H,-0.161161093883426
K373I,-1.34730334718691
K373L,-0.152287797255702
K373M,2.44275769202978
K373N,-1.59187851114569
K373P,-0.412365036730153
K373T,3.08859488698138
K374A,-0.894691567900969
K374D,-0.82767433190165
K374F,-0.0175513667072583
K374L,4.07614046382955
K374M,6.37189262693743
K374N,-0.23683373814825
K374P,0.496279039074161
K374R,1.43521874085393
K374V,-1.02691804151992
K374W,-0.269519241043144
K375A,1.67270080672121
K375C,1.66489776386903
K375D,2.18955928607429
K375E,-1.30674678203917
K375F,0.104298223088369
K375G,-0.610401331874572
K375H,0.849605240244991
K375I,10.9602184478003
K375N,1.15340113685242
K375P,-1.51799927845224
K375R,0.668611469270755
K375T,6.20725294413581
K375V,0.949692503183006
A376C,0.865936163153929
A376D,0.523765163390468
A376E,-0.724184431855791
A376F,-0.108580508457775
A376K,-1.26226422803274
A376M,-1.06570845113008
A376P,2.17861435085505
A376S,-1.27255996724085
A376T,0.916396401999519
A376V,0.782555941874535
A376Y,0.717558225448869
D377A,-0.433999152695606
D377C,-1.57593071078872
D377E,-0.409643665517915
D377G,1.15953408233914
D377H,0.921452384174106
D377I,2.11570480529545
D377K,0.702901010179551
D377L,1.48692619087295
D377M,-0.908568763583893
D377N,-0.882542224311818
D377P,1.82300835160024
D377Q,0.355283514801265
D377S,0.732348090178912
D377T,3.50236734487699
D377V,0.493206162788442
D377W,-1.31948526799267
D377Y,-0.244766885921314
E378A,-0.708979626344142
E378D,0.823637251588787
E378G,0.634447018332735
E378H,0.538321991053499
E378K,-0.111966751304708
E378L,0.2805207596345
E378M,-1.08821927305941
E378Q,-0.115481066450184
E378R,-0.225589291409388
E378W,0.67559829798687
E378Y,0.654543488571753
T379E,-0.00637187239269988
T379F,1.0919020567772
T379G,1.13247751581984
T379K,-0.593799574261516
T379M,1.2517405037836
T379N,1.4634745857956
T379P,0.250267825139624
T379R,-0.495191445668513
T379S,4.65866892158503
T379V,0.303579084730393
T379W,-0.00788200209654201
T379Y,-0.985394591981891
Q380A,-1.27949045975178
Q380I,0.51260126779155
Q380R,0.435893990146593
Q380S,-0.195539144584598
Q380W,0.653482773868975
Q380Y,0.497189500069209
A381G,0.00127197969518636
A381I,5.64092548282098
A381K,0.468529912600679
A381M,2.61596727389167
A381N,0.416345433364729
A381Q,0.0260199960707707
A381S,2.1972334555937
A381T,0.596677430105487
A381V,-0.780116061833983
A381W,-0.826109366241521
L382A,2.73378656324329
L382C,-0.196963848379349
L382E,0.429556994217915
L382I,-0.836045181767209
L382K,-0.718200266894254
L382M,-0.0614046976153469
L382N,-0.399704884076566
L382P,-0.435196741843807
L382S,-0.391888825537655
L382T,-0.670773826050352
L382Y,-1.63260533537337
P383C,10.9602184478003
P383D,-1.00457130139192
P383E,-0.722884186479209
P383F,0.828930376421603
P383H,0.8895418567954
P383I,-0.71944331219383
P383K,0.500714814267499
P383N,-0.0349323970342831
P383Q,-0.610096373602609
P383R,1.30563289440223
P383S,-0.263582176139647
P383T,-0.0838034410722312
P383V,10.9602184478003
P383W,-0.611617777515032
Q384C,-0.692320506666157
Q384D,-0.835648403314232
Q384E,0.0589501371974027
Q384G,2.51893861983161
Q384H,-1.36122830229325
Q384I,0.336969328815755
Q384L,-0.784364014430313
Q384N,0.817151161825772
Q384R,3.95887520552197
Q384S,1.12507353705
Q384T,0.888397880471428
Q384V,0.166309746187236
Q384Y,1.00196915540063
R385A,-0.566397494243572
R385D,-0.967495528949385
R385E,2.25056959378124
R385G,0.999427284792336
R385H,-0.607639427482478
R385L,0.447601644615539
R385M,-0.502230615572401
R385N,4.19464439047254
R385Q,1.17027005234626
R385T,-0.152441459346124
R385W,-0.762393605976055
R385Y,0.116322220423676
Q386D,-0.333445308506849
Q386E,1.76348596935351
Q386F,-0.506767572425507
Q386H,0.613728861690609
Q386L,-0.571743118099391
Q386M,1.87385627882952
Q386P,-0.716610520046128
Q386S,-0.736678200738382
Q386T,-0.396823648498793
Q386V,-0.827654942493425
Q386W,0.557284009804197
Q386Y,-1.06093229845666
K387A,-1.27174267199657
K387C,0.271529944148233
K387D,-0.954278013110595
K387E,-1.66214275824181
K387F,0.463281405520119
K387G,-0.198706667419185
K387I,-0.496223635695517
K387L,-0.569443449241269
K387N,0.687776856704241
K387P,2.23379942940278
K387Q,1.24101998688094
K387R,-1.30318893852425
K387T,-0.697355062391187
K387Y,1.1984718978408
K388E,0.972451830084099
K388F,3.43956339068427
K388H,-0.721109037490967
K388I,0.13843651881962
K388M,-1.27343838630188
K388N,0.278743402199934
K388P,-0.435120738759417
K388Q,1.68569324322154
K388S,-0.72199013817411
K388T,-1.54860820244716
K388W,-0.968738158497628
Q389C,-0.317800215014343
Q389D,-0.546624782265769
Q389E,-0.754161205590955
Q389G,3.35290554554002
Q389I,-0.71750299609651
Q389K,1.53709777823211
Q389L,1.07954836874444
Q389N,3.03878987639694
Q389P,2.13328619746185
Q389R,1.00899292538047
Q389S,0.0473927451917828
Q390C,-0.832705308062119
Q390D,-0.361676670848581
Q390E,-1.57979113148198
Q390F,-0.263069917504187
Q390G,-0.288018782766872
Q390H,-0.302596267848852
Q390I,-0.919743220477454
Q390L,-0.703544844766938
Q390P,-0.361406800152456
Q390S,1.09736389403821
Q390T,0.599865858702734
Q390V,1.07505905831985
Q390W,-0.284573432527703
Q390Y,-0.534142279196625
T391A,-0.0946495024399656
T391C,0.487239979320012
T391E,-0.302832842011294
T391F,-0.508347756138111
T391G,1.34591111237612
T391K,-0.706822732671611
T391L,1.65893615638762
T391M,-0.218306043439945
T391S,0.691789300467918
T391W,1.31568630454499
T391Y,-0.180873106844246
V392A,-0.378252763646486
V392C,-0.765805347800719
V392D,1.82983040267046
V392E,1.31692346733267
V392G,4.52235678262025
V392M,2.37822222310277
V392N,1.46298522010519
V392P,-0.380850685522655
V392Q,-0.854660197271105
V392W,3.97145307387635
V392Y,6.15008510492259
T393A,-1.23595044119363
T393D,0.137848984535036
T393E,0.128265972373932
T393F,-0.345567368343476
T393G,1.06764416837431
T393H,-0.850192040802223
T393K,-0.00378042795499583
T393L,0.629016768742818
T393M,2.8931936686411
T393N,-0.195179988074145
T393P,-0.755718135909957
T393Q,-1.22759945127591
T393V,0.183991676940795
T393Y,0.395041275406692
L394C,-1.09726309571956
L394G,5.43769500874724
L394H,2.82034453920794
L394I,-0.343914907655097
L394K,-1.01139951071625
L394M,-0.567930062085821
L394N,-0.699362459733653
L394P,-1.41462967141439
L394Q,2.72693516859279
L394R,-0.69157704283766
L394S,-1.02262006607947
L394T,0.778289882469385
L394V,-0.0209856456188855
L395A,-0.36276748448402
L395C,0.129052396269398
L395D,0.204704294774983
L395E,-0.530400116987349
L395F,-0.284245040815751
L395G,1.12090804216922
L395H,-0.443029932689489
L395K,0.0283787161173857
L395M,-0.851158931356641
L395N,-1.24458911561067
L395P,0.737846184771837
L395S,-0.411338766513373
L395T,1.50216361819888
L395W,-1.03556899102745
P396A,0.432532719267503
P396C,-1.17390088738085
P396D,0.121064128981729
P396E,-0.720959669875826
P396F,-0.391709783626555
P396G,-0.100811347403994
P396H,1.09298229829597
P396I,-0.876363556676157
P396L,0.3416582071072
P396M,-0.373324636031257
P396N,0.0701104952369012
P396R,0.148510105246756
P396V,-0.546983076180018
P396W,-0.347482555991666
P396Y,-0.683949008075506
A397C,-0.61759112522028
A397F,-1.06792510918684
A397G,-0.442138289156039
A397H,-0.135541293569863
A397K,3.4521497698337
A397L,-0.803040877515434
A397N,-0.667969064397009
A397P,1.14456180549767
A397S,1.73280037313846
A397T,3.28538297133621
A397V,2.97364470126854
A397W,-0.583915861620418
A397Y,5.15684919744107
A398D,-0.975396436669101
A398E,-0.479197759877276
A398F,0.246294162462684
A398I,0.0836590430558656
A398M,-0.376592672234423
A398N,-1.63741441132945
A398Q,-0.807279963272307
A398R,-0.688966180079551
A398S,-0.399112437754649
A398T,1.69479483974845
A398W,1.24723056270392
D399A,-0.468297991418142
D399E,1.17744336820011
D399F,1.98231652280368
D399H,-1.04147434549948
D399I,1.44885128861241
D399K,-0.229998968714931
D399L,1.12365890274084
D399N,-0.879783427070353
D399P,4.34630502742029
D399Q,-1.44718664900311
D399R,-1.34065952040089
D399V,-0.29617008886187
D399W,-1.44195001552886
D399Y,-0.694108328509973
L400A,-0.438625721177738
L400C,-0.987095792429273
L400E,-0.632386307133908
L400F,-1.34603417066257
L400G,-0.95204346045997
L400H,0.599984782014028
L400I,-1.43189816535305
L400K,0.475756722321816
L400Q,-0.0540927886070408
L400S,-0.126857243766131
L400V,-0.424890455224257
L400W,8.31226343194534
L400Y,-1.23291094330824
D401A,4.12928997807407
D401C,-0.459195685210907
D401E,-0.963367220016655
D401F,0.43053032445827
D401H,-0.803582614272489
D401I,-1.74205734228141
D401K,-0.62106580888426
D401N,1.06708824617643
D401Q,-0.675259446454374
D401R,2.26066201623309
D401S,1.63516187029327
D401V,-0.477501233078802
D401Y,0.380456519525601
D402A,-0.489943571301881
D402C,0.0270004134513495
D402F,0.221260910735633
D402H,2.05184993280483
D402I,-0.65821310385258
D402K,-0.273784288240337
D402L,1.26673016033306
D402P,-1.1747314883624
D402Q,2.37485971570102
D402S,0.389579035130417
D402V,-0.882333820930983
D402W,0.714295328033383
D402Y,-0.84466764066434
F403A,-0.548334347098571
F403C,-0.967267505356786
F403D,0.64290530917873
F403E,-1.16750018135474
F403G,-0.617401493622796
F403K,-1.00442735361035
F403M,0.00412127202045998
F403N,-0.892102471521314
F403P,1.01621948297215
F403Q,-0.836114721291255
F403R,0.440547243413791
F403S,-0.831009865467773
F403T,-0.722925353297635
F403V,-0.52189935278285
F403W,0.509650032738481
F403Y,-1.09134034309846
S404A,-0.513534535752667
S404C,-1.59928386032301
S404D,0.834873282512298
S404F,-1.29498373114606
S404H,-0.523863720768818
S404I,6.18442109244339
S404K,1.42817612533001
S404M,0.158533354407408
S404N,-0.985752399664784
S404Q,0.171760831173177
S404T,-0.496429083938646
S404V,0.887861834991733
K405A,1.02162078404143
K405C,-0.750741765767826
K405D,-0.86166949385785
K405E,-0.0427539137068222
K405F,-0.679988660419363
K405G,-0.281333125501418
K405H,0.113888723051644
K405L,-0.51614155772207
K405M,0.0913055636878226
K405N,0.863295706365987
K405P,4.54217488335161
K405R,0.147839938283002
K405S,-0.591274147233071
K405T,0.165404310373917
K405V,-1.51607137860854
K405Y,-0.298458955507117
Q406A,0.469863511470476
Q406C,-0.93720176822739
Q406E,1.68420602629265
Q406F,0.060095945050479
Q406G,-1.09788309229921
Q406I,0.130423179096827
Q406P,-0.234102340121175
Q406R,0.0176315493546929
Q406S,0.859005677909151
Q406Y,0.140985939585107
L407C,-1.14861650722684
L407D,0.556841239900816
L407E,-0.624835078706823
L407F,0.56765949669411
L407G,3.45537685857167
L407H,0.611430742851995
L407I,-0.619587604804009
L407K,-0.613914264290215
L407M,0.457277638533358
L407P,-0.121348022855346
L407Q,-0.551177467786772
L407R,0.284378346218487
L407T,-0.854402019891659
L407W,1.81295943557439
L407Y,-0.537251181949092
Q408C,1.49799986810368
Q408E,-0.113489802931235
Q408G,10.9602184478003
Q408I,0.210622395551874
Q408K,0.0799133434468054
Q408L,2.87603309379707
Q408M,-0.874076392143557
Q408P,-0.764023246212999
Q408S,0.183310452779129
Q408T,-1.04025539034863
Q409D,-0.58991966835208
Q409E,-1.05273697108153
Q409F,1.52650507487124
Q409G,0.770096218143079
Q409H,-0.0663177161348383
Q409L,0.226465204544978
Q409N,-0.576038253728002
Q409P,-0.193289177551518
Q409R,0.605112973987552
Q409S,-0.221370091841168
Q409T,0.665875784800305
Q409W,-0.261075285110177
Q409Y,-1.1279074103824
S410A,-0.594137702162658
S410C,-0.428096700371538
S410D,2.21126225896836
S410E,0.385139890580173
S410I,-0.274635757733539
S410K,-0.0909921832296098
S410L,-0.924890086048839
S410N,5.72298276008262
S410P,-0.144567443609636
S410Q,2.95280123440209
S410R,1.8074069826125
S410V,1.59961588893022
S410Y,4.8504262788648
M411A,-0.548002695092318
M411D,1.35367830385259
M411G,1.13515981251318
M411H,-1.13628779712667
M411K,0.0175872723072359
M411P,2.4790231444448
M411R,0.217431502601051
M411S,-1.24384333468789
M411T,-0.494284032726729
M411V,-0.106791456570594
M411Y,0.259752941556602
S412A,1.83157218610284
S412E,-0.466430798700265
S412F,1.35020077284084
S412G,-0.0988522948455309
S412I,2.17769432118613
S412K,-0.241733336664214
S412M,-0.654831353215264
S412N,-0.807026783158338
S412Q,0.730027703608258
S412T,2.44551073932408
S413A,1.57582790562646
S413C,-0.203402669455989
S413D,-0.982923543362442
S413E,-0.987077193527064
S413F,-0.16856077686329
S413G,-0.320877870831792
S413H,3.26171569336003
S413I,0.318165627074527
S413L,-0.872866080886744
S413M,-0.559744374481526
S413N,-0.757085196169245
S413R,-0.803947522994727
S413T,1.9667857961537
A414C,-1.26091355731939
A414D,1.1678807945969
A414E,10.9602184478003
A414F,-0.523028413020275
A414G,-0.671888086779267
A414I,0.963292420087506
A414K,1.43459255874961
A414L,-0.682298201793909
A414M,0.780039445803965
A414Q,-1.14524781490357
A414R,-0.164199959685115
A414V,0.493979826044282
A414Y,-1.1682968686365
D415A,0.0540078885471032
D415C,-0.837889285289106
D415K,1.63628167138693
D415N,7.14109521297352
D415R,1.17780861867586
D415S,0.407792374801809
D415T,-0.841477471477619
D415V,2.28125296762997
D415W,-1.14427084542163
D415Y,0.0160603856926972
S416A,-0.246554269498225
S416D,-0.56723411323211
S416E,0.728050523134166
S416G,0.0171092890789611
S416H,2.99111761348656
S416K,1.13627554334003
S416M,-0.303265775345273
S416P,0.174848616806017
S416Q,-0.967470341756366
S416R,1.21243706439869
S416T,-0.810923803940319
S416V,-1.12015258241348
S416W,1.08783163875103
S416Y,3.4565331211824
T417C,-1.06726773537776
T417E,0.272815038865053
T417F,-1.21125375327893
T417G,-0.00554732339136823
T417K,-0.662201828161987
T417L,-0.735538178351068
T417M,-0.783188913943136
T417N,1.22523164421341
T417S,-0.781567638360764
T417W,2.26008091363414
Q418D,-0.462674694717353
Q418E,0.0332391326586137
Q418G,-0.297242208936468
Q418K,-0.567556744874836
Q418M,3.08591737485903
Q418N,-1.01637170735672
Q418R,0.242875858251524
Q418S,-1.03505773860461
Q418T,-0.392076751812151
Q418V,0.946603387501082
Q418W,-1.00600968032469
A419D,-1.00033742399563
A419E,1.12071141915904
A419F,-1.01727227821761
A419G,0.47280054153842
A419I,0.0713372294313524
A419K,0.523396622123823
A419L,-0.0384070432162819
A419M,2.63707629124088
A419S,-1.31742646985235
A419T,0.246294162462684
A419V,-0.503154880609109
