Mutation,Escape_Score
S2C,0.00148635922044999
S2D,-0.835627576390478
S2E,0.236625171021691
S2F,2.14257740089173
S2G,0.213245169188556
S2I,1.86247430820581
S2K,-0.459687776023826
S2L,-0.591249453088624
S2Q,-1.63481039163359
S2R,-0.734090357788351
S2T,0.366090319848006
S2V,-1.44784545265276
S2W,0.645056771159216
S2Y,0.979508701872147
D3A,1.12964331972431
D3C,2.98324117765837
D3E,2.36264849085894
D3F,1.12597938327233
D3G,1.18615341131963
D3H,0.250976178742032
D3I,6.26562617811835
D3L,0.364287854083413
D3M,0.54391460070448
D3N,0.60103715316629
D3P,1.01152069124858
D3Q,0.757042728406805
D3R,-0.633378701560232
D3S,2.03357269823831
D3T,0.360307183779351
D3V,0.223280508074781
D3W,-1.035409765229
N4A,0.874343619721973
N4C,-0.262700392815587
N4D,-0.0160358428811627
N4E,-0.503389773338899
N4F,-0.991878936679653
N4G,-1.40852026821331
N4I,2.40349248957917
N4L,0.0199019249307218
N4M,1.12221739468734
N4Q,-1.45144534671396
N4R,0.636443887342434
N4V,-0.155836575466057
N4W,2.33883407578413
N4Y,-1.83175954526913
G5A,0.560224423007647
G5C,0.560719288448785
G5D,0.177258475909784
G5F,-0.272736555382648
G5H,-0.913702733069346
G5I,-0.0136016406276219
G5K,1.59743792948066
G5M,-0.221996607021042
G5N,0.349593582999651
G5P,-0.0459911159984007
G5R,-1.02096118370141
G5S,0.347145329791386
G5T,0.333811741776117
G5V,0.288463879061662
G5W,1.53192451821224
G5Y,1.14185223706565
P6A,-0.0576965143928665
P6C,3.50054215415528
P6D,0.766037741327244
P6E,1.32809536872173
P6F,4.33438301251544
P6G,-1.62722724809179
P6H,0.246926434535495
P6I,0.958503604128553
P6K,2.46498210247244
P6L,-0.65086587534269
P6M,-0.465873269963468
P6N,0.576199798913974
P6Q,-1.27883951343506
P6R,-0.26960936317542
P6S,-0.320282898190258
P6T,2.03459985841003
P6V,0.389128367864766
P6W,0.476305462299261
Q7A,0.817540737184349
Q7C,0.468740639622627
Q7D,1.10628947426192
Q7E,-0.791036484800226
Q7F,2.44652325450137
Q7H,-0.0797922547622517
Q7L,-1.51116524400557
Q7M,-0.318530678887918
Q7N,1.04148557050398
Q7S,-1.14254178301048
Q7T,0.081556560290822
Q7V,-1.00198214600972
Q7W,-0.413979934785952
N8A,0.14542256853056
N8C,-0.0187059790893717
N8D,1.07177544598842
N8E,-0.872901458709776
N8F,0.0994193210095467
N8I,0.493640738842251
N8K,1.89192638500293
N8L,2.23204050392165
N8M,-0.220775348172564
N8Q,-0.0519375880721189
N8R,0.594581502083191
N8S,7.56012046008198
N8V,1.42053408738333
N8W,4.397343391094
N8Y,-0.418155539630485
Q9A,-0.796603137406029
Q9C,0.919225261123369
Q9D,2.75648432156934
Q9E,-0.909855145619183
Q9F,0.546014996750017
Q9G,0.691614263262081
Q9H,-0.132320220120212
Q9I,-0.0565996609236411
Q9K,0.79130103433205
Q9L,1.29771815511033
Q9M,-0.77562733143599
Q9N,-0.726494786359224
Q9P,0.707962025384538
Q9R,-0.225552778553097
Q9S,-0.550421380020484
Q9V,0.482571880387444
Q9W,-0.284882603678043
Q9Y,6.46028369676133
R10A,-0.75585840779781
R10C,-1.45052254014709
R10D,2.28669397631174
R10E,-0.387607148385912
R10F,-0.230836035886878
R10I,-0.180926807813686
R10L,-0.670076366468036
R10N,-2.11036846110389
R10Q,-0.202687668050903
R10T,-1.11392152656918
R10V,0.00130781270216811
R10W,3.36613700708303
N11C,13.392406054919
N11F,3.3552135285283
N11G,4.36106451634693
N11H,0.270890793818628
N11I,2.29974400594845
N11K,-1.39960620221895
N11M,-0.814905868776502
N11Q,0.600544073245736
N11R,0.0199897951037463
N11S,1.00613802741186
N11T,2.44297042081497
N11V,0.52890201750643
N11W,-0.331505488434192
N11Y,-0.438239278411945
A12C,-0.66052579207626
A12E,-0.714013688277441
A12F,-0.190233678538499
A12G,-0.978778145164869
A12H,2.71087053713335
A12I,-0.808042564187934
A12K,1.17197794904837
A12L,4.68606709472936
A12M,-0.113792380636622
A12N,-1.14442187404578
A12R,-2.00186857926444
A12S,1.29566242237966
A12V,0.100255521449594
A12W,1.57440765476977
A12Y,1.0593459397871
P13A,4.12734070517019
P13C,3.76810850000635
P13E,-0.731288914613009
P13F,-0.720311529101196
P13G,0.158786218284525
P13H,0.131604334794932
P13I,-0.0928912587715389
P13L,1.97515011357229
P13M,1.32002765394377
P13N,0.165366988810434
P13Q,-0.350125027920858
P13R,0.0745708795752089
P13T,2.59372875295414
P13V,0.224394707219252
P13W,0.347667743378223
P13Y,-0.287304633539298
R14A,0.00513703172279211
R14C,1.6678137769564
R14D,5.12871323603459
R14E,0.430688498371026
R14F,-0.217734608308977
R14G,1.0762535678138
R14H,1.66922635474949
R14K,-0.153985011479225
R14L,4.79174389852737
R14M,-1.16458114272895
R14N,-0.228913670077459
R14P,-0.260576295560774
R14Q,-0.710830420069774
R14T,-0.812537566532188
R14V,0.242170037097203
R14Y,1.92887644427335
I15C,0.518145322558728
I15D,0.0506779414069059
I15F,0.348223724755472
I15H,-0.351239464025442
I15K,0.653350862447373
I15L,0.895616824310211
I15P,-1.113023163688
I15Q,-0.412086732815502
I15R,6.25922790896818
I15S,1.0997092717779
I15T,0.100694567763443
I15V,-1.43767310749094
I15W,0.346600557451512
I15Y,0.0313555202408135
T16A,4.29019133704276
T16C,1.0567878286719
T16D,0.528487982555795
T16E,-0.998956689337772
T16F,-1.09303539272469
T16G,3.24181690780877
T16K,0.065753228339209
T16M,1.51888219522567
T16N,0.88040894604579
T16R,1.15331561577175
T16S,2.39330340263194
T16V,-0.0161475045746526
T16W,0.165344156835129
T16Y,-0.138862727548064
F17C,6.23989533218466
F17D,-0.238272970813516
F17E,1.09938846769517
F17G,-0.264224021474532
F17H,0.0978324895114621
F17I,-1.33274966929467
F17K,-0.620520708201899
F17L,0.429176656527203
F17M,-0.120852368622041
F17N,0.421768381220702
F17Q,0.526075930241971
F17R,0.124830061447192
F17S,0.110419309665674
F17V,0.591833028178047
F17W,0.531902407265582
F17Y,-0.153865863690791
G18C,-1.03776433074459
G18D,1.40285962216215
G18F,-0.705997482512508
G18H,4.95351969459017
G18L,-0.328440094051039
G18M,-0.0209874987457953
G18N,3.65497336126467
G18P,1.02908769318691
G18Q,7.43065533569969
G18T,-0.637803065369381
G18V,-1.68188214088276
G18W,-0.839703898578913
G18Y,1.16997533525365
G19A,0.761254313297483
G19C,3.43386525759551
G19E,2.04311236903404
G19F,0.116940945058008
G19H,-0.0127420741492793
G19L,1.45776896486405
G19M,0.226539762869747
G19N,-0.949453573219149
G19P,-0.449451367495132
G19Q,-1.16428756297465
G19V,-0.28355381772536
G19Y,-0.889264268455532
P20C,0.32839676981522
P20D,0.134183823506134
P20I,-0.709951356718711
P20K,1.38025672690786
P20N,5.71453545871821
P20Q,6.05932151247476
P20R,0.121429197207872
P20S,-1.95519547225585
P20T,-0.220738386053355
P20V,-0.59087723459053
P20W,1.28936726974276
P20Y,0.334733431260043
S21A,0.206024465187497
S21C,0.210195452670615
S21D,0.0309565521084718
S21E,0.168726901805591
S21G,-1.14668626855871
S21H,-1.200351582937
S21I,0.372242731966094
S21K,1.18327148493015
S21L,-2.10107181783368
S21M,0.841424440752674
S21P,-0.516566971319208
S21Q,2.85106233205317
S21R,-0.49045862057329
S21T,2.65563522135704
S21W,-0.0706233363483905
D22E,-0.289597057388983
D22H,0.383704622363333
D22I,-0.101983805693838
D22L,-0.832625127118028
D22M,-0.728298929615806
D22N,2.38672038803787
D22P,-0.719522586158354
D22R,-1.01015652891435
D22V,1.52667232189694
D22W,-0.141552086068174
D22Y,1.78033097158946
S23A,3.17648647455146
S23C,-0.0518914790809691
S23E,-0.747664782652899
S23F,-0.668024636650524
S23G,-0.300508711159324
S23I,2.29933964657689
S23L,-0.198409525390426
S23M,-0.000229600948119224
S23N,-0.673933988147837
S23V,0.144328142938628
S23W,1.09270213562172
S23Y,-0.515711606888273
T24A,-0.976082475463015
T24C,1.16413925012423
T24E,-2.23875811976117
T24I,-0.327163440877656
T24K,-0.223664576844478
T24L,1.0539743520605
T24N,0.243525359130286
T24P,-1.51162810474523
T24Q,0.0309565521084724
T24R,0.0842065363595245
T24S,-1.18128800390926
T24V,-1.45359086463523
T24W,0.458683116595456
T24Y,3.20003879729725
G25C,-0.774642438568633
G25F,-0.610832117249367
G25H,-0.345746522032445
G25K,-0.165442249109004
G25L,0.662739157487962
G25M,0.609274389532938
G25N,-1.18036237929889
G25P,-0.14144939759868
G25Q,1.26582282064426
G25R,2.16001761184916
G25T,-0.448168981068764
G25V,0.392377209257382
G25W,-0.24653317748028
G25Y,0.152394895730323
S26A,-0.849908516226659
S26C,1.41526769750101
S26D,0.98614716760944
S26E,-0.532248041583677
S26F,-1.08552603233653
S26H,0.0120580852886904
S26I,-1.11099462941744
S26M,-0.474527644059989
S26N,-1.06121817506677
S26P,0.253689859808642
S26Q,-0.135439184533732
S26R,-0.915404192929954
S26W,0.410615478874893
S26Y,2.00985833440416
N27E,-0.35116637766291
N27F,0.063186216292601
N27G,-0.205160089950695
N27H,2.04639634792609
N27I,0.281391336957931
N27K,1.13186830510778
N27M,0.617858310931299
N27P,-0.590770850697462
N27Q,0.152459321895684
N27R,0.378703036508605
N27S,3.35934274201144
N27T,0.440428072967685
N27W,-0.0889733598609866
N27Y,0.663044281157582
Q28A,-1.14341555564464
Q28C,0.904730621766424
Q28D,-0.136161903602358
Q28E,0.579605592789201
Q28F,0.547143986128996
Q28G,0.846332470577369
Q28I,1.40897002284753
Q28K,-0.576758510969007
Q28L,0.8942871994099
Q28M,-0.781815424338213
Q28N,-0.307265880256929
Q28P,-0.994695298453641
Q28R,0.846332470577369
Q28S,1.49870311093002
Q28W,-1.26035180468919
N29C,3.35324282602046
N29E,0.0170005829950957
N29F,0.425107369357767
N29H,-0.312778192216027
N29K,-1.23621980740683
N29L,0.846683282875622
N29M,-0.786687020646395
N29P,0.820147456385972
N29Q,-0.46246357918279
N29R,-1.39377253726425
N29S,-0.900150547924223
N29T,-0.967607244315412
N29W,-0.0882632685526932
N29Y,1.13511456848147
G30A,-0.245505466183839
G30D,-0.828621332115365
G30F,7.08598161506172
G30H,1.12964331972431
G30I,0.404007547693968
G30L,-0.863934791088815
G30N,0.130364949408853
G30P,-0.203865858358658
G30Q,-0.142666465148117
G30R,0.251898954076741
G30T,-0.152267704155307
G30V,0.974418137384043
G30W,-0.160562453036232
E31A,-0.998631054161099
E31D,1.18625951845699
E31I,1.0908733069618
E31K,-0.151837334627285
E31L,-1.42460605779505
E31M,-1.34639388466847
E31N,0.192868808518774
E31P,-0.348934931230194
E31Q,-0.0858254022400462
E31R,1.18421982119723
E31S,0.0369463633005189
E31T,-0.276295898281344
E31Y,2.13862003702098
R32D,-0.00923442371826771
R32E,0.22027367921416
R32F,-0.329360461156765
R32G,0.703142706257027
R32H,-0.623617283800172
R32I,1.57833894154256
R32M,6.40995135845384
R32N,1.09660007372127
R32P,0.390868194711246
R32S,5.20025948206098
R32T,1.1167272631548
R32V,1.64721675654611
R32W,0.329519402377497
R32Y,0.50044056343781
S33A,-0.340656357026343
S33C,0.273373341264957
S33D,-1.2508671039635
S33E,3.13001123624179
S33G,0.32839676981522
S33I,0.891069712151658
S33M,0.0173733245872721
S33Q,0.0901650345919968
S33T,0.612796359987523
S33V,3.68301411250517
S33W,0.518154699478646
S33Y,13.392406054919
G34A,0.516242405590302
G34E,0.165287357685545
G34F,0.208819226731794
G34H,1.46965122701953
G34I,0.552299000206662
G34K,2.22381623443499
G34L,0.515403685306824
G34M,1.72821275565435
G34P,1.99262276959704
G34Q,5.11406420614179
G34R,-0.44680736714677
G34S,-1.27500519226525
G34T,0.564612874679696
G34V,1.25534733384929
G34W,0.755728621800385
G34Y,-1.75281373880227
A35C,-0.174992532866043
A35D,2.08504546142556
A35E,-1.73947367227423
A35F,-0.745423772448082
A35G,0.177201263420175
A35H,-0.231353850510197
A35I,-0.0670907228449064
A35K,13.392406054919
A35L,1.11326601038996
A35N,0.172858932592122
A35P,0.360010765026561
A35Q,-0.243592879324055
A35R,0.513037444536015
A35V,0.611876361741595
A35W,0.720935069747641
A35Y,2.61764458541268
R36A,3.02773832729863
R36C,4.55497468773431
R36D,0.121910341718566
R36E,0.31173416427711
R36F,1.0518164596598
R36G,1.27840993751606
R36H,1.75271445184837
R36I,0.140249404223741
R36K,0.119949472628591
R36L,0.467304317644295
R36M,2.60560789570544
R36N,2.00891536236382
R36P,3.9661849412344
R36Q,0.881981633486077
R36S,-0.489128790312475
R36T,0.743952425326056
R36V,-0.43011234799649
R36W,0.135134870107094
R36Y,1.49589511444553
S37A,-0.672853824302126
S37C,3.96540241911653
S37D,-1.64374657716797
S37E,-0.0328226334787176
S37G,-0.3680476050566
S37H,0.348843111307546
S37I,6.94967115740439
S37K,-0.234276649859682
S37L,-0.536249676994584
S37M,-0.0287178771251635
S37N,-0.550022962856731
S37P,1.3096267190763
S37Q,-0.991502725092589
S37T,0.0653354075175351
S37V,1.23173611631926
S37W,3.06432184843933
S37Y,1.03685037489585
K38A,1.00106832919833
K38C,0.60137505452945
K38D,0.98412392328161
K38E,-0.091453117024669
K38F,-0.0378871292584654
K38G,0.933233732369257
K38H,1.11597891761
K38I,1.48118519249125
K38L,0.957295251338879
K38M,0.265449169297401
K38N,0.754313897573163
K38P,1.64441611893803
K38Q,-0.417326547825944
K38S,0.0394369096894461
K38T,0.65336116018262
K38V,0.377809350339795
K38W,1.3999071213841
K38Y,1.10367357784121
Q39A,2.9437405926258
Q39C,0.504183151250436
Q39D,0.557178091899923
Q39E,0.216368416181832
Q39F,1.40816053315307
Q39H,-1.09823500838341
Q39I,-0.319986274377965
Q39L,-2.1346700650877
Q39M,1.44599744514456
Q39N,-1.06871725523738
Q39P,8.58701662213576
Q39R,0.144990070696997
Q39S,9.57540041422454
Q39T,0.909216915101423
Q39V,2.99838673438403
Q39W,1.53578210028398
Q39Y,0.636312117678536
R40A,0.0126249953041647
R40C,0.668607426988005
R40D,0.550293513495053
R40E,0.174704820190561
R40F,0.644223478623379
R40G,1.47891593521324
R40H,13.392406054919
R40I,-0.420878348059451
R40K,0.636872246011462
R40L,1.20868494364043
R40M,0.795320560335592
R40N,0.449229533448176
R40P,0.237372434376479
R40Q,0.140969397564396
R40S,0.176561830573527
R40T,-0.0119874794322659
R40V,-0.248407758335855
R40W,-0.475664852319777
R40Y,0.0446642204418788
R41A,-0.494813666633082
R41C,6.43049379369596
R41D,-0.0286047410422578
R41F,0.131757177940718
R41G,0.519367632118502
R41H,-0.459675602815165
R41I,1.03421137804033
R41K,0.830770920728327
R41L,-0.425115305528144
R41M,0.410568092786925
R41N,0.960342925850807
R41T,0.118262717635693
R41V,1.63162629225838
R41W,3.4768304084048
P42C,0.0768810871949715
P42D,-0.103550618303656
P42E,-1.39933527235801
P42F,-0.987239559191079
P42G,-0.307324839970518
P42I,-0.505820645026167
P42K,1.23254089147171
P42L,0.482340427706578
P42M,-0.650215933814451
P42N,0.629612384654787
P42Q,-0.282267300493103
P42R,-0.793656631254165
P42T,0.0367936830476743
P42W,-0.480644609442889
P42Y,-1.08084948049023
Q43D,6.54486893095467
Q43E,-0.654619449512676
Q43F,-0.426531310278841
Q43G,2.10384197144867
Q43H,-0.616355405740724
Q43K,1.60670707177338
Q43L,2.77273750879162
Q43N,-0.258133086943624
Q43P,0.764231922111298
Q43S,-1.19096373069031
Q43T,1.09840873439356
Q43V,-1.7616834806356
Q43W,-0.0900930230715975
Q43Y,0.857101215649896
G44C,-0.661476688814288
G44D,-1.16096711169793
G44E,0.857261811902246
G44F,0.020151522297635
G44H,2.55092201133322
G44K,1.67606416507957
G44M,0.38262412482707
G44N,-0.301396918679692
G44P,0.490924987785749
G44Q,-1.80182433666536
G44S,-0.41348955096098
G44T,-1.51556950585522
G44V,2.15517932013086
G44W,0.113033945931064
G44Y,3.04319526748093
L45A,-1.19084433327075
L45C,-0.22666699989455
L45D,-0.058907967455682
L45E,0.51340421265946
L45G,0.0645686696155785
L45H,-0.0161475045746526
L45K,4.56380039394788
L45M,3.19321496605708
L45N,-0.686388247652041
L45P,2.10905086235078
L45Q,0.22619822141699
L45R,1.35087626279638
L45T,0.275943452176444
L45V,1.91786028353129
L45W,0.812367550537914
P46A,-0.611715826341865
P46C,0.0385605324401248
P46D,-0.134656902198887
P46E,-0.752993059245567
P46F,0.211933619300282
P46G,-0.58398437677821
P46H,0.37390211671223
P46K,-1.00746266144334
P46L,1.65850779925426
P46M,-0.831546077336728
P46N,-1.13616223158145
P46R,-0.441685300820681
P46S,-1.41493243526112
P46T,-0.0928262848021654
P46V,-0.403325643450372
P46W,-1.95782692565075
P46Y,0.6481148468432
N47A,0.683426599064356
N47C,13.107987456421
N47D,-0.821740828127405
N47E,-0.102608577803777
N47F,0.738016619171626
N47G,-0.25293253892455
N47H,7.60859740771937
N47I,11.2705316560539
N47K,0.327420362162444
N47L,-0.435033290493602
N47P,-0.332874001898158
N47S,3.10279815275116
N47W,-0.910401429060998
N47Y,4.27927831786197
N48A,0.100961282646597
N48C,-0.474709655188011
N48D,-0.00601033484867156
N48F,4.71171170168391
N48G,-1.7637897521889
N48H,0.252765725470629
N48I,-0.559676795013723
N48K,-0.252971311636738
N48L,-0.304037972213585
N48M,-0.963888028380403
N48Q,-1.19149405057102
N48R,-0.441449377120456
N48S,-2.32046274776493
N48T,-1.30894240335163
N48V,1.40235723065507
N48W,-1.11707480511404
N48Y,-0.772314905367543
T49A,1.5551991028068
T49C,-0.679535124651031
T49D,1.63045151640219
T49E,0.619072632982742
T49F,3.5840387184681
T49G,-0.473996526022182
T49H,3.3206812571216
T49I,2.14231840066215
T49K,0.703443463256207
T49M,0.708836604454424
T49N,0.260853089240563
T49P,-0.770916815535765
T49Q,0.694101825931293
T49R,0.81013690801358
T49S,0.439552816135867
T49V,1.30757716320321
T49W,0.626808170089216
A50E,-1.25010039219381
A50F,0.0860761169053256
A50G,0.422361536360277
A50H,0.0843350402175617
A50L,1.22040943206651
A50M,-0.513760794635321
A50N,-1.68985780748415
A50P,2.59019143917147
A50Q,1.19331767755872
A50R,5.59522028054861
A50S,0.295096502203791
A50T,-0.959619121078328
A50V,0.0167989807323202
A50W,0.034065378526871
A50Y,2.00275845206424
S51A,0.120018621881812
S51C,-1.71177083553091
S51D,-0.448255483015797
S51E,-1.27765913482631
S51F,-0.327344921713945
S51G,3.60937879782733
S51H,-0.928995457010092
S51I,-0.86386794762942
S51K,0.447004985840467
S51L,-0.432369095445729
S51M,-0.636195615627256
S51N,-1.35449886855661
S51P,1.6970058003021
S51Q,-1.13236520902574
S51R,1.41356230504797
S51V,-0.924075083478312
S51W,2.00848307179587
S51Y,0.403567109342964
W52A,-0.153727960950468
W52C,-0.341146353825898
W52E,-0.736548964366786
W52F,0.447941355512757
W52G,1.45585389535133
W52H,-0.720136316333451
W52I,-0.583301449499239
W52K,0.38823353062808
W52L,-0.645739264301589
W52N,1.96597106085963
W52Q,0.289645396664827
W52S,13.392406054919
W52T,1.04807827691821
W52V,-0.868841669725243
W52Y,-1.84912778976351
F53A,0.290709408922909
F53C,1.67823985539517
F53E,-0.352952440977451
F53G,0.775022448870059
F53H,0.947695825041897
F53I,-0.035415650437539
F53K,1.05527860194882
F53L,-1.31791397401603
F53M,0.0869402613277892
F53N,0.600155927411957
F53S,-0.833615433078464
F53T,-0.220378764270468
F53V,-0.671122419299915
F53W,-0.389712547504592
F53Y,0.36887711874096
T54C,-1.26035180468919
T54D,-0.494330295009552
T54E,-0.692776083971648
T54F,1.61117677453453
T54G,-1.4345275973945
T54H,0.446149855699313
T54I,-0.660004940634578
T54K,1.07120539758637
T54L,-0.313539909879141
T54M,1.14187283140203
T54N,-0.760501834861777
T54P,-0.388491178555435
T54Q,-0.276376206809985
T54R,-0.580549398487093
T54S,-0.501457333500421
T54V,-0.13486596919421
T54W,-0.326837699533839
T54Y,0.118621628457682
A55D,-0.82923498507111
A55E,-0.903800299965699
A55F,-0.179654777279969
A55H,-0.178594175792107
A55I,-0.861818830224761
A55L,-0.388022298476149
A55M,4.24368559135983
A55N,0.136104698460607
A55P,0.452566308519208
A55R,-0.484373381319011
A55S,3.55683636847094
A55T,0.296490930496197
A55V,0.589281993183979
A55W,-0.225542359014299
A55Y,-0.682046544802323
L56A,5.24245907684187
L56C,-0.474514453132432
L56D,-0.516594982171424
L56E,-0.179750919537015
L56F,-0.453396759582188
L56H,-1.3261121752746
L56K,-0.167996621587892
L56M,0.34597534230809
L56N,-1.79313019775767
L56P,-0.831202677287464
L56Q,0.0934679542160322
L56R,-0.43432599106433
L56S,-0.0969102665412868
L56T,-0.321303492824623
L56V,-0.143251381416839
L56Y,0.173498440577388
T57A,-1.61308030690965
T57C,-1.50371335458352
T57D,-0.638983701052512
T57E,0.407248558925554
T57F,1.75382081658292
T57G,0.497115286331273
T57K,-0.981435560426113
T57L,4.21118902196069
T57P,-0.409959729724152
T57Q,1.49504658379639
T57R,5.94981177556844
T57S,-0.940096881054765
T57V,2.65225838543861
T57W,-0.843349722433302
T57Y,0.422499140655312
Q58C,0.177216611022581
Q58D,-0.615712349781299
Q58E,-0.0940795401190944
Q58G,4.71290768266757
Q58H,-0.877288009746154
Q58I,-1.5729221446839
Q58L,0.871375793787149
Q58M,0.257716408487228
Q58N,1.06955523157614
Q58P,-0.857677010825673
Q58R,-0.759515990209413
Q58T,-0.623349759324284
Q58Y,0.556123348622554
H59E,-1.14291822541395
H59F,0.711003342086382
H59G,-1.65989539608259
H59I,-0.0722360091302512
H59K,0.128929066387221
H59L,3.10089342878344
H59P,-0.718473104613038
H59Q,-0.200033071586027
H59S,0.536242844877472
H59T,0.961357654930332
H59V,-0.282657275812357
H59W,-1.0268465557132
H59Y,-0.765163395116036
G60C,-1.1420176112172
G60D,-2.08206959494579
G60E,-0.366251293548996
G60F,6.06790435311912
G60I,-0.597502587896676
G60K,-0.196468559098933
G60L,0.0722438852269218
G60M,0.313837198030511
G60N,-0.500248260564614
G60P,1.05402835891963
G60Q,-1.07861453016287
G60R,-0.718164690885201
G60S,-0.140871390681418
G60V,-0.900746468297279
G60Y,-0.738750809361491
K61A,2.80806989029334
K61C,-0.917601812259981
K61D,-0.166066230242924
K61E,-1.07868126897412
K61I,0.0829475059521795
K61L,-0.652384456084095
K61M,-1.4968256251864
K61P,2.15824324641871
K61Q,-1.38053216175567
K61R,-0.383591099227494
K61V,8.29016437476938
K61W,-0.35014245790472
K61Y,-0.113174721235102
E62C,0.803890182541162
E62D,0.387841809135306
E62F,-0.172981789708196
E62G,0.11005914888144
E62I,-1.26035180468919
E62K,-0.199807068633356
E62L,-0.943282884207434
E62M,-0.0558147151479597
E62N,-0.644481912441933
E62P,-0.19792062770549
E62Q,1.58105649181853
E62R,-0.0132782672737975
E62V,0.400227726152662
E62W,2.0779643216143
D63C,-1.05604885997252
D63E,-0.349656054412755
D63F,-0.715580660606435
D63I,1.16737937393268
D63K,0.0277018342438053
D63L,-0.206857157501982
D63M,1.65931168534866
D63P,-1.2714460042767
D63S,1.85619080304876
D63W,-0.0952201582417401
D63Y,-1.68276331519831
L64C,2.51628918669925
L64D,-0.801937342981222
L64E,3.21389285078652
L64F,1.9955410622517
L64H,0.5552532375624
L64I,-0.0803946824040994
L64K,-0.0808482003839439
L64M,-1.2403871002513
L64N,2.46128512768855
L64Q,1.02112863504706
L64R,0.550335673562099
L64S,-0.180180549784233
L64V,-0.933441314669228
L64W,-0.825988951752451
L64Y,9.3314124775153
K65A,0.398855943828953
K65C,-0.369889908026937
K65D,-0.947982984522011
K65E,1.50850708006337
K65F,-1.72426526105083
K65G,-0.218290134111503
K65H,0.783041732221755
K65M,0.159282127836612
K65N,0.267849073748092
K65Q,0.552224421022375
K65R,0.236263777159352
K65S,-0.44199244073418
K65T,-1.94070222284562
K65V,-0.683583089906898
K65Y,-0.3443626040996
F66A,0.242882397315382
F66C,1.20044773633697
F66E,1.98214663610534
F66G,-1.19007542537304
F66H,-0.913010841186487
F66I,-0.374762627894855
F66M,-0.936593453714644
F66N,-1.115273544601
F66P,3.05601742149569
F66R,-0.179013591464998
F66T,-0.668857681820169
F66V,-0.579055754758285
P67A,0.268417149764964
P67C,0.154932395462534
P67D,-0.936655294735641
P67E,-0.673849485114405
P67F,-0.710912799639844
P67G,-0.241248531174982
P67H,0.0610639077474328
P67I,0.0767713751757706
P67K,7.2896052507635
P67M,0.0223682456840895
P67N,-0.328521619518213
P67R,-0.074040191829893
P67T,-0.557723211001094
P67V,0.349654780169264
P67W,-0.27440209219545
P67Y,0.354221492768079
R68A,-0.378083013010961
R68D,0.0343945692809363
R68G,1.2186241645525
R68H,13.392406054919
R68I,-0.21410651041702
R68K,-1.02195231611427
R68L,1.08282251217562
R68M,0.826301208961012
R68N,0.26856531496019
R68Q,0.324271425602235
R68S,-0.59856538724639
R68T,0.651534788881549
R68W,-0.609293870499222
G69A,-0.299984967828871
G69C,-0.840409909606846
G69D,-0.880235089573733
G69E,-0.807993479906872
G69F,0.519183072541642
G69H,-0.657374488175637
G69I,-0.859360976807844
G69K,-0.44844496399497
G69L,1.09944652795324
G69M,0.398096963422865
G69N,-0.732141302403522
G69Q,1.13720479903099
G69R,0.0443039892951173
G69S,0.623461241899353
G69V,1.71329497456112
G69W,-0.143167481274711
G69Y,4.26804201172776
Q70A,-1.16648434657746
Q70C,-0.866316349892675
Q70D,-0.574927704403681
Q70E,0.299983580703606
Q70F,-0.242057162551239
Q70G,-0.517886586034358
Q70H,4.63061981097547
Q70K,1.68360298809881
Q70M,0.558756027946871
Q70P,-0.178076852024329
Q70R,-0.362597080798516
Q70S,0.588391943915511
Q70T,-0.740862851024548
Q70V,-1.38640096744164
Q70W,1.38499195296386
Q70Y,-0.0186295243934802
G71A,-0.404603866319832
G71D,0.892729120398757
G71E,-0.475788795007168
G71I,-0.27980462055141
G71K,1.70462333127149
G71L,-0.266696453654751
G71M,-1.38741931555262
G71N,-0.588699584702323
G71Q,0.0667002563541352
G71S,-0.382612986478353
G71V,0.249942602321169
G71W,-0.374885176745046
G71Y,-0.810053760175461
V72A,0.0467534883609881
V72C,0.374246994662769
V72D,-1.01973552058306
V72E,-1.74303722776904
V72F,-0.661855788363288
V72G,1.71507563004258
V72H,-0.785516210314743
V72I,-0.346219299901523
V72K,-0.590558035217887
V72L,-2.24069686893273
V72P,3.17916161822508
V72Q,-0.628933435004728
V72R,1.33035022542727
V72S,-1.00650103785255
V72T,0.587600040746488
V72W,0.175737093760169
V72Y,-1.19893083772354
P73A,-0.452097936667805
P73C,0.727683903922997
P73D,-0.124880148344196
P73E,-0.607800505333716
P73G,0.676180108793947
P73I,-0.331818182816917
P73K,-0.072609629401638
P73L,-0.299735222795179
P73M,-0.63271354406625
P73N,0.654701848039709
P73Q,-0.0207341505587714
P73R,-0.158883219304034
P73S,-0.781613650503948
P73T,1.38484230989382
P73V,-0.285998035497307
P73W,-0.361641901064146
P73Y,0.141093303400694
I74A,-0.0652707605491765
I74C,-0.06667296279998
I74D,-0.222131277875071
I74F,-1.63025968533466
I74G,-1.59214617183966
I74H,-0.510781499975655
I74L,-0.630397420272206
I74M,0.571931693599157
I74N,-0.0388179075433955
I74P,0.158859036978028
I74Q,-0.426851390098374
I74R,0.0814377452519253
I74S,-0.405399335431901
I74T,-0.0449138934740761
I74V,-0.415092452292394
I74W,1.47615320164596
I74Y,-0.522696960118161
N75A,-1.6676613129884
N75C,-2.25107045641907
N75F,1.04750485582098
N75G,-0.274224614420581
N75I,0.380025888255851
N75L,-1.29363899894389
N75P,-0.0584206429381201
N75Q,-1.46531793564348
N75R,-0.819227902890139
N75S,-0.296700911093553
N75T,-0.908784588149791
N75W,0.0698639997592141
N75Y,-0.823792151484337
T76C,0.291372179348108
T76D,-0.265893926355385
T76F,0.0562194350526555
T76G,0.497336243276726
T76H,0.496163752891563
T76I,1.16550449314411
T76L,-0.0278476516874844
T76M,1.84547456373357
T76N,2.82698220978285
T76P,0.0165886605948481
T76Q,0.129730856750054
T76R,0.692757725325171
T76S,3.27482307783025
T76V,2.67638957023559
T76W,-0.033710496918143
N77A,1.0513579972722
N77C,0.235704076777375
N77D,2.44461461970181
N77E,-0.819836480424464
N77F,1.83560110065849
N77G,-0.648581041514787
N77H,1.41382719344538
N77K,-1.7653119765972
N77L,-1.14962814777811
N77P,-0.534807632344082
N77Q,-0.0228976114983744
N77S,-0.231485839657281
N77T,-1.0199336762996
N77V,-0.62205152155442
N77W,-0.881974333056017
N77Y,0.434917767921485
S78A,0.349427093321865
S78C,0.430246214112959
S78E,-0.245860289629436
S78F,-1.58075053225316
S78G,0.527899014238447
S78H,1.73757381279931
S78I,-0.429865656507952
S78K,0.191938169381821
S78L,-0.438122216388143
S78M,-2.03845135704098
S78N,-0.850119513816656
S78P,0.512318588903576
S78Q,-0.678610187411758
S78R,-0.477304840172868
S78T,-0.0629252341046498
S78V,-0.909992691873724
S78W,-0.725232065507487
S78Y,1.08046282677615
S79A,1.04187872063164
S79D,-0.554270478517001
S79G,0.0593123333281625
S79H,1.677085676684
S79I,0.120469793349676
S79K,0.131640538662248
S79N,8.98081302901656
S79P,-0.153801342596634
S79R,-0.923713019941201
S79V,9.08204236870247
S79W,0.523384743261719
P80A,0.513143074586683
P80C,0.443160414091171
P80D,-0.522225671626705
P80F,-0.287236307394962
P80G,-0.880862757794627
P80H,0.32839676981522
P80I,-1.79581215892107
P80K,1.06458674596561
P80L,-1.01978745633577
P80M,-0.853229109247687
P80Q,1.2629813616104
P80R,0.663966533623539
P80S,-0.959784136340976
P80T,9.7008612481791
P80V,0.665730660110036
P80W,-0.400025910227973
D81A,0.0758295273895759
D81C,-0.692341977901451
D81E,2.15939636256705
D81F,-0.11726790390235
D81H,1.27840993751606
D81I,13.392406054919
D81K,-0.909050962088935
D81L,4.24679358631911
D81N,0.790805253037185
D81P,-0.397239805839521
D81Q,0.14290241994604
D81R,0.98578456090032
D81S,-0.200720922134839
D81V,-1.16296805014137
D81W,-0.842004689729833
D81Y,-0.259340080041454
D82A,-0.0691297034050451
D82C,1.44032749376412
D82E,-0.516923360002562
D82G,-0.198928457757855
D82I,-0.283510178122672
D82K,-0.647161299880512
D82L,0.408591777944975
D82M,-0.706107237517616
D82Q,-0.178463251850015
D82R,3.22185830584157
D82S,-1.57881698198313
D82T,-0.173826260158453
D82V,0.808627112976649
D82W,0.881911507568834
D82Y,2.59139007546652
Q83A,-0.590913750769981
Q83C,0.0415245191111649
Q83D,-0.248501345420962
Q83E,-0.542613372353687
Q83G,-0.0227283116852223
Q83H,4.36782125379216
Q83I,-0.729622566002052
Q83K,-0.53049965626638
Q83L,-0.123715322954284
Q83M,2.98948196167612
Q83N,2.41467060749151
Q83P,-1.21049793606679
Q83R,0.769063542015784
Q83S,2.1717550052036
Q83T,-0.443197863450262
Q83V,0.8936489336532
Q83W,-0.46191904589409
I84E,-0.376159504153301
I84F,-0.958586067958125
I84G,0.248824383062685
I84H,-0.167962036193152
I84K,-0.4406585128255
I84L,-0.167718331111275
I84M,2.57073256326196
I84N,-0.132266212925626
I84P,0.823784625580107
I84Q,-0.825808819024201
I84R,-1.34092649222933
I84S,-0.456117504674267
I84T,-1.04452557569027
I84V,-2.41182043515807
I84W,0.175385774761389
I84Y,-0.221786866533913
G85A,0.632187608098805
G85C,-1.29326453823262
G85D,0.161294358297237
G85E,-0.327175873748561
G85F,0.026906111831618
G85H,0.909628667766904
G85I,1.55725763845493
G85K,0.38667822002107
G85L,0.837034470977177
G85M,-0.584277044653057
G85P,3.33745152576435
G85Q,-0.120262102581543
G85R,-0.592683332445434
G85S,1.667537591953
G85T,0.149340266204559
G85V,0.0690204295029551
G85Y,0.302134020972969
Y86A,-0.282895069051014
Y86D,-0.453183789105554
Y86E,-0.285953120933111
Y86F,-1.16579999175715
Y86G,-0.200947225751016
Y86H,5.00534580073793
Y86I,-0.153827693748799
Y86K,-0.00380443183877754
Y86L,-0.36470762882609
Y86M,-1.59650633067583
Y86N,3.59033245089885
Y86P,0.30618982782735
Y86R,1.59477403794573
Y86S,-0.476464192079562
Y86T,-1.08198183786693
Y86V,-0.299467234023973
Y86W,0.222244740269479
Y87A,-0.356956228089724
Y87C,-2.71270934859166
Y87D,0.218192348772357
Y87E,-0.800231162302556
Y87F,-0.378732555100767
Y87G,-0.774413956339265
Y87I,-1.4284099347865
Y87K,-0.770442646606811
Y87L,-0.43495116527505
Y87M,1.52329871678633
Y87N,-0.721577493254691
Y87P,1.089327893613
Y87Q,1.1517205513795
Y87R,-0.760366411215095
Y87T,3.15501662143059
Y87V,-0.482403906886588
Y87W,-0.408313035831394
R88C,-0.510210830203963
R88D,0.633805104709197
R88E,-1.76786597670137
R88F,2.45689479456496
R88H,3.53045930893138
R88K,4.5989041334755
R88M,0.0723321460349167
R88N,0.294145949290497
R88Q,-0.0551818939946876
R88S,10.4331852422572
R88Y,0.655567142376704
R89D,-0.166649512025236
R89E,-0.621153431573413
R89F,1.83609860359457
R89G,0.325561900564685
R89H,2.0140928328673
R89I,-0.453473806517931
R89K,-1.0653348283048
R89L,-0.163511784429121
R89M,-0.710553423963667
R89P,-0.881502527748174
R89Q,-0.10210419617911
R89S,-0.186859444649981
R89T,-1.05976687312748
R89W,-0.446947970346539
R89Y,2.62737392576881
A90C,0.187725675670169
A90E,0.49688407246137
A90F,-1.6466775552191
A90G,-0.599940328709297
A90H,-0.608154128333351
A90I,-0.0139353813210063
A90K,1.09172951873301
A90L,1.71441003861103
A90M,-0.346528434203604
A90N,-0.736466302102722
A90P,-0.700484788491314
A90Q,4.10679274911756
A90T,0.184343915951561
A90V,-0.456563326923423
A90W,2.76416960819466
T91A,-1.71909106844687
T91D,0.804171601009128
T91E,0.0364775644042819
T91F,0.565772227178325
T91H,0.605390915690922
T91I,-1.00172742082179
T91K,1.57833894154256
T91L,-1.36459978289515
T91N,0.469304590836744
T91P,0.393167399620278
T91Q,-1.11055121529253
T91R,2.55578273907961
T91S,-1.50396718389361
T91V,-0.514583040815815
T91W,4.65842481966955
T91Y,-0.369351778408187
R92C,1.22466371907414
R92D,0.962374928402767
R92E,-0.513431918933003
R92F,1.48406304730621
R92G,0.0283479811319652
R92H,-0.598530434053803
R92I,-0.410838665486211
R92K,-0.988009953199172
R92L,-1.18425205065727
R92N,-1.87741674974678
R92P,-0.855727320016473
R92Q,-2.28072772028207
R92T,-0.602204184211892
R92V,-2.1146139745509
R92W,1.82658867407954
R92Y,-0.981694614133989
R93A,0.0804277738089803
R93D,-0.321980749812139
R93G,0.315215692448691
R93H,0.301048829810279
R93I,-1.49516226357856
R93L,-0.847407896420606
R93N,0.676977107008355
R93T,0.111412733476251
R93V,-0.643213721109471
R93W,1.47509294361055
I94A,-0.622832385381382
I94D,-1.46066578595381
I94F,-1.38412772450287
I94G,0.0968179061856617
I94H,-0.932203663167781
I94K,-2.07826739522521
I94L,-0.713593172872144
I94M,-0.960879643370037
I94N,-0.143101194376069
I94P,0.839959579423148
I94Q,-0.823510967116142
I94R,-0.432999710051537
I94S,-0.593133227407454
I94T,-0.0640780596866361
I94V,-1.20703256909277
I94Y,-0.602241765208382
R95C,0.872628630383353
R95D,-0.175742141909935
R95F,0.33072772760083
R95H,-1.37723844941378
R95I,7.28247809067071
R95K,0.820876733933939
R95M,-0.518211075731386
R95P,-0.0232210072378447
R95Q,-0.100832878450407
R95S,-1.29875213566053
R95T,-1.23977942512262
R95V,-1.10697861227918
R95W,-0.689937611616532
G96A,0.0337363056601927
G96C,-0.0547445553113834
G96E,-0.927256132784684
G96F,-0.558582507981702
G96K,-0.696531829296318
G96P,1.17483131710124
G96Q,1.21794470186251
G96R,-1.90352854406326
G96T,2.22192801674494
G96W,-0.152060348692112
G97A,-0.0449138934740761
G97C,-0.799368532095477
G97D,-0.465375855610231
G97E,-0.937078372667296
G97F,1.35834207456237
G97I,-0.289482589775664
G97K,2.66209598911464
G97L,-0.693185273359394
G97M,-1.56275457591141
G97N,2.04782130000338
G97P,-0.472942459457305
G97Q,2.22280710737722
G97T,-0.868011747237477
G97V,-0.284164022777796
G97W,0.342866360349103
G97Y,-0.396022981345612
D98A,0.877722215417255
D98C,1.09840873439356
D98F,-0.446829350631107
D98G,-0.194190458132246
D98I,1.98369727546768
D98M,0.853914079891379
D98R,-0.0833093179612461
D98S,-0.278767950940656
D98V,0.807544856810181
D98W,-0.364803886012371
D98Y,0.258887439924323
G99A,0.325268310671907
G99C,-0.295670319325702
G99D,-0.945603689034314
G99F,0.651628997935939
G99H,0.818085002973342
G99I,1.23400266851135
G99K,-1.85438787955812
G99N,-0.0497959276488082
G99R,2.66157759360502
G99S,0.184381426297389
G99V,0.205363165005354
G99Y,0.768174231003514
K100A,-0.122922299590586
K100C,-1.47672944865715
K100D,0.000272415302917362
K100E,0.0104984546365227
K100F,-0.303573116592971
K100H,11.9325312198356
K100I,-0.228788109594204
K100L,-0.469497871307447
K100M,-0.0633935894476096
K100N,3.69570126207407
K100P,-0.368484330626577
K100R,-0.891468567467617
K100S,1.41886552707031
K100T,1.19418182895533
K100V,-0.922406479978152
M101A,0.0989821001770335
M101D,-1.63481039163359
M101E,-0.814586015568967
M101F,2.83609340003117
M101G,-1.04035211600218
M101I,-1.87177309166679
M101N,-0.689472202747678
M101P,-0.591066145908906
M101Q,0.00489737631202232
M101R,-1.24280093384601
M101T,3.53028344082745
M101V,-1.27031149949045
M101W,-1.35515349797911
M101Y,-0.446907424761251
K102C,-0.418904834816704
K102D,-0.302990438470994
K102E,-0.658739961270085
K102F,-0.637055393126719
K102G,1.01720525734789
K102I,0.14837683697167
K102L,-1.08361880751435
K102M,-0.154314675583194
K102N,0.281485714124382
K102P,0.85330151266337
K102Q,-0.554663009294821
K102R,-0.589416924828657
K102S,0.222294634701176
K102T,0.128565628577511
K102V,1.20015771170184
K102W,-0.582755161827242
K102Y,1.37564589834651
D103A,1.63223853292303
D103C,0.675082710890076
D103G,-0.64541374715908
D103H,-0.606023720612125
D103K,0.4515699299974
D103L,-0.777261319751385
D103M,2.09606030094266
D103P,0.572335246235323
D103Q,-1.05286671855802
D103T,0.167744475871858
D103V,2.1648226459188
D103Y,-0.30861411575174
L104A,-0.513388088844317
L104D,0.229856609175274
L104E,-1.5267311279509
L104F,-0.96257521616905
L104G,0.629612384654787
L104I,-1.8223876597084
L104P,-0.738371275016023
L104Q,3.74774551643598
L104T,2.89489488753017
L104V,-0.461674590023204
L104Y,-1.18281245899823
S105E,-1.277142030907
S105F,-0.94234610968085
S105G,0.376211293135245
S105I,0.0279759329839803
S105K,-0.568125381171327
S105L,0.130274306847675
S105M,-0.915291298440598
S105N,-0.384012532443419
S105P,0.120907216122894
S105V,4.29530701076512
S105W,-0.612423079081167
P106A,-0.0523801129393717
P106C,1.9766255134101
P106F,13.392406054919
P106G,-1.74758456091808
P106I,1.01442189604178
P106L,-0.515756436345772
P106N,0.615232922996387
P106R,0.719662027874516
P106V,0.210243416832603
P106W,-1.07046543171495
P106Y,2.78691245511008
R107A,0.178916586678886
R107D,-0.524304176670337
R107E,-0.612825400487413
R107F,-0.508827783344655
R107G,-0.851507576223678
R107H,-0.163278255405777
R107I,-1.56396731110951
R107L,-0.671122419299915
R107M,-0.963259337635915
R107N,-0.79996293632299
R107Q,0.288229623389678
R107S,-0.821158174927205
R107T,1.10557820553395
R107W,-0.444291510017382
W108A,0.879819634940437
W108D,-0.94920115290554
W108E,-1.43676484713534
W108F,-0.825199733970778
W108H,-0.210044100470605
W108I,2.33615638115306
W108K,5.74365156343433
W108L,-0.00343381166566064
W108M,-0.790450251616955
W108N,-0.913250276961927
W108P,-0.431604593380127
W108Q,0.63734777085452
W108V,1.45614229851452
Y109A,0.0906941264608552
Y109C,1.6108502350765
Y109E,-0.605829976219077
Y109F,-1.28481384699038
Y109G,-0.703341078670096
Y109H,0.04446783483085
Y109I,-1.45890802594676
Y109K,-0.796431361083891
Y109L,0.193078132837389
Y109M,0.192754804790528
Y109N,-0.657179181231223
Y109P,-0.58092065234999
Y109Q,-1.78204517638401
Y109S,-0.710161968783938
Y109T,1.02824719996593
Y109V,0.219233562809036
Y109W,-0.315513934245801
F110A,-0.497508109534309
F110C,-0.15449616111233
F110E,-0.599836268463542
F110G,0.793284236285941
F110H,1.97162355081037
F110I,0.745672086598862
F110K,-0.433806128544413
F110L,-0.660496761024368
F110M,-0.272665210103585
F110P,1.31758905112664
F110Q,0.0207049008997786
F110R,-0.487408436063528
F110S,-1.08758859409892
F110T,-1.14614255213019
F110W,-0.587130664421451
F110Y,-0.325231659654995
Y111A,-0.0411136680236606
Y111C,0.252448683837532
Y111D,-1.0773031955086
Y111E,-0.84345387272939
Y111F,-1.02528561784332
Y111H,2.74213385378539
Y111I,1.22728422824559
Y111K,-0.769183896553145
Y111L,-0.413979934785952
Y111M,0.0201797921739846
Y111P,-0.334939883978522
Y111Q,1.77500167970199
Y111R,2.98298029384993
Y111S,0.204320142575703
Y111T,0.161306062738457
Y111V,1.16135185273501
Y111W,-0.560770463797759
Y112D,-0.936880624283258
Y112E,-0.647909539288531
Y112F,-0.693870083247308
Y112G,0.272326361547686
Y112H,-0.358572594931799
Y112I,-1.06527832907134
Y112K,0.0809273559669213
Y112L,0.39782162500595
Y112M,-1.02089978901852
Y112N,0.886131747155739
Y112P,-0.891845815821355
Y112Q,13.392406054919
Y112R,-0.217381939027907
Y112S,0.49633469794124
Y112T,-0.488945724760196
Y112V,-0.131393989307671
L113A,0.939985071002101
L113C,-0.370320146328388
L113D,-0.578526011022999
L113E,-0.8401080308235
L113G,-0.888322823004013
L113H,-0.159794798865167
L113I,0.35209469421439
L113M,-1.67831596862503
L113P,-0.537444358070611
L113Q,-0.0634177700961345
L113R,13.392406054919
L113S,-0.554212000238411
L113V,0.146133077657932
L113W,-0.38766454002757
L113Y,-0.832395333818418
G114A,-0.209768815882627
G114C,-0.489660361296365
G114D,1.23955622449033
G114F,0.539195670130283
G114H,-0.429174540852698
G114K,-0.459943368100827
G114L,-0.557611138807899
G114M,1.06134480362538
G114N,-0.700944944509419
G114P,-0.292110719694359
G114R,-0.146356939451902
G114S,-0.0862824673450722
G114T,-0.77860873641255
G114V,13.392406054919
G114W,-1.02102375224704
G114Y,-0.488796371814899
T115A,-1.2406691089681
T115C,-0.626409514031791
T115D,-0.0309562360405038
T115E,-0.970044400379392
T115F,-0.247857097546322
T115G,1.20771060370137
T115H,-0.0858254022400462
T115I,3.46175175150193
T115L,-1.09527513513809
T115M,0.250593759687372
T115N,8.62805775333219
T115P,0.15484168545517
T115Q,-0.280311142020722
T115S,-1.10423297526473
T115V,0.444425818998221
T115W,-1.04265782004581
T115Y,0.366564870973933
G116A,3.84708937351999
G116C,1.21988556172048
G116D,4.7763816354502
G116E,0.721631414207403
G116F,1.18319710784897
G116H,-0.0141039589236431
G116I,5.70270551616863
G116K,0.558326316531559
G116L,-0.658825967986435
G116M,0.272390021448775
G116N,0.785594628727741
G116R,2.34986375740802
G116S,1.88131666020278
G116T,-0.244626794574807
G116V,4.27519621924376
G116W,0.853706236932361
G116Y,0.292303611085058
P117A,-0.541435522951375
P117C,-1.2165807022275
P117D,-0.634844996675498
P117E,-0.360554563792793
P117G,1.81125003985253
P117H,0.909457087106044
P117I,-0.0797020036540327
P117K,1.32968560975086
P117L,-0.463843253056555
P117M,-1.23996364743443
P117N,3.66231979320172
P117Q,-0.0279112563320037
P117R,0.606211137554582
P117S,-0.472911878738309
P117T,-0.476536307394093
P117V,-2.18544616082363
P117W,-0.271108754099273
P117Y,0.0447964007290653
E118A,-0.85516097936973
E118C,-0.640836263581787
E118D,-1.23263088406483
E118G,1.29177841832698
E118H,-0.3673640685544
E118M,-0.316230194949297
E118N,-0.662360615027115
E118R,2.57842951902929
E118S,-0.821935695943205
E118T,0.945624428556822
E118Y,-0.477790866573828
A119C,-0.207822216369921
A119D,-0.800756114185002
A119E,-0.76272209669718
A119F,-0.132958315539822
A119G,8.2776617133582
A119H,0.942896324763919
A119I,-2.41152169732916
A119K,0.607498259110032
A119L,-0.264388609405931
A119N,-0.29283979510821
A119P,0.606366904813778
A119Q,1.85119619950495
A119R,3.20936779057793
A119S,-0.0441605924100762
A119T,-0.574164448889732
A119V,0.437718982760764
A119Y,-0.557244990448586
G120A,0.433814044473599
G120C,-0.860747477448333
G120D,-1.74484157998608
G120E,-0.45459454193765
G120F,-0.583736819583293
G120H,-0.177616954514515
G120M,1.32618437886174
G120N,-0.859587200018559
G120P,0.251834300029268
G120Q,-0.194629108026456
G120R,0.0137644157773158
G120T,-0.36031593499317
G120V,-0.102665225476738
G120W,0.271442995904363
L121C,0.310063455349604
L121D,0.142036237850257
L121E,-1.90370774488836
L121F,0.83256585442903
L121G,-0.924079345159464
L121K,-0.718408417886885
L121M,2.19988951980222
L121N,-0.838268477550013
L121Q,-0.169334844934023
L121R,0.236126375607178
L121S,2.27924007864804
L121T,13.392406054919
L121V,-0.595152556610997
L121W,0.425214615542711
L121Y,-0.138818866671581
P122A,0.0876129254252123
P122C,0.485034006759685
P122D,-0.028998194820335
P122E,0.273271790154941
P122G,-0.0519088983138029
P122H,-0.112651496314184
P122I,-1.36244782889678
P122K,1.23023342974424
P122L,0.316999570214486
P122M,1.27929347082147
P122N,1.71580611804943
P122Q,-0.290094322674925
P122V,0.503965304947722
P122W,-0.556497240540739
P122Y,-0.228260660335172
Y123A,0.64417954087079
Y123C,-0.120018242558524
Y123D,1.63003745105999
Y123E,-0.513116696580415
Y123G,-1.06888969062546
Y123H,-0.544955710038326
Y123I,-0.819907813035346
Y123K,-0.519758923947233
Y123L,-1.11694480295881
Y123M,-0.359583188645886
Y123N,-0.678640323740805
Y123P,-0.157953060179221
Y123Q,-0.241371102190186
Y123R,-1.56604891315382
Y123S,-1.86658952749239
Y123T,4.32507458146601
Y123V,0.101581963802994
Y123W,3.1696125960208
G124A,-2.19401509566274
G124D,0.636156756057381
G124E,0.411527083115497
G124F,-1.36765213818239
G124H,-0.449286529898365
G124I,-1.04723632272424
G124K,-0.746872779485515
G124L,-0.339827804590341
G124M,0.420980181563533
G124N,-0.709869875871515
G124P,-1.11285146968038
G124Q,-0.230300555692166
G124R,-0.735285215566566
G124S,-0.0566213199867358
G124T,-0.43576026541849
G124V,-1.14678474633337
G124W,0.59715288366404
G124Y,0.285504927858722
A125C,-0.925767200471189
A125D,1.4934011004777
A125E,0.0911246153852549
A125F,6.66561734403766
A125G,-0.567452620121451
A125H,1.1789261944678
A125I,-0.694781857758326
A125K,-0.346596584352993
A125L,-0.0604243706620368
A125M,0.70878839231331
A125N,-1.90706582979148
A125P,-0.784232864801567
A125Q,-1.77558906514798
A125R,0.0453790849640111
A125S,-0.620475765897862
A125T,0.209264307728999
A125V,-0.700493136745422
A125W,-0.237296910184368
N126C,-1.7165335097996
N126D,2.27324810994913
N126E,-0.5135977654864
N126F,-1.08002482114357
N126G,-0.371149226280132
N126H,0.472132252278033
N126L,1.25162502357894
N126M,-0.6674484871023
N126P,0.0552074020833516
N126Q,6.10871304624672
N126S,-0.0543442327069964
N126T,1.41683283423551
N126W,-1.44499965380324
N126Y,0.0820972341434682
K127A,1.74559046644092
K127C,-0.854386214110186
K127G,-0.430636929109724
K127H,0.214576905986187
K127I,-0.791963496626379
K127M,0.35286960455685
K127N,1.16130321071586
K127P,5.42879034815076
K127R,-0.826524226800706
K127S,-0.587005349382526
K127T,-1.15535613433197
K127V,4.53293253353008
K127W,-1.01279410426064
K127Y,3.415418808476
D128A,-0.688755152757553
D128C,-0.542874832284805
D128E,0.341232536340009
D128F,4.8499832451116
D128G,-0.621093601375929
D128I,-1.04179425807144
D128K,-0.381484621196632
D128L,2.87189771317061
D128M,-2.29134928764253
D128N,3.13867484999729
D128P,1.74329181280289
D128Q,0.883253758347874
D128R,1.22535283529284
D128S,-0.6904341733456
D128T,-2.08063485445934
D128V,4.08614323382042
D128W,0.86888195358873
D128Y,0.373412274271462
G129A,-0.744177474196043
G129C,0.932180919123465
G129D,0.473915857785096
G129E,-1.35133749754473
G129F,-0.24079318434617
G129H,-0.120627078200752
G129I,-0.671921893967681
G129K,2.66320271178192
G129L,0.150687009369381
G129M,-0.434750809240626
G129N,-1.32907403990527
G129P,-0.526191813648231
G129R,-1.17532371278514
G129S,0.591239839163064
G129T,-0.25584801802787
G129W,0.609958168505208
G129Y,-0.00585122083470126
I130A,-0.725941255538008
I130C,1.25336688188074
I130D,-1.2953941446417
I130E,-0.165774869045354
I130F,-0.634777999794876
I130G,-0.256126510463608
I130H,0.518118501701814
I130K,0.179892152556698
I130L,-0.90478189140561
I130M,0.549056706981227
I130N,-0.644458864275148
I130P,0.570005951245981
I130R,0.863700573917988
I130S,-0.889372745525713
I130T,0.130505041252018
I130V,0.615417189743775
I130W,-0.482055311659941
I130Y,-0.668978075656226
I131A,0.63309123094841
I131D,-1.31905176240219
I131E,3.65178998815763
I131G,-0.542017130516473
I131K,-0.521595454310075
I131L,-1.78948097212334
I131M,-0.408849904257519
I131N,-1.56959179826279
I131P,0.0198291485052032
I131Q,-0.94291938934052
I131R,2.04158980879792
I131S,0.197812901101914
I131T,0.0887671889184352
I131V,3.71683718730291
I131W,-0.941476141676294
I131Y,0.194902393302462
W132A,0.826285534398705
W132C,-0.770241524243863
W132D,0.818085002973342
W132E,-2.21635703008675
W132F,2.47485021307621
W132G,1.24330842510179
W132H,4.5086430500433
W132I,-0.504744641636115
W132K,-2.11340242216029
W132L,-0.126974017559762
W132N,0.913415260284908
W132P,-0.0201707887984488
W132Q,-0.715213477393821
W132R,-0.262753323102408
W132S,1.00358005929324
W132T,0.252765725470629
W132V,-0.359783194179134
W132Y,-0.703746276979065
V133C,0.835162817723701
V133D,-0.0367616465739242
V133E,-1.055379619953
V133F,1.42189884951984
V133G,1.13503381457196
V133H,1.2359597323721
V133I,0.862864320323504
V133K,0.278430035596987
V133L,0.431172281347747
V133M,-1.0075271367692
V133N,-0.362886431400964
V133P,0.105503462067279
V133Q,-0.159498872009287
V133R,1.18084822140308
V133W,3.86624079443295
V133Y,-0.954129200220636
A134C,0.0976553381361961
A134D,-0.678337496399772
A134E,0.694230690686929
A134F,-0.673007797903891
A134G,0.819598471047493
A134H,-0.0170987270458958
A134L,1.3597618644647
A134M,5.15116747213921
A134P,0.574300388003715
A134Q,-0.940022716592955
A134R,-0.411423012383818
A134T,-1.34756547497612
A134V,0.381613975120154
A134W,0.211456243061659
T135C,0.257186720894171
T135D,-0.198453161621695
T135E,1.43476437858082
T135F,-0.769567113827918
T135G,0.766445324250966
T135H,0.614431815715739
T135I,-0.629758237877589
T135K,-1.04079411093501
T135L,-1.07174168759296
T135M,0.750422321560637
T135P,8.71576401681504
T135Q,0.00117852934915436
T135R,0.171262014771074
T135S,0.700802089142967
T135V,0.100088821952152
T135W,-0.393846144949819
T135Y,-0.336643984258533
E136A,0.563766528091315
E136C,0.827519132040072
E136F,-0.781676049788304
E136G,-0.0282009963073887
E136H,0.466809188728217
E136I,-1.85492122277625
E136K,-0.156698234145307
E136L,-0.24575411489432
E136M,-0.67251888970718
E136N,1.43549961826128
E136P,-0.997286013687317
E136T,0.152416088069727
E136V,-0.255101707927387
E136W,1.75412157061016
E136Y,1.05035258037176
G137A,-0.340276611314749
G137D,-0.343401779547978
G137E,-0.0512520914934954
G137F,1.88361494169361
G137H,0.904618427316973
G137I,1.19322570946984
G137L,1.0261397090362
G137M,-0.363718081071915
G137Q,0.961862845577751
G137R,-0.233912391600257
G137S,-0.661323666963456
G137V,-2.31366159708196
G137Y,1.16583287138198
A138C,-0.52512995918089
A138D,0.0903022021995387
A138G,-0.661323666963456
A138I,-0.0522148041996127
A138K,-0.829934090333017
A138L,-0.813191508888182
A138M,-0.294731452947356
A138Q,1.44620701554209
A138R,-0.314452617166436
A138S,1.9975289311561
A138V,-0.715817210425253
A138Y,-0.402622683347818
L139A,0.343230744232569
L139C,-0.0351913695710255
L139E,-0.374491079321829
L139F,-0.571394787667748
L139G,-1.06302781874359
L139H,1.90089255052544
L139I,0.459502403127401
L139K,3.25336911289495
L139M,0.00267359389462154
L139N,-0.721501298130827
L139P,0.113835488557049
L139R,0.463229169286517
L139T,-0.547774957604286
L139V,0.0887671889184352
L139W,0.159210485349857
L139Y,-0.851228475062385
N140A,1.14376392138129
N140D,-0.669958688881776
N140E,0.258643848239693
N140F,-0.257400203766896
N140G,-0.484688564230402
N140L,2.37344169727175
N140Q,0.102277891213752
N140R,0.421053710624957
N140S,-0.0793222068423561
N140V,2.80959289715843
N140W,0.690846764156184
T141A,-0.362597080798516
T141C,-0.805716905127129
T141E,-0.391402298949343
T141F,-0.0395913331060696
T141G,0.0944803039803725
T141L,0.0168958779225605
T141M,0.701989999040609
T141N,-0.561452305993809
T141P,-0.605769161132564
T141Q,-0.839290986292218
T141R,-0.757079064235621
T141S,0.964433840076321
T141V,-1.19045410833958
T141W,0.0499002631372648
P142A,0.274795997709316
P142C,-0.342187413516661
P142D,-0.889309368086157
P142E,-0.372004430347465
P142F,-1.7176611920412
P142H,-1.68953148958208
P142I,-0.458558071307277
P142K,0.9350716702407
P142L,-0.14213201096947
P142M,-0.724005323792339
P142N,-1.04141232190881
P142Q,-0.418342774572565
P142R,0.0148557534742956
P142S,-0.826855568824016
P142V,0.0273628857372904
P142Y,0.368914804348184
K143A,-0.949098791747709
K143C,-0.60732127264017
K143D,-0.358844388816246
K143E,-0.832535463152915
K143F,-1.25967195349818
K143G,1.22198929498129
K143H,-0.195515469224544
K143I,0.155827459835413
K143L,-0.250950913892152
K143M,0.577975417869001
K143P,-0.00869337807692492
K143Q,0.402848879653091
K143R,-1.10222379556358
K143S,0.0545186265298209
K143T,-0.792647827076928
K143Y,-0.338295096828425
D144A,0.798716169821889
D144C,-0.161363434741876
D144E,7.60374378773512
D144G,-0.5661193064887
D144I,3.29798842659125
D144K,-0.298067518847931
D144L,0.150410948739469
D144M,0.063186216292601
D144N,1.35138963082067
D144Q,-0.843225490995431
D144R,1.56765398590502
D144S,1.95212431564264
D144V,2.73162207414293
D144W,-0.817280928175484
D144Y,-1.70248114395629
H145A,-0.271089424611481
H145D,-0.0293740634387377
H145F,-1.9849488549852
H145G,0.166457694778511
H145I,0.78031933949353
H145K,0.459009191696855
H145L,1.04577722766472
H145M,1.06450370005037
H145N,-0.623453946173923
H145Q,-1.45135571652515
H145R,-0.136045446341733
H145S,-1.6453482051774
H145T,-0.823198282409334
H145V,9.93830959110352
H145W,-0.614314016794324
H145Y,-0.527416322364162
I146C,-1.31733350523715
I146E,-0.338177638560326
I146G,0.421662759536738
I146K,0.0635396849887853
I146L,0.838898330150956
I146M,-0.934839247168082
I146N,-0.226590209401806
I146P,0.497714911736313
I146Q,0.272079473346904
I146R,0.22027367921416
I146T,-0.532041901243375
I146V,-0.028126420258521
I146W,-1.68846885805247
I146Y,-0.608881780697258
G147A,-1.10932884093229
G147C,3.93077761365616
G147E,0.649833140269532
G147F,-1.09007555002308
G147H,0.488865184759715
G147I,-1.16230739521676
G147K,1.29815270084929
G147L,-0.249007070785678
G147M,1.21417954808279
G147N,-0.550993219034006
G147P,0.833199500530628
G147Q,-0.902656849741015
G147R,-1.585558614023
G147S,-1.30782966920596
G147T,1.80330888570276
G147V,-0.781890058634847
G147W,1.57204281761567
G147Y,1.24209463879131
T148A,-0.472480443732051
T148C,-1.14374684989963
T148D,1.87797491318058
T148E,6.70864133966742
T148G,-1.25817296271173
T148H,-0.488615183216109
T148I,1.06352144009124
T148M,-0.549194164898936
T148N,-0.0386710205713713
T148P,0.304414452472691
T148Q,-0.0770938702991766
T148R,0.732754759412055
T148V,0.0126906723721344
T148Y,-0.723402592875863
R149A,1.37779053593008
R149D,-0.481826883768743
R149E,0.161857233184246
R149F,-2.55055747280903
R149H,-0.655592997804301
R149K,-1.73039567203225
R149L,-0.576319666141548
R149M,-0.714745658207973
R149P,-0.373853807041683
R149Q,-0.278982698202803
R149T,-0.212146853463434
R149V,-1.24732395056499
R149W,0.338636207896169
R149Y,-0.433330605515192
N150A,-0.329951947615201
N150D,-0.76365162038865
N150E,-0.817375074880534
N150G,1.23714228785904
N150H,1.41345094675985
N150I,2.80891663635249
N150L,-0.0969300645508196
N150Q,-1.20116779943794
N150R,-0.737677651432709
N150S,-0.407158011185838
N150T,0.0328087859770429
N150V,-0.780664262946
N150W,-1.16389096861719
N150Y,0.16965708183446
P151A,-0.327985537331782
P151C,0.970231700346039
P151D,3.70378649488768
P151E,-0.132044217568907
P151F,-0.658988815785972
P151G,0.320315283772227
P151H,0.149179100652741
P151I,-0.568071812572415
P151K,0.111571423262471
P151L,-0.476635087336024
P151Q,-0.377727248184537
P151R,0.775022448870059
P151S,0.443044264502963
P151T,-0.474041138175876
P151V,-0.265734600688824
P151W,-0.179198268322008
P151Y,0.816795638121293
A152C,-1.23313224245488
A152E,1.56334130386333
A152F,0.297194365945583
A152G,0.767578250180311
A152H,-0.242963532426494
A152L,-0.712897016671636
A152N,-0.114236199089082
A152P,-0.123313352911951
A152Q,0.0925087953151077
A152R,0.500787922660203
A152S,3.50367261481968
A152T,1.33701061849522
A152V,-0.865798735558012
A152W,-1.75812345451003
N153C,-0.388022298476149
N153D,0.846332470577369
N153I,-1.22393879866195
N153K,1.73486875019014
N153L,-1.5277555408751
N153M,-0.246611970274083
N153Q,-0.0494864477331879
N153R,0.302808018087719
N153S,0.442489640216129
N153T,1.45394146386442
N153V,1.59512238959221
N153W,-1.2343374427638
N153Y,-0.352395244710512
N154A,1.15925601720575
N154C,7.42329554953781
N154D,-0.274824481781427
N154E,-0.45442260889277
N154F,7.6262181245507
N154I,0.206430984529455
N154K,-0.369889908026937
N154L,0.17037504904081
N154R,1.27531097465691
N154S,-0.147741369459689
N154T,7.03274751735007
N154V,0.158151737824254
N154W,-1.35619023920336
A155C,-2.28934549431821
A155D,-0.648213494007316
A155E,-1.45052254014709
A155F,-0.155243482523684
A155G,-0.162095764508176
A155H,0.307024840703595
A155I,2.37889804377373
A155K,0.151694305107522
A155L,-0.305217984086235
A155M,2.61351104507038
A155N,0.850282060123054
A155Q,3.32813751229174
A155R,0.758762436917809
A155S,-1.56305811148254
A155T,3.26355650060567
A155V,1.89775571175598
A155W,1.61760417322491
A155Y,-0.25811020361545
A156C,-0.242644054614171
A156D,-0.755615952492446
A156E,-0.614126607058787
A156F,-0.680082984674952
A156G,-0.679369965092805
A156I,0.179149990494837
A156K,0.0904899101849705
A156L,-1.05484365007602
A156M,0.0249250133885226
A156N,-0.145192616112381
A156P,1.11946305763307
A156Q,-0.619440941160367
A156S,0.0596845078622091
A156V,-1.78155312033128
A156W,0.788387548099937
A156Y,0.0969094295644608
I157C,0.493927973545588
I157D,-0.36796978783759
I157E,0.807170164737095
I157F,3.69570126207407
I157G,0.452048935323345
I157K,-0.686261563768878
I157L,1.20691048064944
I157M,2.63035874188768
I157N,-2.44628870706274
I157Q,0.171936352663395
I157S,1.34773313711814
I157T,-0.01380661254975
I157V,-0.711301791585188
I157W,-0.114446132179011
I157Y,1.89504382413888
V158A,-0.343696168582994
V158C,-0.864066011613548
V158D,0.692104638290423
V158E,-0.58984360870659
V158F,0.339467176933574
V158G,-0.0221875612018542
V158H,-1.31940801946102
V158K,-1.205602705323
V158L,-0.669689716954315
V158M,2.33087360110073
V158N,-0.463709039489372
V158P,-0.477112799806241
V158Q,13.392406054919
V158T,0.864861843623218
V158W,-0.281034975017681
V158Y,-0.548097506659572
L159A,-1.43978296822858
L159C,-0.351771211267989
L159D,-0.139659481306486
L159E,-0.557510909696343
L159F,-0.220861272052716
L159G,-0.651180261107349
L159H,-0.446588433060413
L159I,0.461181015984032
L159K,3.33270335624082
L159M,-0.500001034578743
L159S,0.776006094736045
L159T,0.874222598646803
L159V,-1.77949474731949
L159W,1.75154519165127
L159Y,-0.30612521706186
Q160A,-0.571378096866517
Q160C,-1.20366662109521
Q160D,-1.00328613388928
Q160E,-0.25753279079711
Q160F,7.32924022265895
Q160G,-1.65781738644002
Q160H,1.31875108100785
Q160I,-0.615811046718857
Q160K,1.81513233451851
Q160L,-0.940307223764555
Q160M,-0.27662562275241
Q160N,0.32051400343881
Q160P,0.487632282554566
Q160R,-0.191965958812729
Q160S,0.322356709896617
Q160V,-0.179042407818055
Q160W,0.599363423959813
Q160Y,-0.421756328132417
L161D,-0.188015753709124
L161G,0.729424487832494
L161H,-0.4900702021621
L161I,0.135197560558198
L161M,3.59726991800057
L161N,-0.87238779342457
L161P,-0.854695615648172
L161Q,-0.31527648826011
L161S,0.721248102869806
L161T,-0.503765180603818
L161V,1.11572905816071
L161W,1.2638000575257
L161Y,13.392406054919
P162A,1.83050030172039
P162D,-0.185742394400804
P162F,-0.288415213285819
P162G,0.315718930341238
P162H,-0.474202099036334
P162I,-0.496486600699338
P162K,-0.207318615347679
P162L,-0.065939755756577
P162Q,0.43280434686686
P162R,4.2165727735867
P162S,0.673893569496781
P162T,0.729594866243677
P162V,13.392406054919
P162W,-1.2235921283575
P162Y,-0.734826191871596
Q163A,-0.131944089378508
Q163D,1.6331422214017
Q163E,-1.71188124843687
Q163F,2.75315304193385
Q163G,1.14946136944612
Q163H,9.47023759593172
Q163K,0.921755402992119
Q163L,-0.881366513904538
Q163N,0.231151466278766
Q163P,-0.598116128640532
Q163R,-0.267247613513309
Q163S,-0.63608936488944
Q163T,-1.3567284223189
Q163V,0.452311785203241
Q163W,1.14675639392197
G164A,-0.430812200482032
G164C,-0.367764596404611
G164D,-0.895998399466599
G164F,-0.0792334800536951
G164H,3.58555741432392
G164I,-0.081277910906177
G164K,0.234052503200467
G164L,2.19104698324654
G164N,-0.43569331125078
G164P,0.716601302928724
G164R,-0.289142123806295
G164S,0.221253808239383
G164T,1.75842025378591
G164V,-1.4282437053792
G164W,-0.911221982620216
G164Y,-0.947720749602484
T165A,0.431584694858722
T165C,1.63181285242914
T165D,-0.961688045571926
T165E,-1.11449664705475
T165F,0.170661328515399
T165G,0.195380280274078
T165H,1.53246328135324
T165I,-1.20105127690708
T165K,1.59005759106576
T165L,-0.188916003723654
T165M,0.459321609571876
T165N,13.392406054919
T165Q,1.97508508713258
T165R,2.96178457059408
T165S,1.71329497456112
T165V,0.0216470992710106
T165W,-0.95513570999534
T166C,0.297150030557341
T166D,-0.173247929980675
T166E,0.0613402747172064
T166F,1.37041854331321
T166G,0.756475060086889
T166I,-1.1209622395051
T166K,-0.00175770333300993
T166L,0.0477219407281999
T166M,0.32921183614547
T166N,-0.429748767752294
T166P,-1.50808329786356
T166Q,-1.31901424600981
T166S,-1.3568314068157
T166V,2.34988361758033
T166W,0.372705368986079
T166Y,0.657741066643441
L167A,-0.0746711320211191
L167C,-2.25065007849081
L167D,-0.41830756247624
L167F,-0.810198554232116
L167G,11.8016981240746
L167I,-0.968114211106834
L167M,0.446348067428658
L167N,-0.849941995783332
L167P,-1.54884750773318
L167Q,-0.744278365096619
L167S,0.129195240554779
L167T,-0.640260903489296
L167V,0.105540774126832
L167W,-0.407241602719793
L167Y,-1.90567148430335
P168A,-0.303415673412444
P168C,-1.09271673469607
P168D,-0.721719538452798
P168F,0.583698439768594
P168G,0.34293779792253
P168H,3.27512370202363
P168I,3.29506027209587
P168K,-1.06035393870754
P168L,-0.243533943858821
P168M,1.51848467789503
P168Q,-1.04007188166362
P168R,-0.0889373030190808
P168S,-1.26423846051783
P168T,2.70708751730061
P168V,-0.588500194313837
P168W,-0.151405030788439
P168Y,-0.811434573769757
K169A,1.08012916271044
K169C,0.884209537785509
K169D,-1.18936670413914
K169E,2.0462926218878
K169F,2.65078996904186
K169G,1.03068858978651
K169H,-0.738660505091107
K169I,0.511570905801314
K169L,0.38082404226548
K169N,-0.875206429016023
K169P,-0.128073388944107
K169Q,0.728492043854835
K169R,-0.5622246022038
K169V,-0.162454810873011
K169W,-0.806503155950544
K169Y,-0.41706097098418
G170C,1.03098177623002
G170D,1.47923229156767
G170E,0.933854911760838
G170F,2.53882915320528
G170H,-1.12018937812778
G170I,-0.0436164889872756
G170K,13.392406054919
G170L,-0.360421286440441
G170N,-0.517855793963359
G170P,-0.129568383967862
G170Q,0.259449388073984
G170R,1.64226563108684
G170S,1.72935660217342
G170T,0.505449516514758
G170W,0.151866975643075
F171A,-0.823294960161756
F171C,-0.592526462294615
F171D,0.383799005851186
F171E,-0.427295751569191
F171G,-1.08978167309661
F171H,-0.354218581691468
F171I,0.408530315134185
F171K,1.00274087643072
F171L,-0.870947002097869
F171M,-0.78804761830777
F171N,2.47178762185116
F171R,0.0832970666457233
F171S,-1.24006362529662
F171T,-0.438879989997451
F171V,-0.227746450838757
F171W,2.01037316466861
F171Y,0.26158273267019
Y172A,3.80505506166419
Y172C,0.749514531125212
Y172E,0.412765426332313
Y172H,5.07461500168259
Y172I,0.461595090737631
Y172K,2.30858975999035
Y172P,-0.986714309027428
Y172R,-0.0257702693915283
Y172S,2.54175970610957
Y172V,0.193949752575965
Y172W,0.00186629316328343
A173C,4.70356536228416
A173D,-0.593256076076949
A173E,0.173808849665222
A173F,0.16219314013012
A173H,0.343004369250638
A173I,-0.390193401236436
A173K,-1.04963248716238
A173L,-0.242313761882066
A173M,-1.03143875745882
A173N,-0.0308937702846382
A173P,-0.53351422313411
A173Q,1.79138605175894
A173R,2.84742311101094
A173S,-0.823973574454395
A173T,1.18523417884814
A173W,-0.568670579986712
A173Y,-0.613330980513077
E174C,5.4708493734249
E174D,-0.0422169243126666
E174F,0.427289911206107
E174G,-1.28496773493877
E174I,3.84116222077001
E174K,-0.204998150105447
E174M,-0.535639320344291
E174Q,1.3602566598098
E174R,-1.83007673323102
E174S,-1.25520967548982
E174T,0.340743375773289
E174V,0.771065536594042
E174W,2.13920280269589
E174Y,0.307337417541048
G175C,-1.03420847470748
G175D,1.52731651730535
G175E,-2.03352035528399
G175F,2.62023085704366
G175H,2.39330340263194
G175I,0.71997975252314
G175K,0.266258413488003
G175L,0.495227781916867
G175N,5.00860090866022
G175T,2.0012867887349
G175W,-0.650338702190351
G175Y,0.753512042000691
S176C,-1.62565237322053
S176D,1.67494132692632
S176E,1.6474172584726
S176F,-0.42438186193941
S176G,0.0634528171039686
S176I,-0.912097836768842
S176M,-0.930230505839056
S176N,-0.585579949565072
S176Q,7.53715471568941
S176R,0.789864999158865
S176T,-2.33876991365566
S176W,-0.389491155567044
S176Y,1.4366207947696
R177A,-0.967054342184909
R177C,-0.374924259424004
R177D,-1.13049466433605
R177E,0.534431164066375
R177F,-0.833723155577095
R177G,2.63125781444956
R177H,2.04776022566116
R177I,-1.70377195504213
R177L,-1.12464496094347
R177M,0.0732305189142955
R177P,-1.0775301832491
R177S,-1.49353852200138
R177T,0.577775243236451
R177V,-0.532683825271149
R177W,1.9437502811587
G178C,-1.18718497884763
G178I,5.94981177556844
G178L,0.140550077838251
G178M,-0.244501366945963
G178N,2.58134179605074
G178P,-0.438663664519328
G178Q,-0.121275204910451
G178R,0.715270383049908
G178S,-0.250885226349049
G178V,-1.07201075871159
G179A,-0.322916753908503
G179C,3.81370245825937
G179D,0.436989176304461
G179E,-0.929235169500182
G179F,1.38649454319932
G179H,3.08051596678501
G179I,-1.82215163098911
G179K,-0.690114277824394
G179M,-0.0757123234981699
G179N,-0.366227156970169
G179R,-0.0274418490732077
G179S,0.0200804202354072
G179T,-1.08217819039516
G179V,1.72253994757864
S180C,2.98567195488624
S180D,0.219741663644655
S180E,2.06875714082158
S180I,0.814129885526443
S180K,-0.239008159833883
S180L,0.419599407476918
S180N,5.94981177556844
S180P,-1.29960692807192
S180R,1.56132470367976
S180T,-0.203530837283394
S180V,-1.02906513970052
S180Y,2.21140475946486
Q181C,-0.303082984867977
Q181D,-0.410731594277115
Q181F,-0.0017577033330105
Q181I,0.63220751199791
Q181K,0.259003398779441
Q181L,2.61668614661103
Q181M,-0.417004574664352
Q181P,1.30247905954496
Q181R,0.800161264651258
Q181S,3.31160845607021
Q181V,-1.4008143781988
Q181W,4.21359235982244
Q181Y,-0.322519257979581
A182C,-0.688520866144098
A182D,-0.264600914345777
A182E,-1.29030711069132
A182F,2.93046536204003
A182G,0.144180031852635
A182K,3.52353601363922
A182N,0.565350362946396
A182Q,0.0716615735404122
A182R,1.00790273181002
A182T,0.0485012087719386
A182V,-0.122815355283473
A182W,0.492794190767102
A182Y,2.92763977912539
S183A,-1.8957137143483
S183D,1.80764902165792
S183E,-0.0744174385300856
S183F,-0.556815289209536
S183G,3.19321496605708
S183H,0.0728114220934296
S183I,-1.03143875745882
S183L,0.357999205526002
S183M,0.93886125797648
S183P,-0.812300665259972
S183Q,0.144512491027648
S183W,0.473475950647202
S183Y,7.66664679889008
S184A,-0.633213220667577
S184E,-0.317020976491078
S184H,0.60777003710595
S184K,0.673893569496781
S184L,-0.128114456452019
S184M,-0.484351766917549
S184N,-0.316302139445269
S184P,5.39967869133855
S184T,0.703094215353933
S184V,-0.123161477120082
S184Y,4.59931401394024
R185A,-0.581130718718133
R185C,0.342519448922727
R185D,-1.09277403097516
R185G,-0.544572340054239
R185H,-1.40693500148159
R185I,0.241716326239648
R185K,0.884691945229591
R185L,0.50911811602263
R185M,-1.22715203108327
R185N,0.977768259776616
R185Q,-0.209415221151704
R185S,0.387022558419329
R185T,-0.882166684131988
S186A,1.23104540293635
S186C,-1.92458695205407
S186E,-0.505086236483426
S186H,-0.279031110912068
S186M,5.2468897895556
S186P,0.433489684719587
S186R,3.81037066298434
S186T,-0.0490221626772523
S186Y,3.92540076452238
S187A,-1.06225668325611
S187C,-0.893638343692881
S187D,2.33371526211111
S187F,-0.590283806265051
S187G,-0.936809984001807
S187I,-0.943950796687791
S187K,4.05010683587251
S187L,-0.922230133719384
S187N,0.643706661020912
S187Q,-0.866783270341442
S187R,0.570959606607163
S187T,-0.152214898597983
S187W,1.70783835682386
S187Y,-1.22194217653368
S188D,-0.550571943340925
S188G,-1.51774261167307
S188I,0.413657813777448
S188K,0.691705621453582
S188L,-0.481038669599247
S188M,-0.592536400796457
S188N,-1.46228191568367
S188P,-1.2310110066807
S188Q,0.858827012885324
S188R,-0.133783514497552
S188T,1.79395302494468
S188V,13.392406054919
S188W,0.920447210759653
R189C,2.83170860350181
R189D,2.39330340263194
R189F,1.11517328699727
R189G,0.130471571668691
R189I,-0.079132481655902
R189K,0.42725419507624
R189L,-0.449090247968132
R189M,-0.998686813475079
R189N,-0.4537612823141
R189Q,3.17552432387839
R189T,-0.365002128685205
R189V,-0.514902184416113
R189W,0.396769494800795
R189Y,-0.268257977138056
S190D,-0.99329798020483
S190F,9.7514964454342
S190G,1.20319003654628
S190I,13.392406054919
S190K,1.76828306145678
S190L,1.45732336413065
S190M,2.0769950328335
S190N,-1.68011318031215
S190Q,8.99397713879072
S190R,9.57540041422454
S190V,4.74789615414293
S190Y,-0.662332983337054
R191A,-1.31511509763662
R191C,-0.720747153587897
R191D,0.248692521270179
R191F,-0.692552316153245
R191G,2.48952138435507
R191H,-0.71147433016828
R191K,2.26543745162359
R191L,1.40275502401882
R191M,1.41205545048415
R191N,-0.210732592098387
R191P,-0.737527792646201
R191S,-0.682189075271322
R191T,0.0419326147299191
R191V,0.586590533248956
R191W,0.454686812119592
R191Y,2.35951457729374
N192A,1.43629937201894
N192C,1.67793748235658
N192D,-0.461035758823571
N192E,1.35008863199022
N192F,-0.419497689688151
N192G,-0.0372606334800637
N192I,-0.342745702307717
N192K,-1.1594016505561
N192L,0.915399402121758
N192M,-2.04551343211909
N192P,-1.23333613987281
N192Q,-1.47432076053676
N192R,1.02321651475704
N192S,3.14989884192468
N192T,-0.158765008027414
N192V,2.29301748908613
N192W,0.258674812807277
N192Y,2.55284792152667
S193A,-0.146741272238058
S193C,-1.27163450169815
S193D,-0.027446955262587
S193E,3.78033763288682
S193G,-1.4196810725754
S193L,4.52100452504687
S193N,3.14558686540359
S193Q,-1.90567148430335
S193R,-0.883774360025644
S193T,0.640519931961248
S193V,0.127866509757633
S194A,1.03787638461866
S194E,4.29629628178138
S194H,-0.0104190262321033
S194N,0.685361221722542
S194P,13.392406054919
S194Q,-0.420143526504039
S194R,-0.819532073810149
S194T,3.42787908633053
S194V,0.632510670105939
S194W,1.33670050194109
S194Y,-0.272396111565665
R195A,3.8089057332504
R195C,-1.45245442870809
R195D,-0.458661697913301
R195E,-0.243691621308178
R195F,-0.522852160692288
R195H,-0.169300699365018
R195K,-1.90073631639588
R195L,1.05507903055603
R195N,1.37996589571336
R195P,1.2739834499201
R195Q,2.37104065366495
R195S,0.626976843330866
R195V,-0.117137130717337
N196D,-0.468047905206818
N196F,-1.64248321959246
N196G,0.9996953153695
N196H,0.462131621808906
N196I,2.07379603528896
N196L,-0.664419878852755
N196P,-0.258839904902482
N196Q,1.48078837128527
N196R,1.50342379417023
N196S,2.23341134727264
N196T,0.252126978332304
N196W,1.79076115272554
N196Y,0.0765392348485211
S197C,2.3059679308373
S197D,4.7335262226848
S197G,0.746286832722448
S197H,-0.345953057378785
S197I,3.08803459277455
S197K,-0.28164350491243
S197M,-1.05320892401523
S197P,-0.555696691739498
S197R,0.40313289871796
S197T,-0.196194492985783
S197V,-0.293440937286649
S197W,0.140249404223741
S197Y,-0.199521914149928
T198A,2.50018726906618
T198C,8.74252048970747
T198D,1.0997092717779
T198G,3.3683974580191
T198K,-0.789660526285255
T198R,-0.167742577006405
T198S,-0.21737541873755
T198V,3.56927573900545
T198W,-2.37654148431014
T198Y,4.75558928107175
P199A,-0.350196079461401
P199C,-1.24807575228044
P199D,-0.869410284964487
P199E,-1.03595844969015
P199G,-0.163481131752601
P199I,0.468420208110302
P199L,-0.302307512464082
P199N,3.31199986964437
P199Q,-0.768748519279635
P199R,-1.33343368681144
P199T,0.389447553446895
P199V,1.00657459401655
P199Y,1.14500485067803
G200A,0.679506266072974
G200C,4.77735515128078
G200D,-1.0936309147181
G200F,0.00833201501233852
G200H,-1.11946313138174
G200I,2.40110385978018
G200K,-0.166505278476867
G200L,3.37949188581438
G200M,-0.315917836928164
G200N,-1.36322626413441
G200P,-0.373724552725588
G200Q,4.65842481966955
G200R,0.860688362931052
G200S,-0.757166267885277
G200T,5.70943132900706
G200V,-0.320696317255254
G200W,-0.777313905514923
G200Y,1.11952004119311
S201C,0.982389614078057
S201D,0.735394841876486
S201E,-0.473373357002028
S201G,-0.064160884835912
S201H,4.76839092432916
S201K,0.629612384654787
S201M,0.368442577725824
S201P,1.11819561798146
S201Q,-1.01609959413002
S201R,-0.0647030044941887
S201T,4.71903856834885
S201V,2.00009026262301
S201W,-0.378176199502675
S202A,1.76094018848546
S202D,-0.497522829027591
S202E,0.461595090737631
S202F,13.392406054919
S202G,-0.25722144072022
S202K,-0.0638343177192279
S202L,-0.629091463749481
S202Q,-0.242911116117887
S202R,0.777777838660619
S202T,-1.1201799843099
S202V,-2.44675007368369
S202W,-1.80120766923641
R203A,1.93889318664574
R203C,0.226626905069633
R203E,-2.28248701506619
R203F,2.42047675103728
R203G,-1.76149306006453
R203H,-1.08950096035521
R203I,-0.587163384782441
R203L,1.03087875693118
R203N,-1.47884336108342
R203Q,-1.62565237322053
R203T,0.304056748221989
R203V,13.392406054919
R203W,-0.187839292803416
R203Y,0.99023411832815
G204A,0.417528934757121
G204D,-0.0783368379955911
G204E,-0.271274854034198
G204F,-0.0562140185841525
G204H,-0.375164202640262
G204K,-1.04960725381429
G204L,0.0777226334149099
G204M,0.842576972038618
G204N,3.06432184843933
G204P,1.05837457142815
G204Q,0.755046617477608
G204R,5.03368878301923
G204S,-1.03143875745882
G204T,0.0376421417495335
G204W,-0.861844925523795
T205A,0.494752640133103
T205C,0.290428554493592
T205D,2.03366315771803
T205E,-0.888020286105061
T205F,-0.162802595970296
T205G,2.60876308700283
T205H,-0.654624857023395
T205I,-1.63380395571592
T205K,-0.184959819855878
T205L,-0.716524435761397
T205N,1.79747009709684
T205P,0.524133642337929
T205Q,1.3528211173982
T205R,-1.27222117292873
T205S,-0.534500588497913
T205V,-1.09145710314596
T205W,-0.757233644597547
T205Y,0.815098174549713
S206C,-0.119024194217506
S206D,0.882462607399141
S206H,0.164419393018963
S206M,0.444874209306219
S206P,0.851050268612272
S206Q,0.0927701753201606
S206R,-0.27389804573402
S206V,0.784165597273323
P207A,-0.945416940414967
P207D,-0.200070512607288
P207G,0.462131621808906
P207M,-0.766076105373199
P207S,-0.564346197129216
P207T,0.101584964464361
P207V,4.76394915737649
P207W,-0.684137255007707
P207Y,2.41200642302304
A208C,4.59814175395114
A208D,0.689712636210505
A208F,2.55578273907961
A208G,-0.242803629345155
A208K,13.392406054919
A208L,-1.18359484167227
A208M,5.82018330682945
A208N,-0.22302566049716
A208Q,-0.597068611915943
A208T,13.392406054919
A208V,-0.757233644597547
A208W,-0.734852327850205
A208Y,0.138325594851992
R209C,3.84545573219714
R209E,-0.906043651767331
R209H,-0.0512520914934954
R209K,-0.0341561251686053
R209N,-0.839768244103445
R209P,3.3206812571216
R209Q,-0.550187340545916
R209S,-0.141748329948163
R209T,1.12507827591698
R209Y,-0.738159224390779
M210A,0.176142954531416
M210C,-0.589493002919257
M210D,0.336611190217131
M210E,0.0103633760589188
M210F,-1.52117520487837
M210G,1.47455371288984
M210I,-0.157575111008715
M210P,-1.14095480145062
M210V,-1.02393600047096
M210W,0.611122531674527
M210Y,1.75234522417205
A211C,1.10121892454396
A211D,0.540995792456266
A211E,-0.43569331125078
A211F,0.35223573290272
A211G,8.66821120344513
A211H,-0.277616432814486
A211I,1.08518853854103
A211L,0.859846167843223
A211M,0.235430133645428
A211P,5.61526181144229
A211Q,-0.0477438140641755
A211R,-2.51894087050963
A211S,-0.947817453044676
A211T,1.06300045457278
A211W,1.81408288980091
A211Y,0.830831984145667
G212A,-1.95196759759845
G212C,4.15556152899319
G212D,-1.08944027893525
G212E,2.34646900577738
G212F,0.0518033097685954
G212H,0.563515904637538
G212I,-0.805064490308439
G212L,1.48001743165908
G212Q,0.431584694858722
G212T,0.534576412380801
G212V,0.822854901056611
G212W,4.5171117302824
G212Y,-1.70410331764495
N213C,4.55703169103525
N213E,-0.209245365733277
N213F,0.215051754183804
N213G,4.85266091263933
N213H,0.490128440330262
N213I,9.60369420468581
N213K,-0.67997314136547
N213L,0.146350579897155
N213M,-0.516004194429032
N213P,1.16082481006802
N213Q,-1.16363345149668
N213S,-0.154531052731756
N213T,-0.322664526825994
N213W,3.63870022502319
N213Y,2.16383753699714
G214A,1.43556209022911
G214C,1.43103851752585
G214D,-1.00141114989289
G214E,-0.675210956036566
G214F,6.27269948076038
G214H,0.0643662029234533
G214I,3.29135072229861
G214K,-1.02192347869704
G214L,13.392406054919
G214M,6.76269422094484
G214N,-0.972461067812802
G214P,2.08526196511297
G214Q,-0.766739815641929
G214R,2.25406909032921
G214S,0.56849509948522
G214T,0.40419372200469
G214V,0.224673502036803
G214W,6.13626862577165
G214Y,6.8830448654818
G215A,-0.75814694233033
G215C,1.77551743849494
G215E,1.25546557078935
G215F,6.30269988784378
G215H,0.532827278208162
G215I,0.437442726186775
G215L,3.78188616685992
G215M,1.28141730734949
G215N,-0.511197820421201
G215P,0.935623217244739
G215Q,0.766268096704784
G215R,-0.578485742377767
G215S,0.0938696324873271
G215V,4.23638570573947
G215W,5.52918672039599
G215Y,1.06607383851636
D216A,6.78481363637027
D216C,11.3555061554784
D216F,0.0691126508686171
D216G,1.11485581209948
D216H,0.277949686652852
D216I,4.61249781623924
D216K,11.3397889586264
D216L,4.72444132084575
D216M,4.1001472414833
D216N,2.36725475661364
D216P,0.247045648439463
D216Q,0.0551184170286157
D216R,1.54201755053585
D216S,0.413657813777448
D216T,5.92685152142279
D216V,6.82880113649397
D216W,4.43629953691745
D216Y,13.392406054919
A217C,5.93373161900894
A217D,1.04221932985081
A217F,5.1246489433362
A217G,-0.0340970172607151
A217H,0.132820022517759
A217I,3.19976275275373
A217L,2.62335631328809
A217M,0.554218931306504
A217N,2.0169090008109
A217Q,0.082123782039604
A217R,-0.606574299715957
A217S,1.10025267367587
A217V,3.72517715493914
A217W,3.86528868432564
A217Y,1.42333165408864
A218D,-0.417004574664352
A218E,-0.598823570174458
A218F,2.08921566037138
A218G,-0.359557221176118
A218K,-0.62824305702122
A218L,3.45468791888882
A218M,0.191776652217458
A218P,-0.657288207743213
A218Q,0.65478887911669
A218S,5.94219027509092
A218T,-0.673179596279878
A218V,3.5125439040087
A218W,4.9274009502104
A218Y,2.58489878881059
L219A,-0.530052880128013
L219E,-0.791526779846967
L219F,0.686278423307775
L219G,-0.911091940335921
L219H,-0.686341522024411
L219I,-1.05923711309587
L219K,-0.528854349621317
L219M,-0.989186341155361
L219P,-1.26887775706804
L219Q,0.640801016210623
L219R,0.177579556275703
L219S,-0.94082320528184
L219W,0.959293383289542
L219Y,-0.207003711128629
A220C,0.521649801588036
A220D,1.16000851241849
A220E,0.52824825724608
A220F,2.90215274221247
A220G,0.519617620556123
A220H,0.374590600691088
A220I,1.31514602007682
A220K,-0.410885689806509
A220L,5.4268136872263
A220M,1.28166232517533
A220N,-0.441410682595484
A220P,-0.905867496230868
A220Q,-0.919523752447969
A220R,-1.42597249889925
A220S,2.0211434776923
A220V,0.754938399767118
A220W,1.86569347105238
A220Y,-0.182924898350505
L221D,-0.867978970835044
L221E,0.350893988510875
L221F,0.958474840138392
L221G,-0.666355508004796
L221H,1.84479345126691
L221I,0.258323488943923
L221K,-1.42636295810705
L221M,1.12236539810583
L221N,-0.527555680209336
L221Q,-0.148582472958333
L221R,-0.0603984945010274
L221S,0.497753220373171
L221V,0.217403578677601
L221Y,-1.33324390568756
L222A,-0.107969009757961
L222C,0.0625915874106505
L222F,8.62132695092436
L222G,-0.57004057834697
L222H,-0.797025776327134
L222I,-0.414394893975493
L222K,1.73007557953613
L222M,-0.88490175835431
L222N,-0.833793388092787
L222Q,13.392406054919
L222R,-0.787669260033539
L222S,-0.134232389087966
L222T,3.24949615865333
L222V,-0.0887014752341955
L222W,-1.02096118370141
L222Y,-0.784163308221746
L223A,-1.35749616374722
L223C,-0.473529638657129
L223D,-0.655719054081843
L223F,-1.37464085194971
L223G,-1.31687600887528
L223H,-0.611017578988106
L223I,-1.71789992038877
L223N,-0.580040695685092
L223Q,-0.56765987075348
L223R,-0.7782327415936
L223S,0.0211406659680067
L223T,-0.414699126237804
L223V,-1.72684997120401
L223W,1.58083328591393
L223Y,-0.39574751198006
L224A,-0.29978011086975
L224C,0.220968385773411
L224D,-0.40404051744698
L224E,4.09179333460115
L224F,-0.779162744280837
L224G,-0.886314490512478
L224H,-0.959106411014109
L224K,-0.043491026365392
L224M,-1.69268505624409
L224N,-0.0350358965380665
L224P,-0.964865006987106
L224Q,0.572751565425768
L224R,-0.0635641469692786
L224S,-0.156739057615764
L224T,-2.22682951088759
L224V,-0.950707456067304
L224W,1.41929407338165
L224Y,-2.00123126908722
D225A,0.573625005930475
D225C,7.26052598078597
D225F,8.15647902288296
D225G,0.159655371763456
D225I,13.392406054919
D225K,1.68423554450973
D225M,13.392406054919
D225N,0.226864022230756
D225P,-1.60906350929385
D225Q,0.560995286211136
D225R,2.32856413155817
D225T,4.41339583996958
D225V,6.42546178147293
D225W,13.392406054919
D225Y,6.87293315059
R226A,-0.482778784081853
R226C,0.249300071672009
R226D,-1.06680321444797
R226F,-0.779683732316471
R226H,-0.340559353065654
R226I,3.37959213804049
R226K,0.357146441253635
R226L,0.00681484519660379
R226M,0.448784115621901
R226N,-0.0786566456202926
R226P,-1.09650713333917
R226Q,0.323201196516503
R226S,-0.190704878492794
R226T,-0.256488068963744
R226V,-0.255471823583431
R226W,2.01998675393376
R226Y,-0.255311523589202
L227A,-0.526125730137011
L227C,-2.16021514194281
L227D,-0.568592990095224
L227E,-0.859672012556814
L227F,1.73569377385038
L227G,0.901980179314302
L227H,-1.33026465692282
L227I,-0.300210161885698
L227K,-0.793849205765287
L227M,-0.182829757269517
L227P,-0.655277474884619
L227S,-0.377729026503769
L227T,0.685819427922196
L227V,-2.19371003261416
L227W,-0.698710006490822
N228A,-1.2837182745184
N228D,-0.217204433688324
N228E,0.443938395213767
N228F,5.2244545655804
N228G,-0.504008246808009
N228H,-2.17896969559677
N228I,3.18282406235254
N228K,1.36695414184005
N228L,2.50253856239499
N228M,2.47425549172007
N228P,-0.654430550252822
N228Q,0.276674990033814
N228R,0.232318296084505
N228S,0.608882230675621
N228V,-0.95310810313064
N228W,2.88133254178012
N228Y,0.0867447302808292
Q229A,-0.273098618142093
Q229D,0.303617486648601
Q229E,-0.593618701628732
Q229F,-0.842248163315208
Q229H,-0.865881996081362
Q229I,-2.20708655162317
Q229K,-0.395868366704794
Q229L,0.149683795838282
Q229N,-0.102732350826366
Q229P,3.01920511125681
Q229R,-0.57236726956991
Q229S,-1.03432949508987
Q229T,-1.68276331519831
Q229V,-0.462578048970129
Q229W,-0.141727862155041
Q229Y,-0.682647049232633
L230A,-1.27788376732593
L230C,-0.18376615188945
L230D,0.535678121347518
L230E,-0.127133120165143
L230F,0.59757671533829
L230G,-0.188019893530877
L230H,-0.933467420311873
L230I,0.308382829112884
L230M,-0.943268037595349
L230N,0.426390235330638
L230P,-0.0816444315018432
L230Q,-0.786040180079037
L230S,0.539944276871157
L230T,-1.2731509491568
L230V,0.392589309794085
L230W,-0.711181173393782
L230Y,-0.287725312964117
E231A,2.30062540478737
E231C,4.94510716822804
E231D,-1.80822735852149
E231F,5.20494305299286
E231G,-0.481135071741838
E231H,0.0476793318005021
E231I,1.91364176235482
E231K,-0.159567057540205
E231L,1.44882007955432
E231M,7.83585952243122
E231N,-0.245537252520859
E231Q,0.849717907762617
E231R,-0.506740604289976
E231T,0.526279627769555
E231V,6.12416474201584
E231W,10.8587326448033
E231Y,2.44194220232903
S232A,5.26731669889285
S232C,4.98315315593123
S232D,1.31409308240102
S232G,-0.197956443931779
S232H,4.63796103994892
S232I,0.284727616528112
S232L,-0.161625554265664
S232N,2.70988767034923
S232P,-1.63518709850387
S232Q,3.11188307038545
S232R,0.26659913950933
S232W,0.581353452095726
S232Y,3.98017727622988
K233A,-0.612112780098118
K233C,-0.886723767493602
K233D,-0.324695527731434
K233E,1.19081966483949
K233F,-0.0547844005787723
K233G,1.47551245431513
K233H,1.32837428153453
K233I,-0.615329862574245
K233L,-0.947737340607753
K233M,1.537543078851
K233N,-1.10327715035074
K233P,-0.727504335824607
K233Q,-1.34610289932729
K233R,-2.09448008059515
K233S,-0.824472966907982
K233T,0.334926600728921
K233V,-0.335100778057041
K233W,-0.581130718718133
K233Y,-0.712969807525836
M234A,-0.955228868466071
M234C,2.09760709126655
M234D,-1.35720073514766
M234E,0.612299294300189
M234F,-0.496527603256855
M234G,-0.330526633726552
M234H,0.268786766705338
M234I,-0.455167274470653
M234K,-0.853178623573124
M234L,-0.594590686768361
M234N,3.62428255274734
M234P,-1.61387854693686
M234Q,0.492111803228535
M234R,-0.214241726495622
M234S,4.41269657540523
M234T,2.22213954145958
M234V,0.632818303017293
M234Y,-0.459324865776723
S235A,0.128282953633827
S235C,2.32984264761016
S235E,1.07026510395545
S235F,1.5906460841983
S235G,0.0102567413137725
S235H,-0.0152522901214776
S235I,0.0468886481608677
S235K,0.0190223692211251
S235M,-0.854721510979213
S235N,2.66171818769727
S235P,-0.506370717163237
S235T,-1.91339217039804
S235V,-0.0372053905551566
S235W,-0.622630480186336
S235Y,-1.25831579932053
G236A,3.46088342688642
G236C,1.70256864747752
G236E,2.08975424686949
G236F,0.361070820269697
G236H,-0.340397544283592
G236I,-1.08354158936773
G236K,4.42135176446667
G236L,-0.99329798020483
G236M,-0.31992503432812
G236N,-1.10281276031929
G236P,1.15479514796557
G236Q,-0.463608214900794
G236S,1.71880416310807
G236W,-0.643722365769593
K237A,0.207679678699707
K237C,1.19896532878379
K237D,-0.423901409758523
K237E,-0.697164039560511
K237F,-1.40980146519306
K237G,-0.508781859077715
K237H,1.58890172591272
K237I,9.40563968934103
K237M,2.21692619057963
K237N,-0.274518165819215
K237P,-0.569320401090189
K237S,-0.876744508185027
K237V,0.602450448731557
K237W,-0.732060432480891
K237Y,-0.693870083247308
G238C,1.06200812229782
G238E,0.370375929644445
G238I,1.56248730224054
G238K,0.466064299305969
G238L,-0.74801827040976
G238N,-1.31733350523715
G238P,4.13823713293844
G238R,-2.23558165687228
G238S,-0.466609282250158
G238T,-1.1943838629451
G238V,0.0965736556462249
G238W,0.698477148305714
G238Y,1.90982439183564
Q239C,5.77656179983777
Q239E,3.76538212130309
Q239F,13.392406054919
Q239G,4.74537197775563
Q239H,-0.695356841954098
Q239I,0.722333656464309
Q239K,-1.09400447933514
Q239N,-0.130421211860597
Q239P,-0.299868827622743
Q239S,1.11253811358483
Q239W,0.171695866752292
Q239Y,2.1281362493121
Q240A,0.629612384654787
Q240C,2.26855639034859
Q240D,-0.520128228855465
Q240E,-0.755047805557959
Q240F,2.38941660300366
Q240G,-0.411357338657683
Q240H,-0.864022631565626
Q240I,4.78304889371207
Q240K,0.920647874390752
Q240L,1.06476279301869
Q240P,13.392406054919
Q240R,2.01785038366553
Q240S,0.61816302601058
Q240T,1.23729544836054
Q240V,-0.371643348466654
Q240W,-0.984005502865154
Q240Y,-0.0684434532487098
Q241A,2.17782073924438
Q241C,3.72971607114112
Q241D,13.392406054919
Q241F,0.0320145138988481
Q241G,1.02495140307632
Q241H,-0.887667762955301
Q241K,-1.65911264568561
Q241L,0.00140530041829091
Q241M,-0.266769664258169
Q241N,1.12577946558172
Q241R,-1.75026341083962
Q241T,-1.16484635186328
Q241V,-0.307723015907432
Q241W,-1.8118283174836
Q241Y,2.75724942188824
Q242A,0.423906189315481
Q242C,0.511729518654828
Q242D,1.02594380488173
Q242E,1.22837748061322
Q242F,-0.543879640414535
Q242G,-0.570510216774725
Q242I,-0.3340687623138
Q242K,-1.38887760017645
Q242L,-0.733358281628031
Q242M,0.185878064137578
Q242N,0.628703479616322
Q242P,1.17733343814226
Q242R,-0.388993173753612
Q242S,-0.693189923722102
Q242T,-0.300985857834637
Q242V,-0.972619828584816
Q242W,-1.21698602860048
Q242Y,2.49990232598233
G243A,7.33419788863118
G243C,-1.22615184844916
G243D,1.02318184052256
G243E,3.75691697815417
G243H,1.33388231962912
G243I,3.99573770251977
G243K,2.94841111560475
G243M,1.18809090655171
G243N,13.392406054919
G243P,2.89446481483818
G243Q,-0.252896362903011
G243R,0.382019429733852
G243V,3.04609375143452
G243W,-0.0816444315018432
G243Y,-0.59428410140179
Q244A,13.392406054919
Q244C,4.73788117288979
Q244D,-0.569075277016499
Q244E,0.389697861710928
Q244F,5.20499532227525
Q244G,3.96937989976512
Q244H,5.96566590107417
Q244I,4.11800645710832
Q244K,2.53143332397611
Q244L,0.799108885763485
Q244M,13.392406054919
Q244N,4.15222012885205
Q244P,1.88676013983238
Q244R,5.034224245553
Q244S,3.84582958865916
Q244T,8.23807458771122
Q244V,10.3376879198735
Q244W,7.55452518744448
Q244Y,-0.0412538712217643
T245A,2.93945335040285
T245C,9.4671982759324
T245D,13.392406054919
T245E,5.11901476837022
T245F,0.953410344693198
T245G,4.83536626249766
T245H,4.56262575849346
T245I,-0.641461748846703
T245K,1.33568190747743
T245L,2.96078139511902
T245M,13.392406054919
T245N,1.27505518493443
T245P,5.48334417227961
T245Q,8.11762059640616
T245R,13.392406054919
T245S,9.75641210776375
T245V,3.93275946068613
T245W,3.81383698186494
T245Y,13.392406054919
V246C,5.05554680838169
V246D,-0.134047189002547
V246E,4.99924604950008
V246F,-0.908900949767526
V246G,0.399582980824951
V246H,5.73834783185052
V246I,2.03784616735766
V246K,-1.20684503817716
V246L,0.724263178714442
V246M,-0.274039243067348
V246P,-0.509785134826919
V246Q,13.392406054919
V246R,2.24869098737443
V246S,1.70984679094641
V246T,0.496199839020849
V246W,13.392406054919
V246Y,4.51733666153244
T247A,-0.288657781294175
T247C,0.256334998210049
T247D,2.41593958597915
T247E,0.980414330153207
T247F,-0.421506530851654
T247G,0.771286062508196
T247H,-0.120627078200752
T247K,-0.098324534879786
T247L,-1.15863336859833
T247N,1.80096150587656
T247P,-0.856008896435821
T247Q,-2.25022870069635
T247R,-0.276016935543903
T247V,-0.167453894239668
T247W,-0.610631484609141
K248A,6.79194106458324
K248C,13.392406054919
K248D,5.34453044404472
K248E,0.807677687753898
K248F,-0.0647424700336019
K248G,1.98778250834134
K248H,4.69500205356224
K248I,13.392406054919
K248L,4.85465458278567
K248M,10.5035563701703
K248N,3.65650385011423
K248P,10.5593571583733
K248Q,5.25724785519475
K248R,-1.1878174820547
K248S,1.96257757466578
K248T,5.25709246931818
K248V,5.30108751033332
K248W,6.89530175051506
K248Y,7.35598547263211
K249A,13.392406054919
K249C,5.2629433573724
K249D,4.98991807920427
K249E,7.99543052420559
K249F,6.14368869995306
K249G,3.8807222310346
K249H,6.10019984609596
K249I,-0.699143162874267
K249L,8.18854270002315
K249M,5.6020913112959
K249N,6.26067080230527
K249P,4.98022290214483
K249Q,5.49413772723454
K249R,3.71962817585994
K249S,4.08793542496451
K249T,11.2329609060002
K249V,8.96974635386375
K249W,10.230542880133
K249Y,1.80624097451304
S250A,0.844404005184702
S250C,10.6772379378343
S250D,4.94396942850731
S250E,4.95056390539955
S250F,2.47531489803041
S250G,-2.09471066440833
S250H,8.77579783519839
S250I,3.68216572002862
S250K,4.96184612483062
S250L,6.10960880694569
S250M,0.291670688250471
S250N,8.77579783519839
S250P,7.07505748356509
S250R,3.68719015402026
S250T,0.155416981861555
S250V,1.270032858937
S250W,2.80804327049744
S250Y,6.32129214121875
A251E,-1.29626414912495
A251S,1.53780831461626
E253I,3.94060545993878
E253R,0.688331323001613
E253W,-0.504854371446468
A254C,2.50145202013603
A254D,0.0820003270629466
A254E,2.25636008786337
A254G,3.75732872304929
A254K,3.89658839875042
A254L,1.00016808561096
A254P,0.97927034833638
A254R,0.208771707694208
A254Y,1.07742140111044
S255A,-0.0208063532390863
S255Q,0.290007011792488
S255R,0.677150033859936
K256D,-0.939557423382113
K256E,1.61304343049316
K256H,-0.610349523797336
K256I,6.3260657686835
K256N,-0.678905571810717
K256P,0.852702174079564
K256Q,-0.0470181622758963
K256S,1.09035724476178
K256V,-0.295798329360863
K256W,-0.45110708431819
K257C,-1.0360272719478
K257E,0.656379721833207
K257F,-1.11707480511404
K257G,-0.448453158626249
K257H,-0.0432655320786246
K257M,-1.22578573791714
K257N,0.0739638388058901
K257P,1.11412091016549
K257R,-1.54537234439687
K257S,-0.988455572187219
K257V,-0.158936763561036
P258A,2.8370885021562
P258C,5.66138282767907
P258D,-0.634607398986376
P258E,-0.53940022071818
P258F,-0.696643909608542
P258G,-1.20460324418579
P258I,-0.659344629883601
P258L,4.53941876349619
P258N,0.437093433043956
P258Q,-2.14637130738509
P258R,-0.129682853644546
P258S,1.88285210091013
P258T,0.0588377067305738
P258V,1.48731233568476
P258Y,-0.376306013492219
R259C,-0.0992305692565929
R259D,-0.243882393675494
R259E,0.333197161795468
R259F,2.89489488753017
R259G,-1.42037537586783
R259H,-1.5933986916728
R259K,0.987843137328556
R259L,0.12270866697814
R259N,-0.316972472423863
R259P,0.203292337054081
R259Q,0.65416969002404
R259S,-0.993621006171872
R259T,-0.736413392851699
R259V,0.157171467866686
R259W,-0.989186341155361
R259Y,-1.40534404379622
Q260C,1.65008738085217
Q260D,0.58391415343193
Q260E,-0.749665915111296
Q260F,-0.231699655838385
Q260G,-0.869015058689157
Q260I,-1.39189430976032
Q260K,0.274861758325397
Q260L,-0.567990194856671
Q260N,-0.122397682304461
Q260P,-0.185290615415916
Q260R,-2.48906466121906
Q260T,0.580968962450505
Q260V,-0.559394671614394
Q260W,0.103394553707437
Q260Y,0.520445815213839
K261A,-0.647056749010719
K261C,-0.595203310582153
K261D,-1.23554716235772
K261E,-0.444159604837498
K261F,-0.55190350061769
K261G,-0.533522753419541
K261H,0.105421518449408
K261I,-0.671025082377475
K261L,-0.0732355741586798
K261M,-0.348527569026858
K261N,0.0782661671840885
K261Q,-0.53463280239162
K261R,-0.706299890930755
K261S,-1.46883123149647
K261T,-0.624349360658003
K261V,-0.493743670543068
K261W,-0.342950289487713
K261Y,-0.815329824034856
R262A,-0.144022913713488
R262C,2.00501470913613
R262D,0.331459825557665
R262E,-1.1655521273078
R262F,-0.762500830871077
R262G,0.976602965819962
R262I,-0.317989324794987
R262K,-0.393138109736814
R262L,0.297699610662948
R262M,-0.49286412338914
R262N,-0.679866673667947
R262P,-0.971195361257976
R262Q,-0.606461847005958
R262S,-0.915577502688479
R262T,-2.49634196099841
R262V,2.07272491424104
R262W,-0.607946717313273
R262Y,-0.626147283280484
T263A,-0.0222077723643562
T263C,-1.16226414572429
T263D,-0.0299362690275368
T263E,-0.436434970861159
T263F,1.32073766899309
T263H,-0.0897414432094993
T263K,0.548035922263935
T263L,-2.13347395341967
T263N,-1.01210778963322
T263P,-0.920896358197473
T263Q,-0.521679737945293
T263R,-0.604659952883205
T263S,1.14500485067803
T263V,-0.112225474876115
T263W,0.425640781016515
T263Y,-0.127671501983067
A264C,-0.083693958546218
A264D,-2.56012710971949
A264E,0.116062570912636
A264F,-0.383309676113551
A264G,1.1999685678806
A264H,0.923503982546729
A264K,-0.527667265482404
A264L,10.1385695457996
A264M,-1.49387515580189
A264N,-1.2100609725674
A264P,-0.66070164519351
A264Q,3.01105402685106
A264R,-0.4856151588872
A264S,0.31662186141507
A264V,-0.475350676089233
A264W,0.706929853082499
A264Y,1.56395805753638
T265D,0.243622760423944
T265E,-0.825725908899252
T265F,2.95317978453884
T265G,-0.445305764041162
T265I,-1.72465113840835
T265K,-0.0730437333098981
T265L,-1.19530222689139
T265M,-0.947371461659488
T265N,0.177113901050643
T265Q,-0.123927972597045
T265R,-0.850408132224373
T265S,-0.886662532504101
T265W,0.325513332073025
T265Y,0.0726068732724354
K266C,2.23672835141388
K266D,2.33800971388438
K266E,-0.680005760709318
K266F,-0.682019597937746
K266H,-0.559828533564811
K266I,2.13909386181327
K266L,0.0221881505974491
K266M,-0.267644467082611
K266N,0.683158367494017
K266P,-0.105661938993512
K266Q,-0.764901815510629
K266R,0.802035145125025
K266S,0.847280483517186
K266T,6.07721868699053
K266V,-0.124624885794937
K266W,0.90512076565084
K266Y,-0.632374836980232
A267C,-0.646004107427537
A267D,-1.19045410833958
A267E,0.04032482914838
A267F,-0.95991603286061
A267G,0.212279950962003
A267H,0.0914309123005128
A267I,4.06364712206841
A267K,-0.527141752128721
A267L,0.00143430336061478
A267M,0.257007540999245
A267P,0.0580463141512768
A267Q,0.313315479035205
A267R,4.24707025519998
A267S,2.52826764182826
A267T,0.101285545612179
A267V,0.699587130788942
A267W,-0.621253971392122
A267Y,0.995297676540014
Y268C,1.8396304146878
Y268E,0.408164787246878
Y268F,0.502975978446363
Y268G,-1.07962012469657
Y268H,-0.713828105279591
Y268I,1.84456603589966
Y268K,-1.791492265234
Y268L,0.755839993998799
Y268M,-0.392658262133668
Y268N,-1.12812346667477
Y268Q,0.37831545356504
Y268R,-0.395420526522753
Y268T,0.0544679787602601
Y268V,-0.620284644507896
N269A,0.0370323477312795
N269C,1.36495769236728
N269D,0.144128630966662
N269E,-0.868906670798675
N269F,-0.405223595148616
N269G,-0.933070513025168
N269I,-0.538983343219666
N269L,-0.59070293777346
N269M,0.955096181983816
N269P,13.392406054919
N269S,0.0772622923650402
N269T,-0.945479910376826
N269V,0.187298309273542
N269W,1.0700226075417
V270A,10.7495918194968
V270C,-0.471335286407866
V270D,-0.296973986579984
V270E,-2.42873402092855
V270G,1.8901804886845
V270H,-0.818688014385921
V270I,-0.402550450887079
V270L,0.143020467110744
V270M,0.0724377920121056
V270P,2.53585439866137
V270Q,11.3031141569091
V270R,-0.534963314481725
V270W,-0.257053853083537
T271A,1.41647888827504
T271C,2.1389099705903
T271D,0.740314386257572
T271F,3.34415064905205
T271G,13.392406054919
T271H,0.530957568130114
T271I,1.22814431142994
T271K,0.643900823279678
T271L,5.1984702127754
T271P,-0.300210161885698
T271R,-0.919820325434389
T271S,-0.927754520738488
T271V,1.25407553942113
T271W,0.419344256462068
T271Y,-0.156700007775546
Q272A,-0.722853203788638
Q272C,-1.06151352718128
Q272D,-0.992853164160865
Q272E,-0.46192105998654
Q272G,0.947695825041897
Q272H,-1.55038864523876
Q272I,0.780633432255873
Q272K,0.231643065014702
Q272L,0.467722271204975
Q272M,-0.591249453088624
Q272N,1.93505504622731
Q272P,1.68973367610186
Q272R,0.532158143684193
Q272S,-1.17524166333522
Q272W,0.467668041341702
Q272Y,-2.36663464633631
A273C,-0.424032734377896
A273D,1.13948617296326
A273E,0.700253639827897
A273G,0.262126563151819
A273H,2.13617247489165
A273M,-1.32374367206855
A273Q,0.0746298662906403
A273S,0.734928201630162
A273T,-0.158229901012323
A273V,0.850508736701745
F274A,-1.63737405363196
F274E,3.91468482276724
F274G,7.67059530298762
F274K,8.08678552158048
F274P,0.248101141199826
F274Q,-0.861981548404083
F274R,2.05258251294087
F274V,-0.372136984718682
F274Y,1.69449738815816
G275A,4.14878309462582
G275E,0.113721348463275
G275F,-1.25059341479072
G275H,2.19138753572242
G275K,-0.456004879459394
G275N,-0.755690351524321
G275P,-1.39844324714428
G275R,-0.883673952483182
G275S,-1.35348983861682
G275T,0.395588248646761
G275V,-0.600981715252604
G275Y,0.0539306496978138
R276A,0.319089452367704
R276C,13.392406054919
R276D,-0.644327449457883
R276E,-0.449329419190406
R276G,-1.56589528006992
R276I,0.956201441693485
R276K,0.234263929615312
R276L,-0.319491200381019
R276M,0.130108404009792
R276Q,-1.92406399598343
R276T,-0.227496524582868
R276V,-1.36741990444515
R276W,1.39410110033625
R277C,-0.59023271114252
R277E,-0.873284972010509
R277I,-1.47220179737814
R277L,-0.0101877611639582
R277M,-0.463709039489372
R277S,3.3536773727345
R277T,-0.21873827161748
R277Y,-0.508421259299906
G278A,0.472795563124193
G278H,-0.581313571287928
G278K,-0.487909706629151
G278M,0.276216792534257
G278N,3.16241558516465
G278P,-1.17614391670772
G278R,13.392406054919
G278S,-0.730081537095911
G278T,1.27720125119294
G278W,-1.49391918854998
G278Y,-0.630570121467576
P279A,2.15619178523095
P279C,-0.560086016837508
P279D,-0.0393088763100583
P279E,0.331353731122994
P279F,-0.362390581873665
P279G,1.16510550899712
P279H,0.384068335510892
P279I,0.366765660566462
P279K,-1.07212020537177
P279L,-0.415740732218249
P279N,0.939173891617428
P279Q,0.847341851601415
P279R,-0.594352547099759
P279S,0.335292420657694
P279T,0.67307271081516
P279V,-0.671134334884334
P279W,-1.46624227865259
P279Y,-0.77952264661637
E280A,0.663518987339566
E280C,-2.02403989565523
E280D,0.373116092678926
E280F,1.16727231683084
E280G,-0.609919591921443
E280I,3.01309719987353
E280K,0.431985088669268
E280M,-1.50206473714595
E280N,0.6383298937885
E280Q,-0.355386764350862
E280R,0.724354718632866
E280S,-0.0768088663705528
E280T,-0.395360295682281
E280V,0.857996242029015
E280W,-0.00553683115916685
E280Y,1.8829388695239
Q281A,2.99841294983203
Q281C,-1.32017052279785
Q281D,1.52433952181304
Q281E,0.60103715316629
Q281F,0.378066711516016
Q281G,0.12814875155332
Q281H,-0.199129354334997
Q281K,-1.20013844224998
Q281M,-1.01697424062598
Q281N,-0.890277802786008
Q281P,2.75255715749388
Q281R,-0.0389568693073294
Q281S,-0.81188960710036
Q281T,0.304264395018504
Q281W,2.23846666589452
T282A,-0.289057282987581
T282C,0.125462439730499
T282D,0.0467534883609881
T282E,-1.74151993498598
T282F,-0.924143203881285
T282G,-0.469180044417272
T282H,-0.812612174267134
T282K,0.875500660831704
T282L,3.90947518667351
T282M,-0.221142086155802
T282N,1.16893042439244
T282P,0.203744871622677
T282Q,0.271539625602099
T282R,-0.0436987196702993
T282S,-2.02546133792187
T282V,1.18684049138076
T282W,10.351488463919
T282Y,0.0158168066131654
Q283C,-1.55477088207689
Q283D,4.90550484070426
Q283E,-0.888746652222603
Q283F,0.911938391981093
Q283H,-0.372815773974958
Q283I,5.13228227688798
Q283K,-0.725361065205519
Q283L,1.02067794175667
Q283N,-0.3306278746674
Q283R,-0.241340099267141
Q283T,2.1601753272914
Q283V,-1.3453338184562
Q283W,0.241554894935282
G284F,-0.848194039546148
G284K,0.639091160237802
G284M,1.4703764337778
G284N,-0.0669340688358212
G284Q,3.50266401859631
G284R,-0.908751392385728
G284S,0.216602009308203
G284T,5.58550156357789
G284Y,-0.609667652991709
N285C,-0.79096294519993
N285D,0.0173516264625596
N285E,0.370769331464052
N285F,-0.273245983470692
N285G,3.07061370506757
N285H,-0.4631013809872
N285K,-1.68908441875373
N285L,13.392406054919
N285P,-0.508108508696364
N285Q,1.62606209710033
N285R,0.572652427479292
N285S,1.51034267033708
N285T,-0.13524336587093
N285Y,5.83071970382039
F286C,-0.583933157454228
F286D,0.252854994979929
F286E,8.39256608776998
F286L,-0.788206405080197
F286M,3.69570126207407
F286N,0.548438529236541
F286P,2.55430195338611
F286R,-1.00078741922856
F286S,0.33269770536639
F286V,1.99551090077976
F286Y,-0.293667016049961
G287A,-1.36898089888944
G287D,-2.15817159919867
G287F,3.37048111027486
G287H,5.0784800702985
G287K,0.977069565078984
G287L,1.86657357317158
G287M,-1.7981061222146
G287R,-0.268087744090377
G287S,8.29679542358107
G287V,-0.228933392415701
D288A,-0.0512175631381293
D288C,-0.95117313781819
D288E,1.96922794726431
D288F,2.41671454445085
D288L,0.0550937237927166
D288N,-0.916947878088639
D288R,-0.271879647218385
D288T,0.443272903387051
D288V,6.53675383457984
D288W,-1.49010152659466
Q289A,0.42942798442983
Q289D,1.82227582690531
Q289E,2.02644822083778
Q289F,0.153250534215422
Q289I,-0.233789801476491
Q289K,-1.30646565499823
Q289N,1.50585989695532
Q289R,0.0358451088138543
Q289S,0.34226998900461
Q289T,0.100332927686224
Q289V,-0.614678165000409
Q289W,0.547319305407773
E290A,0.365935641668908
E290D,0.364366835113463
E290F,0.828131376429219
E290H,1.11020518933134
E290I,-0.0364868273407901
E290K,0.828574942916659
E290N,-1.38647848256187
E290P,0.197781650603062
E290Q,0.403991043124091
E290R,-0.385309462190496
E290T,2.06057393035962
E290V,-0.26830722068487
E290W,1.65044451549513
E290Y,-0.852735584068974
L291A,0.126232967869945
L291C,4.12795252746634
L291D,-0.675237456917503
L291H,-1.24367233112775
L291I,-2.48500886745125
L291K,-0.314129873197147
L291M,1.01029395340111
L291N,-0.283726481756792
L291P,-0.524623589426327
L291R,1.48341370741441
L291S,-0.556729958953713
L291W,-0.861518881487237
L291Y,0.259476042687756
I292A,1.32972657794099
I292C,1.02832204849809
I292D,-1.35194558607099
I292E,-0.143688583874224
I292G,1.36370007496477
I292H,0.067763776828642
I292K,1.13161689687099
I292M,-1.04580013575327
I292N,-0.47013869247302
I292R,2.71330359265482
I292V,0.834480629696929
R293A,0.50966997755089
R293D,-0.665536493597584
R293F,0.305818396262246
R293H,-0.00918675644344099
R293I,-0.233781580376919
R293K,-0.326385401843858
R293M,-1.49866077958093
R293Q,1.44277211599648
R293S,-0.468790888010873
R293V,-0.447107792220079
R293W,2.20153366773672
Q294D,-0.187269987099382
Q294E,-0.334932647605553
Q294F,1.12826325363995
Q294G,-0.258871073846696
Q294H,-0.240801139153343
Q294K,2.27785876817535
Q294L,3.55113789136636
Q294M,0.63220751199791
Q294N,-0.12113282366606
Q294P,-0.854215596132731
Q294R,0.861110803513716
Q294S,0.745462898461764
Q294T,-0.636098688544074
Q294V,-1.23681727155129
Q294W,13.392406054919
Q294Y,-0.998142930335179
G295D,-0.0558022401487534
G295H,-0.703081770937957
G295I,-1.19717637681041
G295K,-0.225950013071571
G295L,-0.973744354252907
G295N,2.95023692692801
G295V,1.08980483570818
G295Y,-1.26459618056898
T296A,0.431584694858722
T296C,0.231084449108153
T296D,0.283674417191329
T296E,-0.533679831454215
T296F,6.23238473473031
T296G,0.0469918744262285
T296K,-1.42187965767304
T296L,-0.0231628956671421
T296N,-0.649720100014649
T296P,2.16562983292559
T296Q,0.243227514278696
T296R,0.697719582144997
T296S,1.41280867122586
T296W,0.9973179560249
T296Y,-0.9376443564289
D297A,-1.45476423895358
D297E,-2.12158054477641
D297F,0.939870174094953
D297G,-0.0814538781100695
D297H,0.401968010489887
D297I,0.135173956126999
D297K,-0.266100066545476
D297L,-0.536330559200688
D297M,0.570760479702479
D297N,-0.0292458483237309
D297P,-0.235757124822494
D297Q,-0.162535628020315
D297R,-0.56584245942457
D297S,-1.19156330529284
D297T,0.498903691177697
D297V,-0.122663202330326
D297W,-0.524639401731963
D297Y,0.285354820782875
Y298A,1.55824319827317
Y298C,0.3089491971346
Y298D,-1.53852345459236
Y298E,-0.98138339997173
Y298F,-0.00541467688850227
Y298H,-1.43668115693409
Y298K,0.638126601898018
Y298L,6.35266344804512
Y298R,-2.18464817639774
Y298S,0.236992871354657
Y298V,0.347270798785115
Y298W,-2.00665839484457
K299A,-0.185981625665611
K299C,6.49032000199622
K299D,-1.12618019390235
K299E,-0.605834357944338
K299F,-0.456610108011559
K299G,-0.161457181806215
K299H,-0.550753400684323
K299I,-0.515620820100032
K299L,-0.429543468462654
K299M,-1.59896894473232
K299N,2.10233288303162
K299P,-0.358682784641767
K299Q,0.0819748425355295
K299R,-0.49228528312499
K299S,1.08221296392345
K299T,-0.33505074496974
K299V,-0.341857572921616
K299W,2.04291484561984
K299Y,-0.203854527729815
H300A,1.46785355928777
H300C,0.0563313467547957
H300D,-0.300826452096827
H300E,0.0904872682501699
H300G,0.223600488504879
H300I,-1.06587626465176
H300K,3.07677036136202
H300L,-0.148482658080096
H300M,-0.298029308883993
H300N,0.16219314013012
H300P,0.35060993010293
H300Q,-0.935903281630706
H300R,1.52714810678676
H300S,-0.481354648304195
H300T,-0.257843533758407
H300V,-0.525690238035501
H300W,0.297681825430313
H300Y,0.06844363692842
W301D,-0.781777934712326
W301E,0.100332927686224
W301F,1.41255346890205
W301G,2.02339289285336
W301I,-0.669746089607204
W301K,9.2414074565362
W301P,0.738843283361157
W301Q,1.32186480702905
W301V,-1.97755493790933
W301Y,13.392406054919
P302A,0.116270625973542
P302C,0.348638440145041
P302D,-0.406442539898392
P302E,-0.674827640365314
P302F,-0.368867146271881
P302G,0.746754214259918
P302H,-0.313253199947567
P302I,-0.866686571639737
P302K,0.459689508670884
P302L,-0.538748896692507
P302M,-0.125409998635063
P302N,-0.0862486487214866
P302Q,-0.561884461669088
P302R,0.126226207234885
P302S,0.916795426449293
P302T,-0.143984519082914
P302V,-1.22520526441755
P302W,2.2699670081786
P302Y,0.956420400565845
Q303A,-0.332134899304552
Q303C,0.0796095914209841
Q303D,-0.415131732353761
Q303E,-0.447481956764404
Q303F,-0.326501064138677
Q303G,-0.750442128443954
Q303H,-1.3190632587642
Q303I,-0.363691643784995
Q303K,0.114376704581313
Q303L,-1.25769946662224
Q303M,-0.546504759774007
Q303N,-0.283689972420178
Q303R,-0.284264881200555
Q303S,-0.403472898450144
Q303T,0.0372454018503726
Q303V,-0.271255833040764
Q303W,-0.35467087447577
Q303Y,-0.686270527937445
I304D,0.670526197208077
I304E,-1.25471993652864
I304F,0.376424216070738
I304G,2.52203913103579
I304K,-0.481449070023392
I304L,-0.33466243617008
I304M,-0.672920253522983
I304N,1.8143006677439
I304P,0.899048517594155
I304Q,-1.40485336813497
I304S,0.0425139442112394
I304T,-0.600335289826061
I304V,-0.293448685808302
I304Y,0.460008681647411
A305C,-0.316323091371312
A305D,-0.238847777062735
A305E,-0.492065316757312
A305F,-0.825911033097882
A305G,1.61987689665356
A305H,-1.17381251945447
A305K,-0.152975449786418
A305L,-0.792175150057856
A305M,-0.36293227216929
A305N,0.00240752790028197
A305P,2.60841523430802
A305Q,0.103014340177943
A305R,0.593729400250782
A305S,-0.695974677032021
A305T,-0.341617789364887
A305V,-0.699068386968099
A305W,-0.610839434845701
A305Y,-0.580700599464221
Q306A,-0.788494519418153
Q306C,0.567178283707963
Q306D,-0.800023424198542
Q306E,-0.414452509524405
Q306F,-0.75055366571186
Q306H,0.0337363056601927
Q306I,1.14148420365369
Q306K,-1.66285444563927
Q306L,-0.644413530505065
Q306M,1.95867976267305
Q306N,0.170494439510395
Q306P,-0.234158283457049
Q306R,0.2359363472672
Q306T,-0.377615779345774
Q306V,-0.682105854301607
Q306W,1.02246704892765
Q306Y,-0.251753574235422
F307C,1.39708639895456
F307D,-0.844477974181427
F307K,-0.937900532777715
F307M,0.151280513391818
F307N,-1.16026490273279
F307P,-0.762033244940152
F307Q,0.149179100652741
F307R,-1.13245672488713
F307T,1.33470634890382
F307V,-0.363496656739534
F307W,-0.0883683576281648
F307Y,0.276868906090803
A308C,-1.36085905567885
A308F,2.11697553652794
A308G,-1.66517347279825
A308H,-0.725789761941961
A308I,-0.127924198027968
A308K,-0.959804563592577
A308L,0.157134483456388
A308N,0.0455427803815769
A308P,0.0598286941184883
A308Q,-0.65523653373296
A308R,-0.981833130503567
A308S,-1.49189174809913
A308T,4.65842481966955
A308V,0.423136339763269
A308W,0.757538420817177
P309A,-1.60007328998166
P309D,0.730437027743251
P309E,0.941674166556717
P309G,-0.185726780028262
P309K,-0.267198929553263
P309L,-0.484109554648033
P309M,-0.592905811929731
P309N,-0.871159559946726
P309R,1.67991199348141
P309T,0.310153784744584
P309W,-1.39129087798219
S310A,0.985375281426799
S310C,0.609171616268678
S310E,-0.417438823885198
S310G,-0.410549718621539
S310H,0.31798350500498
S310I,-0.508734753150667
S310L,1.10754054648256
S310M,1.54197971160014
S310P,3.3552135285283
S310T,-0.290723663182892
S310V,0.209689466823423
S310W,-0.365872541799244
A311C,2.82159550391807
A311D,-0.417190626350981
A311E,-0.268244935632277
A311F,0.930048570896228
A311G,-0.120961435597944
A311K,3.19416898171151
A311L,-0.944201065954494
A311M,-1.26428873448057
A311Q,0.528697474427862
A311R,-1.35367516272118
A311S,0.0464233811801523
A311T,-0.846647729474397
A311V,-0.171055839762961
A311W,1.03162287490363
A311Y,2.13344779999316
S312C,-0.656974747493399
S312D,13.392406054919
S312E,4.17398767612483
S312F,-1.73722704212094
S312G,-2.10644629030999
S312H,1.4655210693632
S312L,-1.50235941004454
S312M,0.134535085882534
S312W,-0.779135953230007
S312Y,1.00274648289071
A313F,2.77615522177018
A313G,0.403509008636304
A313I,1.21821833195696
A313K,1.42428480462861
A313L,-0.881929829554686
A313N,-0.182170866147321
A313Q,-0.578628613214144
A313T,0.165674199169147
A313Y,-1.32787832635858
F314A,-0.75892062021591
F314D,-0.918523528886281
F314E,1.01692054033667
F314H,-0.254704015742595
F314I,1.69146227730598
F314K,-0.397627311374477
F314S,1.05197565534196
F314W,-0.316611108507336
F315A,-1.29074783673536
F315C,-1.02918157228142
F315D,0.493001917877135
F315E,1.62463364385169
F315H,10.5189902877873
F315M,-0.281283733480021
F315N,1.73342776723294
F315Q,4.47307169289722
F315R,2.32049760405147
F315S,0.933742293650522
F315T,-0.0967663367845531
F315V,1.78015226851811
F315W,1.06804622941708
G316A,-0.627569772322899
G316C,-0.54501140616357
G316E,-1.10240378131822
G316H,1.03735110477812
G316K,-0.531931935970197
G316L,-1.45697450566967
G316M,-0.714960042163527
G316N,0.58589252685121
G316P,-1.21789132493506
G316R,-0.881702083007176
G316T,3.06432184843933
G316V,-0.256129888839172
G316W,-0.236134479528528
G316Y,-1.1379191016548
M317A,-1.30345556712366
M317D,-0.434912020944747
M317E,-0.826140351201558
M317F,-1.50021151461865
M317G,-0.211272762069809
M317L,1.60696755401607
M317Q,-1.48760436139984
S318C,0.232736386397262
S318F,-0.49144158398462
S318G,0.94901219014884
S318K,0.215379094614192
S318R,0.183602339049555
S318V,0.17356304619531
S318W,-1.0078997429439
S318Y,9.06091291796162
R319A,0.0537366091841308
R319D,-0.9744884912305
R319E,-0.124983536221495
R319F,-0.448221468602886
R319I,1.00209505743513
R319K,-1.05511575964418
R319M,4.73105252479065
R319N,-0.752568378777903
R319Q,-0.598217844190851
R319S,-0.808149015753569
R319V,-0.0765923732889168
R319W,-0.663484678564965
I320A,0.52651505935619
I320C,1.82360574030755
I320D,5.2951574465758
I320F,0.397993022909204
I320K,-0.756941628933489
I320L,0.744334043394813
I320M,0.680604339442317
I320N,-0.872682020322459
I320Q,-0.726025770331758
I320S,1.36963037547367
I320T,5.94981177556844
I320V,-0.572431391869061
G321C,-0.0981066099553555
G321F,1.69741643660279
G321I,-1.10630873980438
G321K,-0.0601069142122938
G321L,-0.228864132840101
G321M,-1.02486860208192
G321N,-0.46727279865224
G321R,1.29447792642055
G321T,2.43074283417003
G321W,-0.360302370203494
G321Y,2.41457287301933
M322A,0.778943757493418
M322C,2.50943149359608
M322E,0.314683818211931
M322F,-0.794203942517966
M322G,6.41219522363058
M322H,-1.31023855715382
M322I,0.756571188340849
M322L,0.825083843851866
M322Q,-1.03930808608882
M322R,0.865814935388371
M322S,-0.956537772944752
M322T,1.80633601403306
M322W,0.0577584270286882
M322Y,0.94307753227545
E323A,-0.0749605634177408
E323C,2.87025125825486
E323D,0.146965346718276
E323F,-0.547757495690124
E323G,-0.420955607043254
E323I,-0.21155381302304
E323K,2.90262450390928
E323M,0.165443897928786
E323N,2.92862460289653
E323Q,-0.88084410321592
E323R,0.107234696915492
E323S,-0.478692292406069
E323T,-0.188788494890701
E323W,2.84042048353074
E323Y,0.0619263147420848
V324C,-0.422482720008958
V324D,2.03824501181047
V324E,-0.0635098523397391
V324F,-0.567879770881813
V324G,5.69025776028303
V324I,-0.899035754626922
V324M,-0.476605114928076
V324N,-0.942861261453771
V324Q,-1.03244984175386
V324R,-1.10793413805392
V324W,0.69419682915032
V324Y,0.12227367509311
T325C,-0.50825853639664
T325D,-0.718269018621033
T325E,0.379203722903654
T325F,-1.06151352718128
T325H,-1.96994396827273
T325I,0.0377756829352001
T325K,0.329807255613452
T325N,-0.41910091018687
T325Q,0.0020758119070584
T325R,2.58054569367062
T325S,-0.818788401685127
T325V,0.874517414977038
T325W,-0.89350058946164
T325Y,-0.517701178315661
P326A,-0.268631398064835
P326C,3.51492993140399
P326D,-0.428333357555887
P326E,0.582745179202458
P326F,-0.320239933329485
P326H,-0.367263140032373
P326I,0.875987153336408
P326K,0.345100965811133
P326L,-0.460356110222808
P326Q,-0.677407041997249
P326R,0.752220645180416
P326T,-0.325926125123597
P326V,-0.160870013838836
P326W,0.00501883013747919
P326Y,-0.0695663609199616
S327A,-1.37061975258201
S327C,0.67282721536777
S327E,-1.3661913211826
S327F,-0.600981715252604
S327G,-0.231839796413599
S327H,-0.873770573125428
S327I,-0.0125236887402323
S327K,0.488361861885371
S327L,-0.639780154328855
S327M,3.4306336740514
S327N,1.10962885148696
S327Q,0.0919195662438311
S327T,2.25666920797431
S327V,0.264256277271125
S327W,0.597909329467848
S327Y,-0.818413704970217
G328A,0.839119457549949
G328C,-0.00940034076712466
G328D,0.207946350086707
G328E,-0.462072716595979
G328F,-2.26479617294219
G328H,-0.566572710868484
G328I,0.910303263097898
G328K,0.615232922996387
G328M,1.28009902891546
G328N,-0.220662156749948
G328Q,0.656587502649889
G328R,2.21912905993617
G328T,-0.735624063608706
G328V,-1.3317876092472
G328W,-1.23473815299412
G328Y,0.444731130847072
T329A,-0.366600292562019
T329C,4.8821064182077
T329F,0.192990592946603
T329G,-1.11123828481506
T329H,2.74456007608371
T329I,0.382145979139812
T329K,1.32976971281555
T329M,1.62270925707802
T329N,0.912637075637452
T329P,-0.303623784543591
T329R,4.34116648025936
T329V,0.777266087012888
T329Y,-1.38412772450287
W330A,-0.548206776619564
W330C,4.07539572438433
W330D,-0.961103466100092
W330E,-0.0576622549081563
W330F,0.770451224966492
W330G,-0.173826260158453
W330H,-0.385803113069492
W330I,-0.257514440925606
W330K,-1.4701168334588
W330L,-1.33432042842911
W330M,-0.185397992897935
W330S,-0.16310780200166
W330V,-0.749863005500071
W330Y,-0.650595669438865
L331A,0.86683664710228
L331D,-0.953517582590162
L331F,-0.263828001654653
L331G,0.625484991849057
L331H,3.07466631480697
L331I,-0.275093269235017
L331M,0.402407821280872
L331P,3.42595504403404
L331Q,-0.690152983249367
L331T,-1.21067447417913
L331V,0.551785455199698
L331W,-1.66098840120766
T332A,-1.61339980638817
T332C,0.27307309419653
T332D,-0.300210161885698
T332F,1.35939188357304
T332G,1.07703200341477
T332H,-0.0277228633070729
T332I,1.34915258613877
T332K,1.23644794634943
T332M,0.937292276064516
T332N,-0.887580416906823
T332P,7.23324840971083
T332Q,-0.736428778246008
T332R,-0.953905364542666
T332S,0.276324073108641
T332V,2.51642769672377
T332W,-0.987233156559764
T332Y,3.0161173841408
Y333D,-0.273380362939911
Y333E,-0.637062060944159
Y333F,-0.328205711226908
Y333G,-0.376594622650912
Y333H,-1.97082512100198
Y333I,-0.175126066128218
Y333K,1.34200427574999
Y333M,-0.980227566229613
Y333P,2.39330340263194
Y333Q,-0.259168467528805
Y333R,-2.09471066440833
Y333S,1.68526090549699
Y333T,-0.409227378039764
Y333V,-0.507101179285465
Y333W,0.171563931647667
T334C,1.49486830442393
T334D,-1.1295664085514
T334F,2.91960162014246
T334G,-0.53647439282475
T334K,-1.49046233483924
T334L,0.136272181448093
T334M,-0.848219444856249
T334N,2.36576732304725
T334Q,-1.35833919989756
T334V,2.07929533274539
T334W,0.790290771099135
G335A,-1.83317625843174
G335E,0.133951383025699
G335F,-1.42236673864622
G335H,-1.49274394576606
G335I,13.392406054919
G335K,-0.266726886783851
G335M,-0.713397089739311
G335Q,1.78331405701373
G335R,4.30594777470417
G335S,-1.30860184246603
G335T,-0.837098158998091
G335V,-0.842871774778852
G335W,-0.419020324675529
G335Y,-0.625636978227385
A336C,-0.155452759543468
A336D,-0.23064606956366
A336E,2.46835661794009
A336F,-0.574612638325831
A336G,-0.0847675450159055
A336H,-0.866410009834118
A336I,-0.0825073265445473
A336K,-0.0372839036490451
A336P,0.423120013110154
A336Q,-0.252219878173655
A336R,0.822448200338238
A336S,0.649583115186843
A336T,5.18729330817448
A336V,-0.496691924141423
A336W,-0.405896911976743
A336Y,0.248423141825698
I337A,0.345386433091753
I337D,-0.698490894915141
I337E,-0.151619303446234
I337F,-1.85860418892552
I337G,-0.906083428621739
I337K,4.7763816354502
I337M,-0.408029451165852
I337N,-0.307647646480131
I337P,0.962028231749242
I337Q,4.50522460838327
I337R,-0.594474226679856
I337S,1.48056019174638
I337V,0.125322815946623
I337W,0.136870020531619
K338C,3.59925630600408
K338F,3.72035705680642
K338G,-0.189839450566594
K338H,0.231901899842381
K338I,0.40508037187777
K338M,-1.1484390773424
K338N,-0.513895591296815
K338Q,5.52179457594729
K338S,0.0181635171612217
K338T,0.733496131497977
K338V,0.775519954084758
K338W,-1.66616277693578
K338Y,0.225821134457132
L339A,-1.99354941768839
L339D,0.942371536231931
L339E,-1.61562014590019
L339G,-1.66343560629515
L339H,-0.552018751210652
L339I,0.149179100652741
L339K,0.340367029999375
L339M,-0.49052124063092
L339N,1.17197794904837
L339Q,-0.318411795239061
L339R,0.262217741100498
L339S,-0.887832145342733
L339T,1.5631307265332
L339V,-0.574304439866974
L339W,-0.797072146636314
L339Y,0.222031381100923
D340A,-0.0885979247564126
D340C,-2.53201916751071
D340E,-0.474994397269959
D340F,2.72998720586472
D340G,-1.11076689138444
D340I,-1.20963229654529
D340K,-0.824233917472213
D340L,-1.40126841849344
D340M,-2.12561916215514
D340N,4.63111848955956
D340P,0.802832451807133
D340Q,1.34927176355654
D340R,1.22026642252611
D340S,-0.10261529479123
D340W,-0.507810288819502
D340Y,-0.149623043326796
D341A,-0.0458065834393619
D341C,-1.49029888238146
D341E,-0.367475955276403
D341F,-0.486455191570358
D341H,-0.472631886367738
D341I,0.66217278720346
D341K,-0.0710263319473472
D341L,3.02158861854538
D341M,0.00592557495734384
D341N,-1.10895380208345
D341Q,2.67055529362185
D341R,0.466336806401624
D341S,-0.148193674947699
D341T,0.0510132489941767
D341V,0.52059264678217
D341W,-0.0491174790087076
D341Y,-0.192756030608983
K342A,1.10364810603248
K342C,-0.656601977900991
K342D,3.62088292386107
K342E,-0.071262648018863
K342G,0.430459145374399
K342H,1.29839479943152
K342I,-0.249767845530144
K342M,0.996358475342692
K342N,0.0527279534334109
K342P,-0.185981625665611
K342R,0.0254221816069228
K342T,2.36369237250895
K342V,-0.45323277761716
K342W,-1.55446926717648
K342Y,1.71086868522963
D343C,3.80746630253891
D343E,0.480999977418038
D343G,-0.112950548269833
D343L,0.875756437086242
D343M,0.504300627605065
D343P,0.265404572378872
D343Q,1.79986384312328
D343S,1.81724520241819
D343T,2.65307469707605
D343Y,-0.25914869094469
P344A,2.74488646702276
P344C,2.12311246016898
P344D,-0.56353981398793
P344E,0.785963676513149
P344F,-0.479762656070104
P344G,-0.167848015200072
P344I,0.10335192855913
P344K,-0.55634823203143
P344L,0.9794769061927
P344M,-0.287070096592725
P344N,-0.197306975384177
P344Q,0.120884821362563
P344R,1.11897042341203
P344S,1.39734281388231
P344T,0.249831093387309
P344Y,1.02969622411533
N345A,-0.156116907754419
N345D,4.14398697102989
N345E,-0.00135805825626065
N345F,-0.505588557762579
N345G,1.40483089108568
N345H,1.27840993751606
N345I,-0.587675339759212
N345K,1.73699101937143
N345P,-0.529660802273903
N345S,-1.21675328079204
N345T,-0.917610897867574
N345W,-0.405981432889417
F346A,0.331683730504206
F346C,0.0206477762398702
F346D,0.631501717286585
F346H,-1.16271370745856
F346I,0.79849810381413
F346K,-0.854457106583344
F346L,0.821619455805589
F346M,2.14003852805449
F346N,-0.267644467082611
F346Q,0.20404513359513
F346S,-0.199569866085037
F346V,-1.34632009106026
F346W,-1.18910706031198
K347A,0.689582213250542
K347C,-0.237665832562042
K347D,-1.21180909192788
K347E,-0.203879320293298
K347G,0.212983230407325
K347I,1.33777144428278
K347L,0.812412817984295
K347M,-0.094377414439142
K347N,-0.656035305664944
K347P,-0.955402659346196
K347Q,-0.288597978717346
K347S,-0.976546253353285
K347T,-0.989701893004411
K347V,0.365305959010254
K347W,-0.459095977943676
K347Y,-1.49723414159855
D348C,1.52557832172856
D348E,-0.96692354502557
D348F,0.517971238951935
D348G,1.0197390412221
D348H,0.0869402613277892
D348I,0.334523926083455
D348K,1.92951164714158
D348L,1.55302955236856
D348M,4.65842481966955
D348N,-0.319964877783824
D348R,3.62207941953734
D348S,2.12999246354526
D348T,-1.36054482990842
D348W,-0.394170856823405
D348Y,0.229317587960786
Q349A,-0.949470695329267
Q349D,1.17755250024341
Q349E,-0.522516494969332
Q349F,-0.369726197188062
Q349H,-0.0726699275028434
Q349I,1.553389432894
Q349L,-0.544600344048416
Q349M,0.546014996750017
Q349N,7.33819979124048
Q349P,-2.44613455969619
Q349R,0.818085002973342
Q349S,-0.65156386515993
Q349T,-1.17105587455636
Q349W,1.71523704285663
Q349Y,-0.234061425662659
V350A,-0.232091552127153
V350C,1.01068876210375
V350D,2.04278175003233
V350E,-0.494345456854051
V350F,0.422169298911066
V350G,0.33436431163976
V350K,-0.648281155426492
V350L,0.0771105716882583
V350R,-0.221610223901663
V350T,-0.0201655423322134
V350W,3.56387158172043
V350Y,2.23980563413972
I351A,-0.10559799373132
I351C,-0.351243487059673
I351D,0.801425549408291
I351E,-0.310322366384727
I351F,-0.182924898350505
I351G,0.208801601627273
I351H,-0.824285446656625
I351K,0.887877554339182
I351L,1.12564521886148
I351M,0.566326170767957
I351N,-1.22827666907579
I351Q,-0.969813117855449
I351R,-0.886276345228368
I351S,0.435147647516614
I351T,-0.65109558810437
I351V,3.33814239356581
I351W,0.346846704404048
I351Y,5.76252970046332
L352A,0.866767627015872
L352D,0.848544863107998
L352E,0.360745292461584
L352F,-0.388332055121278
L352G,-1.85902254964633
L352M,3.2008435913806
L352N,-2.37226504613082
L352P,0.068765804441703
L352Q,0.120065547464012
L352R,0.349966144177604
L352S,0.516958902738499
L352V,0.372088072163124
L352W,-1.1732224959208
L353A,3.204353798461
L353C,1.5216124926228
L353D,-0.385607922372081
L353F,-0.395228387729766
L353G,2.02320008990675
L353H,-0.665443361990004
L353I,0.0268026453344141
L353M,3.14133928614908
L353N,-1.0205671734132
L353P,-0.735160093739057
L353Q,-0.795183222851018
L353R,0.474856750267518
L353S,1.65931168534866
L353V,2.06124029195727
L353Y,-0.862565672100138
N354A,-0.506754284908592
N354C,-0.604163329266474
N354D,-1.47121105586488
N354E,1.76037287666926
N354F,-0.773211749179094
N354G,-0.540689105104996
N354H,-0.652995283013966
N354I,0.834120444278616
N354K,-1.64813427079549
N354L,1.32091075905505
N354M,-0.465219944018484
N354P,13.392406054919
N354Q,-0.293493616968443
N354S,-0.282606694963985
N354T,-0.343339750816002
N354V,1.14198460050683
N354W,-0.995032418230561
N354Y,-0.937547762998314
K355C,-0.0350312209982067
K355D,1.75379227283889
K355E,-0.387722393968979
K355H,-0.783179090185
K355I,-0.54951559357716
K355M,-0.629916331496214
K355N,-0.0246725780941028
K355P,1.1073282556827
K355Q,0.530034521482248
K355S,0.351762915070749
K355T,-0.683488977578192
K355V,-0.603844472161598
K355W,0.0450372831198331
K355Y,0.703142706257027
H356C,1.04271382670148
H356E,-1.26035180468919
H356F,1.94498616090639
H356I,-0.0247426256643932
H356K,-1.23157878716302
H356M,-1.5578378839978
H356Q,-0.71400718604797
H356V,2.66459161443861
H356W,4.73940261457419
I357A,-1.60987030217606
I357C,1.16019664474145
I357D,-1.32935736241549
I357F,1.45598046170758
I357H,-1.57131439959913
I357K,-0.0543442327069964
I357M,-0.64357432148203
I357P,-1.81316803669117
I357Q,1.02131977615592
I357R,10.3292774428526
I357S,0.0117490728551947
I357V,-0.859988298392045
I357W,-0.711389226242187
D358C,-0.778960024951829
D358K,2.29613877890056
D358N,-0.462825424256396
D358R,0.172858932592122
D358V,5.43719991760989
D358W,0.691705621453582
D358Y,0.159339598998168
A359C,-1.60058190807006
A359F,-0.490544829014263
A359G,-0.666355508004796
A359H,-2.03336319925046
A359N,-0.28405964186018
A359P,1.71501438427268
A359Q,-1.88607011813481
Y360C,-0.581130718718133
Y360G,4.55703169103525
Y360H,-0.51318384613767
Y360L,-0.0214344376755852
Y360R,-1.52352736394138
Y360S,3.38391807203283
Y360V,7.03274751735007
Y360W,-0.246054947633743
K361E,3.02064520499599
K361F,-0.745153507960779
K361G,-1.19087033773768
K361I,-0.601938160216642
K361L,-0.992614729261446
K361M,-0.991231724409918
K361N,0.158126592426458
K361P,7.41021068247576
K361S,-0.491006313978313
K361V,3.99773489184541
K361W,0.382557844104472
K361Y,-0.518766054659346
T362A,1.91632639776825
T362D,-0.509785134826919
T362F,-0.256398010064592
T362G,-1.67958076437511
T362H,0.781446024219855
T362K,-1.15264973747303
T362L,-1.24935993563317
T362N,-0.468294052917959
T362P,-0.00490259665101868
T362Q,-0.517080435849136
T362R,0.51403427672034
T362S,2.29868629677412
T362V,0.59715288366404
T362W,0.521317533349318
T362Y,3.43758316073824
F363C,-0.167914309702884
F363D,-1.00539764436264
F363E,-1.1999744273584
F363H,0.279207062673084
F363I,-0.86392901167499
F363K,1.52895019680868
F363L,2.04513202361065
F363M,0.723503136837701
F363N,-1.12162014255681
F363Q,-0.912476248429929
F363R,-0.106021649311147
F363S,0.0845871224069926
F363T,-0.134981141599376
F363V,2.27272308634294
F363W,-2.0432199829262
F363Y,0.199356274199871
P364A,-1.41080946661129
P364C,3.42713482822225
P364E,-0.53133193739949
P364F,-0.186525526941381
P364H,-0.312984772964109
P364I,1.21275874809006
P364K,-0.108590288285725
P364L,-0.290501582119388
P364M,-1.08204385150382
P364N,-0.0596958757369711
P364Q,-0.108581168738406
P364R,-0.123418348615148
P364S,-2.54361184690596
P364T,-2.40155126198864
P364V,4.45704090380094
P364W,-1.62865897246274
P364Y,0.584824331705474
P365A,-0.0783521088678466
P365E,-0.616825455912486
P365F,1.02883511377099
P365G,-0.146062542400828
P365H,-0.191079388697679
P365K,2.22984666734114
P365L,0.954656174307334
P365N,-0.443024807445777
P365Q,0.777350113971286
P365R,-0.225169978811079
P365T,-0.33759622021009
P365W,-1.05719426571011
P365Y,-0.243691621308178
T366C,-0.640841443072752
T366E,3.31449460158024
T366F,0.778135349411514
T366G,0.010508737267535
T366I,-0.634923075695814
T366K,4.0618026092704
T366M,0.863892531763996
T366P,0.739781234040816
T366Q,-0.362195360761235
T366R,1.59325036353333
T366S,2.92031748828457
T366V,1.67559621092345
T366W,-0.131152912936244
T366Y,1.10757075997239
E367D,0.32839676981522
E367F,-0.134588295658789
E367K,1.57411218909314
E367M,4.29029397872801
E367N,-1.28162248121026
E367R,1.89301858215685
E367S,-0.051652159332874
E367V,0.903416752297896
E367W,-0.161173257673276
P368C,2.38288595511595
P368E,0.748894309041965
P368H,2.2662317192451
P368K,-0.230955996408546
P368Q,0.154809232585572
P368R,1.19279300566121
P368S,1.31588011278256
P368T,5.61526181144229
P368Y,1.85375748359829
K369A,-0.544986448521712
K369D,-0.316078062502543
K369E,1.75292522725295
K369F,-0.856867089474489
K369H,-0.322726148072971
K369M,0.69512159105225
K369N,-0.443926795096957
K369P,-0.537155829289442
K369Q,2.76672228261312
K369T,-1.32997225253264
K370A,0.0588377067305738
K370C,-1.4839877556877
K370D,-0.964761613310055
K370H,-0.156419369874867
K370I,-0.572996794240437
K370M,0.0122746628190957
K370N,-0.354356144739036
K370P,-0.518549812224211
K370S,-0.103848915085067
K370T,-1.02603229649427
K370W,-0.693607375210413
K370Y,-1.17371900091662
D371A,-0.549961502047536
D371C,3.57181498459142
D371F,0.869598660281771
D371K,1.29971059692116
D371L,-0.72635536861259
D371M,-1.00315154623849
D371P,-0.188205550370285
D371Q,0.164266842737207
D371R,0.401546066914459
D371S,-0.576429908231724
D371T,1.79493207704533
D371V,-0.728633787713003
K372A,0.863730383527949
K372C,1.49325328840802
K372D,4.49981403589223
K372E,0.175109079047393
K372F,-0.0517238766365796
K372H,2.15524490147309
K372L,1.11896699108735
K372M,-1.1193058950269
K372N,-0.659427203327854
K372P,0.371363733337918
K372R,-0.222973047606692
K372T,11.4267411224841
K372V,-2.48345447656666
K372W,0.0615149988622186
K372Y,4.86824842946228
K373A,1.16694024224914
K373C,1.83313445754365
K373E,-1.67744307030826
K373F,1.46321683147361
K373H,0.735764399627443
K373I,-1.56808512015327
K373L,-0.0179553081867559
K373N,-0.18537355656595
K373P,3.8211645956837
K373T,0.0107984306612481
K374A,-0.749378808982302
K374C,2.5629383250218
K374D,-0.74935378256538
K374F,-0.972406312743831
K374L,13.392406054919
K374M,1.50051721969079
K374N,-0.901468249601065
K374P,0.231288522009436
K374V,-0.333134704273068
K374W,0.309150360969796
K374Y,0.762544591637028
K375C,-0.373218101355338
K375F,0.648537261725981
K375G,4.51071023529331
K375I,13.392406054919
K375L,1.74150077883794
K375M,-1.34132410040441
K375N,-0.190005088946511
K375P,10.7517365888383
K375Q,1.50171009171186
K375R,0.152027285873404
A376C,0.698593554701555
A376E,-0.380474695130737
A376F,0.731411163483243
A376H,0.30136261262741
A376I,2.29925878649793
A376K,-0.381442291671745
A376M,-0.0984610735095663
A376P,-0.55565411144784
A376S,0.935319896605654
A376T,-0.904087763859444
A376V,1.72975969238547
A376W,8.77579783519839
A376Y,0.578975154465735
D377A,0.0633779387401228
D377C,-1.35022832614191
D377E,-1.00668480560592
D377G,0.793775146900065
D377H,-0.170350365549748
D377I,3.20571145908415
D377K,2.95306214362449
D377L,0.170114095153204
D377N,-0.852639900627112
D377Q,7.12027271059342
D377S,1.32624784677221
D377T,2.84937359337394
D377W,-0.572081950232133
D377Y,4.38273350976235
E378A,-1.1515546890942
E378F,0.109790246218545
E378G,3.73512992856688
E378H,-0.175267509169135
E378I,1.50085304085373
E378K,1.23479688545255
E378L,0.28172907131289
E378M,1.00487382163562
E378N,1.17370420152044
E378Q,0.100088821952152
E378R,0.0636622147625337
E378S,-0.547520263099071
T379E,1.04103938488521
T379F,7.53982303342304
T379K,-0.0935373422586734
T379M,2.68537266955191
T379P,0.870716856831184
T379R,-0.730420698674208
T379S,2.43817735209233
T379V,-0.0418103434969932
T379W,0.23909195261499
T379Y,-0.378991827893867
Q380A,1.42831561277142
Q380D,0.576080488877826
Q380G,0.398446686914003
Q380H,2.50304744224179
Q380I,-0.347906742339181
Q380K,1.47118210590379
Q380M,2.39330340263194
Q380S,-0.872873141430278
Q380Y,-0.0883056998527441
A381C,0.855668417573421
A381D,-1.12432943051675
A381E,-0.177978657549077
A381G,-0.70532942089904
A381H,-1.51704287581545
A381K,0.837231416424511
A381M,-0.537676747931011
A381N,0.129417882472374
A381P,-1.74976277041842
A381Q,0.558389628609487
A381T,3.97408942136948
A381V,-0.628416034304483
A381W,0.234721130507224
A381Y,1.62166556098809
L382D,0.318114685056578
L382H,9.23389183453838
L382I,0.673893569496781
L382K,1.99033183493573
L382M,-0.230219388847689
L382N,-0.109205891953111
L382P,-0.687669399185106
L382Q,3.79724473647386
L382S,1.75429176574318
L382T,-0.402827856400784
P383A,3.55079482765225
P383D,1.16711982301811
P383E,-0.561742780883034
P383F,1.99609905488296
P383H,-1.26035180468919
P383I,-0.285451599017041
P383K,1.21226042811888
P383N,1.37972935475366
P383Q,0.164346374481304
P383R,1.06294225809704
P383S,0.0915025489564468
P383T,0.110137823306524
P383W,0.0770145074840104
P383Y,-1.21794410804281
Q384C,2.60226113654596
Q384D,-0.61039947794813
Q384E,-0.448433114769386
Q384G,0.00851510902863715
Q384H,-1.61060225508082
Q384L,-0.345801503602316
Q384N,0.900088256085677
Q384P,0.688058785899451
Q384R,0.197134544455183
Q384T,-0.58898717438531
Q384V,-0.685162584845099
Q384Y,6.34463719059445
R385A,3.01899922926638
R385C,2.06751996671455
R385E,-0.761542231327
R385G,-0.112695733450716
R385H,-0.197350089484977
R385I,1.47532233074211
R385L,1.44456467507989
R385M,-0.286118142378028
R385N,-0.36744881262372
R385P,0.170353324102294
R385Q,-1.89256395443454
R385S,-1.33526035431693
R385T,-0.552875016047353
R385W,-1.14704843572491
R385Y,-0.00808830300003126
Q386C,-0.60856992884826
Q386D,0.442310672502684
Q386E,-2.3662240889474
Q386F,-0.277850464060153
Q386H,2.17933828997752
Q386I,1.80681306239687
Q386K,0.441967787909213
Q386L,-0.177775520882241
Q386M,1.70403181174411
Q386N,0.901011210055916
Q386P,-0.373847118086886
Q386S,2.20012874839768
Q386T,0.12004272099538
Q386V,-0.291727368388474
Q386W,1.83884674265957
Q386Y,-0.523774894091414
K387A,-1.54024311441067
K387D,-2.04371329601758
K387F,3.484325916442
K387G,0.223325378103689
K387I,0.98306649698714
K387L,-0.832542264198909
K387M,2.01780434739368
K387N,-0.471906897768211
K387P,0.628317080175525
K387Q,4.3829994779494
K387R,0.268250655994607
K387T,0.560180551739658
K387V,3.71506773930901
K388D,1.22830553030458
K388E,0.466314590083027
K388F,0.408262237116777
K388H,1.29301446119604
K388I,1.23173611631926
K388M,-1.25837143872146
K388N,0.55166927520416
K388P,-0.0568719079081141
K388Q,-0.654530704829141
K388R,-1.60186495598903
K388W,-0.306605003331223
Q389A,-0.542635735358102
Q389C,-0.839925206066276
Q389D,-0.542361119788792
Q389E,-0.257170453049381
Q389G,1.12148339278974
Q389I,-0.0435082868191305
Q389K,-1.08399812188459
Q389N,2.21162350904825
Q389R,0.225552691042934
Q389S,0.345246246864489
Q389V,-0.810198554232116
Q389W,0.0192477438882967
Q390C,0.0137419767002328
Q390D,-0.169346814926089
Q390E,-1.68446758156625
Q390F,-0.76302053479127
Q390H,0.154009947299966
Q390I,-0.987730954310214
Q390N,-1.39649050513102
Q390P,2.93560939030118
Q390R,-0.115981535842554
Q390S,-0.728834662339163
Q390T,-0.605562543768015
Q390V,-1.05444133504197
Q390W,0.335703184604874
Q390Y,11.0890301005407
T391A,0.781913112707267
T391C,1.6856675978066
T391D,0.64489750907048
T391F,-1.45770115668551
T391I,4.3088132822177
T391K,0.514630060597607
T391L,1.39940066744639
T391M,-0.272312551394786
T391N,1.83145643781877
T391P,1.75401154990388
T391Y,-0.748377711614661
V392A,1.50117552544768
V392C,-1.36705277304454
V392D,2.28280293975178
V392E,0.883740570020185
V392F,-0.345846354165457
V392H,-0.218365132129513
V392M,7.03274751735007
V392Q,2.02561678913388
V392R,0.557217548999653
V392S,2.38690164535857
V392W,0.92465425900172
V392Y,-0.887948805637464
T393A,0.0916452903402946
T393D,1.80418354086963
T393F,2.06136168692914
T393G,-0.718466382790423
T393H,-0.410436683709417
T393I,0.0667002563541352
T393K,0.683790599476369
T393L,-0.747278640955345
T393N,1.58733690432582
T393Q,-0.981876044389736
T393R,2.0017254142265
T393W,4.12212420446606
T393Y,3.80643734906455
L394C,1.15596107849889
L394F,-1.32787832635858
L394G,2.53161355608332
L394I,0.857458608000882
L394K,0.622477173641819
L394M,1.40223074957193
L394N,-1.31511509763662
L394Q,-0.155573987091369
L394R,-0.235623669211232
L394S,1.38105642981825
L394T,0.348088387887851
L394V,0.710651759399781
L395A,0.727065359400201
L395C,0.128694095416066
L395D,6.42312971485906
L395E,13.392406054919
L395F,-0.869957871242105
L395G,0.566641617701448
L395H,-1.20234448024884
L395I,6.34479017901378
L395K,0.464126198877001
L395M,-0.272338343633684
L395N,-0.93121668570903
L395P,0.806334743643309
L395Q,1.49965404849772
L395R,0.569333641065354
L395S,-0.28852328939278
L395T,-0.792306997681754
L395W,-0.569208804685937
L395Y,-0.648383155541608
P396A,0.862781100361725
P396D,0.461799580224746
P396E,-0.463780818468388
P396F,0.0271794966349931
P396G,0.539052416407281
P396H,0.260780545285493
P396I,1.45271720145087
P396L,0.899048517594155
P396M,-0.453844041893485
P396S,-0.451815388779844
P396V,0.530167277306636
P396W,4.39335523309552
P396Y,-0.137187312871336
A397C,-0.576035709411379
A397D,0.693194193967405
A397F,-0.976313930090357
A397G,-1.51308047567003
A397H,-0.269521078081267
A397L,0.0737944717921207
A397M,0.0109900140728886
A397N,-0.0785829722280822
A397P,1.53069367470265
A397Q,-0.448808003728453
A397S,6.73302174471912
A397V,0.175212152498091
A397W,-1.76874541412907
A398D,-0.561512757876609
A398E,-0.692560489554983
A398F,-0.894269922081038
A398I,-0.6548837094218
A398L,1.78690158176499
A398M,0.342725570487824
A398Q,-0.541433055939229
A398R,-0.087491161639022
A398S,0.341974098647703
A398T,-0.240493979889732
A398Y,4.40338518066265
D399E,1.04807827691821
D399H,0.150886147023086
D399I,-0.365973885766343
D399K,0.674828375552536
D399L,-2.02989421341155
D399N,-0.93641094074672
D399R,-0.292562953684235
D399T,0.232736386397262
D399V,1.14185861451343
D399W,0.938230676951838
D399Y,-1.49983405938964
L400A,0.582513457888054
L400C,-0.537305205085706
L400D,0.306408370561422
L400E,0.321372574710957
L400F,0.468187294281229
L400G,-0.533713462463043
L400H,-0.787249111792877
L400I,-1.56587983213683
L400K,0.238377024574768
L400Q,-0.957491351581198
L400R,-0.232464493005519
L400S,1.77411241438198
L400V,1.06449542974741
L400W,1.84126237510062
L400Y,-0.94956714706729
D401C,-1.54418788851645
D401E,0.349277992545975
D401F,0.527788503799599
D401G,2.10905086235078
D401H,-1.51285157822591
D401I,0.0146116222996988
D401M,9.7514964454342
D401N,0.208559796249884
D401Q,0.324364612459145
D401S,4.20261275429336
D401V,0.120778753782876
D401Y,1.38740790883869
D402A,-1.61206326943708
D402C,2.0891088787108
D402E,-0.212279995743039
D402F,-0.373218101355338
D402H,-0.978778145164869
D402I,-0.280123478819456
D402K,-1.03255566048054
D402L,-0.905779802536443
D402P,-0.533868569500448
D402Q,0.00191407388564381
D402R,-1.38107878849518
D402S,-0.654799677067081
D402T,1.69683553667818
D402V,-0.0688786735766983
D402W,2.45557258931658
D402Y,-0.560277824221581
F403A,-0.235983637159006
F403C,-0.870471528834572
F403D,-0.857642122095427
F403E,-0.814550175029388
F403G,-0.689461085555406
F403K,-0.227383369796122
F403L,1.54782842564957
F403M,-1.2191039428974
F403N,-0.221928331083134
F403Q,-1.80996376986637
F403R,1.36804440794038
F403S,0.912005039581514
F403T,-0.627624507258417
F403V,-0.0798518983114332
F403W,-0.335896660540534
F403Y,-0.598243091869024
S404A,-1.40196589025544
S404C,0.720526740816635
S404D,1.35967046078993
S404E,2.16035171545664
S404F,0.543826917262178
S404H,0.190453411701264
S404K,0.771774761228403
S404L,0.309068843436683
S404M,-0.913385255399205
S404N,-0.47299700575655
S404P,1.70155854797761
S404Q,1.1213814252888
S404R,1.97797004563982
S404V,0.0352485277715052
S404W,0.284727616528112
K405A,-0.181671308931476
K405C,-0.845778038313441
K405E,0.064294447502512
K405F,-0.743945898778946
K405G,-0.37815839532426
K405H,-0.467638067812724
K405I,-0.971734756073096
K405L,-0.810198554232116
K405M,-0.137631997762407
K405N,-0.526666157482273
K405P,3.08307942696983
K405R,-0.878403006283809
K405S,-0.234341735623514
K405T,-0.972549474004695
K405V,-0.0867425062152721
K405Y,0.509067518642719
Q406A,2.32189522340056
Q406C,0.212536217150528
Q406E,-0.0629252341046498
Q406F,0.204602354368478
Q406G,-0.66060181998684
Q406I,-0.392639548626016
Q406L,0.527596752461451
Q406P,-0.486054063079984
Q406R,0.824262432596954
Q406S,0.346223604841986
L407C,-0.327792612146581
L407D,2.64515178493614
L407E,-0.796661604000118
L407F,1.10658026195103
L407G,-0.236378686269738
L407H,1.58085394286909
L407I,-0.983437518759284
L407K,0.414231332947561
L407P,0.746709538339307
L407Q,0.88194755308894
L407R,-0.893059068837169
L407T,0.208985137210892
L407V,-0.581130718718133
L407W,-1.86888966662723
L407Y,-0.0432698289950391
Q408D,1.85725450039016
Q408E,0.983674526182818
Q408G,1.39525915712268
Q408I,1.06217111392138
Q408K,1.65250915853909
Q408M,1.21608056398404
Q408P,1.10380663399217
Q408S,0.0629274537659627
Q408T,1.17197794904837
Q408V,-1.6643403456677
Q409D,-1.58500694668885
Q409E,-0.207822216369921
Q409F,-0.565278669573386
Q409G,1.68959003456742
Q409H,0.393539824951814
Q409K,13.392406054919
Q409L,0.473510149085818
Q409N,0.391114811121176
Q409P,0.311949946957218
Q409R,0.26751799364928
Q409S,-0.482618750543202
Q409T,-0.919335802714524
Q409W,4.03562833350631
Q409Y,0.222365428844878
S410A,-0.382829256690653
S410C,-0.274948719559771
S410E,1.21633691198818
S410G,-2.0540319589028
S410I,-1.10533451754239
S410K,-1.16811721815874
S410L,0.927102222454097
S410M,-0.319409478107387
S410Q,0.978651858630652
S410T,-0.618193414538354
S410W,1.52505020366531
S410Y,-0.56024220402374
M411A,0.0155789671015109
M411C,3.65174909063287
M411D,0.759998851176352
M411G,-0.653526501205304
M411H,-0.433628849472881
M411I,9.7514964454342
M411K,-0.611607360289482
M411L,2.0169090008109
M411N,-0.273627846229714
M411Q,-0.331918319629022
M411R,0.0366233467230494
M411S,0.338783937388302
M411T,0.230665695159489
M411V,-0.0704179187073935
M411W,1.94882452099157
M411Y,1.19538493159312
S412A,0.675416964431401
S412C,-0.201691358205264
S412G,0.094235987714521
S412K,-0.236018567476528
S412M,0.40754019151568
S412N,2.62382280431543
S412P,0.083736010586063
S412Q,0.637011938146227
S412T,2.13385183324974
S412V,1.46160704234339
S413C,-0.119100995440666
S413D,-0.18873737489479
S413E,-2.47446094916835
S413F,0.895792306203549
S413G,0.402633516041396
S413I,6.43134514631698
S413K,-0.368606066599061
S413M,-0.696551916130827
S413N,-0.445124561860585
S413R,-1.31473443244427
S413T,-0.243691621308178
S413V,3.92745619619209
A414C,-1.68800465239131
A414D,-2.40525077282207
A414E,-1.23048049688686
A414F,-0.370710197908006
A414I,3.73765200551265
A414K,1.31257985350717
A414L,-0.529766789966254
A414M,-0.707768587811256
A414Q,-0.385480030637332
A414R,0.342647573650764
A414T,3.48695868518518
A414V,4.55937395778259
A414Y,-2.05478565474229
D415A,0.185644394658587
D415C,-0.909357602661616
D415K,0.80139768974726
D415R,0.182160712685663
D415S,-1.62697459294083
D415T,0.648350889933364
D415V,-0.273245983470692
S416C,0.243886388397537
S416D,-0.447906871258372
S416G,-0.764729546143994
S416H,3.06432184843933
S416I,-2.29001611134104
S416K,0.451773221444009
S416M,-0.24926938838923
S416N,0.112596201786923
S416P,0.18604451301338
S416Q,-2.08510463799203
S416R,1.2453943387026
S416T,0.912772902319739
S416V,1.16082481006802
T417C,-0.270220225311965
T417E,0.705599788820035
T417F,-0.757938220965147
T417K,-0.465274102780925
T417L,-0.725591201027768
T417M,0.542218816876027
T417N,0.312243180634612
T417P,1.81741522460229
T417Q,0.80958694580076
T417R,0.489789491255641
T417S,0.129106395375822
T417W,-0.137407453124556
T417Y,3.13100540867241
Q418A,-0.370760575200891
Q418D,-0.553427935400144
Q418E,-0.0382722902658911
Q418F,-0.426418331535763
Q418G,0.851194592174727
Q418K,-1.12346685941338
Q418L,6.18638727477193
Q418M,-0.142111808035678
Q418N,4.67318797973211
Q418R,0.189853758217606
Q418S,-0.279107292356218
Q418T,-1.80117680417064
Q418V,-0.416694068161362
Q418W,-0.979063005515816
A419D,-0.621563317424693
A419F,-0.781633723655608
A419H,-2.33975358208919
A419I,0.609809555531683
A419K,-1.22509765505932
A419L,0.22758233230388
A419M,0.174423696436473
A419N,-1.82497211560635
A419R,-0.428674747123536
A419S,-1.18574818400159
A419V,1.02652186361208
